year,port,mode,species,month,estimateType,estimate
1989,FRANKFORT-ELBERTA,Pier/Dock,Brown Trout,5,Harvest,354
1989,FRANKFORT-ELBERTA,Pier/Dock,Lean Lake Trout,5,Harvest,26
1989,FRANKFORT-ELBERTA,Pier/Dock,,5,Angler Hours,5152
1989,FRANKFORT-ELBERTA,Pier/Dock,Steelhead,5,Harvest,37
1989,FRANKFORT-ELBERTA,Pier/Dock,Brown Trout,6,Harvest,84
1989,FRANKFORT-ELBERTA,Pier/Dock,,6,Angler Hours,1974
1989,FRANKFORT-ELBERTA,Pier/Dock,Steelhead,6,Harvest,95
1989,FRANKFORT-ELBERTA,Pier/Dock,Brown Trout,7,Harvest,150
1989,FRANKFORT-ELBERTA,Pier/Dock,Chinook Salmon,7,Harvest,15
1989,FRANKFORT-ELBERTA,Pier/Dock,Coho Salmon,7,Harvest,10
1989,FRANKFORT-ELBERTA,Pier/Dock,Lean Lake Trout,7,Harvest,108
1989,FRANKFORT-ELBERTA,Pier/Dock,,7,Angler Hours,11724
1989,FRANKFORT-ELBERTA,Pier/Dock,Rockbass,7,Harvest,174
1989,FRANKFORT-ELBERTA,Pier/Dock,Steelhead,7,Harvest,177
1989,FRANKFORT-ELBERTA,Pier/Dock,Yellow Perch,7,Harvest,1881
1989,FRANKFORT-ELBERTA,Pier/Dock,Chinook Salmon,8,Harvest,794
1989,FRANKFORT-ELBERTA,Pier/Dock,Coho Salmon,8,Harvest,352
1989,FRANKFORT-ELBERTA,Pier/Dock,Lean Lake Trout,8,Harvest,264
1989,FRANKFORT-ELBERTA,Pier/Dock,,8,Angler Hours,12586
1989,FRANKFORT-ELBERTA,Pier/Dock,Steelhead,8,Harvest,138
1989,FRANKFORT-ELBERTA,Pier/Dock,Yellow Perch,8,Harvest,38
1989,FRANKFORT-ELBERTA,Pier/Dock,Chinook Salmon,9,Harvest,61
1989,FRANKFORT-ELBERTA,Pier/Dock,Coho Salmon,9,Harvest,40
1989,FRANKFORT-ELBERTA,Pier/Dock,,9,Angler Hours,6168
1989,FRANKFORT-ELBERTA,Pier/Dock,Brown Trout,10,Harvest,10
1989,FRANKFORT-ELBERTA,Pier/Dock,Coho Salmon,10,Harvest,38
1989,FRANKFORT-ELBERTA,Pier/Dock,,10,Angler Hours,4451
1989,FRANKFORT-ELBERTA,Pier/Dock,Round Whitefish,10,Harvest,715
1989,FRANKFORT-ELBERTA,Pier/Dock,Steelhead,10,Harvest,109
1989,FRANKFORT-ELBERTA,Pier/Dock,Yellow Perch,10,Harvest,12
1989,FRANKFORT-ELBERTA,Pier/Dock,Coho Salmon,11,Harvest,58
1989,FRANKFORT-ELBERTA,Pier/Dock,,11,Angler Hours,4020
1989,FRANKFORT-ELBERTA,Pier/Dock,Round Whitefish,11,Harvest,8
1989,FRANKFORT-ELBERTA,Pier/Dock,Steelhead,11,Harvest,218
1990,FRANKFORT-ELBERTA,Pier/Dock,Brown Trout,4,Harvest,212
1990,FRANKFORT-ELBERTA,Pier/Dock,,4,Angler Hours,4449
1990,FRANKFORT-ELBERTA,Pier/Dock,Round Whitefish,4,Harvest,6
1990,FRANKFORT-ELBERTA,Pier/Dock,Steelhead,4,Harvest,127
1990,FRANKFORT-ELBERTA,Pier/Dock,Brown Trout,5,Harvest,148
1990,FRANKFORT-ELBERTA,Pier/Dock,,5,Angler Hours,2391
1990,FRANKFORT-ELBERTA,Pier/Dock,Other,5,Harvest,33
1990,FRANKFORT-ELBERTA,Pier/Dock,Steelhead,5,Harvest,13
1990,FRANKFORT-ELBERTA,Pier/Dock,Yellow Perch,5,Harvest,57
1990,FRANKFORT-ELBERTA,Pier/Dock,Lean Lake Trout,6,Harvest,6
1990,FRANKFORT-ELBERTA,Pier/Dock,,6,Angler Hours,2329
1990,FRANKFORT-ELBERTA,Pier/Dock,Steelhead,6,Harvest,51
1990,FRANKFORT-ELBERTA,Pier/Dock,,7,Angler Hours,10854
1990,FRANKFORT-ELBERTA,Pier/Dock,Steelhead,7,Harvest,649
1990,FRANKFORT-ELBERTA,Pier/Dock,Brown Trout,8,Harvest,9
1990,FRANKFORT-ELBERTA,Pier/Dock,Chinook Salmon,8,Harvest,446
1990,FRANKFORT-ELBERTA,Pier/Dock,Coho Salmon,8,Harvest,47
1990,FRANKFORT-ELBERTA,Pier/Dock,,8,Angler Hours,7708
1990,FRANKFORT-ELBERTA,Pier/Dock,Steelhead,8,Harvest,30
1990,FRANKFORT-ELBERTA,Pier/Dock,Brown Trout,9,Harvest,27
1990,FRANKFORT-ELBERTA,Pier/Dock,Chinook Salmon,9,Harvest,54
1990,FRANKFORT-ELBERTA,Pier/Dock,Coho Salmon,9,Harvest,167
1990,FRANKFORT-ELBERTA,Pier/Dock,,9,Angler Hours,6720
1990,FRANKFORT-ELBERTA,Pier/Dock,Steelhead,9,Harvest,201
1990,FRANKFORT-ELBERTA,Pier/Dock,Coho Salmon,10,Harvest,86
1990,FRANKFORT-ELBERTA,Pier/Dock,,10,Angler Hours,5270
1990,FRANKFORT-ELBERTA,Pier/Dock,Round Whitefish,10,Harvest,1330
1990,FRANKFORT-ELBERTA,Pier/Dock,Steelhead,10,Harvest,170
1990,FRANKFORT-ELBERTA,Pier/Dock,,11,Angler Hours,747
1990,FRANKFORT-ELBERTA,Pier/Dock,Round Whitefish,11,Harvest,74
1990,FRANKFORT-ELBERTA,Pier/Dock,Steelhead,11,Harvest,65
1991,FRANKFORT-ELBERTA,Pier/Dock,Brown Trout,4,Harvest,168
1991,FRANKFORT-ELBERTA,Pier/Dock,,4,Angler Hours,3418
1991,FRANKFORT-ELBERTA,Pier/Dock,Round Whitefish,4,Harvest,22
1991,FRANKFORT-ELBERTA,Pier/Dock,Steelhead,4,Harvest,38
1991,FRANKFORT-ELBERTA,Pier/Dock,Yellow Perch,4,Harvest,241
1991,FRANKFORT-ELBERTA,Pier/Dock,Brown Trout,5,Harvest,427
1991,FRANKFORT-ELBERTA,Pier/Dock,Lean Lake Trout,5,Harvest,15
1991,FRANKFORT-ELBERTA,Pier/Dock,,5,Angler Hours,3019
1991,FRANKFORT-ELBERTA,Pier/Dock,Pink Salmon,5,Harvest,18
1991,FRANKFORT-ELBERTA,Pier/Dock,Steelhead,5,Harvest,82
1991,FRANKFORT-ELBERTA,Pier/Dock,Brown Trout,6,Harvest,59
1991,FRANKFORT-ELBERTA,Pier/Dock,,6,Angler Hours,3051
1991,FRANKFORT-ELBERTA,Pier/Dock,Steelhead,6,Harvest,5
1991,FRANKFORT-ELBERTA,Pier/Dock,Chinook Salmon,7,Harvest,371
1991,FRANKFORT-ELBERTA,Pier/Dock,Lean Lake Trout,7,Harvest,73
1991,FRANKFORT-ELBERTA,Pier/Dock,,7,Angler Hours,7542
1991,FRANKFORT-ELBERTA,Pier/Dock,Steelhead,7,Harvest,280
1991,FRANKFORT-ELBERTA,Pier/Dock,Brown Trout,8,Harvest,138
1991,FRANKFORT-ELBERTA,Pier/Dock,Chinook Salmon,8,Harvest,179
1991,FRANKFORT-ELBERTA,Pier/Dock,Coho Salmon,8,Harvest,145
1991,FRANKFORT-ELBERTA,Pier/Dock,Lean Lake Trout,8,Harvest,16
1991,FRANKFORT-ELBERTA,Pier/Dock,,8,Angler Hours,7359
1991,FRANKFORT-ELBERTA,Pier/Dock,Steelhead,8,Harvest,35
1991,FRANKFORT-ELBERTA,Pier/Dock,Chinook Salmon,9,Harvest,44
1991,FRANKFORT-ELBERTA,Pier/Dock,Coho Salmon,9,Harvest,3
1991,FRANKFORT-ELBERTA,Pier/Dock,,9,Angler Hours,4699
1991,FRANKFORT-ELBERTA,Pier/Dock,Round Whitefish,9,Harvest,54
1991,FRANKFORT-ELBERTA,Pier/Dock,Coho Salmon,10,Harvest,2
1991,FRANKFORT-ELBERTA,Pier/Dock,,10,Angler Hours,4999
1991,FRANKFORT-ELBERTA,Pier/Dock,Round Whitefish,10,Harvest,1159
1991,FRANKFORT-ELBERTA,Pier/Dock,Steelhead,10,Harvest,482
1991,FRANKFORT-ELBERTA,Pier/Dock,,11,Angler Hours,476
1991,FRANKFORT-ELBERTA,Pier/Dock,Round Whitefish,11,Harvest,132
1991,FRANKFORT-ELBERTA,Pier/Dock,Steelhead,11,Harvest,47
1992,FRANKFORT-ELBERTA,Pier/Dock,Brown Trout,4,Harvest,29
1992,FRANKFORT-ELBERTA,Pier/Dock,,4,Angler Hours,1766
1992,FRANKFORT-ELBERTA,Pier/Dock,Round Whitefish,4,Harvest,13
1992,FRANKFORT-ELBERTA,Pier/Dock,Steelhead,4,Harvest,6
1992,FRANKFORT-ELBERTA,Pier/Dock,Brown Trout,5,Harvest,67
1992,FRANKFORT-ELBERTA,Pier/Dock,Chinook Salmon,5,Harvest,5
1992,FRANKFORT-ELBERTA,Pier/Dock,,5,Angler Hours,1573
1992,FRANKFORT-ELBERTA,Pier/Dock,Steelhead,5,Harvest,33
1992,FRANKFORT-ELBERTA,Pier/Dock,,6,Angler Hours,2121
1992,FRANKFORT-ELBERTA,Pier/Dock,Brown Trout,7,Harvest,236
1992,FRANKFORT-ELBERTA,Pier/Dock,Chinook Salmon,7,Harvest,68
1992,FRANKFORT-ELBERTA,Pier/Dock,Lean Lake Trout,7,Harvest,45
1992,FRANKFORT-ELBERTA,Pier/Dock,,7,Angler Hours,8467
1992,FRANKFORT-ELBERTA,Pier/Dock,Round Whitefish,7,Harvest,22
1992,FRANKFORT-ELBERTA,Pier/Dock,Steelhead,7,Harvest,115
1992,FRANKFORT-ELBERTA,Pier/Dock,Yellow Perch,7,Harvest,1044
1992,FRANKFORT-ELBERTA,Pier/Dock,Brown Trout,8,Harvest,184
1992,FRANKFORT-ELBERTA,Pier/Dock,Chinook Salmon,8,Harvest,96
1992,FRANKFORT-ELBERTA,Pier/Dock,Coho Salmon,8,Harvest,113
1992,FRANKFORT-ELBERTA,Pier/Dock,,8,Angler Hours,6337
1992,FRANKFORT-ELBERTA,Pier/Dock,Atlantic Salmon,9,Harvest,1
1992,FRANKFORT-ELBERTA,Pier/Dock,Brown Trout,9,Harvest,4
1992,FRANKFORT-ELBERTA,Pier/Dock,Chinook Salmon,9,Harvest,29
1992,FRANKFORT-ELBERTA,Pier/Dock,Coho Salmon,9,Harvest,90
1992,FRANKFORT-ELBERTA,Pier/Dock,,9,Angler Hours,3597
1992,FRANKFORT-ELBERTA,Pier/Dock,Steelhead,9,Harvest,49
1992,FRANKFORT-ELBERTA,Pier/Dock,Brown Trout,10,Harvest,25
1992,FRANKFORT-ELBERTA,Pier/Dock,Chinook Salmon,10,Harvest,13
1992,FRANKFORT-ELBERTA,Pier/Dock,Common White Sucker,10,Harvest,44
1992,FRANKFORT-ELBERTA,Pier/Dock,,10,Angler Hours,10390
1992,FRANKFORT-ELBERTA,Pier/Dock,Round Whitefish,10,Harvest,1422
1992,FRANKFORT-ELBERTA,Pier/Dock,Steelhead,10,Harvest,555
1993,FRANKFORT-ELBERTA,Pier/Dock,Brown Trout,4,Harvest,202
1993,FRANKFORT-ELBERTA,Pier/Dock,,4,Angler Hours,4290
1993,FRANKFORT-ELBERTA,Pier/Dock,Round Whitefish,4,Harvest,13
1993,FRANKFORT-ELBERTA,Pier/Dock,Steelhead,4,Harvest,47
1993,FRANKFORT-ELBERTA,Pier/Dock,Brown Trout,5,Harvest,146
1993,FRANKFORT-ELBERTA,Pier/Dock,,5,Angler Hours,2606
1993,FRANKFORT-ELBERTA,Pier/Dock,Round Whitefish,5,Harvest,15
1993,FRANKFORT-ELBERTA,Pier/Dock,Steelhead,5,Harvest,17
1993,FRANKFORT-ELBERTA,Pier/Dock,Brown Trout,6,Harvest,362
1993,FRANKFORT-ELBERTA,Pier/Dock,Chinook Salmon,6,Harvest,24
1993,FRANKFORT-ELBERTA,Pier/Dock,Drum,6,Harvest,12
1993,FRANKFORT-ELBERTA,Pier/Dock,,6,Angler Hours,4371
1993,FRANKFORT-ELBERTA,Pier/Dock,Steelhead,6,Harvest,89
1993,FRANKFORT-ELBERTA,Pier/Dock,Brown Trout,7,Harvest,34
1993,FRANKFORT-ELBERTA,Pier/Dock,Chinook Salmon,7,Harvest,108
1993,FRANKFORT-ELBERTA,Pier/Dock,,7,Angler Hours,7367
1993,FRANKFORT-ELBERTA,Pier/Dock,Steelhead,7,Harvest,211
1993,FRANKFORT-ELBERTA,Pier/Dock,Yellow Perch,7,Harvest,872
1993,FRANKFORT-ELBERTA,Pier/Dock,Brown Trout,8,Harvest,13
1993,FRANKFORT-ELBERTA,Pier/Dock,Chinook Salmon,8,Harvest,34
1993,FRANKFORT-ELBERTA,Pier/Dock,Coho Salmon,8,Harvest,11
1993,FRANKFORT-ELBERTA,Pier/Dock,,8,Angler Hours,4184
1993,FRANKFORT-ELBERTA,Pier/Dock,Chinook Salmon,9,Harvest,16
1993,FRANKFORT-ELBERTA,Pier/Dock,Coho Salmon,9,Harvest,61
1993,FRANKFORT-ELBERTA,Pier/Dock,Largemouth Bass,9,Harvest,7
1993,FRANKFORT-ELBERTA,Pier/Dock,,9,Angler Hours,2946
1993,FRANKFORT-ELBERTA,Pier/Dock,Round Whitefish,9,Harvest,14
1993,FRANKFORT-ELBERTA,Pier/Dock,Steelhead,9,Harvest,25
1993,FRANKFORT-ELBERTA,Pier/Dock,Brown Trout,10,Harvest,64
1993,FRANKFORT-ELBERTA,Pier/Dock,Chinook Salmon,10,Harvest,7
1993,FRANKFORT-ELBERTA,Pier/Dock,Coho Salmon,10,Harvest,72
1993,FRANKFORT-ELBERTA,Pier/Dock,Common White Sucker,10,Harvest,16
1993,FRANKFORT-ELBERTA,Pier/Dock,,10,Angler Hours,7984
1993,FRANKFORT-ELBERTA,Pier/Dock,Round Whitefish,10,Harvest,3899
1993,FRANKFORT-ELBERTA,Pier/Dock,Steelhead,10,Harvest,305
1993,FRANKFORT-ELBERTA,Pier/Dock,Yellow Perch,10,Harvest,11
1994,FRANKFORT-ELBERTA,Pier/Dock,Brown Trout,4,Harvest,315
1994,FRANKFORT-ELBERTA,Pier/Dock,Burbot,4,Harvest,0
1994,FRANKFORT-ELBERTA,Pier/Dock,Chinook Salmon,4,Harvest,0
1994,FRANKFORT-ELBERTA,Pier/Dock,Coho Salmon,4,Harvest,0
1994,FRANKFORT-ELBERTA,Pier/Dock,Lean Lake Trout,4,Harvest,0
1994,FRANKFORT-ELBERTA,Pier/Dock,,4,Angler Hours,6551
1994,FRANKFORT-ELBERTA,Pier/Dock,Pink Salmon,4,Harvest,0
1994,FRANKFORT-ELBERTA,Pier/Dock,Round Whitefish,4,Harvest,8
1994,FRANKFORT-ELBERTA,Pier/Dock,Steelhead,4,Harvest,136
1994,FRANKFORT-ELBERTA,Pier/Dock,Yellow Perch,4,Harvest,0
1994,FRANKFORT-ELBERTA,Pier/Dock,Brown Trout,5,Harvest,316
1994,FRANKFORT-ELBERTA,Pier/Dock,Burbot,5,Harvest,84
1994,FRANKFORT-ELBERTA,Pier/Dock,Chinook Salmon,5,Harvest,4
1994,FRANKFORT-ELBERTA,Pier/Dock,Coho Salmon,5,Harvest,0
1994,FRANKFORT-ELBERTA,Pier/Dock,Lean Lake Trout,5,Harvest,21
1994,FRANKFORT-ELBERTA,Pier/Dock,,5,Angler Hours,3596
1994,FRANKFORT-ELBERTA,Pier/Dock,Pink Salmon,5,Harvest,0
1994,FRANKFORT-ELBERTA,Pier/Dock,Round Whitefish,5,Harvest,0
1994,FRANKFORT-ELBERTA,Pier/Dock,Steelhead,5,Harvest,8
1994,FRANKFORT-ELBERTA,Pier/Dock,Yellow Perch,5,Harvest,0
1994,FRANKFORT-ELBERTA,Pier/Dock,Brown Trout,6,Harvest,392
1994,FRANKFORT-ELBERTA,Pier/Dock,Burbot,6,Harvest,24
1994,FRANKFORT-ELBERTA,Pier/Dock,Chinook Salmon,6,Harvest,0
1994,FRANKFORT-ELBERTA,Pier/Dock,Coho Salmon,6,Harvest,7
1994,FRANKFORT-ELBERTA,Pier/Dock,Lean Lake Trout,6,Harvest,13
1994,FRANKFORT-ELBERTA,Pier/Dock,,6,Angler Hours,5469
1994,FRANKFORT-ELBERTA,Pier/Dock,Pink Salmon,6,Harvest,0
1994,FRANKFORT-ELBERTA,Pier/Dock,Round Whitefish,6,Harvest,0
1994,FRANKFORT-ELBERTA,Pier/Dock,Steelhead,6,Harvest,23
1994,FRANKFORT-ELBERTA,Pier/Dock,Yellow Perch,6,Harvest,127
1994,FRANKFORT-ELBERTA,Pier/Dock,Brown Trout,7,Harvest,39
1994,FRANKFORT-ELBERTA,Pier/Dock,Burbot,7,Harvest,0
1994,FRANKFORT-ELBERTA,Pier/Dock,Chinook Salmon,7,Harvest,0
1994,FRANKFORT-ELBERTA,Pier/Dock,Coho Salmon,7,Harvest,0
1994,FRANKFORT-ELBERTA,Pier/Dock,Lean Lake Trout,7,Harvest,0
1994,FRANKFORT-ELBERTA,Pier/Dock,,7,Angler Hours,9209
1994,FRANKFORT-ELBERTA,Pier/Dock,Pink Salmon,7,Harvest,0
1994,FRANKFORT-ELBERTA,Pier/Dock,Round Whitefish,7,Harvest,0
1994,FRANKFORT-ELBERTA,Pier/Dock,Steelhead,7,Harvest,86
1994,FRANKFORT-ELBERTA,Pier/Dock,Yellow Perch,7,Harvest,0
1994,FRANKFORT-ELBERTA,Pier/Dock,Brown Trout,8,Harvest,37
1994,FRANKFORT-ELBERTA,Pier/Dock,Burbot,8,Harvest,0
1994,FRANKFORT-ELBERTA,Pier/Dock,Chinook Salmon,8,Harvest,65
1994,FRANKFORT-ELBERTA,Pier/Dock,Coho Salmon,8,Harvest,0
1994,FRANKFORT-ELBERTA,Pier/Dock,Lean Lake Trout,8,Harvest,0
1994,FRANKFORT-ELBERTA,Pier/Dock,,8,Angler Hours,2550
1994,FRANKFORT-ELBERTA,Pier/Dock,Pink Salmon,8,Harvest,0
1994,FRANKFORT-ELBERTA,Pier/Dock,Round Whitefish,8,Harvest,0
1994,FRANKFORT-ELBERTA,Pier/Dock,Steelhead,8,Harvest,0
1994,FRANKFORT-ELBERTA,Pier/Dock,Yellow Perch,8,Harvest,0
1994,FRANKFORT-ELBERTA,Pier/Dock,Brown Trout,9,Harvest,0
1994,FRANKFORT-ELBERTA,Pier/Dock,Burbot,9,Harvest,0
1994,FRANKFORT-ELBERTA,Pier/Dock,Chinook Salmon,9,Harvest,19
1994,FRANKFORT-ELBERTA,Pier/Dock,Coho Salmon,9,Harvest,52
1994,FRANKFORT-ELBERTA,Pier/Dock,Lean Lake Trout,9,Harvest,0
1994,FRANKFORT-ELBERTA,Pier/Dock,,9,Angler Hours,3186
1994,FRANKFORT-ELBERTA,Pier/Dock,Pink Salmon,9,Harvest,15
1994,FRANKFORT-ELBERTA,Pier/Dock,Round Whitefish,9,Harvest,0
1994,FRANKFORT-ELBERTA,Pier/Dock,Steelhead,9,Harvest,19
1994,FRANKFORT-ELBERTA,Pier/Dock,Yellow Perch,9,Harvest,0
1994,FRANKFORT-ELBERTA,Pier/Dock,Brown Trout,10,Harvest,5
1994,FRANKFORT-ELBERTA,Pier/Dock,Burbot,10,Harvest,0
1994,FRANKFORT-ELBERTA,Pier/Dock,Chinook Salmon,10,Harvest,0
1994,FRANKFORT-ELBERTA,Pier/Dock,Coho Salmon,10,Harvest,37
1994,FRANKFORT-ELBERTA,Pier/Dock,Lean Lake Trout,10,Harvest,0
1994,FRANKFORT-ELBERTA,Pier/Dock,,10,Angler Hours,5225
1994,FRANKFORT-ELBERTA,Pier/Dock,Pink Salmon,10,Harvest,0
1994,FRANKFORT-ELBERTA,Pier/Dock,Round Whitefish,10,Harvest,1281
1994,FRANKFORT-ELBERTA,Pier/Dock,Steelhead,10,Harvest,150
1994,FRANKFORT-ELBERTA,Pier/Dock,Yellow Perch,10,Harvest,0
1995,FRANKFORT-ELBERTA,Pier/Dock,Brown Trout,4,Harvest,84
1995,FRANKFORT-ELBERTA,Pier/Dock,,4,Angler Hours,3405
1995,FRANKFORT-ELBERTA,Pier/Dock,Round Whitefish,4,Harvest,24
1995,FRANKFORT-ELBERTA,Pier/Dock,Steelhead,4,Harvest,247
1995,FRANKFORT-ELBERTA,Pier/Dock,Brown Trout,5,Harvest,68
1995,FRANKFORT-ELBERTA,Pier/Dock,Lean Lake Trout,5,Harvest,5
1995,FRANKFORT-ELBERTA,Pier/Dock,,5,Angler Hours,1675
1995,FRANKFORT-ELBERTA,Pier/Dock,Steelhead,5,Harvest,11
1995,FRANKFORT-ELBERTA,Pier/Dock,Brown Trout,6,Harvest,201
1995,FRANKFORT-ELBERTA,Pier/Dock,,6,Angler Hours,3512
1995,FRANKFORT-ELBERTA,Pier/Dock,Brown Trout,7,Harvest,55
1995,FRANKFORT-ELBERTA,Pier/Dock,,7,Angler Hours,2117
1995,FRANKFORT-ELBERTA,Pier/Dock,Chinook Salmon,8,Harvest,7
1995,FRANKFORT-ELBERTA,Pier/Dock,Lean Lake Trout,8,Harvest,7
1995,FRANKFORT-ELBERTA,Pier/Dock,,8,Angler Hours,1624
1995,FRANKFORT-ELBERTA,Pier/Dock,Brown Trout,9,Harvest,7
1995,FRANKFORT-ELBERTA,Pier/Dock,Chinook Salmon,9,Harvest,57
1995,FRANKFORT-ELBERTA,Pier/Dock,Northern Pike,9,Harvest,22
1995,FRANKFORT-ELBERTA,Pier/Dock,,9,Angler Hours,2380
1995,FRANKFORT-ELBERTA,Pier/Dock,Brown Trout,10,Harvest,3
1995,FRANKFORT-ELBERTA,Pier/Dock,Common White Sucker,10,Harvest,131
1995,FRANKFORT-ELBERTA,Pier/Dock,,10,Angler Hours,4390
1995,FRANKFORT-ELBERTA,Pier/Dock,Round Whitefish,10,Harvest,3809
1995,FRANKFORT-ELBERTA,Pier/Dock,Steelhead,10,Harvest,108
1996,FRANKFORT-ELBERTA,Pier/Dock,Brown Trout,4,Harvest,150
1996,FRANKFORT-ELBERTA,Pier/Dock,,4,Angler Hours,2981
1996,FRANKFORT-ELBERTA,Pier/Dock,Round Whitefish,4,Harvest,199
1996,FRANKFORT-ELBERTA,Pier/Dock,Steelhead,4,Harvest,9
1996,FRANKFORT-ELBERTA,Pier/Dock,Brown Trout,5,Harvest,143
1996,FRANKFORT-ELBERTA,Pier/Dock,Chinook Salmon,5,Harvest,5
1996,FRANKFORT-ELBERTA,Pier/Dock,Lean Lake Trout,5,Harvest,135
1996,FRANKFORT-ELBERTA,Pier/Dock,Northern Pike,5,Harvest,11
1996,FRANKFORT-ELBERTA,Pier/Dock,,5,Angler Hours,2615
1996,FRANKFORT-ELBERTA,Pier/Dock,Steelhead,5,Harvest,67
1996,FRANKFORT-ELBERTA,Pier/Dock,Brown Trout,6,Harvest,45
1996,FRANKFORT-ELBERTA,Pier/Dock,,6,Angler Hours,2039
1996,FRANKFORT-ELBERTA,Pier/Dock,Brown Trout,7,Harvest,25
1996,FRANKFORT-ELBERTA,Pier/Dock,,7,Angler Hours,2196
1996,FRANKFORT-ELBERTA,Pier/Dock,Yellow Perch,7,Harvest,8
1996,FRANKFORT-ELBERTA,Pier/Dock,Chinook Salmon,8,Harvest,48
1996,FRANKFORT-ELBERTA,Pier/Dock,Coho Salmon,8,Harvest,206
1996,FRANKFORT-ELBERTA,Pier/Dock,Common White Sucker,8,Harvest,49
1996,FRANKFORT-ELBERTA,Pier/Dock,,8,Angler Hours,2671
1996,FRANKFORT-ELBERTA,Pier/Dock,Smallmouth Bass,8,Harvest,76
1996,FRANKFORT-ELBERTA,Pier/Dock,Brown Trout,9,Harvest,8
1996,FRANKFORT-ELBERTA,Pier/Dock,Chinook Salmon,9,Harvest,165
1996,FRANKFORT-ELBERTA,Pier/Dock,Coho Salmon,9,Harvest,193
1996,FRANKFORT-ELBERTA,Pier/Dock,Drum,9,Harvest,23
1996,FRANKFORT-ELBERTA,Pier/Dock,,9,Angler Hours,4400
1996,FRANKFORT-ELBERTA,Pier/Dock,Steelhead,9,Harvest,22
1996,FRANKFORT-ELBERTA,Pier/Dock,Brown Trout,10,Harvest,37
1996,FRANKFORT-ELBERTA,Pier/Dock,Chinook Salmon,10,Harvest,1
1996,FRANKFORT-ELBERTA,Pier/Dock,Coho Salmon,10,Harvest,16
1996,FRANKFORT-ELBERTA,Pier/Dock,,10,Angler Hours,6159
1996,FRANKFORT-ELBERTA,Pier/Dock,Round Whitefish,10,Harvest,2195
1996,FRANKFORT-ELBERTA,Pier/Dock,Steelhead,10,Harvest,212
1996,FRANKFORT-ELBERTA,Pier/Dock,Yellow Perch,10,Harvest,14
1997,FRANKFORT-ELBERTA,Pier/Dock,Brown Trout,4,Catch,201
1997,FRANKFORT-ELBERTA,Pier/Dock,Brown Trout,4,Harvest,201
1997,FRANKFORT-ELBERTA,Pier/Dock,Chinook Salmon,4,Catch,18
1997,FRANKFORT-ELBERTA,Pier/Dock,Chinook Salmon,4,Harvest,18
1997,FRANKFORT-ELBERTA,Pier/Dock,Coho Salmon,4,Catch,25
1997,FRANKFORT-ELBERTA,Pier/Dock,Coho Salmon,4,Harvest,25
1997,FRANKFORT-ELBERTA,Pier/Dock,,4,Angler Hours,3865
1997,FRANKFORT-ELBERTA,Pier/Dock,Steelhead,4,Catch,49
1997,FRANKFORT-ELBERTA,Pier/Dock,Steelhead,4,Harvest,49
1997,FRANKFORT-ELBERTA,Pier/Dock,Brown Trout,5,Catch,175
1997,FRANKFORT-ELBERTA,Pier/Dock,Brown Trout,5,Harvest,175
1997,FRANKFORT-ELBERTA,Pier/Dock,,5,Angler Hours,2108
1997,FRANKFORT-ELBERTA,Pier/Dock,Steelhead,5,Catch,48
1997,FRANKFORT-ELBERTA,Pier/Dock,Steelhead,5,Harvest,48
1997,FRANKFORT-ELBERTA,Pier/Dock,Brown Trout,6,Catch,81
1997,FRANKFORT-ELBERTA,Pier/Dock,Brown Trout,6,Harvest,81
1997,FRANKFORT-ELBERTA,Pier/Dock,,6,Angler Hours,3364
1997,FRANKFORT-ELBERTA,Pier/Dock,Brown Trout,7,Catch,87
1997,FRANKFORT-ELBERTA,Pier/Dock,Brown Trout,7,Harvest,87
1997,FRANKFORT-ELBERTA,Pier/Dock,,7,Angler Hours,2367
1997,FRANKFORT-ELBERTA,Pier/Dock,Brown Trout,8,Catch,189
1997,FRANKFORT-ELBERTA,Pier/Dock,Brown Trout,8,Harvest,189
1997,FRANKFORT-ELBERTA,Pier/Dock,Coho Salmon,8,Catch,36
1997,FRANKFORT-ELBERTA,Pier/Dock,Coho Salmon,8,Harvest,36
1997,FRANKFORT-ELBERTA,Pier/Dock,Lean Lake Trout,8,Catch,42
1997,FRANKFORT-ELBERTA,Pier/Dock,Lean Lake Trout,8,Harvest,42
1997,FRANKFORT-ELBERTA,Pier/Dock,,8,Angler Hours,4556
1997,FRANKFORT-ELBERTA,Pier/Dock,Steelhead,8,Catch,22
1997,FRANKFORT-ELBERTA,Pier/Dock,Steelhead,8,Harvest,22
1997,FRANKFORT-ELBERTA,Pier/Dock,Chinook Salmon,9,Catch,191
1997,FRANKFORT-ELBERTA,Pier/Dock,Chinook Salmon,9,Harvest,191
1997,FRANKFORT-ELBERTA,Pier/Dock,Coho Salmon,9,Catch,240
1997,FRANKFORT-ELBERTA,Pier/Dock,Coho Salmon,9,Harvest,240
1997,FRANKFORT-ELBERTA,Pier/Dock,,9,Angler Hours,4590
1997,FRANKFORT-ELBERTA,Pier/Dock,Coho Salmon,10,Catch,11
1997,FRANKFORT-ELBERTA,Pier/Dock,Coho Salmon,10,Harvest,11
1997,FRANKFORT-ELBERTA,Pier/Dock,,10,Angler Hours,5366
1997,FRANKFORT-ELBERTA,Pier/Dock,Steelhead,10,Catch,232
1997,FRANKFORT-ELBERTA,Pier/Dock,Steelhead,10,Harvest,232
1998,FRANKFORT-ELBERTA,Pier/Dock,Brown Trout,4,Catch,160
1998,FRANKFORT-ELBERTA,Pier/Dock,Brown Trout,4,Harvest,160
1998,FRANKFORT-ELBERTA,Pier/Dock,,4,Angler Hours,5179
1998,FRANKFORT-ELBERTA,Pier/Dock,Steelhead,4,Catch,21
1998,FRANKFORT-ELBERTA,Pier/Dock,Steelhead,4,Harvest,21
1998,FRANKFORT-ELBERTA,Pier/Dock,Brown Trout,5,Catch,132
1998,FRANKFORT-ELBERTA,Pier/Dock,Brown Trout,5,Harvest,132
1998,FRANKFORT-ELBERTA,Pier/Dock,,5,Angler Hours,1292
1998,FRANKFORT-ELBERTA,Pier/Dock,Steelhead,5,Catch,16
1998,FRANKFORT-ELBERTA,Pier/Dock,Steelhead,5,Harvest,16
1998,FRANKFORT-ELBERTA,Pier/Dock,Brown Trout,6,Catch,152
1998,FRANKFORT-ELBERTA,Pier/Dock,Brown Trout,6,Harvest,152
1998,FRANKFORT-ELBERTA,Pier/Dock,,6,Angler Hours,1219
1998,FRANKFORT-ELBERTA,Pier/Dock,,7,Angler Hours,3528
1998,FRANKFORT-ELBERTA,Pier/Dock,Coho Salmon,8,Catch,74
1998,FRANKFORT-ELBERTA,Pier/Dock,Coho Salmon,8,Harvest,74
1998,FRANKFORT-ELBERTA,Pier/Dock,,8,Angler Hours,1972
1998,FRANKFORT-ELBERTA,Pier/Dock,Chinook Salmon,9,Catch,75
1998,FRANKFORT-ELBERTA,Pier/Dock,Chinook Salmon,9,Harvest,75
1998,FRANKFORT-ELBERTA,Pier/Dock,Coho Salmon,9,Catch,220
1998,FRANKFORT-ELBERTA,Pier/Dock,Coho Salmon,9,Harvest,220
1998,FRANKFORT-ELBERTA,Pier/Dock,,9,Angler Hours,3648
1998,FRANKFORT-ELBERTA,Pier/Dock,Coho Salmon,10,Catch,9
1998,FRANKFORT-ELBERTA,Pier/Dock,Coho Salmon,10,Harvest,9
1998,FRANKFORT-ELBERTA,Pier/Dock,,10,Angler Hours,5271
1998,FRANKFORT-ELBERTA,Pier/Dock,Steelhead,10,Catch,252
1998,FRANKFORT-ELBERTA,Pier/Dock,Steelhead,10,Harvest,252
1999,FRANKFORT-ELBERTA,Pier/Dock,Brown Trout,4,Catch,264
1999,FRANKFORT-ELBERTA,Pier/Dock,Brown Trout,4,Harvest,264
1999,FRANKFORT-ELBERTA,Pier/Dock,,4,Angler Hours,2605
1999,FRANKFORT-ELBERTA,Pier/Dock,Brown Trout,5,Catch,49
1999,FRANKFORT-ELBERTA,Pier/Dock,Brown Trout,5,Harvest,49
1999,FRANKFORT-ELBERTA,Pier/Dock,,5,Angler Hours,971
1999,FRANKFORT-ELBERTA,Pier/Dock,Brown Trout,6,Catch,82
1999,FRANKFORT-ELBERTA,Pier/Dock,,6,Angler Hours,614
1999,FRANKFORT-ELBERTA,Pier/Dock,,7,Angler Hours,1352
1999,FRANKFORT-ELBERTA,Pier/Dock,Brown Trout,8,Catch,50
1999,FRANKFORT-ELBERTA,Pier/Dock,Brown Trout,8,Harvest,26
1999,FRANKFORT-ELBERTA,Pier/Dock,Chinook Salmon,8,Catch,138
1999,FRANKFORT-ELBERTA,Pier/Dock,Chinook Salmon,8,Harvest,113
1999,FRANKFORT-ELBERTA,Pier/Dock,Coho Salmon,8,Catch,26
1999,FRANKFORT-ELBERTA,Pier/Dock,Coho Salmon,8,Harvest,26
1999,FRANKFORT-ELBERTA,Pier/Dock,Drum,8,Catch,34
1999,FRANKFORT-ELBERTA,Pier/Dock,Drum,8,Harvest,34
1999,FRANKFORT-ELBERTA,Pier/Dock,,8,Angler Hours,2525
1999,FRANKFORT-ELBERTA,Pier/Dock,Brown Trout,9,Catch,80
1999,FRANKFORT-ELBERTA,Pier/Dock,Brown Trout,9,Harvest,13
1999,FRANKFORT-ELBERTA,Pier/Dock,Chinook Salmon,9,Catch,680
1999,FRANKFORT-ELBERTA,Pier/Dock,Chinook Salmon,9,Harvest,79
1999,FRANKFORT-ELBERTA,Pier/Dock,,9,Angler Hours,4373
1999,FRANKFORT-ELBERTA,Pier/Dock,Steelhead,9,Catch,669
1999,FRANKFORT-ELBERTA,Pier/Dock,Steelhead,9,Harvest,445
1999,FRANKFORT-ELBERTA,Pier/Dock,Brown Trout,10,Catch,91
1999,FRANKFORT-ELBERTA,Pier/Dock,Brown Trout,10,Harvest,66
1999,FRANKFORT-ELBERTA,Pier/Dock,Chinook Salmon,10,Catch,29
1999,FRANKFORT-ELBERTA,Pier/Dock,Chinook Salmon,10,Harvest,9
1999,FRANKFORT-ELBERTA,Pier/Dock,Common White Sucker,10,Catch,20
1999,FRANKFORT-ELBERTA,Pier/Dock,Common White Sucker,10,Harvest,20
1999,FRANKFORT-ELBERTA,Pier/Dock,Lean Lake Trout,10,Catch,65
1999,FRANKFORT-ELBERTA,Pier/Dock,,10,Angler Hours,7305
1999,FRANKFORT-ELBERTA,Pier/Dock,Round Whitefish,10,Catch,1768
1999,FRANKFORT-ELBERTA,Pier/Dock,Round Whitefish,10,Harvest,1768
1999,FRANKFORT-ELBERTA,Pier/Dock,Steelhead,10,Catch,738
1999,FRANKFORT-ELBERTA,Pier/Dock,Steelhead,10,Harvest,625
2000,FRANKFORT-ELBERTA,Pier/Dock,Brown Trout,4,Catch,509
2000,FRANKFORT-ELBERTA,Pier/Dock,Brown Trout,4,Harvest,426
2000,FRANKFORT-ELBERTA,Pier/Dock,,4,Angler Hours,3081
2000,FRANKFORT-ELBERTA,Pier/Dock,Steelhead,4,Catch,23
2000,FRANKFORT-ELBERTA,Pier/Dock,Steelhead,4,Harvest,23
2000,FRANKFORT-ELBERTA,Pier/Dock,Brown Trout,5,Catch,405
2000,FRANKFORT-ELBERTA,Pier/Dock,Brown Trout,5,Harvest,382
2000,FRANKFORT-ELBERTA,Pier/Dock,Lean Lake Trout,5,Catch,7
2000,FRANKFORT-ELBERTA,Pier/Dock,Lean Lake Trout,5,Harvest,7
2000,FRANKFORT-ELBERTA,Pier/Dock,,5,Angler Hours,1699
2000,FRANKFORT-ELBERTA,Pier/Dock,Steelhead,5,Catch,7
2000,FRANKFORT-ELBERTA,Pier/Dock,Brown Trout,6,Catch,567
2000,FRANKFORT-ELBERTA,Pier/Dock,Brown Trout,6,Harvest,403
2000,FRANKFORT-ELBERTA,Pier/Dock,,6,Angler Hours,2330
2000,FRANKFORT-ELBERTA,Pier/Dock,Steelhead,6,Catch,5
2000,FRANKFORT-ELBERTA,Pier/Dock,Steelhead,6,Harvest,5
2000,FRANKFORT-ELBERTA,Pier/Dock,Brown Trout,7,Catch,153
2000,FRANKFORT-ELBERTA,Pier/Dock,Brown Trout,7,Harvest,79
2000,FRANKFORT-ELBERTA,Pier/Dock,Coho Salmon,7,Catch,27
2000,FRANKFORT-ELBERTA,Pier/Dock,Coho Salmon,7,Harvest,21
2000,FRANKFORT-ELBERTA,Pier/Dock,Lean Lake Trout,7,Catch,6
2000,FRANKFORT-ELBERTA,Pier/Dock,,7,Angler Hours,1859
2000,FRANKFORT-ELBERTA,Pier/Dock,Steelhead,7,Catch,12
2000,FRANKFORT-ELBERTA,Pier/Dock,Lean Lake Trout,8,Catch,254
2000,FRANKFORT-ELBERTA,Pier/Dock,,8,Angler Hours,2777
2000,FRANKFORT-ELBERTA,Pier/Dock,Other,8,Catch,85
2000,FRANKFORT-ELBERTA,Pier/Dock,Other,8,Harvest,85
2000,FRANKFORT-ELBERTA,Pier/Dock,Rockbass,8,Catch,590
2000,FRANKFORT-ELBERTA,Pier/Dock,Rockbass,8,Harvest,590
2000,FRANKFORT-ELBERTA,Pier/Dock,Chinook Salmon,9,Catch,11
2000,FRANKFORT-ELBERTA,Pier/Dock,Chinook Salmon,9,Harvest,11
2000,FRANKFORT-ELBERTA,Pier/Dock,Coho Salmon,9,Catch,55
2000,FRANKFORT-ELBERTA,Pier/Dock,Coho Salmon,9,Harvest,55
2000,FRANKFORT-ELBERTA,Pier/Dock,,9,Angler Hours,2477
2000,FRANKFORT-ELBERTA,Pier/Dock,Coho Salmon,10,Catch,25
2000,FRANKFORT-ELBERTA,Pier/Dock,Coho Salmon,10,Harvest,25
2000,FRANKFORT-ELBERTA,Pier/Dock,Lean Lake Trout,10,Catch,20
2000,FRANKFORT-ELBERTA,Pier/Dock,,10,Angler Hours,5878
2000,FRANKFORT-ELBERTA,Pier/Dock,Round Whitefish,10,Catch,1573
2000,FRANKFORT-ELBERTA,Pier/Dock,Round Whitefish,10,Harvest,1573
2000,FRANKFORT-ELBERTA,Pier/Dock,Steelhead,10,Catch,452
2000,FRANKFORT-ELBERTA,Pier/Dock,Steelhead,10,Harvest,331
2001,FRANKFORT-ELBERTA,Pier/Dock,Brown Trout,4,Catch,515
2001,FRANKFORT-ELBERTA,Pier/Dock,Brown Trout,4,Harvest,402
2001,FRANKFORT-ELBERTA,Pier/Dock,,4,Angler Hours,3836
2001,FRANKFORT-ELBERTA,Pier/Dock,Steelhead,4,Catch,169
2001,FRANKFORT-ELBERTA,Pier/Dock,Steelhead,4,Harvest,90
2001,FRANKFORT-ELBERTA,Pier/Dock,,5,Angler Hours,1295
2001,FRANKFORT-ELBERTA,Pier/Dock,Rockbass,5,Catch,1222
2001,FRANKFORT-ELBERTA,Pier/Dock,Rockbass,5,Harvest,1222
2001,FRANKFORT-ELBERTA,Pier/Dock,Yellow Perch,5,Catch,56
2001,FRANKFORT-ELBERTA,Pier/Dock,Yellow Perch,5,Harvest,56
2001,FRANKFORT-ELBERTA,Pier/Dock,,6,Angler Hours,313
2001,FRANKFORT-ELBERTA,Pier/Dock,Steelhead,6,Catch,21
2001,FRANKFORT-ELBERTA,Pier/Dock,Steelhead,6,Harvest,21
2001,FRANKFORT-ELBERTA,Pier/Dock,,7,Angler Hours,1026
2001,FRANKFORT-ELBERTA,Pier/Dock,Brown Trout,8,Catch,195
2001,FRANKFORT-ELBERTA,Pier/Dock,Brown Trout,8,Harvest,195
2001,FRANKFORT-ELBERTA,Pier/Dock,,8,Angler Hours,1717
2001,FRANKFORT-ELBERTA,Pier/Dock,Chinook Salmon,9,Catch,361
2001,FRANKFORT-ELBERTA,Pier/Dock,Chinook Salmon,9,Harvest,361
2001,FRANKFORT-ELBERTA,Pier/Dock,,9,Angler Hours,1636
2001,FRANKFORT-ELBERTA,Pier/Dock,Brown Trout,10,Catch,25
2001,FRANKFORT-ELBERTA,Pier/Dock,Brown Trout,10,Harvest,25
2001,FRANKFORT-ELBERTA,Pier/Dock,Coho Salmon,10,Catch,33
2001,FRANKFORT-ELBERTA,Pier/Dock,Coho Salmon,10,Harvest,27
2001,FRANKFORT-ELBERTA,Pier/Dock,,10,Angler Hours,5122
2001,FRANKFORT-ELBERTA,Pier/Dock,Round Whitefish,10,Catch,756
2001,FRANKFORT-ELBERTA,Pier/Dock,Round Whitefish,10,Harvest,756
2001,FRANKFORT-ELBERTA,Pier/Dock,Steelhead,10,Catch,523
2001,FRANKFORT-ELBERTA,Pier/Dock,Steelhead,10,Harvest,403
2002,FRANKFORT-ELBERTA,Pier/Dock,Brook Trout,4,Catch,30
2002,FRANKFORT-ELBERTA,Pier/Dock,Brook Trout,4,Harvest,30
2002,FRANKFORT-ELBERTA,Pier/Dock,Brown Trout,4,Catch,516
2002,FRANKFORT-ELBERTA,Pier/Dock,Brown Trout,4,Harvest,496
2002,FRANKFORT-ELBERTA,Pier/Dock,Coho Salmon,4,Catch,4
2002,FRANKFORT-ELBERTA,Pier/Dock,Coho Salmon,4,Harvest,4
2002,FRANKFORT-ELBERTA,Pier/Dock,Northern Pike,4,Catch,7
2002,FRANKFORT-ELBERTA,Pier/Dock,,4,Angler Hours,4716
2002,FRANKFORT-ELBERTA,Pier/Dock,Steelhead,4,Catch,195
2002,FRANKFORT-ELBERTA,Pier/Dock,Steelhead,4,Harvest,195
2002,FRANKFORT-ELBERTA,Pier/Dock,Brown Trout,5,Catch,139
2002,FRANKFORT-ELBERTA,Pier/Dock,Brown Trout,5,Harvest,139
2002,FRANKFORT-ELBERTA,Pier/Dock,Chinook Salmon,5,Catch,6
2002,FRANKFORT-ELBERTA,Pier/Dock,Chinook Salmon,5,Harvest,6
2002,FRANKFORT-ELBERTA,Pier/Dock,Northern Pike,5,Catch,11
2002,FRANKFORT-ELBERTA,Pier/Dock,,5,Angler Hours,1147
2002,FRANKFORT-ELBERTA,Pier/Dock,Round Whitefish,5,Catch,3
2002,FRANKFORT-ELBERTA,Pier/Dock,Round Whitefish,5,Harvest,3
2002,FRANKFORT-ELBERTA,Pier/Dock,Steelhead,5,Catch,3
2002,FRANKFORT-ELBERTA,Pier/Dock,Steelhead,5,Harvest,3
2002,FRANKFORT-ELBERTA,Pier/Dock,Brown Trout,6,Catch,633
2002,FRANKFORT-ELBERTA,Pier/Dock,Brown Trout,6,Harvest,422
2002,FRANKFORT-ELBERTA,Pier/Dock,Chinook Salmon,6,Catch,7
2002,FRANKFORT-ELBERTA,Pier/Dock,Chinook Salmon,6,Harvest,7
2002,FRANKFORT-ELBERTA,Pier/Dock,Coho Salmon,6,Catch,7
2002,FRANKFORT-ELBERTA,Pier/Dock,Coho Salmon,6,Harvest,7
2002,FRANKFORT-ELBERTA,Pier/Dock,Lean Lake Trout,6,Catch,18
2002,FRANKFORT-ELBERTA,Pier/Dock,Lean Lake Trout,6,Harvest,18
2002,FRANKFORT-ELBERTA,Pier/Dock,,6,Angler Hours,2443
2002,FRANKFORT-ELBERTA,Pier/Dock,Steelhead,6,Catch,106
2002,FRANKFORT-ELBERTA,Pier/Dock,Steelhead,6,Harvest,93
2002,FRANKFORT-ELBERTA,Pier/Dock,Brown Trout,7,Catch,215
2002,FRANKFORT-ELBERTA,Pier/Dock,Brown Trout,7,Harvest,125
2002,FRANKFORT-ELBERTA,Pier/Dock,Chinook Salmon,7,Catch,30
2002,FRANKFORT-ELBERTA,Pier/Dock,Chinook Salmon,7,Harvest,30
2002,FRANKFORT-ELBERTA,Pier/Dock,,7,Angler Hours,1603
2002,FRANKFORT-ELBERTA,Pier/Dock,Steelhead,7,Catch,87
2002,FRANKFORT-ELBERTA,Pier/Dock,Steelhead,7,Harvest,57
2002,FRANKFORT-ELBERTA,Pier/Dock,,8,Angler Hours,1707
2002,FRANKFORT-ELBERTA,Pier/Dock,Chinook Salmon,9,Catch,47
2002,FRANKFORT-ELBERTA,Pier/Dock,Chinook Salmon,9,Harvest,47
2002,FRANKFORT-ELBERTA,Pier/Dock,Coho Salmon,9,Catch,106
2002,FRANKFORT-ELBERTA,Pier/Dock,Coho Salmon,9,Harvest,106
2002,FRANKFORT-ELBERTA,Pier/Dock,Northern Pike,9,Catch,8
2002,FRANKFORT-ELBERTA,Pier/Dock,Northern Pike,9,Harvest,8
2002,FRANKFORT-ELBERTA,Pier/Dock,,9,Angler Hours,2384
2002,FRANKFORT-ELBERTA,Pier/Dock,Brown Trout,10,Catch,16
2002,FRANKFORT-ELBERTA,Pier/Dock,Brown Trout,10,Harvest,16
2002,FRANKFORT-ELBERTA,Pier/Dock,Coho Salmon,10,Catch,5
2002,FRANKFORT-ELBERTA,Pier/Dock,Coho Salmon,10,Harvest,5
2002,FRANKFORT-ELBERTA,Pier/Dock,,10,Angler Hours,2508
2002,FRANKFORT-ELBERTA,Pier/Dock,Steelhead,10,Catch,33
2002,FRANKFORT-ELBERTA,Pier/Dock,Steelhead,10,Harvest,33
2003,FRANKFORT-ELBERTA,Pier/Dock,Brown Trout,4,Catch,104
2003,FRANKFORT-ELBERTA,Pier/Dock,Brown Trout,4,Harvest,98
2003,FRANKFORT-ELBERTA,Pier/Dock,,4,Angler Hours,2390
2003,FRANKFORT-ELBERTA,Pier/Dock,Brown Trout,5,Catch,88
2003,FRANKFORT-ELBERTA,Pier/Dock,Brown Trout,5,Harvest,88
2003,FRANKFORT-ELBERTA,Pier/Dock,,5,Angler Hours,481
2003,FRANKFORT-ELBERTA,Pier/Dock,Brown Trout,6,Catch,166
2003,FRANKFORT-ELBERTA,Pier/Dock,Brown Trout,6,Harvest,156
2003,FRANKFORT-ELBERTA,Pier/Dock,,6,Angler Hours,536
2003,FRANKFORT-ELBERTA,Pier/Dock,Brown Trout,7,Catch,4
2003,FRANKFORT-ELBERTA,Pier/Dock,Brown Trout,7,Harvest,4
2003,FRANKFORT-ELBERTA,Pier/Dock,,7,Angler Hours,215
2003,FRANKFORT-ELBERTA,Pier/Dock,Chinook Salmon,8,Catch,134
2003,FRANKFORT-ELBERTA,Pier/Dock,Chinook Salmon,8,Harvest,134
2003,FRANKFORT-ELBERTA,Pier/Dock,,8,Angler Hours,2550
2003,FRANKFORT-ELBERTA,Pier/Dock,Chinook Salmon,9,Catch,201
2003,FRANKFORT-ELBERTA,Pier/Dock,Chinook Salmon,9,Harvest,180
2003,FRANKFORT-ELBERTA,Pier/Dock,Coho Salmon,9,Catch,35
2003,FRANKFORT-ELBERTA,Pier/Dock,Coho Salmon,9,Harvest,35
2003,FRANKFORT-ELBERTA,Pier/Dock,,9,Angler Hours,2568
2003,FRANKFORT-ELBERTA,Pier/Dock,Steelhead,9,Catch,16
2003,FRANKFORT-ELBERTA,Pier/Dock,Steelhead,9,Harvest,16
2003,FRANKFORT-ELBERTA,Pier/Dock,Brown Trout,10,Catch,5
2003,FRANKFORT-ELBERTA,Pier/Dock,Lean Lake Trout,10,Catch,4
2003,FRANKFORT-ELBERTA,Pier/Dock,,10,Angler Hours,2412
2003,FRANKFORT-ELBERTA,Pier/Dock,Round Whitefish,10,Catch,29
2003,FRANKFORT-ELBERTA,Pier/Dock,Round Whitefish,10,Harvest,29
2003,FRANKFORT-ELBERTA,Pier/Dock,Steelhead,10,Catch,233
2003,FRANKFORT-ELBERTA,Pier/Dock,Steelhead,10,Harvest,130
2004,FRANKFORT-ELBERTA,Pier/Dock,Brown Trout,4,Catch,57
2004,FRANKFORT-ELBERTA,Pier/Dock,Brown Trout,4,Harvest,57
2004,FRANKFORT-ELBERTA,Pier/Dock,,4,Angler Hours,1500
2004,FRANKFORT-ELBERTA,Pier/Dock,Steelhead,4,Catch,30
2004,FRANKFORT-ELBERTA,Pier/Dock,Steelhead,4,Harvest,30
2004,FRANKFORT-ELBERTA,Pier/Dock,Brown Trout,5,Catch,96
2004,FRANKFORT-ELBERTA,Pier/Dock,Brown Trout,5,Harvest,66
2004,FRANKFORT-ELBERTA,Pier/Dock,,5,Angler Hours,1123
2004,FRANKFORT-ELBERTA,Pier/Dock,,6,Angler Hours,288
2004,FRANKFORT-ELBERTA,Pier/Dock,Chinook Salmon,7,Catch,234
2004,FRANKFORT-ELBERTA,Pier/Dock,Chinook Salmon,7,Harvest,234
2004,FRANKFORT-ELBERTA,Pier/Dock,,7,Angler Hours,1788
2004,FRANKFORT-ELBERTA,Pier/Dock,Steelhead,7,Catch,61
2004,FRANKFORT-ELBERTA,Pier/Dock,Steelhead,7,Harvest,61
2004,FRANKFORT-ELBERTA,Pier/Dock,Chinook Salmon,8,Catch,228
2004,FRANKFORT-ELBERTA,Pier/Dock,Chinook Salmon,8,Harvest,228
2004,FRANKFORT-ELBERTA,Pier/Dock,Coho Salmon,8,Catch,34
2004,FRANKFORT-ELBERTA,Pier/Dock,Coho Salmon,8,Harvest,34
2004,FRANKFORT-ELBERTA,Pier/Dock,,8,Angler Hours,2800
2004,FRANKFORT-ELBERTA,Pier/Dock,Brown Trout,9,Catch,13
2004,FRANKFORT-ELBERTA,Pier/Dock,Chinook Salmon,9,Catch,143
2004,FRANKFORT-ELBERTA,Pier/Dock,Chinook Salmon,9,Harvest,143
2004,FRANKFORT-ELBERTA,Pier/Dock,Coho Salmon,9,Catch,83
2004,FRANKFORT-ELBERTA,Pier/Dock,Coho Salmon,9,Harvest,72
2004,FRANKFORT-ELBERTA,Pier/Dock,,9,Angler Hours,1826
2004,FRANKFORT-ELBERTA,Pier/Dock,Steelhead,9,Catch,11
2004,FRANKFORT-ELBERTA,Pier/Dock,Steelhead,9,Harvest,11
2004,FRANKFORT-ELBERTA,Pier/Dock,Chinook Salmon,10,Catch,7
2004,FRANKFORT-ELBERTA,Pier/Dock,Chinook Salmon,10,Harvest,2
2004,FRANKFORT-ELBERTA,Pier/Dock,Coho Salmon,10,Catch,34
2004,FRANKFORT-ELBERTA,Pier/Dock,Coho Salmon,10,Harvest,12
2004,FRANKFORT-ELBERTA,Pier/Dock,Lean Lake Trout,10,Catch,222
2004,FRANKFORT-ELBERTA,Pier/Dock,,10,Angler Hours,2992
2004,FRANKFORT-ELBERTA,Pier/Dock,Round Whitefish,10,Catch,320
2004,FRANKFORT-ELBERTA,Pier/Dock,Round Whitefish,10,Harvest,320
2004,FRANKFORT-ELBERTA,Pier/Dock,Steelhead,10,Catch,331
2004,FRANKFORT-ELBERTA,Pier/Dock,Steelhead,10,Harvest,282
2005,FRANKFORT-ELBERTA,Pier/Dock,Brown Trout,4,Catch,119
2005,FRANKFORT-ELBERTA,Pier/Dock,Brown Trout,4,Harvest,119
2005,FRANKFORT-ELBERTA,Pier/Dock,Lean Lake Trout,4,Catch,46
2005,FRANKFORT-ELBERTA,Pier/Dock,,4,Angler Hours,3452
2005,FRANKFORT-ELBERTA,Pier/Dock,Steelhead,4,Catch,42
2005,FRANKFORT-ELBERTA,Pier/Dock,Steelhead,4,Harvest,42
2005,FRANKFORT-ELBERTA,Pier/Dock,Brown Trout,5,Catch,115
2005,FRANKFORT-ELBERTA,Pier/Dock,Brown Trout,5,Harvest,74
2005,FRANKFORT-ELBERTA,Pier/Dock,Chinook Salmon,5,Catch,5
2005,FRANKFORT-ELBERTA,Pier/Dock,,5,Angler Hours,628
2005,FRANKFORT-ELBERTA,Pier/Dock,Steelhead,5,Catch,29
2005,FRANKFORT-ELBERTA,Pier/Dock,Steelhead,5,Harvest,29
2005,FRANKFORT-ELBERTA,Pier/Dock,Brown Trout,6,Catch,101
2005,FRANKFORT-ELBERTA,Pier/Dock,Brown Trout,6,Harvest,45
2005,FRANKFORT-ELBERTA,Pier/Dock,Drum,6,Catch,7
2005,FRANKFORT-ELBERTA,Pier/Dock,Drum,6,Harvest,7
2005,FRANKFORT-ELBERTA,Pier/Dock,Lake Whitefish,6,Catch,7
2005,FRANKFORT-ELBERTA,Pier/Dock,Lake Whitefish,6,Harvest,7
2005,FRANKFORT-ELBERTA,Pier/Dock,,6,Angler Hours,924
2005,FRANKFORT-ELBERTA,Pier/Dock,Other,6,Catch,548
2005,FRANKFORT-ELBERTA,Pier/Dock,Other,6,Harvest,548
2005,FRANKFORT-ELBERTA,Pier/Dock,Smallmouth Bass,6,Catch,56
2005,FRANKFORT-ELBERTA,Pier/Dock,Smallmouth Bass,6,Harvest,56
2005,FRANKFORT-ELBERTA,Pier/Dock,Steelhead,6,Catch,64
2005,FRANKFORT-ELBERTA,Pier/Dock,Steelhead,6,Harvest,64
2005,FRANKFORT-ELBERTA,Pier/Dock,Chinook Salmon,7,Catch,266
2005,FRANKFORT-ELBERTA,Pier/Dock,Chinook Salmon,7,Harvest,266
2005,FRANKFORT-ELBERTA,Pier/Dock,,7,Angler Hours,2627
2005,FRANKFORT-ELBERTA,Pier/Dock,Steelhead,7,Catch,14
2005,FRANKFORT-ELBERTA,Pier/Dock,Steelhead,7,Harvest,14
2005,FRANKFORT-ELBERTA,Pier/Dock,Brown Trout,8,Catch,47
2005,FRANKFORT-ELBERTA,Pier/Dock,Brown Trout,8,Harvest,47
2005,FRANKFORT-ELBERTA,Pier/Dock,Chinook Salmon,8,Catch,124
2005,FRANKFORT-ELBERTA,Pier/Dock,Chinook Salmon,8,Harvest,124
2005,FRANKFORT-ELBERTA,Pier/Dock,,8,Angler Hours,2652
2005,FRANKFORT-ELBERTA,Pier/Dock,Steelhead,8,Catch,47
2005,FRANKFORT-ELBERTA,Pier/Dock,Steelhead,8,Harvest,47
2005,FRANKFORT-ELBERTA,Pier/Dock,Chinook Salmon,9,Catch,312
2005,FRANKFORT-ELBERTA,Pier/Dock,Chinook Salmon,9,Harvest,301
2005,FRANKFORT-ELBERTA,Pier/Dock,Coho Salmon,9,Catch,51
2005,FRANKFORT-ELBERTA,Pier/Dock,Coho Salmon,9,Harvest,51
2005,FRANKFORT-ELBERTA,Pier/Dock,,9,Angler Hours,2100
2005,FRANKFORT-ELBERTA,Pier/Dock,Steelhead,9,Catch,40
2005,FRANKFORT-ELBERTA,Pier/Dock,Steelhead,9,Harvest,40
2005,FRANKFORT-ELBERTA,Pier/Dock,Chinook Salmon,10,Catch,56
2005,FRANKFORT-ELBERTA,Pier/Dock,Chinook Salmon,10,Harvest,20
2005,FRANKFORT-ELBERTA,Pier/Dock,Coho Salmon,10,Catch,31
2005,FRANKFORT-ELBERTA,Pier/Dock,Coho Salmon,10,Harvest,31
2005,FRANKFORT-ELBERTA,Pier/Dock,Lean Lake Trout,10,Catch,17
2005,FRANKFORT-ELBERTA,Pier/Dock,Northern Pike,10,Catch,9
2005,FRANKFORT-ELBERTA,Pier/Dock,,10,Angler Hours,2258
2005,FRANKFORT-ELBERTA,Pier/Dock,Round Whitefish,10,Catch,73
2005,FRANKFORT-ELBERTA,Pier/Dock,Round Whitefish,10,Harvest,73
2005,FRANKFORT-ELBERTA,Pier/Dock,Smallmouth Bass,10,Catch,23
2005,FRANKFORT-ELBERTA,Pier/Dock,Steelhead,10,Catch,115
2005,FRANKFORT-ELBERTA,Pier/Dock,Steelhead,10,Harvest,92
2006,FRANKFORT-ELBERTA,Pier/Dock,Brown Trout,4,Catch,82
2006,FRANKFORT-ELBERTA,Pier/Dock,Brown Trout,4,Harvest,30
2006,FRANKFORT-ELBERTA,Pier/Dock,,4,Angler Hours,1260
2006,FRANKFORT-ELBERTA,Pier/Dock,Smallmouth Bass,4,Catch,6
2006,FRANKFORT-ELBERTA,Pier/Dock,Steelhead,4,Catch,12
2006,FRANKFORT-ELBERTA,Pier/Dock,Steelhead,4,Harvest,12
2006,FRANKFORT-ELBERTA,Pier/Dock,Brown Trout,5,Catch,14
2006,FRANKFORT-ELBERTA,Pier/Dock,Brown Trout,5,Harvest,14
2006,FRANKFORT-ELBERTA,Pier/Dock,Chinook Salmon,5,Catch,13
2006,FRANKFORT-ELBERTA,Pier/Dock,Chinook Salmon,5,Harvest,13
2006,FRANKFORT-ELBERTA,Pier/Dock,Lean Lake Trout,5,Catch,9
2006,FRANKFORT-ELBERTA,Pier/Dock,Northern Pike,5,Catch,9
2006,FRANKFORT-ELBERTA,Pier/Dock,,5,Angler Hours,901
2006,FRANKFORT-ELBERTA,Pier/Dock,Chinook Salmon,6,Catch,10
2006,FRANKFORT-ELBERTA,Pier/Dock,Chinook Salmon,6,Harvest,10
2006,FRANKFORT-ELBERTA,Pier/Dock,,6,Angler Hours,635
2006,FRANKFORT-ELBERTA,Pier/Dock,,7,Angler Hours,1123
2006,FRANKFORT-ELBERTA,Pier/Dock,Chinook Salmon,8,Catch,71
2006,FRANKFORT-ELBERTA,Pier/Dock,Chinook Salmon,8,Harvest,71
2006,FRANKFORT-ELBERTA,Pier/Dock,,8,Angler Hours,2461
2006,FRANKFORT-ELBERTA,Pier/Dock,Round Whitefish,8,Catch,18
2006,FRANKFORT-ELBERTA,Pier/Dock,Round Whitefish,8,Harvest,18
2006,FRANKFORT-ELBERTA,Pier/Dock,Chinook Salmon,9,Catch,987
2006,FRANKFORT-ELBERTA,Pier/Dock,Chinook Salmon,9,Harvest,578
2006,FRANKFORT-ELBERTA,Pier/Dock,Lean Lake Trout,9,Catch,34
2006,FRANKFORT-ELBERTA,Pier/Dock,Lean Lake Trout,9,Harvest,34
2006,FRANKFORT-ELBERTA,Pier/Dock,,9,Angler Hours,4047
2006,FRANKFORT-ELBERTA,Pier/Dock,Smallmouth Bass,9,Catch,98
2006,FRANKFORT-ELBERTA,Pier/Dock,Lean Lake Trout,10,Catch,77
2006,FRANKFORT-ELBERTA,Pier/Dock,,10,Angler Hours,3992
2006,FRANKFORT-ELBERTA,Pier/Dock,Round Whitefish,10,Catch,378
2006,FRANKFORT-ELBERTA,Pier/Dock,Round Whitefish,10,Harvest,378
2006,FRANKFORT-ELBERTA,Pier/Dock,Steelhead,10,Catch,796
2006,FRANKFORT-ELBERTA,Pier/Dock,Steelhead,10,Harvest,530
2007,FRANKFORT-ELBERTA,Pier/Dock,Brown Trout,4,Catch,14
2007,FRANKFORT-ELBERTA,Pier/Dock,Brown Trout,4,Harvest,14
2007,FRANKFORT-ELBERTA,Pier/Dock,,4,Angler Hours,1318
2007,FRANKFORT-ELBERTA,Pier/Dock,Smallmouth Bass,4,Catch,19
2007,FRANKFORT-ELBERTA,Pier/Dock,Steelhead,4,Catch,42
2007,FRANKFORT-ELBERTA,Pier/Dock,Steelhead,4,Harvest,21
2007,FRANKFORT-ELBERTA,Pier/Dock,Brown Trout,5,Catch,58
2007,FRANKFORT-ELBERTA,Pier/Dock,Brown Trout,5,Harvest,42
2007,FRANKFORT-ELBERTA,Pier/Dock,,5,Angler Hours,853
2007,FRANKFORT-ELBERTA,Pier/Dock,Round Whitefish,5,Catch,21
2007,FRANKFORT-ELBERTA,Pier/Dock,Round Whitefish,5,Harvest,21
2007,FRANKFORT-ELBERTA,Pier/Dock,Steelhead,5,Catch,47
2007,FRANKFORT-ELBERTA,Pier/Dock,Steelhead,5,Harvest,17
2007,FRANKFORT-ELBERTA,Pier/Dock,Brown Trout,6,Catch,27
2007,FRANKFORT-ELBERTA,Pier/Dock,Brown Trout,6,Harvest,27
2007,FRANKFORT-ELBERTA,Pier/Dock,Chinook Salmon,6,Catch,8
2007,FRANKFORT-ELBERTA,Pier/Dock,Chinook Salmon,6,Harvest,8
2007,FRANKFORT-ELBERTA,Pier/Dock,,6,Angler Hours,1465
2007,FRANKFORT-ELBERTA,Pier/Dock,Round Whitefish,6,Catch,14
2007,FRANKFORT-ELBERTA,Pier/Dock,Round Whitefish,6,Harvest,14
2007,FRANKFORT-ELBERTA,Pier/Dock,Smallmouth Bass,6,Catch,27
2007,FRANKFORT-ELBERTA,Pier/Dock,Steelhead,6,Catch,88
2007,FRANKFORT-ELBERTA,Pier/Dock,Steelhead,6,Harvest,34
2007,FRANKFORT-ELBERTA,Pier/Dock,Brown Trout,7,Catch,33
2007,FRANKFORT-ELBERTA,Pier/Dock,Brown Trout,7,Harvest,33
2007,FRANKFORT-ELBERTA,Pier/Dock,Chinook Salmon,7,Catch,175
2007,FRANKFORT-ELBERTA,Pier/Dock,Chinook Salmon,7,Harvest,129
2007,FRANKFORT-ELBERTA,Pier/Dock,,7,Angler Hours,1944
2007,FRANKFORT-ELBERTA,Pier/Dock,Smallmouth Bass,7,Catch,27
2007,FRANKFORT-ELBERTA,Pier/Dock,Smallmouth Bass,7,Harvest,16
2007,FRANKFORT-ELBERTA,Pier/Dock,Brown Trout,8,Catch,12
2007,FRANKFORT-ELBERTA,Pier/Dock,Brown Trout,8,Harvest,12
2007,FRANKFORT-ELBERTA,Pier/Dock,Chinook Salmon,8,Catch,664
2007,FRANKFORT-ELBERTA,Pier/Dock,Chinook Salmon,8,Harvest,516
2007,FRANKFORT-ELBERTA,Pier/Dock,Coho Salmon,8,Catch,161
2007,FRANKFORT-ELBERTA,Pier/Dock,Coho Salmon,8,Harvest,117
2007,FRANKFORT-ELBERTA,Pier/Dock,,8,Angler Hours,2097
2007,FRANKFORT-ELBERTA,Pier/Dock,Smallmouth Bass,8,Catch,20
2007,FRANKFORT-ELBERTA,Pier/Dock,Chinook Salmon,9,Catch,618
2007,FRANKFORT-ELBERTA,Pier/Dock,Chinook Salmon,9,Harvest,586
2007,FRANKFORT-ELBERTA,Pier/Dock,Coho Salmon,9,Catch,125
2007,FRANKFORT-ELBERTA,Pier/Dock,Coho Salmon,9,Harvest,125
2007,FRANKFORT-ELBERTA,Pier/Dock,Lean Lake Trout,9,Catch,11
2007,FRANKFORT-ELBERTA,Pier/Dock,,9,Angler Hours,3150
2007,FRANKFORT-ELBERTA,Pier/Dock,Chinook Salmon,10,Catch,26
2007,FRANKFORT-ELBERTA,Pier/Dock,Chinook Salmon,10,Harvest,26
2007,FRANKFORT-ELBERTA,Pier/Dock,Coho Salmon,10,Catch,5
2007,FRANKFORT-ELBERTA,Pier/Dock,Coho Salmon,10,Harvest,5
2007,FRANKFORT-ELBERTA,Pier/Dock,Lean Lake Trout,10,Catch,4
2007,FRANKFORT-ELBERTA,Pier/Dock,,10,Angler Hours,2576
2007,FRANKFORT-ELBERTA,Pier/Dock,Round Whitefish,10,Catch,14
2007,FRANKFORT-ELBERTA,Pier/Dock,Round Whitefish,10,Harvest,14
2007,FRANKFORT-ELBERTA,Pier/Dock,Steelhead,10,Catch,252
2007,FRANKFORT-ELBERTA,Pier/Dock,Steelhead,10,Harvest,183
2008,FRANKFORT-ELBERTA,Pier/Dock,Largemouth Bass,4,Catch,149
2008,FRANKFORT-ELBERTA,Pier/Dock,Largemouth Bass,4,Harvest,58
2008,FRANKFORT-ELBERTA,Pier/Dock,Lean Lake Trout,4,Catch,1
2008,FRANKFORT-ELBERTA,Pier/Dock,Northern Pike,4,Catch,55
2008,FRANKFORT-ELBERTA,Pier/Dock,Northern Pike,4,Harvest,55
2008,FRANKFORT-ELBERTA,Pier/Dock,,4,Angler Hours,2413
2008,FRANKFORT-ELBERTA,Pier/Dock,,5,Angler Hours,604
2008,FRANKFORT-ELBERTA,Pier/Dock,Steelhead,5,Catch,40
2008,FRANKFORT-ELBERTA,Pier/Dock,Steelhead,5,Harvest,18
2008,FRANKFORT-ELBERTA,Pier/Dock,Brown Trout,6,Catch,34
2008,FRANKFORT-ELBERTA,Pier/Dock,Brown Trout,6,Harvest,34
2008,FRANKFORT-ELBERTA,Pier/Dock,,6,Angler Hours,459
2008,FRANKFORT-ELBERTA,Pier/Dock,,7,Angler Hours,453
2008,FRANKFORT-ELBERTA,Pier/Dock,Chinook Salmon,8,Catch,3070
2008,FRANKFORT-ELBERTA,Pier/Dock,Chinook Salmon,8,Harvest,2420
2008,FRANKFORT-ELBERTA,Pier/Dock,Lean Lake Trout,8,Catch,63
2008,FRANKFORT-ELBERTA,Pier/Dock,,8,Angler Hours,8270
2008,FRANKFORT-ELBERTA,Pier/Dock,Chinook Salmon,9,Catch,219
2008,FRANKFORT-ELBERTA,Pier/Dock,Chinook Salmon,9,Harvest,215
2008,FRANKFORT-ELBERTA,Pier/Dock,Coho Salmon,9,Catch,41
2008,FRANKFORT-ELBERTA,Pier/Dock,Coho Salmon,9,Harvest,41
2008,FRANKFORT-ELBERTA,Pier/Dock,,9,Angler Hours,2298
2008,FRANKFORT-ELBERTA,Pier/Dock,Chinook Salmon,10,Catch,32
2008,FRANKFORT-ELBERTA,Pier/Dock,Chinook Salmon,10,Harvest,32
2008,FRANKFORT-ELBERTA,Pier/Dock,,10,Angler Hours,1508
2008,FRANKFORT-ELBERTA,Pier/Dock,Steelhead,10,Catch,65
2008,FRANKFORT-ELBERTA,Pier/Dock,Steelhead,10,Harvest,6
2009,FRANKFORT-ELBERTA,Pier/Dock,Brown Trout,4,Catch,19
2009,FRANKFORT-ELBERTA,Pier/Dock,Brown Trout,4,Harvest,19
2009,FRANKFORT-ELBERTA,Pier/Dock,Lean Lake Trout,4,Catch,19
2009,FRANKFORT-ELBERTA,Pier/Dock,,4,Angler Hours,1356
2009,FRANKFORT-ELBERTA,Pier/Dock,Steelhead,4,Catch,19
2009,FRANKFORT-ELBERTA,Pier/Dock,Steelhead,4,Harvest,19
2009,FRANKFORT-ELBERTA,Pier/Dock,Brown Trout,5,Catch,17
2009,FRANKFORT-ELBERTA,Pier/Dock,Brown Trout,5,Harvest,17
2009,FRANKFORT-ELBERTA,Pier/Dock,,5,Angler Hours,313
2009,FRANKFORT-ELBERTA,Pier/Dock,,6,Angler Hours,531
2009,FRANKFORT-ELBERTA,Pier/Dock,,7,Angler Hours,1890
2009,FRANKFORT-ELBERTA,Pier/Dock,Steelhead,7,Catch,76
2009,FRANKFORT-ELBERTA,Pier/Dock,Steelhead,7,Harvest,76
2009,FRANKFORT-ELBERTA,Pier/Dock,Chinook Salmon,8,Catch,166
2009,FRANKFORT-ELBERTA,Pier/Dock,Chinook Salmon,8,Harvest,166
2009,FRANKFORT-ELBERTA,Pier/Dock,,8,Angler Hours,1572
2009,FRANKFORT-ELBERTA,Pier/Dock,Brown Trout,9,Catch,85
2009,FRANKFORT-ELBERTA,Pier/Dock,Brown Trout,9,Harvest,85
2009,FRANKFORT-ELBERTA,Pier/Dock,Chinook Salmon,9,Catch,126
2009,FRANKFORT-ELBERTA,Pier/Dock,Chinook Salmon,9,Harvest,126
2009,FRANKFORT-ELBERTA,Pier/Dock,,9,Angler Hours,2832
2009,FRANKFORT-ELBERTA,Pier/Dock,Coho Salmon,10,Catch,77
2009,FRANKFORT-ELBERTA,Pier/Dock,Lean Lake Trout,10,Catch,74
2009,FRANKFORT-ELBERTA,Pier/Dock,,10,Angler Hours,2179
2009,FRANKFORT-ELBERTA,Pier/Dock,Round Whitefish,10,Catch,115
2009,FRANKFORT-ELBERTA,Pier/Dock,Round Whitefish,10,Harvest,115
2009,FRANKFORT-ELBERTA,Pier/Dock,Splake,10,Catch,5
2009,FRANKFORT-ELBERTA,Pier/Dock,Splake,10,Harvest,5
2009,FRANKFORT-ELBERTA,Pier/Dock,Steelhead,10,Catch,174
2009,FRANKFORT-ELBERTA,Pier/Dock,Steelhead,10,Harvest,114
2010,FRANKFORT-ELBERTA,Pier/Dock,Brown Trout,4,Catch,38
2010,FRANKFORT-ELBERTA,Pier/Dock,Brown Trout,4,Harvest,38
2010,FRANKFORT-ELBERTA,Pier/Dock,Lean Lake Trout,4,Catch,32
2010,FRANKFORT-ELBERTA,Pier/Dock,Lean Lake Trout,4,Harvest,22
2010,FRANKFORT-ELBERTA,Pier/Dock,,4,Angler Hours,576
2010,FRANKFORT-ELBERTA,Pier/Dock,Lean Lake Trout,5,Catch,8
2010,FRANKFORT-ELBERTA,Pier/Dock,Lean Lake Trout,5,Harvest,8
2010,FRANKFORT-ELBERTA,Pier/Dock,,5,Angler Hours,360
2010,FRANKFORT-ELBERTA,Pier/Dock,Brown Trout,6,Catch,29
2010,FRANKFORT-ELBERTA,Pier/Dock,Brown Trout,6,Harvest,29
2010,FRANKFORT-ELBERTA,Pier/Dock,Chinook Salmon,6,Catch,22
2010,FRANKFORT-ELBERTA,Pier/Dock,Chinook Salmon,6,Harvest,22
2010,FRANKFORT-ELBERTA,Pier/Dock,Drum,6,Catch,32
2010,FRANKFORT-ELBERTA,Pier/Dock,Drum,6,Harvest,32
2010,FRANKFORT-ELBERTA,Pier/Dock,Lake Whitefish,6,Catch,6
2010,FRANKFORT-ELBERTA,Pier/Dock,Lake Whitefish,6,Harvest,6
2010,FRANKFORT-ELBERTA,Pier/Dock,,6,Angler Hours,987
2010,FRANKFORT-ELBERTA,Pier/Dock,Steelhead,6,Catch,69
2010,FRANKFORT-ELBERTA,Pier/Dock,Steelhead,6,Harvest,69
2010,FRANKFORT-ELBERTA,Pier/Dock,Chinook Salmon,7,Catch,28
2010,FRANKFORT-ELBERTA,Pier/Dock,Chinook Salmon,7,Harvest,28
2010,FRANKFORT-ELBERTA,Pier/Dock,Northern Pike,7,Catch,73
2010,FRANKFORT-ELBERTA,Pier/Dock,Northern Pike,7,Harvest,73
2010,FRANKFORT-ELBERTA,Pier/Dock,,7,Angler Hours,411
2010,FRANKFORT-ELBERTA,Pier/Dock,Rockbass,7,Catch,10
2010,FRANKFORT-ELBERTA,Pier/Dock,Rockbass,7,Harvest,10
2010,FRANKFORT-ELBERTA,Pier/Dock,Chinook Salmon,8,Catch,15
2010,FRANKFORT-ELBERTA,Pier/Dock,Chinook Salmon,8,Harvest,15
2010,FRANKFORT-ELBERTA,Pier/Dock,,8,Angler Hours,235
2010,FRANKFORT-ELBERTA,Pier/Dock,Chinook Salmon,9,Catch,213
2010,FRANKFORT-ELBERTA,Pier/Dock,Chinook Salmon,9,Harvest,213
2010,FRANKFORT-ELBERTA,Pier/Dock,Lean Lake Trout,9,Catch,5
2010,FRANKFORT-ELBERTA,Pier/Dock,Lean Lake Trout,9,Harvest,5
2010,FRANKFORT-ELBERTA,Pier/Dock,,9,Angler Hours,919
2010,FRANKFORT-ELBERTA,Pier/Dock,Chinook Salmon,10,Catch,32
2010,FRANKFORT-ELBERTA,Pier/Dock,Chinook Salmon,10,Harvest,32
2010,FRANKFORT-ELBERTA,Pier/Dock,,10,Angler Hours,1001
2010,FRANKFORT-ELBERTA,Pier/Dock,Steelhead,10,Catch,109
2010,FRANKFORT-ELBERTA,Pier/Dock,Steelhead,10,Harvest,109
2011,FRANKFORT-ELBERTA,Pier/Dock,Brown Trout,4,Catch,7
2011,FRANKFORT-ELBERTA,Pier/Dock,Brown Trout,4,Harvest,7
2011,FRANKFORT-ELBERTA,Pier/Dock,,4,Angler Hours,900
2011,FRANKFORT-ELBERTA,Pier/Dock,Steelhead,4,Catch,45
2011,FRANKFORT-ELBERTA,Pier/Dock,Steelhead,4,Harvest,45
2011,FRANKFORT-ELBERTA,Pier/Dock,,6,Angler Hours,477
2011,FRANKFORT-ELBERTA,Pier/Dock,Lean Lake Trout,7,Catch,5
2011,FRANKFORT-ELBERTA,Pier/Dock,Lean Lake Trout,7,Harvest,5
2011,FRANKFORT-ELBERTA,Pier/Dock,,7,Angler Hours,308
2011,FRANKFORT-ELBERTA,Pier/Dock,Brown Trout,8,Catch,2
2011,FRANKFORT-ELBERTA,Pier/Dock,Brown Trout,8,Harvest,1
2011,FRANKFORT-ELBERTA,Pier/Dock,Chinook Salmon,8,Catch,120
2011,FRANKFORT-ELBERTA,Pier/Dock,Chinook Salmon,8,Harvest,110
2011,FRANKFORT-ELBERTA,Pier/Dock,Coho Salmon,8,Catch,10
2011,FRANKFORT-ELBERTA,Pier/Dock,Coho Salmon,8,Harvest,10
2011,FRANKFORT-ELBERTA,Pier/Dock,,8,Angler Hours,1024
2011,FRANKFORT-ELBERTA,Pier/Dock,Chinook Salmon,9,Catch,98
2011,FRANKFORT-ELBERTA,Pier/Dock,Chinook Salmon,9,Harvest,98
2011,FRANKFORT-ELBERTA,Pier/Dock,Coho Salmon,9,Catch,228
2011,FRANKFORT-ELBERTA,Pier/Dock,Coho Salmon,9,Harvest,228
2011,FRANKFORT-ELBERTA,Pier/Dock,,9,Angler Hours,1848
2011,FRANKFORT-ELBERTA,Pier/Dock,Steelhead,9,Catch,4
2011,FRANKFORT-ELBERTA,Pier/Dock,Steelhead,9,Harvest,4
2011,FRANKFORT-ELBERTA,Pier/Dock,Brown Trout,10,Catch,11
2011,FRANKFORT-ELBERTA,Pier/Dock,Brown Trout,10,Harvest,11
2011,FRANKFORT-ELBERTA,Pier/Dock,Chinook Salmon,10,Catch,18
2011,FRANKFORT-ELBERTA,Pier/Dock,Chinook Salmon,10,Harvest,18
2011,FRANKFORT-ELBERTA,Pier/Dock,Coho Salmon,10,Catch,23
2011,FRANKFORT-ELBERTA,Pier/Dock,Coho Salmon,10,Harvest,23
2011,FRANKFORT-ELBERTA,Pier/Dock,Lean Lake Trout,10,Catch,7
2011,FRANKFORT-ELBERTA,Pier/Dock,Lean Lake Trout,10,Harvest,4
2011,FRANKFORT-ELBERTA,Pier/Dock,,10,Angler Hours,2606
2011,FRANKFORT-ELBERTA,Pier/Dock,Steelhead,10,Catch,283
2011,FRANKFORT-ELBERTA,Pier/Dock,Steelhead,10,Harvest,272
2012,FRANKFORT-ELBERTA,Pier/Dock,Atlantic Salmon,4,Catch,0
2012,FRANKFORT-ELBERTA,Pier/Dock,Atlantic Salmon,4,Harvest,0
2012,FRANKFORT-ELBERTA,Pier/Dock,Black Crappie,4,Catch,0
2012,FRANKFORT-ELBERTA,Pier/Dock,Black Crappie,4,Harvest,0
2012,FRANKFORT-ELBERTA,Pier/Dock,Bluegill,4,Catch,0
2012,FRANKFORT-ELBERTA,Pier/Dock,Bluegill,4,Harvest,0
2012,FRANKFORT-ELBERTA,Pier/Dock,Brook Trout,4,Catch,0
2012,FRANKFORT-ELBERTA,Pier/Dock,Brook Trout,4,Harvest,0
2012,FRANKFORT-ELBERTA,Pier/Dock,Brown Trout,4,Catch,0
2012,FRANKFORT-ELBERTA,Pier/Dock,Brown Trout,4,Harvest,0
2012,FRANKFORT-ELBERTA,Pier/Dock,Carp,4,Catch,0
2012,FRANKFORT-ELBERTA,Pier/Dock,Carp,4,Harvest,0
2012,FRANKFORT-ELBERTA,Pier/Dock,Channel Catfish,4,Catch,0
2012,FRANKFORT-ELBERTA,Pier/Dock,Channel Catfish,4,Harvest,0
2012,FRANKFORT-ELBERTA,Pier/Dock,Chinook Salmon,4,Catch,0
2012,FRANKFORT-ELBERTA,Pier/Dock,Chinook Salmon,4,Harvest,0
2012,FRANKFORT-ELBERTA,Pier/Dock,Coho Salmon,4,Catch,0
2012,FRANKFORT-ELBERTA,Pier/Dock,Coho Salmon,4,Harvest,0
2012,FRANKFORT-ELBERTA,Pier/Dock,Common White Sucker,4,Catch,0
2012,FRANKFORT-ELBERTA,Pier/Dock,Common White Sucker,4,Harvest,0
2012,FRANKFORT-ELBERTA,Pier/Dock,Drum,4,Catch,0
2012,FRANKFORT-ELBERTA,Pier/Dock,Drum,4,Harvest,0
2012,FRANKFORT-ELBERTA,Pier/Dock,Fat Lake Trout,4,Catch,0
2012,FRANKFORT-ELBERTA,Pier/Dock,Fat Lake Trout,4,Harvest,0
2012,FRANKFORT-ELBERTA,Pier/Dock,Lake Herring,4,Catch,0
2012,FRANKFORT-ELBERTA,Pier/Dock,Lake Herring,4,Harvest,0
2012,FRANKFORT-ELBERTA,Pier/Dock,Lake Whitefish,4,Catch,0
2012,FRANKFORT-ELBERTA,Pier/Dock,Lake Whitefish,4,Harvest,0
2012,FRANKFORT-ELBERTA,Pier/Dock,Largemouth Bass,4,Catch,0
2012,FRANKFORT-ELBERTA,Pier/Dock,Largemouth Bass,4,Harvest,0
2012,FRANKFORT-ELBERTA,Pier/Dock,Lean Lake Trout,4,Catch,0
2012,FRANKFORT-ELBERTA,Pier/Dock,Lean Lake Trout,4,Harvest,0
2012,FRANKFORT-ELBERTA,Pier/Dock,Musky,4,Catch,0
2012,FRANKFORT-ELBERTA,Pier/Dock,Musky,4,Harvest,0
2012,FRANKFORT-ELBERTA,Pier/Dock,Northern Pike,4,Catch,0
2012,FRANKFORT-ELBERTA,Pier/Dock,Northern Pike,4,Harvest,0
2012,FRANKFORT-ELBERTA,Pier/Dock,,4,Angler Hours,25
2012,FRANKFORT-ELBERTA,Pier/Dock,Other,4,Catch,0
2012,FRANKFORT-ELBERTA,Pier/Dock,Other,4,Harvest,0
2012,FRANKFORT-ELBERTA,Pier/Dock,Pink Salmon,4,Catch,0
2012,FRANKFORT-ELBERTA,Pier/Dock,Pink Salmon,4,Harvest,0
2012,FRANKFORT-ELBERTA,Pier/Dock,Pumpkinseed,4,Catch,0
2012,FRANKFORT-ELBERTA,Pier/Dock,Pumpkinseed,4,Harvest,0
2012,FRANKFORT-ELBERTA,Pier/Dock,Rockbass,4,Catch,0
2012,FRANKFORT-ELBERTA,Pier/Dock,Rockbass,4,Harvest,0
2012,FRANKFORT-ELBERTA,Pier/Dock,Round Whitefish,4,Catch,0
2012,FRANKFORT-ELBERTA,Pier/Dock,Round Whitefish,4,Harvest,0
2012,FRANKFORT-ELBERTA,Pier/Dock,Smallmouth Bass,4,Catch,0
2012,FRANKFORT-ELBERTA,Pier/Dock,Smallmouth Bass,4,Harvest,0
2012,FRANKFORT-ELBERTA,Pier/Dock,Splake,4,Catch,0
2012,FRANKFORT-ELBERTA,Pier/Dock,Splake,4,Harvest,0
2012,FRANKFORT-ELBERTA,Pier/Dock,Steelhead,4,Catch,3
2012,FRANKFORT-ELBERTA,Pier/Dock,Steelhead,4,Harvest,0
2012,FRANKFORT-ELBERTA,Pier/Dock,Walleye,4,Catch,0
2012,FRANKFORT-ELBERTA,Pier/Dock,Walleye,4,Harvest,0
2012,FRANKFORT-ELBERTA,Pier/Dock,White Bass,4,Catch,0
2012,FRANKFORT-ELBERTA,Pier/Dock,White Bass,4,Harvest,0
2012,FRANKFORT-ELBERTA,Pier/Dock,White Perch,4,Catch,0
2012,FRANKFORT-ELBERTA,Pier/Dock,White Perch,4,Harvest,0
2012,FRANKFORT-ELBERTA,Pier/Dock,Yellow Perch,4,Catch,0
2012,FRANKFORT-ELBERTA,Pier/Dock,Yellow Perch,4,Harvest,0
2012,FRANKFORT-ELBERTA,Pier/Dock,Atlantic Salmon,5,Catch,0
2012,FRANKFORT-ELBERTA,Pier/Dock,Atlantic Salmon,5,Harvest,0
2012,FRANKFORT-ELBERTA,Pier/Dock,Black Crappie,5,Catch,0
2012,FRANKFORT-ELBERTA,Pier/Dock,Black Crappie,5,Harvest,0
2012,FRANKFORT-ELBERTA,Pier/Dock,Bluegill,5,Catch,0
2012,FRANKFORT-ELBERTA,Pier/Dock,Bluegill,5,Harvest,0
2012,FRANKFORT-ELBERTA,Pier/Dock,Brook Trout,5,Catch,0
2012,FRANKFORT-ELBERTA,Pier/Dock,Brook Trout,5,Harvest,0
2012,FRANKFORT-ELBERTA,Pier/Dock,Brown Trout,5,Catch,7
2012,FRANKFORT-ELBERTA,Pier/Dock,Brown Trout,5,Harvest,7
2012,FRANKFORT-ELBERTA,Pier/Dock,Carp,5,Catch,0
2012,FRANKFORT-ELBERTA,Pier/Dock,Carp,5,Harvest,0
2012,FRANKFORT-ELBERTA,Pier/Dock,Channel Catfish,5,Catch,0
2012,FRANKFORT-ELBERTA,Pier/Dock,Channel Catfish,5,Harvest,0
2012,FRANKFORT-ELBERTA,Pier/Dock,Chinook Salmon,5,Catch,12
2012,FRANKFORT-ELBERTA,Pier/Dock,Chinook Salmon,5,Harvest,12
2012,FRANKFORT-ELBERTA,Pier/Dock,Coho Salmon,5,Catch,0
2012,FRANKFORT-ELBERTA,Pier/Dock,Coho Salmon,5,Harvest,0
2012,FRANKFORT-ELBERTA,Pier/Dock,Common White Sucker,5,Catch,0
2012,FRANKFORT-ELBERTA,Pier/Dock,Common White Sucker,5,Harvest,0
2012,FRANKFORT-ELBERTA,Pier/Dock,Drum,5,Catch,0
2012,FRANKFORT-ELBERTA,Pier/Dock,Drum,5,Harvest,0
2012,FRANKFORT-ELBERTA,Pier/Dock,Fat Lake Trout,5,Catch,0
2012,FRANKFORT-ELBERTA,Pier/Dock,Fat Lake Trout,5,Harvest,0
2012,FRANKFORT-ELBERTA,Pier/Dock,Lake Herring,5,Catch,0
2012,FRANKFORT-ELBERTA,Pier/Dock,Lake Herring,5,Harvest,0
2012,FRANKFORT-ELBERTA,Pier/Dock,Lake Whitefish,5,Catch,0
2012,FRANKFORT-ELBERTA,Pier/Dock,Lake Whitefish,5,Harvest,0
2012,FRANKFORT-ELBERTA,Pier/Dock,Largemouth Bass,5,Catch,0
2012,FRANKFORT-ELBERTA,Pier/Dock,Largemouth Bass,5,Harvest,0
2012,FRANKFORT-ELBERTA,Pier/Dock,Lean Lake Trout,5,Catch,0
2012,FRANKFORT-ELBERTA,Pier/Dock,Lean Lake Trout,5,Harvest,0
2012,FRANKFORT-ELBERTA,Pier/Dock,Musky,5,Catch,0
2012,FRANKFORT-ELBERTA,Pier/Dock,Musky,5,Harvest,0
2012,FRANKFORT-ELBERTA,Pier/Dock,Northern Pike,5,Catch,0
2012,FRANKFORT-ELBERTA,Pier/Dock,Northern Pike,5,Harvest,0
2012,FRANKFORT-ELBERTA,Pier/Dock,,5,Angler Hours,93
2012,FRANKFORT-ELBERTA,Pier/Dock,Other,5,Catch,0
2012,FRANKFORT-ELBERTA,Pier/Dock,Other,5,Harvest,0
2012,FRANKFORT-ELBERTA,Pier/Dock,Pink Salmon,5,Catch,0
2012,FRANKFORT-ELBERTA,Pier/Dock,Pink Salmon,5,Harvest,0
2012,FRANKFORT-ELBERTA,Pier/Dock,Pumpkinseed,5,Catch,0
2012,FRANKFORT-ELBERTA,Pier/Dock,Pumpkinseed,5,Harvest,0
2012,FRANKFORT-ELBERTA,Pier/Dock,Rockbass,5,Catch,0
2012,FRANKFORT-ELBERTA,Pier/Dock,Rockbass,5,Harvest,0
2012,FRANKFORT-ELBERTA,Pier/Dock,Round Whitefish,5,Catch,0
2012,FRANKFORT-ELBERTA,Pier/Dock,Round Whitefish,5,Harvest,0
2012,FRANKFORT-ELBERTA,Pier/Dock,Smallmouth Bass,5,Catch,0
2012,FRANKFORT-ELBERTA,Pier/Dock,Smallmouth Bass,5,Harvest,0
2012,FRANKFORT-ELBERTA,Pier/Dock,Splake,5,Catch,0
2012,FRANKFORT-ELBERTA,Pier/Dock,Splake,5,Harvest,0
2012,FRANKFORT-ELBERTA,Pier/Dock,Steelhead,5,Catch,0
2012,FRANKFORT-ELBERTA,Pier/Dock,Steelhead,5,Harvest,0
2012,FRANKFORT-ELBERTA,Pier/Dock,Walleye,5,Catch,0
2012,FRANKFORT-ELBERTA,Pier/Dock,Walleye,5,Harvest,0
2012,FRANKFORT-ELBERTA,Pier/Dock,White Bass,5,Catch,0
2012,FRANKFORT-ELBERTA,Pier/Dock,White Bass,5,Harvest,0
2012,FRANKFORT-ELBERTA,Pier/Dock,White Perch,5,Catch,0
2012,FRANKFORT-ELBERTA,Pier/Dock,White Perch,5,Harvest,0
2012,FRANKFORT-ELBERTA,Pier/Dock,Yellow Perch,5,Catch,0
2012,FRANKFORT-ELBERTA,Pier/Dock,Yellow Perch,5,Harvest,0
2012,FRANKFORT-ELBERTA,Pier/Dock,Atlantic Salmon,6,Catch,0
2012,FRANKFORT-ELBERTA,Pier/Dock,Atlantic Salmon,6,Harvest,0
2012,FRANKFORT-ELBERTA,Pier/Dock,Black Crappie,6,Catch,0
2012,FRANKFORT-ELBERTA,Pier/Dock,Black Crappie,6,Harvest,0
2012,FRANKFORT-ELBERTA,Pier/Dock,Bluegill,6,Catch,0
2012,FRANKFORT-ELBERTA,Pier/Dock,Bluegill,6,Harvest,0
2012,FRANKFORT-ELBERTA,Pier/Dock,Brook Trout,6,Catch,0
2012,FRANKFORT-ELBERTA,Pier/Dock,Brook Trout,6,Harvest,0
2012,FRANKFORT-ELBERTA,Pier/Dock,Brown Trout,6,Catch,0
2012,FRANKFORT-ELBERTA,Pier/Dock,Brown Trout,6,Harvest,0
2012,FRANKFORT-ELBERTA,Pier/Dock,Carp,6,Catch,0
2012,FRANKFORT-ELBERTA,Pier/Dock,Carp,6,Harvest,0
2012,FRANKFORT-ELBERTA,Pier/Dock,Channel Catfish,6,Catch,0
2012,FRANKFORT-ELBERTA,Pier/Dock,Channel Catfish,6,Harvest,0
2012,FRANKFORT-ELBERTA,Pier/Dock,Chinook Salmon,6,Catch,0
2012,FRANKFORT-ELBERTA,Pier/Dock,Chinook Salmon,6,Harvest,0
2012,FRANKFORT-ELBERTA,Pier/Dock,Coho Salmon,6,Catch,0
2012,FRANKFORT-ELBERTA,Pier/Dock,Coho Salmon,6,Harvest,0
2012,FRANKFORT-ELBERTA,Pier/Dock,Common White Sucker,6,Catch,0
2012,FRANKFORT-ELBERTA,Pier/Dock,Common White Sucker,6,Harvest,0
2012,FRANKFORT-ELBERTA,Pier/Dock,Drum,6,Catch,0
2012,FRANKFORT-ELBERTA,Pier/Dock,Drum,6,Harvest,0
2012,FRANKFORT-ELBERTA,Pier/Dock,Fat Lake Trout,6,Catch,0
2012,FRANKFORT-ELBERTA,Pier/Dock,Fat Lake Trout,6,Harvest,0
2012,FRANKFORT-ELBERTA,Pier/Dock,Lake Herring,6,Catch,0
2012,FRANKFORT-ELBERTA,Pier/Dock,Lake Herring,6,Harvest,0
2012,FRANKFORT-ELBERTA,Pier/Dock,Lake Whitefish,6,Catch,0
2012,FRANKFORT-ELBERTA,Pier/Dock,Lake Whitefish,6,Harvest,0
2012,FRANKFORT-ELBERTA,Pier/Dock,Largemouth Bass,6,Catch,0
2012,FRANKFORT-ELBERTA,Pier/Dock,Largemouth Bass,6,Harvest,0
2012,FRANKFORT-ELBERTA,Pier/Dock,Lean Lake Trout,6,Catch,0
2012,FRANKFORT-ELBERTA,Pier/Dock,Lean Lake Trout,6,Harvest,0
2012,FRANKFORT-ELBERTA,Pier/Dock,Musky,6,Catch,0
2012,FRANKFORT-ELBERTA,Pier/Dock,Musky,6,Harvest,0
2012,FRANKFORT-ELBERTA,Pier/Dock,Northern Pike,6,Catch,0
2012,FRANKFORT-ELBERTA,Pier/Dock,Northern Pike,6,Harvest,0
2012,FRANKFORT-ELBERTA,Pier/Dock,,6,Angler Hours,235
2012,FRANKFORT-ELBERTA,Pier/Dock,Other,6,Catch,0
2012,FRANKFORT-ELBERTA,Pier/Dock,Other,6,Harvest,0
2012,FRANKFORT-ELBERTA,Pier/Dock,Pink Salmon,6,Catch,0
2012,FRANKFORT-ELBERTA,Pier/Dock,Pink Salmon,6,Harvest,0
2012,FRANKFORT-ELBERTA,Pier/Dock,Pumpkinseed,6,Catch,0
2012,FRANKFORT-ELBERTA,Pier/Dock,Pumpkinseed,6,Harvest,0
2012,FRANKFORT-ELBERTA,Pier/Dock,Rockbass,6,Catch,0
2012,FRANKFORT-ELBERTA,Pier/Dock,Rockbass,6,Harvest,0
2012,FRANKFORT-ELBERTA,Pier/Dock,Round Whitefish,6,Catch,0
2012,FRANKFORT-ELBERTA,Pier/Dock,Round Whitefish,6,Harvest,0
2012,FRANKFORT-ELBERTA,Pier/Dock,Smallmouth Bass,6,Catch,0
2012,FRANKFORT-ELBERTA,Pier/Dock,Smallmouth Bass,6,Harvest,0
2012,FRANKFORT-ELBERTA,Pier/Dock,Splake,6,Catch,0
2012,FRANKFORT-ELBERTA,Pier/Dock,Splake,6,Harvest,0
2012,FRANKFORT-ELBERTA,Pier/Dock,Steelhead,6,Catch,0
2012,FRANKFORT-ELBERTA,Pier/Dock,Steelhead,6,Harvest,0
2012,FRANKFORT-ELBERTA,Pier/Dock,Walleye,6,Catch,0
2012,FRANKFORT-ELBERTA,Pier/Dock,Walleye,6,Harvest,0
2012,FRANKFORT-ELBERTA,Pier/Dock,White Bass,6,Catch,0
2012,FRANKFORT-ELBERTA,Pier/Dock,White Bass,6,Harvest,0
2012,FRANKFORT-ELBERTA,Pier/Dock,White Perch,6,Catch,0
2012,FRANKFORT-ELBERTA,Pier/Dock,White Perch,6,Harvest,0
2012,FRANKFORT-ELBERTA,Pier/Dock,Yellow Perch,6,Catch,0
2012,FRANKFORT-ELBERTA,Pier/Dock,Yellow Perch,6,Harvest,0
2012,FRANKFORT-ELBERTA,Pier/Dock,Atlantic Salmon,7,Catch,0
2012,FRANKFORT-ELBERTA,Pier/Dock,Atlantic Salmon,7,Harvest,0
2012,FRANKFORT-ELBERTA,Pier/Dock,Black Crappie,7,Catch,0
2012,FRANKFORT-ELBERTA,Pier/Dock,Black Crappie,7,Harvest,0
2012,FRANKFORT-ELBERTA,Pier/Dock,Bluegill,7,Catch,0
2012,FRANKFORT-ELBERTA,Pier/Dock,Bluegill,7,Harvest,0
2012,FRANKFORT-ELBERTA,Pier/Dock,Brook Trout,7,Catch,0
2012,FRANKFORT-ELBERTA,Pier/Dock,Brook Trout,7,Harvest,0
2012,FRANKFORT-ELBERTA,Pier/Dock,Brown Trout,7,Catch,0
2012,FRANKFORT-ELBERTA,Pier/Dock,Brown Trout,7,Harvest,0
2012,FRANKFORT-ELBERTA,Pier/Dock,Carp,7,Catch,0
2012,FRANKFORT-ELBERTA,Pier/Dock,Carp,7,Harvest,0
2012,FRANKFORT-ELBERTA,Pier/Dock,Channel Catfish,7,Catch,0
2012,FRANKFORT-ELBERTA,Pier/Dock,Channel Catfish,7,Harvest,0
2012,FRANKFORT-ELBERTA,Pier/Dock,Chinook Salmon,7,Catch,0
2012,FRANKFORT-ELBERTA,Pier/Dock,Chinook Salmon,7,Harvest,0
2012,FRANKFORT-ELBERTA,Pier/Dock,Coho Salmon,7,Catch,0
2012,FRANKFORT-ELBERTA,Pier/Dock,Coho Salmon,7,Harvest,0
2012,FRANKFORT-ELBERTA,Pier/Dock,Common White Sucker,7,Catch,0
2012,FRANKFORT-ELBERTA,Pier/Dock,Common White Sucker,7,Harvest,0
2012,FRANKFORT-ELBERTA,Pier/Dock,Drum,7,Catch,0
2012,FRANKFORT-ELBERTA,Pier/Dock,Drum,7,Harvest,0
2012,FRANKFORT-ELBERTA,Pier/Dock,Fat Lake Trout,7,Catch,0
2012,FRANKFORT-ELBERTA,Pier/Dock,Fat Lake Trout,7,Harvest,0
2012,FRANKFORT-ELBERTA,Pier/Dock,Lake Herring,7,Catch,0
2012,FRANKFORT-ELBERTA,Pier/Dock,Lake Herring,7,Harvest,0
2012,FRANKFORT-ELBERTA,Pier/Dock,Lake Whitefish,7,Catch,0
2012,FRANKFORT-ELBERTA,Pier/Dock,Lake Whitefish,7,Harvest,0
2012,FRANKFORT-ELBERTA,Pier/Dock,Largemouth Bass,7,Catch,0
2012,FRANKFORT-ELBERTA,Pier/Dock,Largemouth Bass,7,Harvest,0
2012,FRANKFORT-ELBERTA,Pier/Dock,Lean Lake Trout,7,Catch,0
2012,FRANKFORT-ELBERTA,Pier/Dock,Lean Lake Trout,7,Harvest,0
2012,FRANKFORT-ELBERTA,Pier/Dock,Musky,7,Catch,0
2012,FRANKFORT-ELBERTA,Pier/Dock,Musky,7,Harvest,0
2012,FRANKFORT-ELBERTA,Pier/Dock,Northern Pike,7,Catch,0
2012,FRANKFORT-ELBERTA,Pier/Dock,Northern Pike,7,Harvest,0
2012,FRANKFORT-ELBERTA,Pier/Dock,,7,Angler Hours,251
2012,FRANKFORT-ELBERTA,Pier/Dock,Other,7,Catch,0
2012,FRANKFORT-ELBERTA,Pier/Dock,Other,7,Harvest,0
2012,FRANKFORT-ELBERTA,Pier/Dock,Pink Salmon,7,Catch,0
2012,FRANKFORT-ELBERTA,Pier/Dock,Pink Salmon,7,Harvest,0
2012,FRANKFORT-ELBERTA,Pier/Dock,Pumpkinseed,7,Catch,0
2012,FRANKFORT-ELBERTA,Pier/Dock,Pumpkinseed,7,Harvest,0
2012,FRANKFORT-ELBERTA,Pier/Dock,Rockbass,7,Catch,0
2012,FRANKFORT-ELBERTA,Pier/Dock,Rockbass,7,Harvest,0
2012,FRANKFORT-ELBERTA,Pier/Dock,Round Whitefish,7,Catch,0
2012,FRANKFORT-ELBERTA,Pier/Dock,Round Whitefish,7,Harvest,0
2012,FRANKFORT-ELBERTA,Pier/Dock,Smallmouth Bass,7,Catch,0
2012,FRANKFORT-ELBERTA,Pier/Dock,Smallmouth Bass,7,Harvest,0
2012,FRANKFORT-ELBERTA,Pier/Dock,Splake,7,Catch,0
2012,FRANKFORT-ELBERTA,Pier/Dock,Splake,7,Harvest,0
2012,FRANKFORT-ELBERTA,Pier/Dock,Steelhead,7,Catch,0
2012,FRANKFORT-ELBERTA,Pier/Dock,Steelhead,7,Harvest,0
2012,FRANKFORT-ELBERTA,Pier/Dock,Walleye,7,Catch,0
2012,FRANKFORT-ELBERTA,Pier/Dock,Walleye,7,Harvest,0
2012,FRANKFORT-ELBERTA,Pier/Dock,White Bass,7,Catch,0
2012,FRANKFORT-ELBERTA,Pier/Dock,White Bass,7,Harvest,0
2012,FRANKFORT-ELBERTA,Pier/Dock,White Perch,7,Catch,0
2012,FRANKFORT-ELBERTA,Pier/Dock,White Perch,7,Harvest,0
2012,FRANKFORT-ELBERTA,Pier/Dock,Yellow Perch,7,Catch,0
2012,FRANKFORT-ELBERTA,Pier/Dock,Yellow Perch,7,Harvest,0
2012,FRANKFORT-ELBERTA,Pier/Dock,Atlantic Salmon,8,Catch,0
2012,FRANKFORT-ELBERTA,Pier/Dock,Atlantic Salmon,8,Harvest,0
2012,FRANKFORT-ELBERTA,Pier/Dock,Black Crappie,8,Catch,0
2012,FRANKFORT-ELBERTA,Pier/Dock,Black Crappie,8,Harvest,0
2012,FRANKFORT-ELBERTA,Pier/Dock,Bluegill,8,Catch,0
2012,FRANKFORT-ELBERTA,Pier/Dock,Bluegill,8,Harvest,0
2012,FRANKFORT-ELBERTA,Pier/Dock,Brook Trout,8,Catch,0
2012,FRANKFORT-ELBERTA,Pier/Dock,Brook Trout,8,Harvest,0
2012,FRANKFORT-ELBERTA,Pier/Dock,Brown Trout,8,Catch,0
2012,FRANKFORT-ELBERTA,Pier/Dock,Brown Trout,8,Harvest,0
2012,FRANKFORT-ELBERTA,Pier/Dock,Carp,8,Catch,0
2012,FRANKFORT-ELBERTA,Pier/Dock,Carp,8,Harvest,0
2012,FRANKFORT-ELBERTA,Pier/Dock,Channel Catfish,8,Catch,0
2012,FRANKFORT-ELBERTA,Pier/Dock,Channel Catfish,8,Harvest,0
2012,FRANKFORT-ELBERTA,Pier/Dock,Chinook Salmon,8,Catch,323
2012,FRANKFORT-ELBERTA,Pier/Dock,Chinook Salmon,8,Harvest,323
2012,FRANKFORT-ELBERTA,Pier/Dock,Coho Salmon,8,Catch,136
2012,FRANKFORT-ELBERTA,Pier/Dock,Coho Salmon,8,Harvest,136
2012,FRANKFORT-ELBERTA,Pier/Dock,Common White Sucker,8,Catch,0
2012,FRANKFORT-ELBERTA,Pier/Dock,Common White Sucker,8,Harvest,0
2012,FRANKFORT-ELBERTA,Pier/Dock,Drum,8,Catch,0
2012,FRANKFORT-ELBERTA,Pier/Dock,Drum,8,Harvest,0
2012,FRANKFORT-ELBERTA,Pier/Dock,Fat Lake Trout,8,Catch,0
2012,FRANKFORT-ELBERTA,Pier/Dock,Fat Lake Trout,8,Harvest,0
2012,FRANKFORT-ELBERTA,Pier/Dock,Lake Herring,8,Catch,0
2012,FRANKFORT-ELBERTA,Pier/Dock,Lake Herring,8,Harvest,0
2012,FRANKFORT-ELBERTA,Pier/Dock,Lake Whitefish,8,Catch,0
2012,FRANKFORT-ELBERTA,Pier/Dock,Lake Whitefish,8,Harvest,0
2012,FRANKFORT-ELBERTA,Pier/Dock,Largemouth Bass,8,Catch,0
2012,FRANKFORT-ELBERTA,Pier/Dock,Largemouth Bass,8,Harvest,0
2012,FRANKFORT-ELBERTA,Pier/Dock,Lean Lake Trout,8,Catch,0
2012,FRANKFORT-ELBERTA,Pier/Dock,Lean Lake Trout,8,Harvest,0
2012,FRANKFORT-ELBERTA,Pier/Dock,Musky,8,Catch,0
2012,FRANKFORT-ELBERTA,Pier/Dock,Musky,8,Harvest,0
2012,FRANKFORT-ELBERTA,Pier/Dock,Northern Pike,8,Catch,0
2012,FRANKFORT-ELBERTA,Pier/Dock,Northern Pike,8,Harvest,0
2012,FRANKFORT-ELBERTA,Pier/Dock,,8,Angler Hours,2701
2012,FRANKFORT-ELBERTA,Pier/Dock,Other,8,Catch,0
2012,FRANKFORT-ELBERTA,Pier/Dock,Other,8,Harvest,0
2012,FRANKFORT-ELBERTA,Pier/Dock,Pink Salmon,8,Catch,0
2012,FRANKFORT-ELBERTA,Pier/Dock,Pink Salmon,8,Harvest,0
2012,FRANKFORT-ELBERTA,Pier/Dock,Pumpkinseed,8,Catch,0
2012,FRANKFORT-ELBERTA,Pier/Dock,Pumpkinseed,8,Harvest,0
2012,FRANKFORT-ELBERTA,Pier/Dock,Rockbass,8,Catch,0
2012,FRANKFORT-ELBERTA,Pier/Dock,Rockbass,8,Harvest,0
2012,FRANKFORT-ELBERTA,Pier/Dock,Round Whitefish,8,Catch,0
2012,FRANKFORT-ELBERTA,Pier/Dock,Round Whitefish,8,Harvest,0
2012,FRANKFORT-ELBERTA,Pier/Dock,Smallmouth Bass,8,Catch,0
2012,FRANKFORT-ELBERTA,Pier/Dock,Smallmouth Bass,8,Harvest,0
2012,FRANKFORT-ELBERTA,Pier/Dock,Splake,8,Catch,0
2012,FRANKFORT-ELBERTA,Pier/Dock,Splake,8,Harvest,0
2012,FRANKFORT-ELBERTA,Pier/Dock,Steelhead,8,Catch,0
2012,FRANKFORT-ELBERTA,Pier/Dock,Steelhead,8,Harvest,0
2012,FRANKFORT-ELBERTA,Pier/Dock,Walleye,8,Catch,0
2012,FRANKFORT-ELBERTA,Pier/Dock,Walleye,8,Harvest,0
2012,FRANKFORT-ELBERTA,Pier/Dock,White Bass,8,Catch,0
2012,FRANKFORT-ELBERTA,Pier/Dock,White Bass,8,Harvest,0
2012,FRANKFORT-ELBERTA,Pier/Dock,White Perch,8,Catch,0
2012,FRANKFORT-ELBERTA,Pier/Dock,White Perch,8,Harvest,0
2012,FRANKFORT-ELBERTA,Pier/Dock,Yellow Perch,8,Catch,0
2012,FRANKFORT-ELBERTA,Pier/Dock,Yellow Perch,8,Harvest,0
2012,FRANKFORT-ELBERTA,Pier/Dock,Atlantic Salmon,9,Catch,0
2012,FRANKFORT-ELBERTA,Pier/Dock,Atlantic Salmon,9,Harvest,0
2012,FRANKFORT-ELBERTA,Pier/Dock,Black Crappie,9,Catch,0
2012,FRANKFORT-ELBERTA,Pier/Dock,Black Crappie,9,Harvest,0
2012,FRANKFORT-ELBERTA,Pier/Dock,Bluegill,9,Catch,0
2012,FRANKFORT-ELBERTA,Pier/Dock,Bluegill,9,Harvest,0
2012,FRANKFORT-ELBERTA,Pier/Dock,Brook Trout,9,Catch,0
2012,FRANKFORT-ELBERTA,Pier/Dock,Brook Trout,9,Harvest,0
2012,FRANKFORT-ELBERTA,Pier/Dock,Brown Trout,9,Catch,8
2012,FRANKFORT-ELBERTA,Pier/Dock,Brown Trout,9,Harvest,8
2012,FRANKFORT-ELBERTA,Pier/Dock,Carp,9,Catch,0
2012,FRANKFORT-ELBERTA,Pier/Dock,Carp,9,Harvest,0
2012,FRANKFORT-ELBERTA,Pier/Dock,Channel Catfish,9,Catch,0
2012,FRANKFORT-ELBERTA,Pier/Dock,Channel Catfish,9,Harvest,0
2012,FRANKFORT-ELBERTA,Pier/Dock,Chinook Salmon,9,Catch,86
2012,FRANKFORT-ELBERTA,Pier/Dock,Chinook Salmon,9,Harvest,86
2012,FRANKFORT-ELBERTA,Pier/Dock,Coho Salmon,9,Catch,93
2012,FRANKFORT-ELBERTA,Pier/Dock,Coho Salmon,9,Harvest,93
2012,FRANKFORT-ELBERTA,Pier/Dock,Common White Sucker,9,Catch,0
2012,FRANKFORT-ELBERTA,Pier/Dock,Common White Sucker,9,Harvest,0
2012,FRANKFORT-ELBERTA,Pier/Dock,Drum,9,Catch,0
2012,FRANKFORT-ELBERTA,Pier/Dock,Drum,9,Harvest,0
2012,FRANKFORT-ELBERTA,Pier/Dock,Fat Lake Trout,9,Catch,0
2012,FRANKFORT-ELBERTA,Pier/Dock,Fat Lake Trout,9,Harvest,0
2012,FRANKFORT-ELBERTA,Pier/Dock,Lake Herring,9,Catch,0
2012,FRANKFORT-ELBERTA,Pier/Dock,Lake Herring,9,Harvest,0
2012,FRANKFORT-ELBERTA,Pier/Dock,Lake Whitefish,9,Catch,0
2012,FRANKFORT-ELBERTA,Pier/Dock,Lake Whitefish,9,Harvest,0
2012,FRANKFORT-ELBERTA,Pier/Dock,Largemouth Bass,9,Catch,0
2012,FRANKFORT-ELBERTA,Pier/Dock,Largemouth Bass,9,Harvest,0
2012,FRANKFORT-ELBERTA,Pier/Dock,Lean Lake Trout,9,Catch,0
2012,FRANKFORT-ELBERTA,Pier/Dock,Lean Lake Trout,9,Harvest,0
2012,FRANKFORT-ELBERTA,Pier/Dock,Musky,9,Catch,0
2012,FRANKFORT-ELBERTA,Pier/Dock,Musky,9,Harvest,0
2012,FRANKFORT-ELBERTA,Pier/Dock,Northern Pike,9,Catch,0
2012,FRANKFORT-ELBERTA,Pier/Dock,Northern Pike,9,Harvest,0
2012,FRANKFORT-ELBERTA,Pier/Dock,,9,Angler Hours,2204
2012,FRANKFORT-ELBERTA,Pier/Dock,Other,9,Catch,0
2012,FRANKFORT-ELBERTA,Pier/Dock,Other,9,Harvest,0
2012,FRANKFORT-ELBERTA,Pier/Dock,Pink Salmon,9,Catch,0
2012,FRANKFORT-ELBERTA,Pier/Dock,Pink Salmon,9,Harvest,0
2012,FRANKFORT-ELBERTA,Pier/Dock,Pumpkinseed,9,Catch,0
2012,FRANKFORT-ELBERTA,Pier/Dock,Pumpkinseed,9,Harvest,0
2012,FRANKFORT-ELBERTA,Pier/Dock,Rockbass,9,Catch,0
2012,FRANKFORT-ELBERTA,Pier/Dock,Rockbass,9,Harvest,0
2012,FRANKFORT-ELBERTA,Pier/Dock,Round Whitefish,9,Catch,0
2012,FRANKFORT-ELBERTA,Pier/Dock,Round Whitefish,9,Harvest,0
2012,FRANKFORT-ELBERTA,Pier/Dock,Smallmouth Bass,9,Catch,0
2012,FRANKFORT-ELBERTA,Pier/Dock,Smallmouth Bass,9,Harvest,0
2012,FRANKFORT-ELBERTA,Pier/Dock,Splake,9,Catch,0
2012,FRANKFORT-ELBERTA,Pier/Dock,Splake,9,Harvest,0
2012,FRANKFORT-ELBERTA,Pier/Dock,Steelhead,9,Catch,21
2012,FRANKFORT-ELBERTA,Pier/Dock,Steelhead,9,Harvest,8
2012,FRANKFORT-ELBERTA,Pier/Dock,Walleye,9,Catch,0
2012,FRANKFORT-ELBERTA,Pier/Dock,Walleye,9,Harvest,0
2012,FRANKFORT-ELBERTA,Pier/Dock,White Bass,9,Catch,0
2012,FRANKFORT-ELBERTA,Pier/Dock,White Bass,9,Harvest,0
2012,FRANKFORT-ELBERTA,Pier/Dock,White Perch,9,Catch,0
2012,FRANKFORT-ELBERTA,Pier/Dock,White Perch,9,Harvest,0
2012,FRANKFORT-ELBERTA,Pier/Dock,Yellow Perch,9,Catch,0
2012,FRANKFORT-ELBERTA,Pier/Dock,Yellow Perch,9,Harvest,0
2012,FRANKFORT-ELBERTA,Pier/Dock,Atlantic Salmon,10,Catch,0
2012,FRANKFORT-ELBERTA,Pier/Dock,Atlantic Salmon,10,Harvest,0
2012,FRANKFORT-ELBERTA,Pier/Dock,Black Crappie,10,Catch,0
2012,FRANKFORT-ELBERTA,Pier/Dock,Black Crappie,10,Harvest,0
2012,FRANKFORT-ELBERTA,Pier/Dock,Bluegill,10,Catch,0
2012,FRANKFORT-ELBERTA,Pier/Dock,Bluegill,10,Harvest,0
2012,FRANKFORT-ELBERTA,Pier/Dock,Brook Trout,10,Catch,0
2012,FRANKFORT-ELBERTA,Pier/Dock,Brook Trout,10,Harvest,0
2012,FRANKFORT-ELBERTA,Pier/Dock,Brown Trout,10,Catch,0
2012,FRANKFORT-ELBERTA,Pier/Dock,Brown Trout,10,Harvest,0
2012,FRANKFORT-ELBERTA,Pier/Dock,Carp,10,Catch,0
2012,FRANKFORT-ELBERTA,Pier/Dock,Carp,10,Harvest,0
2012,FRANKFORT-ELBERTA,Pier/Dock,Channel Catfish,10,Catch,0
2012,FRANKFORT-ELBERTA,Pier/Dock,Channel Catfish,10,Harvest,0
2012,FRANKFORT-ELBERTA,Pier/Dock,Chinook Salmon,10,Catch,0
2012,FRANKFORT-ELBERTA,Pier/Dock,Chinook Salmon,10,Harvest,0
2012,FRANKFORT-ELBERTA,Pier/Dock,Coho Salmon,10,Catch,29
2012,FRANKFORT-ELBERTA,Pier/Dock,Coho Salmon,10,Harvest,29
2012,FRANKFORT-ELBERTA,Pier/Dock,Common White Sucker,10,Catch,0
2012,FRANKFORT-ELBERTA,Pier/Dock,Common White Sucker,10,Harvest,0
2012,FRANKFORT-ELBERTA,Pier/Dock,Drum,10,Catch,0
2012,FRANKFORT-ELBERTA,Pier/Dock,Drum,10,Harvest,0
2012,FRANKFORT-ELBERTA,Pier/Dock,Fat Lake Trout,10,Catch,0
2012,FRANKFORT-ELBERTA,Pier/Dock,Fat Lake Trout,10,Harvest,0
2012,FRANKFORT-ELBERTA,Pier/Dock,Lake Herring,10,Catch,0
2012,FRANKFORT-ELBERTA,Pier/Dock,Lake Herring,10,Harvest,0
2012,FRANKFORT-ELBERTA,Pier/Dock,Lake Whitefish,10,Catch,0
2012,FRANKFORT-ELBERTA,Pier/Dock,Lake Whitefish,10,Harvest,0
2012,FRANKFORT-ELBERTA,Pier/Dock,Largemouth Bass,10,Catch,0
2012,FRANKFORT-ELBERTA,Pier/Dock,Largemouth Bass,10,Harvest,0
2012,FRANKFORT-ELBERTA,Pier/Dock,Lean Lake Trout,10,Catch,11
2012,FRANKFORT-ELBERTA,Pier/Dock,Lean Lake Trout,10,Harvest,11
2012,FRANKFORT-ELBERTA,Pier/Dock,Musky,10,Catch,0
2012,FRANKFORT-ELBERTA,Pier/Dock,Musky,10,Harvest,0
2012,FRANKFORT-ELBERTA,Pier/Dock,Northern Pike,10,Catch,0
2012,FRANKFORT-ELBERTA,Pier/Dock,Northern Pike,10,Harvest,0
2012,FRANKFORT-ELBERTA,Pier/Dock,,10,Angler Hours,1706
2012,FRANKFORT-ELBERTA,Pier/Dock,Other,10,Catch,0
2012,FRANKFORT-ELBERTA,Pier/Dock,Other,10,Harvest,0
2012,FRANKFORT-ELBERTA,Pier/Dock,Pink Salmon,10,Catch,0
2012,FRANKFORT-ELBERTA,Pier/Dock,Pink Salmon,10,Harvest,0
2012,FRANKFORT-ELBERTA,Pier/Dock,Pumpkinseed,10,Catch,0
2012,FRANKFORT-ELBERTA,Pier/Dock,Pumpkinseed,10,Harvest,0
2012,FRANKFORT-ELBERTA,Pier/Dock,Rockbass,10,Catch,0
2012,FRANKFORT-ELBERTA,Pier/Dock,Rockbass,10,Harvest,0
2012,FRANKFORT-ELBERTA,Pier/Dock,Round Whitefish,10,Catch,0
2012,FRANKFORT-ELBERTA,Pier/Dock,Round Whitefish,10,Harvest,0
2012,FRANKFORT-ELBERTA,Pier/Dock,Smallmouth Bass,10,Catch,0
2012,FRANKFORT-ELBERTA,Pier/Dock,Smallmouth Bass,10,Harvest,0
2012,FRANKFORT-ELBERTA,Pier/Dock,Splake,10,Catch,0
2012,FRANKFORT-ELBERTA,Pier/Dock,Splake,10,Harvest,0
2012,FRANKFORT-ELBERTA,Pier/Dock,Steelhead,10,Catch,202
2012,FRANKFORT-ELBERTA,Pier/Dock,Steelhead,10,Harvest,167
2012,FRANKFORT-ELBERTA,Pier/Dock,Walleye,10,Catch,0
2012,FRANKFORT-ELBERTA,Pier/Dock,Walleye,10,Harvest,0
2012,FRANKFORT-ELBERTA,Pier/Dock,White Bass,10,Catch,0
2012,FRANKFORT-ELBERTA,Pier/Dock,White Bass,10,Harvest,0
2012,FRANKFORT-ELBERTA,Pier/Dock,White Perch,10,Catch,0
2012,FRANKFORT-ELBERTA,Pier/Dock,White Perch,10,Harvest,0
2012,FRANKFORT-ELBERTA,Pier/Dock,Yellow Perch,10,Catch,0
2012,FRANKFORT-ELBERTA,Pier/Dock,Yellow Perch,10,Harvest,0
2013,FRANKFORT-ELBERTA,Pier/Dock,Brown Trout,4,Catch,35
2013,FRANKFORT-ELBERTA,Pier/Dock,Brown Trout,4,Harvest,35
2013,FRANKFORT-ELBERTA,Pier/Dock,,4,Angler Hours,1472
2013,FRANKFORT-ELBERTA,Pier/Dock,Steelhead,4,Catch,107
2013,FRANKFORT-ELBERTA,Pier/Dock,Steelhead,4,Harvest,86
2013,FRANKFORT-ELBERTA,Pier/Dock,,5,Angler Hours,164
2013,FRANKFORT-ELBERTA,Pier/Dock,Steelhead,5,Catch,10
2013,FRANKFORT-ELBERTA,Pier/Dock,Steelhead,5,Harvest,10
2013,FRANKFORT-ELBERTA,Pier/Dock,,6,Angler Hours,116
2013,FRANKFORT-ELBERTA,Pier/Dock,Brown Trout,7,Catch,14
2013,FRANKFORT-ELBERTA,Pier/Dock,Brown Trout,7,Harvest,14
2013,FRANKFORT-ELBERTA,Pier/Dock,Chinook Salmon,7,Catch,1
2013,FRANKFORT-ELBERTA,Pier/Dock,Drum,7,Catch,4
2013,FRANKFORT-ELBERTA,Pier/Dock,Drum,7,Harvest,4
2013,FRANKFORT-ELBERTA,Pier/Dock,,7,Angler Hours,199
2013,FRANKFORT-ELBERTA,Pier/Dock,Brown Trout,8,Catch,4
2013,FRANKFORT-ELBERTA,Pier/Dock,Brown Trout,8,Harvest,4
2013,FRANKFORT-ELBERTA,Pier/Dock,Chinook Salmon,8,Catch,173
2013,FRANKFORT-ELBERTA,Pier/Dock,Chinook Salmon,8,Harvest,173
2013,FRANKFORT-ELBERTA,Pier/Dock,Coho Salmon,8,Catch,8
2013,FRANKFORT-ELBERTA,Pier/Dock,Coho Salmon,8,Harvest,8
2013,FRANKFORT-ELBERTA,Pier/Dock,,8,Angler Hours,2163
2013,FRANKFORT-ELBERTA,Pier/Dock,Brown Trout,9,Catch,123
2013,FRANKFORT-ELBERTA,Pier/Dock,Brown Trout,9,Harvest,123
2013,FRANKFORT-ELBERTA,Pier/Dock,Chinook Salmon,9,Catch,421
2013,FRANKFORT-ELBERTA,Pier/Dock,Chinook Salmon,9,Harvest,421
2013,FRANKFORT-ELBERTA,Pier/Dock,Coho Salmon,9,Catch,287
2013,FRANKFORT-ELBERTA,Pier/Dock,Coho Salmon,9,Harvest,287
2013,FRANKFORT-ELBERTA,Pier/Dock,,9,Angler Hours,2988
2013,FRANKFORT-ELBERTA,Pier/Dock,,10,Angler Hours,1466
2013,FRANKFORT-ELBERTA,Pier/Dock,Steelhead,10,Catch,133
2013,FRANKFORT-ELBERTA,Pier/Dock,Steelhead,10,Harvest,124
2014,FRANKFORT-ELBERTA,Pier/Dock,Chinook Salmon,4,Catch,2
2014,FRANKFORT-ELBERTA,Pier/Dock,Chinook Salmon,4,Harvest,2
2014,FRANKFORT-ELBERTA,Pier/Dock,,4,Angler Hours,330
2014,FRANKFORT-ELBERTA,Pier/Dock,Steelhead,4,Catch,5
2014,FRANKFORT-ELBERTA,Pier/Dock,Steelhead,4,Harvest,5
2014,FRANKFORT-ELBERTA,Pier/Dock,,5,Angler Hours,447
2014,FRANKFORT-ELBERTA,Pier/Dock,Steelhead,5,Catch,9
2014,FRANKFORT-ELBERTA,Pier/Dock,Steelhead,5,Harvest,9
2014,FRANKFORT-ELBERTA,Pier/Dock,,6,Angler Hours,621
2014,FRANKFORT-ELBERTA,Pier/Dock,Brown Trout,7,Catch,4
2014,FRANKFORT-ELBERTA,Pier/Dock,Brown Trout,7,Harvest,4
2014,FRANKFORT-ELBERTA,Pier/Dock,,7,Angler Hours,332
2014,FRANKFORT-ELBERTA,Pier/Dock,Steelhead,7,Catch,4
2014,FRANKFORT-ELBERTA,Pier/Dock,Steelhead,7,Harvest,4
2014,FRANKFORT-ELBERTA,Pier/Dock,Walleye,7,Catch,4
2014,FRANKFORT-ELBERTA,Pier/Dock,Walleye,7,Harvest,4
2014,FRANKFORT-ELBERTA,Pier/Dock,Brown Trout,8,Catch,8
2014,FRANKFORT-ELBERTA,Pier/Dock,Brown Trout,8,Harvest,8
2014,FRANKFORT-ELBERTA,Pier/Dock,Chinook Salmon,8,Catch,97
2014,FRANKFORT-ELBERTA,Pier/Dock,Chinook Salmon,8,Harvest,97
2014,FRANKFORT-ELBERTA,Pier/Dock,Coho Salmon,8,Catch,68
2014,FRANKFORT-ELBERTA,Pier/Dock,Coho Salmon,8,Harvest,68
2014,FRANKFORT-ELBERTA,Pier/Dock,Lean Lake Trout,8,Catch,68
2014,FRANKFORT-ELBERTA,Pier/Dock,Lean Lake Trout,8,Harvest,68
2014,FRANKFORT-ELBERTA,Pier/Dock,,8,Angler Hours,2524
2014,FRANKFORT-ELBERTA,Pier/Dock,Smallmouth Bass,8,Catch,64
2014,FRANKFORT-ELBERTA,Pier/Dock,Chinook Salmon,9,Catch,90
2014,FRANKFORT-ELBERTA,Pier/Dock,Chinook Salmon,9,Harvest,90
2014,FRANKFORT-ELBERTA,Pier/Dock,Coho Salmon,9,Catch,78
2014,FRANKFORT-ELBERTA,Pier/Dock,Coho Salmon,9,Harvest,78
2014,FRANKFORT-ELBERTA,Pier/Dock,,9,Angler Hours,2712
2014,FRANKFORT-ELBERTA,Pier/Dock,Walleye,9,Catch,28
2014,FRANKFORT-ELBERTA,Pier/Dock,Walleye,9,Harvest,28
2014,FRANKFORT-ELBERTA,Pier/Dock,Coho Salmon,10,Catch,36
2014,FRANKFORT-ELBERTA,Pier/Dock,Coho Salmon,10,Harvest,36
2014,FRANKFORT-ELBERTA,Pier/Dock,,10,Angler Hours,1788
2014,FRANKFORT-ELBERTA,Pier/Dock,Steelhead,10,Catch,180
2014,FRANKFORT-ELBERTA,Pier/Dock,Steelhead,10,Harvest,175
2015,FRANKFORT-ELBERTA,Pier/Dock,Brown Trout,4,Catch,109
2015,FRANKFORT-ELBERTA,Pier/Dock,Brown Trout,4,Harvest,86
2015,FRANKFORT-ELBERTA,Pier/Dock,,4,Angler Hours,1095
2015,FRANKFORT-ELBERTA,Pier/Dock,Steelhead,4,Catch,25
2015,FRANKFORT-ELBERTA,Pier/Dock,Steelhead,4,Harvest,25
2015,FRANKFORT-ELBERTA,Pier/Dock,Brown Trout,5,Catch,43
2015,FRANKFORT-ELBERTA,Pier/Dock,Brown Trout,5,Harvest,43
2015,FRANKFORT-ELBERTA,Pier/Dock,Drum,5,Catch,11
2015,FRANKFORT-ELBERTA,Pier/Dock,,5,Angler Hours,515
2015,FRANKFORT-ELBERTA,Pier/Dock,Steelhead,5,Catch,15
2015,FRANKFORT-ELBERTA,Pier/Dock,Steelhead,5,Harvest,15
2015,FRANKFORT-ELBERTA,Pier/Dock,Brown Trout,6,Catch,40
2015,FRANKFORT-ELBERTA,Pier/Dock,Brown Trout,6,Harvest,31
2015,FRANKFORT-ELBERTA,Pier/Dock,Common White Sucker,6,Catch,4
2015,FRANKFORT-ELBERTA,Pier/Dock,Common White Sucker,6,Harvest,4
2015,FRANKFORT-ELBERTA,Pier/Dock,,6,Angler Hours,532
2015,FRANKFORT-ELBERTA,Pier/Dock,Other,6,Catch,81
2015,FRANKFORT-ELBERTA,Pier/Dock,,7,Angler Hours,48
2015,FRANKFORT-ELBERTA,Pier/Dock,,8,Angler Hours,119
2015,FRANKFORT-ELBERTA,Pier/Dock,Chinook Salmon,9,Catch,32
2015,FRANKFORT-ELBERTA,Pier/Dock,Chinook Salmon,9,Harvest,32
2015,FRANKFORT-ELBERTA,Pier/Dock,Coho Salmon,9,Catch,11
2015,FRANKFORT-ELBERTA,Pier/Dock,Coho Salmon,9,Harvest,11
2015,FRANKFORT-ELBERTA,Pier/Dock,,9,Angler Hours,918
2015,FRANKFORT-ELBERTA,Pier/Dock,Steelhead,9,Catch,16
2015,FRANKFORT-ELBERTA,Pier/Dock,Steelhead,9,Harvest,13
2015,FRANKFORT-ELBERTA,Pier/Dock,Coho Salmon,10,Catch,39
2015,FRANKFORT-ELBERTA,Pier/Dock,Coho Salmon,10,Harvest,39
2015,FRANKFORT-ELBERTA,Pier/Dock,Lean Lake Trout,10,Catch,8
2015,FRANKFORT-ELBERTA,Pier/Dock,,10,Angler Hours,1547
2015,FRANKFORT-ELBERTA,Pier/Dock,Steelhead,10,Catch,15
2015,FRANKFORT-ELBERTA,Pier/Dock,Steelhead,10,Harvest,15
2016,FRANKFORT-ELBERTA,Pier/Dock,Brown Trout,4,Catch,4
2016,FRANKFORT-ELBERTA,Pier/Dock,Brown Trout,4,Harvest,4
2016,FRANKFORT-ELBERTA,Pier/Dock,Lean Lake Trout,4,Catch,4
2016,FRANKFORT-ELBERTA,Pier/Dock,Lean Lake Trout,4,Harvest,4
2016,FRANKFORT-ELBERTA,Pier/Dock,,4,Angler Hours,424
2016,FRANKFORT-ELBERTA,Pier/Dock,Brown Trout,5,Catch,27
2016,FRANKFORT-ELBERTA,Pier/Dock,Brown Trout,5,Harvest,27
2016,FRANKFORT-ELBERTA,Pier/Dock,,5,Angler Hours,400
2016,FRANKFORT-ELBERTA,Pier/Dock,Brown Trout,6,Catch,23
2016,FRANKFORT-ELBERTA,Pier/Dock,Brown Trout,6,Harvest,23
2016,FRANKFORT-ELBERTA,Pier/Dock,,6,Angler Hours,1346
2016,FRANKFORT-ELBERTA,Pier/Dock,Steelhead,6,Catch,45
2016,FRANKFORT-ELBERTA,Pier/Dock,Steelhead,6,Harvest,45
2016,FRANKFORT-ELBERTA,Pier/Dock,,7,Angler Hours,281
2016,FRANKFORT-ELBERTA,Pier/Dock,Steelhead,7,Catch,61
2016,FRANKFORT-ELBERTA,Pier/Dock,Steelhead,7,Harvest,61
2016,FRANKFORT-ELBERTA,Pier/Dock,Chinook Salmon,8,Catch,3
2016,FRANKFORT-ELBERTA,Pier/Dock,Chinook Salmon,8,Harvest,3
2016,FRANKFORT-ELBERTA,Pier/Dock,Northern Pike,8,Catch,3
2016,FRANKFORT-ELBERTA,Pier/Dock,Northern Pike,8,Harvest,3
2016,FRANKFORT-ELBERTA,Pier/Dock,,8,Angler Hours,124
2016,FRANKFORT-ELBERTA,Pier/Dock,Coho Salmon,9,Catch,40
2016,FRANKFORT-ELBERTA,Pier/Dock,Coho Salmon,9,Harvest,40
2016,FRANKFORT-ELBERTA,Pier/Dock,,9,Angler Hours,1182
2016,FRANKFORT-ELBERTA,Pier/Dock,Lean Lake Trout,10,Catch,3
2016,FRANKFORT-ELBERTA,Pier/Dock,,10,Angler Hours,1490
2016,FRANKFORT-ELBERTA,Pier/Dock,Steelhead,10,Catch,162
2016,FRANKFORT-ELBERTA,Pier/Dock,Steelhead,10,Harvest,119
2017,FRANKFORT-ELBERTA,Pier/Dock,Brown Trout,4,Catch,13
2017,FRANKFORT-ELBERTA,Pier/Dock,Brown Trout,4,Harvest,13
2017,FRANKFORT-ELBERTA,Pier/Dock,,4,Angler Hours,296
2017,FRANKFORT-ELBERTA,Pier/Dock,Steelhead,4,Catch,11
2017,FRANKFORT-ELBERTA,Pier/Dock,Steelhead,4,Harvest,11
2017,FRANKFORT-ELBERTA,Pier/Dock,Chinook Salmon,5,Catch,13
2017,FRANKFORT-ELBERTA,Pier/Dock,Chinook Salmon,5,Harvest,13
2017,FRANKFORT-ELBERTA,Pier/Dock,Lean Lake Trout,5,Catch,13
2017,FRANKFORT-ELBERTA,Pier/Dock,Lean Lake Trout,5,Harvest,13
2017,FRANKFORT-ELBERTA,Pier/Dock,,5,Angler Hours,679
2017,FRANKFORT-ELBERTA,Pier/Dock,,6,Angler Hours,344
2017,FRANKFORT-ELBERTA,Pier/Dock,Chinook Salmon,7,Catch,14
2017,FRANKFORT-ELBERTA,Pier/Dock,Chinook Salmon,7,Harvest,7
2017,FRANKFORT-ELBERTA,Pier/Dock,,7,Angler Hours,372
2017,FRANKFORT-ELBERTA,Pier/Dock,Brown Trout,8,Catch,14
2017,FRANKFORT-ELBERTA,Pier/Dock,Brown Trout,8,Harvest,14
2017,FRANKFORT-ELBERTA,Pier/Dock,Chinook Salmon,8,Catch,43
2017,FRANKFORT-ELBERTA,Pier/Dock,Chinook Salmon,8,Harvest,43
2017,FRANKFORT-ELBERTA,Pier/Dock,Drum,8,Catch,43
2017,FRANKFORT-ELBERTA,Pier/Dock,,8,Angler Hours,1372
2017,FRANKFORT-ELBERTA,Pier/Dock,Chinook Salmon,9,Catch,115
2017,FRANKFORT-ELBERTA,Pier/Dock,Chinook Salmon,9,Harvest,115
2017,FRANKFORT-ELBERTA,Pier/Dock,Coho Salmon,9,Catch,33
2017,FRANKFORT-ELBERTA,Pier/Dock,Coho Salmon,9,Harvest,33
2017,FRANKFORT-ELBERTA,Pier/Dock,,9,Angler Hours,1560
2017,FRANKFORT-ELBERTA,Pier/Dock,Coho Salmon,10,Catch,12
2017,FRANKFORT-ELBERTA,Pier/Dock,Coho Salmon,10,Harvest,12
2017,FRANKFORT-ELBERTA,Pier/Dock,Lean Lake Trout,10,Catch,5
2017,FRANKFORT-ELBERTA,Pier/Dock,,10,Angler Hours,1614
2017,FRANKFORT-ELBERTA,Pier/Dock,Steelhead,10,Catch,223
2017,FRANKFORT-ELBERTA,Pier/Dock,Steelhead,10,Harvest,136
2018,FRANKFORT-ELBERTA,Pier/Dock,Bluegill,4,Catch,0
2018,FRANKFORT-ELBERTA,Pier/Dock,Bluegill,4,Harvest,0
2018,FRANKFORT-ELBERTA,Pier/Dock,Brown Trout,4,Catch,60
2018,FRANKFORT-ELBERTA,Pier/Dock,Brown Trout,4,Harvest,60
2018,FRANKFORT-ELBERTA,Pier/Dock,Channel Catfish,4,Catch,0
2018,FRANKFORT-ELBERTA,Pier/Dock,Channel Catfish,4,Harvest,0
2018,FRANKFORT-ELBERTA,Pier/Dock,Chinook Salmon,4,Catch,0
2018,FRANKFORT-ELBERTA,Pier/Dock,Chinook Salmon,4,Harvest,0
2018,FRANKFORT-ELBERTA,Pier/Dock,Coho Salmon,4,Catch,0
2018,FRANKFORT-ELBERTA,Pier/Dock,Coho Salmon,4,Harvest,0
2018,FRANKFORT-ELBERTA,Pier/Dock,Common White Sucker,4,Catch,0
2018,FRANKFORT-ELBERTA,Pier/Dock,Common White Sucker,4,Harvest,0
2018,FRANKFORT-ELBERTA,Pier/Dock,Drum,4,Catch,0
2018,FRANKFORT-ELBERTA,Pier/Dock,Drum,4,Harvest,0
2018,FRANKFORT-ELBERTA,Pier/Dock,Lake Herring,4,Catch,0
2018,FRANKFORT-ELBERTA,Pier/Dock,Lake Herring,4,Harvest,0
2018,FRANKFORT-ELBERTA,Pier/Dock,Lake Whitefish,4,Catch,0
2018,FRANKFORT-ELBERTA,Pier/Dock,Lake Whitefish,4,Harvest,0
2018,FRANKFORT-ELBERTA,Pier/Dock,Largemouth Bass,4,Catch,0
2018,FRANKFORT-ELBERTA,Pier/Dock,Largemouth Bass,4,Harvest,0
2018,FRANKFORT-ELBERTA,Pier/Dock,Lean Lake Trout,4,Catch,0
2018,FRANKFORT-ELBERTA,Pier/Dock,Lean Lake Trout,4,Harvest,0
2018,FRANKFORT-ELBERTA,Pier/Dock,Musky,4,Catch,0
2018,FRANKFORT-ELBERTA,Pier/Dock,Musky,4,Harvest,0
2018,FRANKFORT-ELBERTA,Pier/Dock,Northern Pike,4,Catch,0
2018,FRANKFORT-ELBERTA,Pier/Dock,Northern Pike,4,Harvest,0
2018,FRANKFORT-ELBERTA,Pier/Dock,,4,Angler Hours,613
2018,FRANKFORT-ELBERTA,Pier/Dock,Other,4,Catch,0
2018,FRANKFORT-ELBERTA,Pier/Dock,Other,4,Harvest,0
2018,FRANKFORT-ELBERTA,Pier/Dock,Pink Salmon,4,Catch,0
2018,FRANKFORT-ELBERTA,Pier/Dock,Pink Salmon,4,Harvest,0
2018,FRANKFORT-ELBERTA,Pier/Dock,Pumpkinseed,4,Catch,0
2018,FRANKFORT-ELBERTA,Pier/Dock,Pumpkinseed,4,Harvest,0
2018,FRANKFORT-ELBERTA,Pier/Dock,Rockbass,4,Catch,0
2018,FRANKFORT-ELBERTA,Pier/Dock,Rockbass,4,Harvest,0
2018,FRANKFORT-ELBERTA,Pier/Dock,Round Whitefish,4,Catch,0
2018,FRANKFORT-ELBERTA,Pier/Dock,Round Whitefish,4,Harvest,0
2018,FRANKFORT-ELBERTA,Pier/Dock,Smallmouth Bass,4,Catch,0
2018,FRANKFORT-ELBERTA,Pier/Dock,Smallmouth Bass,4,Harvest,0
2018,FRANKFORT-ELBERTA,Pier/Dock,Steelhead,4,Catch,24
2018,FRANKFORT-ELBERTA,Pier/Dock,Steelhead,4,Harvest,24
2018,FRANKFORT-ELBERTA,Pier/Dock,Walleye,4,Catch,0
2018,FRANKFORT-ELBERTA,Pier/Dock,Walleye,4,Harvest,0
2018,FRANKFORT-ELBERTA,Pier/Dock,White Bass,4,Catch,0
2018,FRANKFORT-ELBERTA,Pier/Dock,White Bass,4,Harvest,0
2018,FRANKFORT-ELBERTA,Pier/Dock,White Perch,4,Catch,0
2018,FRANKFORT-ELBERTA,Pier/Dock,White Perch,4,Harvest,0
2018,FRANKFORT-ELBERTA,Pier/Dock,Yellow Perch,4,Catch,0
2018,FRANKFORT-ELBERTA,Pier/Dock,Yellow Perch,4,Harvest,0
2018,FRANKFORT-ELBERTA,Pier/Dock,Bluegill,5,Catch,0
2018,FRANKFORT-ELBERTA,Pier/Dock,Bluegill,5,Harvest,0
2018,FRANKFORT-ELBERTA,Pier/Dock,Brown Trout,5,Catch,0
2018,FRANKFORT-ELBERTA,Pier/Dock,Brown Trout,5,Harvest,0
2018,FRANKFORT-ELBERTA,Pier/Dock,Channel Catfish,5,Catch,0
2018,FRANKFORT-ELBERTA,Pier/Dock,Channel Catfish,5,Harvest,0
2018,FRANKFORT-ELBERTA,Pier/Dock,Chinook Salmon,5,Catch,0
2018,FRANKFORT-ELBERTA,Pier/Dock,Chinook Salmon,5,Harvest,0
2018,FRANKFORT-ELBERTA,Pier/Dock,Coho Salmon,5,Catch,0
2018,FRANKFORT-ELBERTA,Pier/Dock,Coho Salmon,5,Harvest,0
2018,FRANKFORT-ELBERTA,Pier/Dock,Common White Sucker,5,Catch,0
2018,FRANKFORT-ELBERTA,Pier/Dock,Common White Sucker,5,Harvest,0
2018,FRANKFORT-ELBERTA,Pier/Dock,Drum,5,Catch,0
2018,FRANKFORT-ELBERTA,Pier/Dock,Drum,5,Harvest,0
2018,FRANKFORT-ELBERTA,Pier/Dock,Lake Herring,5,Catch,0
2018,FRANKFORT-ELBERTA,Pier/Dock,Lake Herring,5,Harvest,0
2018,FRANKFORT-ELBERTA,Pier/Dock,Lake Whitefish,5,Catch,0
2018,FRANKFORT-ELBERTA,Pier/Dock,Lake Whitefish,5,Harvest,0
2018,FRANKFORT-ELBERTA,Pier/Dock,Largemouth Bass,5,Catch,0
2018,FRANKFORT-ELBERTA,Pier/Dock,Largemouth Bass,5,Harvest,0
2018,FRANKFORT-ELBERTA,Pier/Dock,Lean Lake Trout,5,Catch,0
2018,FRANKFORT-ELBERTA,Pier/Dock,Lean Lake Trout,5,Harvest,0
2018,FRANKFORT-ELBERTA,Pier/Dock,Musky,5,Catch,0
2018,FRANKFORT-ELBERTA,Pier/Dock,Musky,5,Harvest,0
2018,FRANKFORT-ELBERTA,Pier/Dock,Northern Pike,5,Catch,0
2018,FRANKFORT-ELBERTA,Pier/Dock,Northern Pike,5,Harvest,0
2018,FRANKFORT-ELBERTA,Pier/Dock,,5,Angler Hours,160
2018,FRANKFORT-ELBERTA,Pier/Dock,Other,5,Catch,0
2018,FRANKFORT-ELBERTA,Pier/Dock,Other,5,Harvest,0
2018,FRANKFORT-ELBERTA,Pier/Dock,Pink Salmon,5,Catch,0
2018,FRANKFORT-ELBERTA,Pier/Dock,Pink Salmon,5,Harvest,0
2018,FRANKFORT-ELBERTA,Pier/Dock,Pumpkinseed,5,Catch,0
2018,FRANKFORT-ELBERTA,Pier/Dock,Pumpkinseed,5,Harvest,0
2018,FRANKFORT-ELBERTA,Pier/Dock,Rockbass,5,Catch,0
2018,FRANKFORT-ELBERTA,Pier/Dock,Rockbass,5,Harvest,0
2018,FRANKFORT-ELBERTA,Pier/Dock,Round Whitefish,5,Catch,0
2018,FRANKFORT-ELBERTA,Pier/Dock,Round Whitefish,5,Harvest,0
2018,FRANKFORT-ELBERTA,Pier/Dock,Smallmouth Bass,5,Catch,0
2018,FRANKFORT-ELBERTA,Pier/Dock,Smallmouth Bass,5,Harvest,0
2018,FRANKFORT-ELBERTA,Pier/Dock,Steelhead,5,Catch,0
2018,FRANKFORT-ELBERTA,Pier/Dock,Steelhead,5,Harvest,0
2018,FRANKFORT-ELBERTA,Pier/Dock,Walleye,5,Catch,0
2018,FRANKFORT-ELBERTA,Pier/Dock,Walleye,5,Harvest,0
2018,FRANKFORT-ELBERTA,Pier/Dock,White Bass,5,Catch,0
2018,FRANKFORT-ELBERTA,Pier/Dock,White Bass,5,Harvest,0
2018,FRANKFORT-ELBERTA,Pier/Dock,White Perch,5,Catch,0
2018,FRANKFORT-ELBERTA,Pier/Dock,White Perch,5,Harvest,0
2018,FRANKFORT-ELBERTA,Pier/Dock,Yellow Perch,5,Catch,0
2018,FRANKFORT-ELBERTA,Pier/Dock,Yellow Perch,5,Harvest,0
2018,FRANKFORT-ELBERTA,Pier/Dock,Bluegill,6,Catch,0
2018,FRANKFORT-ELBERTA,Pier/Dock,Bluegill,6,Harvest,0
2018,FRANKFORT-ELBERTA,Pier/Dock,Brown Trout,6,Catch,0
2018,FRANKFORT-ELBERTA,Pier/Dock,Brown Trout,6,Harvest,0
2018,FRANKFORT-ELBERTA,Pier/Dock,Channel Catfish,6,Catch,0
2018,FRANKFORT-ELBERTA,Pier/Dock,Channel Catfish,6,Harvest,0
2018,FRANKFORT-ELBERTA,Pier/Dock,Chinook Salmon,6,Catch,0
2018,FRANKFORT-ELBERTA,Pier/Dock,Chinook Salmon,6,Harvest,0
2018,FRANKFORT-ELBERTA,Pier/Dock,Coho Salmon,6,Catch,0
2018,FRANKFORT-ELBERTA,Pier/Dock,Coho Salmon,6,Harvest,0
2018,FRANKFORT-ELBERTA,Pier/Dock,Common White Sucker,6,Catch,0
2018,FRANKFORT-ELBERTA,Pier/Dock,Common White Sucker,6,Harvest,0
2018,FRANKFORT-ELBERTA,Pier/Dock,Drum,6,Catch,0
2018,FRANKFORT-ELBERTA,Pier/Dock,Drum,6,Harvest,0
2018,FRANKFORT-ELBERTA,Pier/Dock,Lake Herring,6,Catch,0
2018,FRANKFORT-ELBERTA,Pier/Dock,Lake Herring,6,Harvest,0
2018,FRANKFORT-ELBERTA,Pier/Dock,Lake Whitefish,6,Catch,0
2018,FRANKFORT-ELBERTA,Pier/Dock,Lake Whitefish,6,Harvest,0
2018,FRANKFORT-ELBERTA,Pier/Dock,Largemouth Bass,6,Catch,0
2018,FRANKFORT-ELBERTA,Pier/Dock,Largemouth Bass,6,Harvest,0
2018,FRANKFORT-ELBERTA,Pier/Dock,Lean Lake Trout,6,Catch,0
2018,FRANKFORT-ELBERTA,Pier/Dock,Lean Lake Trout,6,Harvest,0
2018,FRANKFORT-ELBERTA,Pier/Dock,Musky,6,Catch,0
2018,FRANKFORT-ELBERTA,Pier/Dock,Musky,6,Harvest,0
2018,FRANKFORT-ELBERTA,Pier/Dock,Northern Pike,6,Catch,0
2018,FRANKFORT-ELBERTA,Pier/Dock,Northern Pike,6,Harvest,0
2018,FRANKFORT-ELBERTA,Pier/Dock,,6,Angler Hours,20
2018,FRANKFORT-ELBERTA,Pier/Dock,Other,6,Catch,0
2018,FRANKFORT-ELBERTA,Pier/Dock,Other,6,Harvest,0
2018,FRANKFORT-ELBERTA,Pier/Dock,Pink Salmon,6,Catch,0
2018,FRANKFORT-ELBERTA,Pier/Dock,Pink Salmon,6,Harvest,0
2018,FRANKFORT-ELBERTA,Pier/Dock,Pumpkinseed,6,Catch,0
2018,FRANKFORT-ELBERTA,Pier/Dock,Pumpkinseed,6,Harvest,0
2018,FRANKFORT-ELBERTA,Pier/Dock,Rockbass,6,Catch,0
2018,FRANKFORT-ELBERTA,Pier/Dock,Rockbass,6,Harvest,0
2018,FRANKFORT-ELBERTA,Pier/Dock,Round Whitefish,6,Catch,0
2018,FRANKFORT-ELBERTA,Pier/Dock,Round Whitefish,6,Harvest,0
2018,FRANKFORT-ELBERTA,Pier/Dock,Smallmouth Bass,6,Catch,0
2018,FRANKFORT-ELBERTA,Pier/Dock,Smallmouth Bass,6,Harvest,0
2018,FRANKFORT-ELBERTA,Pier/Dock,Steelhead,6,Catch,0
2018,FRANKFORT-ELBERTA,Pier/Dock,Steelhead,6,Harvest,0
2018,FRANKFORT-ELBERTA,Pier/Dock,Walleye,6,Catch,0
2018,FRANKFORT-ELBERTA,Pier/Dock,Walleye,6,Harvest,0
2018,FRANKFORT-ELBERTA,Pier/Dock,White Bass,6,Catch,0
2018,FRANKFORT-ELBERTA,Pier/Dock,White Bass,6,Harvest,0
2018,FRANKFORT-ELBERTA,Pier/Dock,White Perch,6,Catch,0
2018,FRANKFORT-ELBERTA,Pier/Dock,White Perch,6,Harvest,0
2018,FRANKFORT-ELBERTA,Pier/Dock,Yellow Perch,6,Catch,0
2018,FRANKFORT-ELBERTA,Pier/Dock,Yellow Perch,6,Harvest,0
2018,FRANKFORT-ELBERTA,Pier/Dock,Bluegill,7,Catch,0
2018,FRANKFORT-ELBERTA,Pier/Dock,Bluegill,7,Harvest,0
2018,FRANKFORT-ELBERTA,Pier/Dock,Brown Trout,7,Catch,0
2018,FRANKFORT-ELBERTA,Pier/Dock,Brown Trout,7,Harvest,0
2018,FRANKFORT-ELBERTA,Pier/Dock,Channel Catfish,7,Catch,0
2018,FRANKFORT-ELBERTA,Pier/Dock,Channel Catfish,7,Harvest,0
2018,FRANKFORT-ELBERTA,Pier/Dock,Chinook Salmon,7,Catch,38
2018,FRANKFORT-ELBERTA,Pier/Dock,Chinook Salmon,7,Harvest,38
2018,FRANKFORT-ELBERTA,Pier/Dock,Coho Salmon,7,Catch,0
2018,FRANKFORT-ELBERTA,Pier/Dock,Coho Salmon,7,Harvest,0
2018,FRANKFORT-ELBERTA,Pier/Dock,Common White Sucker,7,Catch,0
2018,FRANKFORT-ELBERTA,Pier/Dock,Common White Sucker,7,Harvest,0
2018,FRANKFORT-ELBERTA,Pier/Dock,Drum,7,Catch,11
2018,FRANKFORT-ELBERTA,Pier/Dock,Drum,7,Harvest,0
2018,FRANKFORT-ELBERTA,Pier/Dock,Lake Herring,7,Catch,7
2018,FRANKFORT-ELBERTA,Pier/Dock,Lake Herring,7,Harvest,7
2018,FRANKFORT-ELBERTA,Pier/Dock,Lake Whitefish,7,Catch,0
2018,FRANKFORT-ELBERTA,Pier/Dock,Lake Whitefish,7,Harvest,0
2018,FRANKFORT-ELBERTA,Pier/Dock,Largemouth Bass,7,Catch,0
2018,FRANKFORT-ELBERTA,Pier/Dock,Largemouth Bass,7,Harvest,0
2018,FRANKFORT-ELBERTA,Pier/Dock,Lean Lake Trout,7,Catch,0
2018,FRANKFORT-ELBERTA,Pier/Dock,Lean Lake Trout,7,Harvest,0
2018,FRANKFORT-ELBERTA,Pier/Dock,Musky,7,Catch,0
2018,FRANKFORT-ELBERTA,Pier/Dock,Musky,7,Harvest,0
2018,FRANKFORT-ELBERTA,Pier/Dock,Northern Pike,7,Catch,0
2018,FRANKFORT-ELBERTA,Pier/Dock,Northern Pike,7,Harvest,0
2018,FRANKFORT-ELBERTA,Pier/Dock,,7,Angler Hours,333
2018,FRANKFORT-ELBERTA,Pier/Dock,Other,7,Catch,0
2018,FRANKFORT-ELBERTA,Pier/Dock,Other,7,Harvest,0
2018,FRANKFORT-ELBERTA,Pier/Dock,Pink Salmon,7,Catch,0
2018,FRANKFORT-ELBERTA,Pier/Dock,Pink Salmon,7,Harvest,0
2018,FRANKFORT-ELBERTA,Pier/Dock,Pumpkinseed,7,Catch,0
2018,FRANKFORT-ELBERTA,Pier/Dock,Pumpkinseed,7,Harvest,0
2018,FRANKFORT-ELBERTA,Pier/Dock,Rockbass,7,Catch,0
2018,FRANKFORT-ELBERTA,Pier/Dock,Rockbass,7,Harvest,0
2018,FRANKFORT-ELBERTA,Pier/Dock,Round Whitefish,7,Catch,0
2018,FRANKFORT-ELBERTA,Pier/Dock,Round Whitefish,7,Harvest,0
2018,FRANKFORT-ELBERTA,Pier/Dock,Smallmouth Bass,7,Catch,0
2018,FRANKFORT-ELBERTA,Pier/Dock,Smallmouth Bass,7,Harvest,0
2018,FRANKFORT-ELBERTA,Pier/Dock,Steelhead,7,Catch,7
2018,FRANKFORT-ELBERTA,Pier/Dock,Steelhead,7,Harvest,7
2018,FRANKFORT-ELBERTA,Pier/Dock,Walleye,7,Catch,0
2018,FRANKFORT-ELBERTA,Pier/Dock,Walleye,7,Harvest,0
2018,FRANKFORT-ELBERTA,Pier/Dock,White Bass,7,Catch,0
2018,FRANKFORT-ELBERTA,Pier/Dock,White Bass,7,Harvest,0
2018,FRANKFORT-ELBERTA,Pier/Dock,White Perch,7,Catch,0
2018,FRANKFORT-ELBERTA,Pier/Dock,White Perch,7,Harvest,0
2018,FRANKFORT-ELBERTA,Pier/Dock,Yellow Perch,7,Catch,0
2018,FRANKFORT-ELBERTA,Pier/Dock,Yellow Perch,7,Harvest,0
2018,FRANKFORT-ELBERTA,Pier/Dock,Bluegill,8,Catch,0
2018,FRANKFORT-ELBERTA,Pier/Dock,Bluegill,8,Harvest,0
2018,FRANKFORT-ELBERTA,Pier/Dock,Brown Trout,8,Catch,0
2018,FRANKFORT-ELBERTA,Pier/Dock,Brown Trout,8,Harvest,0
2018,FRANKFORT-ELBERTA,Pier/Dock,Channel Catfish,8,Catch,0
2018,FRANKFORT-ELBERTA,Pier/Dock,Channel Catfish,8,Harvest,0
2018,FRANKFORT-ELBERTA,Pier/Dock,Chinook Salmon,8,Catch,94
2018,FRANKFORT-ELBERTA,Pier/Dock,Chinook Salmon,8,Harvest,94
2018,FRANKFORT-ELBERTA,Pier/Dock,Coho Salmon,8,Catch,0
2018,FRANKFORT-ELBERTA,Pier/Dock,Coho Salmon,8,Harvest,0
2018,FRANKFORT-ELBERTA,Pier/Dock,Common White Sucker,8,Catch,0
2018,FRANKFORT-ELBERTA,Pier/Dock,Common White Sucker,8,Harvest,0
2018,FRANKFORT-ELBERTA,Pier/Dock,Drum,8,Catch,0
2018,FRANKFORT-ELBERTA,Pier/Dock,Drum,8,Harvest,0
2018,FRANKFORT-ELBERTA,Pier/Dock,Lake Herring,8,Catch,0
2018,FRANKFORT-ELBERTA,Pier/Dock,Lake Herring,8,Harvest,0
2018,FRANKFORT-ELBERTA,Pier/Dock,Lake Whitefish,8,Catch,0
2018,FRANKFORT-ELBERTA,Pier/Dock,Lake Whitefish,8,Harvest,0
2018,FRANKFORT-ELBERTA,Pier/Dock,Largemouth Bass,8,Catch,0
2018,FRANKFORT-ELBERTA,Pier/Dock,Largemouth Bass,8,Harvest,0
2018,FRANKFORT-ELBERTA,Pier/Dock,Lean Lake Trout,8,Catch,0
2018,FRANKFORT-ELBERTA,Pier/Dock,Lean Lake Trout,8,Harvest,0
2018,FRANKFORT-ELBERTA,Pier/Dock,Musky,8,Catch,0
2018,FRANKFORT-ELBERTA,Pier/Dock,Musky,8,Harvest,0
2018,FRANKFORT-ELBERTA,Pier/Dock,Northern Pike,8,Catch,0
2018,FRANKFORT-ELBERTA,Pier/Dock,Northern Pike,8,Harvest,0
2018,FRANKFORT-ELBERTA,Pier/Dock,,8,Angler Hours,1349
2018,FRANKFORT-ELBERTA,Pier/Dock,Other,8,Catch,0
2018,FRANKFORT-ELBERTA,Pier/Dock,Other,8,Harvest,0
2018,FRANKFORT-ELBERTA,Pier/Dock,Pink Salmon,8,Catch,0
2018,FRANKFORT-ELBERTA,Pier/Dock,Pink Salmon,8,Harvest,0
2018,FRANKFORT-ELBERTA,Pier/Dock,Pumpkinseed,8,Catch,0
2018,FRANKFORT-ELBERTA,Pier/Dock,Pumpkinseed,8,Harvest,0
2018,FRANKFORT-ELBERTA,Pier/Dock,Rockbass,8,Catch,0
2018,FRANKFORT-ELBERTA,Pier/Dock,Rockbass,8,Harvest,0
2018,FRANKFORT-ELBERTA,Pier/Dock,Round Whitefish,8,Catch,0
2018,FRANKFORT-ELBERTA,Pier/Dock,Round Whitefish,8,Harvest,0
2018,FRANKFORT-ELBERTA,Pier/Dock,Smallmouth Bass,8,Catch,15
2018,FRANKFORT-ELBERTA,Pier/Dock,Smallmouth Bass,8,Harvest,0
2018,FRANKFORT-ELBERTA,Pier/Dock,Steelhead,8,Catch,29
2018,FRANKFORT-ELBERTA,Pier/Dock,Steelhead,8,Harvest,29
2018,FRANKFORT-ELBERTA,Pier/Dock,Walleye,8,Catch,0
2018,FRANKFORT-ELBERTA,Pier/Dock,Walleye,8,Harvest,0
2018,FRANKFORT-ELBERTA,Pier/Dock,White Bass,8,Catch,0
2018,FRANKFORT-ELBERTA,Pier/Dock,White Bass,8,Harvest,0
2018,FRANKFORT-ELBERTA,Pier/Dock,White Perch,8,Catch,0
2018,FRANKFORT-ELBERTA,Pier/Dock,White Perch,8,Harvest,0
2018,FRANKFORT-ELBERTA,Pier/Dock,Yellow Perch,8,Catch,0
2018,FRANKFORT-ELBERTA,Pier/Dock,Yellow Perch,8,Harvest,0
2018,FRANKFORT-ELBERTA,Pier/Dock,Bluegill,9,Catch,0
2018,FRANKFORT-ELBERTA,Pier/Dock,Bluegill,9,Harvest,0
2018,FRANKFORT-ELBERTA,Pier/Dock,Brown Trout,9,Catch,0
2018,FRANKFORT-ELBERTA,Pier/Dock,Brown Trout,9,Harvest,0
2018,FRANKFORT-ELBERTA,Pier/Dock,Channel Catfish,9,Catch,0
2018,FRANKFORT-ELBERTA,Pier/Dock,Channel Catfish,9,Harvest,0
2018,FRANKFORT-ELBERTA,Pier/Dock,Chinook Salmon,9,Catch,42
2018,FRANKFORT-ELBERTA,Pier/Dock,Chinook Salmon,9,Harvest,42
2018,FRANKFORT-ELBERTA,Pier/Dock,Coho Salmon,9,Catch,204
2018,FRANKFORT-ELBERTA,Pier/Dock,Coho Salmon,9,Harvest,156
2018,FRANKFORT-ELBERTA,Pier/Dock,Common White Sucker,9,Catch,0
2018,FRANKFORT-ELBERTA,Pier/Dock,Common White Sucker,9,Harvest,0
2018,FRANKFORT-ELBERTA,Pier/Dock,Drum,9,Catch,0
2018,FRANKFORT-ELBERTA,Pier/Dock,Drum,9,Harvest,0
2018,FRANKFORT-ELBERTA,Pier/Dock,Lake Herring,9,Catch,0
2018,FRANKFORT-ELBERTA,Pier/Dock,Lake Herring,9,Harvest,0
2018,FRANKFORT-ELBERTA,Pier/Dock,Lake Whitefish,9,Catch,0
2018,FRANKFORT-ELBERTA,Pier/Dock,Lake Whitefish,9,Harvest,0
2018,FRANKFORT-ELBERTA,Pier/Dock,Largemouth Bass,9,Catch,0
2018,FRANKFORT-ELBERTA,Pier/Dock,Largemouth Bass,9,Harvest,0
2018,FRANKFORT-ELBERTA,Pier/Dock,Lean Lake Trout,9,Catch,0
2018,FRANKFORT-ELBERTA,Pier/Dock,Lean Lake Trout,9,Harvest,0
2018,FRANKFORT-ELBERTA,Pier/Dock,Musky,9,Catch,0
2018,FRANKFORT-ELBERTA,Pier/Dock,Musky,9,Harvest,0
2018,FRANKFORT-ELBERTA,Pier/Dock,Northern Pike,9,Catch,0
2018,FRANKFORT-ELBERTA,Pier/Dock,Northern Pike,9,Harvest,0
2018,FRANKFORT-ELBERTA,Pier/Dock,,9,Angler Hours,1318
2018,FRANKFORT-ELBERTA,Pier/Dock,Other,9,Catch,0
2018,FRANKFORT-ELBERTA,Pier/Dock,Other,9,Harvest,0
2018,FRANKFORT-ELBERTA,Pier/Dock,Pink Salmon,9,Catch,0
2018,FRANKFORT-ELBERTA,Pier/Dock,Pink Salmon,9,Harvest,0
2018,FRANKFORT-ELBERTA,Pier/Dock,Pumpkinseed,9,Catch,0
2018,FRANKFORT-ELBERTA,Pier/Dock,Pumpkinseed,9,Harvest,0
2018,FRANKFORT-ELBERTA,Pier/Dock,Rockbass,9,Catch,0
2018,FRANKFORT-ELBERTA,Pier/Dock,Rockbass,9,Harvest,0
2018,FRANKFORT-ELBERTA,Pier/Dock,Round Whitefish,9,Catch,0
2018,FRANKFORT-ELBERTA,Pier/Dock,Round Whitefish,9,Harvest,0
2018,FRANKFORT-ELBERTA,Pier/Dock,Smallmouth Bass,9,Catch,0
2018,FRANKFORT-ELBERTA,Pier/Dock,Smallmouth Bass,9,Harvest,0
2018,FRANKFORT-ELBERTA,Pier/Dock,Steelhead,9,Catch,0
2018,FRANKFORT-ELBERTA,Pier/Dock,Steelhead,9,Harvest,0
2018,FRANKFORT-ELBERTA,Pier/Dock,Walleye,9,Catch,0
2018,FRANKFORT-ELBERTA,Pier/Dock,Walleye,9,Harvest,0
2018,FRANKFORT-ELBERTA,Pier/Dock,White Bass,9,Catch,0
2018,FRANKFORT-ELBERTA,Pier/Dock,White Bass,9,Harvest,0
2018,FRANKFORT-ELBERTA,Pier/Dock,White Perch,9,Catch,0
2018,FRANKFORT-ELBERTA,Pier/Dock,White Perch,9,Harvest,0
2018,FRANKFORT-ELBERTA,Pier/Dock,Yellow Perch,9,Catch,0
2018,FRANKFORT-ELBERTA,Pier/Dock,Yellow Perch,9,Harvest,0
2018,FRANKFORT-ELBERTA,Pier/Dock,Bluegill,10,Catch,0
2018,FRANKFORT-ELBERTA,Pier/Dock,Bluegill,10,Harvest,0
2018,FRANKFORT-ELBERTA,Pier/Dock,Brown Trout,10,Catch,0
2018,FRANKFORT-ELBERTA,Pier/Dock,Brown Trout,10,Harvest,0
2018,FRANKFORT-ELBERTA,Pier/Dock,Channel Catfish,10,Catch,0
2018,FRANKFORT-ELBERTA,Pier/Dock,Channel Catfish,10,Harvest,0
2018,FRANKFORT-ELBERTA,Pier/Dock,Chinook Salmon,10,Catch,23
2018,FRANKFORT-ELBERTA,Pier/Dock,Chinook Salmon,10,Harvest,0
2018,FRANKFORT-ELBERTA,Pier/Dock,Coho Salmon,10,Catch,52
2018,FRANKFORT-ELBERTA,Pier/Dock,Coho Salmon,10,Harvest,29
2018,FRANKFORT-ELBERTA,Pier/Dock,Common White Sucker,10,Catch,0
2018,FRANKFORT-ELBERTA,Pier/Dock,Common White Sucker,10,Harvest,0
2018,FRANKFORT-ELBERTA,Pier/Dock,Drum,10,Catch,0
2018,FRANKFORT-ELBERTA,Pier/Dock,Drum,10,Harvest,0
2018,FRANKFORT-ELBERTA,Pier/Dock,Lake Herring,10,Catch,0
2018,FRANKFORT-ELBERTA,Pier/Dock,Lake Herring,10,Harvest,0
2018,FRANKFORT-ELBERTA,Pier/Dock,Lake Whitefish,10,Catch,0
2018,FRANKFORT-ELBERTA,Pier/Dock,Lake Whitefish,10,Harvest,0
2018,FRANKFORT-ELBERTA,Pier/Dock,Largemouth Bass,10,Catch,0
2018,FRANKFORT-ELBERTA,Pier/Dock,Largemouth Bass,10,Harvest,0
2018,FRANKFORT-ELBERTA,Pier/Dock,Lean Lake Trout,10,Catch,0
2018,FRANKFORT-ELBERTA,Pier/Dock,Lean Lake Trout,10,Harvest,0
2018,FRANKFORT-ELBERTA,Pier/Dock,Musky,10,Catch,0
2018,FRANKFORT-ELBERTA,Pier/Dock,Musky,10,Harvest,0
2018,FRANKFORT-ELBERTA,Pier/Dock,Northern Pike,10,Catch,0
2018,FRANKFORT-ELBERTA,Pier/Dock,Northern Pike,10,Harvest,0
2018,FRANKFORT-ELBERTA,Pier/Dock,,10,Angler Hours,1535
2018,FRANKFORT-ELBERTA,Pier/Dock,Other,10,Catch,0
2018,FRANKFORT-ELBERTA,Pier/Dock,Other,10,Harvest,0
2018,FRANKFORT-ELBERTA,Pier/Dock,Pink Salmon,10,Catch,0
2018,FRANKFORT-ELBERTA,Pier/Dock,Pink Salmon,10,Harvest,0
2018,FRANKFORT-ELBERTA,Pier/Dock,Pumpkinseed,10,Catch,0
2018,FRANKFORT-ELBERTA,Pier/Dock,Pumpkinseed,10,Harvest,0
2018,FRANKFORT-ELBERTA,Pier/Dock,Rockbass,10,Catch,0
2018,FRANKFORT-ELBERTA,Pier/Dock,Rockbass,10,Harvest,0
2018,FRANKFORT-ELBERTA,Pier/Dock,Round Whitefish,10,Catch,0
2018,FRANKFORT-ELBERTA,Pier/Dock,Round Whitefish,10,Harvest,0
2018,FRANKFORT-ELBERTA,Pier/Dock,Smallmouth Bass,10,Catch,0
2018,FRANKFORT-ELBERTA,Pier/Dock,Smallmouth Bass,10,Harvest,0
2018,FRANKFORT-ELBERTA,Pier/Dock,Steelhead,10,Catch,136
2018,FRANKFORT-ELBERTA,Pier/Dock,Steelhead,10,Harvest,132
2018,FRANKFORT-ELBERTA,Pier/Dock,Walleye,10,Catch,0
2018,FRANKFORT-ELBERTA,Pier/Dock,Walleye,10,Harvest,0
2018,FRANKFORT-ELBERTA,Pier/Dock,White Bass,10,Catch,0
2018,FRANKFORT-ELBERTA,Pier/Dock,White Bass,10,Harvest,0
2018,FRANKFORT-ELBERTA,Pier/Dock,White Perch,10,Catch,0
2018,FRANKFORT-ELBERTA,Pier/Dock,White Perch,10,Harvest,0
2018,FRANKFORT-ELBERTA,Pier/Dock,Yellow Perch,10,Catch,0
2018,FRANKFORT-ELBERTA,Pier/Dock,Yellow Perch,10,Harvest,0
2019,FRANKFORT-ELBERTA,Pier/Dock,Atlantic Salmon,4,Catch,45
2019,FRANKFORT-ELBERTA,Pier/Dock,Atlantic Salmon,4,Harvest,45
2019,FRANKFORT-ELBERTA,Pier/Dock,Black Crappie,4,Catch,0
2019,FRANKFORT-ELBERTA,Pier/Dock,Black Crappie,4,Harvest,0
2019,FRANKFORT-ELBERTA,Pier/Dock,Bluegill,4,Catch,0
2019,FRANKFORT-ELBERTA,Pier/Dock,Bluegill,4,Harvest,0
2019,FRANKFORT-ELBERTA,Pier/Dock,Brown Trout,4,Catch,0
2019,FRANKFORT-ELBERTA,Pier/Dock,Brown Trout,4,Harvest,0
2019,FRANKFORT-ELBERTA,Pier/Dock,Channel Catfish,4,Catch,0
2019,FRANKFORT-ELBERTA,Pier/Dock,Channel Catfish,4,Harvest,0
2019,FRANKFORT-ELBERTA,Pier/Dock,Chinook Salmon,4,Catch,0
2019,FRANKFORT-ELBERTA,Pier/Dock,Chinook Salmon,4,Harvest,0
2019,FRANKFORT-ELBERTA,Pier/Dock,Coho Salmon,4,Catch,0
2019,FRANKFORT-ELBERTA,Pier/Dock,Coho Salmon,4,Harvest,0
2019,FRANKFORT-ELBERTA,Pier/Dock,Common White Sucker,4,Catch,0
2019,FRANKFORT-ELBERTA,Pier/Dock,Common White Sucker,4,Harvest,0
2019,FRANKFORT-ELBERTA,Pier/Dock,Drum,4,Catch,0
2019,FRANKFORT-ELBERTA,Pier/Dock,Drum,4,Harvest,0
2019,FRANKFORT-ELBERTA,Pier/Dock,Fat Lake Trout,4,Catch,0
2019,FRANKFORT-ELBERTA,Pier/Dock,Fat Lake Trout,4,Harvest,0
2019,FRANKFORT-ELBERTA,Pier/Dock,Lake Herring,4,Catch,0
2019,FRANKFORT-ELBERTA,Pier/Dock,Lake Herring,4,Harvest,0
2019,FRANKFORT-ELBERTA,Pier/Dock,Lake Whitefish,4,Catch,0
2019,FRANKFORT-ELBERTA,Pier/Dock,Lake Whitefish,4,Harvest,0
2019,FRANKFORT-ELBERTA,Pier/Dock,Largemouth Bass,4,Catch,0
2019,FRANKFORT-ELBERTA,Pier/Dock,Largemouth Bass,4,Harvest,0
2019,FRANKFORT-ELBERTA,Pier/Dock,Lean Lake Trout,4,Catch,15
2019,FRANKFORT-ELBERTA,Pier/Dock,Lean Lake Trout,4,Harvest,15
2019,FRANKFORT-ELBERTA,Pier/Dock,Northern Pike,4,Catch,0
2019,FRANKFORT-ELBERTA,Pier/Dock,Northern Pike,4,Harvest,0
2019,FRANKFORT-ELBERTA,Pier/Dock,,4,Angler Hours,2168
2019,FRANKFORT-ELBERTA,Pier/Dock,Other,4,Catch,0
2019,FRANKFORT-ELBERTA,Pier/Dock,Other,4,Harvest,0
2019,FRANKFORT-ELBERTA,Pier/Dock,Pink Salmon,4,Catch,0
2019,FRANKFORT-ELBERTA,Pier/Dock,Pink Salmon,4,Harvest,0
2019,FRANKFORT-ELBERTA,Pier/Dock,Pumpkinseed,4,Catch,0
2019,FRANKFORT-ELBERTA,Pier/Dock,Pumpkinseed,4,Harvest,0
2019,FRANKFORT-ELBERTA,Pier/Dock,Rockbass,4,Catch,0
2019,FRANKFORT-ELBERTA,Pier/Dock,Rockbass,4,Harvest,0
2019,FRANKFORT-ELBERTA,Pier/Dock,Round Whitefish,4,Catch,0
2019,FRANKFORT-ELBERTA,Pier/Dock,Round Whitefish,4,Harvest,0
2019,FRANKFORT-ELBERTA,Pier/Dock,Smallmouth Bass,4,Catch,0
2019,FRANKFORT-ELBERTA,Pier/Dock,Smallmouth Bass,4,Harvest,0
2019,FRANKFORT-ELBERTA,Pier/Dock,Steelhead,4,Catch,10
2019,FRANKFORT-ELBERTA,Pier/Dock,Steelhead,4,Harvest,10
2019,FRANKFORT-ELBERTA,Pier/Dock,Walleye,4,Catch,0
2019,FRANKFORT-ELBERTA,Pier/Dock,Walleye,4,Harvest,0
2019,FRANKFORT-ELBERTA,Pier/Dock,White Bass,4,Catch,0
2019,FRANKFORT-ELBERTA,Pier/Dock,White Bass,4,Harvest,0
2019,FRANKFORT-ELBERTA,Pier/Dock,White Perch,4,Catch,0
2019,FRANKFORT-ELBERTA,Pier/Dock,White Perch,4,Harvest,0
2019,FRANKFORT-ELBERTA,Pier/Dock,Yellow Perch,4,Catch,0
2019,FRANKFORT-ELBERTA,Pier/Dock,Yellow Perch,4,Harvest,0
2019,FRANKFORT-ELBERTA,Pier/Dock,Atlantic Salmon,5,Catch,0
2019,FRANKFORT-ELBERTA,Pier/Dock,Atlantic Salmon,5,Harvest,0
2019,FRANKFORT-ELBERTA,Pier/Dock,Black Crappie,5,Catch,0
2019,FRANKFORT-ELBERTA,Pier/Dock,Black Crappie,5,Harvest,0
2019,FRANKFORT-ELBERTA,Pier/Dock,Bluegill,5,Catch,0
2019,FRANKFORT-ELBERTA,Pier/Dock,Bluegill,5,Harvest,0
2019,FRANKFORT-ELBERTA,Pier/Dock,Brown Trout,5,Catch,0
2019,FRANKFORT-ELBERTA,Pier/Dock,Brown Trout,5,Harvest,0
2019,FRANKFORT-ELBERTA,Pier/Dock,Channel Catfish,5,Catch,0
2019,FRANKFORT-ELBERTA,Pier/Dock,Channel Catfish,5,Harvest,0
2019,FRANKFORT-ELBERTA,Pier/Dock,Chinook Salmon,5,Catch,0
2019,FRANKFORT-ELBERTA,Pier/Dock,Chinook Salmon,5,Harvest,0
2019,FRANKFORT-ELBERTA,Pier/Dock,Coho Salmon,5,Catch,0
2019,FRANKFORT-ELBERTA,Pier/Dock,Coho Salmon,5,Harvest,0
2019,FRANKFORT-ELBERTA,Pier/Dock,Common White Sucker,5,Catch,0
2019,FRANKFORT-ELBERTA,Pier/Dock,Common White Sucker,5,Harvest,0
2019,FRANKFORT-ELBERTA,Pier/Dock,Drum,5,Catch,0
2019,FRANKFORT-ELBERTA,Pier/Dock,Drum,5,Harvest,0
2019,FRANKFORT-ELBERTA,Pier/Dock,Fat Lake Trout,5,Catch,0
2019,FRANKFORT-ELBERTA,Pier/Dock,Fat Lake Trout,5,Harvest,0
2019,FRANKFORT-ELBERTA,Pier/Dock,Lake Herring,5,Catch,0
2019,FRANKFORT-ELBERTA,Pier/Dock,Lake Herring,5,Harvest,0
2019,FRANKFORT-ELBERTA,Pier/Dock,Lake Whitefish,5,Catch,2
2019,FRANKFORT-ELBERTA,Pier/Dock,Lake Whitefish,5,Harvest,0
2019,FRANKFORT-ELBERTA,Pier/Dock,Largemouth Bass,5,Catch,0
2019,FRANKFORT-ELBERTA,Pier/Dock,Largemouth Bass,5,Harvest,0
2019,FRANKFORT-ELBERTA,Pier/Dock,Lean Lake Trout,5,Catch,0
2019,FRANKFORT-ELBERTA,Pier/Dock,Lean Lake Trout,5,Harvest,0
2019,FRANKFORT-ELBERTA,Pier/Dock,Northern Pike,5,Catch,0
2019,FRANKFORT-ELBERTA,Pier/Dock,Northern Pike,5,Harvest,0
2019,FRANKFORT-ELBERTA,Pier/Dock,,5,Angler Hours,36
2019,FRANKFORT-ELBERTA,Pier/Dock,Other,5,Catch,0
2019,FRANKFORT-ELBERTA,Pier/Dock,Other,5,Harvest,0
2019,FRANKFORT-ELBERTA,Pier/Dock,Pink Salmon,5,Catch,0
2019,FRANKFORT-ELBERTA,Pier/Dock,Pink Salmon,5,Harvest,0
2019,FRANKFORT-ELBERTA,Pier/Dock,Pumpkinseed,5,Catch,0
2019,FRANKFORT-ELBERTA,Pier/Dock,Pumpkinseed,5,Harvest,0
2019,FRANKFORT-ELBERTA,Pier/Dock,Rockbass,5,Catch,0
2019,FRANKFORT-ELBERTA,Pier/Dock,Rockbass,5,Harvest,0
2019,FRANKFORT-ELBERTA,Pier/Dock,Round Whitefish,5,Catch,0
2019,FRANKFORT-ELBERTA,Pier/Dock,Round Whitefish,5,Harvest,0
2019,FRANKFORT-ELBERTA,Pier/Dock,Smallmouth Bass,5,Catch,0
2019,FRANKFORT-ELBERTA,Pier/Dock,Smallmouth Bass,5,Harvest,0
2019,FRANKFORT-ELBERTA,Pier/Dock,Steelhead,5,Catch,0
2019,FRANKFORT-ELBERTA,Pier/Dock,Steelhead,5,Harvest,0
2019,FRANKFORT-ELBERTA,Pier/Dock,Walleye,5,Catch,0
2019,FRANKFORT-ELBERTA,Pier/Dock,Walleye,5,Harvest,0
2019,FRANKFORT-ELBERTA,Pier/Dock,White Bass,5,Catch,0
2019,FRANKFORT-ELBERTA,Pier/Dock,White Bass,5,Harvest,0
2019,FRANKFORT-ELBERTA,Pier/Dock,White Perch,5,Catch,0
2019,FRANKFORT-ELBERTA,Pier/Dock,White Perch,5,Harvest,0
2019,FRANKFORT-ELBERTA,Pier/Dock,Yellow Perch,5,Catch,0
2019,FRANKFORT-ELBERTA,Pier/Dock,Yellow Perch,5,Harvest,0
2019,FRANKFORT-ELBERTA,Pier/Dock,Atlantic Salmon,6,Catch,0
2019,FRANKFORT-ELBERTA,Pier/Dock,Atlantic Salmon,6,Harvest,0
2019,FRANKFORT-ELBERTA,Pier/Dock,Black Crappie,6,Catch,0
2019,FRANKFORT-ELBERTA,Pier/Dock,Black Crappie,6,Harvest,0
2019,FRANKFORT-ELBERTA,Pier/Dock,Bluegill,6,Catch,0
2019,FRANKFORT-ELBERTA,Pier/Dock,Bluegill,6,Harvest,0
2019,FRANKFORT-ELBERTA,Pier/Dock,Brown Trout,6,Catch,0
2019,FRANKFORT-ELBERTA,Pier/Dock,Brown Trout,6,Harvest,0
2019,FRANKFORT-ELBERTA,Pier/Dock,Channel Catfish,6,Catch,0
2019,FRANKFORT-ELBERTA,Pier/Dock,Channel Catfish,6,Harvest,0
2019,FRANKFORT-ELBERTA,Pier/Dock,Chinook Salmon,6,Catch,0
2019,FRANKFORT-ELBERTA,Pier/Dock,Chinook Salmon,6,Harvest,0
2019,FRANKFORT-ELBERTA,Pier/Dock,Coho Salmon,6,Catch,0
2019,FRANKFORT-ELBERTA,Pier/Dock,Coho Salmon,6,Harvest,0
2019,FRANKFORT-ELBERTA,Pier/Dock,Common White Sucker,6,Catch,0
2019,FRANKFORT-ELBERTA,Pier/Dock,Common White Sucker,6,Harvest,0
2019,FRANKFORT-ELBERTA,Pier/Dock,Drum,6,Catch,0
2019,FRANKFORT-ELBERTA,Pier/Dock,Drum,6,Harvest,0
2019,FRANKFORT-ELBERTA,Pier/Dock,Fat Lake Trout,6,Catch,0
2019,FRANKFORT-ELBERTA,Pier/Dock,Fat Lake Trout,6,Harvest,0
2019,FRANKFORT-ELBERTA,Pier/Dock,Lake Herring,6,Catch,0
2019,FRANKFORT-ELBERTA,Pier/Dock,Lake Herring,6,Harvest,0
2019,FRANKFORT-ELBERTA,Pier/Dock,Lake Whitefish,6,Catch,0
2019,FRANKFORT-ELBERTA,Pier/Dock,Lake Whitefish,6,Harvest,0
2019,FRANKFORT-ELBERTA,Pier/Dock,Largemouth Bass,6,Catch,0
2019,FRANKFORT-ELBERTA,Pier/Dock,Largemouth Bass,6,Harvest,0
2019,FRANKFORT-ELBERTA,Pier/Dock,Lean Lake Trout,6,Catch,0
2019,FRANKFORT-ELBERTA,Pier/Dock,Lean Lake Trout,6,Harvest,0
2019,FRANKFORT-ELBERTA,Pier/Dock,Northern Pike,6,Catch,0
2019,FRANKFORT-ELBERTA,Pier/Dock,Northern Pike,6,Harvest,0
2019,FRANKFORT-ELBERTA,Pier/Dock,,6,Angler Hours,594
2019,FRANKFORT-ELBERTA,Pier/Dock,Other,6,Catch,0
2019,FRANKFORT-ELBERTA,Pier/Dock,Other,6,Harvest,0
2019,FRANKFORT-ELBERTA,Pier/Dock,Pink Salmon,6,Catch,0
2019,FRANKFORT-ELBERTA,Pier/Dock,Pink Salmon,6,Harvest,0
2019,FRANKFORT-ELBERTA,Pier/Dock,Pumpkinseed,6,Catch,0
2019,FRANKFORT-ELBERTA,Pier/Dock,Pumpkinseed,6,Harvest,0
2019,FRANKFORT-ELBERTA,Pier/Dock,Rockbass,6,Catch,0
2019,FRANKFORT-ELBERTA,Pier/Dock,Rockbass,6,Harvest,0
2019,FRANKFORT-ELBERTA,Pier/Dock,Round Whitefish,6,Catch,0
2019,FRANKFORT-ELBERTA,Pier/Dock,Round Whitefish,6,Harvest,0
2019,FRANKFORT-ELBERTA,Pier/Dock,Smallmouth Bass,6,Catch,0
2019,FRANKFORT-ELBERTA,Pier/Dock,Smallmouth Bass,6,Harvest,0
2019,FRANKFORT-ELBERTA,Pier/Dock,Steelhead,6,Catch,0
2019,FRANKFORT-ELBERTA,Pier/Dock,Steelhead,6,Harvest,0
2019,FRANKFORT-ELBERTA,Pier/Dock,Walleye,6,Catch,0
2019,FRANKFORT-ELBERTA,Pier/Dock,Walleye,6,Harvest,0
2019,FRANKFORT-ELBERTA,Pier/Dock,White Bass,6,Catch,0
2019,FRANKFORT-ELBERTA,Pier/Dock,White Bass,6,Harvest,0
2019,FRANKFORT-ELBERTA,Pier/Dock,White Perch,6,Catch,0
2019,FRANKFORT-ELBERTA,Pier/Dock,White Perch,6,Harvest,0
2019,FRANKFORT-ELBERTA,Pier/Dock,Yellow Perch,6,Catch,0
2019,FRANKFORT-ELBERTA,Pier/Dock,Yellow Perch,6,Harvest,0
2019,FRANKFORT-ELBERTA,Pier/Dock,Atlantic Salmon,7,Catch,0
2019,FRANKFORT-ELBERTA,Pier/Dock,Atlantic Salmon,7,Harvest,0
2019,FRANKFORT-ELBERTA,Pier/Dock,Black Crappie,7,Catch,0
2019,FRANKFORT-ELBERTA,Pier/Dock,Black Crappie,7,Harvest,0
2019,FRANKFORT-ELBERTA,Pier/Dock,Bluegill,7,Catch,0
2019,FRANKFORT-ELBERTA,Pier/Dock,Bluegill,7,Harvest,0
2019,FRANKFORT-ELBERTA,Pier/Dock,Brown Trout,7,Catch,0
2019,FRANKFORT-ELBERTA,Pier/Dock,Brown Trout,7,Harvest,0
2019,FRANKFORT-ELBERTA,Pier/Dock,Channel Catfish,7,Catch,0
2019,FRANKFORT-ELBERTA,Pier/Dock,Channel Catfish,7,Harvest,0
2019,FRANKFORT-ELBERTA,Pier/Dock,Chinook Salmon,7,Catch,15
2019,FRANKFORT-ELBERTA,Pier/Dock,Chinook Salmon,7,Harvest,15
2019,FRANKFORT-ELBERTA,Pier/Dock,Coho Salmon,7,Catch,0
2019,FRANKFORT-ELBERTA,Pier/Dock,Coho Salmon,7,Harvest,0
2019,FRANKFORT-ELBERTA,Pier/Dock,Common White Sucker,7,Catch,0
2019,FRANKFORT-ELBERTA,Pier/Dock,Common White Sucker,7,Harvest,0
2019,FRANKFORT-ELBERTA,Pier/Dock,Drum,7,Catch,0
2019,FRANKFORT-ELBERTA,Pier/Dock,Drum,7,Harvest,0
2019,FRANKFORT-ELBERTA,Pier/Dock,Fat Lake Trout,7,Catch,0
2019,FRANKFORT-ELBERTA,Pier/Dock,Fat Lake Trout,7,Harvest,0
2019,FRANKFORT-ELBERTA,Pier/Dock,Lake Herring,7,Catch,0
2019,FRANKFORT-ELBERTA,Pier/Dock,Lake Herring,7,Harvest,0
2019,FRANKFORT-ELBERTA,Pier/Dock,Lake Whitefish,7,Catch,0
2019,FRANKFORT-ELBERTA,Pier/Dock,Lake Whitefish,7,Harvest,0
2019,FRANKFORT-ELBERTA,Pier/Dock,Largemouth Bass,7,Catch,0
2019,FRANKFORT-ELBERTA,Pier/Dock,Largemouth Bass,7,Harvest,0
2019,FRANKFORT-ELBERTA,Pier/Dock,Lean Lake Trout,7,Catch,0
2019,FRANKFORT-ELBERTA,Pier/Dock,Lean Lake Trout,7,Harvest,0
2019,FRANKFORT-ELBERTA,Pier/Dock,Northern Pike,7,Catch,0
2019,FRANKFORT-ELBERTA,Pier/Dock,Northern Pike,7,Harvest,0
2019,FRANKFORT-ELBERTA,Pier/Dock,,7,Angler Hours,119
2019,FRANKFORT-ELBERTA,Pier/Dock,Other,7,Catch,0
2019,FRANKFORT-ELBERTA,Pier/Dock,Other,7,Harvest,0
2019,FRANKFORT-ELBERTA,Pier/Dock,Pink Salmon,7,Catch,0
2019,FRANKFORT-ELBERTA,Pier/Dock,Pink Salmon,7,Harvest,0
2019,FRANKFORT-ELBERTA,Pier/Dock,Pumpkinseed,7,Catch,0
2019,FRANKFORT-ELBERTA,Pier/Dock,Pumpkinseed,7,Harvest,0
2019,FRANKFORT-ELBERTA,Pier/Dock,Rockbass,7,Catch,0
2019,FRANKFORT-ELBERTA,Pier/Dock,Rockbass,7,Harvest,0
2019,FRANKFORT-ELBERTA,Pier/Dock,Round Whitefish,7,Catch,0
2019,FRANKFORT-ELBERTA,Pier/Dock,Round Whitefish,7,Harvest,0
2019,FRANKFORT-ELBERTA,Pier/Dock,Smallmouth Bass,7,Catch,0
2019,FRANKFORT-ELBERTA,Pier/Dock,Smallmouth Bass,7,Harvest,0
2019,FRANKFORT-ELBERTA,Pier/Dock,Steelhead,7,Catch,15
2019,FRANKFORT-ELBERTA,Pier/Dock,Steelhead,7,Harvest,15
2019,FRANKFORT-ELBERTA,Pier/Dock,Walleye,7,Catch,0
2019,FRANKFORT-ELBERTA,Pier/Dock,Walleye,7,Harvest,0
2019,FRANKFORT-ELBERTA,Pier/Dock,White Bass,7,Catch,0
2019,FRANKFORT-ELBERTA,Pier/Dock,White Bass,7,Harvest,0
2019,FRANKFORT-ELBERTA,Pier/Dock,White Perch,7,Catch,0
2019,FRANKFORT-ELBERTA,Pier/Dock,White Perch,7,Harvest,0
2019,FRANKFORT-ELBERTA,Pier/Dock,Yellow Perch,7,Catch,0
2019,FRANKFORT-ELBERTA,Pier/Dock,Yellow Perch,7,Harvest,0
2019,FRANKFORT-ELBERTA,Pier/Dock,Atlantic Salmon,8,Catch,0
2019,FRANKFORT-ELBERTA,Pier/Dock,Atlantic Salmon,8,Harvest,0
2019,FRANKFORT-ELBERTA,Pier/Dock,Black Crappie,8,Catch,0
2019,FRANKFORT-ELBERTA,Pier/Dock,Black Crappie,8,Harvest,0
2019,FRANKFORT-ELBERTA,Pier/Dock,Bluegill,8,Catch,0
2019,FRANKFORT-ELBERTA,Pier/Dock,Bluegill,8,Harvest,0
2019,FRANKFORT-ELBERTA,Pier/Dock,Brown Trout,8,Catch,0
2019,FRANKFORT-ELBERTA,Pier/Dock,Brown Trout,8,Harvest,0
2019,FRANKFORT-ELBERTA,Pier/Dock,Channel Catfish,8,Catch,0
2019,FRANKFORT-ELBERTA,Pier/Dock,Channel Catfish,8,Harvest,0
2019,FRANKFORT-ELBERTA,Pier/Dock,Chinook Salmon,8,Catch,0
2019,FRANKFORT-ELBERTA,Pier/Dock,Chinook Salmon,8,Harvest,0
2019,FRANKFORT-ELBERTA,Pier/Dock,Coho Salmon,8,Catch,55
2019,FRANKFORT-ELBERTA,Pier/Dock,Coho Salmon,8,Harvest,55
2019,FRANKFORT-ELBERTA,Pier/Dock,Common White Sucker,8,Catch,0
2019,FRANKFORT-ELBERTA,Pier/Dock,Common White Sucker,8,Harvest,0
2019,FRANKFORT-ELBERTA,Pier/Dock,Drum,8,Catch,0
2019,FRANKFORT-ELBERTA,Pier/Dock,Drum,8,Harvest,0
2019,FRANKFORT-ELBERTA,Pier/Dock,Fat Lake Trout,8,Catch,0
2019,FRANKFORT-ELBERTA,Pier/Dock,Fat Lake Trout,8,Harvest,0
2019,FRANKFORT-ELBERTA,Pier/Dock,Lake Herring,8,Catch,0
2019,FRANKFORT-ELBERTA,Pier/Dock,Lake Herring,8,Harvest,0
2019,FRANKFORT-ELBERTA,Pier/Dock,Lake Whitefish,8,Catch,0
2019,FRANKFORT-ELBERTA,Pier/Dock,Lake Whitefish,8,Harvest,0
2019,FRANKFORT-ELBERTA,Pier/Dock,Largemouth Bass,8,Catch,0
2019,FRANKFORT-ELBERTA,Pier/Dock,Largemouth Bass,8,Harvest,0
2019,FRANKFORT-ELBERTA,Pier/Dock,Lean Lake Trout,8,Catch,0
2019,FRANKFORT-ELBERTA,Pier/Dock,Lean Lake Trout,8,Harvest,0
2019,FRANKFORT-ELBERTA,Pier/Dock,Northern Pike,8,Catch,0
2019,FRANKFORT-ELBERTA,Pier/Dock,Northern Pike,8,Harvest,0
2019,FRANKFORT-ELBERTA,Pier/Dock,,8,Angler Hours,500
2019,FRANKFORT-ELBERTA,Pier/Dock,Other,8,Catch,0
2019,FRANKFORT-ELBERTA,Pier/Dock,Other,8,Harvest,0
2019,FRANKFORT-ELBERTA,Pier/Dock,Pink Salmon,8,Catch,0
2019,FRANKFORT-ELBERTA,Pier/Dock,Pink Salmon,8,Harvest,0
2019,FRANKFORT-ELBERTA,Pier/Dock,Pumpkinseed,8,Catch,0
2019,FRANKFORT-ELBERTA,Pier/Dock,Pumpkinseed,8,Harvest,0
2019,FRANKFORT-ELBERTA,Pier/Dock,Rockbass,8,Catch,0
2019,FRANKFORT-ELBERTA,Pier/Dock,Rockbass,8,Harvest,0
2019,FRANKFORT-ELBERTA,Pier/Dock,Round Whitefish,8,Catch,0
2019,FRANKFORT-ELBERTA,Pier/Dock,Round Whitefish,8,Harvest,0
2019,FRANKFORT-ELBERTA,Pier/Dock,Smallmouth Bass,8,Catch,0
2019,FRANKFORT-ELBERTA,Pier/Dock,Smallmouth Bass,8,Harvest,0
2019,FRANKFORT-ELBERTA,Pier/Dock,Steelhead,8,Catch,0
2019,FRANKFORT-ELBERTA,Pier/Dock,Steelhead,8,Harvest,0
2019,FRANKFORT-ELBERTA,Pier/Dock,Walleye,8,Catch,0
2019,FRANKFORT-ELBERTA,Pier/Dock,Walleye,8,Harvest,0
2019,FRANKFORT-ELBERTA,Pier/Dock,White Bass,8,Catch,0
2019,FRANKFORT-ELBERTA,Pier/Dock,White Bass,8,Harvest,0
2019,FRANKFORT-ELBERTA,Pier/Dock,White Perch,8,Catch,0
2019,FRANKFORT-ELBERTA,Pier/Dock,White Perch,8,Harvest,0
2019,FRANKFORT-ELBERTA,Pier/Dock,Yellow Perch,8,Catch,0
2019,FRANKFORT-ELBERTA,Pier/Dock,Yellow Perch,8,Harvest,0
2019,FRANKFORT-ELBERTA,Pier/Dock,Atlantic Salmon,9,Catch,0
2019,FRANKFORT-ELBERTA,Pier/Dock,Atlantic Salmon,9,Harvest,0
2019,FRANKFORT-ELBERTA,Pier/Dock,Black Crappie,9,Catch,0
2019,FRANKFORT-ELBERTA,Pier/Dock,Black Crappie,9,Harvest,0
2019,FRANKFORT-ELBERTA,Pier/Dock,Bluegill,9,Catch,0
2019,FRANKFORT-ELBERTA,Pier/Dock,Bluegill,9,Harvest,0
2019,FRANKFORT-ELBERTA,Pier/Dock,Brown Trout,9,Catch,0
2019,FRANKFORT-ELBERTA,Pier/Dock,Brown Trout,9,Harvest,0
2019,FRANKFORT-ELBERTA,Pier/Dock,Channel Catfish,9,Catch,0
2019,FRANKFORT-ELBERTA,Pier/Dock,Channel Catfish,9,Harvest,0
2019,FRANKFORT-ELBERTA,Pier/Dock,Chinook Salmon,9,Catch,20
2019,FRANKFORT-ELBERTA,Pier/Dock,Chinook Salmon,9,Harvest,20
2019,FRANKFORT-ELBERTA,Pier/Dock,Coho Salmon,9,Catch,0
2019,FRANKFORT-ELBERTA,Pier/Dock,Coho Salmon,9,Harvest,0
2019,FRANKFORT-ELBERTA,Pier/Dock,Common White Sucker,9,Catch,0
2019,FRANKFORT-ELBERTA,Pier/Dock,Common White Sucker,9,Harvest,0
2019,FRANKFORT-ELBERTA,Pier/Dock,Drum,9,Catch,0
2019,FRANKFORT-ELBERTA,Pier/Dock,Drum,9,Harvest,0
2019,FRANKFORT-ELBERTA,Pier/Dock,Fat Lake Trout,9,Catch,0
2019,FRANKFORT-ELBERTA,Pier/Dock,Fat Lake Trout,9,Harvest,0
2019,FRANKFORT-ELBERTA,Pier/Dock,Lake Herring,9,Catch,0
2019,FRANKFORT-ELBERTA,Pier/Dock,Lake Herring,9,Harvest,0
2019,FRANKFORT-ELBERTA,Pier/Dock,Lake Whitefish,9,Catch,0
2019,FRANKFORT-ELBERTA,Pier/Dock,Lake Whitefish,9,Harvest,0
2019,FRANKFORT-ELBERTA,Pier/Dock,Largemouth Bass,9,Catch,0
2019,FRANKFORT-ELBERTA,Pier/Dock,Largemouth Bass,9,Harvest,0
2019,FRANKFORT-ELBERTA,Pier/Dock,Lean Lake Trout,9,Catch,0
2019,FRANKFORT-ELBERTA,Pier/Dock,Lean Lake Trout,9,Harvest,0
2019,FRANKFORT-ELBERTA,Pier/Dock,Northern Pike,9,Catch,20
2019,FRANKFORT-ELBERTA,Pier/Dock,Northern Pike,9,Harvest,0
2019,FRANKFORT-ELBERTA,Pier/Dock,,9,Angler Hours,860
2019,FRANKFORT-ELBERTA,Pier/Dock,Other,9,Catch,0
2019,FRANKFORT-ELBERTA,Pier/Dock,Other,9,Harvest,0
2019,FRANKFORT-ELBERTA,Pier/Dock,Pink Salmon,9,Catch,0
2019,FRANKFORT-ELBERTA,Pier/Dock,Pink Salmon,9,Harvest,0
2019,FRANKFORT-ELBERTA,Pier/Dock,Pumpkinseed,9,Catch,0
2019,FRANKFORT-ELBERTA,Pier/Dock,Pumpkinseed,9,Harvest,0
2019,FRANKFORT-ELBERTA,Pier/Dock,Rockbass,9,Catch,0
2019,FRANKFORT-ELBERTA,Pier/Dock,Rockbass,9,Harvest,0
2019,FRANKFORT-ELBERTA,Pier/Dock,Round Whitefish,9,Catch,0
2019,FRANKFORT-ELBERTA,Pier/Dock,Round Whitefish,9,Harvest,0
2019,FRANKFORT-ELBERTA,Pier/Dock,Smallmouth Bass,9,Catch,0
2019,FRANKFORT-ELBERTA,Pier/Dock,Smallmouth Bass,9,Harvest,0
2019,FRANKFORT-ELBERTA,Pier/Dock,Steelhead,9,Catch,0
2019,FRANKFORT-ELBERTA,Pier/Dock,Steelhead,9,Harvest,0
2019,FRANKFORT-ELBERTA,Pier/Dock,Walleye,9,Catch,0
2019,FRANKFORT-ELBERTA,Pier/Dock,Walleye,9,Harvest,0
2019,FRANKFORT-ELBERTA,Pier/Dock,White Bass,9,Catch,0
2019,FRANKFORT-ELBERTA,Pier/Dock,White Bass,9,Harvest,0
2019,FRANKFORT-ELBERTA,Pier/Dock,White Perch,9,Catch,0
2019,FRANKFORT-ELBERTA,Pier/Dock,White Perch,9,Harvest,0
2019,FRANKFORT-ELBERTA,Pier/Dock,Yellow Perch,9,Catch,0
2019,FRANKFORT-ELBERTA,Pier/Dock,Yellow Perch,9,Harvest,0
2019,FRANKFORT-ELBERTA,Pier/Dock,Atlantic Salmon,10,Catch,0
2019,FRANKFORT-ELBERTA,Pier/Dock,Atlantic Salmon,10,Harvest,0
2019,FRANKFORT-ELBERTA,Pier/Dock,Black Crappie,10,Catch,0
2019,FRANKFORT-ELBERTA,Pier/Dock,Black Crappie,10,Harvest,0
2019,FRANKFORT-ELBERTA,Pier/Dock,Bluegill,10,Catch,0
2019,FRANKFORT-ELBERTA,Pier/Dock,Bluegill,10,Harvest,0
2019,FRANKFORT-ELBERTA,Pier/Dock,Brown Trout,10,Catch,0
2019,FRANKFORT-ELBERTA,Pier/Dock,Brown Trout,10,Harvest,0
2019,FRANKFORT-ELBERTA,Pier/Dock,Channel Catfish,10,Catch,0
2019,FRANKFORT-ELBERTA,Pier/Dock,Channel Catfish,10,Harvest,0
2019,FRANKFORT-ELBERTA,Pier/Dock,Chinook Salmon,10,Catch,0
2019,FRANKFORT-ELBERTA,Pier/Dock,Chinook Salmon,10,Harvest,0
2019,FRANKFORT-ELBERTA,Pier/Dock,Coho Salmon,10,Catch,23
2019,FRANKFORT-ELBERTA,Pier/Dock,Coho Salmon,10,Harvest,0
2019,FRANKFORT-ELBERTA,Pier/Dock,Common White Sucker,10,Catch,0
2019,FRANKFORT-ELBERTA,Pier/Dock,Common White Sucker,10,Harvest,0
2019,FRANKFORT-ELBERTA,Pier/Dock,Drum,10,Catch,0
2019,FRANKFORT-ELBERTA,Pier/Dock,Drum,10,Harvest,0
2019,FRANKFORT-ELBERTA,Pier/Dock,Fat Lake Trout,10,Catch,0
2019,FRANKFORT-ELBERTA,Pier/Dock,Fat Lake Trout,10,Harvest,0
2019,FRANKFORT-ELBERTA,Pier/Dock,Lake Herring,10,Catch,0
2019,FRANKFORT-ELBERTA,Pier/Dock,Lake Herring,10,Harvest,0
2019,FRANKFORT-ELBERTA,Pier/Dock,Lake Whitefish,10,Catch,0
2019,FRANKFORT-ELBERTA,Pier/Dock,Lake Whitefish,10,Harvest,0
2019,FRANKFORT-ELBERTA,Pier/Dock,Largemouth Bass,10,Catch,0
2019,FRANKFORT-ELBERTA,Pier/Dock,Largemouth Bass,10,Harvest,0
2019,FRANKFORT-ELBERTA,Pier/Dock,Lean Lake Trout,10,Catch,0
2019,FRANKFORT-ELBERTA,Pier/Dock,Lean Lake Trout,10,Harvest,0
2019,FRANKFORT-ELBERTA,Pier/Dock,Northern Pike,10,Catch,0
2019,FRANKFORT-ELBERTA,Pier/Dock,Northern Pike,10,Harvest,0
2019,FRANKFORT-ELBERTA,Pier/Dock,,10,Angler Hours,1622
2019,FRANKFORT-ELBERTA,Pier/Dock,Other,10,Catch,0
2019,FRANKFORT-ELBERTA,Pier/Dock,Other,10,Harvest,0
2019,FRANKFORT-ELBERTA,Pier/Dock,Pink Salmon,10,Catch,0
2019,FRANKFORT-ELBERTA,Pier/Dock,Pink Salmon,10,Harvest,0
2019,FRANKFORT-ELBERTA,Pier/Dock,Pumpkinseed,10,Catch,0
2019,FRANKFORT-ELBERTA,Pier/Dock,Pumpkinseed,10,Harvest,0
2019,FRANKFORT-ELBERTA,Pier/Dock,Rockbass,10,Catch,0
2019,FRANKFORT-ELBERTA,Pier/Dock,Rockbass,10,Harvest,0
2019,FRANKFORT-ELBERTA,Pier/Dock,Round Whitefish,10,Catch,0
2019,FRANKFORT-ELBERTA,Pier/Dock,Round Whitefish,10,Harvest,0
2019,FRANKFORT-ELBERTA,Pier/Dock,Smallmouth Bass,10,Catch,0
2019,FRANKFORT-ELBERTA,Pier/Dock,Smallmouth Bass,10,Harvest,0
2019,FRANKFORT-ELBERTA,Pier/Dock,Steelhead,10,Catch,176
2019,FRANKFORT-ELBERTA,Pier/Dock,Steelhead,10,Harvest,106
2019,FRANKFORT-ELBERTA,Pier/Dock,Walleye,10,Catch,0
2019,FRANKFORT-ELBERTA,Pier/Dock,Walleye,10,Harvest,0
2019,FRANKFORT-ELBERTA,Pier/Dock,White Bass,10,Catch,0
2019,FRANKFORT-ELBERTA,Pier/Dock,White Bass,10,Harvest,0
2019,FRANKFORT-ELBERTA,Pier/Dock,White Perch,10,Catch,0
2019,FRANKFORT-ELBERTA,Pier/Dock,White Perch,10,Harvest,0
2019,FRANKFORT-ELBERTA,Pier/Dock,Yellow Perch,10,Catch,0
2019,FRANKFORT-ELBERTA,Pier/Dock,Yellow Perch,10,Harvest,0
2020,FRANKFORT-ELBERTA,Pier/Dock,Bluegill,8,Catch,0
2020,FRANKFORT-ELBERTA,Pier/Dock,Bluegill,8,Harvest,0
2020,FRANKFORT-ELBERTA,Pier/Dock,Brown Trout,8,Catch,0
2020,FRANKFORT-ELBERTA,Pier/Dock,Brown Trout,8,Harvest,0
2020,FRANKFORT-ELBERTA,Pier/Dock,Carp,8,Catch,0
2020,FRANKFORT-ELBERTA,Pier/Dock,Carp,8,Harvest,0
2020,FRANKFORT-ELBERTA,Pier/Dock,Channel Catfish,8,Catch,0
2020,FRANKFORT-ELBERTA,Pier/Dock,Channel Catfish,8,Harvest,0
2020,FRANKFORT-ELBERTA,Pier/Dock,Chinook Salmon,8,Catch,107
2020,FRANKFORT-ELBERTA,Pier/Dock,Chinook Salmon,8,Harvest,107
2020,FRANKFORT-ELBERTA,Pier/Dock,Coho Salmon,8,Catch,51
2020,FRANKFORT-ELBERTA,Pier/Dock,Coho Salmon,8,Harvest,51
2020,FRANKFORT-ELBERTA,Pier/Dock,Common White Sucker,8,Catch,0
2020,FRANKFORT-ELBERTA,Pier/Dock,Common White Sucker,8,Harvest,0
2020,FRANKFORT-ELBERTA,Pier/Dock,Drum,8,Catch,0
2020,FRANKFORT-ELBERTA,Pier/Dock,Drum,8,Harvest,0
2020,FRANKFORT-ELBERTA,Pier/Dock,Lake Herring,8,Catch,0
2020,FRANKFORT-ELBERTA,Pier/Dock,Lake Herring,8,Harvest,0
2020,FRANKFORT-ELBERTA,Pier/Dock,Lake Whitefish,8,Catch,0
2020,FRANKFORT-ELBERTA,Pier/Dock,Lake Whitefish,8,Harvest,0
2020,FRANKFORT-ELBERTA,Pier/Dock,Largemouth Bass,8,Catch,0
2020,FRANKFORT-ELBERTA,Pier/Dock,Largemouth Bass,8,Harvest,0
2020,FRANKFORT-ELBERTA,Pier/Dock,Lean Lake Trout,8,Catch,0
2020,FRANKFORT-ELBERTA,Pier/Dock,Lean Lake Trout,8,Harvest,0
2020,FRANKFORT-ELBERTA,Pier/Dock,Northern Pike,8,Catch,0
2020,FRANKFORT-ELBERTA,Pier/Dock,Northern Pike,8,Harvest,0
2020,FRANKFORT-ELBERTA,Pier/Dock,,8,Angler Hours,1343
2020,FRANKFORT-ELBERTA,Pier/Dock,,8,Catch,0
2020,FRANKFORT-ELBERTA,Pier/Dock,,8,Harvest,0
2020,FRANKFORT-ELBERTA,Pier/Dock,Other,8,Catch,0
2020,FRANKFORT-ELBERTA,Pier/Dock,Other,8,Harvest,0
2020,FRANKFORT-ELBERTA,Pier/Dock,Pink Salmon,8,Catch,0
2020,FRANKFORT-ELBERTA,Pier/Dock,Pink Salmon,8,Harvest,0
2020,FRANKFORT-ELBERTA,Pier/Dock,Pumpkinseed,8,Catch,0
2020,FRANKFORT-ELBERTA,Pier/Dock,Pumpkinseed,8,Harvest,0
2020,FRANKFORT-ELBERTA,Pier/Dock,Rockbass,8,Catch,0
2020,FRANKFORT-ELBERTA,Pier/Dock,Rockbass,8,Harvest,0
2020,FRANKFORT-ELBERTA,Pier/Dock,Round Whitefish,8,Catch,0
2020,FRANKFORT-ELBERTA,Pier/Dock,Round Whitefish,8,Harvest,0
2020,FRANKFORT-ELBERTA,Pier/Dock,Smallmouth Bass,8,Catch,0
2020,FRANKFORT-ELBERTA,Pier/Dock,Smallmouth Bass,8,Harvest,0
2020,FRANKFORT-ELBERTA,Pier/Dock,Smelt,8,Catch,0
2020,FRANKFORT-ELBERTA,Pier/Dock,Smelt,8,Harvest,0
2020,FRANKFORT-ELBERTA,Pier/Dock,Steelhead,8,Catch,0
2020,FRANKFORT-ELBERTA,Pier/Dock,Steelhead,8,Harvest,0
2020,FRANKFORT-ELBERTA,Pier/Dock,Walleye,8,Catch,0
2020,FRANKFORT-ELBERTA,Pier/Dock,Walleye,8,Harvest,0
2020,FRANKFORT-ELBERTA,Pier/Dock,White Bass,8,Catch,0
2020,FRANKFORT-ELBERTA,Pier/Dock,White Bass,8,Harvest,0
2020,FRANKFORT-ELBERTA,Pier/Dock,White Perch,8,Catch,0
2020,FRANKFORT-ELBERTA,Pier/Dock,White Perch,8,Harvest,0
2020,FRANKFORT-ELBERTA,Pier/Dock,Yellow Perch,8,Catch,0
2020,FRANKFORT-ELBERTA,Pier/Dock,Yellow Perch,8,Harvest,0
2020,FRANKFORT-ELBERTA,Pier/Dock,Bluegill,9,Catch,0
2020,FRANKFORT-ELBERTA,Pier/Dock,Bluegill,9,Harvest,0
2020,FRANKFORT-ELBERTA,Pier/Dock,Brown Trout,9,Catch,0
2020,FRANKFORT-ELBERTA,Pier/Dock,Brown Trout,9,Harvest,0
2020,FRANKFORT-ELBERTA,Pier/Dock,Carp,9,Catch,0
2020,FRANKFORT-ELBERTA,Pier/Dock,Carp,9,Harvest,0
2020,FRANKFORT-ELBERTA,Pier/Dock,Channel Catfish,9,Catch,0
2020,FRANKFORT-ELBERTA,Pier/Dock,Channel Catfish,9,Harvest,0
2020,FRANKFORT-ELBERTA,Pier/Dock,Chinook Salmon,9,Catch,86
2020,FRANKFORT-ELBERTA,Pier/Dock,Chinook Salmon,9,Harvest,85
2020,FRANKFORT-ELBERTA,Pier/Dock,Coho Salmon,9,Catch,0
2020,FRANKFORT-ELBERTA,Pier/Dock,Coho Salmon,9,Harvest,0
2020,FRANKFORT-ELBERTA,Pier/Dock,Common White Sucker,9,Catch,0
2020,FRANKFORT-ELBERTA,Pier/Dock,Common White Sucker,9,Harvest,0
2020,FRANKFORT-ELBERTA,Pier/Dock,Drum,9,Catch,0
2020,FRANKFORT-ELBERTA,Pier/Dock,Drum,9,Harvest,0
2020,FRANKFORT-ELBERTA,Pier/Dock,Lake Herring,9,Catch,0
2020,FRANKFORT-ELBERTA,Pier/Dock,Lake Herring,9,Harvest,0
2020,FRANKFORT-ELBERTA,Pier/Dock,Lake Whitefish,9,Catch,0
2020,FRANKFORT-ELBERTA,Pier/Dock,Lake Whitefish,9,Harvest,0
2020,FRANKFORT-ELBERTA,Pier/Dock,Largemouth Bass,9,Catch,0
2020,FRANKFORT-ELBERTA,Pier/Dock,Largemouth Bass,9,Harvest,0
2020,FRANKFORT-ELBERTA,Pier/Dock,Lean Lake Trout,9,Catch,0
2020,FRANKFORT-ELBERTA,Pier/Dock,Lean Lake Trout,9,Harvest,0
2020,FRANKFORT-ELBERTA,Pier/Dock,Northern Pike,9,Catch,0
2020,FRANKFORT-ELBERTA,Pier/Dock,Northern Pike,9,Harvest,0
2020,FRANKFORT-ELBERTA,Pier/Dock,,9,Angler Hours,852
2020,FRANKFORT-ELBERTA,Pier/Dock,,9,Catch,0
2020,FRANKFORT-ELBERTA,Pier/Dock,,9,Harvest,0
2020,FRANKFORT-ELBERTA,Pier/Dock,Other,9,Catch,0
2020,FRANKFORT-ELBERTA,Pier/Dock,Other,9,Harvest,0
2020,FRANKFORT-ELBERTA,Pier/Dock,Pink Salmon,9,Catch,0
2020,FRANKFORT-ELBERTA,Pier/Dock,Pink Salmon,9,Harvest,0
2020,FRANKFORT-ELBERTA,Pier/Dock,Pumpkinseed,9,Catch,0
2020,FRANKFORT-ELBERTA,Pier/Dock,Pumpkinseed,9,Harvest,0
2020,FRANKFORT-ELBERTA,Pier/Dock,Rockbass,9,Catch,0
2020,FRANKFORT-ELBERTA,Pier/Dock,Rockbass,9,Harvest,0
2020,FRANKFORT-ELBERTA,Pier/Dock,Round Whitefish,9,Catch,0
2020,FRANKFORT-ELBERTA,Pier/Dock,Round Whitefish,9,Harvest,0
2020,FRANKFORT-ELBERTA,Pier/Dock,Smallmouth Bass,9,Catch,0
2020,FRANKFORT-ELBERTA,Pier/Dock,Smallmouth Bass,9,Harvest,0
2020,FRANKFORT-ELBERTA,Pier/Dock,Smelt,9,Catch,0
2020,FRANKFORT-ELBERTA,Pier/Dock,Smelt,9,Harvest,0
2020,FRANKFORT-ELBERTA,Pier/Dock,Steelhead,9,Catch,0
2020,FRANKFORT-ELBERTA,Pier/Dock,Steelhead,9,Harvest,0
2020,FRANKFORT-ELBERTA,Pier/Dock,Walleye,9,Catch,0
2020,FRANKFORT-ELBERTA,Pier/Dock,Walleye,9,Harvest,0
2020,FRANKFORT-ELBERTA,Pier/Dock,White Bass,9,Catch,0
2020,FRANKFORT-ELBERTA,Pier/Dock,White Bass,9,Harvest,0
2020,FRANKFORT-ELBERTA,Pier/Dock,White Perch,9,Catch,0
2020,FRANKFORT-ELBERTA,Pier/Dock,White Perch,9,Harvest,0
2020,FRANKFORT-ELBERTA,Pier/Dock,Yellow Perch,9,Catch,0
2020,FRANKFORT-ELBERTA,Pier/Dock,Yellow Perch,9,Harvest,0
2020,FRANKFORT-ELBERTA,Pier/Dock,Bluegill,10,Catch,0
2020,FRANKFORT-ELBERTA,Pier/Dock,Bluegill,10,Harvest,0
2020,FRANKFORT-ELBERTA,Pier/Dock,Brown Trout,10,Catch,0
2020,FRANKFORT-ELBERTA,Pier/Dock,Brown Trout,10,Harvest,0
2020,FRANKFORT-ELBERTA,Pier/Dock,Carp,10,Catch,0
2020,FRANKFORT-ELBERTA,Pier/Dock,Carp,10,Harvest,0
2020,FRANKFORT-ELBERTA,Pier/Dock,Channel Catfish,10,Catch,0
2020,FRANKFORT-ELBERTA,Pier/Dock,Channel Catfish,10,Harvest,0
2020,FRANKFORT-ELBERTA,Pier/Dock,Chinook Salmon,10,Catch,0
2020,FRANKFORT-ELBERTA,Pier/Dock,Chinook Salmon,10,Harvest,0
2020,FRANKFORT-ELBERTA,Pier/Dock,Coho Salmon,10,Catch,3
2020,FRANKFORT-ELBERTA,Pier/Dock,Coho Salmon,10,Harvest,0
2020,FRANKFORT-ELBERTA,Pier/Dock,Common White Sucker,10,Catch,0
2020,FRANKFORT-ELBERTA,Pier/Dock,Common White Sucker,10,Harvest,0
2020,FRANKFORT-ELBERTA,Pier/Dock,Drum,10,Catch,0
2020,FRANKFORT-ELBERTA,Pier/Dock,Drum,10,Harvest,0
2020,FRANKFORT-ELBERTA,Pier/Dock,Lake Herring,10,Catch,0
2020,FRANKFORT-ELBERTA,Pier/Dock,Lake Herring,10,Harvest,0
2020,FRANKFORT-ELBERTA,Pier/Dock,Lake Whitefish,10,Catch,0
2020,FRANKFORT-ELBERTA,Pier/Dock,Lake Whitefish,10,Harvest,0
2020,FRANKFORT-ELBERTA,Pier/Dock,Largemouth Bass,10,Catch,0
2020,FRANKFORT-ELBERTA,Pier/Dock,Largemouth Bass,10,Harvest,0
2020,FRANKFORT-ELBERTA,Pier/Dock,Lean Lake Trout,10,Catch,0
2020,FRANKFORT-ELBERTA,Pier/Dock,Lean Lake Trout,10,Harvest,0
2020,FRANKFORT-ELBERTA,Pier/Dock,Northern Pike,10,Catch,0
2020,FRANKFORT-ELBERTA,Pier/Dock,Northern Pike,10,Harvest,0
2020,FRANKFORT-ELBERTA,Pier/Dock,,10,Angler Hours,1272
2020,FRANKFORT-ELBERTA,Pier/Dock,,10,Catch,0
2020,FRANKFORT-ELBERTA,Pier/Dock,,10,Harvest,0
2020,FRANKFORT-ELBERTA,Pier/Dock,Other,10,Catch,0
2020,FRANKFORT-ELBERTA,Pier/Dock,Other,10,Harvest,0
2020,FRANKFORT-ELBERTA,Pier/Dock,Pink Salmon,10,Catch,0
2020,FRANKFORT-ELBERTA,Pier/Dock,Pink Salmon,10,Harvest,0
2020,FRANKFORT-ELBERTA,Pier/Dock,Pumpkinseed,10,Catch,0
2020,FRANKFORT-ELBERTA,Pier/Dock,Pumpkinseed,10,Harvest,0
2020,FRANKFORT-ELBERTA,Pier/Dock,Rockbass,10,Catch,0
2020,FRANKFORT-ELBERTA,Pier/Dock,Rockbass,10,Harvest,0
2020,FRANKFORT-ELBERTA,Pier/Dock,Round Whitefish,10,Catch,0
2020,FRANKFORT-ELBERTA,Pier/Dock,Round Whitefish,10,Harvest,0
2020,FRANKFORT-ELBERTA,Pier/Dock,Smallmouth Bass,10,Catch,0
2020,FRANKFORT-ELBERTA,Pier/Dock,Smallmouth Bass,10,Harvest,0
2020,FRANKFORT-ELBERTA,Pier/Dock,Smelt,10,Catch,0
2020,FRANKFORT-ELBERTA,Pier/Dock,Smelt,10,Harvest,0
2020,FRANKFORT-ELBERTA,Pier/Dock,Steelhead,10,Catch,293
2020,FRANKFORT-ELBERTA,Pier/Dock,Steelhead,10,Harvest,193
2020,FRANKFORT-ELBERTA,Pier/Dock,Walleye,10,Catch,0
2020,FRANKFORT-ELBERTA,Pier/Dock,Walleye,10,Harvest,0
2020,FRANKFORT-ELBERTA,Pier/Dock,White Bass,10,Catch,0
2020,FRANKFORT-ELBERTA,Pier/Dock,White Bass,10,Harvest,0
2020,FRANKFORT-ELBERTA,Pier/Dock,White Perch,10,Catch,0
2020,FRANKFORT-ELBERTA,Pier/Dock,White Perch,10,Harvest,0
2020,FRANKFORT-ELBERTA,Pier/Dock,Yellow Perch,10,Catch,0
2020,FRANKFORT-ELBERTA,Pier/Dock,Yellow Perch,10,Harvest,0
2021,FRANKFORT-ELBERTA,Pier/Dock,Black Crappie,4,Catch,0
2021,FRANKFORT-ELBERTA,Pier/Dock,Black Crappie,4,Harvest,0
2021,FRANKFORT-ELBERTA,Pier/Dock,Bluegill,4,Catch,0
2021,FRANKFORT-ELBERTA,Pier/Dock,Bluegill,4,Harvest,0
2021,FRANKFORT-ELBERTA,Pier/Dock,Brook Trout,4,Catch,0
2021,FRANKFORT-ELBERTA,Pier/Dock,Brook Trout,4,Harvest,0
2021,FRANKFORT-ELBERTA,Pier/Dock,Brown Trout,4,Catch,0
2021,FRANKFORT-ELBERTA,Pier/Dock,Brown Trout,4,Harvest,0
2021,FRANKFORT-ELBERTA,Pier/Dock,Channel Catfish,4,Catch,0
2021,FRANKFORT-ELBERTA,Pier/Dock,Channel Catfish,4,Harvest,0
2021,FRANKFORT-ELBERTA,Pier/Dock,Chinook Salmon,4,Catch,0
2021,FRANKFORT-ELBERTA,Pier/Dock,Chinook Salmon,4,Harvest,0
2021,FRANKFORT-ELBERTA,Pier/Dock,Coho Salmon,4,Catch,5
2021,FRANKFORT-ELBERTA,Pier/Dock,Coho Salmon,4,Harvest,5
2021,FRANKFORT-ELBERTA,Pier/Dock,Common White Sucker,4,Catch,0
2021,FRANKFORT-ELBERTA,Pier/Dock,Common White Sucker,4,Harvest,0
2021,FRANKFORT-ELBERTA,Pier/Dock,Drum,4,Catch,0
2021,FRANKFORT-ELBERTA,Pier/Dock,Drum,4,Harvest,0
2021,FRANKFORT-ELBERTA,Pier/Dock,Lake Herring,4,Catch,0
2021,FRANKFORT-ELBERTA,Pier/Dock,Lake Herring,4,Harvest,0
2021,FRANKFORT-ELBERTA,Pier/Dock,Lake Whitefish,4,Catch,0
2021,FRANKFORT-ELBERTA,Pier/Dock,Lake Whitefish,4,Harvest,0
2021,FRANKFORT-ELBERTA,Pier/Dock,Largemouth Bass,4,Catch,0
2021,FRANKFORT-ELBERTA,Pier/Dock,Largemouth Bass,4,Harvest,0
2021,FRANKFORT-ELBERTA,Pier/Dock,Lean Lake Trout,4,Catch,17
2021,FRANKFORT-ELBERTA,Pier/Dock,Lean Lake Trout,4,Harvest,17
2021,FRANKFORT-ELBERTA,Pier/Dock,Musky,4,Catch,0
2021,FRANKFORT-ELBERTA,Pier/Dock,Musky,4,Harvest,0
2021,FRANKFORT-ELBERTA,Pier/Dock,Northern Pike,4,Catch,0
2021,FRANKFORT-ELBERTA,Pier/Dock,Northern Pike,4,Harvest,0
2021,FRANKFORT-ELBERTA,Pier/Dock,,4,Angler Hours,223
2021,FRANKFORT-ELBERTA,Pier/Dock,Other,4,Catch,0
2021,FRANKFORT-ELBERTA,Pier/Dock,Other,4,Harvest,0
2021,FRANKFORT-ELBERTA,Pier/Dock,Pink Salmon,4,Catch,0
2021,FRANKFORT-ELBERTA,Pier/Dock,Pink Salmon,4,Harvest,0
2021,FRANKFORT-ELBERTA,Pier/Dock,Pumpkinseed,4,Catch,0
2021,FRANKFORT-ELBERTA,Pier/Dock,Pumpkinseed,4,Harvest,0
2021,FRANKFORT-ELBERTA,Pier/Dock,Rockbass,4,Catch,0
2021,FRANKFORT-ELBERTA,Pier/Dock,Rockbass,4,Harvest,0
2021,FRANKFORT-ELBERTA,Pier/Dock,Round Whitefish,4,Catch,0
2021,FRANKFORT-ELBERTA,Pier/Dock,Round Whitefish,4,Harvest,0
2021,FRANKFORT-ELBERTA,Pier/Dock,Smallmouth Bass,4,Catch,0
2021,FRANKFORT-ELBERTA,Pier/Dock,Smallmouth Bass,4,Harvest,0
2021,FRANKFORT-ELBERTA,Pier/Dock,Smelt,4,Catch,0
2021,FRANKFORT-ELBERTA,Pier/Dock,Smelt,4,Harvest,0
2021,FRANKFORT-ELBERTA,Pier/Dock,Steelhead,4,Catch,0
2021,FRANKFORT-ELBERTA,Pier/Dock,Steelhead,4,Harvest,0
2021,FRANKFORT-ELBERTA,Pier/Dock,Walleye,4,Catch,0
2021,FRANKFORT-ELBERTA,Pier/Dock,Walleye,4,Harvest,0
2021,FRANKFORT-ELBERTA,Pier/Dock,White Bass,4,Catch,0
2021,FRANKFORT-ELBERTA,Pier/Dock,White Bass,4,Harvest,0
2021,FRANKFORT-ELBERTA,Pier/Dock,White Perch,4,Catch,0
2021,FRANKFORT-ELBERTA,Pier/Dock,White Perch,4,Harvest,0
2021,FRANKFORT-ELBERTA,Pier/Dock,Yellow Perch,4,Catch,0
2021,FRANKFORT-ELBERTA,Pier/Dock,Yellow Perch,4,Harvest,0
2021,FRANKFORT-ELBERTA,Pier/Dock,Black Crappie,7,Catch,0
2021,FRANKFORT-ELBERTA,Pier/Dock,Black Crappie,7,Harvest,0
2021,FRANKFORT-ELBERTA,Pier/Dock,Bluegill,7,Catch,0
2021,FRANKFORT-ELBERTA,Pier/Dock,Bluegill,7,Harvest,0
2021,FRANKFORT-ELBERTA,Pier/Dock,Brook Trout,7,Catch,0
2021,FRANKFORT-ELBERTA,Pier/Dock,Brook Trout,7,Harvest,0
2021,FRANKFORT-ELBERTA,Pier/Dock,Brown Trout,7,Catch,0
2021,FRANKFORT-ELBERTA,Pier/Dock,Brown Trout,7,Harvest,0
2021,FRANKFORT-ELBERTA,Pier/Dock,Channel Catfish,7,Catch,0
2021,FRANKFORT-ELBERTA,Pier/Dock,Channel Catfish,7,Harvest,0
2021,FRANKFORT-ELBERTA,Pier/Dock,Chinook Salmon,7,Catch,0
2021,FRANKFORT-ELBERTA,Pier/Dock,Chinook Salmon,7,Harvest,0
2021,FRANKFORT-ELBERTA,Pier/Dock,Coho Salmon,7,Catch,0
2021,FRANKFORT-ELBERTA,Pier/Dock,Coho Salmon,7,Harvest,0
2021,FRANKFORT-ELBERTA,Pier/Dock,Common White Sucker,7,Catch,0
2021,FRANKFORT-ELBERTA,Pier/Dock,Common White Sucker,7,Harvest,0
2021,FRANKFORT-ELBERTA,Pier/Dock,Drum,7,Catch,0
2021,FRANKFORT-ELBERTA,Pier/Dock,Drum,7,Harvest,0
2021,FRANKFORT-ELBERTA,Pier/Dock,Lake Herring,7,Catch,0
2021,FRANKFORT-ELBERTA,Pier/Dock,Lake Herring,7,Harvest,0
2021,FRANKFORT-ELBERTA,Pier/Dock,Lake Whitefish,7,Catch,0
2021,FRANKFORT-ELBERTA,Pier/Dock,Lake Whitefish,7,Harvest,0
2021,FRANKFORT-ELBERTA,Pier/Dock,Largemouth Bass,7,Catch,0
2021,FRANKFORT-ELBERTA,Pier/Dock,Largemouth Bass,7,Harvest,0
2021,FRANKFORT-ELBERTA,Pier/Dock,Lean Lake Trout,7,Catch,0
2021,FRANKFORT-ELBERTA,Pier/Dock,Lean Lake Trout,7,Harvest,0
2021,FRANKFORT-ELBERTA,Pier/Dock,Musky,7,Catch,0
2021,FRANKFORT-ELBERTA,Pier/Dock,Musky,7,Harvest,0
2021,FRANKFORT-ELBERTA,Pier/Dock,Northern Pike,7,Catch,0
2021,FRANKFORT-ELBERTA,Pier/Dock,Northern Pike,7,Harvest,0
2021,FRANKFORT-ELBERTA,Pier/Dock,,7,Angler Hours,54
2021,FRANKFORT-ELBERTA,Pier/Dock,Other,7,Catch,0
2021,FRANKFORT-ELBERTA,Pier/Dock,Other,7,Harvest,0
2021,FRANKFORT-ELBERTA,Pier/Dock,Pink Salmon,7,Catch,0
2021,FRANKFORT-ELBERTA,Pier/Dock,Pink Salmon,7,Harvest,0
2021,FRANKFORT-ELBERTA,Pier/Dock,Pumpkinseed,7,Catch,0
2021,FRANKFORT-ELBERTA,Pier/Dock,Pumpkinseed,7,Harvest,0
2021,FRANKFORT-ELBERTA,Pier/Dock,Rockbass,7,Catch,0
2021,FRANKFORT-ELBERTA,Pier/Dock,Rockbass,7,Harvest,0
2021,FRANKFORT-ELBERTA,Pier/Dock,Round Whitefish,7,Catch,0
2021,FRANKFORT-ELBERTA,Pier/Dock,Round Whitefish,7,Harvest,0
2021,FRANKFORT-ELBERTA,Pier/Dock,Smallmouth Bass,7,Catch,0
2021,FRANKFORT-ELBERTA,Pier/Dock,Smallmouth Bass,7,Harvest,0
2021,FRANKFORT-ELBERTA,Pier/Dock,Smelt,7,Catch,0
2021,FRANKFORT-ELBERTA,Pier/Dock,Smelt,7,Harvest,0
2021,FRANKFORT-ELBERTA,Pier/Dock,Steelhead,7,Catch,0
2021,FRANKFORT-ELBERTA,Pier/Dock,Steelhead,7,Harvest,0
2021,FRANKFORT-ELBERTA,Pier/Dock,Walleye,7,Catch,0
2021,FRANKFORT-ELBERTA,Pier/Dock,Walleye,7,Harvest,0
2021,FRANKFORT-ELBERTA,Pier/Dock,White Bass,7,Catch,0
2021,FRANKFORT-ELBERTA,Pier/Dock,White Bass,7,Harvest,0
2021,FRANKFORT-ELBERTA,Pier/Dock,White Perch,7,Catch,0
2021,FRANKFORT-ELBERTA,Pier/Dock,White Perch,7,Harvest,0
2021,FRANKFORT-ELBERTA,Pier/Dock,Yellow Perch,7,Catch,0
2021,FRANKFORT-ELBERTA,Pier/Dock,Yellow Perch,7,Harvest,0
2021,FRANKFORT-ELBERTA,Pier/Dock,Black Crappie,8,Catch,0
2021,FRANKFORT-ELBERTA,Pier/Dock,Black Crappie,8,Harvest,0
2021,FRANKFORT-ELBERTA,Pier/Dock,Bluegill,8,Catch,0
2021,FRANKFORT-ELBERTA,Pier/Dock,Bluegill,8,Harvest,0
2021,FRANKFORT-ELBERTA,Pier/Dock,Brook Trout,8,Catch,0
2021,FRANKFORT-ELBERTA,Pier/Dock,Brook Trout,8,Harvest,0
2021,FRANKFORT-ELBERTA,Pier/Dock,Brown Trout,8,Catch,0
2021,FRANKFORT-ELBERTA,Pier/Dock,Brown Trout,8,Harvest,0
2021,FRANKFORT-ELBERTA,Pier/Dock,Channel Catfish,8,Catch,0
2021,FRANKFORT-ELBERTA,Pier/Dock,Channel Catfish,8,Harvest,0
2021,FRANKFORT-ELBERTA,Pier/Dock,Chinook Salmon,8,Catch,0
2021,FRANKFORT-ELBERTA,Pier/Dock,Chinook Salmon,8,Harvest,0
2021,FRANKFORT-ELBERTA,Pier/Dock,Coho Salmon,8,Catch,0
2021,FRANKFORT-ELBERTA,Pier/Dock,Coho Salmon,8,Harvest,0
2021,FRANKFORT-ELBERTA,Pier/Dock,Common White Sucker,8,Catch,0
2021,FRANKFORT-ELBERTA,Pier/Dock,Common White Sucker,8,Harvest,0
2021,FRANKFORT-ELBERTA,Pier/Dock,Drum,8,Catch,0
2021,FRANKFORT-ELBERTA,Pier/Dock,Drum,8,Harvest,0
2021,FRANKFORT-ELBERTA,Pier/Dock,Lake Herring,8,Catch,0
2021,FRANKFORT-ELBERTA,Pier/Dock,Lake Herring,8,Harvest,0
2021,FRANKFORT-ELBERTA,Pier/Dock,Lake Whitefish,8,Catch,0
2021,FRANKFORT-ELBERTA,Pier/Dock,Lake Whitefish,8,Harvest,0
2021,FRANKFORT-ELBERTA,Pier/Dock,Largemouth Bass,8,Catch,0
2021,FRANKFORT-ELBERTA,Pier/Dock,Largemouth Bass,8,Harvest,0
2021,FRANKFORT-ELBERTA,Pier/Dock,Lean Lake Trout,8,Catch,0
2021,FRANKFORT-ELBERTA,Pier/Dock,Lean Lake Trout,8,Harvest,0
2021,FRANKFORT-ELBERTA,Pier/Dock,Musky,8,Catch,0
2021,FRANKFORT-ELBERTA,Pier/Dock,Musky,8,Harvest,0
2021,FRANKFORT-ELBERTA,Pier/Dock,Northern Pike,8,Catch,0
2021,FRANKFORT-ELBERTA,Pier/Dock,Northern Pike,8,Harvest,0
2021,FRANKFORT-ELBERTA,Pier/Dock,,8,Angler Hours,15
2021,FRANKFORT-ELBERTA,Pier/Dock,Other,8,Catch,0
2021,FRANKFORT-ELBERTA,Pier/Dock,Other,8,Harvest,0
2021,FRANKFORT-ELBERTA,Pier/Dock,Pink Salmon,8,Catch,0
2021,FRANKFORT-ELBERTA,Pier/Dock,Pink Salmon,8,Harvest,0
2021,FRANKFORT-ELBERTA,Pier/Dock,Pumpkinseed,8,Catch,0
2021,FRANKFORT-ELBERTA,Pier/Dock,Pumpkinseed,8,Harvest,0
2021,FRANKFORT-ELBERTA,Pier/Dock,Rockbass,8,Catch,0
2021,FRANKFORT-ELBERTA,Pier/Dock,Rockbass,8,Harvest,0
2021,FRANKFORT-ELBERTA,Pier/Dock,Round Whitefish,8,Catch,0
2021,FRANKFORT-ELBERTA,Pier/Dock,Round Whitefish,8,Harvest,0
2021,FRANKFORT-ELBERTA,Pier/Dock,Smallmouth Bass,8,Catch,0
2021,FRANKFORT-ELBERTA,Pier/Dock,Smallmouth Bass,8,Harvest,0
2021,FRANKFORT-ELBERTA,Pier/Dock,Smelt,8,Catch,0
2021,FRANKFORT-ELBERTA,Pier/Dock,Smelt,8,Harvest,0
2021,FRANKFORT-ELBERTA,Pier/Dock,Steelhead,8,Catch,0
2021,FRANKFORT-ELBERTA,Pier/Dock,Steelhead,8,Harvest,0
2021,FRANKFORT-ELBERTA,Pier/Dock,Walleye,8,Catch,0
2021,FRANKFORT-ELBERTA,Pier/Dock,Walleye,8,Harvest,0
2021,FRANKFORT-ELBERTA,Pier/Dock,White Bass,8,Catch,0
2021,FRANKFORT-ELBERTA,Pier/Dock,White Bass,8,Harvest,0
2021,FRANKFORT-ELBERTA,Pier/Dock,White Perch,8,Catch,0
2021,FRANKFORT-ELBERTA,Pier/Dock,White Perch,8,Harvest,0
2021,FRANKFORT-ELBERTA,Pier/Dock,Yellow Perch,8,Catch,0
2021,FRANKFORT-ELBERTA,Pier/Dock,Yellow Perch,8,Harvest,0
2021,FRANKFORT-ELBERTA,Pier/Dock,Black Crappie,9,Catch,0
2021,FRANKFORT-ELBERTA,Pier/Dock,Black Crappie,9,Harvest,0
2021,FRANKFORT-ELBERTA,Pier/Dock,Bluegill,9,Catch,0
2021,FRANKFORT-ELBERTA,Pier/Dock,Bluegill,9,Harvest,0
2021,FRANKFORT-ELBERTA,Pier/Dock,Brook Trout,9,Catch,0
2021,FRANKFORT-ELBERTA,Pier/Dock,Brook Trout,9,Harvest,0
2021,FRANKFORT-ELBERTA,Pier/Dock,Brown Trout,9,Catch,0
2021,FRANKFORT-ELBERTA,Pier/Dock,Brown Trout,9,Harvest,0
2021,FRANKFORT-ELBERTA,Pier/Dock,Channel Catfish,9,Catch,0
2021,FRANKFORT-ELBERTA,Pier/Dock,Channel Catfish,9,Harvest,0
2021,FRANKFORT-ELBERTA,Pier/Dock,Chinook Salmon,9,Catch,40
2021,FRANKFORT-ELBERTA,Pier/Dock,Chinook Salmon,9,Harvest,40
2021,FRANKFORT-ELBERTA,Pier/Dock,Coho Salmon,9,Catch,31
2021,FRANKFORT-ELBERTA,Pier/Dock,Coho Salmon,9,Harvest,31
2021,FRANKFORT-ELBERTA,Pier/Dock,Common White Sucker,9,Catch,0
2021,FRANKFORT-ELBERTA,Pier/Dock,Common White Sucker,9,Harvest,0
2021,FRANKFORT-ELBERTA,Pier/Dock,Drum,9,Catch,0
2021,FRANKFORT-ELBERTA,Pier/Dock,Drum,9,Harvest,0
2021,FRANKFORT-ELBERTA,Pier/Dock,Lake Herring,9,Catch,0
2021,FRANKFORT-ELBERTA,Pier/Dock,Lake Herring,9,Harvest,0
2021,FRANKFORT-ELBERTA,Pier/Dock,Lake Whitefish,9,Catch,0
2021,FRANKFORT-ELBERTA,Pier/Dock,Lake Whitefish,9,Harvest,0
2021,FRANKFORT-ELBERTA,Pier/Dock,Largemouth Bass,9,Catch,0
2021,FRANKFORT-ELBERTA,Pier/Dock,Largemouth Bass,9,Harvest,0
2021,FRANKFORT-ELBERTA,Pier/Dock,Lean Lake Trout,9,Catch,0
2021,FRANKFORT-ELBERTA,Pier/Dock,Lean Lake Trout,9,Harvest,0
2021,FRANKFORT-ELBERTA,Pier/Dock,Musky,9,Catch,0
2021,FRANKFORT-ELBERTA,Pier/Dock,Musky,9,Harvest,0
2021,FRANKFORT-ELBERTA,Pier/Dock,Northern Pike,9,Catch,0
2021,FRANKFORT-ELBERTA,Pier/Dock,Northern Pike,9,Harvest,0
2021,FRANKFORT-ELBERTA,Pier/Dock,,9,Angler Hours,746
2021,FRANKFORT-ELBERTA,Pier/Dock,Other,9,Catch,0
2021,FRANKFORT-ELBERTA,Pier/Dock,Other,9,Harvest,0
2021,FRANKFORT-ELBERTA,Pier/Dock,Pink Salmon,9,Catch,0
2021,FRANKFORT-ELBERTA,Pier/Dock,Pink Salmon,9,Harvest,0
2021,FRANKFORT-ELBERTA,Pier/Dock,Pumpkinseed,9,Catch,0
2021,FRANKFORT-ELBERTA,Pier/Dock,Pumpkinseed,9,Harvest,0
2021,FRANKFORT-ELBERTA,Pier/Dock,Rockbass,9,Catch,0
2021,FRANKFORT-ELBERTA,Pier/Dock,Rockbass,9,Harvest,0
2021,FRANKFORT-ELBERTA,Pier/Dock,Round Whitefish,9,Catch,0
2021,FRANKFORT-ELBERTA,Pier/Dock,Round Whitefish,9,Harvest,0
2021,FRANKFORT-ELBERTA,Pier/Dock,Smallmouth Bass,9,Catch,0
2021,FRANKFORT-ELBERTA,Pier/Dock,Smallmouth Bass,9,Harvest,0
2021,FRANKFORT-ELBERTA,Pier/Dock,Smelt,9,Catch,0
2021,FRANKFORT-ELBERTA,Pier/Dock,Smelt,9,Harvest,0
2021,FRANKFORT-ELBERTA,Pier/Dock,Steelhead,9,Catch,5
2021,FRANKFORT-ELBERTA,Pier/Dock,Steelhead,9,Harvest,0
2021,FRANKFORT-ELBERTA,Pier/Dock,Walleye,9,Catch,0
2021,FRANKFORT-ELBERTA,Pier/Dock,Walleye,9,Harvest,0
2021,FRANKFORT-ELBERTA,Pier/Dock,White Bass,9,Catch,0
2021,FRANKFORT-ELBERTA,Pier/Dock,White Bass,9,Harvest,0
2021,FRANKFORT-ELBERTA,Pier/Dock,White Perch,9,Catch,0
2021,FRANKFORT-ELBERTA,Pier/Dock,White Perch,9,Harvest,0
2021,FRANKFORT-ELBERTA,Pier/Dock,Yellow Perch,9,Catch,0
2021,FRANKFORT-ELBERTA,Pier/Dock,Yellow Perch,9,Harvest,0
2021,FRANKFORT-ELBERTA,Pier/Dock,Black Crappie,10,Catch,0
2021,FRANKFORT-ELBERTA,Pier/Dock,Black Crappie,10,Harvest,0
2021,FRANKFORT-ELBERTA,Pier/Dock,Bluegill,10,Catch,0
2021,FRANKFORT-ELBERTA,Pier/Dock,Bluegill,10,Harvest,0
2021,FRANKFORT-ELBERTA,Pier/Dock,Brook Trout,10,Catch,0
2021,FRANKFORT-ELBERTA,Pier/Dock,Brook Trout,10,Harvest,0
2021,FRANKFORT-ELBERTA,Pier/Dock,Brown Trout,10,Catch,0
2021,FRANKFORT-ELBERTA,Pier/Dock,Brown Trout,10,Harvest,0
2021,FRANKFORT-ELBERTA,Pier/Dock,Channel Catfish,10,Catch,0
2021,FRANKFORT-ELBERTA,Pier/Dock,Channel Catfish,10,Harvest,0
2021,FRANKFORT-ELBERTA,Pier/Dock,Chinook Salmon,10,Catch,0
2021,FRANKFORT-ELBERTA,Pier/Dock,Chinook Salmon,10,Harvest,0
2021,FRANKFORT-ELBERTA,Pier/Dock,Coho Salmon,10,Catch,40
2021,FRANKFORT-ELBERTA,Pier/Dock,Coho Salmon,10,Harvest,40
2021,FRANKFORT-ELBERTA,Pier/Dock,Common White Sucker,10,Catch,0
2021,FRANKFORT-ELBERTA,Pier/Dock,Common White Sucker,10,Harvest,0
2021,FRANKFORT-ELBERTA,Pier/Dock,Drum,10,Catch,0
2021,FRANKFORT-ELBERTA,Pier/Dock,Drum,10,Harvest,0
2021,FRANKFORT-ELBERTA,Pier/Dock,Lake Herring,10,Catch,0
2021,FRANKFORT-ELBERTA,Pier/Dock,Lake Herring,10,Harvest,0
2021,FRANKFORT-ELBERTA,Pier/Dock,Lake Whitefish,10,Catch,0
2021,FRANKFORT-ELBERTA,Pier/Dock,Lake Whitefish,10,Harvest,0
2021,FRANKFORT-ELBERTA,Pier/Dock,Largemouth Bass,10,Catch,0
2021,FRANKFORT-ELBERTA,Pier/Dock,Largemouth Bass,10,Harvest,0
2021,FRANKFORT-ELBERTA,Pier/Dock,Lean Lake Trout,10,Catch,4
2021,FRANKFORT-ELBERTA,Pier/Dock,Lean Lake Trout,10,Harvest,0
2021,FRANKFORT-ELBERTA,Pier/Dock,Musky,10,Catch,0
2021,FRANKFORT-ELBERTA,Pier/Dock,Musky,10,Harvest,0
2021,FRANKFORT-ELBERTA,Pier/Dock,Northern Pike,10,Catch,0
2021,FRANKFORT-ELBERTA,Pier/Dock,Northern Pike,10,Harvest,0
2021,FRANKFORT-ELBERTA,Pier/Dock,,10,Angler Hours,3193
2021,FRANKFORT-ELBERTA,Pier/Dock,Other,10,Catch,0
2021,FRANKFORT-ELBERTA,Pier/Dock,Other,10,Harvest,0
2021,FRANKFORT-ELBERTA,Pier/Dock,Pink Salmon,10,Catch,0
2021,FRANKFORT-ELBERTA,Pier/Dock,Pink Salmon,10,Harvest,0
2021,FRANKFORT-ELBERTA,Pier/Dock,Pumpkinseed,10,Catch,0
2021,FRANKFORT-ELBERTA,Pier/Dock,Pumpkinseed,10,Harvest,0
2021,FRANKFORT-ELBERTA,Pier/Dock,Rockbass,10,Catch,0
2021,FRANKFORT-ELBERTA,Pier/Dock,Rockbass,10,Harvest,0
2021,FRANKFORT-ELBERTA,Pier/Dock,Round Whitefish,10,Catch,0
2021,FRANKFORT-ELBERTA,Pier/Dock,Round Whitefish,10,Harvest,0
2021,FRANKFORT-ELBERTA,Pier/Dock,Smallmouth Bass,10,Catch,32
2021,FRANKFORT-ELBERTA,Pier/Dock,Smallmouth Bass,10,Harvest,0
2021,FRANKFORT-ELBERTA,Pier/Dock,Smelt,10,Catch,0
2021,FRANKFORT-ELBERTA,Pier/Dock,Smelt,10,Harvest,0
2021,FRANKFORT-ELBERTA,Pier/Dock,Steelhead,10,Catch,294
2021,FRANKFORT-ELBERTA,Pier/Dock,Steelhead,10,Harvest,260
2021,FRANKFORT-ELBERTA,Pier/Dock,Walleye,10,Catch,0
2021,FRANKFORT-ELBERTA,Pier/Dock,Walleye,10,Harvest,0
2021,FRANKFORT-ELBERTA,Pier/Dock,White Bass,10,Catch,0
2021,FRANKFORT-ELBERTA,Pier/Dock,White Bass,10,Harvest,0
2021,FRANKFORT-ELBERTA,Pier/Dock,White Perch,10,Catch,0
2021,FRANKFORT-ELBERTA,Pier/Dock,White Perch,10,Harvest,0
2021,FRANKFORT-ELBERTA,Pier/Dock,Yellow Perch,10,Catch,0
2021,FRANKFORT-ELBERTA,Pier/Dock,Yellow Perch,10,Harvest,0
2022,FRANKFORT-ELBERTA,Pier/Dock,Atlantic Salmon,4,Catch,0
2022,FRANKFORT-ELBERTA,Pier/Dock,Atlantic Salmon,4,Harvest,0
2022,FRANKFORT-ELBERTA,Pier/Dock,Black Crappie,4,Catch,0
2022,FRANKFORT-ELBERTA,Pier/Dock,Black Crappie,4,Harvest,0
2022,FRANKFORT-ELBERTA,Pier/Dock,Bluegill,4,Catch,0
2022,FRANKFORT-ELBERTA,Pier/Dock,Bluegill,4,Harvest,0
2022,FRANKFORT-ELBERTA,Pier/Dock,Brook Trout,4,Catch,0
2022,FRANKFORT-ELBERTA,Pier/Dock,Brook Trout,4,Harvest,0
2022,FRANKFORT-ELBERTA,Pier/Dock,Brown Trout,4,Catch,6
2022,FRANKFORT-ELBERTA,Pier/Dock,Brown Trout,4,Harvest,5
2022,FRANKFORT-ELBERTA,Pier/Dock,Carp,4,Catch,0
2022,FRANKFORT-ELBERTA,Pier/Dock,Carp,4,Harvest,0
2022,FRANKFORT-ELBERTA,Pier/Dock,Channel Catfish,4,Catch,0
2022,FRANKFORT-ELBERTA,Pier/Dock,Channel Catfish,4,Harvest,0
2022,FRANKFORT-ELBERTA,Pier/Dock,Chinook Salmon,4,Catch,0
2022,FRANKFORT-ELBERTA,Pier/Dock,Chinook Salmon,4,Harvest,0
2022,FRANKFORT-ELBERTA,Pier/Dock,Coho Salmon,4,Catch,0
2022,FRANKFORT-ELBERTA,Pier/Dock,Coho Salmon,4,Harvest,0
2022,FRANKFORT-ELBERTA,Pier/Dock,Common White Sucker,4,Catch,0
2022,FRANKFORT-ELBERTA,Pier/Dock,Common White Sucker,4,Harvest,0
2022,FRANKFORT-ELBERTA,Pier/Dock,Drum,4,Catch,0
2022,FRANKFORT-ELBERTA,Pier/Dock,Drum,4,Harvest,0
2022,FRANKFORT-ELBERTA,Pier/Dock,Fat Lake Trout,4,Catch,0
2022,FRANKFORT-ELBERTA,Pier/Dock,Fat Lake Trout,4,Harvest,0
2022,FRANKFORT-ELBERTA,Pier/Dock,Lake Herring,4,Catch,0
2022,FRANKFORT-ELBERTA,Pier/Dock,Lake Herring,4,Harvest,0
2022,FRANKFORT-ELBERTA,Pier/Dock,Lake Whitefish,4,Catch,0
2022,FRANKFORT-ELBERTA,Pier/Dock,Lake Whitefish,4,Harvest,0
2022,FRANKFORT-ELBERTA,Pier/Dock,Largemouth Bass,4,Catch,0
2022,FRANKFORT-ELBERTA,Pier/Dock,Largemouth Bass,4,Harvest,0
2022,FRANKFORT-ELBERTA,Pier/Dock,Lean Lake Trout,4,Catch,0
2022,FRANKFORT-ELBERTA,Pier/Dock,Lean Lake Trout,4,Harvest,0
2022,FRANKFORT-ELBERTA,Pier/Dock,Northern Pike,4,Catch,11
2022,FRANKFORT-ELBERTA,Pier/Dock,Northern Pike,4,Harvest,11
2022,FRANKFORT-ELBERTA,Pier/Dock,,4,Angler Hours,652
2022,FRANKFORT-ELBERTA,Pier/Dock,Other,4,Catch,0
2022,FRANKFORT-ELBERTA,Pier/Dock,Other,4,Harvest,0
2022,FRANKFORT-ELBERTA,Pier/Dock,Pink Salmon,4,Catch,0
2022,FRANKFORT-ELBERTA,Pier/Dock,Pink Salmon,4,Harvest,0
2022,FRANKFORT-ELBERTA,Pier/Dock,Pumpkinseed,4,Catch,0
2022,FRANKFORT-ELBERTA,Pier/Dock,Pumpkinseed,4,Harvest,0
2022,FRANKFORT-ELBERTA,Pier/Dock,Rockbass,4,Catch,0
2022,FRANKFORT-ELBERTA,Pier/Dock,Rockbass,4,Harvest,0
2022,FRANKFORT-ELBERTA,Pier/Dock,Round Whitefish,4,Catch,0
2022,FRANKFORT-ELBERTA,Pier/Dock,Round Whitefish,4,Harvest,0
2022,FRANKFORT-ELBERTA,Pier/Dock,Smallmouth Bass,4,Catch,0
2022,FRANKFORT-ELBERTA,Pier/Dock,Smallmouth Bass,4,Harvest,0
2022,FRANKFORT-ELBERTA,Pier/Dock,Steelhead,4,Catch,8
2022,FRANKFORT-ELBERTA,Pier/Dock,Steelhead,4,Harvest,7
2022,FRANKFORT-ELBERTA,Pier/Dock,Walleye,4,Catch,0
2022,FRANKFORT-ELBERTA,Pier/Dock,Walleye,4,Harvest,0
2022,FRANKFORT-ELBERTA,Pier/Dock,White Perch,4,Catch,0
2022,FRANKFORT-ELBERTA,Pier/Dock,White Perch,4,Harvest,0
2022,FRANKFORT-ELBERTA,Pier/Dock,Yellow Perch,4,Catch,0
2022,FRANKFORT-ELBERTA,Pier/Dock,Yellow Perch,4,Harvest,0
2022,FRANKFORT-ELBERTA,Pier/Dock,Atlantic Salmon,7,Catch,0
2022,FRANKFORT-ELBERTA,Pier/Dock,Atlantic Salmon,7,Harvest,0
2022,FRANKFORT-ELBERTA,Pier/Dock,Black Crappie,7,Catch,0
2022,FRANKFORT-ELBERTA,Pier/Dock,Black Crappie,7,Harvest,0
2022,FRANKFORT-ELBERTA,Pier/Dock,Bluegill,7,Catch,0
2022,FRANKFORT-ELBERTA,Pier/Dock,Bluegill,7,Harvest,0
2022,FRANKFORT-ELBERTA,Pier/Dock,Brook Trout,7,Catch,0
2022,FRANKFORT-ELBERTA,Pier/Dock,Brook Trout,7,Harvest,0
2022,FRANKFORT-ELBERTA,Pier/Dock,Brown Trout,7,Catch,0
2022,FRANKFORT-ELBERTA,Pier/Dock,Brown Trout,7,Harvest,0
2022,FRANKFORT-ELBERTA,Pier/Dock,Carp,7,Catch,0
2022,FRANKFORT-ELBERTA,Pier/Dock,Carp,7,Harvest,0
2022,FRANKFORT-ELBERTA,Pier/Dock,Channel Catfish,7,Catch,0
2022,FRANKFORT-ELBERTA,Pier/Dock,Channel Catfish,7,Harvest,0
2022,FRANKFORT-ELBERTA,Pier/Dock,Chinook Salmon,7,Catch,0
2022,FRANKFORT-ELBERTA,Pier/Dock,Chinook Salmon,7,Harvest,0
2022,FRANKFORT-ELBERTA,Pier/Dock,Coho Salmon,7,Catch,0
2022,FRANKFORT-ELBERTA,Pier/Dock,Coho Salmon,7,Harvest,0
2022,FRANKFORT-ELBERTA,Pier/Dock,Common White Sucker,7,Catch,0
2022,FRANKFORT-ELBERTA,Pier/Dock,Common White Sucker,7,Harvest,0
2022,FRANKFORT-ELBERTA,Pier/Dock,Drum,7,Catch,0
2022,FRANKFORT-ELBERTA,Pier/Dock,Drum,7,Harvest,0
2022,FRANKFORT-ELBERTA,Pier/Dock,Fat Lake Trout,7,Catch,0
2022,FRANKFORT-ELBERTA,Pier/Dock,Fat Lake Trout,7,Harvest,0
2022,FRANKFORT-ELBERTA,Pier/Dock,Lake Herring,7,Catch,0
2022,FRANKFORT-ELBERTA,Pier/Dock,Lake Herring,7,Harvest,0
2022,FRANKFORT-ELBERTA,Pier/Dock,Lake Whitefish,7,Catch,0
2022,FRANKFORT-ELBERTA,Pier/Dock,Lake Whitefish,7,Harvest,0
2022,FRANKFORT-ELBERTA,Pier/Dock,Largemouth Bass,7,Catch,0
2022,FRANKFORT-ELBERTA,Pier/Dock,Largemouth Bass,7,Harvest,0
2022,FRANKFORT-ELBERTA,Pier/Dock,Lean Lake Trout,7,Catch,0
2022,FRANKFORT-ELBERTA,Pier/Dock,Lean Lake Trout,7,Harvest,0
2022,FRANKFORT-ELBERTA,Pier/Dock,Northern Pike,7,Catch,0
2022,FRANKFORT-ELBERTA,Pier/Dock,Northern Pike,7,Harvest,0
2022,FRANKFORT-ELBERTA,Pier/Dock,,7,Angler Hours,189
2022,FRANKFORT-ELBERTA,Pier/Dock,Other,7,Catch,0
2022,FRANKFORT-ELBERTA,Pier/Dock,Other,7,Harvest,0
2022,FRANKFORT-ELBERTA,Pier/Dock,Pink Salmon,7,Catch,0
2022,FRANKFORT-ELBERTA,Pier/Dock,Pink Salmon,7,Harvest,0
2022,FRANKFORT-ELBERTA,Pier/Dock,Pumpkinseed,7,Catch,0
2022,FRANKFORT-ELBERTA,Pier/Dock,Pumpkinseed,7,Harvest,0
2022,FRANKFORT-ELBERTA,Pier/Dock,Rockbass,7,Catch,0
2022,FRANKFORT-ELBERTA,Pier/Dock,Rockbass,7,Harvest,0
2022,FRANKFORT-ELBERTA,Pier/Dock,Round Whitefish,7,Catch,0
2022,FRANKFORT-ELBERTA,Pier/Dock,Round Whitefish,7,Harvest,0
2022,FRANKFORT-ELBERTA,Pier/Dock,Smallmouth Bass,7,Catch,0
2022,FRANKFORT-ELBERTA,Pier/Dock,Smallmouth Bass,7,Harvest,0
2022,FRANKFORT-ELBERTA,Pier/Dock,Steelhead,7,Catch,0
2022,FRANKFORT-ELBERTA,Pier/Dock,Steelhead,7,Harvest,0
2022,FRANKFORT-ELBERTA,Pier/Dock,Walleye,7,Catch,0
2022,FRANKFORT-ELBERTA,Pier/Dock,Walleye,7,Harvest,0
2022,FRANKFORT-ELBERTA,Pier/Dock,White Perch,7,Catch,0
2022,FRANKFORT-ELBERTA,Pier/Dock,White Perch,7,Harvest,0
2022,FRANKFORT-ELBERTA,Pier/Dock,Yellow Perch,7,Catch,0
2022,FRANKFORT-ELBERTA,Pier/Dock,Yellow Perch,7,Harvest,0
2022,FRANKFORT-ELBERTA,Pier/Dock,Atlantic Salmon,8,Catch,0
2022,FRANKFORT-ELBERTA,Pier/Dock,Atlantic Salmon,8,Harvest,0
2022,FRANKFORT-ELBERTA,Pier/Dock,Black Crappie,8,Catch,0
2022,FRANKFORT-ELBERTA,Pier/Dock,Black Crappie,8,Harvest,0
2022,FRANKFORT-ELBERTA,Pier/Dock,Bluegill,8,Catch,0
2022,FRANKFORT-ELBERTA,Pier/Dock,Bluegill,8,Harvest,0
2022,FRANKFORT-ELBERTA,Pier/Dock,Brook Trout,8,Catch,0
2022,FRANKFORT-ELBERTA,Pier/Dock,Brook Trout,8,Harvest,0
2022,FRANKFORT-ELBERTA,Pier/Dock,Brown Trout,8,Catch,0
2022,FRANKFORT-ELBERTA,Pier/Dock,Brown Trout,8,Harvest,0
2022,FRANKFORT-ELBERTA,Pier/Dock,Carp,8,Catch,0
2022,FRANKFORT-ELBERTA,Pier/Dock,Carp,8,Harvest,0
2022,FRANKFORT-ELBERTA,Pier/Dock,Channel Catfish,8,Catch,0
2022,FRANKFORT-ELBERTA,Pier/Dock,Channel Catfish,8,Harvest,0
2022,FRANKFORT-ELBERTA,Pier/Dock,Chinook Salmon,8,Catch,21
2022,FRANKFORT-ELBERTA,Pier/Dock,Chinook Salmon,8,Harvest,20
2022,FRANKFORT-ELBERTA,Pier/Dock,Coho Salmon,8,Catch,16
2022,FRANKFORT-ELBERTA,Pier/Dock,Coho Salmon,8,Harvest,15
2022,FRANKFORT-ELBERTA,Pier/Dock,Common White Sucker,8,Catch,0
2022,FRANKFORT-ELBERTA,Pier/Dock,Common White Sucker,8,Harvest,0
2022,FRANKFORT-ELBERTA,Pier/Dock,Drum,8,Catch,0
2022,FRANKFORT-ELBERTA,Pier/Dock,Drum,8,Harvest,0
2022,FRANKFORT-ELBERTA,Pier/Dock,Fat Lake Trout,8,Catch,0
2022,FRANKFORT-ELBERTA,Pier/Dock,Fat Lake Trout,8,Harvest,0
2022,FRANKFORT-ELBERTA,Pier/Dock,Lake Herring,8,Catch,0
2022,FRANKFORT-ELBERTA,Pier/Dock,Lake Herring,8,Harvest,0
2022,FRANKFORT-ELBERTA,Pier/Dock,Lake Whitefish,8,Catch,0
2022,FRANKFORT-ELBERTA,Pier/Dock,Lake Whitefish,8,Harvest,0
2022,FRANKFORT-ELBERTA,Pier/Dock,Largemouth Bass,8,Catch,0
2022,FRANKFORT-ELBERTA,Pier/Dock,Largemouth Bass,8,Harvest,0
2022,FRANKFORT-ELBERTA,Pier/Dock,Lean Lake Trout,8,Catch,0
2022,FRANKFORT-ELBERTA,Pier/Dock,Lean Lake Trout,8,Harvest,0
2022,FRANKFORT-ELBERTA,Pier/Dock,Northern Pike,8,Catch,0
2022,FRANKFORT-ELBERTA,Pier/Dock,Northern Pike,8,Harvest,0
2022,FRANKFORT-ELBERTA,Pier/Dock,,8,Angler Hours,169
2022,FRANKFORT-ELBERTA,Pier/Dock,Other,8,Catch,0
2022,FRANKFORT-ELBERTA,Pier/Dock,Other,8,Harvest,0
2022,FRANKFORT-ELBERTA,Pier/Dock,Pink Salmon,8,Catch,0
2022,FRANKFORT-ELBERTA,Pier/Dock,Pink Salmon,8,Harvest,0
2022,FRANKFORT-ELBERTA,Pier/Dock,Pumpkinseed,8,Catch,0
2022,FRANKFORT-ELBERTA,Pier/Dock,Pumpkinseed,8,Harvest,0
2022,FRANKFORT-ELBERTA,Pier/Dock,Rockbass,8,Catch,0
2022,FRANKFORT-ELBERTA,Pier/Dock,Rockbass,8,Harvest,0
2022,FRANKFORT-ELBERTA,Pier/Dock,Round Whitefish,8,Catch,0
2022,FRANKFORT-ELBERTA,Pier/Dock,Round Whitefish,8,Harvest,0
2022,FRANKFORT-ELBERTA,Pier/Dock,Smallmouth Bass,8,Catch,0
2022,FRANKFORT-ELBERTA,Pier/Dock,Smallmouth Bass,8,Harvest,0
2022,FRANKFORT-ELBERTA,Pier/Dock,Steelhead,8,Catch,0
2022,FRANKFORT-ELBERTA,Pier/Dock,Steelhead,8,Harvest,0
2022,FRANKFORT-ELBERTA,Pier/Dock,Walleye,8,Catch,0
2022,FRANKFORT-ELBERTA,Pier/Dock,Walleye,8,Harvest,0
2022,FRANKFORT-ELBERTA,Pier/Dock,White Perch,8,Catch,0
2022,FRANKFORT-ELBERTA,Pier/Dock,White Perch,8,Harvest,0
2022,FRANKFORT-ELBERTA,Pier/Dock,Yellow Perch,8,Catch,0
2022,FRANKFORT-ELBERTA,Pier/Dock,Yellow Perch,8,Harvest,0
2022,FRANKFORT-ELBERTA,Pier/Dock,Atlantic Salmon,9,Catch,0
2022,FRANKFORT-ELBERTA,Pier/Dock,Atlantic Salmon,9,Harvest,0
2022,FRANKFORT-ELBERTA,Pier/Dock,Black Crappie,9,Catch,0
2022,FRANKFORT-ELBERTA,Pier/Dock,Black Crappie,9,Harvest,0
2022,FRANKFORT-ELBERTA,Pier/Dock,Bluegill,9,Catch,0
2022,FRANKFORT-ELBERTA,Pier/Dock,Bluegill,9,Harvest,0
2022,FRANKFORT-ELBERTA,Pier/Dock,Brook Trout,9,Catch,0
2022,FRANKFORT-ELBERTA,Pier/Dock,Brook Trout,9,Harvest,0
2022,FRANKFORT-ELBERTA,Pier/Dock,Brown Trout,9,Catch,0
2022,FRANKFORT-ELBERTA,Pier/Dock,Brown Trout,9,Harvest,0
2022,FRANKFORT-ELBERTA,Pier/Dock,Carp,9,Catch,0
2022,FRANKFORT-ELBERTA,Pier/Dock,Carp,9,Harvest,0
2022,FRANKFORT-ELBERTA,Pier/Dock,Channel Catfish,9,Catch,0
2022,FRANKFORT-ELBERTA,Pier/Dock,Channel Catfish,9,Harvest,0
2022,FRANKFORT-ELBERTA,Pier/Dock,Chinook Salmon,9,Catch,0
2022,FRANKFORT-ELBERTA,Pier/Dock,Chinook Salmon,9,Harvest,0
2022,FRANKFORT-ELBERTA,Pier/Dock,Coho Salmon,9,Catch,7
2022,FRANKFORT-ELBERTA,Pier/Dock,Coho Salmon,9,Harvest,7
2022,FRANKFORT-ELBERTA,Pier/Dock,Common White Sucker,9,Catch,0
2022,FRANKFORT-ELBERTA,Pier/Dock,Common White Sucker,9,Harvest,0
2022,FRANKFORT-ELBERTA,Pier/Dock,Drum,9,Catch,0
2022,FRANKFORT-ELBERTA,Pier/Dock,Drum,9,Harvest,0
2022,FRANKFORT-ELBERTA,Pier/Dock,Fat Lake Trout,9,Catch,0
2022,FRANKFORT-ELBERTA,Pier/Dock,Fat Lake Trout,9,Harvest,0
2022,FRANKFORT-ELBERTA,Pier/Dock,Lake Herring,9,Catch,0
2022,FRANKFORT-ELBERTA,Pier/Dock,Lake Herring,9,Harvest,0
2022,FRANKFORT-ELBERTA,Pier/Dock,Lake Whitefish,9,Catch,0
2022,FRANKFORT-ELBERTA,Pier/Dock,Lake Whitefish,9,Harvest,0
2022,FRANKFORT-ELBERTA,Pier/Dock,Largemouth Bass,9,Catch,0
2022,FRANKFORT-ELBERTA,Pier/Dock,Largemouth Bass,9,Harvest,0
2022,FRANKFORT-ELBERTA,Pier/Dock,Lean Lake Trout,9,Catch,0
2022,FRANKFORT-ELBERTA,Pier/Dock,Lean Lake Trout,9,Harvest,0
2022,FRANKFORT-ELBERTA,Pier/Dock,Northern Pike,9,Catch,0
2022,FRANKFORT-ELBERTA,Pier/Dock,Northern Pike,9,Harvest,0
2022,FRANKFORT-ELBERTA,Pier/Dock,,9,Angler Hours,90
2022,FRANKFORT-ELBERTA,Pier/Dock,Other,9,Catch,0
2022,FRANKFORT-ELBERTA,Pier/Dock,Other,9,Harvest,0
2022,FRANKFORT-ELBERTA,Pier/Dock,Pink Salmon,9,Catch,0
2022,FRANKFORT-ELBERTA,Pier/Dock,Pink Salmon,9,Harvest,0
2022,FRANKFORT-ELBERTA,Pier/Dock,Pumpkinseed,9,Catch,0
2022,FRANKFORT-ELBERTA,Pier/Dock,Pumpkinseed,9,Harvest,0
2022,FRANKFORT-ELBERTA,Pier/Dock,Rockbass,9,Catch,0
2022,FRANKFORT-ELBERTA,Pier/Dock,Rockbass,9,Harvest,0
2022,FRANKFORT-ELBERTA,Pier/Dock,Round Whitefish,9,Catch,0
2022,FRANKFORT-ELBERTA,Pier/Dock,Round Whitefish,9,Harvest,0
2022,FRANKFORT-ELBERTA,Pier/Dock,Smallmouth Bass,9,Catch,0
2022,FRANKFORT-ELBERTA,Pier/Dock,Smallmouth Bass,9,Harvest,0
2022,FRANKFORT-ELBERTA,Pier/Dock,Steelhead,9,Catch,0
2022,FRANKFORT-ELBERTA,Pier/Dock,Steelhead,9,Harvest,0
2022,FRANKFORT-ELBERTA,Pier/Dock,Walleye,9,Catch,0
2022,FRANKFORT-ELBERTA,Pier/Dock,Walleye,9,Harvest,0
2022,FRANKFORT-ELBERTA,Pier/Dock,White Perch,9,Catch,0
2022,FRANKFORT-ELBERTA,Pier/Dock,White Perch,9,Harvest,0
2022,FRANKFORT-ELBERTA,Pier/Dock,Yellow Perch,9,Catch,0
2022,FRANKFORT-ELBERTA,Pier/Dock,Yellow Perch,9,Harvest,0
2022,FRANKFORT-ELBERTA,Pier/Dock,Atlantic Salmon,10,Catch,0
2022,FRANKFORT-ELBERTA,Pier/Dock,Atlantic Salmon,10,Harvest,0
2022,FRANKFORT-ELBERTA,Pier/Dock,Black Crappie,10,Catch,0
2022,FRANKFORT-ELBERTA,Pier/Dock,Black Crappie,10,Harvest,0
2022,FRANKFORT-ELBERTA,Pier/Dock,Bluegill,10,Catch,0
2022,FRANKFORT-ELBERTA,Pier/Dock,Bluegill,10,Harvest,0
2022,FRANKFORT-ELBERTA,Pier/Dock,Brook Trout,10,Catch,0
2022,FRANKFORT-ELBERTA,Pier/Dock,Brook Trout,10,Harvest,0
2022,FRANKFORT-ELBERTA,Pier/Dock,Brown Trout,10,Catch,0
2022,FRANKFORT-ELBERTA,Pier/Dock,Brown Trout,10,Harvest,0
2022,FRANKFORT-ELBERTA,Pier/Dock,Carp,10,Catch,0
2022,FRANKFORT-ELBERTA,Pier/Dock,Carp,10,Harvest,0
2022,FRANKFORT-ELBERTA,Pier/Dock,Channel Catfish,10,Catch,0
2022,FRANKFORT-ELBERTA,Pier/Dock,Channel Catfish,10,Harvest,0
2022,FRANKFORT-ELBERTA,Pier/Dock,Chinook Salmon,10,Catch,0
2022,FRANKFORT-ELBERTA,Pier/Dock,Chinook Salmon,10,Harvest,0
2022,FRANKFORT-ELBERTA,Pier/Dock,Coho Salmon,10,Catch,33
2022,FRANKFORT-ELBERTA,Pier/Dock,Coho Salmon,10,Harvest,0
2022,FRANKFORT-ELBERTA,Pier/Dock,Common White Sucker,10,Catch,0
2022,FRANKFORT-ELBERTA,Pier/Dock,Common White Sucker,10,Harvest,0
2022,FRANKFORT-ELBERTA,Pier/Dock,Drum,10,Catch,0
2022,FRANKFORT-ELBERTA,Pier/Dock,Drum,10,Harvest,0
2022,FRANKFORT-ELBERTA,Pier/Dock,Fat Lake Trout,10,Catch,0
2022,FRANKFORT-ELBERTA,Pier/Dock,Fat Lake Trout,10,Harvest,0
2022,FRANKFORT-ELBERTA,Pier/Dock,Lake Herring,10,Catch,0
2022,FRANKFORT-ELBERTA,Pier/Dock,Lake Herring,10,Harvest,0
2022,FRANKFORT-ELBERTA,Pier/Dock,Lake Whitefish,10,Catch,0
2022,FRANKFORT-ELBERTA,Pier/Dock,Lake Whitefish,10,Harvest,0
2022,FRANKFORT-ELBERTA,Pier/Dock,Largemouth Bass,10,Catch,0
2022,FRANKFORT-ELBERTA,Pier/Dock,Largemouth Bass,10,Harvest,0
2022,FRANKFORT-ELBERTA,Pier/Dock,Lean Lake Trout,10,Catch,38
2022,FRANKFORT-ELBERTA,Pier/Dock,Lean Lake Trout,10,Harvest,0
2022,FRANKFORT-ELBERTA,Pier/Dock,Northern Pike,10,Catch,0
2022,FRANKFORT-ELBERTA,Pier/Dock,Northern Pike,10,Harvest,0
2022,FRANKFORT-ELBERTA,Pier/Dock,,10,Angler Hours,1301
2022,FRANKFORT-ELBERTA,Pier/Dock,Other,10,Catch,0
2022,FRANKFORT-ELBERTA,Pier/Dock,Other,10,Harvest,0
2022,FRANKFORT-ELBERTA,Pier/Dock,Pink Salmon,10,Catch,0
2022,FRANKFORT-ELBERTA,Pier/Dock,Pink Salmon,10,Harvest,0
2022,FRANKFORT-ELBERTA,Pier/Dock,Pumpkinseed,10,Catch,0
2022,FRANKFORT-ELBERTA,Pier/Dock,Pumpkinseed,10,Harvest,0
2022,FRANKFORT-ELBERTA,Pier/Dock,Rockbass,10,Catch,0
2022,FRANKFORT-ELBERTA,Pier/Dock,Rockbass,10,Harvest,0
2022,FRANKFORT-ELBERTA,Pier/Dock,Round Whitefish,10,Catch,0
2022,FRANKFORT-ELBERTA,Pier/Dock,Round Whitefish,10,Harvest,0
2022,FRANKFORT-ELBERTA,Pier/Dock,Smallmouth Bass,10,Catch,0
2022,FRANKFORT-ELBERTA,Pier/Dock,Smallmouth Bass,10,Harvest,0
2022,FRANKFORT-ELBERTA,Pier/Dock,Steelhead,10,Catch,71
2022,FRANKFORT-ELBERTA,Pier/Dock,Steelhead,10,Harvest,70
2022,FRANKFORT-ELBERTA,Pier/Dock,Walleye,10,Catch,0
2022,FRANKFORT-ELBERTA,Pier/Dock,Walleye,10,Harvest,0
2022,FRANKFORT-ELBERTA,Pier/Dock,White Perch,10,Catch,0
2022,FRANKFORT-ELBERTA,Pier/Dock,White Perch,10,Harvest,0
2022,FRANKFORT-ELBERTA,Pier/Dock,Yellow Perch,10,Catch,0
2022,FRANKFORT-ELBERTA,Pier/Dock,Yellow Perch,10,Harvest,0
1989,GRAND HAVEN,Pier/Dock,Brown Trout,4,Harvest,77
1989,GRAND HAVEN,Pier/Dock,Chinook Salmon,4,Harvest,55
1989,GRAND HAVEN,Pier/Dock,Coho Salmon,4,Harvest,66
1989,GRAND HAVEN,Pier/Dock,,4,Angler Hours,4925
1989,GRAND HAVEN,Pier/Dock,Steelhead,4,Harvest,13
1989,GRAND HAVEN,Pier/Dock,Brown Trout,5,Harvest,377
1989,GRAND HAVEN,Pier/Dock,Chinook Salmon,5,Harvest,48
1989,GRAND HAVEN,Pier/Dock,Coho Salmon,5,Harvest,130
1989,GRAND HAVEN,Pier/Dock,Drum,5,Harvest,2
1989,GRAND HAVEN,Pier/Dock,Lean Lake Trout,5,Harvest,45
1989,GRAND HAVEN,Pier/Dock,,5,Angler Hours,12210
1989,GRAND HAVEN,Pier/Dock,Yellow Perch,5,Harvest,268
1989,GRAND HAVEN,Pier/Dock,Chinook Salmon,6,Harvest,28
1989,GRAND HAVEN,Pier/Dock,Coho Salmon,6,Harvest,4
1989,GRAND HAVEN,Pier/Dock,,6,Angler Hours,7133
1989,GRAND HAVEN,Pier/Dock,Yellow Perch,6,Harvest,9146
1989,GRAND HAVEN,Pier/Dock,Bluegill,7,Harvest,145
1989,GRAND HAVEN,Pier/Dock,Channel Catfish,7,Harvest,38
1989,GRAND HAVEN,Pier/Dock,Largemouth Bass,7,Harvest,125
1989,GRAND HAVEN,Pier/Dock,,7,Angler Hours,36023
1989,GRAND HAVEN,Pier/Dock,Steelhead,7,Harvest,67
1989,GRAND HAVEN,Pier/Dock,Yellow Perch,7,Harvest,44307
1989,GRAND HAVEN,Pier/Dock,,8,Angler Hours,8657
1989,GRAND HAVEN,Pier/Dock,Yellow Perch,8,Harvest,14840
1989,GRAND HAVEN,Pier/Dock,Channel Catfish,9,Harvest,32
1989,GRAND HAVEN,Pier/Dock,Drum,9,Harvest,99
1989,GRAND HAVEN,Pier/Dock,,9,Angler Hours,7068
1989,GRAND HAVEN,Pier/Dock,Other,9,Harvest,99
1989,GRAND HAVEN,Pier/Dock,Yellow Perch,9,Harvest,14013
1989,GRAND HAVEN,Pier/Dock,,10,Angler Hours,2333
1989,GRAND HAVEN,Pier/Dock,Steelhead,10,Harvest,44
1990,GRAND HAVEN,Pier/Dock,Brown Trout,5,Harvest,7
1990,GRAND HAVEN,Pier/Dock,,5,Angler Hours,2893
1990,GRAND HAVEN,Pier/Dock,Yellow Perch,5,Harvest,568
1990,GRAND HAVEN,Pier/Dock,Channel Catfish,6,Harvest,52
1990,GRAND HAVEN,Pier/Dock,Chinook Salmon,6,Harvest,9
1990,GRAND HAVEN,Pier/Dock,,6,Angler Hours,11371
1990,GRAND HAVEN,Pier/Dock,Yellow Perch,6,Harvest,11849
1990,GRAND HAVEN,Pier/Dock,,7,Angler Hours,26402
1990,GRAND HAVEN,Pier/Dock,Yellow Perch,7,Harvest,25608
1990,GRAND HAVEN,Pier/Dock,Channel Catfish,8,Harvest,478
1990,GRAND HAVEN,Pier/Dock,Chinook Salmon,8,Harvest,23
1990,GRAND HAVEN,Pier/Dock,Largemouth Bass,8,Harvest,42
1990,GRAND HAVEN,Pier/Dock,,8,Angler Hours,15650
1990,GRAND HAVEN,Pier/Dock,Yellow Perch,8,Harvest,14597
1990,GRAND HAVEN,Pier/Dock,Bluegill,9,Harvest,268
1990,GRAND HAVEN,Pier/Dock,Channel Catfish,9,Harvest,23
1990,GRAND HAVEN,Pier/Dock,,9,Angler Hours,4816
1990,GRAND HAVEN,Pier/Dock,Rockbass,9,Harvest,9
1990,GRAND HAVEN,Pier/Dock,Steelhead,9,Harvest,9
1990,GRAND HAVEN,Pier/Dock,Yellow Perch,9,Harvest,19
1990,GRAND HAVEN,Pier/Dock,Coho Salmon,10,Harvest,30
1990,GRAND HAVEN,Pier/Dock,,10,Angler Hours,2217
1990,GRAND HAVEN,Pier/Dock,Round Whitefish,10,Harvest,94
1990,GRAND HAVEN,Pier/Dock,Steelhead,10,Harvest,49
1990,GRAND HAVEN,Pier/Dock,,11,Angler Hours,3786
1990,GRAND HAVEN,Pier/Dock,Steelhead,11,Harvest,221
1991,GRAND HAVEN,Pier/Dock,Brown Trout,4,Harvest,97
1991,GRAND HAVEN,Pier/Dock,Coho Salmon,4,Harvest,17
1991,GRAND HAVEN,Pier/Dock,,4,Angler Hours,4215
1991,GRAND HAVEN,Pier/Dock,Steelhead,4,Harvest,3
1991,GRAND HAVEN,Pier/Dock,Yellow Perch,4,Harvest,192
1991,GRAND HAVEN,Pier/Dock,Brown Trout,5,Harvest,271
1991,GRAND HAVEN,Pier/Dock,Chinook Salmon,5,Harvest,39
1991,GRAND HAVEN,Pier/Dock,Coho Salmon,5,Harvest,47
1991,GRAND HAVEN,Pier/Dock,,5,Angler Hours,9370
1991,GRAND HAVEN,Pier/Dock,Yellow Perch,5,Harvest,2247
1991,GRAND HAVEN,Pier/Dock,Channel Catfish,6,Harvest,10
1991,GRAND HAVEN,Pier/Dock,Chinook Salmon,6,Harvest,8
1991,GRAND HAVEN,Pier/Dock,Coho Salmon,6,Harvest,19
1991,GRAND HAVEN,Pier/Dock,Lean Lake Trout,6,Harvest,33
1991,GRAND HAVEN,Pier/Dock,,6,Angler Hours,35661
1991,GRAND HAVEN,Pier/Dock,Yellow Perch,6,Harvest,80649
1991,GRAND HAVEN,Pier/Dock,Channel Catfish,7,Harvest,29
1991,GRAND HAVEN,Pier/Dock,Chinook Salmon,7,Harvest,40
1991,GRAND HAVEN,Pier/Dock,Coho Salmon,7,Harvest,64
1991,GRAND HAVEN,Pier/Dock,,7,Angler Hours,11520
1991,GRAND HAVEN,Pier/Dock,Steelhead,7,Harvest,231
1991,GRAND HAVEN,Pier/Dock,Yellow Perch,7,Harvest,5798
1991,GRAND HAVEN,Pier/Dock,Chinook Salmon,8,Harvest,10
1991,GRAND HAVEN,Pier/Dock,Drum,8,Harvest,21
1991,GRAND HAVEN,Pier/Dock,Lean Lake Trout,8,Harvest,35
1991,GRAND HAVEN,Pier/Dock,,8,Angler Hours,14200
1991,GRAND HAVEN,Pier/Dock,Smallmouth Bass,8,Harvest,19
1991,GRAND HAVEN,Pier/Dock,Yellow Perch,8,Harvest,10427
1991,GRAND HAVEN,Pier/Dock,Bluegill,9,Harvest,282
1991,GRAND HAVEN,Pier/Dock,Chinook Salmon,9,Harvest,4
1991,GRAND HAVEN,Pier/Dock,Drum,9,Harvest,6
1991,GRAND HAVEN,Pier/Dock,Lean Lake Trout,9,Harvest,1
1991,GRAND HAVEN,Pier/Dock,,9,Angler Hours,5473
1991,GRAND HAVEN,Pier/Dock,Steelhead,9,Harvest,22
1991,GRAND HAVEN,Pier/Dock,Yellow Perch,9,Harvest,4416
1991,GRAND HAVEN,Pier/Dock,Brown Trout,10,Harvest,3
1991,GRAND HAVEN,Pier/Dock,Channel Catfish,10,Harvest,33
1991,GRAND HAVEN,Pier/Dock,Chinook Salmon,10,Harvest,3
1991,GRAND HAVEN,Pier/Dock,Coho Salmon,10,Harvest,8
1991,GRAND HAVEN,Pier/Dock,,10,Angler Hours,2435
1991,GRAND HAVEN,Pier/Dock,Round Whitefish,10,Harvest,45
1991,GRAND HAVEN,Pier/Dock,Steelhead,10,Harvest,37
1991,GRAND HAVEN,Pier/Dock,Yellow Perch,10,Harvest,31
1992,GRAND HAVEN,Pier/Dock,Brown Trout,4,Harvest,14
1992,GRAND HAVEN,Pier/Dock,Coho Salmon,4,Harvest,18
1992,GRAND HAVEN,Pier/Dock,,4,Angler Hours,3137
1992,GRAND HAVEN,Pier/Dock,Yellow Perch,4,Harvest,312
1992,GRAND HAVEN,Pier/Dock,Channel Catfish,5,Harvest,106
1992,GRAND HAVEN,Pier/Dock,Coho Salmon,5,Harvest,7
1992,GRAND HAVEN,Pier/Dock,,5,Angler Hours,5789
1992,GRAND HAVEN,Pier/Dock,Yellow Perch,5,Harvest,4264
1992,GRAND HAVEN,Pier/Dock,Channel Catfish,6,Harvest,188
1992,GRAND HAVEN,Pier/Dock,Coho Salmon,6,Harvest,28
1992,GRAND HAVEN,Pier/Dock,,6,Angler Hours,12947
1992,GRAND HAVEN,Pier/Dock,Steelhead,6,Harvest,5
1992,GRAND HAVEN,Pier/Dock,Yellow Perch,6,Harvest,14101
1992,GRAND HAVEN,Pier/Dock,Channel Catfish,7,Harvest,100
1992,GRAND HAVEN,Pier/Dock,,7,Angler Hours,12965
1992,GRAND HAVEN,Pier/Dock,Yellow Perch,7,Harvest,18797
1992,GRAND HAVEN,Pier/Dock,Brown Trout,8,Harvest,11
1992,GRAND HAVEN,Pier/Dock,Channel Catfish,8,Harvest,44
1992,GRAND HAVEN,Pier/Dock,Chinook Salmon,8,Harvest,11
1992,GRAND HAVEN,Pier/Dock,Coho Salmon,8,Harvest,38
1992,GRAND HAVEN,Pier/Dock,Largemouth Bass,8,Harvest,30
1992,GRAND HAVEN,Pier/Dock,,8,Angler Hours,10366
1992,GRAND HAVEN,Pier/Dock,Yellow Perch,8,Harvest,6156
1992,GRAND HAVEN,Pier/Dock,Channel Catfish,9,Harvest,20
1992,GRAND HAVEN,Pier/Dock,Coho Salmon,9,Harvest,25
1992,GRAND HAVEN,Pier/Dock,,9,Angler Hours,3978
1992,GRAND HAVEN,Pier/Dock,Steelhead,9,Harvest,31
1992,GRAND HAVEN,Pier/Dock,Yellow Perch,9,Harvest,86
1992,GRAND HAVEN,Pier/Dock,,10,Angler Hours,6381
1992,GRAND HAVEN,Pier/Dock,Round Whitefish,10,Harvest,315
1992,GRAND HAVEN,Pier/Dock,Steelhead,10,Harvest,329
1992,GRAND HAVEN,Pier/Dock,Yellow Perch,10,Harvest,214
1993,GRAND HAVEN,Pier/Dock,Brown Trout,4,Harvest,71
1993,GRAND HAVEN,Pier/Dock,Chinook Salmon,4,Harvest,6
1993,GRAND HAVEN,Pier/Dock,Coho Salmon,4,Harvest,5
1993,GRAND HAVEN,Pier/Dock,,4,Angler Hours,4515
1993,GRAND HAVEN,Pier/Dock,Round Whitefish,4,Harvest,11
1993,GRAND HAVEN,Pier/Dock,Steelhead,4,Harvest,17
1993,GRAND HAVEN,Pier/Dock,Yellow Perch,4,Harvest,266
1993,GRAND HAVEN,Pier/Dock,Brown Trout,5,Harvest,27
1993,GRAND HAVEN,Pier/Dock,Channel Catfish,5,Harvest,25
1993,GRAND HAVEN,Pier/Dock,Drum,5,Harvest,7
1993,GRAND HAVEN,Pier/Dock,,5,Angler Hours,5696
1993,GRAND HAVEN,Pier/Dock,Rockbass,5,Harvest,4
1993,GRAND HAVEN,Pier/Dock,Yellow Perch,5,Harvest,900
1993,GRAND HAVEN,Pier/Dock,Channel Catfish,6,Harvest,248
1993,GRAND HAVEN,Pier/Dock,Coho Salmon,6,Harvest,13
1993,GRAND HAVEN,Pier/Dock,Drum,6,Harvest,4
1993,GRAND HAVEN,Pier/Dock,,6,Angler Hours,13572
1993,GRAND HAVEN,Pier/Dock,Yellow Perch,6,Harvest,7198
1993,GRAND HAVEN,Pier/Dock,Bluegill,7,Harvest,207
1993,GRAND HAVEN,Pier/Dock,Channel Catfish,7,Harvest,287
1993,GRAND HAVEN,Pier/Dock,Drum,7,Harvest,10
1993,GRAND HAVEN,Pier/Dock,Largemouth Bass,7,Harvest,17
1993,GRAND HAVEN,Pier/Dock,,7,Angler Hours,15507
1993,GRAND HAVEN,Pier/Dock,Steelhead,7,Harvest,11
1993,GRAND HAVEN,Pier/Dock,Yellow Perch,7,Harvest,20562
1993,GRAND HAVEN,Pier/Dock,Bluegill,8,Harvest,34
1993,GRAND HAVEN,Pier/Dock,Channel Catfish,8,Harvest,60
1993,GRAND HAVEN,Pier/Dock,Chinook Salmon,8,Harvest,4
1993,GRAND HAVEN,Pier/Dock,Drum,8,Harvest,22
1993,GRAND HAVEN,Pier/Dock,Largemouth Bass,8,Harvest,12
1993,GRAND HAVEN,Pier/Dock,,8,Angler Hours,10459
1993,GRAND HAVEN,Pier/Dock,Pink Salmon,8,Harvest,7
1993,GRAND HAVEN,Pier/Dock,Rockbass,8,Harvest,6
1993,GRAND HAVEN,Pier/Dock,Yellow Perch,8,Harvest,3665
1993,GRAND HAVEN,Pier/Dock,Brown Trout,9,Harvest,39
1993,GRAND HAVEN,Pier/Dock,Chinook Salmon,9,Harvest,61
1993,GRAND HAVEN,Pier/Dock,Coho Salmon,9,Harvest,9
1993,GRAND HAVEN,Pier/Dock,,9,Angler Hours,6282
1993,GRAND HAVEN,Pier/Dock,Steelhead,9,Harvest,8
1993,GRAND HAVEN,Pier/Dock,Yellow Perch,9,Harvest,4856
1993,GRAND HAVEN,Pier/Dock,Channel Catfish,10,Harvest,17
1993,GRAND HAVEN,Pier/Dock,,10,Angler Hours,5839
1993,GRAND HAVEN,Pier/Dock,Round Whitefish,10,Harvest,184
1993,GRAND HAVEN,Pier/Dock,Steelhead,10,Harvest,119
1994,GRAND HAVEN,Pier/Dock,Bluegill,4,Harvest,0
1994,GRAND HAVEN,Pier/Dock,Brown Trout,4,Harvest,305
1994,GRAND HAVEN,Pier/Dock,Channel Catfish,4,Harvest,5
1994,GRAND HAVEN,Pier/Dock,Chinook Salmon,4,Harvest,68
1994,GRAND HAVEN,Pier/Dock,Coho Salmon,4,Harvest,72
1994,GRAND HAVEN,Pier/Dock,Drum,4,Harvest,0
1994,GRAND HAVEN,Pier/Dock,Lake Whitefish,4,Harvest,0
1994,GRAND HAVEN,Pier/Dock,Lean Lake Trout,4,Harvest,0
1994,GRAND HAVEN,Pier/Dock,,4,Angler Hours,8904
1994,GRAND HAVEN,Pier/Dock,Pumpkinseed,4,Harvest,0
1994,GRAND HAVEN,Pier/Dock,Round Whitefish,4,Harvest,0
1994,GRAND HAVEN,Pier/Dock,Smallmouth Bass,4,Harvest,0
1994,GRAND HAVEN,Pier/Dock,Steelhead,4,Harvest,106
1994,GRAND HAVEN,Pier/Dock,Yellow Perch,4,Harvest,1054
1994,GRAND HAVEN,Pier/Dock,Bluegill,5,Harvest,0
1994,GRAND HAVEN,Pier/Dock,Brown Trout,5,Harvest,450
1994,GRAND HAVEN,Pier/Dock,Channel Catfish,5,Harvest,65
1994,GRAND HAVEN,Pier/Dock,Chinook Salmon,5,Harvest,4
1994,GRAND HAVEN,Pier/Dock,Coho Salmon,5,Harvest,11
1994,GRAND HAVEN,Pier/Dock,Drum,5,Harvest,0
1994,GRAND HAVEN,Pier/Dock,Lake Whitefish,5,Harvest,0
1994,GRAND HAVEN,Pier/Dock,Lean Lake Trout,5,Harvest,0
1994,GRAND HAVEN,Pier/Dock,,5,Angler Hours,6965
1994,GRAND HAVEN,Pier/Dock,Pumpkinseed,5,Harvest,0
1994,GRAND HAVEN,Pier/Dock,Round Whitefish,5,Harvest,0
1994,GRAND HAVEN,Pier/Dock,Smallmouth Bass,5,Harvest,0
1994,GRAND HAVEN,Pier/Dock,Steelhead,5,Harvest,3
1994,GRAND HAVEN,Pier/Dock,Yellow Perch,5,Harvest,1074
1994,GRAND HAVEN,Pier/Dock,Bluegill,6,Harvest,0
1994,GRAND HAVEN,Pier/Dock,Brown Trout,6,Harvest,0
1994,GRAND HAVEN,Pier/Dock,Channel Catfish,6,Harvest,99
1994,GRAND HAVEN,Pier/Dock,Chinook Salmon,6,Harvest,0
1994,GRAND HAVEN,Pier/Dock,Coho Salmon,6,Harvest,6
1994,GRAND HAVEN,Pier/Dock,Drum,6,Harvest,0
1994,GRAND HAVEN,Pier/Dock,Lake Whitefish,6,Harvest,0
1994,GRAND HAVEN,Pier/Dock,Lean Lake Trout,6,Harvest,0
1994,GRAND HAVEN,Pier/Dock,,6,Angler Hours,18837
1994,GRAND HAVEN,Pier/Dock,Pumpkinseed,6,Harvest,0
1994,GRAND HAVEN,Pier/Dock,Round Whitefish,6,Harvest,0
1994,GRAND HAVEN,Pier/Dock,Smallmouth Bass,6,Harvest,0
1994,GRAND HAVEN,Pier/Dock,Steelhead,6,Harvest,0
1994,GRAND HAVEN,Pier/Dock,Yellow Perch,6,Harvest,62617
1994,GRAND HAVEN,Pier/Dock,Bluegill,7,Harvest,428
1994,GRAND HAVEN,Pier/Dock,Brown Trout,7,Harvest,0
1994,GRAND HAVEN,Pier/Dock,Channel Catfish,7,Harvest,226
1994,GRAND HAVEN,Pier/Dock,Chinook Salmon,7,Harvest,0
1994,GRAND HAVEN,Pier/Dock,Coho Salmon,7,Harvest,0
1994,GRAND HAVEN,Pier/Dock,Drum,7,Harvest,446
1994,GRAND HAVEN,Pier/Dock,Lake Whitefish,7,Harvest,0
1994,GRAND HAVEN,Pier/Dock,Lean Lake Trout,7,Harvest,0
1994,GRAND HAVEN,Pier/Dock,,7,Angler Hours,14565
1994,GRAND HAVEN,Pier/Dock,Pumpkinseed,7,Harvest,70
1994,GRAND HAVEN,Pier/Dock,Round Whitefish,7,Harvest,0
1994,GRAND HAVEN,Pier/Dock,Smallmouth Bass,7,Harvest,0
1994,GRAND HAVEN,Pier/Dock,Steelhead,7,Harvest,0
1994,GRAND HAVEN,Pier/Dock,Yellow Perch,7,Harvest,5119
1994,GRAND HAVEN,Pier/Dock,Bluegill,8,Harvest,13
1994,GRAND HAVEN,Pier/Dock,Brown Trout,8,Harvest,0
1994,GRAND HAVEN,Pier/Dock,Channel Catfish,8,Harvest,4
1994,GRAND HAVEN,Pier/Dock,Chinook Salmon,8,Harvest,0
1994,GRAND HAVEN,Pier/Dock,Coho Salmon,8,Harvest,0
1994,GRAND HAVEN,Pier/Dock,Drum,8,Harvest,0
1994,GRAND HAVEN,Pier/Dock,Lake Whitefish,8,Harvest,0
1994,GRAND HAVEN,Pier/Dock,Lean Lake Trout,8,Harvest,0
1994,GRAND HAVEN,Pier/Dock,,8,Angler Hours,18677
1994,GRAND HAVEN,Pier/Dock,Pumpkinseed,8,Harvest,0
1994,GRAND HAVEN,Pier/Dock,Round Whitefish,8,Harvest,0
1994,GRAND HAVEN,Pier/Dock,Smallmouth Bass,8,Harvest,34
1994,GRAND HAVEN,Pier/Dock,Steelhead,8,Harvest,25
1994,GRAND HAVEN,Pier/Dock,Yellow Perch,8,Harvest,2812
1994,GRAND HAVEN,Pier/Dock,Bluegill,9,Harvest,0
1994,GRAND HAVEN,Pier/Dock,Brown Trout,9,Harvest,20
1994,GRAND HAVEN,Pier/Dock,Channel Catfish,9,Harvest,14
1994,GRAND HAVEN,Pier/Dock,Chinook Salmon,9,Harvest,39
1994,GRAND HAVEN,Pier/Dock,Coho Salmon,9,Harvest,0
1994,GRAND HAVEN,Pier/Dock,Drum,9,Harvest,0
1994,GRAND HAVEN,Pier/Dock,Lake Whitefish,9,Harvest,0
1994,GRAND HAVEN,Pier/Dock,Lean Lake Trout,9,Harvest,0
1994,GRAND HAVEN,Pier/Dock,,9,Angler Hours,5698
1994,GRAND HAVEN,Pier/Dock,Pumpkinseed,9,Harvest,0
1994,GRAND HAVEN,Pier/Dock,Round Whitefish,9,Harvest,0
1994,GRAND HAVEN,Pier/Dock,Smallmouth Bass,9,Harvest,0
1994,GRAND HAVEN,Pier/Dock,Steelhead,9,Harvest,4
1994,GRAND HAVEN,Pier/Dock,Yellow Perch,9,Harvest,1564
1994,GRAND HAVEN,Pier/Dock,Bluegill,10,Harvest,0
1994,GRAND HAVEN,Pier/Dock,Brown Trout,10,Harvest,0
1994,GRAND HAVEN,Pier/Dock,Channel Catfish,10,Harvest,0
1994,GRAND HAVEN,Pier/Dock,Chinook Salmon,10,Harvest,0
1994,GRAND HAVEN,Pier/Dock,Coho Salmon,10,Harvest,17
1994,GRAND HAVEN,Pier/Dock,Drum,10,Harvest,0
1994,GRAND HAVEN,Pier/Dock,Lake Whitefish,10,Harvest,5
1994,GRAND HAVEN,Pier/Dock,Lean Lake Trout,10,Harvest,8
1994,GRAND HAVEN,Pier/Dock,,10,Angler Hours,4676
1994,GRAND HAVEN,Pier/Dock,Pumpkinseed,10,Harvest,0
1994,GRAND HAVEN,Pier/Dock,Round Whitefish,10,Harvest,44
1994,GRAND HAVEN,Pier/Dock,Smallmouth Bass,10,Harvest,0
1994,GRAND HAVEN,Pier/Dock,Steelhead,10,Harvest,151
1994,GRAND HAVEN,Pier/Dock,Yellow Perch,10,Harvest,303
1995,GRAND HAVEN,Pier/Dock,Brown Trout,4,Harvest,166
1995,GRAND HAVEN,Pier/Dock,Chinook Salmon,4,Harvest,17
1995,GRAND HAVEN,Pier/Dock,,4,Angler Hours,7035
1995,GRAND HAVEN,Pier/Dock,Steelhead,4,Harvest,109
1995,GRAND HAVEN,Pier/Dock,Yellow Perch,4,Harvest,529
1995,GRAND HAVEN,Pier/Dock,Brown Trout,5,Harvest,403
1995,GRAND HAVEN,Pier/Dock,Chinook Salmon,5,Harvest,11
1995,GRAND HAVEN,Pier/Dock,Drum,5,Harvest,14
1995,GRAND HAVEN,Pier/Dock,Lean Lake Trout,5,Harvest,11
1995,GRAND HAVEN,Pier/Dock,,5,Angler Hours,7228
1995,GRAND HAVEN,Pier/Dock,Steelhead,5,Harvest,53
1995,GRAND HAVEN,Pier/Dock,Yellow Perch,5,Harvest,67
1995,GRAND HAVEN,Pier/Dock,Drum,6,Harvest,12
1995,GRAND HAVEN,Pier/Dock,,6,Angler Hours,1235
1995,GRAND HAVEN,Pier/Dock,White Bass,6,Harvest,5
1995,GRAND HAVEN,Pier/Dock,Channel Catfish,7,Harvest,155
1995,GRAND HAVEN,Pier/Dock,Drum,7,Harvest,162
1995,GRAND HAVEN,Pier/Dock,,7,Angler Hours,10570
1995,GRAND HAVEN,Pier/Dock,Yellow Perch,7,Harvest,3211
1995,GRAND HAVEN,Pier/Dock,Drum,8,Harvest,42
1995,GRAND HAVEN,Pier/Dock,,8,Angler Hours,4708
1995,GRAND HAVEN,Pier/Dock,Yellow Perch,8,Harvest,4948
1995,GRAND HAVEN,Pier/Dock,Brown Trout,9,Harvest,9
1995,GRAND HAVEN,Pier/Dock,Chinook Salmon,9,Harvest,19
1995,GRAND HAVEN,Pier/Dock,Coho Salmon,9,Harvest,12
1995,GRAND HAVEN,Pier/Dock,,9,Angler Hours,3500
1995,GRAND HAVEN,Pier/Dock,Other,9,Harvest,17
1995,GRAND HAVEN,Pier/Dock,Yellow Perch,9,Harvest,1351
1995,GRAND HAVEN,Pier/Dock,Brown Trout,10,Harvest,30
1995,GRAND HAVEN,Pier/Dock,,10,Angler Hours,3779
1995,GRAND HAVEN,Pier/Dock,Round Whitefish,10,Harvest,208
1995,GRAND HAVEN,Pier/Dock,Steelhead,10,Harvest,229
1995,GRAND HAVEN,Pier/Dock,Yellow Perch,10,Harvest,24
1996,GRAND HAVEN,Pier/Dock,Brown Trout,4,Harvest,274
1996,GRAND HAVEN,Pier/Dock,Chinook Salmon,4,Harvest,52
1996,GRAND HAVEN,Pier/Dock,,4,Angler Hours,7236
1996,GRAND HAVEN,Pier/Dock,Round Whitefish,4,Harvest,21
1996,GRAND HAVEN,Pier/Dock,Steelhead,4,Harvest,36
1996,GRAND HAVEN,Pier/Dock,Yellow Perch,4,Harvest,2174
1996,GRAND HAVEN,Pier/Dock,Brown Trout,5,Harvest,554
1996,GRAND HAVEN,Pier/Dock,Chinook Salmon,5,Harvest,20
1996,GRAND HAVEN,Pier/Dock,Coho Salmon,5,Harvest,54
1996,GRAND HAVEN,Pier/Dock,,5,Angler Hours,8028
1996,GRAND HAVEN,Pier/Dock,Steelhead,5,Harvest,139
1996,GRAND HAVEN,Pier/Dock,Yellow Perch,5,Harvest,229
1996,GRAND HAVEN,Pier/Dock,Brown Trout,6,Harvest,20
1996,GRAND HAVEN,Pier/Dock,Drum,6,Harvest,230
1996,GRAND HAVEN,Pier/Dock,,6,Angler Hours,15234
1996,GRAND HAVEN,Pier/Dock,Walleye,6,Harvest,10
1996,GRAND HAVEN,Pier/Dock,Yellow Perch,6,Harvest,5597
1996,GRAND HAVEN,Pier/Dock,Channel Catfish,7,Harvest,88
1996,GRAND HAVEN,Pier/Dock,Drum,7,Harvest,35
1996,GRAND HAVEN,Pier/Dock,,7,Angler Hours,19703
1996,GRAND HAVEN,Pier/Dock,White Perch,7,Harvest,27
1996,GRAND HAVEN,Pier/Dock,Yellow Perch,7,Harvest,10260
1996,GRAND HAVEN,Pier/Dock,Chinook Salmon,8,Harvest,61
1996,GRAND HAVEN,Pier/Dock,Lean Lake Trout,8,Harvest,55
1996,GRAND HAVEN,Pier/Dock,,8,Angler Hours,12990
1996,GRAND HAVEN,Pier/Dock,Yellow Perch,8,Harvest,2181
1996,GRAND HAVEN,Pier/Dock,Chinook Salmon,9,Harvest,128
1996,GRAND HAVEN,Pier/Dock,Common White Sucker,9,Harvest,5
1996,GRAND HAVEN,Pier/Dock,Drum,9,Harvest,15
1996,GRAND HAVEN,Pier/Dock,,9,Angler Hours,4304
1996,GRAND HAVEN,Pier/Dock,Yellow Perch,9,Harvest,742
1996,GRAND HAVEN,Pier/Dock,Brown Trout,10,Harvest,34
1996,GRAND HAVEN,Pier/Dock,Chinook Salmon,10,Harvest,45
1996,GRAND HAVEN,Pier/Dock,Coho Salmon,10,Harvest,20
1996,GRAND HAVEN,Pier/Dock,Lake Whitefish,10,Harvest,3
1996,GRAND HAVEN,Pier/Dock,,10,Angler Hours,6406
1996,GRAND HAVEN,Pier/Dock,Round Whitefish,10,Harvest,509
1996,GRAND HAVEN,Pier/Dock,Steelhead,10,Harvest,140
1996,GRAND HAVEN,Pier/Dock,Walleye,10,Harvest,3
1997,GRAND HAVEN,Pier/Dock,Brown Trout,4,Catch,724
1997,GRAND HAVEN,Pier/Dock,Brown Trout,4,Harvest,724
1997,GRAND HAVEN,Pier/Dock,Lake Whitefish,4,Catch,53
1997,GRAND HAVEN,Pier/Dock,Lake Whitefish,4,Harvest,53
1997,GRAND HAVEN,Pier/Dock,,4,Angler Hours,11480
1997,GRAND HAVEN,Pier/Dock,Yellow Perch,4,Catch,5703
1997,GRAND HAVEN,Pier/Dock,Yellow Perch,4,Harvest,5703
1997,GRAND HAVEN,Pier/Dock,Brown Trout,5,Catch,781
1997,GRAND HAVEN,Pier/Dock,Brown Trout,5,Harvest,781
1997,GRAND HAVEN,Pier/Dock,Chinook Salmon,5,Catch,50
1997,GRAND HAVEN,Pier/Dock,Chinook Salmon,5,Harvest,50
1997,GRAND HAVEN,Pier/Dock,Coho Salmon,5,Catch,28
1997,GRAND HAVEN,Pier/Dock,Coho Salmon,5,Harvest,28
1997,GRAND HAVEN,Pier/Dock,Lake Whitefish,5,Catch,36
1997,GRAND HAVEN,Pier/Dock,Lake Whitefish,5,Harvest,36
1997,GRAND HAVEN,Pier/Dock,Lean Lake Trout,5,Catch,13
1997,GRAND HAVEN,Pier/Dock,Lean Lake Trout,5,Harvest,13
1997,GRAND HAVEN,Pier/Dock,,5,Angler Hours,7195
1997,GRAND HAVEN,Pier/Dock,Steelhead,5,Catch,48
1997,GRAND HAVEN,Pier/Dock,Steelhead,5,Harvest,48
1997,GRAND HAVEN,Pier/Dock,Yellow Perch,5,Catch,124
1997,GRAND HAVEN,Pier/Dock,Yellow Perch,5,Harvest,124
1997,GRAND HAVEN,Pier/Dock,Brown Trout,6,Catch,62
1997,GRAND HAVEN,Pier/Dock,Brown Trout,6,Harvest,62
1997,GRAND HAVEN,Pier/Dock,,6,Angler Hours,11405
1997,GRAND HAVEN,Pier/Dock,Yellow Perch,6,Catch,7121
1997,GRAND HAVEN,Pier/Dock,Yellow Perch,6,Harvest,7121
1997,GRAND HAVEN,Pier/Dock,,7,Angler Hours,8662
1997,GRAND HAVEN,Pier/Dock,Smallmouth Bass,7,Catch,137
1997,GRAND HAVEN,Pier/Dock,Smallmouth Bass,7,Harvest,137
1997,GRAND HAVEN,Pier/Dock,Yellow Perch,7,Catch,5000
1997,GRAND HAVEN,Pier/Dock,Yellow Perch,7,Harvest,5000
1997,GRAND HAVEN,Pier/Dock,Chinook Salmon,8,Catch,371
1997,GRAND HAVEN,Pier/Dock,Chinook Salmon,8,Harvest,371
1997,GRAND HAVEN,Pier/Dock,,8,Angler Hours,11373
1997,GRAND HAVEN,Pier/Dock,Steelhead,8,Catch,26
1997,GRAND HAVEN,Pier/Dock,Steelhead,8,Harvest,26
1997,GRAND HAVEN,Pier/Dock,Yellow Perch,8,Catch,4135
1997,GRAND HAVEN,Pier/Dock,Yellow Perch,8,Harvest,4135
1997,GRAND HAVEN,Pier/Dock,Brown Trout,9,Catch,16
1997,GRAND HAVEN,Pier/Dock,Brown Trout,9,Harvest,16
1997,GRAND HAVEN,Pier/Dock,Chinook Salmon,9,Catch,205
1997,GRAND HAVEN,Pier/Dock,Chinook Salmon,9,Harvest,205
1997,GRAND HAVEN,Pier/Dock,Coho Salmon,9,Catch,1563
1997,GRAND HAVEN,Pier/Dock,Coho Salmon,9,Harvest,1563
1997,GRAND HAVEN,Pier/Dock,,9,Angler Hours,14502
1997,GRAND HAVEN,Pier/Dock,Steelhead,9,Catch,11
1997,GRAND HAVEN,Pier/Dock,Steelhead,9,Harvest,11
1997,GRAND HAVEN,Pier/Dock,Yellow Perch,9,Catch,468
1997,GRAND HAVEN,Pier/Dock,Yellow Perch,9,Harvest,468
1997,GRAND HAVEN,Pier/Dock,Coho Salmon,10,Catch,36
1997,GRAND HAVEN,Pier/Dock,Coho Salmon,10,Harvest,36
1997,GRAND HAVEN,Pier/Dock,Lake Whitefish,10,Catch,41
1997,GRAND HAVEN,Pier/Dock,Lake Whitefish,10,Harvest,41
1997,GRAND HAVEN,Pier/Dock,,10,Angler Hours,2364
1997,GRAND HAVEN,Pier/Dock,Steelhead,10,Catch,90
1997,GRAND HAVEN,Pier/Dock,Steelhead,10,Harvest,90
1998,GRAND HAVEN,Pier/Dock,Brown Trout,4,Catch,819
1998,GRAND HAVEN,Pier/Dock,Brown Trout,4,Harvest,819
1998,GRAND HAVEN,Pier/Dock,Chinook Salmon,4,Catch,102
1998,GRAND HAVEN,Pier/Dock,Chinook Salmon,4,Harvest,102
1998,GRAND HAVEN,Pier/Dock,Coho Salmon,4,Catch,55
1998,GRAND HAVEN,Pier/Dock,Coho Salmon,4,Harvest,55
1998,GRAND HAVEN,Pier/Dock,Lake Whitefish,4,Catch,1437
1998,GRAND HAVEN,Pier/Dock,Lake Whitefish,4,Harvest,1437
1998,GRAND HAVEN,Pier/Dock,,4,Angler Hours,11072
1998,GRAND HAVEN,Pier/Dock,Yellow Perch,4,Catch,11
1998,GRAND HAVEN,Pier/Dock,Yellow Perch,4,Harvest,11
1998,GRAND HAVEN,Pier/Dock,Brown Trout,5,Catch,291
1998,GRAND HAVEN,Pier/Dock,Brown Trout,5,Harvest,291
1998,GRAND HAVEN,Pier/Dock,Chinook Salmon,5,Catch,149
1998,GRAND HAVEN,Pier/Dock,Chinook Salmon,5,Harvest,149
1998,GRAND HAVEN,Pier/Dock,Lean Lake Trout,5,Catch,149
1998,GRAND HAVEN,Pier/Dock,Lean Lake Trout,5,Harvest,149
1998,GRAND HAVEN,Pier/Dock,,5,Angler Hours,10557
1998,GRAND HAVEN,Pier/Dock,Steelhead,5,Catch,19
1998,GRAND HAVEN,Pier/Dock,Steelhead,5,Harvest,19
1998,GRAND HAVEN,Pier/Dock,Yellow Perch,5,Catch,1713
1998,GRAND HAVEN,Pier/Dock,Yellow Perch,5,Harvest,1713
1998,GRAND HAVEN,Pier/Dock,,6,Angler Hours,4833
1998,GRAND HAVEN,Pier/Dock,Yellow Perch,6,Catch,3250
1998,GRAND HAVEN,Pier/Dock,Yellow Perch,6,Harvest,3250
1998,GRAND HAVEN,Pier/Dock,Chinook Salmon,7,Catch,53
1998,GRAND HAVEN,Pier/Dock,Chinook Salmon,7,Harvest,53
1998,GRAND HAVEN,Pier/Dock,Coho Salmon,7,Catch,51
1998,GRAND HAVEN,Pier/Dock,Coho Salmon,7,Harvest,51
1998,GRAND HAVEN,Pier/Dock,,7,Angler Hours,5082
1998,GRAND HAVEN,Pier/Dock,Steelhead,7,Catch,23
1998,GRAND HAVEN,Pier/Dock,Steelhead,7,Harvest,23
1998,GRAND HAVEN,Pier/Dock,Yellow Perch,7,Catch,4291
1998,GRAND HAVEN,Pier/Dock,Yellow Perch,7,Harvest,4291
1998,GRAND HAVEN,Pier/Dock,Chinook Salmon,8,Catch,19
1998,GRAND HAVEN,Pier/Dock,Chinook Salmon,8,Harvest,19
1998,GRAND HAVEN,Pier/Dock,,8,Angler Hours,4634
1998,GRAND HAVEN,Pier/Dock,Smallmouth Bass,8,Catch,19
1998,GRAND HAVEN,Pier/Dock,Smallmouth Bass,8,Harvest,19
1998,GRAND HAVEN,Pier/Dock,Yellow Perch,8,Catch,824
1998,GRAND HAVEN,Pier/Dock,Yellow Perch,8,Harvest,824
1998,GRAND HAVEN,Pier/Dock,Chinook Salmon,9,Catch,155
1998,GRAND HAVEN,Pier/Dock,Chinook Salmon,9,Harvest,155
1998,GRAND HAVEN,Pier/Dock,Coho Salmon,9,Catch,127
1998,GRAND HAVEN,Pier/Dock,Coho Salmon,9,Harvest,127
1998,GRAND HAVEN,Pier/Dock,,9,Angler Hours,5394
1998,GRAND HAVEN,Pier/Dock,Steelhead,9,Catch,23
1998,GRAND HAVEN,Pier/Dock,Steelhead,9,Harvest,23
1998,GRAND HAVEN,Pier/Dock,Yellow Perch,9,Catch,13
1998,GRAND HAVEN,Pier/Dock,Yellow Perch,9,Harvest,13
1998,GRAND HAVEN,Pier/Dock,Chinook Salmon,10,Catch,17
1998,GRAND HAVEN,Pier/Dock,Chinook Salmon,10,Harvest,17
1998,GRAND HAVEN,Pier/Dock,Coho Salmon,10,Catch,10
1998,GRAND HAVEN,Pier/Dock,Coho Salmon,10,Harvest,10
1998,GRAND HAVEN,Pier/Dock,Lake Whitefish,10,Catch,150
1998,GRAND HAVEN,Pier/Dock,Lake Whitefish,10,Harvest,150
1998,GRAND HAVEN,Pier/Dock,,10,Angler Hours,6152
1998,GRAND HAVEN,Pier/Dock,Steelhead,10,Catch,91
1998,GRAND HAVEN,Pier/Dock,Steelhead,10,Harvest,91
1999,GRAND HAVEN,Pier/Dock,Bluegill,4,Catch,99
1999,GRAND HAVEN,Pier/Dock,Bluegill,4,Harvest,99
1999,GRAND HAVEN,Pier/Dock,Brown Trout,4,Catch,271
1999,GRAND HAVEN,Pier/Dock,Brown Trout,4,Harvest,225
1999,GRAND HAVEN,Pier/Dock,Channel Catfish,4,Catch,71
1999,GRAND HAVEN,Pier/Dock,Channel Catfish,4,Harvest,71
1999,GRAND HAVEN,Pier/Dock,Lake Whitefish,4,Catch,205
1999,GRAND HAVEN,Pier/Dock,Lake Whitefish,4,Harvest,205
1999,GRAND HAVEN,Pier/Dock,,4,Angler Hours,10865
1999,GRAND HAVEN,Pier/Dock,Round Whitefish,4,Catch,67
1999,GRAND HAVEN,Pier/Dock,Round Whitefish,4,Harvest,67
1999,GRAND HAVEN,Pier/Dock,Yellow Perch,4,Catch,3462
1999,GRAND HAVEN,Pier/Dock,Yellow Perch,4,Harvest,3462
1999,GRAND HAVEN,Pier/Dock,Brook Trout,5,Catch,32
1999,GRAND HAVEN,Pier/Dock,Brook Trout,5,Harvest,32
1999,GRAND HAVEN,Pier/Dock,Brown Trout,5,Catch,105
1999,GRAND HAVEN,Pier/Dock,Brown Trout,5,Harvest,105
1999,GRAND HAVEN,Pier/Dock,Channel Catfish,5,Catch,70
1999,GRAND HAVEN,Pier/Dock,Channel Catfish,5,Harvest,70
1999,GRAND HAVEN,Pier/Dock,,5,Angler Hours,2531
1999,GRAND HAVEN,Pier/Dock,,6,Angler Hours,2988
1999,GRAND HAVEN,Pier/Dock,Yellow Perch,6,Catch,1241
1999,GRAND HAVEN,Pier/Dock,Yellow Perch,6,Harvest,1241
1999,GRAND HAVEN,Pier/Dock,Channel Catfish,7,Catch,41
1999,GRAND HAVEN,Pier/Dock,Channel Catfish,7,Harvest,41
1999,GRAND HAVEN,Pier/Dock,Drum,7,Catch,16
1999,GRAND HAVEN,Pier/Dock,Drum,7,Harvest,16
1999,GRAND HAVEN,Pier/Dock,,7,Angler Hours,5167
1999,GRAND HAVEN,Pier/Dock,Smallmouth Bass,7,Catch,26
1999,GRAND HAVEN,Pier/Dock,Smallmouth Bass,7,Harvest,26
1999,GRAND HAVEN,Pier/Dock,Yellow Perch,7,Catch,6890
1999,GRAND HAVEN,Pier/Dock,Yellow Perch,7,Harvest,6890
1999,GRAND HAVEN,Pier/Dock,Brown Trout,8,Catch,45
1999,GRAND HAVEN,Pier/Dock,Channel Catfish,8,Catch,135
1999,GRAND HAVEN,Pier/Dock,Channel Catfish,8,Harvest,135
1999,GRAND HAVEN,Pier/Dock,Chinook Salmon,8,Catch,38
1999,GRAND HAVEN,Pier/Dock,Chinook Salmon,8,Harvest,38
1999,GRAND HAVEN,Pier/Dock,,8,Angler Hours,8818
1999,GRAND HAVEN,Pier/Dock,Other,8,Catch,162
1999,GRAND HAVEN,Pier/Dock,Other,8,Harvest,162
1999,GRAND HAVEN,Pier/Dock,Walleye,8,Catch,38
1999,GRAND HAVEN,Pier/Dock,Walleye,8,Harvest,38
1999,GRAND HAVEN,Pier/Dock,White Perch,8,Catch,36
1999,GRAND HAVEN,Pier/Dock,White Perch,8,Harvest,36
1999,GRAND HAVEN,Pier/Dock,Yellow Perch,8,Catch,10775
1999,GRAND HAVEN,Pier/Dock,Yellow Perch,8,Harvest,10775
1999,GRAND HAVEN,Pier/Dock,Brown Trout,9,Catch,106
1999,GRAND HAVEN,Pier/Dock,Brown Trout,9,Harvest,106
1999,GRAND HAVEN,Pier/Dock,Channel Catfish,9,Catch,64
1999,GRAND HAVEN,Pier/Dock,Channel Catfish,9,Harvest,64
1999,GRAND HAVEN,Pier/Dock,Chinook Salmon,9,Catch,303
1999,GRAND HAVEN,Pier/Dock,Chinook Salmon,9,Harvest,303
1999,GRAND HAVEN,Pier/Dock,Coho Salmon,9,Catch,23
1999,GRAND HAVEN,Pier/Dock,Coho Salmon,9,Harvest,12
1999,GRAND HAVEN,Pier/Dock,,9,Angler Hours,7350
1999,GRAND HAVEN,Pier/Dock,Steelhead,9,Catch,61
1999,GRAND HAVEN,Pier/Dock,Steelhead,9,Harvest,61
1999,GRAND HAVEN,Pier/Dock,White Bass,9,Catch,19
1999,GRAND HAVEN,Pier/Dock,White Bass,9,Harvest,19
1999,GRAND HAVEN,Pier/Dock,Yellow Perch,9,Catch,167
1999,GRAND HAVEN,Pier/Dock,Yellow Perch,9,Harvest,167
1999,GRAND HAVEN,Pier/Dock,Brown Trout,10,Catch,41
1999,GRAND HAVEN,Pier/Dock,Brown Trout,10,Harvest,29
1999,GRAND HAVEN,Pier/Dock,Channel Catfish,10,Catch,5
1999,GRAND HAVEN,Pier/Dock,Channel Catfish,10,Harvest,5
1999,GRAND HAVEN,Pier/Dock,Chinook Salmon,10,Catch,19
1999,GRAND HAVEN,Pier/Dock,Chinook Salmon,10,Harvest,19
1999,GRAND HAVEN,Pier/Dock,Lake Whitefish,10,Catch,213
1999,GRAND HAVEN,Pier/Dock,Lake Whitefish,10,Harvest,213
1999,GRAND HAVEN,Pier/Dock,Lean Lake Trout,10,Catch,11
1999,GRAND HAVEN,Pier/Dock,,10,Angler Hours,6788
1999,GRAND HAVEN,Pier/Dock,Round Whitefish,10,Catch,158
1999,GRAND HAVEN,Pier/Dock,Round Whitefish,10,Harvest,158
1999,GRAND HAVEN,Pier/Dock,Steelhead,10,Catch,345
1999,GRAND HAVEN,Pier/Dock,Steelhead,10,Harvest,316
2000,GRAND HAVEN,Pier/Dock,Brown Trout,4,Catch,299
2000,GRAND HAVEN,Pier/Dock,Brown Trout,4,Harvest,293
2000,GRAND HAVEN,Pier/Dock,Channel Catfish,4,Catch,30
2000,GRAND HAVEN,Pier/Dock,Channel Catfish,4,Harvest,30
2000,GRAND HAVEN,Pier/Dock,Chinook Salmon,4,Catch,19
2000,GRAND HAVEN,Pier/Dock,Chinook Salmon,4,Harvest,19
2000,GRAND HAVEN,Pier/Dock,Coho Salmon,4,Catch,49
2000,GRAND HAVEN,Pier/Dock,Coho Salmon,4,Harvest,20
2000,GRAND HAVEN,Pier/Dock,Lake Whitefish,4,Catch,31
2000,GRAND HAVEN,Pier/Dock,Lake Whitefish,4,Harvest,31
2000,GRAND HAVEN,Pier/Dock,,4,Angler Hours,4394
2000,GRAND HAVEN,Pier/Dock,Round Whitefish,4,Catch,26
2000,GRAND HAVEN,Pier/Dock,Round Whitefish,4,Harvest,26
2000,GRAND HAVEN,Pier/Dock,Yellow Perch,4,Catch,320
2000,GRAND HAVEN,Pier/Dock,Yellow Perch,4,Harvest,320
2000,GRAND HAVEN,Pier/Dock,Brown Trout,5,Catch,12
2000,GRAND HAVEN,Pier/Dock,Brown Trout,5,Harvest,12
2000,GRAND HAVEN,Pier/Dock,Channel Catfish,5,Catch,1284
2000,GRAND HAVEN,Pier/Dock,Channel Catfish,5,Harvest,1284
2000,GRAND HAVEN,Pier/Dock,Drum,5,Catch,90
2000,GRAND HAVEN,Pier/Dock,Drum,5,Harvest,90
2000,GRAND HAVEN,Pier/Dock,,5,Angler Hours,2001
2000,GRAND HAVEN,Pier/Dock,Yellow Perch,5,Catch,178
2000,GRAND HAVEN,Pier/Dock,Yellow Perch,5,Harvest,178
2000,GRAND HAVEN,Pier/Dock,Channel Catfish,6,Catch,262
2000,GRAND HAVEN,Pier/Dock,Channel Catfish,6,Harvest,262
2000,GRAND HAVEN,Pier/Dock,Largemouth Bass,6,Catch,11
2000,GRAND HAVEN,Pier/Dock,Largemouth Bass,6,Harvest,11
2000,GRAND HAVEN,Pier/Dock,,6,Angler Hours,8299
2000,GRAND HAVEN,Pier/Dock,Walleye,6,Catch,4
2000,GRAND HAVEN,Pier/Dock,Walleye,6,Harvest,4
2000,GRAND HAVEN,Pier/Dock,Yellow Perch,6,Catch,16459
2000,GRAND HAVEN,Pier/Dock,Yellow Perch,6,Harvest,16459
2000,GRAND HAVEN,Pier/Dock,Coho Salmon,7,Catch,376
2000,GRAND HAVEN,Pier/Dock,Coho Salmon,7,Harvest,376
2000,GRAND HAVEN,Pier/Dock,,7,Angler Hours,8461
2000,GRAND HAVEN,Pier/Dock,Yellow Perch,7,Catch,5183
2000,GRAND HAVEN,Pier/Dock,Yellow Perch,7,Harvest,5183
2000,GRAND HAVEN,Pier/Dock,Channel Catfish,8,Catch,74
2000,GRAND HAVEN,Pier/Dock,Channel Catfish,8,Harvest,74
2000,GRAND HAVEN,Pier/Dock,,8,Angler Hours,4610
2000,GRAND HAVEN,Pier/Dock,Yellow Perch,8,Catch,2737
2000,GRAND HAVEN,Pier/Dock,Yellow Perch,8,Harvest,2737
2000,GRAND HAVEN,Pier/Dock,Brown Trout,9,Catch,9
2000,GRAND HAVEN,Pier/Dock,Brown Trout,9,Harvest,9
2000,GRAND HAVEN,Pier/Dock,Channel Catfish,9,Catch,122
2000,GRAND HAVEN,Pier/Dock,Channel Catfish,9,Harvest,122
2000,GRAND HAVEN,Pier/Dock,Chinook Salmon,9,Catch,170
2000,GRAND HAVEN,Pier/Dock,Chinook Salmon,9,Harvest,155
2000,GRAND HAVEN,Pier/Dock,Coho Salmon,9,Catch,15
2000,GRAND HAVEN,Pier/Dock,,9,Angler Hours,4943
2000,GRAND HAVEN,Pier/Dock,Steelhead,9,Catch,6
2000,GRAND HAVEN,Pier/Dock,Steelhead,9,Harvest,6
2000,GRAND HAVEN,Pier/Dock,Yellow Perch,9,Catch,109
2000,GRAND HAVEN,Pier/Dock,Yellow Perch,9,Harvest,109
2000,GRAND HAVEN,Pier/Dock,Brown Trout,10,Catch,3
2000,GRAND HAVEN,Pier/Dock,Brown Trout,10,Harvest,3
2000,GRAND HAVEN,Pier/Dock,Lake Whitefish,10,Catch,59
2000,GRAND HAVEN,Pier/Dock,Lake Whitefish,10,Harvest,59
2000,GRAND HAVEN,Pier/Dock,,10,Angler Hours,4889
2000,GRAND HAVEN,Pier/Dock,Round Whitefish,10,Catch,48
2000,GRAND HAVEN,Pier/Dock,Round Whitefish,10,Harvest,48
2000,GRAND HAVEN,Pier/Dock,Steelhead,10,Catch,210
2000,GRAND HAVEN,Pier/Dock,Steelhead,10,Harvest,210
2001,GRAND HAVEN,Pier/Dock,Brown Trout,4,Catch,354
2001,GRAND HAVEN,Pier/Dock,Brown Trout,4,Harvest,354
2001,GRAND HAVEN,Pier/Dock,Channel Catfish,4,Catch,53
2001,GRAND HAVEN,Pier/Dock,Channel Catfish,4,Harvest,53
2001,GRAND HAVEN,Pier/Dock,Coho Salmon,4,Catch,28
2001,GRAND HAVEN,Pier/Dock,Coho Salmon,4,Harvest,28
2001,GRAND HAVEN,Pier/Dock,Lake Whitefish,4,Catch,391
2001,GRAND HAVEN,Pier/Dock,Lake Whitefish,4,Harvest,391
2001,GRAND HAVEN,Pier/Dock,,4,Angler Hours,10785
2001,GRAND HAVEN,Pier/Dock,Round Whitefish,4,Catch,48
2001,GRAND HAVEN,Pier/Dock,Round Whitefish,4,Harvest,48
2001,GRAND HAVEN,Pier/Dock,Steelhead,4,Catch,18
2001,GRAND HAVEN,Pier/Dock,Steelhead,4,Harvest,18
2001,GRAND HAVEN,Pier/Dock,Yellow Perch,4,Catch,2253
2001,GRAND HAVEN,Pier/Dock,Yellow Perch,4,Harvest,2253
2001,GRAND HAVEN,Pier/Dock,Brown Trout,5,Catch,18
2001,GRAND HAVEN,Pier/Dock,Brown Trout,5,Harvest,18
2001,GRAND HAVEN,Pier/Dock,Channel Catfish,5,Catch,26
2001,GRAND HAVEN,Pier/Dock,Channel Catfish,5,Harvest,26
2001,GRAND HAVEN,Pier/Dock,Drum,5,Catch,210
2001,GRAND HAVEN,Pier/Dock,Drum,5,Harvest,210
2001,GRAND HAVEN,Pier/Dock,,5,Angler Hours,1863
2001,GRAND HAVEN,Pier/Dock,Pink Salmon,5,Catch,113
2001,GRAND HAVEN,Pier/Dock,Pink Salmon,5,Harvest,113
2001,GRAND HAVEN,Pier/Dock,Yellow Perch,5,Catch,26
2001,GRAND HAVEN,Pier/Dock,Yellow Perch,5,Harvest,26
2001,GRAND HAVEN,Pier/Dock,Channel Catfish,6,Catch,133
2001,GRAND HAVEN,Pier/Dock,Channel Catfish,6,Harvest,133
2001,GRAND HAVEN,Pier/Dock,,6,Angler Hours,5272
2001,GRAND HAVEN,Pier/Dock,Yellow Perch,6,Catch,5022
2001,GRAND HAVEN,Pier/Dock,Yellow Perch,6,Harvest,5022
2001,GRAND HAVEN,Pier/Dock,Brown Trout,7,Catch,109
2001,GRAND HAVEN,Pier/Dock,Brown Trout,7,Harvest,109
2001,GRAND HAVEN,Pier/Dock,,7,Angler Hours,13878
2001,GRAND HAVEN,Pier/Dock,Steelhead,7,Catch,182
2001,GRAND HAVEN,Pier/Dock,Steelhead,7,Harvest,182
2001,GRAND HAVEN,Pier/Dock,Yellow Perch,7,Catch,15257
2001,GRAND HAVEN,Pier/Dock,Yellow Perch,7,Harvest,15257
2001,GRAND HAVEN,Pier/Dock,,8,Angler Hours,5636
2001,GRAND HAVEN,Pier/Dock,Steelhead,8,Catch,174
2001,GRAND HAVEN,Pier/Dock,Steelhead,8,Harvest,174
2001,GRAND HAVEN,Pier/Dock,Yellow Perch,8,Catch,4710
2001,GRAND HAVEN,Pier/Dock,Yellow Perch,8,Harvest,4710
2001,GRAND HAVEN,Pier/Dock,,9,Angler Hours,3708
2001,GRAND HAVEN,Pier/Dock,Steelhead,9,Catch,17
2001,GRAND HAVEN,Pier/Dock,Steelhead,9,Harvest,17
2001,GRAND HAVEN,Pier/Dock,Brown Trout,10,Catch,6
2001,GRAND HAVEN,Pier/Dock,Brown Trout,10,Harvest,6
2001,GRAND HAVEN,Pier/Dock,Lake Whitefish,10,Catch,477
2001,GRAND HAVEN,Pier/Dock,Lake Whitefish,10,Harvest,477
2001,GRAND HAVEN,Pier/Dock,,10,Angler Hours,4405
2001,GRAND HAVEN,Pier/Dock,Steelhead,10,Catch,369
2001,GRAND HAVEN,Pier/Dock,Steelhead,10,Harvest,357
2002,GRAND HAVEN,Pier/Dock,Brown Trout,4,Catch,434
2002,GRAND HAVEN,Pier/Dock,Brown Trout,4,Harvest,434
2002,GRAND HAVEN,Pier/Dock,Chinook Salmon,4,Catch,3
2002,GRAND HAVEN,Pier/Dock,Chinook Salmon,4,Harvest,3
2002,GRAND HAVEN,Pier/Dock,Coho Salmon,4,Catch,76
2002,GRAND HAVEN,Pier/Dock,Coho Salmon,4,Harvest,76
2002,GRAND HAVEN,Pier/Dock,Lake Whitefish,4,Catch,855
2002,GRAND HAVEN,Pier/Dock,Lake Whitefish,4,Harvest,855
2002,GRAND HAVEN,Pier/Dock,,4,Angler Hours,8503
2002,GRAND HAVEN,Pier/Dock,Steelhead,4,Catch,33
2002,GRAND HAVEN,Pier/Dock,Steelhead,4,Harvest,33
2002,GRAND HAVEN,Pier/Dock,Yellow Perch,4,Catch,11
2002,GRAND HAVEN,Pier/Dock,Yellow Perch,4,Harvest,11
2002,GRAND HAVEN,Pier/Dock,,5,Angler Hours,1495
2002,GRAND HAVEN,Pier/Dock,Channel Catfish,6,Catch,21
2002,GRAND HAVEN,Pier/Dock,Channel Catfish,6,Harvest,21
2002,GRAND HAVEN,Pier/Dock,,6,Angler Hours,3093
2002,GRAND HAVEN,Pier/Dock,Steelhead,6,Catch,15
2002,GRAND HAVEN,Pier/Dock,Steelhead,6,Harvest,15
2002,GRAND HAVEN,Pier/Dock,Yellow Perch,6,Catch,940
2002,GRAND HAVEN,Pier/Dock,Yellow Perch,6,Harvest,940
2002,GRAND HAVEN,Pier/Dock,Brown Trout,7,Catch,20
2002,GRAND HAVEN,Pier/Dock,Brown Trout,7,Harvest,20
2002,GRAND HAVEN,Pier/Dock,Chinook Salmon,7,Catch,78
2002,GRAND HAVEN,Pier/Dock,Chinook Salmon,7,Harvest,78
2002,GRAND HAVEN,Pier/Dock,,7,Angler Hours,6961
2002,GRAND HAVEN,Pier/Dock,Steelhead,7,Catch,415
2002,GRAND HAVEN,Pier/Dock,Steelhead,7,Harvest,415
2002,GRAND HAVEN,Pier/Dock,Yellow Perch,7,Catch,2642
2002,GRAND HAVEN,Pier/Dock,Yellow Perch,7,Harvest,2642
2002,GRAND HAVEN,Pier/Dock,Channel Catfish,8,Catch,70
2002,GRAND HAVEN,Pier/Dock,Channel Catfish,8,Harvest,70
2002,GRAND HAVEN,Pier/Dock,Coho Salmon,8,Catch,27
2002,GRAND HAVEN,Pier/Dock,Coho Salmon,8,Harvest,27
2002,GRAND HAVEN,Pier/Dock,,8,Angler Hours,4839
2002,GRAND HAVEN,Pier/Dock,Yellow Perch,8,Catch,500
2002,GRAND HAVEN,Pier/Dock,Yellow Perch,8,Harvest,500
2002,GRAND HAVEN,Pier/Dock,Chinook Salmon,9,Catch,49
2002,GRAND HAVEN,Pier/Dock,Chinook Salmon,9,Harvest,49
2002,GRAND HAVEN,Pier/Dock,Coho Salmon,9,Catch,11
2002,GRAND HAVEN,Pier/Dock,Coho Salmon,9,Harvest,11
2002,GRAND HAVEN,Pier/Dock,,9,Angler Hours,5664
2002,GRAND HAVEN,Pier/Dock,Walleye,9,Catch,44
2002,GRAND HAVEN,Pier/Dock,Walleye,9,Harvest,44
2002,GRAND HAVEN,Pier/Dock,Yellow Perch,9,Catch,1991
2002,GRAND HAVEN,Pier/Dock,Yellow Perch,9,Harvest,1991
2002,GRAND HAVEN,Pier/Dock,Chinook Salmon,10,Catch,12
2002,GRAND HAVEN,Pier/Dock,Chinook Salmon,10,Harvest,12
2002,GRAND HAVEN,Pier/Dock,Coho Salmon,10,Catch,14
2002,GRAND HAVEN,Pier/Dock,Coho Salmon,10,Harvest,14
2002,GRAND HAVEN,Pier/Dock,Lake Whitefish,10,Catch,18
2002,GRAND HAVEN,Pier/Dock,Lake Whitefish,10,Harvest,18
2002,GRAND HAVEN,Pier/Dock,,10,Angler Hours,4831
2002,GRAND HAVEN,Pier/Dock,Round Whitefish,10,Catch,820
2002,GRAND HAVEN,Pier/Dock,Round Whitefish,10,Harvest,820
2002,GRAND HAVEN,Pier/Dock,Steelhead,10,Catch,75
2002,GRAND HAVEN,Pier/Dock,Steelhead,10,Harvest,75
2003,GRAND HAVEN,Pier/Dock,Brown Trout,4,Catch,88
2003,GRAND HAVEN,Pier/Dock,Brown Trout,4,Harvest,88
2003,GRAND HAVEN,Pier/Dock,Lake Whitefish,4,Catch,63
2003,GRAND HAVEN,Pier/Dock,Lake Whitefish,4,Harvest,63
2003,GRAND HAVEN,Pier/Dock,,4,Angler Hours,6184
2003,GRAND HAVEN,Pier/Dock,Round Whitefish,4,Catch,63
2003,GRAND HAVEN,Pier/Dock,Round Whitefish,4,Harvest,63
2003,GRAND HAVEN,Pier/Dock,Steelhead,4,Catch,4
2003,GRAND HAVEN,Pier/Dock,Steelhead,4,Harvest,4
2003,GRAND HAVEN,Pier/Dock,Yellow Perch,4,Catch,907
2003,GRAND HAVEN,Pier/Dock,Yellow Perch,4,Harvest,907
2003,GRAND HAVEN,Pier/Dock,Brown Trout,5,Catch,73
2003,GRAND HAVEN,Pier/Dock,Brown Trout,5,Harvest,73
2003,GRAND HAVEN,Pier/Dock,,5,Angler Hours,2301
2003,GRAND HAVEN,Pier/Dock,Brown Trout,6,Catch,169
2003,GRAND HAVEN,Pier/Dock,Brown Trout,6,Harvest,169
2003,GRAND HAVEN,Pier/Dock,,6,Angler Hours,3154
2003,GRAND HAVEN,Pier/Dock,Yellow Perch,6,Catch,173
2003,GRAND HAVEN,Pier/Dock,Yellow Perch,6,Harvest,173
2003,GRAND HAVEN,Pier/Dock,,7,Angler Hours,3437
2003,GRAND HAVEN,Pier/Dock,Yellow Perch,7,Catch,1824
2003,GRAND HAVEN,Pier/Dock,Yellow Perch,7,Harvest,1824
2003,GRAND HAVEN,Pier/Dock,Drum,8,Catch,7
2003,GRAND HAVEN,Pier/Dock,Drum,8,Harvest,7
2003,GRAND HAVEN,Pier/Dock,,8,Angler Hours,7722
2003,GRAND HAVEN,Pier/Dock,Steelhead,8,Catch,64
2003,GRAND HAVEN,Pier/Dock,Steelhead,8,Harvest,64
2003,GRAND HAVEN,Pier/Dock,Yellow Perch,8,Catch,9862
2003,GRAND HAVEN,Pier/Dock,Yellow Perch,8,Harvest,9862
2003,GRAND HAVEN,Pier/Dock,Chinook Salmon,9,Catch,72
2003,GRAND HAVEN,Pier/Dock,Chinook Salmon,9,Harvest,72
2003,GRAND HAVEN,Pier/Dock,Coho Salmon,9,Catch,302
2003,GRAND HAVEN,Pier/Dock,Coho Salmon,9,Harvest,302
2003,GRAND HAVEN,Pier/Dock,,9,Angler Hours,6568
2003,GRAND HAVEN,Pier/Dock,Steelhead,9,Catch,56
2003,GRAND HAVEN,Pier/Dock,Steelhead,9,Harvest,56
2003,GRAND HAVEN,Pier/Dock,Yellow Perch,9,Catch,1061
2003,GRAND HAVEN,Pier/Dock,Yellow Perch,9,Harvest,1061
2003,GRAND HAVEN,Pier/Dock,Chinook Salmon,10,Catch,4
2003,GRAND HAVEN,Pier/Dock,Coho Salmon,10,Catch,16
2003,GRAND HAVEN,Pier/Dock,Coho Salmon,10,Harvest,16
2003,GRAND HAVEN,Pier/Dock,Lake Whitefish,10,Catch,107
2003,GRAND HAVEN,Pier/Dock,Lake Whitefish,10,Harvest,107
2003,GRAND HAVEN,Pier/Dock,Lean Lake Trout,10,Catch,19
2003,GRAND HAVEN,Pier/Dock,,10,Angler Hours,4615
2003,GRAND HAVEN,Pier/Dock,Round Whitefish,10,Catch,173
2003,GRAND HAVEN,Pier/Dock,Round Whitefish,10,Harvest,173
2003,GRAND HAVEN,Pier/Dock,Steelhead,10,Catch,467
2003,GRAND HAVEN,Pier/Dock,Steelhead,10,Harvest,379
2004,GRAND HAVEN,Pier/Dock,Brook Trout,4,Catch,2
2004,GRAND HAVEN,Pier/Dock,Brook Trout,4,Harvest,2
2004,GRAND HAVEN,Pier/Dock,Brown Trout,4,Catch,61
2004,GRAND HAVEN,Pier/Dock,Brown Trout,4,Harvest,61
2004,GRAND HAVEN,Pier/Dock,Lake Whitefish,4,Catch,17
2004,GRAND HAVEN,Pier/Dock,Lake Whitefish,4,Harvest,17
2004,GRAND HAVEN,Pier/Dock,,4,Angler Hours,3812
2004,GRAND HAVEN,Pier/Dock,Round Whitefish,4,Catch,24
2004,GRAND HAVEN,Pier/Dock,Round Whitefish,4,Harvest,24
2004,GRAND HAVEN,Pier/Dock,Steelhead,4,Catch,17
2004,GRAND HAVEN,Pier/Dock,Steelhead,4,Harvest,17
2004,GRAND HAVEN,Pier/Dock,Yellow Perch,4,Catch,32
2004,GRAND HAVEN,Pier/Dock,Yellow Perch,4,Harvest,32
2004,GRAND HAVEN,Pier/Dock,Brown Trout,5,Catch,26
2004,GRAND HAVEN,Pier/Dock,Brown Trout,5,Harvest,26
2004,GRAND HAVEN,Pier/Dock,Channel Catfish,5,Catch,62
2004,GRAND HAVEN,Pier/Dock,Channel Catfish,5,Harvest,62
2004,GRAND HAVEN,Pier/Dock,,5,Angler Hours,2681
2004,GRAND HAVEN,Pier/Dock,Walleye,5,Catch,30
2004,GRAND HAVEN,Pier/Dock,Walleye,5,Harvest,30
2004,GRAND HAVEN,Pier/Dock,Channel Catfish,6,Catch,47
2004,GRAND HAVEN,Pier/Dock,Channel Catfish,6,Harvest,47
2004,GRAND HAVEN,Pier/Dock,Drum,6,Catch,151
2004,GRAND HAVEN,Pier/Dock,Drum,6,Harvest,151
2004,GRAND HAVEN,Pier/Dock,,6,Angler Hours,6795
2004,GRAND HAVEN,Pier/Dock,Yellow Perch,6,Catch,678
2004,GRAND HAVEN,Pier/Dock,Yellow Perch,6,Harvest,678
2004,GRAND HAVEN,Pier/Dock,Channel Catfish,7,Catch,47
2004,GRAND HAVEN,Pier/Dock,Channel Catfish,7,Harvest,47
2004,GRAND HAVEN,Pier/Dock,Chinook Salmon,7,Catch,785
2004,GRAND HAVEN,Pier/Dock,Chinook Salmon,7,Harvest,194
2004,GRAND HAVEN,Pier/Dock,Coho Salmon,7,Catch,177
2004,GRAND HAVEN,Pier/Dock,Coho Salmon,7,Harvest,177
2004,GRAND HAVEN,Pier/Dock,Drum,7,Catch,71
2004,GRAND HAVEN,Pier/Dock,Drum,7,Harvest,71
2004,GRAND HAVEN,Pier/Dock,,7,Angler Hours,16503
2004,GRAND HAVEN,Pier/Dock,Steelhead,7,Catch,333
2004,GRAND HAVEN,Pier/Dock,Steelhead,7,Harvest,333
2004,GRAND HAVEN,Pier/Dock,Yellow Perch,7,Catch,11987
2004,GRAND HAVEN,Pier/Dock,Yellow Perch,7,Harvest,11987
2004,GRAND HAVEN,Pier/Dock,Channel Catfish,8,Catch,328
2004,GRAND HAVEN,Pier/Dock,Channel Catfish,8,Harvest,328
2004,GRAND HAVEN,Pier/Dock,Chinook Salmon,8,Catch,170
2004,GRAND HAVEN,Pier/Dock,Chinook Salmon,8,Harvest,170
2004,GRAND HAVEN,Pier/Dock,Coho Salmon,8,Catch,250
2004,GRAND HAVEN,Pier/Dock,Coho Salmon,8,Harvest,250
2004,GRAND HAVEN,Pier/Dock,,8,Angler Hours,11507
2004,GRAND HAVEN,Pier/Dock,Steelhead,8,Catch,17
2004,GRAND HAVEN,Pier/Dock,Steelhead,8,Harvest,17
2004,GRAND HAVEN,Pier/Dock,Yellow Perch,8,Catch,2380
2004,GRAND HAVEN,Pier/Dock,Yellow Perch,8,Harvest,2380
2004,GRAND HAVEN,Pier/Dock,Chinook Salmon,9,Catch,577
2004,GRAND HAVEN,Pier/Dock,Chinook Salmon,9,Harvest,577
2004,GRAND HAVEN,Pier/Dock,Coho Salmon,9,Catch,367
2004,GRAND HAVEN,Pier/Dock,Coho Salmon,9,Harvest,367
2004,GRAND HAVEN,Pier/Dock,,9,Angler Hours,11294
2004,GRAND HAVEN,Pier/Dock,Steelhead,9,Catch,25
2004,GRAND HAVEN,Pier/Dock,Yellow Perch,9,Catch,5304
2004,GRAND HAVEN,Pier/Dock,Yellow Perch,9,Harvest,5304
2004,GRAND HAVEN,Pier/Dock,Chinook Salmon,10,Catch,43
2004,GRAND HAVEN,Pier/Dock,Chinook Salmon,10,Harvest,43
2004,GRAND HAVEN,Pier/Dock,Coho Salmon,10,Catch,9
2004,GRAND HAVEN,Pier/Dock,Coho Salmon,10,Harvest,9
2004,GRAND HAVEN,Pier/Dock,Lake Whitefish,10,Catch,5
2004,GRAND HAVEN,Pier/Dock,Lake Whitefish,10,Harvest,5
2004,GRAND HAVEN,Pier/Dock,,10,Angler Hours,4905
2004,GRAND HAVEN,Pier/Dock,Round Whitefish,10,Catch,597
2004,GRAND HAVEN,Pier/Dock,Round Whitefish,10,Harvest,597
2004,GRAND HAVEN,Pier/Dock,Steelhead,10,Catch,475
2004,GRAND HAVEN,Pier/Dock,Steelhead,10,Harvest,475
2004,GRAND HAVEN,Pier/Dock,Yellow Perch,10,Catch,249
2004,GRAND HAVEN,Pier/Dock,Yellow Perch,10,Harvest,249
2005,GRAND HAVEN,Pier/Dock,Brown Trout,4,Catch,262
2005,GRAND HAVEN,Pier/Dock,Brown Trout,4,Harvest,262
2005,GRAND HAVEN,Pier/Dock,Coho Salmon,4,Catch,29
2005,GRAND HAVEN,Pier/Dock,Coho Salmon,4,Harvest,29
2005,GRAND HAVEN,Pier/Dock,Lake Whitefish,4,Catch,88
2005,GRAND HAVEN,Pier/Dock,Lake Whitefish,4,Harvest,88
2005,GRAND HAVEN,Pier/Dock,,4,Angler Hours,6198
2005,GRAND HAVEN,Pier/Dock,Round Whitefish,4,Catch,40
2005,GRAND HAVEN,Pier/Dock,Round Whitefish,4,Harvest,40
2005,GRAND HAVEN,Pier/Dock,Steelhead,4,Catch,131
2005,GRAND HAVEN,Pier/Dock,Steelhead,4,Harvest,91
2005,GRAND HAVEN,Pier/Dock,Yellow Perch,4,Catch,250
2005,GRAND HAVEN,Pier/Dock,Yellow Perch,4,Harvest,250
2005,GRAND HAVEN,Pier/Dock,Brown Trout,5,Catch,163
2005,GRAND HAVEN,Pier/Dock,Brown Trout,5,Harvest,163
2005,GRAND HAVEN,Pier/Dock,,5,Angler Hours,3360
2005,GRAND HAVEN,Pier/Dock,Walleye,5,Catch,61
2005,GRAND HAVEN,Pier/Dock,Walleye,5,Harvest,61
2005,GRAND HAVEN,Pier/Dock,Channel Catfish,6,Catch,35
2005,GRAND HAVEN,Pier/Dock,Channel Catfish,6,Harvest,35
2005,GRAND HAVEN,Pier/Dock,Chinook Salmon,6,Catch,14
2005,GRAND HAVEN,Pier/Dock,Chinook Salmon,6,Harvest,14
2005,GRAND HAVEN,Pier/Dock,,6,Angler Hours,7200
2005,GRAND HAVEN,Pier/Dock,Steelhead,6,Catch,268
2005,GRAND HAVEN,Pier/Dock,Steelhead,6,Harvest,179
2005,GRAND HAVEN,Pier/Dock,Yellow Perch,6,Catch,1560
2005,GRAND HAVEN,Pier/Dock,Yellow Perch,6,Harvest,1560
2005,GRAND HAVEN,Pier/Dock,Chinook Salmon,7,Catch,127
2005,GRAND HAVEN,Pier/Dock,Chinook Salmon,7,Harvest,127
2005,GRAND HAVEN,Pier/Dock,Coho Salmon,7,Catch,46
2005,GRAND HAVEN,Pier/Dock,Coho Salmon,7,Harvest,26
2005,GRAND HAVEN,Pier/Dock,,7,Angler Hours,18342
2005,GRAND HAVEN,Pier/Dock,Steelhead,7,Catch,446
2005,GRAND HAVEN,Pier/Dock,Steelhead,7,Harvest,425
2005,GRAND HAVEN,Pier/Dock,Yellow Perch,7,Catch,11505
2005,GRAND HAVEN,Pier/Dock,Yellow Perch,7,Harvest,11505
2005,GRAND HAVEN,Pier/Dock,Bluegill,8,Catch,32
2005,GRAND HAVEN,Pier/Dock,Bluegill,8,Harvest,32
2005,GRAND HAVEN,Pier/Dock,Channel Catfish,8,Catch,8
2005,GRAND HAVEN,Pier/Dock,Channel Catfish,8,Harvest,8
2005,GRAND HAVEN,Pier/Dock,Chinook Salmon,8,Catch,350
2005,GRAND HAVEN,Pier/Dock,Chinook Salmon,8,Harvest,188
2005,GRAND HAVEN,Pier/Dock,Coho Salmon,8,Catch,36
2005,GRAND HAVEN,Pier/Dock,Coho Salmon,8,Harvest,36
2005,GRAND HAVEN,Pier/Dock,Drum,8,Catch,16
2005,GRAND HAVEN,Pier/Dock,Drum,8,Harvest,16
2005,GRAND HAVEN,Pier/Dock,,8,Angler Hours,8835
2005,GRAND HAVEN,Pier/Dock,Yellow Perch,8,Catch,14807
2005,GRAND HAVEN,Pier/Dock,Yellow Perch,8,Harvest,14807
2005,GRAND HAVEN,Pier/Dock,Chinook Salmon,9,Catch,538
2005,GRAND HAVEN,Pier/Dock,Chinook Salmon,9,Harvest,538
2005,GRAND HAVEN,Pier/Dock,Coho Salmon,9,Catch,75
2005,GRAND HAVEN,Pier/Dock,Coho Salmon,9,Harvest,75
2005,GRAND HAVEN,Pier/Dock,,9,Angler Hours,8690
2005,GRAND HAVEN,Pier/Dock,Yellow Perch,9,Catch,8996
2005,GRAND HAVEN,Pier/Dock,Yellow Perch,9,Harvest,8996
2005,GRAND HAVEN,Pier/Dock,Channel Catfish,10,Catch,32
2005,GRAND HAVEN,Pier/Dock,Channel Catfish,10,Harvest,32
2005,GRAND HAVEN,Pier/Dock,Chinook Salmon,10,Catch,141
2005,GRAND HAVEN,Pier/Dock,Chinook Salmon,10,Harvest,76
2005,GRAND HAVEN,Pier/Dock,,10,Angler Hours,5175
2005,GRAND HAVEN,Pier/Dock,Round Whitefish,10,Catch,108
2005,GRAND HAVEN,Pier/Dock,Round Whitefish,10,Harvest,108
2006,GRAND HAVEN,Pier/Dock,Brown Trout,4,Catch,149
2006,GRAND HAVEN,Pier/Dock,Brown Trout,4,Harvest,149
2006,GRAND HAVEN,Pier/Dock,Chinook Salmon,4,Catch,28
2006,GRAND HAVEN,Pier/Dock,Chinook Salmon,4,Harvest,28
2006,GRAND HAVEN,Pier/Dock,,4,Angler Hours,2901
2006,GRAND HAVEN,Pier/Dock,Steelhead,4,Catch,22
2006,GRAND HAVEN,Pier/Dock,Steelhead,4,Harvest,22
2006,GRAND HAVEN,Pier/Dock,Chinook Salmon,5,Catch,231
2006,GRAND HAVEN,Pier/Dock,Chinook Salmon,5,Harvest,231
2006,GRAND HAVEN,Pier/Dock,Drum,5,Catch,112
2006,GRAND HAVEN,Pier/Dock,Drum,5,Harvest,112
2006,GRAND HAVEN,Pier/Dock,,5,Angler Hours,3433
2006,GRAND HAVEN,Pier/Dock,Other,5,Catch,112
2006,GRAND HAVEN,Pier/Dock,Other,5,Harvest,112
2006,GRAND HAVEN,Pier/Dock,Drum,6,Catch,82
2006,GRAND HAVEN,Pier/Dock,Drum,6,Harvest,82
2006,GRAND HAVEN,Pier/Dock,,6,Angler Hours,6543
2006,GRAND HAVEN,Pier/Dock,Steelhead,6,Catch,219
2006,GRAND HAVEN,Pier/Dock,Steelhead,6,Harvest,219
2006,GRAND HAVEN,Pier/Dock,Yellow Perch,6,Catch,810
2006,GRAND HAVEN,Pier/Dock,Yellow Perch,6,Harvest,810
2006,GRAND HAVEN,Pier/Dock,Channel Catfish,7,Catch,45
2006,GRAND HAVEN,Pier/Dock,Channel Catfish,7,Harvest,45
2006,GRAND HAVEN,Pier/Dock,,7,Angler Hours,5136
2006,GRAND HAVEN,Pier/Dock,Yellow Perch,7,Catch,1221
2006,GRAND HAVEN,Pier/Dock,Yellow Perch,7,Harvest,1221
2006,GRAND HAVEN,Pier/Dock,,8,Angler Hours,7525
2006,GRAND HAVEN,Pier/Dock,Smallmouth Bass,8,Catch,23
2006,GRAND HAVEN,Pier/Dock,Smallmouth Bass,8,Harvest,23
2006,GRAND HAVEN,Pier/Dock,Yellow Perch,8,Catch,824
2006,GRAND HAVEN,Pier/Dock,Yellow Perch,8,Harvest,824
2006,GRAND HAVEN,Pier/Dock,Chinook Salmon,9,Catch,693
2006,GRAND HAVEN,Pier/Dock,Chinook Salmon,9,Harvest,693
2006,GRAND HAVEN,Pier/Dock,Coho Salmon,9,Catch,1758
2006,GRAND HAVEN,Pier/Dock,Coho Salmon,9,Harvest,1758
2006,GRAND HAVEN,Pier/Dock,,9,Angler Hours,14677
2006,GRAND HAVEN,Pier/Dock,Steelhead,9,Catch,9
2006,GRAND HAVEN,Pier/Dock,Steelhead,9,Harvest,9
2006,GRAND HAVEN,Pier/Dock,Yellow Perch,9,Catch,4796
2006,GRAND HAVEN,Pier/Dock,Yellow Perch,9,Harvest,4796
2006,GRAND HAVEN,Pier/Dock,Channel Catfish,10,Catch,17
2006,GRAND HAVEN,Pier/Dock,Channel Catfish,10,Harvest,17
2006,GRAND HAVEN,Pier/Dock,Chinook Salmon,10,Catch,8
2006,GRAND HAVEN,Pier/Dock,Chinook Salmon,10,Harvest,8
2006,GRAND HAVEN,Pier/Dock,Lake Whitefish,10,Catch,7
2006,GRAND HAVEN,Pier/Dock,Lake Whitefish,10,Harvest,7
2006,GRAND HAVEN,Pier/Dock,,10,Angler Hours,3053
2006,GRAND HAVEN,Pier/Dock,Other,10,Catch,219
2006,GRAND HAVEN,Pier/Dock,Other,10,Harvest,219
2006,GRAND HAVEN,Pier/Dock,Round Whitefish,10,Catch,101
2006,GRAND HAVEN,Pier/Dock,Round Whitefish,10,Harvest,101
2006,GRAND HAVEN,Pier/Dock,Steelhead,10,Catch,176
2006,GRAND HAVEN,Pier/Dock,Steelhead,10,Harvest,176
2007,GRAND HAVEN,Pier/Dock,Brown Trout,4,Catch,14
2007,GRAND HAVEN,Pier/Dock,Brown Trout,4,Harvest,14
2007,GRAND HAVEN,Pier/Dock,,4,Angler Hours,2051
2007,GRAND HAVEN,Pier/Dock,Steelhead,4,Catch,14
2007,GRAND HAVEN,Pier/Dock,Steelhead,4,Harvest,14
2007,GRAND HAVEN,Pier/Dock,,5,Angler Hours,2308
2007,GRAND HAVEN,Pier/Dock,,6,Angler Hours,4394
2007,GRAND HAVEN,Pier/Dock,Smallmouth Bass,6,Catch,72
2007,GRAND HAVEN,Pier/Dock,Yellow Perch,6,Catch,1094
2007,GRAND HAVEN,Pier/Dock,Yellow Perch,6,Harvest,1094
2007,GRAND HAVEN,Pier/Dock,Channel Catfish,7,Catch,81
2007,GRAND HAVEN,Pier/Dock,Channel Catfish,7,Harvest,81
2007,GRAND HAVEN,Pier/Dock,Chinook Salmon,7,Catch,597
2007,GRAND HAVEN,Pier/Dock,Chinook Salmon,7,Harvest,597
2007,GRAND HAVEN,Pier/Dock,,7,Angler Hours,9418
2007,GRAND HAVEN,Pier/Dock,Steelhead,7,Catch,110
2007,GRAND HAVEN,Pier/Dock,Steelhead,7,Harvest,110
2007,GRAND HAVEN,Pier/Dock,Yellow Perch,7,Catch,7048
2007,GRAND HAVEN,Pier/Dock,Yellow Perch,7,Harvest,7048
2007,GRAND HAVEN,Pier/Dock,Channel Catfish,8,Catch,236
2007,GRAND HAVEN,Pier/Dock,Channel Catfish,8,Harvest,236
2007,GRAND HAVEN,Pier/Dock,Chinook Salmon,8,Catch,218
2007,GRAND HAVEN,Pier/Dock,Chinook Salmon,8,Harvest,218
2007,GRAND HAVEN,Pier/Dock,Coho Salmon,8,Catch,50
2007,GRAND HAVEN,Pier/Dock,Coho Salmon,8,Harvest,50
2007,GRAND HAVEN,Pier/Dock,Largemouth Bass,8,Catch,34
2007,GRAND HAVEN,Pier/Dock,Largemouth Bass,8,Harvest,34
2007,GRAND HAVEN,Pier/Dock,,8,Angler Hours,7162
2007,GRAND HAVEN,Pier/Dock,Yellow Perch,8,Catch,4082
2007,GRAND HAVEN,Pier/Dock,Yellow Perch,8,Harvest,4082
2007,GRAND HAVEN,Pier/Dock,Channel Catfish,9,Catch,135
2007,GRAND HAVEN,Pier/Dock,Channel Catfish,9,Harvest,135
2007,GRAND HAVEN,Pier/Dock,Chinook Salmon,9,Catch,818
2007,GRAND HAVEN,Pier/Dock,Chinook Salmon,9,Harvest,818
2007,GRAND HAVEN,Pier/Dock,Coho Salmon,9,Catch,38
2007,GRAND HAVEN,Pier/Dock,Coho Salmon,9,Harvest,38
2007,GRAND HAVEN,Pier/Dock,,9,Angler Hours,7643
2007,GRAND HAVEN,Pier/Dock,Chinook Salmon,10,Catch,55
2007,GRAND HAVEN,Pier/Dock,Chinook Salmon,10,Harvest,55
2007,GRAND HAVEN,Pier/Dock,,10,Angler Hours,2066
2007,GRAND HAVEN,Pier/Dock,Steelhead,10,Catch,7
2007,GRAND HAVEN,Pier/Dock,Steelhead,10,Harvest,7
2007,GRAND HAVEN,Pier/Dock,Yellow Perch,10,Catch,162
2007,GRAND HAVEN,Pier/Dock,Yellow Perch,10,Harvest,162
2008,GRAND HAVEN,Pier/Dock,Brown Trout,4,Catch,265
2008,GRAND HAVEN,Pier/Dock,Brown Trout,4,Harvest,251
2008,GRAND HAVEN,Pier/Dock,Lake Whitefish,4,Catch,61
2008,GRAND HAVEN,Pier/Dock,Lake Whitefish,4,Harvest,61
2008,GRAND HAVEN,Pier/Dock,Lean Lake Trout,4,Catch,28
2008,GRAND HAVEN,Pier/Dock,,4,Angler Hours,3332
2008,GRAND HAVEN,Pier/Dock,Round Whitefish,4,Catch,41
2008,GRAND HAVEN,Pier/Dock,Round Whitefish,4,Harvest,41
2008,GRAND HAVEN,Pier/Dock,,5,Angler Hours,360
2008,GRAND HAVEN,Pier/Dock,Largemouth Bass,6,Catch,55
2008,GRAND HAVEN,Pier/Dock,Largemouth Bass,6,Harvest,55
2008,GRAND HAVEN,Pier/Dock,,6,Angler Hours,5544
2008,GRAND HAVEN,Pier/Dock,Yellow Perch,6,Catch,4659
2008,GRAND HAVEN,Pier/Dock,Yellow Perch,6,Harvest,4659
2008,GRAND HAVEN,Pier/Dock,,7,Angler Hours,4196
2008,GRAND HAVEN,Pier/Dock,Steelhead,7,Catch,305
2008,GRAND HAVEN,Pier/Dock,Steelhead,7,Harvest,305
2008,GRAND HAVEN,Pier/Dock,Yellow Perch,7,Catch,238
2008,GRAND HAVEN,Pier/Dock,Yellow Perch,7,Harvest,238
2008,GRAND HAVEN,Pier/Dock,Chinook Salmon,8,Catch,20
2008,GRAND HAVEN,Pier/Dock,Chinook Salmon,8,Harvest,20
2008,GRAND HAVEN,Pier/Dock,,8,Angler Hours,12958
2008,GRAND HAVEN,Pier/Dock,Steelhead,8,Catch,20
2008,GRAND HAVEN,Pier/Dock,Steelhead,8,Harvest,20
2008,GRAND HAVEN,Pier/Dock,White Bass,8,Catch,119
2008,GRAND HAVEN,Pier/Dock,White Bass,8,Harvest,119
2008,GRAND HAVEN,Pier/Dock,Yellow Perch,8,Catch,41384
2008,GRAND HAVEN,Pier/Dock,Yellow Perch,8,Harvest,41384
2008,GRAND HAVEN,Pier/Dock,Channel Catfish,9,Catch,15
2008,GRAND HAVEN,Pier/Dock,Chinook Salmon,9,Catch,411
2008,GRAND HAVEN,Pier/Dock,Chinook Salmon,9,Harvest,371
2008,GRAND HAVEN,Pier/Dock,Coho Salmon,9,Catch,79
2008,GRAND HAVEN,Pier/Dock,Coho Salmon,9,Harvest,79
2008,GRAND HAVEN,Pier/Dock,,9,Angler Hours,8754
2008,GRAND HAVEN,Pier/Dock,Steelhead,9,Catch,60
2008,GRAND HAVEN,Pier/Dock,Steelhead,9,Harvest,60
2008,GRAND HAVEN,Pier/Dock,Yellow Perch,9,Catch,806
2008,GRAND HAVEN,Pier/Dock,Yellow Perch,9,Harvest,776
2008,GRAND HAVEN,Pier/Dock,Channel Catfish,10,Catch,22
2008,GRAND HAVEN,Pier/Dock,Channel Catfish,10,Harvest,22
2008,GRAND HAVEN,Pier/Dock,Coho Salmon,10,Catch,44
2008,GRAND HAVEN,Pier/Dock,Coho Salmon,10,Harvest,44
2008,GRAND HAVEN,Pier/Dock,Lake Whitefish,10,Catch,89
2008,GRAND HAVEN,Pier/Dock,Lake Whitefish,10,Harvest,89
2008,GRAND HAVEN,Pier/Dock,,10,Angler Hours,3064
2008,GRAND HAVEN,Pier/Dock,Round Whitefish,10,Catch,129
2008,GRAND HAVEN,Pier/Dock,Round Whitefish,10,Harvest,129
2009,GRAND HAVEN,Pier/Dock,Brown Trout,4,Catch,55
2009,GRAND HAVEN,Pier/Dock,Brown Trout,4,Harvest,55
2009,GRAND HAVEN,Pier/Dock,,4,Angler Hours,3352
2009,GRAND HAVEN,Pier/Dock,Steelhead,4,Catch,23
2009,GRAND HAVEN,Pier/Dock,Steelhead,4,Harvest,23
2009,GRAND HAVEN,Pier/Dock,Yellow Perch,4,Catch,129
2009,GRAND HAVEN,Pier/Dock,Yellow Perch,4,Harvest,129
2009,GRAND HAVEN,Pier/Dock,Chinook Salmon,5,Catch,98
2009,GRAND HAVEN,Pier/Dock,Chinook Salmon,5,Harvest,98
2009,GRAND HAVEN,Pier/Dock,,5,Angler Hours,3200
2009,GRAND HAVEN,Pier/Dock,Bluegill,6,Catch,101
2009,GRAND HAVEN,Pier/Dock,Bluegill,6,Harvest,101
2009,GRAND HAVEN,Pier/Dock,Channel Catfish,6,Catch,51
2009,GRAND HAVEN,Pier/Dock,Channel Catfish,6,Harvest,51
2009,GRAND HAVEN,Pier/Dock,,6,Angler Hours,6081
2009,GRAND HAVEN,Pier/Dock,Steelhead,6,Catch,10
2009,GRAND HAVEN,Pier/Dock,Steelhead,6,Harvest,10
2009,GRAND HAVEN,Pier/Dock,Yellow Perch,6,Catch,4979
2009,GRAND HAVEN,Pier/Dock,Yellow Perch,6,Harvest,4979
2009,GRAND HAVEN,Pier/Dock,Brown Trout,7,Catch,38
2009,GRAND HAVEN,Pier/Dock,Brown Trout,7,Harvest,38
2009,GRAND HAVEN,Pier/Dock,Channel Catfish,7,Catch,12
2009,GRAND HAVEN,Pier/Dock,Channel Catfish,7,Harvest,12
2009,GRAND HAVEN,Pier/Dock,Chinook Salmon,7,Catch,23
2009,GRAND HAVEN,Pier/Dock,Chinook Salmon,7,Harvest,23
2009,GRAND HAVEN,Pier/Dock,,7,Angler Hours,6447
2009,GRAND HAVEN,Pier/Dock,Steelhead,7,Catch,210
2009,GRAND HAVEN,Pier/Dock,Steelhead,7,Harvest,210
2009,GRAND HAVEN,Pier/Dock,Walleye,7,Catch,16
2009,GRAND HAVEN,Pier/Dock,Walleye,7,Harvest,16
2009,GRAND HAVEN,Pier/Dock,Yellow Perch,7,Catch,1131
2009,GRAND HAVEN,Pier/Dock,Yellow Perch,7,Harvest,1131
2009,GRAND HAVEN,Pier/Dock,Chinook Salmon,8,Catch,53
2009,GRAND HAVEN,Pier/Dock,Chinook Salmon,8,Harvest,53
2009,GRAND HAVEN,Pier/Dock,Coho Salmon,8,Catch,18
2009,GRAND HAVEN,Pier/Dock,Coho Salmon,8,Harvest,18
2009,GRAND HAVEN,Pier/Dock,,8,Angler Hours,3000
2009,GRAND HAVEN,Pier/Dock,Yellow Perch,8,Catch,88
2009,GRAND HAVEN,Pier/Dock,Yellow Perch,8,Harvest,88
2009,GRAND HAVEN,Pier/Dock,Chinook Salmon,9,Catch,105
2009,GRAND HAVEN,Pier/Dock,Chinook Salmon,9,Harvest,105
2009,GRAND HAVEN,Pier/Dock,Coho Salmon,9,Catch,1795
2009,GRAND HAVEN,Pier/Dock,Coho Salmon,9,Harvest,1795
2009,GRAND HAVEN,Pier/Dock,,9,Angler Hours,10344
2009,GRAND HAVEN,Pier/Dock,Steelhead,9,Catch,97
2009,GRAND HAVEN,Pier/Dock,Steelhead,9,Harvest,97
2009,GRAND HAVEN,Pier/Dock,Yellow Perch,9,Catch,16355
2009,GRAND HAVEN,Pier/Dock,Yellow Perch,9,Harvest,16355
2009,GRAND HAVEN,Pier/Dock,Channel Catfish,10,Catch,92
2009,GRAND HAVEN,Pier/Dock,Channel Catfish,10,Harvest,69
2009,GRAND HAVEN,Pier/Dock,,10,Angler Hours,3279
2009,GRAND HAVEN,Pier/Dock,Round Whitefish,10,Catch,131
2009,GRAND HAVEN,Pier/Dock,Round Whitefish,10,Harvest,131
2009,GRAND HAVEN,Pier/Dock,Steelhead,10,Catch,729
2009,GRAND HAVEN,Pier/Dock,Steelhead,10,Harvest,449
2010,GRAND HAVEN,Pier/Dock,Brown Trout,4,Catch,149
2010,GRAND HAVEN,Pier/Dock,Brown Trout,4,Harvest,127
2010,GRAND HAVEN,Pier/Dock,Channel Catfish,4,Catch,61
2010,GRAND HAVEN,Pier/Dock,Channel Catfish,4,Harvest,61
2010,GRAND HAVEN,Pier/Dock,,4,Angler Hours,2807
2010,GRAND HAVEN,Pier/Dock,Steelhead,4,Catch,77
2010,GRAND HAVEN,Pier/Dock,Steelhead,4,Harvest,77
2010,GRAND HAVEN,Pier/Dock,,5,Angler Hours,2399
2010,GRAND HAVEN,Pier/Dock,Yellow Perch,5,Catch,6659
2010,GRAND HAVEN,Pier/Dock,Yellow Perch,5,Harvest,6659
2010,GRAND HAVEN,Pier/Dock,Drum,6,Catch,26
2010,GRAND HAVEN,Pier/Dock,Drum,6,Harvest,26
2010,GRAND HAVEN,Pier/Dock,,6,Angler Hours,5495
2010,GRAND HAVEN,Pier/Dock,Steelhead,6,Catch,120
2010,GRAND HAVEN,Pier/Dock,Steelhead,6,Harvest,120
2010,GRAND HAVEN,Pier/Dock,Yellow Perch,6,Catch,5836
2010,GRAND HAVEN,Pier/Dock,Yellow Perch,6,Harvest,5836
2010,GRAND HAVEN,Pier/Dock,Channel Catfish,7,Catch,42
2010,GRAND HAVEN,Pier/Dock,Channel Catfish,7,Harvest,42
2010,GRAND HAVEN,Pier/Dock,Largemouth Bass,7,Catch,37
2010,GRAND HAVEN,Pier/Dock,Largemouth Bass,7,Harvest,37
2010,GRAND HAVEN,Pier/Dock,,7,Angler Hours,2369
2010,GRAND HAVEN,Pier/Dock,White Perch,7,Catch,32
2010,GRAND HAVEN,Pier/Dock,White Perch,7,Harvest,32
2010,GRAND HAVEN,Pier/Dock,Chinook Salmon,8,Catch,28
2010,GRAND HAVEN,Pier/Dock,Chinook Salmon,8,Harvest,28
2010,GRAND HAVEN,Pier/Dock,,8,Angler Hours,2707
2010,GRAND HAVEN,Pier/Dock,Steelhead,8,Catch,5
2010,GRAND HAVEN,Pier/Dock,Steelhead,8,Harvest,5
2010,GRAND HAVEN,Pier/Dock,Yellow Perch,8,Catch,559
2010,GRAND HAVEN,Pier/Dock,Yellow Perch,8,Harvest,559
2010,GRAND HAVEN,Pier/Dock,Chinook Salmon,9,Catch,242
2010,GRAND HAVEN,Pier/Dock,Chinook Salmon,9,Harvest,242
2010,GRAND HAVEN,Pier/Dock,,9,Angler Hours,5382
2010,GRAND HAVEN,Pier/Dock,Brown Trout,10,Catch,62
2010,GRAND HAVEN,Pier/Dock,Brown Trout,10,Harvest,62
2010,GRAND HAVEN,Pier/Dock,Chinook Salmon,10,Catch,21
2010,GRAND HAVEN,Pier/Dock,Chinook Salmon,10,Harvest,21
2010,GRAND HAVEN,Pier/Dock,Coho Salmon,10,Catch,53
2010,GRAND HAVEN,Pier/Dock,Coho Salmon,10,Harvest,53
2010,GRAND HAVEN,Pier/Dock,,10,Angler Hours,3994
2010,GRAND HAVEN,Pier/Dock,Round Whitefish,10,Catch,20
2010,GRAND HAVEN,Pier/Dock,Round Whitefish,10,Harvest,20
2010,GRAND HAVEN,Pier/Dock,Steelhead,10,Catch,60
2010,GRAND HAVEN,Pier/Dock,Steelhead,10,Harvest,60
2010,GRAND HAVEN,Pier/Dock,Yellow Perch,10,Catch,475
2010,GRAND HAVEN,Pier/Dock,Yellow Perch,10,Harvest,475
2011,GRAND HAVEN,Pier/Dock,Brown Trout,4,Catch,176
2011,GRAND HAVEN,Pier/Dock,Brown Trout,4,Harvest,176
2011,GRAND HAVEN,Pier/Dock,Coho Salmon,4,Catch,35
2011,GRAND HAVEN,Pier/Dock,Coho Salmon,4,Harvest,35
2011,GRAND HAVEN,Pier/Dock,,4,Angler Hours,4623
2011,GRAND HAVEN,Pier/Dock,Round Whitefish,4,Catch,20
2011,GRAND HAVEN,Pier/Dock,Round Whitefish,4,Harvest,20
2011,GRAND HAVEN,Pier/Dock,Steelhead,4,Catch,122
2011,GRAND HAVEN,Pier/Dock,Steelhead,4,Harvest,122
2011,GRAND HAVEN,Pier/Dock,Walleye,4,Catch,62
2011,GRAND HAVEN,Pier/Dock,Walleye,4,Harvest,62
2011,GRAND HAVEN,Pier/Dock,,5,Angler Hours,1244
2011,GRAND HAVEN,Pier/Dock,Walleye,5,Catch,42
2011,GRAND HAVEN,Pier/Dock,Walleye,5,Harvest,42
2011,GRAND HAVEN,Pier/Dock,Brown Trout,6,Catch,26
2011,GRAND HAVEN,Pier/Dock,Brown Trout,6,Harvest,26
2011,GRAND HAVEN,Pier/Dock,,6,Angler Hours,6162
2011,GRAND HAVEN,Pier/Dock,Steelhead,6,Catch,493
2011,GRAND HAVEN,Pier/Dock,Steelhead,6,Harvest,493
2011,GRAND HAVEN,Pier/Dock,Yellow Perch,6,Catch,1836
2011,GRAND HAVEN,Pier/Dock,Yellow Perch,6,Harvest,1836
2011,GRAND HAVEN,Pier/Dock,Channel Catfish,7,Catch,17
2011,GRAND HAVEN,Pier/Dock,Channel Catfish,7,Harvest,17
2011,GRAND HAVEN,Pier/Dock,,7,Angler Hours,4345
2011,GRAND HAVEN,Pier/Dock,Steelhead,7,Catch,128
2011,GRAND HAVEN,Pier/Dock,Steelhead,7,Harvest,128
2011,GRAND HAVEN,Pier/Dock,White Bass,7,Catch,83
2011,GRAND HAVEN,Pier/Dock,White Bass,7,Harvest,83
2011,GRAND HAVEN,Pier/Dock,Yellow Perch,7,Catch,4294
2011,GRAND HAVEN,Pier/Dock,Yellow Perch,7,Harvest,4294
2011,GRAND HAVEN,Pier/Dock,Black Crappie,8,Catch,91
2011,GRAND HAVEN,Pier/Dock,Black Crappie,8,Harvest,91
2011,GRAND HAVEN,Pier/Dock,Bluegill,8,Catch,91
2011,GRAND HAVEN,Pier/Dock,Bluegill,8,Harvest,91
2011,GRAND HAVEN,Pier/Dock,,8,Angler Hours,6134
2011,GRAND HAVEN,Pier/Dock,Steelhead,8,Catch,30
2011,GRAND HAVEN,Pier/Dock,Yellow Perch,8,Catch,1367
2011,GRAND HAVEN,Pier/Dock,Yellow Perch,8,Harvest,1367
2011,GRAND HAVEN,Pier/Dock,Channel Catfish,9,Catch,8
2011,GRAND HAVEN,Pier/Dock,Channel Catfish,9,Harvest,8
2011,GRAND HAVEN,Pier/Dock,Chinook Salmon,9,Catch,154
2011,GRAND HAVEN,Pier/Dock,Chinook Salmon,9,Harvest,128
2011,GRAND HAVEN,Pier/Dock,Coho Salmon,9,Catch,258
2011,GRAND HAVEN,Pier/Dock,Coho Salmon,9,Harvest,258
2011,GRAND HAVEN,Pier/Dock,,9,Angler Hours,6992
2011,GRAND HAVEN,Pier/Dock,Steelhead,9,Catch,25
2011,GRAND HAVEN,Pier/Dock,Steelhead,9,Harvest,25
2011,GRAND HAVEN,Pier/Dock,White Perch,9,Catch,46
2011,GRAND HAVEN,Pier/Dock,White Perch,9,Harvest,46
2011,GRAND HAVEN,Pier/Dock,,10,Angler Hours,3578
2011,GRAND HAVEN,Pier/Dock,Round Whitefish,10,Catch,43
2011,GRAND HAVEN,Pier/Dock,Round Whitefish,10,Harvest,43
2011,GRAND HAVEN,Pier/Dock,Steelhead,10,Catch,691
2011,GRAND HAVEN,Pier/Dock,Steelhead,10,Harvest,557
2012,GRAND HAVEN,Pier/Dock,Atlantic Salmon,4,Catch,0
2012,GRAND HAVEN,Pier/Dock,Atlantic Salmon,4,Harvest,0
2012,GRAND HAVEN,Pier/Dock,Black Crappie,4,Catch,0
2012,GRAND HAVEN,Pier/Dock,Black Crappie,4,Harvest,0
2012,GRAND HAVEN,Pier/Dock,Bluegill,4,Catch,0
2012,GRAND HAVEN,Pier/Dock,Bluegill,4,Harvest,0
2012,GRAND HAVEN,Pier/Dock,Brook Trout,4,Catch,0
2012,GRAND HAVEN,Pier/Dock,Brook Trout,4,Harvest,0
2012,GRAND HAVEN,Pier/Dock,Brown Trout,4,Catch,0
2012,GRAND HAVEN,Pier/Dock,Brown Trout,4,Harvest,0
2012,GRAND HAVEN,Pier/Dock,Carp,4,Catch,0
2012,GRAND HAVEN,Pier/Dock,Carp,4,Harvest,0
2012,GRAND HAVEN,Pier/Dock,Channel Catfish,4,Catch,0
2012,GRAND HAVEN,Pier/Dock,Channel Catfish,4,Harvest,0
2012,GRAND HAVEN,Pier/Dock,Chinook Salmon,4,Catch,0
2012,GRAND HAVEN,Pier/Dock,Chinook Salmon,4,Harvest,0
2012,GRAND HAVEN,Pier/Dock,Coho Salmon,4,Catch,0
2012,GRAND HAVEN,Pier/Dock,Coho Salmon,4,Harvest,0
2012,GRAND HAVEN,Pier/Dock,Common White Sucker,4,Catch,0
2012,GRAND HAVEN,Pier/Dock,Common White Sucker,4,Harvest,0
2012,GRAND HAVEN,Pier/Dock,Drum,4,Catch,0
2012,GRAND HAVEN,Pier/Dock,Drum,4,Harvest,0
2012,GRAND HAVEN,Pier/Dock,Fat Lake Trout,4,Catch,0
2012,GRAND HAVEN,Pier/Dock,Fat Lake Trout,4,Harvest,0
2012,GRAND HAVEN,Pier/Dock,Lake Herring,4,Catch,0
2012,GRAND HAVEN,Pier/Dock,Lake Herring,4,Harvest,0
2012,GRAND HAVEN,Pier/Dock,Lake Whitefish,4,Catch,0
2012,GRAND HAVEN,Pier/Dock,Lake Whitefish,4,Harvest,0
2012,GRAND HAVEN,Pier/Dock,Largemouth Bass,4,Catch,0
2012,GRAND HAVEN,Pier/Dock,Largemouth Bass,4,Harvest,0
2012,GRAND HAVEN,Pier/Dock,Lean Lake Trout,4,Catch,0
2012,GRAND HAVEN,Pier/Dock,Lean Lake Trout,4,Harvest,0
2012,GRAND HAVEN,Pier/Dock,Musky,4,Catch,0
2012,GRAND HAVEN,Pier/Dock,Musky,4,Harvest,0
2012,GRAND HAVEN,Pier/Dock,Northern Pike,4,Catch,0
2012,GRAND HAVEN,Pier/Dock,Northern Pike,4,Harvest,0
2012,GRAND HAVEN,Pier/Dock,,4,Angler Hours,270
2012,GRAND HAVEN,Pier/Dock,Other,4,Catch,0
2012,GRAND HAVEN,Pier/Dock,Other,4,Harvest,0
2012,GRAND HAVEN,Pier/Dock,Pink Salmon,4,Catch,0
2012,GRAND HAVEN,Pier/Dock,Pink Salmon,4,Harvest,0
2012,GRAND HAVEN,Pier/Dock,Pumpkinseed,4,Catch,0
2012,GRAND HAVEN,Pier/Dock,Pumpkinseed,4,Harvest,0
2012,GRAND HAVEN,Pier/Dock,Rockbass,4,Catch,0
2012,GRAND HAVEN,Pier/Dock,Rockbass,4,Harvest,0
2012,GRAND HAVEN,Pier/Dock,Round Whitefish,4,Catch,0
2012,GRAND HAVEN,Pier/Dock,Round Whitefish,4,Harvest,0
2012,GRAND HAVEN,Pier/Dock,Smallmouth Bass,4,Catch,0
2012,GRAND HAVEN,Pier/Dock,Smallmouth Bass,4,Harvest,0
2012,GRAND HAVEN,Pier/Dock,Splake,4,Catch,0
2012,GRAND HAVEN,Pier/Dock,Splake,4,Harvest,0
2012,GRAND HAVEN,Pier/Dock,Steelhead,4,Catch,0
2012,GRAND HAVEN,Pier/Dock,Steelhead,4,Harvest,0
2012,GRAND HAVEN,Pier/Dock,Walleye,4,Catch,0
2012,GRAND HAVEN,Pier/Dock,Walleye,4,Harvest,0
2012,GRAND HAVEN,Pier/Dock,White Bass,4,Catch,0
2012,GRAND HAVEN,Pier/Dock,White Bass,4,Harvest,0
2012,GRAND HAVEN,Pier/Dock,White Perch,4,Catch,0
2012,GRAND HAVEN,Pier/Dock,White Perch,4,Harvest,0
2012,GRAND HAVEN,Pier/Dock,Yellow Perch,4,Catch,0
2012,GRAND HAVEN,Pier/Dock,Yellow Perch,4,Harvest,0
2012,GRAND HAVEN,Pier/Dock,Atlantic Salmon,5,Catch,0
2012,GRAND HAVEN,Pier/Dock,Atlantic Salmon,5,Harvest,0
2012,GRAND HAVEN,Pier/Dock,Black Crappie,5,Catch,0
2012,GRAND HAVEN,Pier/Dock,Black Crappie,5,Harvest,0
2012,GRAND HAVEN,Pier/Dock,Bluegill,5,Catch,0
2012,GRAND HAVEN,Pier/Dock,Bluegill,5,Harvest,0
2012,GRAND HAVEN,Pier/Dock,Brook Trout,5,Catch,0
2012,GRAND HAVEN,Pier/Dock,Brook Trout,5,Harvest,0
2012,GRAND HAVEN,Pier/Dock,Brown Trout,5,Catch,54
2012,GRAND HAVEN,Pier/Dock,Brown Trout,5,Harvest,54
2012,GRAND HAVEN,Pier/Dock,Carp,5,Catch,0
2012,GRAND HAVEN,Pier/Dock,Carp,5,Harvest,0
2012,GRAND HAVEN,Pier/Dock,Channel Catfish,5,Catch,0
2012,GRAND HAVEN,Pier/Dock,Channel Catfish,5,Harvest,0
2012,GRAND HAVEN,Pier/Dock,Chinook Salmon,5,Catch,41
2012,GRAND HAVEN,Pier/Dock,Chinook Salmon,5,Harvest,41
2012,GRAND HAVEN,Pier/Dock,Coho Salmon,5,Catch,14
2012,GRAND HAVEN,Pier/Dock,Coho Salmon,5,Harvest,14
2012,GRAND HAVEN,Pier/Dock,Common White Sucker,5,Catch,0
2012,GRAND HAVEN,Pier/Dock,Common White Sucker,5,Harvest,0
2012,GRAND HAVEN,Pier/Dock,Drum,5,Catch,0
2012,GRAND HAVEN,Pier/Dock,Drum,5,Harvest,0
2012,GRAND HAVEN,Pier/Dock,Fat Lake Trout,5,Catch,0
2012,GRAND HAVEN,Pier/Dock,Fat Lake Trout,5,Harvest,0
2012,GRAND HAVEN,Pier/Dock,Lake Herring,5,Catch,0
2012,GRAND HAVEN,Pier/Dock,Lake Herring,5,Harvest,0
2012,GRAND HAVEN,Pier/Dock,Lake Whitefish,5,Catch,0
2012,GRAND HAVEN,Pier/Dock,Lake Whitefish,5,Harvest,0
2012,GRAND HAVEN,Pier/Dock,Largemouth Bass,5,Catch,0
2012,GRAND HAVEN,Pier/Dock,Largemouth Bass,5,Harvest,0
2012,GRAND HAVEN,Pier/Dock,Lean Lake Trout,5,Catch,0
2012,GRAND HAVEN,Pier/Dock,Lean Lake Trout,5,Harvest,0
2012,GRAND HAVEN,Pier/Dock,Musky,5,Catch,0
2012,GRAND HAVEN,Pier/Dock,Musky,5,Harvest,0
2012,GRAND HAVEN,Pier/Dock,Northern Pike,5,Catch,0
2012,GRAND HAVEN,Pier/Dock,Northern Pike,5,Harvest,0
2012,GRAND HAVEN,Pier/Dock,,5,Angler Hours,3859
2012,GRAND HAVEN,Pier/Dock,Other,5,Catch,0
2012,GRAND HAVEN,Pier/Dock,Other,5,Harvest,0
2012,GRAND HAVEN,Pier/Dock,Pink Salmon,5,Catch,0
2012,GRAND HAVEN,Pier/Dock,Pink Salmon,5,Harvest,0
2012,GRAND HAVEN,Pier/Dock,Pumpkinseed,5,Catch,0
2012,GRAND HAVEN,Pier/Dock,Pumpkinseed,5,Harvest,0
2012,GRAND HAVEN,Pier/Dock,Rockbass,5,Catch,0
2012,GRAND HAVEN,Pier/Dock,Rockbass,5,Harvest,0
2012,GRAND HAVEN,Pier/Dock,Round Whitefish,5,Catch,0
2012,GRAND HAVEN,Pier/Dock,Round Whitefish,5,Harvest,0
2012,GRAND HAVEN,Pier/Dock,Smallmouth Bass,5,Catch,0
2012,GRAND HAVEN,Pier/Dock,Smallmouth Bass,5,Harvest,0
2012,GRAND HAVEN,Pier/Dock,Splake,5,Catch,0
2012,GRAND HAVEN,Pier/Dock,Splake,5,Harvest,0
2012,GRAND HAVEN,Pier/Dock,Steelhead,5,Catch,0
2012,GRAND HAVEN,Pier/Dock,Steelhead,5,Harvest,0
2012,GRAND HAVEN,Pier/Dock,Walleye,5,Catch,0
2012,GRAND HAVEN,Pier/Dock,Walleye,5,Harvest,0
2012,GRAND HAVEN,Pier/Dock,White Bass,5,Catch,0
2012,GRAND HAVEN,Pier/Dock,White Bass,5,Harvest,0
2012,GRAND HAVEN,Pier/Dock,White Perch,5,Catch,0
2012,GRAND HAVEN,Pier/Dock,White Perch,5,Harvest,0
2012,GRAND HAVEN,Pier/Dock,Yellow Perch,5,Catch,27
2012,GRAND HAVEN,Pier/Dock,Yellow Perch,5,Harvest,27
2012,GRAND HAVEN,Pier/Dock,Atlantic Salmon,6,Catch,0
2012,GRAND HAVEN,Pier/Dock,Atlantic Salmon,6,Harvest,0
2012,GRAND HAVEN,Pier/Dock,Black Crappie,6,Catch,0
2012,GRAND HAVEN,Pier/Dock,Black Crappie,6,Harvest,0
2012,GRAND HAVEN,Pier/Dock,Bluegill,6,Catch,0
2012,GRAND HAVEN,Pier/Dock,Bluegill,6,Harvest,0
2012,GRAND HAVEN,Pier/Dock,Brook Trout,6,Catch,0
2012,GRAND HAVEN,Pier/Dock,Brook Trout,6,Harvest,0
2012,GRAND HAVEN,Pier/Dock,Brown Trout,6,Catch,0
2012,GRAND HAVEN,Pier/Dock,Brown Trout,6,Harvest,0
2012,GRAND HAVEN,Pier/Dock,Carp,6,Catch,0
2012,GRAND HAVEN,Pier/Dock,Carp,6,Harvest,0
2012,GRAND HAVEN,Pier/Dock,Channel Catfish,6,Catch,0
2012,GRAND HAVEN,Pier/Dock,Channel Catfish,6,Harvest,0
2012,GRAND HAVEN,Pier/Dock,Chinook Salmon,6,Catch,0
2012,GRAND HAVEN,Pier/Dock,Chinook Salmon,6,Harvest,0
2012,GRAND HAVEN,Pier/Dock,Coho Salmon,6,Catch,51
2012,GRAND HAVEN,Pier/Dock,Coho Salmon,6,Harvest,51
2012,GRAND HAVEN,Pier/Dock,Common White Sucker,6,Catch,0
2012,GRAND HAVEN,Pier/Dock,Common White Sucker,6,Harvest,0
2012,GRAND HAVEN,Pier/Dock,Drum,6,Catch,0
2012,GRAND HAVEN,Pier/Dock,Drum,6,Harvest,0
2012,GRAND HAVEN,Pier/Dock,Fat Lake Trout,6,Catch,0
2012,GRAND HAVEN,Pier/Dock,Fat Lake Trout,6,Harvest,0
2012,GRAND HAVEN,Pier/Dock,Lake Herring,6,Catch,0
2012,GRAND HAVEN,Pier/Dock,Lake Herring,6,Harvest,0
2012,GRAND HAVEN,Pier/Dock,Lake Whitefish,6,Catch,0
2012,GRAND HAVEN,Pier/Dock,Lake Whitefish,6,Harvest,0
2012,GRAND HAVEN,Pier/Dock,Largemouth Bass,6,Catch,0
2012,GRAND HAVEN,Pier/Dock,Largemouth Bass,6,Harvest,0
2012,GRAND HAVEN,Pier/Dock,Lean Lake Trout,6,Catch,0
2012,GRAND HAVEN,Pier/Dock,Lean Lake Trout,6,Harvest,0
2012,GRAND HAVEN,Pier/Dock,Musky,6,Catch,0
2012,GRAND HAVEN,Pier/Dock,Musky,6,Harvest,0
2012,GRAND HAVEN,Pier/Dock,Northern Pike,6,Catch,0
2012,GRAND HAVEN,Pier/Dock,Northern Pike,6,Harvest,0
2012,GRAND HAVEN,Pier/Dock,,6,Angler Hours,12592
2012,GRAND HAVEN,Pier/Dock,Other,6,Catch,0
2012,GRAND HAVEN,Pier/Dock,Other,6,Harvest,0
2012,GRAND HAVEN,Pier/Dock,Pink Salmon,6,Catch,0
2012,GRAND HAVEN,Pier/Dock,Pink Salmon,6,Harvest,0
2012,GRAND HAVEN,Pier/Dock,Pumpkinseed,6,Catch,0
2012,GRAND HAVEN,Pier/Dock,Pumpkinseed,6,Harvest,0
2012,GRAND HAVEN,Pier/Dock,Rockbass,6,Catch,0
2012,GRAND HAVEN,Pier/Dock,Rockbass,6,Harvest,0
2012,GRAND HAVEN,Pier/Dock,Round Whitefish,6,Catch,0
2012,GRAND HAVEN,Pier/Dock,Round Whitefish,6,Harvest,0
2012,GRAND HAVEN,Pier/Dock,Smallmouth Bass,6,Catch,0
2012,GRAND HAVEN,Pier/Dock,Smallmouth Bass,6,Harvest,0
2012,GRAND HAVEN,Pier/Dock,Splake,6,Catch,0
2012,GRAND HAVEN,Pier/Dock,Splake,6,Harvest,0
2012,GRAND HAVEN,Pier/Dock,Steelhead,6,Catch,2390
2012,GRAND HAVEN,Pier/Dock,Steelhead,6,Harvest,2390
2012,GRAND HAVEN,Pier/Dock,Walleye,6,Catch,0
2012,GRAND HAVEN,Pier/Dock,Walleye,6,Harvest,0
2012,GRAND HAVEN,Pier/Dock,White Bass,6,Catch,0
2012,GRAND HAVEN,Pier/Dock,White Bass,6,Harvest,0
2012,GRAND HAVEN,Pier/Dock,White Perch,6,Catch,0
2012,GRAND HAVEN,Pier/Dock,White Perch,6,Harvest,0
2012,GRAND HAVEN,Pier/Dock,Yellow Perch,6,Catch,1765
2012,GRAND HAVEN,Pier/Dock,Yellow Perch,6,Harvest,1765
2012,GRAND HAVEN,Pier/Dock,Atlantic Salmon,7,Catch,0
2012,GRAND HAVEN,Pier/Dock,Atlantic Salmon,7,Harvest,0
2012,GRAND HAVEN,Pier/Dock,Black Crappie,7,Catch,0
2012,GRAND HAVEN,Pier/Dock,Black Crappie,7,Harvest,0
2012,GRAND HAVEN,Pier/Dock,Bluegill,7,Catch,0
2012,GRAND HAVEN,Pier/Dock,Bluegill,7,Harvest,0
2012,GRAND HAVEN,Pier/Dock,Brook Trout,7,Catch,0
2012,GRAND HAVEN,Pier/Dock,Brook Trout,7,Harvest,0
2012,GRAND HAVEN,Pier/Dock,Brown Trout,7,Catch,0
2012,GRAND HAVEN,Pier/Dock,Brown Trout,7,Harvest,0
2012,GRAND HAVEN,Pier/Dock,Carp,7,Catch,0
2012,GRAND HAVEN,Pier/Dock,Carp,7,Harvest,0
2012,GRAND HAVEN,Pier/Dock,Channel Catfish,7,Catch,0
2012,GRAND HAVEN,Pier/Dock,Channel Catfish,7,Harvest,0
2012,GRAND HAVEN,Pier/Dock,Chinook Salmon,7,Catch,0
2012,GRAND HAVEN,Pier/Dock,Chinook Salmon,7,Harvest,0
2012,GRAND HAVEN,Pier/Dock,Coho Salmon,7,Catch,364
2012,GRAND HAVEN,Pier/Dock,Coho Salmon,7,Harvest,364
2012,GRAND HAVEN,Pier/Dock,Common White Sucker,7,Catch,0
2012,GRAND HAVEN,Pier/Dock,Common White Sucker,7,Harvest,0
2012,GRAND HAVEN,Pier/Dock,Drum,7,Catch,0
2012,GRAND HAVEN,Pier/Dock,Drum,7,Harvest,0
2012,GRAND HAVEN,Pier/Dock,Fat Lake Trout,7,Catch,0
2012,GRAND HAVEN,Pier/Dock,Fat Lake Trout,7,Harvest,0
2012,GRAND HAVEN,Pier/Dock,Lake Herring,7,Catch,0
2012,GRAND HAVEN,Pier/Dock,Lake Herring,7,Harvest,0
2012,GRAND HAVEN,Pier/Dock,Lake Whitefish,7,Catch,0
2012,GRAND HAVEN,Pier/Dock,Lake Whitefish,7,Harvest,0
2012,GRAND HAVEN,Pier/Dock,Largemouth Bass,7,Catch,80
2012,GRAND HAVEN,Pier/Dock,Largemouth Bass,7,Harvest,80
2012,GRAND HAVEN,Pier/Dock,Lean Lake Trout,7,Catch,0
2012,GRAND HAVEN,Pier/Dock,Lean Lake Trout,7,Harvest,0
2012,GRAND HAVEN,Pier/Dock,Musky,7,Catch,0
2012,GRAND HAVEN,Pier/Dock,Musky,7,Harvest,0
2012,GRAND HAVEN,Pier/Dock,Northern Pike,7,Catch,0
2012,GRAND HAVEN,Pier/Dock,Northern Pike,7,Harvest,0
2012,GRAND HAVEN,Pier/Dock,,7,Angler Hours,6840
2012,GRAND HAVEN,Pier/Dock,Other,7,Catch,0
2012,GRAND HAVEN,Pier/Dock,Other,7,Harvest,0
2012,GRAND HAVEN,Pier/Dock,Pink Salmon,7,Catch,0
2012,GRAND HAVEN,Pier/Dock,Pink Salmon,7,Harvest,0
2012,GRAND HAVEN,Pier/Dock,Pumpkinseed,7,Catch,0
2012,GRAND HAVEN,Pier/Dock,Pumpkinseed,7,Harvest,0
2012,GRAND HAVEN,Pier/Dock,Rockbass,7,Catch,0
2012,GRAND HAVEN,Pier/Dock,Rockbass,7,Harvest,0
2012,GRAND HAVEN,Pier/Dock,Round Whitefish,7,Catch,0
2012,GRAND HAVEN,Pier/Dock,Round Whitefish,7,Harvest,0
2012,GRAND HAVEN,Pier/Dock,Smallmouth Bass,7,Catch,0
2012,GRAND HAVEN,Pier/Dock,Smallmouth Bass,7,Harvest,0
2012,GRAND HAVEN,Pier/Dock,Splake,7,Catch,0
2012,GRAND HAVEN,Pier/Dock,Splake,7,Harvest,0
2012,GRAND HAVEN,Pier/Dock,Steelhead,7,Catch,1264
2012,GRAND HAVEN,Pier/Dock,Steelhead,7,Harvest,1264
2012,GRAND HAVEN,Pier/Dock,Walleye,7,Catch,0
2012,GRAND HAVEN,Pier/Dock,Walleye,7,Harvest,0
2012,GRAND HAVEN,Pier/Dock,White Bass,7,Catch,0
2012,GRAND HAVEN,Pier/Dock,White Bass,7,Harvest,0
2012,GRAND HAVEN,Pier/Dock,White Perch,7,Catch,0
2012,GRAND HAVEN,Pier/Dock,White Perch,7,Harvest,0
2012,GRAND HAVEN,Pier/Dock,Yellow Perch,7,Catch,1032
2012,GRAND HAVEN,Pier/Dock,Yellow Perch,7,Harvest,1032
2012,GRAND HAVEN,Pier/Dock,Atlantic Salmon,8,Catch,0
2012,GRAND HAVEN,Pier/Dock,Atlantic Salmon,8,Harvest,0
2012,GRAND HAVEN,Pier/Dock,Black Crappie,8,Catch,0
2012,GRAND HAVEN,Pier/Dock,Black Crappie,8,Harvest,0
2012,GRAND HAVEN,Pier/Dock,Bluegill,8,Catch,0
2012,GRAND HAVEN,Pier/Dock,Bluegill,8,Harvest,0
2012,GRAND HAVEN,Pier/Dock,Brook Trout,8,Catch,0
2012,GRAND HAVEN,Pier/Dock,Brook Trout,8,Harvest,0
2012,GRAND HAVEN,Pier/Dock,Brown Trout,8,Catch,0
2012,GRAND HAVEN,Pier/Dock,Brown Trout,8,Harvest,0
2012,GRAND HAVEN,Pier/Dock,Carp,8,Catch,0
2012,GRAND HAVEN,Pier/Dock,Carp,8,Harvest,0
2012,GRAND HAVEN,Pier/Dock,Channel Catfish,8,Catch,0
2012,GRAND HAVEN,Pier/Dock,Channel Catfish,8,Harvest,0
2012,GRAND HAVEN,Pier/Dock,Chinook Salmon,8,Catch,117
2012,GRAND HAVEN,Pier/Dock,Chinook Salmon,8,Harvest,117
2012,GRAND HAVEN,Pier/Dock,Coho Salmon,8,Catch,138
2012,GRAND HAVEN,Pier/Dock,Coho Salmon,8,Harvest,138
2012,GRAND HAVEN,Pier/Dock,Common White Sucker,8,Catch,0
2012,GRAND HAVEN,Pier/Dock,Common White Sucker,8,Harvest,0
2012,GRAND HAVEN,Pier/Dock,Drum,8,Catch,0
2012,GRAND HAVEN,Pier/Dock,Drum,8,Harvest,0
2012,GRAND HAVEN,Pier/Dock,Fat Lake Trout,8,Catch,0
2012,GRAND HAVEN,Pier/Dock,Fat Lake Trout,8,Harvest,0
2012,GRAND HAVEN,Pier/Dock,Lake Herring,8,Catch,0
2012,GRAND HAVEN,Pier/Dock,Lake Herring,8,Harvest,0
2012,GRAND HAVEN,Pier/Dock,Lake Whitefish,8,Catch,0
2012,GRAND HAVEN,Pier/Dock,Lake Whitefish,8,Harvest,0
2012,GRAND HAVEN,Pier/Dock,Largemouth Bass,8,Catch,0
2012,GRAND HAVEN,Pier/Dock,Largemouth Bass,8,Harvest,0
2012,GRAND HAVEN,Pier/Dock,Lean Lake Trout,8,Catch,0
2012,GRAND HAVEN,Pier/Dock,Lean Lake Trout,8,Harvest,0
2012,GRAND HAVEN,Pier/Dock,Musky,8,Catch,0
2012,GRAND HAVEN,Pier/Dock,Musky,8,Harvest,0
2012,GRAND HAVEN,Pier/Dock,Northern Pike,8,Catch,0
2012,GRAND HAVEN,Pier/Dock,Northern Pike,8,Harvest,0
2012,GRAND HAVEN,Pier/Dock,,8,Angler Hours,4624
2012,GRAND HAVEN,Pier/Dock,Other,8,Catch,0
2012,GRAND HAVEN,Pier/Dock,Other,8,Harvest,0
2012,GRAND HAVEN,Pier/Dock,Pink Salmon,8,Catch,0
2012,GRAND HAVEN,Pier/Dock,Pink Salmon,8,Harvest,0
2012,GRAND HAVEN,Pier/Dock,Pumpkinseed,8,Catch,0
2012,GRAND HAVEN,Pier/Dock,Pumpkinseed,8,Harvest,0
2012,GRAND HAVEN,Pier/Dock,Rockbass,8,Catch,0
2012,GRAND HAVEN,Pier/Dock,Rockbass,8,Harvest,0
2012,GRAND HAVEN,Pier/Dock,Round Whitefish,8,Catch,0
2012,GRAND HAVEN,Pier/Dock,Round Whitefish,8,Harvest,0
2012,GRAND HAVEN,Pier/Dock,Smallmouth Bass,8,Catch,0
2012,GRAND HAVEN,Pier/Dock,Smallmouth Bass,8,Harvest,0
2012,GRAND HAVEN,Pier/Dock,Splake,8,Catch,0
2012,GRAND HAVEN,Pier/Dock,Splake,8,Harvest,0
2012,GRAND HAVEN,Pier/Dock,Steelhead,8,Catch,347
2012,GRAND HAVEN,Pier/Dock,Steelhead,8,Harvest,347
2012,GRAND HAVEN,Pier/Dock,Walleye,8,Catch,25
2012,GRAND HAVEN,Pier/Dock,Walleye,8,Harvest,25
2012,GRAND HAVEN,Pier/Dock,White Bass,8,Catch,0
2012,GRAND HAVEN,Pier/Dock,White Bass,8,Harvest,0
2012,GRAND HAVEN,Pier/Dock,White Perch,8,Catch,0
2012,GRAND HAVEN,Pier/Dock,White Perch,8,Harvest,0
2012,GRAND HAVEN,Pier/Dock,Yellow Perch,8,Catch,412
2012,GRAND HAVEN,Pier/Dock,Yellow Perch,8,Harvest,412
2012,GRAND HAVEN,Pier/Dock,Atlantic Salmon,9,Catch,0
2012,GRAND HAVEN,Pier/Dock,Atlantic Salmon,9,Harvest,0
2012,GRAND HAVEN,Pier/Dock,Black Crappie,9,Catch,0
2012,GRAND HAVEN,Pier/Dock,Black Crappie,9,Harvest,0
2012,GRAND HAVEN,Pier/Dock,Bluegill,9,Catch,0
2012,GRAND HAVEN,Pier/Dock,Bluegill,9,Harvest,0
2012,GRAND HAVEN,Pier/Dock,Brook Trout,9,Catch,0
2012,GRAND HAVEN,Pier/Dock,Brook Trout,9,Harvest,0
2012,GRAND HAVEN,Pier/Dock,Brown Trout,9,Catch,0
2012,GRAND HAVEN,Pier/Dock,Brown Trout,9,Harvest,0
2012,GRAND HAVEN,Pier/Dock,Carp,9,Catch,0
2012,GRAND HAVEN,Pier/Dock,Carp,9,Harvest,0
2012,GRAND HAVEN,Pier/Dock,Channel Catfish,9,Catch,0
2012,GRAND HAVEN,Pier/Dock,Channel Catfish,9,Harvest,0
2012,GRAND HAVEN,Pier/Dock,Chinook Salmon,9,Catch,135
2012,GRAND HAVEN,Pier/Dock,Chinook Salmon,9,Harvest,135
2012,GRAND HAVEN,Pier/Dock,Coho Salmon,9,Catch,219
2012,GRAND HAVEN,Pier/Dock,Coho Salmon,9,Harvest,219
2012,GRAND HAVEN,Pier/Dock,Common White Sucker,9,Catch,0
2012,GRAND HAVEN,Pier/Dock,Common White Sucker,9,Harvest,0
2012,GRAND HAVEN,Pier/Dock,Drum,9,Catch,0
2012,GRAND HAVEN,Pier/Dock,Drum,9,Harvest,0
2012,GRAND HAVEN,Pier/Dock,Fat Lake Trout,9,Catch,0
2012,GRAND HAVEN,Pier/Dock,Fat Lake Trout,9,Harvest,0
2012,GRAND HAVEN,Pier/Dock,Lake Herring,9,Catch,0
2012,GRAND HAVEN,Pier/Dock,Lake Herring,9,Harvest,0
2012,GRAND HAVEN,Pier/Dock,Lake Whitefish,9,Catch,0
2012,GRAND HAVEN,Pier/Dock,Lake Whitefish,9,Harvest,0
2012,GRAND HAVEN,Pier/Dock,Largemouth Bass,9,Catch,0
2012,GRAND HAVEN,Pier/Dock,Largemouth Bass,9,Harvest,0
2012,GRAND HAVEN,Pier/Dock,Lean Lake Trout,9,Catch,0
2012,GRAND HAVEN,Pier/Dock,Lean Lake Trout,9,Harvest,0
2012,GRAND HAVEN,Pier/Dock,Musky,9,Catch,0
2012,GRAND HAVEN,Pier/Dock,Musky,9,Harvest,0
2012,GRAND HAVEN,Pier/Dock,Northern Pike,9,Catch,0
2012,GRAND HAVEN,Pier/Dock,Northern Pike,9,Harvest,0
2012,GRAND HAVEN,Pier/Dock,,9,Angler Hours,4502
2012,GRAND HAVEN,Pier/Dock,Other,9,Catch,0
2012,GRAND HAVEN,Pier/Dock,Other,9,Harvest,0
2012,GRAND HAVEN,Pier/Dock,Pink Salmon,9,Catch,0
2012,GRAND HAVEN,Pier/Dock,Pink Salmon,9,Harvest,0
2012,GRAND HAVEN,Pier/Dock,Pumpkinseed,9,Catch,0
2012,GRAND HAVEN,Pier/Dock,Pumpkinseed,9,Harvest,0
2012,GRAND HAVEN,Pier/Dock,Rockbass,9,Catch,0
2012,GRAND HAVEN,Pier/Dock,Rockbass,9,Harvest,0
2012,GRAND HAVEN,Pier/Dock,Round Whitefish,9,Catch,0
2012,GRAND HAVEN,Pier/Dock,Round Whitefish,9,Harvest,0
2012,GRAND HAVEN,Pier/Dock,Smallmouth Bass,9,Catch,0
2012,GRAND HAVEN,Pier/Dock,Smallmouth Bass,9,Harvest,0
2012,GRAND HAVEN,Pier/Dock,Splake,9,Catch,0
2012,GRAND HAVEN,Pier/Dock,Splake,9,Harvest,0
2012,GRAND HAVEN,Pier/Dock,Steelhead,9,Catch,54
2012,GRAND HAVEN,Pier/Dock,Steelhead,9,Harvest,54
2012,GRAND HAVEN,Pier/Dock,Walleye,9,Catch,0
2012,GRAND HAVEN,Pier/Dock,Walleye,9,Harvest,0
2012,GRAND HAVEN,Pier/Dock,White Bass,9,Catch,0
2012,GRAND HAVEN,Pier/Dock,White Bass,9,Harvest,0
2012,GRAND HAVEN,Pier/Dock,White Perch,9,Catch,0
2012,GRAND HAVEN,Pier/Dock,White Perch,9,Harvest,0
2012,GRAND HAVEN,Pier/Dock,Yellow Perch,9,Catch,0
2012,GRAND HAVEN,Pier/Dock,Yellow Perch,9,Harvest,0
2012,GRAND HAVEN,Pier/Dock,Atlantic Salmon,10,Catch,0
2012,GRAND HAVEN,Pier/Dock,Atlantic Salmon,10,Harvest,0
2012,GRAND HAVEN,Pier/Dock,Black Crappie,10,Catch,0
2012,GRAND HAVEN,Pier/Dock,Black Crappie,10,Harvest,0
2012,GRAND HAVEN,Pier/Dock,Bluegill,10,Catch,0
2012,GRAND HAVEN,Pier/Dock,Bluegill,10,Harvest,0
2012,GRAND HAVEN,Pier/Dock,Brook Trout,10,Catch,0
2012,GRAND HAVEN,Pier/Dock,Brook Trout,10,Harvest,0
2012,GRAND HAVEN,Pier/Dock,Brown Trout,10,Catch,0
2012,GRAND HAVEN,Pier/Dock,Brown Trout,10,Harvest,0
2012,GRAND HAVEN,Pier/Dock,Carp,10,Catch,0
2012,GRAND HAVEN,Pier/Dock,Carp,10,Harvest,0
2012,GRAND HAVEN,Pier/Dock,Channel Catfish,10,Catch,0
2012,GRAND HAVEN,Pier/Dock,Channel Catfish,10,Harvest,0
2012,GRAND HAVEN,Pier/Dock,Chinook Salmon,10,Catch,0
2012,GRAND HAVEN,Pier/Dock,Chinook Salmon,10,Harvest,0
2012,GRAND HAVEN,Pier/Dock,Coho Salmon,10,Catch,0
2012,GRAND HAVEN,Pier/Dock,Coho Salmon,10,Harvest,0
2012,GRAND HAVEN,Pier/Dock,Common White Sucker,10,Catch,0
2012,GRAND HAVEN,Pier/Dock,Common White Sucker,10,Harvest,0
2012,GRAND HAVEN,Pier/Dock,Drum,10,Catch,0
2012,GRAND HAVEN,Pier/Dock,Drum,10,Harvest,0
2012,GRAND HAVEN,Pier/Dock,Fat Lake Trout,10,Catch,0
2012,GRAND HAVEN,Pier/Dock,Fat Lake Trout,10,Harvest,0
2012,GRAND HAVEN,Pier/Dock,Lake Herring,10,Catch,0
2012,GRAND HAVEN,Pier/Dock,Lake Herring,10,Harvest,0
2012,GRAND HAVEN,Pier/Dock,Lake Whitefish,10,Catch,203
2012,GRAND HAVEN,Pier/Dock,Lake Whitefish,10,Harvest,203
2012,GRAND HAVEN,Pier/Dock,Largemouth Bass,10,Catch,0
2012,GRAND HAVEN,Pier/Dock,Largemouth Bass,10,Harvest,0
2012,GRAND HAVEN,Pier/Dock,Lean Lake Trout,10,Catch,0
2012,GRAND HAVEN,Pier/Dock,Lean Lake Trout,10,Harvest,0
2012,GRAND HAVEN,Pier/Dock,Musky,10,Catch,0
2012,GRAND HAVEN,Pier/Dock,Musky,10,Harvest,0
2012,GRAND HAVEN,Pier/Dock,Northern Pike,10,Catch,0
2012,GRAND HAVEN,Pier/Dock,Northern Pike,10,Harvest,0
2012,GRAND HAVEN,Pier/Dock,,10,Angler Hours,1608
2012,GRAND HAVEN,Pier/Dock,Other,10,Catch,0
2012,GRAND HAVEN,Pier/Dock,Other,10,Harvest,0
2012,GRAND HAVEN,Pier/Dock,Pink Salmon,10,Catch,0
2012,GRAND HAVEN,Pier/Dock,Pink Salmon,10,Harvest,0
2012,GRAND HAVEN,Pier/Dock,Pumpkinseed,10,Catch,0
2012,GRAND HAVEN,Pier/Dock,Pumpkinseed,10,Harvest,0
2012,GRAND HAVEN,Pier/Dock,Rockbass,10,Catch,0
2012,GRAND HAVEN,Pier/Dock,Rockbass,10,Harvest,0
2012,GRAND HAVEN,Pier/Dock,Round Whitefish,10,Catch,0
2012,GRAND HAVEN,Pier/Dock,Round Whitefish,10,Harvest,0
2012,GRAND HAVEN,Pier/Dock,Smallmouth Bass,10,Catch,0
2012,GRAND HAVEN,Pier/Dock,Smallmouth Bass,10,Harvest,0
2012,GRAND HAVEN,Pier/Dock,Splake,10,Catch,0
2012,GRAND HAVEN,Pier/Dock,Splake,10,Harvest,0
2012,GRAND HAVEN,Pier/Dock,Steelhead,10,Catch,250
2012,GRAND HAVEN,Pier/Dock,Steelhead,10,Harvest,250
2012,GRAND HAVEN,Pier/Dock,Walleye,10,Catch,0
2012,GRAND HAVEN,Pier/Dock,Walleye,10,Harvest,0
2012,GRAND HAVEN,Pier/Dock,White Bass,10,Catch,0
2012,GRAND HAVEN,Pier/Dock,White Bass,10,Harvest,0
2012,GRAND HAVEN,Pier/Dock,White Perch,10,Catch,0
2012,GRAND HAVEN,Pier/Dock,White Perch,10,Harvest,0
2012,GRAND HAVEN,Pier/Dock,Yellow Perch,10,Catch,0
2012,GRAND HAVEN,Pier/Dock,Yellow Perch,10,Harvest,0
2013,GRAND HAVEN,Pier/Dock,Brown Trout,4,Catch,76
2013,GRAND HAVEN,Pier/Dock,Brown Trout,4,Harvest,76
2013,GRAND HAVEN,Pier/Dock,Lake Whitefish,4,Catch,60
2013,GRAND HAVEN,Pier/Dock,Lake Whitefish,4,Harvest,60
2013,GRAND HAVEN,Pier/Dock,,4,Angler Hours,1967
2013,GRAND HAVEN,Pier/Dock,Steelhead,4,Catch,298
2013,GRAND HAVEN,Pier/Dock,Steelhead,4,Harvest,192
2013,GRAND HAVEN,Pier/Dock,Brown Trout,5,Catch,154
2013,GRAND HAVEN,Pier/Dock,Brown Trout,5,Harvest,154
2013,GRAND HAVEN,Pier/Dock,Chinook Salmon,5,Catch,34
2013,GRAND HAVEN,Pier/Dock,Chinook Salmon,5,Harvest,34
2013,GRAND HAVEN,Pier/Dock,Coho Salmon,5,Catch,119
2013,GRAND HAVEN,Pier/Dock,Coho Salmon,5,Harvest,119
2013,GRAND HAVEN,Pier/Dock,,5,Angler Hours,2841
2013,GRAND HAVEN,Pier/Dock,Steelhead,5,Catch,100
2013,GRAND HAVEN,Pier/Dock,Steelhead,5,Harvest,100
2013,GRAND HAVEN,Pier/Dock,Channel Catfish,6,Catch,85
2013,GRAND HAVEN,Pier/Dock,Channel Catfish,6,Harvest,85
2013,GRAND HAVEN,Pier/Dock,Coho Salmon,6,Catch,27
2013,GRAND HAVEN,Pier/Dock,Coho Salmon,6,Harvest,27
2013,GRAND HAVEN,Pier/Dock,,6,Angler Hours,7084
2013,GRAND HAVEN,Pier/Dock,Steelhead,6,Catch,527
2013,GRAND HAVEN,Pier/Dock,Steelhead,6,Harvest,527
2013,GRAND HAVEN,Pier/Dock,White Bass,6,Catch,81
2013,GRAND HAVEN,Pier/Dock,White Bass,6,Harvest,81
2013,GRAND HAVEN,Pier/Dock,Yellow Perch,6,Catch,241
2013,GRAND HAVEN,Pier/Dock,Yellow Perch,6,Harvest,241
2013,GRAND HAVEN,Pier/Dock,,7,Angler Hours,5317
2013,GRAND HAVEN,Pier/Dock,Smallmouth Bass,7,Catch,44
2013,GRAND HAVEN,Pier/Dock,Steelhead,7,Catch,955
2013,GRAND HAVEN,Pier/Dock,Steelhead,7,Harvest,955
2013,GRAND HAVEN,Pier/Dock,Yellow Perch,7,Catch,930
2013,GRAND HAVEN,Pier/Dock,Yellow Perch,7,Harvest,930
2013,GRAND HAVEN,Pier/Dock,Chinook Salmon,8,Catch,119
2013,GRAND HAVEN,Pier/Dock,Chinook Salmon,8,Harvest,119
2013,GRAND HAVEN,Pier/Dock,Coho Salmon,8,Catch,462
2013,GRAND HAVEN,Pier/Dock,Coho Salmon,8,Harvest,462
2013,GRAND HAVEN,Pier/Dock,Drum,8,Catch,22
2013,GRAND HAVEN,Pier/Dock,Drum,8,Harvest,22
2013,GRAND HAVEN,Pier/Dock,,8,Angler Hours,10716
2013,GRAND HAVEN,Pier/Dock,Other,8,Catch,21
2013,GRAND HAVEN,Pier/Dock,Other,8,Harvest,21
2013,GRAND HAVEN,Pier/Dock,Steelhead,8,Catch,358
2013,GRAND HAVEN,Pier/Dock,Steelhead,8,Harvest,358
2013,GRAND HAVEN,Pier/Dock,Yellow Perch,8,Catch,13295
2013,GRAND HAVEN,Pier/Dock,Yellow Perch,8,Harvest,13295
2013,GRAND HAVEN,Pier/Dock,Channel Catfish,9,Catch,18
2013,GRAND HAVEN,Pier/Dock,Channel Catfish,9,Harvest,18
2013,GRAND HAVEN,Pier/Dock,Chinook Salmon,9,Catch,75
2013,GRAND HAVEN,Pier/Dock,Chinook Salmon,9,Harvest,59
2013,GRAND HAVEN,Pier/Dock,Coho Salmon,9,Catch,105
2013,GRAND HAVEN,Pier/Dock,Coho Salmon,9,Harvest,105
2013,GRAND HAVEN,Pier/Dock,Drum,9,Catch,18
2013,GRAND HAVEN,Pier/Dock,Drum,9,Harvest,18
2013,GRAND HAVEN,Pier/Dock,,9,Angler Hours,6387
2013,GRAND HAVEN,Pier/Dock,White Perch,9,Catch,74
2013,GRAND HAVEN,Pier/Dock,White Perch,9,Harvest,74
2013,GRAND HAVEN,Pier/Dock,Yellow Perch,9,Catch,2219
2013,GRAND HAVEN,Pier/Dock,Yellow Perch,9,Harvest,2219
2013,GRAND HAVEN,Pier/Dock,Brown Trout,10,Catch,4
2013,GRAND HAVEN,Pier/Dock,Brown Trout,10,Harvest,4
2013,GRAND HAVEN,Pier/Dock,Lake Whitefish,10,Catch,39
2013,GRAND HAVEN,Pier/Dock,Lake Whitefish,10,Harvest,39
2013,GRAND HAVEN,Pier/Dock,,10,Angler Hours,970
2013,GRAND HAVEN,Pier/Dock,Round Whitefish,10,Catch,23
2013,GRAND HAVEN,Pier/Dock,Round Whitefish,10,Harvest,23
2013,GRAND HAVEN,Pier/Dock,Steelhead,10,Catch,113
2013,GRAND HAVEN,Pier/Dock,Steelhead,10,Harvest,113
2014,GRAND HAVEN,Pier/Dock,Brown Trout,4,Catch,230
2014,GRAND HAVEN,Pier/Dock,Brown Trout,4,Harvest,157
2014,GRAND HAVEN,Pier/Dock,Channel Catfish,4,Catch,15
2014,GRAND HAVEN,Pier/Dock,Channel Catfish,4,Harvest,6
2014,GRAND HAVEN,Pier/Dock,Fat Lake Trout,4,Catch,30
2014,GRAND HAVEN,Pier/Dock,,4,Angler Hours,1588
2014,GRAND HAVEN,Pier/Dock,Steelhead,4,Catch,14
2014,GRAND HAVEN,Pier/Dock,Steelhead,4,Harvest,14
2014,GRAND HAVEN,Pier/Dock,Brown Trout,5,Catch,64
2014,GRAND HAVEN,Pier/Dock,Brown Trout,5,Harvest,64
2014,GRAND HAVEN,Pier/Dock,Chinook Salmon,5,Catch,16
2014,GRAND HAVEN,Pier/Dock,Chinook Salmon,5,Harvest,16
2014,GRAND HAVEN,Pier/Dock,Drum,5,Catch,158
2014,GRAND HAVEN,Pier/Dock,Drum,5,Harvest,45
2014,GRAND HAVEN,Pier/Dock,,5,Angler Hours,2844
2014,GRAND HAVEN,Pier/Dock,Yellow Perch,5,Catch,1749
2014,GRAND HAVEN,Pier/Dock,Yellow Perch,5,Harvest,1749
2014,GRAND HAVEN,Pier/Dock,Channel Catfish,6,Catch,15
2014,GRAND HAVEN,Pier/Dock,,6,Angler Hours,4374
2014,GRAND HAVEN,Pier/Dock,Channel Catfish,7,Catch,143
2014,GRAND HAVEN,Pier/Dock,Channel Catfish,7,Harvest,143
2014,GRAND HAVEN,Pier/Dock,Chinook Salmon,7,Catch,76
2014,GRAND HAVEN,Pier/Dock,Chinook Salmon,7,Harvest,76
2014,GRAND HAVEN,Pier/Dock,Drum,7,Catch,36
2014,GRAND HAVEN,Pier/Dock,Largemouth Bass,7,Catch,94
2014,GRAND HAVEN,Pier/Dock,Largemouth Bass,7,Harvest,70
2014,GRAND HAVEN,Pier/Dock,,7,Angler Hours,10863
2014,GRAND HAVEN,Pier/Dock,Smallmouth Bass,7,Catch,12
2014,GRAND HAVEN,Pier/Dock,Steelhead,7,Catch,1208
2014,GRAND HAVEN,Pier/Dock,Steelhead,7,Harvest,1172
2014,GRAND HAVEN,Pier/Dock,White Perch,7,Catch,70
2014,GRAND HAVEN,Pier/Dock,White Perch,7,Harvest,70
2014,GRAND HAVEN,Pier/Dock,Yellow Perch,7,Catch,307
2014,GRAND HAVEN,Pier/Dock,Yellow Perch,7,Harvest,275
2014,GRAND HAVEN,Pier/Dock,Coho Salmon,8,Catch,141
2014,GRAND HAVEN,Pier/Dock,Coho Salmon,8,Harvest,141
2014,GRAND HAVEN,Pier/Dock,,8,Angler Hours,14276
2014,GRAND HAVEN,Pier/Dock,Steelhead,8,Catch,2504
2014,GRAND HAVEN,Pier/Dock,Steelhead,8,Harvest,2504
2014,GRAND HAVEN,Pier/Dock,Yellow Perch,8,Catch,3749
2014,GRAND HAVEN,Pier/Dock,Yellow Perch,8,Harvest,3749
2014,GRAND HAVEN,Pier/Dock,Chinook Salmon,9,Catch,148
2014,GRAND HAVEN,Pier/Dock,Chinook Salmon,9,Harvest,148
2014,GRAND HAVEN,Pier/Dock,Coho Salmon,9,Catch,728
2014,GRAND HAVEN,Pier/Dock,Coho Salmon,9,Harvest,471
2014,GRAND HAVEN,Pier/Dock,,9,Angler Hours,3830
2014,GRAND HAVEN,Pier/Dock,,10,Angler Hours,1076
2015,GRAND HAVEN,Pier/Dock,Brown Trout,4,Catch,165
2015,GRAND HAVEN,Pier/Dock,Brown Trout,4,Harvest,153
2015,GRAND HAVEN,Pier/Dock,Coho Salmon,4,Catch,70
2015,GRAND HAVEN,Pier/Dock,Coho Salmon,4,Harvest,70
2015,GRAND HAVEN,Pier/Dock,Lean Lake Trout,4,Catch,20
2015,GRAND HAVEN,Pier/Dock,,4,Angler Hours,3916
2015,GRAND HAVEN,Pier/Dock,Steelhead,4,Catch,336
2015,GRAND HAVEN,Pier/Dock,Steelhead,4,Harvest,336
2015,GRAND HAVEN,Pier/Dock,Brown Trout,5,Catch,9
2015,GRAND HAVEN,Pier/Dock,Brown Trout,5,Harvest,9
2015,GRAND HAVEN,Pier/Dock,,5,Angler Hours,2121
2015,GRAND HAVEN,Pier/Dock,Drum,6,Catch,133
2015,GRAND HAVEN,Pier/Dock,,6,Angler Hours,5588
2015,GRAND HAVEN,Pier/Dock,Steelhead,6,Catch,286
2015,GRAND HAVEN,Pier/Dock,Steelhead,6,Harvest,286
2015,GRAND HAVEN,Pier/Dock,Yellow Perch,6,Catch,174
2015,GRAND HAVEN,Pier/Dock,Yellow Perch,6,Harvest,174
2015,GRAND HAVEN,Pier/Dock,Chinook Salmon,7,Catch,45
2015,GRAND HAVEN,Pier/Dock,Chinook Salmon,7,Harvest,45
2015,GRAND HAVEN,Pier/Dock,Drum,7,Catch,71
2015,GRAND HAVEN,Pier/Dock,,7,Angler Hours,8517
2015,GRAND HAVEN,Pier/Dock,Smallmouth Bass,7,Catch,11
2015,GRAND HAVEN,Pier/Dock,Smallmouth Bass,7,Harvest,11
2015,GRAND HAVEN,Pier/Dock,Steelhead,7,Catch,546
2015,GRAND HAVEN,Pier/Dock,Steelhead,7,Harvest,546
2015,GRAND HAVEN,Pier/Dock,White Perch,7,Catch,971
2015,GRAND HAVEN,Pier/Dock,White Perch,7,Harvest,971
2015,GRAND HAVEN,Pier/Dock,Yellow Perch,7,Catch,3112
2015,GRAND HAVEN,Pier/Dock,Yellow Perch,7,Harvest,3112
2015,GRAND HAVEN,Pier/Dock,Channel Catfish,8,Catch,3
2015,GRAND HAVEN,Pier/Dock,Drum,8,Catch,106
2015,GRAND HAVEN,Pier/Dock,Largemouth Bass,8,Catch,37
2015,GRAND HAVEN,Pier/Dock,Largemouth Bass,8,Harvest,16
2015,GRAND HAVEN,Pier/Dock,,8,Angler Hours,2490
2015,GRAND HAVEN,Pier/Dock,Other,8,Catch,64
2015,GRAND HAVEN,Pier/Dock,Walleye,8,Catch,18
2015,GRAND HAVEN,Pier/Dock,White Bass,8,Catch,1306
2015,GRAND HAVEN,Pier/Dock,White Bass,8,Harvest,165
2015,GRAND HAVEN,Pier/Dock,White Perch,8,Catch,89
2015,GRAND HAVEN,Pier/Dock,White Perch,8,Harvest,25
2015,GRAND HAVEN,Pier/Dock,Yellow Perch,8,Catch,66
2015,GRAND HAVEN,Pier/Dock,Yellow Perch,8,Harvest,49
2015,GRAND HAVEN,Pier/Dock,Bluegill,9,Catch,49
2015,GRAND HAVEN,Pier/Dock,Brown Trout,9,Catch,20
2015,GRAND HAVEN,Pier/Dock,Brown Trout,9,Harvest,20
2015,GRAND HAVEN,Pier/Dock,Channel Catfish,9,Catch,26
2015,GRAND HAVEN,Pier/Dock,Chinook Salmon,9,Catch,33
2015,GRAND HAVEN,Pier/Dock,Chinook Salmon,9,Harvest,33
2015,GRAND HAVEN,Pier/Dock,Coho Salmon,9,Catch,393
2015,GRAND HAVEN,Pier/Dock,Coho Salmon,9,Harvest,370
2015,GRAND HAVEN,Pier/Dock,Drum,9,Catch,77
2015,GRAND HAVEN,Pier/Dock,,9,Angler Hours,6330
2015,GRAND HAVEN,Pier/Dock,Steelhead,9,Catch,47
2015,GRAND HAVEN,Pier/Dock,Steelhead,9,Harvest,47
2015,GRAND HAVEN,Pier/Dock,Walleye,9,Catch,20
2015,GRAND HAVEN,Pier/Dock,Walleye,9,Harvest,20
2015,GRAND HAVEN,Pier/Dock,White Bass,9,Catch,41
2015,GRAND HAVEN,Pier/Dock,Yellow Perch,9,Catch,579
2015,GRAND HAVEN,Pier/Dock,Yellow Perch,9,Harvest,571
2015,GRAND HAVEN,Pier/Dock,Brown Trout,10,Catch,36
2015,GRAND HAVEN,Pier/Dock,Brown Trout,10,Harvest,36
2015,GRAND HAVEN,Pier/Dock,Channel Catfish,10,Catch,26
2015,GRAND HAVEN,Pier/Dock,Chinook Salmon,10,Catch,115
2015,GRAND HAVEN,Pier/Dock,Chinook Salmon,10,Harvest,1
2015,GRAND HAVEN,Pier/Dock,Coho Salmon,10,Catch,288
2015,GRAND HAVEN,Pier/Dock,Coho Salmon,10,Harvest,85
2015,GRAND HAVEN,Pier/Dock,Lean Lake Trout,10,Catch,8
2015,GRAND HAVEN,Pier/Dock,Lean Lake Trout,10,Harvest,5
2015,GRAND HAVEN,Pier/Dock,,10,Angler Hours,3842
2015,GRAND HAVEN,Pier/Dock,Round Whitefish,10,Catch,21
2015,GRAND HAVEN,Pier/Dock,Round Whitefish,10,Harvest,21
2015,GRAND HAVEN,Pier/Dock,Steelhead,10,Catch,87
2015,GRAND HAVEN,Pier/Dock,Steelhead,10,Harvest,82
2015,GRAND HAVEN,Pier/Dock,Walleye,10,Catch,1
2015,GRAND HAVEN,Pier/Dock,Walleye,10,Harvest,1
2015,GRAND HAVEN,Pier/Dock,Yellow Perch,10,Catch,1843
2015,GRAND HAVEN,Pier/Dock,Yellow Perch,10,Harvest,1477
2016,GRAND HAVEN,Pier/Dock,Brown Trout,4,Catch,40
2016,GRAND HAVEN,Pier/Dock,Brown Trout,4,Harvest,34
2016,GRAND HAVEN,Pier/Dock,Channel Catfish,4,Catch,25
2016,GRAND HAVEN,Pier/Dock,,4,Angler Hours,2557
2016,GRAND HAVEN,Pier/Dock,Round Whitefish,4,Catch,21
2016,GRAND HAVEN,Pier/Dock,Round Whitefish,4,Harvest,21
2016,GRAND HAVEN,Pier/Dock,Steelhead,4,Catch,12
2016,GRAND HAVEN,Pier/Dock,Steelhead,4,Harvest,6
2016,GRAND HAVEN,Pier/Dock,Walleye,4,Catch,6
2016,GRAND HAVEN,Pier/Dock,Yellow Perch,4,Catch,48
2016,GRAND HAVEN,Pier/Dock,Yellow Perch,4,Harvest,48
2016,GRAND HAVEN,Pier/Dock,Channel Catfish,5,Catch,82
2016,GRAND HAVEN,Pier/Dock,Channel Catfish,5,Harvest,25
2016,GRAND HAVEN,Pier/Dock,Coho Salmon,5,Catch,13
2016,GRAND HAVEN,Pier/Dock,Coho Salmon,5,Harvest,13
2016,GRAND HAVEN,Pier/Dock,,5,Angler Hours,2400
2016,GRAND HAVEN,Pier/Dock,Steelhead,5,Catch,35
2016,GRAND HAVEN,Pier/Dock,Steelhead,5,Harvest,35
2016,GRAND HAVEN,Pier/Dock,Brown Trout,6,Catch,17
2016,GRAND HAVEN,Pier/Dock,Brown Trout,6,Harvest,17
2016,GRAND HAVEN,Pier/Dock,Channel Catfish,6,Catch,22
2016,GRAND HAVEN,Pier/Dock,Drum,6,Catch,85
2016,GRAND HAVEN,Pier/Dock,Drum,6,Harvest,14
2016,GRAND HAVEN,Pier/Dock,Largemouth Bass,6,Catch,12
2016,GRAND HAVEN,Pier/Dock,,6,Angler Hours,13749
2016,GRAND HAVEN,Pier/Dock,Smallmouth Bass,6,Catch,8
2016,GRAND HAVEN,Pier/Dock,Steelhead,6,Catch,1987
2016,GRAND HAVEN,Pier/Dock,Steelhead,6,Harvest,1764
2016,GRAND HAVEN,Pier/Dock,Yellow Perch,6,Catch,505
2016,GRAND HAVEN,Pier/Dock,Yellow Perch,6,Harvest,485
2016,GRAND HAVEN,Pier/Dock,Channel Catfish,7,Catch,176
2016,GRAND HAVEN,Pier/Dock,Channel Catfish,7,Harvest,5
2016,GRAND HAVEN,Pier/Dock,Coho Salmon,7,Catch,12
2016,GRAND HAVEN,Pier/Dock,Coho Salmon,7,Harvest,12
2016,GRAND HAVEN,Pier/Dock,Drum,7,Catch,618
2016,GRAND HAVEN,Pier/Dock,Drum,7,Harvest,177
2016,GRAND HAVEN,Pier/Dock,Largemouth Bass,7,Catch,226
2016,GRAND HAVEN,Pier/Dock,Largemouth Bass,7,Harvest,37
2016,GRAND HAVEN,Pier/Dock,,7,Angler Hours,9462
2016,GRAND HAVEN,Pier/Dock,Smallmouth Bass,7,Catch,29
2016,GRAND HAVEN,Pier/Dock,Steelhead,7,Catch,520
2016,GRAND HAVEN,Pier/Dock,Steelhead,7,Harvest,466
2016,GRAND HAVEN,Pier/Dock,White Perch,7,Catch,88
2016,GRAND HAVEN,Pier/Dock,Yellow Perch,7,Catch,21
2016,GRAND HAVEN,Pier/Dock,Yellow Perch,7,Harvest,21
2016,GRAND HAVEN,Pier/Dock,Bluegill,8,Catch,509
2016,GRAND HAVEN,Pier/Dock,Bluegill,8,Harvest,357
2016,GRAND HAVEN,Pier/Dock,Channel Catfish,8,Catch,121
2016,GRAND HAVEN,Pier/Dock,Chinook Salmon,8,Catch,7
2016,GRAND HAVEN,Pier/Dock,Chinook Salmon,8,Harvest,7
2016,GRAND HAVEN,Pier/Dock,Coho Salmon,8,Catch,34
2016,GRAND HAVEN,Pier/Dock,Coho Salmon,8,Harvest,34
2016,GRAND HAVEN,Pier/Dock,Drum,8,Catch,163
2016,GRAND HAVEN,Pier/Dock,Drum,8,Harvest,27
2016,GRAND HAVEN,Pier/Dock,Largemouth Bass,8,Catch,83
2016,GRAND HAVEN,Pier/Dock,,8,Angler Hours,4578
2016,GRAND HAVEN,Pier/Dock,Smallmouth Bass,8,Catch,50
2016,GRAND HAVEN,Pier/Dock,Steelhead,8,Catch,27
2016,GRAND HAVEN,Pier/Dock,Steelhead,8,Harvest,27
2016,GRAND HAVEN,Pier/Dock,White Perch,8,Catch,126
2016,GRAND HAVEN,Pier/Dock,White Perch,8,Harvest,33
2016,GRAND HAVEN,Pier/Dock,Yellow Perch,8,Catch,11
2016,GRAND HAVEN,Pier/Dock,Brown Trout,9,Catch,8
2016,GRAND HAVEN,Pier/Dock,Brown Trout,9,Harvest,8
2016,GRAND HAVEN,Pier/Dock,Channel Catfish,9,Catch,241
2016,GRAND HAVEN,Pier/Dock,Channel Catfish,9,Harvest,55
2016,GRAND HAVEN,Pier/Dock,Chinook Salmon,9,Catch,29
2016,GRAND HAVEN,Pier/Dock,Chinook Salmon,9,Harvest,29
2016,GRAND HAVEN,Pier/Dock,Coho Salmon,9,Catch,514
2016,GRAND HAVEN,Pier/Dock,Coho Salmon,9,Harvest,452
2016,GRAND HAVEN,Pier/Dock,Drum,9,Catch,73
2016,GRAND HAVEN,Pier/Dock,,9,Angler Hours,7292
2016,GRAND HAVEN,Pier/Dock,Other,9,Catch,14
2016,GRAND HAVEN,Pier/Dock,Steelhead,9,Catch,14
2016,GRAND HAVEN,Pier/Dock,Steelhead,9,Harvest,14
2016,GRAND HAVEN,Pier/Dock,Yellow Perch,9,Catch,483
2016,GRAND HAVEN,Pier/Dock,Yellow Perch,9,Harvest,278
2016,GRAND HAVEN,Pier/Dock,Channel Catfish,10,Catch,128
2016,GRAND HAVEN,Pier/Dock,Channel Catfish,10,Harvest,15
2016,GRAND HAVEN,Pier/Dock,Coho Salmon,10,Catch,6
2016,GRAND HAVEN,Pier/Dock,Coho Salmon,10,Harvest,6
2016,GRAND HAVEN,Pier/Dock,Drum,10,Catch,56
2016,GRAND HAVEN,Pier/Dock,Drum,10,Harvest,12
2016,GRAND HAVEN,Pier/Dock,,10,Angler Hours,1405
2016,GRAND HAVEN,Pier/Dock,Steelhead,10,Catch,38
2016,GRAND HAVEN,Pier/Dock,Steelhead,10,Harvest,38
2016,GRAND HAVEN,Pier/Dock,White Bass,10,Catch,13
2016,GRAND HAVEN,Pier/Dock,White Perch,10,Catch,6
2016,GRAND HAVEN,Pier/Dock,Yellow Perch,10,Catch,50
2016,GRAND HAVEN,Pier/Dock,Yellow Perch,10,Harvest,30
2017,GRAND HAVEN,Pier/Dock,Brown Trout,4,Catch,9
2017,GRAND HAVEN,Pier/Dock,Brown Trout,4,Harvest,9
2017,GRAND HAVEN,Pier/Dock,Channel Catfish,4,Catch,26
2017,GRAND HAVEN,Pier/Dock,Channel Catfish,4,Harvest,11
2017,GRAND HAVEN,Pier/Dock,Coho Salmon,4,Catch,7
2017,GRAND HAVEN,Pier/Dock,Coho Salmon,4,Harvest,7
2017,GRAND HAVEN,Pier/Dock,Drum,4,Catch,12
2017,GRAND HAVEN,Pier/Dock,Lean Lake Trout,4,Catch,2
2017,GRAND HAVEN,Pier/Dock,,4,Angler Hours,1623
2017,GRAND HAVEN,Pier/Dock,Round Whitefish,4,Catch,2
2017,GRAND HAVEN,Pier/Dock,Round Whitefish,4,Harvest,2
2017,GRAND HAVEN,Pier/Dock,Smallmouth Bass,4,Catch,6
2017,GRAND HAVEN,Pier/Dock,Walleye,4,Catch,63
2017,GRAND HAVEN,Pier/Dock,Walleye,4,Harvest,14
2017,GRAND HAVEN,Pier/Dock,Brown Trout,5,Catch,8
2017,GRAND HAVEN,Pier/Dock,Brown Trout,5,Harvest,8
2017,GRAND HAVEN,Pier/Dock,Channel Catfish,5,Catch,134
2017,GRAND HAVEN,Pier/Dock,Chinook Salmon,5,Catch,188
2017,GRAND HAVEN,Pier/Dock,Chinook Salmon,5,Harvest,180
2017,GRAND HAVEN,Pier/Dock,Coho Salmon,5,Catch,88
2017,GRAND HAVEN,Pier/Dock,Coho Salmon,5,Harvest,88
2017,GRAND HAVEN,Pier/Dock,Drum,5,Catch,688
2017,GRAND HAVEN,Pier/Dock,,5,Angler Hours,3273
2017,GRAND HAVEN,Pier/Dock,Other,5,Catch,15
2017,GRAND HAVEN,Pier/Dock,Rockbass,5,Catch,7
2017,GRAND HAVEN,Pier/Dock,Steelhead,5,Catch,35
2017,GRAND HAVEN,Pier/Dock,Steelhead,5,Harvest,28
2017,GRAND HAVEN,Pier/Dock,Walleye,5,Catch,9
2017,GRAND HAVEN,Pier/Dock,Walleye,5,Harvest,9
2017,GRAND HAVEN,Pier/Dock,Yellow Perch,5,Catch,60
2017,GRAND HAVEN,Pier/Dock,Yellow Perch,5,Harvest,26
2017,GRAND HAVEN,Pier/Dock,Black Crappie,6,Catch,52
2017,GRAND HAVEN,Pier/Dock,Black Crappie,6,Harvest,39
2017,GRAND HAVEN,Pier/Dock,Channel Catfish,6,Catch,152
2017,GRAND HAVEN,Pier/Dock,Channel Catfish,6,Harvest,41
2017,GRAND HAVEN,Pier/Dock,Drum,6,Catch,1236
2017,GRAND HAVEN,Pier/Dock,Drum,6,Harvest,63
2017,GRAND HAVEN,Pier/Dock,Largemouth Bass,6,Catch,155
2017,GRAND HAVEN,Pier/Dock,Largemouth Bass,6,Harvest,26
2017,GRAND HAVEN,Pier/Dock,Northern Pike,6,Catch,7
2017,GRAND HAVEN,Pier/Dock,Northern Pike,6,Harvest,7
2017,GRAND HAVEN,Pier/Dock,,6,Angler Hours,7804
2017,GRAND HAVEN,Pier/Dock,Other,6,Catch,7
2017,GRAND HAVEN,Pier/Dock,Other,6,Harvest,7
2017,GRAND HAVEN,Pier/Dock,Rockbass,6,Catch,13
2017,GRAND HAVEN,Pier/Dock,Smallmouth Bass,6,Catch,198
2017,GRAND HAVEN,Pier/Dock,Steelhead,6,Catch,534
2017,GRAND HAVEN,Pier/Dock,Steelhead,6,Harvest,516
2017,GRAND HAVEN,Pier/Dock,White Bass,6,Catch,35
2017,GRAND HAVEN,Pier/Dock,White Bass,6,Harvest,7
2017,GRAND HAVEN,Pier/Dock,White Perch,6,Catch,67
2017,GRAND HAVEN,Pier/Dock,Yellow Perch,6,Catch,176
2017,GRAND HAVEN,Pier/Dock,Yellow Perch,6,Harvest,103
2017,GRAND HAVEN,Pier/Dock,Channel Catfish,7,Catch,17
2017,GRAND HAVEN,Pier/Dock,Channel Catfish,7,Harvest,5
2017,GRAND HAVEN,Pier/Dock,Drum,7,Catch,577
2017,GRAND HAVEN,Pier/Dock,Drum,7,Harvest,22
2017,GRAND HAVEN,Pier/Dock,Largemouth Bass,7,Catch,539
2017,GRAND HAVEN,Pier/Dock,Largemouth Bass,7,Harvest,162
2017,GRAND HAVEN,Pier/Dock,Northern Pike,7,Catch,13
2017,GRAND HAVEN,Pier/Dock,Northern Pike,7,Harvest,13
2017,GRAND HAVEN,Pier/Dock,,7,Angler Hours,6801
2017,GRAND HAVEN,Pier/Dock,Rockbass,7,Catch,7
2017,GRAND HAVEN,Pier/Dock,Smallmouth Bass,7,Catch,49
2017,GRAND HAVEN,Pier/Dock,Smallmouth Bass,7,Harvest,16
2017,GRAND HAVEN,Pier/Dock,Steelhead,7,Catch,253
2017,GRAND HAVEN,Pier/Dock,Steelhead,7,Harvest,253
2017,GRAND HAVEN,Pier/Dock,White Bass,7,Catch,28
2017,GRAND HAVEN,Pier/Dock,White Bass,7,Harvest,16
2017,GRAND HAVEN,Pier/Dock,White Perch,7,Catch,22
2017,GRAND HAVEN,Pier/Dock,Yellow Perch,7,Catch,1448
2017,GRAND HAVEN,Pier/Dock,Yellow Perch,7,Harvest,1016
2017,GRAND HAVEN,Pier/Dock,Bluegill,8,Catch,51
2017,GRAND HAVEN,Pier/Dock,Bluegill,8,Harvest,51
2017,GRAND HAVEN,Pier/Dock,Channel Catfish,8,Catch,393
2017,GRAND HAVEN,Pier/Dock,Channel Catfish,8,Harvest,9
2017,GRAND HAVEN,Pier/Dock,Coho Salmon,8,Catch,20
2017,GRAND HAVEN,Pier/Dock,Coho Salmon,8,Harvest,20
2017,GRAND HAVEN,Pier/Dock,Drum,8,Catch,123
2017,GRAND HAVEN,Pier/Dock,Drum,8,Harvest,6
2017,GRAND HAVEN,Pier/Dock,Largemouth Bass,8,Catch,125
2017,GRAND HAVEN,Pier/Dock,Largemouth Bass,8,Harvest,47
2017,GRAND HAVEN,Pier/Dock,,8,Angler Hours,3298
2017,GRAND HAVEN,Pier/Dock,Other,8,Catch,9
2017,GRAND HAVEN,Pier/Dock,Other,8,Harvest,9
2017,GRAND HAVEN,Pier/Dock,Rockbass,8,Catch,20
2017,GRAND HAVEN,Pier/Dock,Rockbass,8,Harvest,20
2017,GRAND HAVEN,Pier/Dock,Smallmouth Bass,8,Catch,13
2017,GRAND HAVEN,Pier/Dock,White Bass,8,Catch,105
2017,GRAND HAVEN,Pier/Dock,White Perch,8,Catch,145
2017,GRAND HAVEN,Pier/Dock,White Perch,8,Harvest,74
2017,GRAND HAVEN,Pier/Dock,Yellow Perch,8,Catch,784
2017,GRAND HAVEN,Pier/Dock,Yellow Perch,8,Harvest,542
2017,GRAND HAVEN,Pier/Dock,Bluegill,9,Catch,19
2017,GRAND HAVEN,Pier/Dock,Bluegill,9,Harvest,19
2017,GRAND HAVEN,Pier/Dock,Channel Catfish,9,Catch,32
2017,GRAND HAVEN,Pier/Dock,Chinook Salmon,9,Catch,4
2017,GRAND HAVEN,Pier/Dock,Chinook Salmon,9,Harvest,4
2017,GRAND HAVEN,Pier/Dock,Coho Salmon,9,Catch,6
2017,GRAND HAVEN,Pier/Dock,Coho Salmon,9,Harvest,6
2017,GRAND HAVEN,Pier/Dock,Drum,9,Catch,48
2017,GRAND HAVEN,Pier/Dock,Largemouth Bass,9,Catch,14
2017,GRAND HAVEN,Pier/Dock,,9,Angler Hours,2574
2017,GRAND HAVEN,Pier/Dock,Other,9,Catch,164
2017,GRAND HAVEN,Pier/Dock,Other,9,Harvest,2
2017,GRAND HAVEN,Pier/Dock,Smallmouth Bass,9,Catch,15
2017,GRAND HAVEN,Pier/Dock,Walleye,9,Catch,6
2017,GRAND HAVEN,Pier/Dock,Walleye,9,Harvest,6
2017,GRAND HAVEN,Pier/Dock,White Perch,9,Catch,123
2017,GRAND HAVEN,Pier/Dock,White Perch,9,Harvest,63
2017,GRAND HAVEN,Pier/Dock,Yellow Perch,9,Catch,47
2017,GRAND HAVEN,Pier/Dock,Yellow Perch,9,Harvest,40
2017,GRAND HAVEN,Pier/Dock,Channel Catfish,10,Catch,120
2017,GRAND HAVEN,Pier/Dock,Channel Catfish,10,Harvest,10
2017,GRAND HAVEN,Pier/Dock,Coho Salmon,10,Catch,3
2017,GRAND HAVEN,Pier/Dock,Coho Salmon,10,Harvest,3
2017,GRAND HAVEN,Pier/Dock,Drum,10,Catch,48
2017,GRAND HAVEN,Pier/Dock,,10,Angler Hours,1250
2017,GRAND HAVEN,Pier/Dock,Other,10,Catch,9
2017,GRAND HAVEN,Pier/Dock,Steelhead,10,Catch,9
2017,GRAND HAVEN,Pier/Dock,Steelhead,10,Harvest,9
2017,GRAND HAVEN,Pier/Dock,White Perch,10,Catch,244
2017,GRAND HAVEN,Pier/Dock,White Perch,10,Harvest,125
2017,GRAND HAVEN,Pier/Dock,Yellow Perch,10,Catch,64
2017,GRAND HAVEN,Pier/Dock,Yellow Perch,10,Harvest,64
2018,GRAND HAVEN,Pier/Dock,Bluegill,4,Catch,0
2018,GRAND HAVEN,Pier/Dock,Bluegill,4,Harvest,0
2018,GRAND HAVEN,Pier/Dock,Brown Trout,4,Catch,87
2018,GRAND HAVEN,Pier/Dock,Brown Trout,4,Harvest,87
2018,GRAND HAVEN,Pier/Dock,Channel Catfish,4,Catch,0
2018,GRAND HAVEN,Pier/Dock,Channel Catfish,4,Harvest,0
2018,GRAND HAVEN,Pier/Dock,Chinook Salmon,4,Catch,0
2018,GRAND HAVEN,Pier/Dock,Chinook Salmon,4,Harvest,0
2018,GRAND HAVEN,Pier/Dock,Coho Salmon,4,Catch,0
2018,GRAND HAVEN,Pier/Dock,Coho Salmon,4,Harvest,0
2018,GRAND HAVEN,Pier/Dock,Common White Sucker,4,Catch,0
2018,GRAND HAVEN,Pier/Dock,Common White Sucker,4,Harvest,0
2018,GRAND HAVEN,Pier/Dock,Drum,4,Catch,23
2018,GRAND HAVEN,Pier/Dock,Drum,4,Harvest,0
2018,GRAND HAVEN,Pier/Dock,Lake Herring,4,Catch,0
2018,GRAND HAVEN,Pier/Dock,Lake Herring,4,Harvest,0
2018,GRAND HAVEN,Pier/Dock,Lake Whitefish,4,Catch,0
2018,GRAND HAVEN,Pier/Dock,Lake Whitefish,4,Harvest,0
2018,GRAND HAVEN,Pier/Dock,Largemouth Bass,4,Catch,23
2018,GRAND HAVEN,Pier/Dock,Largemouth Bass,4,Harvest,0
2018,GRAND HAVEN,Pier/Dock,Lean Lake Trout,4,Catch,0
2018,GRAND HAVEN,Pier/Dock,Lean Lake Trout,4,Harvest,0
2018,GRAND HAVEN,Pier/Dock,Musky,4,Catch,0
2018,GRAND HAVEN,Pier/Dock,Musky,4,Harvest,0
2018,GRAND HAVEN,Pier/Dock,Northern Pike,4,Catch,0
2018,GRAND HAVEN,Pier/Dock,Northern Pike,4,Harvest,0
2018,GRAND HAVEN,Pier/Dock,,4,Angler Hours,2048
2018,GRAND HAVEN,Pier/Dock,Other,4,Catch,0
2018,GRAND HAVEN,Pier/Dock,Other,4,Harvest,0
2018,GRAND HAVEN,Pier/Dock,Pink Salmon,4,Catch,0
2018,GRAND HAVEN,Pier/Dock,Pink Salmon,4,Harvest,0
2018,GRAND HAVEN,Pier/Dock,Pumpkinseed,4,Catch,0
2018,GRAND HAVEN,Pier/Dock,Pumpkinseed,4,Harvest,0
2018,GRAND HAVEN,Pier/Dock,Rockbass,4,Catch,0
2018,GRAND HAVEN,Pier/Dock,Rockbass,4,Harvest,0
2018,GRAND HAVEN,Pier/Dock,Round Whitefish,4,Catch,53
2018,GRAND HAVEN,Pier/Dock,Round Whitefish,4,Harvest,53
2018,GRAND HAVEN,Pier/Dock,Smallmouth Bass,4,Catch,0
2018,GRAND HAVEN,Pier/Dock,Smallmouth Bass,4,Harvest,0
2018,GRAND HAVEN,Pier/Dock,Steelhead,4,Catch,8
2018,GRAND HAVEN,Pier/Dock,Steelhead,4,Harvest,8
2018,GRAND HAVEN,Pier/Dock,Walleye,4,Catch,0
2018,GRAND HAVEN,Pier/Dock,Walleye,4,Harvest,0
2018,GRAND HAVEN,Pier/Dock,White Bass,4,Catch,0
2018,GRAND HAVEN,Pier/Dock,White Bass,4,Harvest,0
2018,GRAND HAVEN,Pier/Dock,White Perch,4,Catch,0
2018,GRAND HAVEN,Pier/Dock,White Perch,4,Harvest,0
2018,GRAND HAVEN,Pier/Dock,Yellow Perch,4,Catch,0
2018,GRAND HAVEN,Pier/Dock,Yellow Perch,4,Harvest,0
2018,GRAND HAVEN,Pier/Dock,Bluegill,5,Catch,14
2018,GRAND HAVEN,Pier/Dock,Bluegill,5,Harvest,14
2018,GRAND HAVEN,Pier/Dock,Brown Trout,5,Catch,0
2018,GRAND HAVEN,Pier/Dock,Brown Trout,5,Harvest,0
2018,GRAND HAVEN,Pier/Dock,Channel Catfish,5,Catch,84
2018,GRAND HAVEN,Pier/Dock,Channel Catfish,5,Harvest,0
2018,GRAND HAVEN,Pier/Dock,Chinook Salmon,5,Catch,0
2018,GRAND HAVEN,Pier/Dock,Chinook Salmon,5,Harvest,0
2018,GRAND HAVEN,Pier/Dock,Coho Salmon,5,Catch,0
2018,GRAND HAVEN,Pier/Dock,Coho Salmon,5,Harvest,0
2018,GRAND HAVEN,Pier/Dock,Common White Sucker,5,Catch,0
2018,GRAND HAVEN,Pier/Dock,Common White Sucker,5,Harvest,0
2018,GRAND HAVEN,Pier/Dock,Drum,5,Catch,334
2018,GRAND HAVEN,Pier/Dock,Drum,5,Harvest,0
2018,GRAND HAVEN,Pier/Dock,Lake Herring,5,Catch,0
2018,GRAND HAVEN,Pier/Dock,Lake Herring,5,Harvest,0
2018,GRAND HAVEN,Pier/Dock,Lake Whitefish,5,Catch,0
2018,GRAND HAVEN,Pier/Dock,Lake Whitefish,5,Harvest,0
2018,GRAND HAVEN,Pier/Dock,Largemouth Bass,5,Catch,0
2018,GRAND HAVEN,Pier/Dock,Largemouth Bass,5,Harvest,0
2018,GRAND HAVEN,Pier/Dock,Lean Lake Trout,5,Catch,0
2018,GRAND HAVEN,Pier/Dock,Lean Lake Trout,5,Harvest,0
2018,GRAND HAVEN,Pier/Dock,Musky,5,Catch,0
2018,GRAND HAVEN,Pier/Dock,Musky,5,Harvest,0
2018,GRAND HAVEN,Pier/Dock,Northern Pike,5,Catch,0
2018,GRAND HAVEN,Pier/Dock,Northern Pike,5,Harvest,0
2018,GRAND HAVEN,Pier/Dock,,5,Angler Hours,1386
2018,GRAND HAVEN,Pier/Dock,Other,5,Catch,0
2018,GRAND HAVEN,Pier/Dock,Other,5,Harvest,0
2018,GRAND HAVEN,Pier/Dock,Pink Salmon,5,Catch,0
2018,GRAND HAVEN,Pier/Dock,Pink Salmon,5,Harvest,0
2018,GRAND HAVEN,Pier/Dock,Pumpkinseed,5,Catch,0
2018,GRAND HAVEN,Pier/Dock,Pumpkinseed,5,Harvest,0
2018,GRAND HAVEN,Pier/Dock,Rockbass,5,Catch,13
2018,GRAND HAVEN,Pier/Dock,Rockbass,5,Harvest,0
2018,GRAND HAVEN,Pier/Dock,Round Whitefish,5,Catch,0
2018,GRAND HAVEN,Pier/Dock,Round Whitefish,5,Harvest,0
2018,GRAND HAVEN,Pier/Dock,Smallmouth Bass,5,Catch,0
2018,GRAND HAVEN,Pier/Dock,Smallmouth Bass,5,Harvest,0
2018,GRAND HAVEN,Pier/Dock,Steelhead,5,Catch,0
2018,GRAND HAVEN,Pier/Dock,Steelhead,5,Harvest,0
2018,GRAND HAVEN,Pier/Dock,Walleye,5,Catch,0
2018,GRAND HAVEN,Pier/Dock,Walleye,5,Harvest,0
2018,GRAND HAVEN,Pier/Dock,White Bass,5,Catch,14
2018,GRAND HAVEN,Pier/Dock,White Bass,5,Harvest,0
2018,GRAND HAVEN,Pier/Dock,White Perch,5,Catch,0
2018,GRAND HAVEN,Pier/Dock,White Perch,5,Harvest,0
2018,GRAND HAVEN,Pier/Dock,Yellow Perch,5,Catch,0
2018,GRAND HAVEN,Pier/Dock,Yellow Perch,5,Harvest,0
2018,GRAND HAVEN,Pier/Dock,Bluegill,6,Catch,0
2018,GRAND HAVEN,Pier/Dock,Bluegill,6,Harvest,0
2018,GRAND HAVEN,Pier/Dock,Brown Trout,6,Catch,10
2018,GRAND HAVEN,Pier/Dock,Brown Trout,6,Harvest,10
2018,GRAND HAVEN,Pier/Dock,Channel Catfish,6,Catch,66
2018,GRAND HAVEN,Pier/Dock,Channel Catfish,6,Harvest,0
2018,GRAND HAVEN,Pier/Dock,Chinook Salmon,6,Catch,0
2018,GRAND HAVEN,Pier/Dock,Chinook Salmon,6,Harvest,0
2018,GRAND HAVEN,Pier/Dock,Coho Salmon,6,Catch,0
2018,GRAND HAVEN,Pier/Dock,Coho Salmon,6,Harvest,0
2018,GRAND HAVEN,Pier/Dock,Common White Sucker,6,Catch,0
2018,GRAND HAVEN,Pier/Dock,Common White Sucker,6,Harvest,0
2018,GRAND HAVEN,Pier/Dock,Drum,6,Catch,792
2018,GRAND HAVEN,Pier/Dock,Drum,6,Harvest,0
2018,GRAND HAVEN,Pier/Dock,Lake Herring,6,Catch,0
2018,GRAND HAVEN,Pier/Dock,Lake Herring,6,Harvest,0
2018,GRAND HAVEN,Pier/Dock,Lake Whitefish,6,Catch,0
2018,GRAND HAVEN,Pier/Dock,Lake Whitefish,6,Harvest,0
2018,GRAND HAVEN,Pier/Dock,Largemouth Bass,6,Catch,210
2018,GRAND HAVEN,Pier/Dock,Largemouth Bass,6,Harvest,38
2018,GRAND HAVEN,Pier/Dock,Lean Lake Trout,6,Catch,0
2018,GRAND HAVEN,Pier/Dock,Lean Lake Trout,6,Harvest,0
2018,GRAND HAVEN,Pier/Dock,Musky,6,Catch,0
2018,GRAND HAVEN,Pier/Dock,Musky,6,Harvest,0
2018,GRAND HAVEN,Pier/Dock,Northern Pike,6,Catch,0
2018,GRAND HAVEN,Pier/Dock,Northern Pike,6,Harvest,0
2018,GRAND HAVEN,Pier/Dock,,6,Angler Hours,9227
2018,GRAND HAVEN,Pier/Dock,Other,6,Catch,0
2018,GRAND HAVEN,Pier/Dock,Other,6,Harvest,0
2018,GRAND HAVEN,Pier/Dock,Pink Salmon,6,Catch,0
2018,GRAND HAVEN,Pier/Dock,Pink Salmon,6,Harvest,0
2018,GRAND HAVEN,Pier/Dock,Pumpkinseed,6,Catch,0
2018,GRAND HAVEN,Pier/Dock,Pumpkinseed,6,Harvest,0
2018,GRAND HAVEN,Pier/Dock,Rockbass,6,Catch,0
2018,GRAND HAVEN,Pier/Dock,Rockbass,6,Harvest,0
2018,GRAND HAVEN,Pier/Dock,Round Whitefish,6,Catch,0
2018,GRAND HAVEN,Pier/Dock,Round Whitefish,6,Harvest,0
2018,GRAND HAVEN,Pier/Dock,Smallmouth Bass,6,Catch,175
2018,GRAND HAVEN,Pier/Dock,Smallmouth Bass,6,Harvest,12
2018,GRAND HAVEN,Pier/Dock,Steelhead,6,Catch,306
2018,GRAND HAVEN,Pier/Dock,Steelhead,6,Harvest,287
2018,GRAND HAVEN,Pier/Dock,Walleye,6,Catch,0
2018,GRAND HAVEN,Pier/Dock,Walleye,6,Harvest,0
2018,GRAND HAVEN,Pier/Dock,White Bass,6,Catch,0
2018,GRAND HAVEN,Pier/Dock,White Bass,6,Harvest,0
2018,GRAND HAVEN,Pier/Dock,White Perch,6,Catch,0
2018,GRAND HAVEN,Pier/Dock,White Perch,6,Harvest,0
2018,GRAND HAVEN,Pier/Dock,Yellow Perch,6,Catch,199
2018,GRAND HAVEN,Pier/Dock,Yellow Perch,6,Harvest,127
2018,GRAND HAVEN,Pier/Dock,Bluegill,7,Catch,81
2018,GRAND HAVEN,Pier/Dock,Bluegill,7,Harvest,75
2018,GRAND HAVEN,Pier/Dock,Brown Trout,7,Catch,0
2018,GRAND HAVEN,Pier/Dock,Brown Trout,7,Harvest,0
2018,GRAND HAVEN,Pier/Dock,Channel Catfish,7,Catch,47
2018,GRAND HAVEN,Pier/Dock,Channel Catfish,7,Harvest,41
2018,GRAND HAVEN,Pier/Dock,Chinook Salmon,7,Catch,0
2018,GRAND HAVEN,Pier/Dock,Chinook Salmon,7,Harvest,0
2018,GRAND HAVEN,Pier/Dock,Coho Salmon,7,Catch,0
2018,GRAND HAVEN,Pier/Dock,Coho Salmon,7,Harvest,0
2018,GRAND HAVEN,Pier/Dock,Common White Sucker,7,Catch,0
2018,GRAND HAVEN,Pier/Dock,Common White Sucker,7,Harvest,0
2018,GRAND HAVEN,Pier/Dock,Drum,7,Catch,380
2018,GRAND HAVEN,Pier/Dock,Drum,7,Harvest,21
2018,GRAND HAVEN,Pier/Dock,Lake Herring,7,Catch,0
2018,GRAND HAVEN,Pier/Dock,Lake Herring,7,Harvest,0
2018,GRAND HAVEN,Pier/Dock,Lake Whitefish,7,Catch,0
2018,GRAND HAVEN,Pier/Dock,Lake Whitefish,7,Harvest,0
2018,GRAND HAVEN,Pier/Dock,Largemouth Bass,7,Catch,161
2018,GRAND HAVEN,Pier/Dock,Largemouth Bass,7,Harvest,24
2018,GRAND HAVEN,Pier/Dock,Lean Lake Trout,7,Catch,0
2018,GRAND HAVEN,Pier/Dock,Lean Lake Trout,7,Harvest,0
2018,GRAND HAVEN,Pier/Dock,Musky,7,Catch,0
2018,GRAND HAVEN,Pier/Dock,Musky,7,Harvest,0
2018,GRAND HAVEN,Pier/Dock,Northern Pike,7,Catch,0
2018,GRAND HAVEN,Pier/Dock,Northern Pike,7,Harvest,0
2018,GRAND HAVEN,Pier/Dock,,7,Angler Hours,6840
2018,GRAND HAVEN,Pier/Dock,Other,7,Catch,853
2018,GRAND HAVEN,Pier/Dock,Other,7,Harvest,853
2018,GRAND HAVEN,Pier/Dock,Pink Salmon,7,Catch,0
2018,GRAND HAVEN,Pier/Dock,Pink Salmon,7,Harvest,0
2018,GRAND HAVEN,Pier/Dock,Pumpkinseed,7,Catch,0
2018,GRAND HAVEN,Pier/Dock,Pumpkinseed,7,Harvest,0
2018,GRAND HAVEN,Pier/Dock,Rockbass,7,Catch,8
2018,GRAND HAVEN,Pier/Dock,Rockbass,7,Harvest,0
2018,GRAND HAVEN,Pier/Dock,Round Whitefish,7,Catch,0
2018,GRAND HAVEN,Pier/Dock,Round Whitefish,7,Harvest,0
2018,GRAND HAVEN,Pier/Dock,Smallmouth Bass,7,Catch,77
2018,GRAND HAVEN,Pier/Dock,Smallmouth Bass,7,Harvest,16
2018,GRAND HAVEN,Pier/Dock,Steelhead,7,Catch,457
2018,GRAND HAVEN,Pier/Dock,Steelhead,7,Harvest,444
2018,GRAND HAVEN,Pier/Dock,Walleye,7,Catch,0
2018,GRAND HAVEN,Pier/Dock,Walleye,7,Harvest,0
2018,GRAND HAVEN,Pier/Dock,White Bass,7,Catch,8
2018,GRAND HAVEN,Pier/Dock,White Bass,7,Harvest,0
2018,GRAND HAVEN,Pier/Dock,White Perch,7,Catch,197
2018,GRAND HAVEN,Pier/Dock,White Perch,7,Harvest,0
2018,GRAND HAVEN,Pier/Dock,Yellow Perch,7,Catch,1812
2018,GRAND HAVEN,Pier/Dock,Yellow Perch,7,Harvest,1250
2018,GRAND HAVEN,Pier/Dock,Bluegill,8,Catch,506
2018,GRAND HAVEN,Pier/Dock,Bluegill,8,Harvest,442
2018,GRAND HAVEN,Pier/Dock,Brown Trout,8,Catch,0
2018,GRAND HAVEN,Pier/Dock,Brown Trout,8,Harvest,0
2018,GRAND HAVEN,Pier/Dock,Channel Catfish,8,Catch,405
2018,GRAND HAVEN,Pier/Dock,Channel Catfish,8,Harvest,0
2018,GRAND HAVEN,Pier/Dock,Chinook Salmon,8,Catch,0
2018,GRAND HAVEN,Pier/Dock,Chinook Salmon,8,Harvest,0
2018,GRAND HAVEN,Pier/Dock,Coho Salmon,8,Catch,0
2018,GRAND HAVEN,Pier/Dock,Coho Salmon,8,Harvest,0
2018,GRAND HAVEN,Pier/Dock,Common White Sucker,8,Catch,0
2018,GRAND HAVEN,Pier/Dock,Common White Sucker,8,Harvest,0
2018,GRAND HAVEN,Pier/Dock,Drum,8,Catch,624
2018,GRAND HAVEN,Pier/Dock,Drum,8,Harvest,95
2018,GRAND HAVEN,Pier/Dock,Lake Herring,8,Catch,0
2018,GRAND HAVEN,Pier/Dock,Lake Herring,8,Harvest,0
2018,GRAND HAVEN,Pier/Dock,Lake Whitefish,8,Catch,0
2018,GRAND HAVEN,Pier/Dock,Lake Whitefish,8,Harvest,0
2018,GRAND HAVEN,Pier/Dock,Largemouth Bass,8,Catch,516
2018,GRAND HAVEN,Pier/Dock,Largemouth Bass,8,Harvest,128
2018,GRAND HAVEN,Pier/Dock,Lean Lake Trout,8,Catch,0
2018,GRAND HAVEN,Pier/Dock,Lean Lake Trout,8,Harvest,0
2018,GRAND HAVEN,Pier/Dock,Musky,8,Catch,0
2018,GRAND HAVEN,Pier/Dock,Musky,8,Harvest,0
2018,GRAND HAVEN,Pier/Dock,Northern Pike,8,Catch,0
2018,GRAND HAVEN,Pier/Dock,Northern Pike,8,Harvest,0
2018,GRAND HAVEN,Pier/Dock,,8,Angler Hours,2951
2018,GRAND HAVEN,Pier/Dock,Other,8,Catch,29
2018,GRAND HAVEN,Pier/Dock,Other,8,Harvest,29
2018,GRAND HAVEN,Pier/Dock,Pink Salmon,8,Catch,0
2018,GRAND HAVEN,Pier/Dock,Pink Salmon,8,Harvest,0
2018,GRAND HAVEN,Pier/Dock,Pumpkinseed,8,Catch,0
2018,GRAND HAVEN,Pier/Dock,Pumpkinseed,8,Harvest,0
2018,GRAND HAVEN,Pier/Dock,Rockbass,8,Catch,94
2018,GRAND HAVEN,Pier/Dock,Rockbass,8,Harvest,76
2018,GRAND HAVEN,Pier/Dock,Round Whitefish,8,Catch,0
2018,GRAND HAVEN,Pier/Dock,Round Whitefish,8,Harvest,0
2018,GRAND HAVEN,Pier/Dock,Smallmouth Bass,8,Catch,87
2018,GRAND HAVEN,Pier/Dock,Smallmouth Bass,8,Harvest,38
2018,GRAND HAVEN,Pier/Dock,Steelhead,8,Catch,0
2018,GRAND HAVEN,Pier/Dock,Steelhead,8,Harvest,0
2018,GRAND HAVEN,Pier/Dock,Walleye,8,Catch,0
2018,GRAND HAVEN,Pier/Dock,Walleye,8,Harvest,0
2018,GRAND HAVEN,Pier/Dock,White Bass,8,Catch,0
2018,GRAND HAVEN,Pier/Dock,White Bass,8,Harvest,0
2018,GRAND HAVEN,Pier/Dock,White Perch,8,Catch,1369
2018,GRAND HAVEN,Pier/Dock,White Perch,8,Harvest,1185
2018,GRAND HAVEN,Pier/Dock,Yellow Perch,8,Catch,18
2018,GRAND HAVEN,Pier/Dock,Yellow Perch,8,Harvest,0
2018,GRAND HAVEN,Pier/Dock,Bluegill,9,Catch,5
2018,GRAND HAVEN,Pier/Dock,Bluegill,9,Harvest,5
2018,GRAND HAVEN,Pier/Dock,Brown Trout,9,Catch,0
2018,GRAND HAVEN,Pier/Dock,Brown Trout,9,Harvest,0
2018,GRAND HAVEN,Pier/Dock,Channel Catfish,9,Catch,133
2018,GRAND HAVEN,Pier/Dock,Channel Catfish,9,Harvest,59
2018,GRAND HAVEN,Pier/Dock,Chinook Salmon,9,Catch,21
2018,GRAND HAVEN,Pier/Dock,Chinook Salmon,9,Harvest,21
2018,GRAND HAVEN,Pier/Dock,Coho Salmon,9,Catch,51
2018,GRAND HAVEN,Pier/Dock,Coho Salmon,9,Harvest,51
2018,GRAND HAVEN,Pier/Dock,Common White Sucker,9,Catch,0
2018,GRAND HAVEN,Pier/Dock,Common White Sucker,9,Harvest,0
2018,GRAND HAVEN,Pier/Dock,Drum,9,Catch,341
2018,GRAND HAVEN,Pier/Dock,Drum,9,Harvest,0
2018,GRAND HAVEN,Pier/Dock,Lake Herring,9,Catch,0
2018,GRAND HAVEN,Pier/Dock,Lake Herring,9,Harvest,0
2018,GRAND HAVEN,Pier/Dock,Lake Whitefish,9,Catch,0
2018,GRAND HAVEN,Pier/Dock,Lake Whitefish,9,Harvest,0
2018,GRAND HAVEN,Pier/Dock,Largemouth Bass,9,Catch,8
2018,GRAND HAVEN,Pier/Dock,Largemouth Bass,9,Harvest,0
2018,GRAND HAVEN,Pier/Dock,Lean Lake Trout,9,Catch,0
2018,GRAND HAVEN,Pier/Dock,Lean Lake Trout,9,Harvest,0
2018,GRAND HAVEN,Pier/Dock,Musky,9,Catch,0
2018,GRAND HAVEN,Pier/Dock,Musky,9,Harvest,0
2018,GRAND HAVEN,Pier/Dock,Northern Pike,9,Catch,0
2018,GRAND HAVEN,Pier/Dock,Northern Pike,9,Harvest,0
2018,GRAND HAVEN,Pier/Dock,,9,Angler Hours,4023
2018,GRAND HAVEN,Pier/Dock,Other,9,Catch,0
2018,GRAND HAVEN,Pier/Dock,Other,9,Harvest,0
2018,GRAND HAVEN,Pier/Dock,Pink Salmon,9,Catch,0
2018,GRAND HAVEN,Pier/Dock,Pink Salmon,9,Harvest,0
2018,GRAND HAVEN,Pier/Dock,Pumpkinseed,9,Catch,0
2018,GRAND HAVEN,Pier/Dock,Pumpkinseed,9,Harvest,0
2018,GRAND HAVEN,Pier/Dock,Rockbass,9,Catch,0
2018,GRAND HAVEN,Pier/Dock,Rockbass,9,Harvest,0
2018,GRAND HAVEN,Pier/Dock,Round Whitefish,9,Catch,0
2018,GRAND HAVEN,Pier/Dock,Round Whitefish,9,Harvest,0
2018,GRAND HAVEN,Pier/Dock,Smallmouth Bass,9,Catch,0
2018,GRAND HAVEN,Pier/Dock,Smallmouth Bass,9,Harvest,0
2018,GRAND HAVEN,Pier/Dock,Steelhead,9,Catch,0
2018,GRAND HAVEN,Pier/Dock,Steelhead,9,Harvest,0
2018,GRAND HAVEN,Pier/Dock,Walleye,9,Catch,0
2018,GRAND HAVEN,Pier/Dock,Walleye,9,Harvest,0
2018,GRAND HAVEN,Pier/Dock,White Bass,9,Catch,0
2018,GRAND HAVEN,Pier/Dock,White Bass,9,Harvest,0
2018,GRAND HAVEN,Pier/Dock,White Perch,9,Catch,739
2018,GRAND HAVEN,Pier/Dock,White Perch,9,Harvest,652
2018,GRAND HAVEN,Pier/Dock,Yellow Perch,9,Catch,1115
2018,GRAND HAVEN,Pier/Dock,Yellow Perch,9,Harvest,816
2018,GRAND HAVEN,Pier/Dock,Bluegill,10,Catch,0
2018,GRAND HAVEN,Pier/Dock,Bluegill,10,Harvest,0
2018,GRAND HAVEN,Pier/Dock,Brown Trout,10,Catch,0
2018,GRAND HAVEN,Pier/Dock,Brown Trout,10,Harvest,0
2018,GRAND HAVEN,Pier/Dock,Channel Catfish,10,Catch,15
2018,GRAND HAVEN,Pier/Dock,Channel Catfish,10,Harvest,0
2018,GRAND HAVEN,Pier/Dock,Chinook Salmon,10,Catch,0
2018,GRAND HAVEN,Pier/Dock,Chinook Salmon,10,Harvest,0
2018,GRAND HAVEN,Pier/Dock,Coho Salmon,10,Catch,0
2018,GRAND HAVEN,Pier/Dock,Coho Salmon,10,Harvest,0
2018,GRAND HAVEN,Pier/Dock,Common White Sucker,10,Catch,0
2018,GRAND HAVEN,Pier/Dock,Common White Sucker,10,Harvest,0
2018,GRAND HAVEN,Pier/Dock,Drum,10,Catch,0
2018,GRAND HAVEN,Pier/Dock,Drum,10,Harvest,0
2018,GRAND HAVEN,Pier/Dock,Lake Herring,10,Catch,0
2018,GRAND HAVEN,Pier/Dock,Lake Herring,10,Harvest,0
2018,GRAND HAVEN,Pier/Dock,Lake Whitefish,10,Catch,0
2018,GRAND HAVEN,Pier/Dock,Lake Whitefish,10,Harvest,0
2018,GRAND HAVEN,Pier/Dock,Largemouth Bass,10,Catch,0
2018,GRAND HAVEN,Pier/Dock,Largemouth Bass,10,Harvest,0
2018,GRAND HAVEN,Pier/Dock,Lean Lake Trout,10,Catch,0
2018,GRAND HAVEN,Pier/Dock,Lean Lake Trout,10,Harvest,0
2018,GRAND HAVEN,Pier/Dock,Musky,10,Catch,0
2018,GRAND HAVEN,Pier/Dock,Musky,10,Harvest,0
2018,GRAND HAVEN,Pier/Dock,Northern Pike,10,Catch,0
2018,GRAND HAVEN,Pier/Dock,Northern Pike,10,Harvest,0
2018,GRAND HAVEN,Pier/Dock,,10,Angler Hours,531
2018,GRAND HAVEN,Pier/Dock,Other,10,Catch,0
2018,GRAND HAVEN,Pier/Dock,Other,10,Harvest,0
2018,GRAND HAVEN,Pier/Dock,Pink Salmon,10,Catch,0
2018,GRAND HAVEN,Pier/Dock,Pink Salmon,10,Harvest,0
2018,GRAND HAVEN,Pier/Dock,Pumpkinseed,10,Catch,0
2018,GRAND HAVEN,Pier/Dock,Pumpkinseed,10,Harvest,0
2018,GRAND HAVEN,Pier/Dock,Rockbass,10,Catch,0
2018,GRAND HAVEN,Pier/Dock,Rockbass,10,Harvest,0
2018,GRAND HAVEN,Pier/Dock,Round Whitefish,10,Catch,0
2018,GRAND HAVEN,Pier/Dock,Round Whitefish,10,Harvest,0
2018,GRAND HAVEN,Pier/Dock,Smallmouth Bass,10,Catch,0
2018,GRAND HAVEN,Pier/Dock,Smallmouth Bass,10,Harvest,0
2018,GRAND HAVEN,Pier/Dock,Steelhead,10,Catch,7
2018,GRAND HAVEN,Pier/Dock,Steelhead,10,Harvest,0
2018,GRAND HAVEN,Pier/Dock,Walleye,10,Catch,0
2018,GRAND HAVEN,Pier/Dock,Walleye,10,Harvest,0
2018,GRAND HAVEN,Pier/Dock,White Bass,10,Catch,0
2018,GRAND HAVEN,Pier/Dock,White Bass,10,Harvest,0
2018,GRAND HAVEN,Pier/Dock,White Perch,10,Catch,0
2018,GRAND HAVEN,Pier/Dock,White Perch,10,Harvest,0
2018,GRAND HAVEN,Pier/Dock,Yellow Perch,10,Catch,0
2018,GRAND HAVEN,Pier/Dock,Yellow Perch,10,Harvest,0
2019,GRAND HAVEN,Pier/Dock,Atlantic Salmon,4,Catch,0
2019,GRAND HAVEN,Pier/Dock,Atlantic Salmon,4,Harvest,0
2019,GRAND HAVEN,Pier/Dock,Black Crappie,4,Catch,0
2019,GRAND HAVEN,Pier/Dock,Black Crappie,4,Harvest,0
2019,GRAND HAVEN,Pier/Dock,Bluegill,4,Catch,0
2019,GRAND HAVEN,Pier/Dock,Bluegill,4,Harvest,0
2019,GRAND HAVEN,Pier/Dock,Brown Trout,4,Catch,87
2019,GRAND HAVEN,Pier/Dock,Brown Trout,4,Harvest,47
2019,GRAND HAVEN,Pier/Dock,Channel Catfish,4,Catch,45
2019,GRAND HAVEN,Pier/Dock,Channel Catfish,4,Harvest,5
2019,GRAND HAVEN,Pier/Dock,Chinook Salmon,4,Catch,0
2019,GRAND HAVEN,Pier/Dock,Chinook Salmon,4,Harvest,0
2019,GRAND HAVEN,Pier/Dock,Coho Salmon,4,Catch,25
2019,GRAND HAVEN,Pier/Dock,Coho Salmon,4,Harvest,25
2019,GRAND HAVEN,Pier/Dock,Common White Sucker,4,Catch,0
2019,GRAND HAVEN,Pier/Dock,Common White Sucker,4,Harvest,0
2019,GRAND HAVEN,Pier/Dock,Drum,4,Catch,0
2019,GRAND HAVEN,Pier/Dock,Drum,4,Harvest,0
2019,GRAND HAVEN,Pier/Dock,Fat Lake Trout,4,Catch,0
2019,GRAND HAVEN,Pier/Dock,Fat Lake Trout,4,Harvest,0
2019,GRAND HAVEN,Pier/Dock,Lake Herring,4,Catch,0
2019,GRAND HAVEN,Pier/Dock,Lake Herring,4,Harvest,0
2019,GRAND HAVEN,Pier/Dock,Lake Whitefish,4,Catch,22
2019,GRAND HAVEN,Pier/Dock,Lake Whitefish,4,Harvest,22
2019,GRAND HAVEN,Pier/Dock,Largemouth Bass,4,Catch,0
2019,GRAND HAVEN,Pier/Dock,Largemouth Bass,4,Harvest,0
2019,GRAND HAVEN,Pier/Dock,Lean Lake Trout,4,Catch,128
2019,GRAND HAVEN,Pier/Dock,Lean Lake Trout,4,Harvest,88
2019,GRAND HAVEN,Pier/Dock,Northern Pike,4,Catch,17
2019,GRAND HAVEN,Pier/Dock,Northern Pike,4,Harvest,0
2019,GRAND HAVEN,Pier/Dock,,4,Angler Hours,2678
2019,GRAND HAVEN,Pier/Dock,Other,4,Catch,35
2019,GRAND HAVEN,Pier/Dock,Other,4,Harvest,5
2019,GRAND HAVEN,Pier/Dock,Pink Salmon,4,Catch,0
2019,GRAND HAVEN,Pier/Dock,Pink Salmon,4,Harvest,0
2019,GRAND HAVEN,Pier/Dock,Pumpkinseed,4,Catch,0
2019,GRAND HAVEN,Pier/Dock,Pumpkinseed,4,Harvest,0
2019,GRAND HAVEN,Pier/Dock,Rockbass,4,Catch,0
2019,GRAND HAVEN,Pier/Dock,Rockbass,4,Harvest,0
2019,GRAND HAVEN,Pier/Dock,Round Whitefish,4,Catch,35
2019,GRAND HAVEN,Pier/Dock,Round Whitefish,4,Harvest,35
2019,GRAND HAVEN,Pier/Dock,Smallmouth Bass,4,Catch,0
2019,GRAND HAVEN,Pier/Dock,Smallmouth Bass,4,Harvest,0
2019,GRAND HAVEN,Pier/Dock,Steelhead,4,Catch,0
2019,GRAND HAVEN,Pier/Dock,Steelhead,4,Harvest,0
2019,GRAND HAVEN,Pier/Dock,Walleye,4,Catch,0
2019,GRAND HAVEN,Pier/Dock,Walleye,4,Harvest,0
2019,GRAND HAVEN,Pier/Dock,White Bass,4,Catch,0
2019,GRAND HAVEN,Pier/Dock,White Bass,4,Harvest,0
2019,GRAND HAVEN,Pier/Dock,White Perch,4,Catch,11
2019,GRAND HAVEN,Pier/Dock,White Perch,4,Harvest,0
2019,GRAND HAVEN,Pier/Dock,Yellow Perch,4,Catch,17
2019,GRAND HAVEN,Pier/Dock,Yellow Perch,4,Harvest,0
2019,GRAND HAVEN,Pier/Dock,Atlantic Salmon,5,Catch,0
2019,GRAND HAVEN,Pier/Dock,Atlantic Salmon,5,Harvest,0
2019,GRAND HAVEN,Pier/Dock,Black Crappie,5,Catch,0
2019,GRAND HAVEN,Pier/Dock,Black Crappie,5,Harvest,0
2019,GRAND HAVEN,Pier/Dock,Bluegill,5,Catch,0
2019,GRAND HAVEN,Pier/Dock,Bluegill,5,Harvest,0
2019,GRAND HAVEN,Pier/Dock,Brown Trout,5,Catch,26
2019,GRAND HAVEN,Pier/Dock,Brown Trout,5,Harvest,26
2019,GRAND HAVEN,Pier/Dock,Channel Catfish,5,Catch,38
2019,GRAND HAVEN,Pier/Dock,Channel Catfish,5,Harvest,27
2019,GRAND HAVEN,Pier/Dock,Chinook Salmon,5,Catch,0
2019,GRAND HAVEN,Pier/Dock,Chinook Salmon,5,Harvest,0
2019,GRAND HAVEN,Pier/Dock,Coho Salmon,5,Catch,22
2019,GRAND HAVEN,Pier/Dock,Coho Salmon,5,Harvest,22
2019,GRAND HAVEN,Pier/Dock,Common White Sucker,5,Catch,0
2019,GRAND HAVEN,Pier/Dock,Common White Sucker,5,Harvest,0
2019,GRAND HAVEN,Pier/Dock,Drum,5,Catch,335
2019,GRAND HAVEN,Pier/Dock,Drum,5,Harvest,77
2019,GRAND HAVEN,Pier/Dock,Fat Lake Trout,5,Catch,0
2019,GRAND HAVEN,Pier/Dock,Fat Lake Trout,5,Harvest,0
2019,GRAND HAVEN,Pier/Dock,Lake Herring,5,Catch,0
2019,GRAND HAVEN,Pier/Dock,Lake Herring,5,Harvest,0
2019,GRAND HAVEN,Pier/Dock,Lake Whitefish,5,Catch,6
2019,GRAND HAVEN,Pier/Dock,Lake Whitefish,5,Harvest,0
2019,GRAND HAVEN,Pier/Dock,Largemouth Bass,5,Catch,0
2019,GRAND HAVEN,Pier/Dock,Largemouth Bass,5,Harvest,0
2019,GRAND HAVEN,Pier/Dock,Lean Lake Trout,5,Catch,0
2019,GRAND HAVEN,Pier/Dock,Lean Lake Trout,5,Harvest,0
2019,GRAND HAVEN,Pier/Dock,Northern Pike,5,Catch,0
2019,GRAND HAVEN,Pier/Dock,Northern Pike,5,Harvest,0
2019,GRAND HAVEN,Pier/Dock,,5,Angler Hours,2205
2019,GRAND HAVEN,Pier/Dock,Other,5,Catch,62
2019,GRAND HAVEN,Pier/Dock,Other,5,Harvest,57
2019,GRAND HAVEN,Pier/Dock,Pink Salmon,5,Catch,0
2019,GRAND HAVEN,Pier/Dock,Pink Salmon,5,Harvest,0
2019,GRAND HAVEN,Pier/Dock,Pumpkinseed,5,Catch,0
2019,GRAND HAVEN,Pier/Dock,Pumpkinseed,5,Harvest,0
2019,GRAND HAVEN,Pier/Dock,Rockbass,5,Catch,0
2019,GRAND HAVEN,Pier/Dock,Rockbass,5,Harvest,0
2019,GRAND HAVEN,Pier/Dock,Round Whitefish,5,Catch,0
2019,GRAND HAVEN,Pier/Dock,Round Whitefish,5,Harvest,0
2019,GRAND HAVEN,Pier/Dock,Smallmouth Bass,5,Catch,43
2019,GRAND HAVEN,Pier/Dock,Smallmouth Bass,5,Harvest,0
2019,GRAND HAVEN,Pier/Dock,Steelhead,5,Catch,0
2019,GRAND HAVEN,Pier/Dock,Steelhead,5,Harvest,0
2019,GRAND HAVEN,Pier/Dock,Walleye,5,Catch,0
2019,GRAND HAVEN,Pier/Dock,Walleye,5,Harvest,0
2019,GRAND HAVEN,Pier/Dock,White Bass,5,Catch,0
2019,GRAND HAVEN,Pier/Dock,White Bass,5,Harvest,0
2019,GRAND HAVEN,Pier/Dock,White Perch,5,Catch,44
2019,GRAND HAVEN,Pier/Dock,White Perch,5,Harvest,44
2019,GRAND HAVEN,Pier/Dock,Yellow Perch,5,Catch,0
2019,GRAND HAVEN,Pier/Dock,Yellow Perch,5,Harvest,0
2019,GRAND HAVEN,Pier/Dock,Atlantic Salmon,6,Catch,0
2019,GRAND HAVEN,Pier/Dock,Atlantic Salmon,6,Harvest,0
2019,GRAND HAVEN,Pier/Dock,Black Crappie,6,Catch,0
2019,GRAND HAVEN,Pier/Dock,Black Crappie,6,Harvest,0
2019,GRAND HAVEN,Pier/Dock,Bluegill,6,Catch,0
2019,GRAND HAVEN,Pier/Dock,Bluegill,6,Harvest,0
2019,GRAND HAVEN,Pier/Dock,Brown Trout,6,Catch,0
2019,GRAND HAVEN,Pier/Dock,Brown Trout,6,Harvest,0
2019,GRAND HAVEN,Pier/Dock,Channel Catfish,6,Catch,177
2019,GRAND HAVEN,Pier/Dock,Channel Catfish,6,Harvest,45
2019,GRAND HAVEN,Pier/Dock,Chinook Salmon,6,Catch,0
2019,GRAND HAVEN,Pier/Dock,Chinook Salmon,6,Harvest,0
2019,GRAND HAVEN,Pier/Dock,Coho Salmon,6,Catch,0
2019,GRAND HAVEN,Pier/Dock,Coho Salmon,6,Harvest,0
2019,GRAND HAVEN,Pier/Dock,Common White Sucker,6,Catch,0
2019,GRAND HAVEN,Pier/Dock,Common White Sucker,6,Harvest,0
2019,GRAND HAVEN,Pier/Dock,Drum,6,Catch,717
2019,GRAND HAVEN,Pier/Dock,Drum,6,Harvest,8
2019,GRAND HAVEN,Pier/Dock,Fat Lake Trout,6,Catch,0
2019,GRAND HAVEN,Pier/Dock,Fat Lake Trout,6,Harvest,0
2019,GRAND HAVEN,Pier/Dock,Lake Herring,6,Catch,0
2019,GRAND HAVEN,Pier/Dock,Lake Herring,6,Harvest,0
2019,GRAND HAVEN,Pier/Dock,Lake Whitefish,6,Catch,0
2019,GRAND HAVEN,Pier/Dock,Lake Whitefish,6,Harvest,0
2019,GRAND HAVEN,Pier/Dock,Largemouth Bass,6,Catch,64
2019,GRAND HAVEN,Pier/Dock,Largemouth Bass,6,Harvest,0
2019,GRAND HAVEN,Pier/Dock,Lean Lake Trout,6,Catch,0
2019,GRAND HAVEN,Pier/Dock,Lean Lake Trout,6,Harvest,0
2019,GRAND HAVEN,Pier/Dock,Northern Pike,6,Catch,0
2019,GRAND HAVEN,Pier/Dock,Northern Pike,6,Harvest,0
2019,GRAND HAVEN,Pier/Dock,,6,Angler Hours,4728
2019,GRAND HAVEN,Pier/Dock,Other,6,Catch,0
2019,GRAND HAVEN,Pier/Dock,Other,6,Harvest,0
2019,GRAND HAVEN,Pier/Dock,Pink Salmon,6,Catch,0
2019,GRAND HAVEN,Pier/Dock,Pink Salmon,6,Harvest,0
2019,GRAND HAVEN,Pier/Dock,Pumpkinseed,6,Catch,0
2019,GRAND HAVEN,Pier/Dock,Pumpkinseed,6,Harvest,0
2019,GRAND HAVEN,Pier/Dock,Rockbass,6,Catch,0
2019,GRAND HAVEN,Pier/Dock,Rockbass,6,Harvest,0
2019,GRAND HAVEN,Pier/Dock,Round Whitefish,6,Catch,0
2019,GRAND HAVEN,Pier/Dock,Round Whitefish,6,Harvest,0
2019,GRAND HAVEN,Pier/Dock,Smallmouth Bass,6,Catch,0
2019,GRAND HAVEN,Pier/Dock,Smallmouth Bass,6,Harvest,0
2019,GRAND HAVEN,Pier/Dock,Steelhead,6,Catch,433
2019,GRAND HAVEN,Pier/Dock,Steelhead,6,Harvest,340
2019,GRAND HAVEN,Pier/Dock,Walleye,6,Catch,0
2019,GRAND HAVEN,Pier/Dock,Walleye,6,Harvest,0
2019,GRAND HAVEN,Pier/Dock,White Bass,6,Catch,28
2019,GRAND HAVEN,Pier/Dock,White Bass,6,Harvest,0
2019,GRAND HAVEN,Pier/Dock,White Perch,6,Catch,11
2019,GRAND HAVEN,Pier/Dock,White Perch,6,Harvest,0
2019,GRAND HAVEN,Pier/Dock,Yellow Perch,6,Catch,0
2019,GRAND HAVEN,Pier/Dock,Yellow Perch,6,Harvest,0
2019,GRAND HAVEN,Pier/Dock,Atlantic Salmon,7,Catch,0
2019,GRAND HAVEN,Pier/Dock,Atlantic Salmon,7,Harvest,0
2019,GRAND HAVEN,Pier/Dock,Black Crappie,7,Catch,0
2019,GRAND HAVEN,Pier/Dock,Black Crappie,7,Harvest,0
2019,GRAND HAVEN,Pier/Dock,Bluegill,7,Catch,35
2019,GRAND HAVEN,Pier/Dock,Bluegill,7,Harvest,27
2019,GRAND HAVEN,Pier/Dock,Brown Trout,7,Catch,0
2019,GRAND HAVEN,Pier/Dock,Brown Trout,7,Harvest,0
2019,GRAND HAVEN,Pier/Dock,Channel Catfish,7,Catch,80
2019,GRAND HAVEN,Pier/Dock,Channel Catfish,7,Harvest,0
2019,GRAND HAVEN,Pier/Dock,Chinook Salmon,7,Catch,0
2019,GRAND HAVEN,Pier/Dock,Chinook Salmon,7,Harvest,0
2019,GRAND HAVEN,Pier/Dock,Coho Salmon,7,Catch,0
2019,GRAND HAVEN,Pier/Dock,Coho Salmon,7,Harvest,0
2019,GRAND HAVEN,Pier/Dock,Common White Sucker,7,Catch,0
2019,GRAND HAVEN,Pier/Dock,Common White Sucker,7,Harvest,0
2019,GRAND HAVEN,Pier/Dock,Drum,7,Catch,272
2019,GRAND HAVEN,Pier/Dock,Drum,7,Harvest,0
2019,GRAND HAVEN,Pier/Dock,Fat Lake Trout,7,Catch,0
2019,GRAND HAVEN,Pier/Dock,Fat Lake Trout,7,Harvest,0
2019,GRAND HAVEN,Pier/Dock,Lake Herring,7,Catch,0
2019,GRAND HAVEN,Pier/Dock,Lake Herring,7,Harvest,0
2019,GRAND HAVEN,Pier/Dock,Lake Whitefish,7,Catch,0
2019,GRAND HAVEN,Pier/Dock,Lake Whitefish,7,Harvest,0
2019,GRAND HAVEN,Pier/Dock,Largemouth Bass,7,Catch,105
2019,GRAND HAVEN,Pier/Dock,Largemouth Bass,7,Harvest,15
2019,GRAND HAVEN,Pier/Dock,Lean Lake Trout,7,Catch,0
2019,GRAND HAVEN,Pier/Dock,Lean Lake Trout,7,Harvest,0
2019,GRAND HAVEN,Pier/Dock,Northern Pike,7,Catch,0
2019,GRAND HAVEN,Pier/Dock,Northern Pike,7,Harvest,0
2019,GRAND HAVEN,Pier/Dock,,7,Angler Hours,3545
2019,GRAND HAVEN,Pier/Dock,Other,7,Catch,18
2019,GRAND HAVEN,Pier/Dock,Other,7,Harvest,11
2019,GRAND HAVEN,Pier/Dock,Pink Salmon,7,Catch,0
2019,GRAND HAVEN,Pier/Dock,Pink Salmon,7,Harvest,0
2019,GRAND HAVEN,Pier/Dock,Pumpkinseed,7,Catch,0
2019,GRAND HAVEN,Pier/Dock,Pumpkinseed,7,Harvest,0
2019,GRAND HAVEN,Pier/Dock,Rockbass,7,Catch,0
2019,GRAND HAVEN,Pier/Dock,Rockbass,7,Harvest,0
2019,GRAND HAVEN,Pier/Dock,Round Whitefish,7,Catch,0
2019,GRAND HAVEN,Pier/Dock,Round Whitefish,7,Harvest,0
2019,GRAND HAVEN,Pier/Dock,Smallmouth Bass,7,Catch,0
2019,GRAND HAVEN,Pier/Dock,Smallmouth Bass,7,Harvest,0
2019,GRAND HAVEN,Pier/Dock,Steelhead,7,Catch,132
2019,GRAND HAVEN,Pier/Dock,Steelhead,7,Harvest,117
2019,GRAND HAVEN,Pier/Dock,Walleye,7,Catch,21
2019,GRAND HAVEN,Pier/Dock,Walleye,7,Harvest,21
2019,GRAND HAVEN,Pier/Dock,White Bass,7,Catch,215
2019,GRAND HAVEN,Pier/Dock,White Bass,7,Harvest,0
2019,GRAND HAVEN,Pier/Dock,White Perch,7,Catch,9
2019,GRAND HAVEN,Pier/Dock,White Perch,7,Harvest,8
2019,GRAND HAVEN,Pier/Dock,Yellow Perch,7,Catch,24
2019,GRAND HAVEN,Pier/Dock,Yellow Perch,7,Harvest,12
2019,GRAND HAVEN,Pier/Dock,Atlantic Salmon,8,Catch,0
2019,GRAND HAVEN,Pier/Dock,Atlantic Salmon,8,Harvest,0
2019,GRAND HAVEN,Pier/Dock,Black Crappie,8,Catch,0
2019,GRAND HAVEN,Pier/Dock,Black Crappie,8,Harvest,0
2019,GRAND HAVEN,Pier/Dock,Bluegill,8,Catch,122
2019,GRAND HAVEN,Pier/Dock,Bluegill,8,Harvest,116
2019,GRAND HAVEN,Pier/Dock,Brown Trout,8,Catch,0
2019,GRAND HAVEN,Pier/Dock,Brown Trout,8,Harvest,0
2019,GRAND HAVEN,Pier/Dock,Channel Catfish,8,Catch,6
2019,GRAND HAVEN,Pier/Dock,Channel Catfish,8,Harvest,6
2019,GRAND HAVEN,Pier/Dock,Chinook Salmon,8,Catch,0
2019,GRAND HAVEN,Pier/Dock,Chinook Salmon,8,Harvest,0
2019,GRAND HAVEN,Pier/Dock,Coho Salmon,8,Catch,0
2019,GRAND HAVEN,Pier/Dock,Coho Salmon,8,Harvest,0
2019,GRAND HAVEN,Pier/Dock,Common White Sucker,8,Catch,0
2019,GRAND HAVEN,Pier/Dock,Common White Sucker,8,Harvest,0
2019,GRAND HAVEN,Pier/Dock,Drum,8,Catch,835
2019,GRAND HAVEN,Pier/Dock,Drum,8,Harvest,0
2019,GRAND HAVEN,Pier/Dock,Fat Lake Trout,8,Catch,0
2019,GRAND HAVEN,Pier/Dock,Fat Lake Trout,8,Harvest,0
2019,GRAND HAVEN,Pier/Dock,Lake Herring,8,Catch,0
2019,GRAND HAVEN,Pier/Dock,Lake Herring,8,Harvest,0
2019,GRAND HAVEN,Pier/Dock,Lake Whitefish,8,Catch,0
2019,GRAND HAVEN,Pier/Dock,Lake Whitefish,8,Harvest,0
2019,GRAND HAVEN,Pier/Dock,Largemouth Bass,8,Catch,346
2019,GRAND HAVEN,Pier/Dock,Largemouth Bass,8,Harvest,70
2019,GRAND HAVEN,Pier/Dock,Lean Lake Trout,8,Catch,0
2019,GRAND HAVEN,Pier/Dock,Lean Lake Trout,8,Harvest,0
2019,GRAND HAVEN,Pier/Dock,Northern Pike,8,Catch,0
2019,GRAND HAVEN,Pier/Dock,Northern Pike,8,Harvest,0
2019,GRAND HAVEN,Pier/Dock,,8,Angler Hours,2105
2019,GRAND HAVEN,Pier/Dock,Other,8,Catch,0
2019,GRAND HAVEN,Pier/Dock,Other,8,Harvest,0
2019,GRAND HAVEN,Pier/Dock,Pink Salmon,8,Catch,0
2019,GRAND HAVEN,Pier/Dock,Pink Salmon,8,Harvest,0
2019,GRAND HAVEN,Pier/Dock,Pumpkinseed,8,Catch,0
2019,GRAND HAVEN,Pier/Dock,Pumpkinseed,8,Harvest,0
2019,GRAND HAVEN,Pier/Dock,Rockbass,8,Catch,23
2019,GRAND HAVEN,Pier/Dock,Rockbass,8,Harvest,0
2019,GRAND HAVEN,Pier/Dock,Round Whitefish,8,Catch,0
2019,GRAND HAVEN,Pier/Dock,Round Whitefish,8,Harvest,0
2019,GRAND HAVEN,Pier/Dock,Smallmouth Bass,8,Catch,31
2019,GRAND HAVEN,Pier/Dock,Smallmouth Bass,8,Harvest,14
2019,GRAND HAVEN,Pier/Dock,Steelhead,8,Catch,0
2019,GRAND HAVEN,Pier/Dock,Steelhead,8,Harvest,0
2019,GRAND HAVEN,Pier/Dock,Walleye,8,Catch,0
2019,GRAND HAVEN,Pier/Dock,Walleye,8,Harvest,0
2019,GRAND HAVEN,Pier/Dock,White Bass,8,Catch,0
2019,GRAND HAVEN,Pier/Dock,White Bass,8,Harvest,0
2019,GRAND HAVEN,Pier/Dock,White Perch,8,Catch,0
2019,GRAND HAVEN,Pier/Dock,White Perch,8,Harvest,0
2019,GRAND HAVEN,Pier/Dock,Yellow Perch,8,Catch,0
2019,GRAND HAVEN,Pier/Dock,Yellow Perch,8,Harvest,0
2019,GRAND HAVEN,Pier/Dock,Atlantic Salmon,9,Catch,0
2019,GRAND HAVEN,Pier/Dock,Atlantic Salmon,9,Harvest,0
2019,GRAND HAVEN,Pier/Dock,Black Crappie,9,Catch,0
2019,GRAND HAVEN,Pier/Dock,Black Crappie,9,Harvest,0
2019,GRAND HAVEN,Pier/Dock,Bluegill,9,Catch,0
2019,GRAND HAVEN,Pier/Dock,Bluegill,9,Harvest,0
2019,GRAND HAVEN,Pier/Dock,Brown Trout,9,Catch,0
2019,GRAND HAVEN,Pier/Dock,Brown Trout,9,Harvest,0
2019,GRAND HAVEN,Pier/Dock,Channel Catfish,9,Catch,50
2019,GRAND HAVEN,Pier/Dock,Channel Catfish,9,Harvest,0
2019,GRAND HAVEN,Pier/Dock,Chinook Salmon,9,Catch,0
2019,GRAND HAVEN,Pier/Dock,Chinook Salmon,9,Harvest,0
2019,GRAND HAVEN,Pier/Dock,Coho Salmon,9,Catch,414
2019,GRAND HAVEN,Pier/Dock,Coho Salmon,9,Harvest,313
2019,GRAND HAVEN,Pier/Dock,Common White Sucker,9,Catch,0
2019,GRAND HAVEN,Pier/Dock,Common White Sucker,9,Harvest,0
2019,GRAND HAVEN,Pier/Dock,Drum,9,Catch,50
2019,GRAND HAVEN,Pier/Dock,Drum,9,Harvest,0
2019,GRAND HAVEN,Pier/Dock,Fat Lake Trout,9,Catch,0
2019,GRAND HAVEN,Pier/Dock,Fat Lake Trout,9,Harvest,0
2019,GRAND HAVEN,Pier/Dock,Lake Herring,9,Catch,0
2019,GRAND HAVEN,Pier/Dock,Lake Herring,9,Harvest,0
2019,GRAND HAVEN,Pier/Dock,Lake Whitefish,9,Catch,0
2019,GRAND HAVEN,Pier/Dock,Lake Whitefish,9,Harvest,0
2019,GRAND HAVEN,Pier/Dock,Largemouth Bass,9,Catch,0
2019,GRAND HAVEN,Pier/Dock,Largemouth Bass,9,Harvest,0
2019,GRAND HAVEN,Pier/Dock,Lean Lake Trout,9,Catch,10
2019,GRAND HAVEN,Pier/Dock,Lean Lake Trout,9,Harvest,10
2019,GRAND HAVEN,Pier/Dock,Northern Pike,9,Catch,0
2019,GRAND HAVEN,Pier/Dock,Northern Pike,9,Harvest,0
2019,GRAND HAVEN,Pier/Dock,,9,Angler Hours,1947
2019,GRAND HAVEN,Pier/Dock,Other,9,Catch,0
2019,GRAND HAVEN,Pier/Dock,Other,9,Harvest,0
2019,GRAND HAVEN,Pier/Dock,Pink Salmon,9,Catch,0
2019,GRAND HAVEN,Pier/Dock,Pink Salmon,9,Harvest,0
2019,GRAND HAVEN,Pier/Dock,Pumpkinseed,9,Catch,0
2019,GRAND HAVEN,Pier/Dock,Pumpkinseed,9,Harvest,0
2019,GRAND HAVEN,Pier/Dock,Rockbass,9,Catch,0
2019,GRAND HAVEN,Pier/Dock,Rockbass,9,Harvest,0
2019,GRAND HAVEN,Pier/Dock,Round Whitefish,9,Catch,0
2019,GRAND HAVEN,Pier/Dock,Round Whitefish,9,Harvest,0
2019,GRAND HAVEN,Pier/Dock,Smallmouth Bass,9,Catch,0
2019,GRAND HAVEN,Pier/Dock,Smallmouth Bass,9,Harvest,0
2019,GRAND HAVEN,Pier/Dock,Steelhead,9,Catch,10
2019,GRAND HAVEN,Pier/Dock,Steelhead,9,Harvest,0
2019,GRAND HAVEN,Pier/Dock,Walleye,9,Catch,9
2019,GRAND HAVEN,Pier/Dock,Walleye,9,Harvest,9
2019,GRAND HAVEN,Pier/Dock,White Bass,9,Catch,0
2019,GRAND HAVEN,Pier/Dock,White Bass,9,Harvest,0
2019,GRAND HAVEN,Pier/Dock,White Perch,9,Catch,65
2019,GRAND HAVEN,Pier/Dock,White Perch,9,Harvest,2
2019,GRAND HAVEN,Pier/Dock,Yellow Perch,9,Catch,0
2019,GRAND HAVEN,Pier/Dock,Yellow Perch,9,Harvest,0
2019,GRAND HAVEN,Pier/Dock,Atlantic Salmon,10,Catch,0
2019,GRAND HAVEN,Pier/Dock,Atlantic Salmon,10,Harvest,0
2019,GRAND HAVEN,Pier/Dock,Black Crappie,10,Catch,0
2019,GRAND HAVEN,Pier/Dock,Black Crappie,10,Harvest,0
2019,GRAND HAVEN,Pier/Dock,Bluegill,10,Catch,0
2019,GRAND HAVEN,Pier/Dock,Bluegill,10,Harvest,0
2019,GRAND HAVEN,Pier/Dock,Brown Trout,10,Catch,0
2019,GRAND HAVEN,Pier/Dock,Brown Trout,10,Harvest,0
2019,GRAND HAVEN,Pier/Dock,Channel Catfish,10,Catch,17
2019,GRAND HAVEN,Pier/Dock,Channel Catfish,10,Harvest,0
2019,GRAND HAVEN,Pier/Dock,Chinook Salmon,10,Catch,0
2019,GRAND HAVEN,Pier/Dock,Chinook Salmon,10,Harvest,0
2019,GRAND HAVEN,Pier/Dock,Coho Salmon,10,Catch,1
2019,GRAND HAVEN,Pier/Dock,Coho Salmon,10,Harvest,0
2019,GRAND HAVEN,Pier/Dock,Common White Sucker,10,Catch,0
2019,GRAND HAVEN,Pier/Dock,Common White Sucker,10,Harvest,0
2019,GRAND HAVEN,Pier/Dock,Drum,10,Catch,0
2019,GRAND HAVEN,Pier/Dock,Drum,10,Harvest,0
2019,GRAND HAVEN,Pier/Dock,Fat Lake Trout,10,Catch,0
2019,GRAND HAVEN,Pier/Dock,Fat Lake Trout,10,Harvest,0
2019,GRAND HAVEN,Pier/Dock,Lake Herring,10,Catch,0
2019,GRAND HAVEN,Pier/Dock,Lake Herring,10,Harvest,0
2019,GRAND HAVEN,Pier/Dock,Lake Whitefish,10,Catch,0
2019,GRAND HAVEN,Pier/Dock,Lake Whitefish,10,Harvest,0
2019,GRAND HAVEN,Pier/Dock,Largemouth Bass,10,Catch,0
2019,GRAND HAVEN,Pier/Dock,Largemouth Bass,10,Harvest,0
2019,GRAND HAVEN,Pier/Dock,Lean Lake Trout,10,Catch,17
2019,GRAND HAVEN,Pier/Dock,Lean Lake Trout,10,Harvest,0
2019,GRAND HAVEN,Pier/Dock,Northern Pike,10,Catch,17
2019,GRAND HAVEN,Pier/Dock,Northern Pike,10,Harvest,17
2019,GRAND HAVEN,Pier/Dock,,10,Angler Hours,476
2019,GRAND HAVEN,Pier/Dock,Other,10,Catch,0
2019,GRAND HAVEN,Pier/Dock,Other,10,Harvest,0
2019,GRAND HAVEN,Pier/Dock,Pink Salmon,10,Catch,0
2019,GRAND HAVEN,Pier/Dock,Pink Salmon,10,Harvest,0
2019,GRAND HAVEN,Pier/Dock,Pumpkinseed,10,Catch,0
2019,GRAND HAVEN,Pier/Dock,Pumpkinseed,10,Harvest,0
2019,GRAND HAVEN,Pier/Dock,Rockbass,10,Catch,0
2019,GRAND HAVEN,Pier/Dock,Rockbass,10,Harvest,0
2019,GRAND HAVEN,Pier/Dock,Round Whitefish,10,Catch,0
2019,GRAND HAVEN,Pier/Dock,Round Whitefish,10,Harvest,0
2019,GRAND HAVEN,Pier/Dock,Smallmouth Bass,10,Catch,0
2019,GRAND HAVEN,Pier/Dock,Smallmouth Bass,10,Harvest,0
2019,GRAND HAVEN,Pier/Dock,Steelhead,10,Catch,1
2019,GRAND HAVEN,Pier/Dock,Steelhead,10,Harvest,1
2019,GRAND HAVEN,Pier/Dock,Walleye,10,Catch,0
2019,GRAND HAVEN,Pier/Dock,Walleye,10,Harvest,0
2019,GRAND HAVEN,Pier/Dock,White Bass,10,Catch,0
2019,GRAND HAVEN,Pier/Dock,White Bass,10,Harvest,0
2019,GRAND HAVEN,Pier/Dock,White Perch,10,Catch,0
2019,GRAND HAVEN,Pier/Dock,White Perch,10,Harvest,0
2019,GRAND HAVEN,Pier/Dock,Yellow Perch,10,Catch,0
2019,GRAND HAVEN,Pier/Dock,Yellow Perch,10,Harvest,0
2019,GRAND HAVEN,Pier/Dock,Lake Whitefish,11,Catch,3714
2019,GRAND HAVEN,Pier/Dock,Lake Whitefish,11,Harvest,1566
2019,GRAND HAVEN,Pier/Dock,Lean Lake Trout,11,Catch,16
2019,GRAND HAVEN,Pier/Dock,Lean Lake Trout,11,Harvest,16
2019,GRAND HAVEN,Pier/Dock,,11,Angler Hours,4305
2019,GRAND HAVEN,Pier/Dock,Round Whitefish,11,Catch,49
2019,GRAND HAVEN,Pier/Dock,Round Whitefish,11,Harvest,49
2019,GRAND HAVEN,Pier/Dock,Steelhead,11,Catch,78
2019,GRAND HAVEN,Pier/Dock,Steelhead,11,Harvest,33
2020,GRAND HAVEN,Pier/Dock,Bluegill,11,Catch,0
2020,GRAND HAVEN,Pier/Dock,Bluegill,11,Harvest,0
2020,GRAND HAVEN,Pier/Dock,Brown Trout,11,Catch,0
2020,GRAND HAVEN,Pier/Dock,Brown Trout,11,Harvest,0
2020,GRAND HAVEN,Pier/Dock,Carp,11,Catch,0
2020,GRAND HAVEN,Pier/Dock,Carp,11,Harvest,0
2020,GRAND HAVEN,Pier/Dock,Channel Catfish,11,Catch,0
2020,GRAND HAVEN,Pier/Dock,Channel Catfish,11,Harvest,0
2020,GRAND HAVEN,Pier/Dock,Chinook Salmon,11,Catch,0
2020,GRAND HAVEN,Pier/Dock,Chinook Salmon,11,Harvest,0
2020,GRAND HAVEN,Pier/Dock,Coho Salmon,11,Catch,0
2020,GRAND HAVEN,Pier/Dock,Coho Salmon,11,Harvest,0
2020,GRAND HAVEN,Pier/Dock,Common White Sucker,11,Catch,0
2020,GRAND HAVEN,Pier/Dock,Common White Sucker,11,Harvest,0
2020,GRAND HAVEN,Pier/Dock,Drum,11,Catch,0
2020,GRAND HAVEN,Pier/Dock,Drum,11,Harvest,0
2020,GRAND HAVEN,Pier/Dock,Lake Herring,11,Catch,0
2020,GRAND HAVEN,Pier/Dock,Lake Herring,11,Harvest,0
2020,GRAND HAVEN,Pier/Dock,Lake Whitefish,11,Catch,706
2020,GRAND HAVEN,Pier/Dock,Lake Whitefish,11,Harvest,705
2020,GRAND HAVEN,Pier/Dock,Largemouth Bass,11,Catch,0
2020,GRAND HAVEN,Pier/Dock,Largemouth Bass,11,Harvest,0
2020,GRAND HAVEN,Pier/Dock,Lean Lake Trout,11,Catch,0
2020,GRAND HAVEN,Pier/Dock,Lean Lake Trout,11,Harvest,0
2020,GRAND HAVEN,Pier/Dock,Northern Pike,11,Catch,0
2020,GRAND HAVEN,Pier/Dock,Northern Pike,11,Harvest,0
2020,GRAND HAVEN,Pier/Dock,,11,Angler Hours,2718
2020,GRAND HAVEN,Pier/Dock,,11,Catch,0
2020,GRAND HAVEN,Pier/Dock,,11,Harvest,0
2020,GRAND HAVEN,Pier/Dock,Other,11,Catch,0
2020,GRAND HAVEN,Pier/Dock,Other,11,Harvest,0
2020,GRAND HAVEN,Pier/Dock,Pink Salmon,11,Catch,0
2020,GRAND HAVEN,Pier/Dock,Pink Salmon,11,Harvest,0
2020,GRAND HAVEN,Pier/Dock,Pumpkinseed,11,Catch,0
2020,GRAND HAVEN,Pier/Dock,Pumpkinseed,11,Harvest,0
2020,GRAND HAVEN,Pier/Dock,Rockbass,11,Catch,0
2020,GRAND HAVEN,Pier/Dock,Rockbass,11,Harvest,0
2020,GRAND HAVEN,Pier/Dock,Round Whitefish,11,Catch,0
2020,GRAND HAVEN,Pier/Dock,Round Whitefish,11,Harvest,0
2020,GRAND HAVEN,Pier/Dock,Smallmouth Bass,11,Catch,0
2020,GRAND HAVEN,Pier/Dock,Smallmouth Bass,11,Harvest,0
2020,GRAND HAVEN,Pier/Dock,Smelt,11,Catch,0
2020,GRAND HAVEN,Pier/Dock,Smelt,11,Harvest,0
2020,GRAND HAVEN,Pier/Dock,Steelhead,11,Catch,134
2020,GRAND HAVEN,Pier/Dock,Steelhead,11,Harvest,46
2020,GRAND HAVEN,Pier/Dock,Walleye,11,Catch,0
2020,GRAND HAVEN,Pier/Dock,Walleye,11,Harvest,0
2020,GRAND HAVEN,Pier/Dock,White Bass,11,Catch,0
2020,GRAND HAVEN,Pier/Dock,White Bass,11,Harvest,0
2020,GRAND HAVEN,Pier/Dock,White Perch,11,Catch,0
2020,GRAND HAVEN,Pier/Dock,White Perch,11,Harvest,0
2020,GRAND HAVEN,Pier/Dock,Yellow Perch,11,Catch,0
2020,GRAND HAVEN,Pier/Dock,Yellow Perch,11,Harvest,0
2021,GRAND HAVEN,Pier/Dock,Black Crappie,4,Catch,0
2021,GRAND HAVEN,Pier/Dock,Black Crappie,4,Harvest,0
2021,GRAND HAVEN,Pier/Dock,Bluegill,4,Catch,0
2021,GRAND HAVEN,Pier/Dock,Bluegill,4,Harvest,0
2021,GRAND HAVEN,Pier/Dock,Brook Trout,4,Catch,0
2021,GRAND HAVEN,Pier/Dock,Brook Trout,4,Harvest,0
2021,GRAND HAVEN,Pier/Dock,Brown Trout,4,Catch,52
2021,GRAND HAVEN,Pier/Dock,Brown Trout,4,Harvest,30
2021,GRAND HAVEN,Pier/Dock,Channel Catfish,4,Catch,12
2021,GRAND HAVEN,Pier/Dock,Channel Catfish,4,Harvest,0
2021,GRAND HAVEN,Pier/Dock,Chinook Salmon,4,Catch,26
2021,GRAND HAVEN,Pier/Dock,Chinook Salmon,4,Harvest,0
2021,GRAND HAVEN,Pier/Dock,Coho Salmon,4,Catch,50
2021,GRAND HAVEN,Pier/Dock,Coho Salmon,4,Harvest,40
2021,GRAND HAVEN,Pier/Dock,Common White Sucker,4,Catch,0
2021,GRAND HAVEN,Pier/Dock,Common White Sucker,4,Harvest,0
2021,GRAND HAVEN,Pier/Dock,Drum,4,Catch,10
2021,GRAND HAVEN,Pier/Dock,Drum,4,Harvest,0
2021,GRAND HAVEN,Pier/Dock,Lake Herring,4,Catch,0
2021,GRAND HAVEN,Pier/Dock,Lake Herring,4,Harvest,0
2021,GRAND HAVEN,Pier/Dock,Lake Whitefish,4,Catch,6
2021,GRAND HAVEN,Pier/Dock,Lake Whitefish,4,Harvest,0
2021,GRAND HAVEN,Pier/Dock,Largemouth Bass,4,Catch,0
2021,GRAND HAVEN,Pier/Dock,Largemouth Bass,4,Harvest,0
2021,GRAND HAVEN,Pier/Dock,Lean Lake Trout,4,Catch,0
2021,GRAND HAVEN,Pier/Dock,Lean Lake Trout,4,Harvest,0
2021,GRAND HAVEN,Pier/Dock,Musky,4,Catch,0
2021,GRAND HAVEN,Pier/Dock,Musky,4,Harvest,0
2021,GRAND HAVEN,Pier/Dock,Northern Pike,4,Catch,0
2021,GRAND HAVEN,Pier/Dock,Northern Pike,4,Harvest,0
2021,GRAND HAVEN,Pier/Dock,,4,Angler Hours,2068
2021,GRAND HAVEN,Pier/Dock,Other,4,Catch,0
2021,GRAND HAVEN,Pier/Dock,Other,4,Harvest,0
2021,GRAND HAVEN,Pier/Dock,Pink Salmon,4,Catch,0
2021,GRAND HAVEN,Pier/Dock,Pink Salmon,4,Harvest,0
2021,GRAND HAVEN,Pier/Dock,Pumpkinseed,4,Catch,0
2021,GRAND HAVEN,Pier/Dock,Pumpkinseed,4,Harvest,0
2021,GRAND HAVEN,Pier/Dock,Rockbass,4,Catch,0
2021,GRAND HAVEN,Pier/Dock,Rockbass,4,Harvest,0
2021,GRAND HAVEN,Pier/Dock,Round Whitefish,4,Catch,145
2021,GRAND HAVEN,Pier/Dock,Round Whitefish,4,Harvest,145
2021,GRAND HAVEN,Pier/Dock,Smallmouth Bass,4,Catch,10
2021,GRAND HAVEN,Pier/Dock,Smallmouth Bass,4,Harvest,0
2021,GRAND HAVEN,Pier/Dock,Smelt,4,Catch,0
2021,GRAND HAVEN,Pier/Dock,Smelt,4,Harvest,0
2021,GRAND HAVEN,Pier/Dock,Steelhead,4,Catch,19
2021,GRAND HAVEN,Pier/Dock,Steelhead,4,Harvest,19
2021,GRAND HAVEN,Pier/Dock,Walleye,4,Catch,0
2021,GRAND HAVEN,Pier/Dock,Walleye,4,Harvest,0
2021,GRAND HAVEN,Pier/Dock,White Bass,4,Catch,0
2021,GRAND HAVEN,Pier/Dock,White Bass,4,Harvest,0
2021,GRAND HAVEN,Pier/Dock,White Perch,4,Catch,0
2021,GRAND HAVEN,Pier/Dock,White Perch,4,Harvest,0
2021,GRAND HAVEN,Pier/Dock,Yellow Perch,4,Catch,377
2021,GRAND HAVEN,Pier/Dock,Yellow Perch,4,Harvest,317
2021,GRAND HAVEN,Pier/Dock,Black Crappie,5,Catch,0
2021,GRAND HAVEN,Pier/Dock,Black Crappie,5,Harvest,0
2021,GRAND HAVEN,Pier/Dock,Bluegill,5,Catch,0
2021,GRAND HAVEN,Pier/Dock,Bluegill,5,Harvest,0
2021,GRAND HAVEN,Pier/Dock,Brook Trout,5,Catch,0
2021,GRAND HAVEN,Pier/Dock,Brook Trout,5,Harvest,0
2021,GRAND HAVEN,Pier/Dock,Brown Trout,5,Catch,35
2021,GRAND HAVEN,Pier/Dock,Brown Trout,5,Harvest,35
2021,GRAND HAVEN,Pier/Dock,Channel Catfish,5,Catch,53
2021,GRAND HAVEN,Pier/Dock,Channel Catfish,5,Harvest,0
2021,GRAND HAVEN,Pier/Dock,Chinook Salmon,5,Catch,0
2021,GRAND HAVEN,Pier/Dock,Chinook Salmon,5,Harvest,0
2021,GRAND HAVEN,Pier/Dock,Coho Salmon,5,Catch,65
2021,GRAND HAVEN,Pier/Dock,Coho Salmon,5,Harvest,32
2021,GRAND HAVEN,Pier/Dock,Common White Sucker,5,Catch,0
2021,GRAND HAVEN,Pier/Dock,Common White Sucker,5,Harvest,0
2021,GRAND HAVEN,Pier/Dock,Drum,5,Catch,106
2021,GRAND HAVEN,Pier/Dock,Drum,5,Harvest,0
2021,GRAND HAVEN,Pier/Dock,Lake Herring,5,Catch,0
2021,GRAND HAVEN,Pier/Dock,Lake Herring,5,Harvest,0
2021,GRAND HAVEN,Pier/Dock,Lake Whitefish,5,Catch,0
2021,GRAND HAVEN,Pier/Dock,Lake Whitefish,5,Harvest,0
2021,GRAND HAVEN,Pier/Dock,Largemouth Bass,5,Catch,0
2021,GRAND HAVEN,Pier/Dock,Largemouth Bass,5,Harvest,0
2021,GRAND HAVEN,Pier/Dock,Lean Lake Trout,5,Catch,0
2021,GRAND HAVEN,Pier/Dock,Lean Lake Trout,5,Harvest,0
2021,GRAND HAVEN,Pier/Dock,Musky,5,Catch,0
2021,GRAND HAVEN,Pier/Dock,Musky,5,Harvest,0
2021,GRAND HAVEN,Pier/Dock,Northern Pike,5,Catch,0
2021,GRAND HAVEN,Pier/Dock,Northern Pike,5,Harvest,0
2021,GRAND HAVEN,Pier/Dock,,5,Angler Hours,2374
2021,GRAND HAVEN,Pier/Dock,Other,5,Catch,0
2021,GRAND HAVEN,Pier/Dock,Other,5,Harvest,0
2021,GRAND HAVEN,Pier/Dock,Pink Salmon,5,Catch,0
2021,GRAND HAVEN,Pier/Dock,Pink Salmon,5,Harvest,0
2021,GRAND HAVEN,Pier/Dock,Pumpkinseed,5,Catch,0
2021,GRAND HAVEN,Pier/Dock,Pumpkinseed,5,Harvest,0
2021,GRAND HAVEN,Pier/Dock,Rockbass,5,Catch,0
2021,GRAND HAVEN,Pier/Dock,Rockbass,5,Harvest,0
2021,GRAND HAVEN,Pier/Dock,Round Whitefish,5,Catch,0
2021,GRAND HAVEN,Pier/Dock,Round Whitefish,5,Harvest,0
2021,GRAND HAVEN,Pier/Dock,Smallmouth Bass,5,Catch,0
2021,GRAND HAVEN,Pier/Dock,Smallmouth Bass,5,Harvest,0
2021,GRAND HAVEN,Pier/Dock,Smelt,5,Catch,0
2021,GRAND HAVEN,Pier/Dock,Smelt,5,Harvest,0
2021,GRAND HAVEN,Pier/Dock,Steelhead,5,Catch,19
2021,GRAND HAVEN,Pier/Dock,Steelhead,5,Harvest,19
2021,GRAND HAVEN,Pier/Dock,Walleye,5,Catch,0
2021,GRAND HAVEN,Pier/Dock,Walleye,5,Harvest,0
2021,GRAND HAVEN,Pier/Dock,White Bass,5,Catch,0
2021,GRAND HAVEN,Pier/Dock,White Bass,5,Harvest,0
2021,GRAND HAVEN,Pier/Dock,White Perch,5,Catch,0
2021,GRAND HAVEN,Pier/Dock,White Perch,5,Harvest,0
2021,GRAND HAVEN,Pier/Dock,Yellow Perch,5,Catch,66
2021,GRAND HAVEN,Pier/Dock,Yellow Perch,5,Harvest,66
2021,GRAND HAVEN,Pier/Dock,Black Crappie,6,Catch,0
2021,GRAND HAVEN,Pier/Dock,Black Crappie,6,Harvest,0
2021,GRAND HAVEN,Pier/Dock,Bluegill,6,Catch,108
2021,GRAND HAVEN,Pier/Dock,Bluegill,6,Harvest,108
2021,GRAND HAVEN,Pier/Dock,Brook Trout,6,Catch,0
2021,GRAND HAVEN,Pier/Dock,Brook Trout,6,Harvest,0
2021,GRAND HAVEN,Pier/Dock,Brown Trout,6,Catch,0
2021,GRAND HAVEN,Pier/Dock,Brown Trout,6,Harvest,0
2021,GRAND HAVEN,Pier/Dock,Channel Catfish,6,Catch,17
2021,GRAND HAVEN,Pier/Dock,Channel Catfish,6,Harvest,11
2021,GRAND HAVEN,Pier/Dock,Chinook Salmon,6,Catch,0
2021,GRAND HAVEN,Pier/Dock,Chinook Salmon,6,Harvest,0
2021,GRAND HAVEN,Pier/Dock,Coho Salmon,6,Catch,0
2021,GRAND HAVEN,Pier/Dock,Coho Salmon,6,Harvest,0
2021,GRAND HAVEN,Pier/Dock,Common White Sucker,6,Catch,0
2021,GRAND HAVEN,Pier/Dock,Common White Sucker,6,Harvest,0
2021,GRAND HAVEN,Pier/Dock,Drum,6,Catch,227
2021,GRAND HAVEN,Pier/Dock,Drum,6,Harvest,0
2021,GRAND HAVEN,Pier/Dock,Lake Herring,6,Catch,0
2021,GRAND HAVEN,Pier/Dock,Lake Herring,6,Harvest,0
2021,GRAND HAVEN,Pier/Dock,Lake Whitefish,6,Catch,0
2021,GRAND HAVEN,Pier/Dock,Lake Whitefish,6,Harvest,0
2021,GRAND HAVEN,Pier/Dock,Largemouth Bass,6,Catch,0
2021,GRAND HAVEN,Pier/Dock,Largemouth Bass,6,Harvest,0
2021,GRAND HAVEN,Pier/Dock,Lean Lake Trout,6,Catch,0
2021,GRAND HAVEN,Pier/Dock,Lean Lake Trout,6,Harvest,0
2021,GRAND HAVEN,Pier/Dock,Musky,6,Catch,0
2021,GRAND HAVEN,Pier/Dock,Musky,6,Harvest,0
2021,GRAND HAVEN,Pier/Dock,Northern Pike,6,Catch,0
2021,GRAND HAVEN,Pier/Dock,Northern Pike,6,Harvest,0
2021,GRAND HAVEN,Pier/Dock,,6,Angler Hours,7311
2021,GRAND HAVEN,Pier/Dock,Other,6,Catch,4
2021,GRAND HAVEN,Pier/Dock,Other,6,Harvest,4
2021,GRAND HAVEN,Pier/Dock,Pink Salmon,6,Catch,0
2021,GRAND HAVEN,Pier/Dock,Pink Salmon,6,Harvest,0
2021,GRAND HAVEN,Pier/Dock,Pumpkinseed,6,Catch,0
2021,GRAND HAVEN,Pier/Dock,Pumpkinseed,6,Harvest,0
2021,GRAND HAVEN,Pier/Dock,Rockbass,6,Catch,0
2021,GRAND HAVEN,Pier/Dock,Rockbass,6,Harvest,0
2021,GRAND HAVEN,Pier/Dock,Round Whitefish,6,Catch,0
2021,GRAND HAVEN,Pier/Dock,Round Whitefish,6,Harvest,0
2021,GRAND HAVEN,Pier/Dock,Smallmouth Bass,6,Catch,0
2021,GRAND HAVEN,Pier/Dock,Smallmouth Bass,6,Harvest,0
2021,GRAND HAVEN,Pier/Dock,Smelt,6,Catch,0
2021,GRAND HAVEN,Pier/Dock,Smelt,6,Harvest,0
2021,GRAND HAVEN,Pier/Dock,Steelhead,6,Catch,1127
2021,GRAND HAVEN,Pier/Dock,Steelhead,6,Harvest,1030
2021,GRAND HAVEN,Pier/Dock,Walleye,6,Catch,0
2021,GRAND HAVEN,Pier/Dock,Walleye,6,Harvest,0
2021,GRAND HAVEN,Pier/Dock,White Bass,6,Catch,0
2021,GRAND HAVEN,Pier/Dock,White Bass,6,Harvest,0
2021,GRAND HAVEN,Pier/Dock,White Perch,6,Catch,0
2021,GRAND HAVEN,Pier/Dock,White Perch,6,Harvest,0
2021,GRAND HAVEN,Pier/Dock,Yellow Perch,6,Catch,38
2021,GRAND HAVEN,Pier/Dock,Yellow Perch,6,Harvest,29
2021,GRAND HAVEN,Pier/Dock,Black Crappie,7,Catch,0
2021,GRAND HAVEN,Pier/Dock,Black Crappie,7,Harvest,0
2021,GRAND HAVEN,Pier/Dock,Bluegill,7,Catch,251
2021,GRAND HAVEN,Pier/Dock,Bluegill,7,Harvest,78
2021,GRAND HAVEN,Pier/Dock,Brook Trout,7,Catch,0
2021,GRAND HAVEN,Pier/Dock,Brook Trout,7,Harvest,0
2021,GRAND HAVEN,Pier/Dock,Brown Trout,7,Catch,0
2021,GRAND HAVEN,Pier/Dock,Brown Trout,7,Harvest,0
2021,GRAND HAVEN,Pier/Dock,Channel Catfish,7,Catch,78
2021,GRAND HAVEN,Pier/Dock,Channel Catfish,7,Harvest,0
2021,GRAND HAVEN,Pier/Dock,Chinook Salmon,7,Catch,0
2021,GRAND HAVEN,Pier/Dock,Chinook Salmon,7,Harvest,0
2021,GRAND HAVEN,Pier/Dock,Coho Salmon,7,Catch,0
2021,GRAND HAVEN,Pier/Dock,Coho Salmon,7,Harvest,0
2021,GRAND HAVEN,Pier/Dock,Common White Sucker,7,Catch,0
2021,GRAND HAVEN,Pier/Dock,Common White Sucker,7,Harvest,0
2021,GRAND HAVEN,Pier/Dock,Drum,7,Catch,212
2021,GRAND HAVEN,Pier/Dock,Drum,7,Harvest,0
2021,GRAND HAVEN,Pier/Dock,Lake Herring,7,Catch,0
2021,GRAND HAVEN,Pier/Dock,Lake Herring,7,Harvest,0
2021,GRAND HAVEN,Pier/Dock,Lake Whitefish,7,Catch,0
2021,GRAND HAVEN,Pier/Dock,Lake Whitefish,7,Harvest,0
2021,GRAND HAVEN,Pier/Dock,Largemouth Bass,7,Catch,23
2021,GRAND HAVEN,Pier/Dock,Largemouth Bass,7,Harvest,0
2021,GRAND HAVEN,Pier/Dock,Lean Lake Trout,7,Catch,0
2021,GRAND HAVEN,Pier/Dock,Lean Lake Trout,7,Harvest,0
2021,GRAND HAVEN,Pier/Dock,Musky,7,Catch,0
2021,GRAND HAVEN,Pier/Dock,Musky,7,Harvest,0
2021,GRAND HAVEN,Pier/Dock,Northern Pike,7,Catch,0
2021,GRAND HAVEN,Pier/Dock,Northern Pike,7,Harvest,0
2021,GRAND HAVEN,Pier/Dock,,7,Angler Hours,4295
2021,GRAND HAVEN,Pier/Dock,Other,7,Catch,524
2021,GRAND HAVEN,Pier/Dock,Other,7,Harvest,510
2021,GRAND HAVEN,Pier/Dock,Pink Salmon,7,Catch,0
2021,GRAND HAVEN,Pier/Dock,Pink Salmon,7,Harvest,0
2021,GRAND HAVEN,Pier/Dock,Pumpkinseed,7,Catch,0
2021,GRAND HAVEN,Pier/Dock,Pumpkinseed,7,Harvest,0
2021,GRAND HAVEN,Pier/Dock,Rockbass,7,Catch,9
2021,GRAND HAVEN,Pier/Dock,Rockbass,7,Harvest,0
2021,GRAND HAVEN,Pier/Dock,Round Whitefish,7,Catch,0
2021,GRAND HAVEN,Pier/Dock,Round Whitefish,7,Harvest,0
2021,GRAND HAVEN,Pier/Dock,Smallmouth Bass,7,Catch,0
2021,GRAND HAVEN,Pier/Dock,Smallmouth Bass,7,Harvest,0
2021,GRAND HAVEN,Pier/Dock,Smelt,7,Catch,0
2021,GRAND HAVEN,Pier/Dock,Smelt,7,Harvest,0
2021,GRAND HAVEN,Pier/Dock,Steelhead,7,Catch,86
2021,GRAND HAVEN,Pier/Dock,Steelhead,7,Harvest,86
2021,GRAND HAVEN,Pier/Dock,Walleye,7,Catch,0
2021,GRAND HAVEN,Pier/Dock,Walleye,7,Harvest,0
2021,GRAND HAVEN,Pier/Dock,White Bass,7,Catch,0
2021,GRAND HAVEN,Pier/Dock,White Bass,7,Harvest,0
2021,GRAND HAVEN,Pier/Dock,White Perch,7,Catch,0
2021,GRAND HAVEN,Pier/Dock,White Perch,7,Harvest,0
2021,GRAND HAVEN,Pier/Dock,Yellow Perch,7,Catch,12
2021,GRAND HAVEN,Pier/Dock,Yellow Perch,7,Harvest,0
2021,GRAND HAVEN,Pier/Dock,Black Crappie,8,Catch,0
2021,GRAND HAVEN,Pier/Dock,Black Crappie,8,Harvest,0
2021,GRAND HAVEN,Pier/Dock,Bluegill,8,Catch,3207
2021,GRAND HAVEN,Pier/Dock,Bluegill,8,Harvest,649
2021,GRAND HAVEN,Pier/Dock,Brook Trout,8,Catch,0
2021,GRAND HAVEN,Pier/Dock,Brook Trout,8,Harvest,0
2021,GRAND HAVEN,Pier/Dock,Brown Trout,8,Catch,0
2021,GRAND HAVEN,Pier/Dock,Brown Trout,8,Harvest,0
2021,GRAND HAVEN,Pier/Dock,Channel Catfish,8,Catch,396
2021,GRAND HAVEN,Pier/Dock,Channel Catfish,8,Harvest,73
2021,GRAND HAVEN,Pier/Dock,Chinook Salmon,8,Catch,0
2021,GRAND HAVEN,Pier/Dock,Chinook Salmon,8,Harvest,0
2021,GRAND HAVEN,Pier/Dock,Coho Salmon,8,Catch,0
2021,GRAND HAVEN,Pier/Dock,Coho Salmon,8,Harvest,0
2021,GRAND HAVEN,Pier/Dock,Common White Sucker,8,Catch,0
2021,GRAND HAVEN,Pier/Dock,Common White Sucker,8,Harvest,0
2021,GRAND HAVEN,Pier/Dock,Drum,8,Catch,279
2021,GRAND HAVEN,Pier/Dock,Drum,8,Harvest,44
2021,GRAND HAVEN,Pier/Dock,Lake Herring,8,Catch,0
2021,GRAND HAVEN,Pier/Dock,Lake Herring,8,Harvest,0
2021,GRAND HAVEN,Pier/Dock,Lake Whitefish,8,Catch,0
2021,GRAND HAVEN,Pier/Dock,Lake Whitefish,8,Harvest,0
2021,GRAND HAVEN,Pier/Dock,Largemouth Bass,8,Catch,738
2021,GRAND HAVEN,Pier/Dock,Largemouth Bass,8,Harvest,0
2021,GRAND HAVEN,Pier/Dock,Lean Lake Trout,8,Catch,0
2021,GRAND HAVEN,Pier/Dock,Lean Lake Trout,8,Harvest,0
2021,GRAND HAVEN,Pier/Dock,Musky,8,Catch,0
2021,GRAND HAVEN,Pier/Dock,Musky,8,Harvest,0
2021,GRAND HAVEN,Pier/Dock,Northern Pike,8,Catch,0
2021,GRAND HAVEN,Pier/Dock,Northern Pike,8,Harvest,0
2021,GRAND HAVEN,Pier/Dock,,8,Angler Hours,3090
2021,GRAND HAVEN,Pier/Dock,Other,8,Catch,18
2021,GRAND HAVEN,Pier/Dock,Other,8,Harvest,0
2021,GRAND HAVEN,Pier/Dock,Pink Salmon,8,Catch,0
2021,GRAND HAVEN,Pier/Dock,Pink Salmon,8,Harvest,0
2021,GRAND HAVEN,Pier/Dock,Pumpkinseed,8,Catch,0
2021,GRAND HAVEN,Pier/Dock,Pumpkinseed,8,Harvest,0
2021,GRAND HAVEN,Pier/Dock,Rockbass,8,Catch,0
2021,GRAND HAVEN,Pier/Dock,Rockbass,8,Harvest,0
2021,GRAND HAVEN,Pier/Dock,Round Whitefish,8,Catch,0
2021,GRAND HAVEN,Pier/Dock,Round Whitefish,8,Harvest,0
2021,GRAND HAVEN,Pier/Dock,Smallmouth Bass,8,Catch,899
2021,GRAND HAVEN,Pier/Dock,Smallmouth Bass,8,Harvest,0
2021,GRAND HAVEN,Pier/Dock,Smelt,8,Catch,0
2021,GRAND HAVEN,Pier/Dock,Smelt,8,Harvest,0
2021,GRAND HAVEN,Pier/Dock,Steelhead,8,Catch,0
2021,GRAND HAVEN,Pier/Dock,Steelhead,8,Harvest,0
2021,GRAND HAVEN,Pier/Dock,Walleye,8,Catch,0
2021,GRAND HAVEN,Pier/Dock,Walleye,8,Harvest,0
2021,GRAND HAVEN,Pier/Dock,White Bass,8,Catch,20
2021,GRAND HAVEN,Pier/Dock,White Bass,8,Harvest,0
2021,GRAND HAVEN,Pier/Dock,White Perch,8,Catch,126
2021,GRAND HAVEN,Pier/Dock,White Perch,8,Harvest,0
2021,GRAND HAVEN,Pier/Dock,Yellow Perch,8,Catch,0
2021,GRAND HAVEN,Pier/Dock,Yellow Perch,8,Harvest,0
2021,GRAND HAVEN,Pier/Dock,Black Crappie,9,Catch,0
2021,GRAND HAVEN,Pier/Dock,Black Crappie,9,Harvest,0
2021,GRAND HAVEN,Pier/Dock,Bluegill,9,Catch,238
2021,GRAND HAVEN,Pier/Dock,Bluegill,9,Harvest,107
2021,GRAND HAVEN,Pier/Dock,Brook Trout,9,Catch,0
2021,GRAND HAVEN,Pier/Dock,Brook Trout,9,Harvest,0
2021,GRAND HAVEN,Pier/Dock,Brown Trout,9,Catch,3
2021,GRAND HAVEN,Pier/Dock,Brown Trout,9,Harvest,3
2021,GRAND HAVEN,Pier/Dock,Channel Catfish,9,Catch,160
2021,GRAND HAVEN,Pier/Dock,Channel Catfish,9,Harvest,0
2021,GRAND HAVEN,Pier/Dock,Chinook Salmon,9,Catch,10
2021,GRAND HAVEN,Pier/Dock,Chinook Salmon,9,Harvest,10
2021,GRAND HAVEN,Pier/Dock,Coho Salmon,9,Catch,21
2021,GRAND HAVEN,Pier/Dock,Coho Salmon,9,Harvest,18
2021,GRAND HAVEN,Pier/Dock,Common White Sucker,9,Catch,0
2021,GRAND HAVEN,Pier/Dock,Common White Sucker,9,Harvest,0
2021,GRAND HAVEN,Pier/Dock,Drum,9,Catch,33
2021,GRAND HAVEN,Pier/Dock,Drum,9,Harvest,0
2021,GRAND HAVEN,Pier/Dock,Lake Herring,9,Catch,0
2021,GRAND HAVEN,Pier/Dock,Lake Herring,9,Harvest,0
2021,GRAND HAVEN,Pier/Dock,Lake Whitefish,9,Catch,0
2021,GRAND HAVEN,Pier/Dock,Lake Whitefish,9,Harvest,0
2021,GRAND HAVEN,Pier/Dock,Largemouth Bass,9,Catch,69
2021,GRAND HAVEN,Pier/Dock,Largemouth Bass,9,Harvest,0
2021,GRAND HAVEN,Pier/Dock,Lean Lake Trout,9,Catch,4
2021,GRAND HAVEN,Pier/Dock,Lean Lake Trout,9,Harvest,4
2021,GRAND HAVEN,Pier/Dock,Musky,9,Catch,0
2021,GRAND HAVEN,Pier/Dock,Musky,9,Harvest,0
2021,GRAND HAVEN,Pier/Dock,Northern Pike,9,Catch,0
2021,GRAND HAVEN,Pier/Dock,Northern Pike,9,Harvest,0
2021,GRAND HAVEN,Pier/Dock,,9,Angler Hours,1500
2021,GRAND HAVEN,Pier/Dock,Other,9,Catch,50
2021,GRAND HAVEN,Pier/Dock,Other,9,Harvest,0
2021,GRAND HAVEN,Pier/Dock,Pink Salmon,9,Catch,0
2021,GRAND HAVEN,Pier/Dock,Pink Salmon,9,Harvest,0
2021,GRAND HAVEN,Pier/Dock,Pumpkinseed,9,Catch,0
2021,GRAND HAVEN,Pier/Dock,Pumpkinseed,9,Harvest,0
2021,GRAND HAVEN,Pier/Dock,Rockbass,9,Catch,2
2021,GRAND HAVEN,Pier/Dock,Rockbass,9,Harvest,0
2021,GRAND HAVEN,Pier/Dock,Round Whitefish,9,Catch,0
2021,GRAND HAVEN,Pier/Dock,Round Whitefish,9,Harvest,0
2021,GRAND HAVEN,Pier/Dock,Smallmouth Bass,9,Catch,0
2021,GRAND HAVEN,Pier/Dock,Smallmouth Bass,9,Harvest,0
2021,GRAND HAVEN,Pier/Dock,Smelt,9,Catch,0
2021,GRAND HAVEN,Pier/Dock,Smelt,9,Harvest,0
2021,GRAND HAVEN,Pier/Dock,Steelhead,9,Catch,12
2021,GRAND HAVEN,Pier/Dock,Steelhead,9,Harvest,12
2021,GRAND HAVEN,Pier/Dock,Walleye,9,Catch,0
2021,GRAND HAVEN,Pier/Dock,Walleye,9,Harvest,0
2021,GRAND HAVEN,Pier/Dock,White Bass,9,Catch,0
2021,GRAND HAVEN,Pier/Dock,White Bass,9,Harvest,0
2021,GRAND HAVEN,Pier/Dock,White Perch,9,Catch,16
2021,GRAND HAVEN,Pier/Dock,White Perch,9,Harvest,0
2021,GRAND HAVEN,Pier/Dock,Yellow Perch,9,Catch,0
2021,GRAND HAVEN,Pier/Dock,Yellow Perch,9,Harvest,0
2021,GRAND HAVEN,Pier/Dock,Black Crappie,10,Catch,0
2021,GRAND HAVEN,Pier/Dock,Black Crappie,10,Harvest,0
2021,GRAND HAVEN,Pier/Dock,Bluegill,10,Catch,0
2021,GRAND HAVEN,Pier/Dock,Bluegill,10,Harvest,0
2021,GRAND HAVEN,Pier/Dock,Brook Trout,10,Catch,0
2021,GRAND HAVEN,Pier/Dock,Brook Trout,10,Harvest,0
2021,GRAND HAVEN,Pier/Dock,Brown Trout,10,Catch,0
2021,GRAND HAVEN,Pier/Dock,Brown Trout,10,Harvest,0
2021,GRAND HAVEN,Pier/Dock,Channel Catfish,10,Catch,50
2021,GRAND HAVEN,Pier/Dock,Channel Catfish,10,Harvest,0
2021,GRAND HAVEN,Pier/Dock,Chinook Salmon,10,Catch,0
2021,GRAND HAVEN,Pier/Dock,Chinook Salmon,10,Harvest,0
2021,GRAND HAVEN,Pier/Dock,Coho Salmon,10,Catch,66
2021,GRAND HAVEN,Pier/Dock,Coho Salmon,10,Harvest,29
2021,GRAND HAVEN,Pier/Dock,Common White Sucker,10,Catch,0
2021,GRAND HAVEN,Pier/Dock,Common White Sucker,10,Harvest,0
2021,GRAND HAVEN,Pier/Dock,Drum,10,Catch,37
2021,GRAND HAVEN,Pier/Dock,Drum,10,Harvest,0
2021,GRAND HAVEN,Pier/Dock,Lake Herring,10,Catch,0
2021,GRAND HAVEN,Pier/Dock,Lake Herring,10,Harvest,0
2021,GRAND HAVEN,Pier/Dock,Lake Whitefish,10,Catch,0
2021,GRAND HAVEN,Pier/Dock,Lake Whitefish,10,Harvest,0
2021,GRAND HAVEN,Pier/Dock,Largemouth Bass,10,Catch,0
2021,GRAND HAVEN,Pier/Dock,Largemouth Bass,10,Harvest,0
2021,GRAND HAVEN,Pier/Dock,Lean Lake Trout,10,Catch,9
2021,GRAND HAVEN,Pier/Dock,Lean Lake Trout,10,Harvest,0
2021,GRAND HAVEN,Pier/Dock,Musky,10,Catch,0
2021,GRAND HAVEN,Pier/Dock,Musky,10,Harvest,0
2021,GRAND HAVEN,Pier/Dock,Northern Pike,10,Catch,0
2021,GRAND HAVEN,Pier/Dock,Northern Pike,10,Harvest,0
2021,GRAND HAVEN,Pier/Dock,,10,Angler Hours,1526
2021,GRAND HAVEN,Pier/Dock,Other,10,Catch,4
2021,GRAND HAVEN,Pier/Dock,Other,10,Harvest,0
2021,GRAND HAVEN,Pier/Dock,Pink Salmon,10,Catch,0
2021,GRAND HAVEN,Pier/Dock,Pink Salmon,10,Harvest,0
2021,GRAND HAVEN,Pier/Dock,Pumpkinseed,10,Catch,0
2021,GRAND HAVEN,Pier/Dock,Pumpkinseed,10,Harvest,0
2021,GRAND HAVEN,Pier/Dock,Rockbass,10,Catch,0
2021,GRAND HAVEN,Pier/Dock,Rockbass,10,Harvest,0
2021,GRAND HAVEN,Pier/Dock,Round Whitefish,10,Catch,0
2021,GRAND HAVEN,Pier/Dock,Round Whitefish,10,Harvest,0
2021,GRAND HAVEN,Pier/Dock,Smallmouth Bass,10,Catch,0
2021,GRAND HAVEN,Pier/Dock,Smallmouth Bass,10,Harvest,0
2021,GRAND HAVEN,Pier/Dock,Smelt,10,Catch,0
2021,GRAND HAVEN,Pier/Dock,Smelt,10,Harvest,0
2021,GRAND HAVEN,Pier/Dock,Steelhead,10,Catch,32
2021,GRAND HAVEN,Pier/Dock,Steelhead,10,Harvest,26
2021,GRAND HAVEN,Pier/Dock,Walleye,10,Catch,0
2021,GRAND HAVEN,Pier/Dock,Walleye,10,Harvest,0
2021,GRAND HAVEN,Pier/Dock,White Bass,10,Catch,0
2021,GRAND HAVEN,Pier/Dock,White Bass,10,Harvest,0
2021,GRAND HAVEN,Pier/Dock,White Perch,10,Catch,0
2021,GRAND HAVEN,Pier/Dock,White Perch,10,Harvest,0
2021,GRAND HAVEN,Pier/Dock,Yellow Perch,10,Catch,0
2021,GRAND HAVEN,Pier/Dock,Yellow Perch,10,Harvest,0
2021,GRAND HAVEN,Pier/Dock,Black Crappie,11,Catch,0
2021,GRAND HAVEN,Pier/Dock,Black Crappie,11,Harvest,0
2021,GRAND HAVEN,Pier/Dock,Bluegill,11,Catch,0
2021,GRAND HAVEN,Pier/Dock,Bluegill,11,Harvest,0
2021,GRAND HAVEN,Pier/Dock,Brook Trout,11,Catch,0
2021,GRAND HAVEN,Pier/Dock,Brook Trout,11,Harvest,0
2021,GRAND HAVEN,Pier/Dock,Brown Trout,11,Catch,0
2021,GRAND HAVEN,Pier/Dock,Brown Trout,11,Harvest,0
2021,GRAND HAVEN,Pier/Dock,Channel Catfish,11,Catch,0
2021,GRAND HAVEN,Pier/Dock,Channel Catfish,11,Harvest,0
2021,GRAND HAVEN,Pier/Dock,Chinook Salmon,11,Catch,0
2021,GRAND HAVEN,Pier/Dock,Chinook Salmon,11,Harvest,0
2021,GRAND HAVEN,Pier/Dock,Coho Salmon,11,Catch,0
2021,GRAND HAVEN,Pier/Dock,Coho Salmon,11,Harvest,0
2021,GRAND HAVEN,Pier/Dock,Common White Sucker,11,Catch,0
2021,GRAND HAVEN,Pier/Dock,Common White Sucker,11,Harvest,0
2021,GRAND HAVEN,Pier/Dock,Drum,11,Catch,0
2021,GRAND HAVEN,Pier/Dock,Drum,11,Harvest,0
2021,GRAND HAVEN,Pier/Dock,Lake Herring,11,Catch,0
2021,GRAND HAVEN,Pier/Dock,Lake Herring,11,Harvest,0
2021,GRAND HAVEN,Pier/Dock,Lake Whitefish,11,Catch,303
2021,GRAND HAVEN,Pier/Dock,Lake Whitefish,11,Harvest,303
2021,GRAND HAVEN,Pier/Dock,Largemouth Bass,11,Catch,0
2021,GRAND HAVEN,Pier/Dock,Largemouth Bass,11,Harvest,0
2021,GRAND HAVEN,Pier/Dock,Lean Lake Trout,11,Catch,0
2021,GRAND HAVEN,Pier/Dock,Lean Lake Trout,11,Harvest,0
2021,GRAND HAVEN,Pier/Dock,Musky,11,Catch,0
2021,GRAND HAVEN,Pier/Dock,Musky,11,Harvest,0
2021,GRAND HAVEN,Pier/Dock,Northern Pike,11,Catch,0
2021,GRAND HAVEN,Pier/Dock,Northern Pike,11,Harvest,0
2021,GRAND HAVEN,Pier/Dock,,11,Angler Hours,1005
2021,GRAND HAVEN,Pier/Dock,Other,11,Catch,0
2021,GRAND HAVEN,Pier/Dock,Other,11,Harvest,0
2021,GRAND HAVEN,Pier/Dock,Pink Salmon,11,Catch,0
2021,GRAND HAVEN,Pier/Dock,Pink Salmon,11,Harvest,0
2021,GRAND HAVEN,Pier/Dock,Pumpkinseed,11,Catch,0
2021,GRAND HAVEN,Pier/Dock,Pumpkinseed,11,Harvest,0
2021,GRAND HAVEN,Pier/Dock,Rockbass,11,Catch,0
2021,GRAND HAVEN,Pier/Dock,Rockbass,11,Harvest,0
2021,GRAND HAVEN,Pier/Dock,Round Whitefish,11,Catch,0
2021,GRAND HAVEN,Pier/Dock,Round Whitefish,11,Harvest,0
2021,GRAND HAVEN,Pier/Dock,Smallmouth Bass,11,Catch,0
2021,GRAND HAVEN,Pier/Dock,Smallmouth Bass,11,Harvest,0
2021,GRAND HAVEN,Pier/Dock,Smelt,11,Catch,0
2021,GRAND HAVEN,Pier/Dock,Smelt,11,Harvest,0
2021,GRAND HAVEN,Pier/Dock,Steelhead,11,Catch,0
2021,GRAND HAVEN,Pier/Dock,Steelhead,11,Harvest,0
2021,GRAND HAVEN,Pier/Dock,Walleye,11,Catch,0
2021,GRAND HAVEN,Pier/Dock,Walleye,11,Harvest,0
2021,GRAND HAVEN,Pier/Dock,White Bass,11,Catch,0
2021,GRAND HAVEN,Pier/Dock,White Bass,11,Harvest,0
2021,GRAND HAVEN,Pier/Dock,White Perch,11,Catch,0
2021,GRAND HAVEN,Pier/Dock,White Perch,11,Harvest,0
2021,GRAND HAVEN,Pier/Dock,Yellow Perch,11,Catch,0
2021,GRAND HAVEN,Pier/Dock,Yellow Perch,11,Harvest,0
2021,GRAND HAVEN,Pier/Dock,Black Crappie,12,Catch,0
2021,GRAND HAVEN,Pier/Dock,Black Crappie,12,Harvest,0
2021,GRAND HAVEN,Pier/Dock,Bluegill,12,Catch,0
2021,GRAND HAVEN,Pier/Dock,Bluegill,12,Harvest,0
2021,GRAND HAVEN,Pier/Dock,Brook Trout,12,Catch,0
2021,GRAND HAVEN,Pier/Dock,Brook Trout,12,Harvest,0
2021,GRAND HAVEN,Pier/Dock,Brown Trout,12,Catch,0
2021,GRAND HAVEN,Pier/Dock,Brown Trout,12,Harvest,0
2021,GRAND HAVEN,Pier/Dock,Channel Catfish,12,Catch,0
2021,GRAND HAVEN,Pier/Dock,Channel Catfish,12,Harvest,0
2021,GRAND HAVEN,Pier/Dock,Chinook Salmon,12,Catch,0
2021,GRAND HAVEN,Pier/Dock,Chinook Salmon,12,Harvest,0
2021,GRAND HAVEN,Pier/Dock,Coho Salmon,12,Catch,0
2021,GRAND HAVEN,Pier/Dock,Coho Salmon,12,Harvest,0
2021,GRAND HAVEN,Pier/Dock,Common White Sucker,12,Catch,0
2021,GRAND HAVEN,Pier/Dock,Common White Sucker,12,Harvest,0
2021,GRAND HAVEN,Pier/Dock,Drum,12,Catch,0
2021,GRAND HAVEN,Pier/Dock,Drum,12,Harvest,0
2021,GRAND HAVEN,Pier/Dock,Lake Herring,12,Catch,0
2021,GRAND HAVEN,Pier/Dock,Lake Herring,12,Harvest,0
2021,GRAND HAVEN,Pier/Dock,Lake Whitefish,12,Catch,0
2021,GRAND HAVEN,Pier/Dock,Lake Whitefish,12,Harvest,0
2021,GRAND HAVEN,Pier/Dock,Largemouth Bass,12,Catch,0
2021,GRAND HAVEN,Pier/Dock,Largemouth Bass,12,Harvest,0
2021,GRAND HAVEN,Pier/Dock,Lean Lake Trout,12,Catch,0
2021,GRAND HAVEN,Pier/Dock,Lean Lake Trout,12,Harvest,0
2021,GRAND HAVEN,Pier/Dock,Musky,12,Catch,0
2021,GRAND HAVEN,Pier/Dock,Musky,12,Harvest,0
2021,GRAND HAVEN,Pier/Dock,Northern Pike,12,Catch,0
2021,GRAND HAVEN,Pier/Dock,Northern Pike,12,Harvest,0
2021,GRAND HAVEN,Pier/Dock,,12,Angler Hours,26
2021,GRAND HAVEN,Pier/Dock,Other,12,Catch,0
2021,GRAND HAVEN,Pier/Dock,Other,12,Harvest,0
2021,GRAND HAVEN,Pier/Dock,Pink Salmon,12,Catch,0
2021,GRAND HAVEN,Pier/Dock,Pink Salmon,12,Harvest,0
2021,GRAND HAVEN,Pier/Dock,Pumpkinseed,12,Catch,0
2021,GRAND HAVEN,Pier/Dock,Pumpkinseed,12,Harvest,0
2021,GRAND HAVEN,Pier/Dock,Rockbass,12,Catch,0
2021,GRAND HAVEN,Pier/Dock,Rockbass,12,Harvest,0
2021,GRAND HAVEN,Pier/Dock,Round Whitefish,12,Catch,0
2021,GRAND HAVEN,Pier/Dock,Round Whitefish,12,Harvest,0
2021,GRAND HAVEN,Pier/Dock,Smallmouth Bass,12,Catch,0
2021,GRAND HAVEN,Pier/Dock,Smallmouth Bass,12,Harvest,0
2021,GRAND HAVEN,Pier/Dock,Smelt,12,Catch,0
2021,GRAND HAVEN,Pier/Dock,Smelt,12,Harvest,0
2021,GRAND HAVEN,Pier/Dock,Steelhead,12,Catch,1
2021,GRAND HAVEN,Pier/Dock,Steelhead,12,Harvest,1
2021,GRAND HAVEN,Pier/Dock,Walleye,12,Catch,0
2021,GRAND HAVEN,Pier/Dock,Walleye,12,Harvest,0
2021,GRAND HAVEN,Pier/Dock,White Bass,12,Catch,0
2021,GRAND HAVEN,Pier/Dock,White Bass,12,Harvest,0
2021,GRAND HAVEN,Pier/Dock,White Perch,12,Catch,0
2021,GRAND HAVEN,Pier/Dock,White Perch,12,Harvest,0
2021,GRAND HAVEN,Pier/Dock,Yellow Perch,12,Catch,0
2021,GRAND HAVEN,Pier/Dock,Yellow Perch,12,Harvest,0
2022,GRAND HAVEN,Pier/Dock,Atlantic Salmon,4,Catch,0
2022,GRAND HAVEN,Pier/Dock,Atlantic Salmon,4,Harvest,0
2022,GRAND HAVEN,Pier/Dock,Black Crappie,4,Catch,0
2022,GRAND HAVEN,Pier/Dock,Black Crappie,4,Harvest,0
2022,GRAND HAVEN,Pier/Dock,Bluegill,4,Catch,0
2022,GRAND HAVEN,Pier/Dock,Bluegill,4,Harvest,0
2022,GRAND HAVEN,Pier/Dock,Brook Trout,4,Catch,0
2022,GRAND HAVEN,Pier/Dock,Brook Trout,4,Harvest,0
2022,GRAND HAVEN,Pier/Dock,Brown Trout,4,Catch,26
2022,GRAND HAVEN,Pier/Dock,Brown Trout,4,Harvest,11
2022,GRAND HAVEN,Pier/Dock,Carp,4,Catch,0
2022,GRAND HAVEN,Pier/Dock,Carp,4,Harvest,0
2022,GRAND HAVEN,Pier/Dock,Channel Catfish,4,Catch,2
2022,GRAND HAVEN,Pier/Dock,Channel Catfish,4,Harvest,0
2022,GRAND HAVEN,Pier/Dock,Chinook Salmon,4,Catch,0
2022,GRAND HAVEN,Pier/Dock,Chinook Salmon,4,Harvest,0
2022,GRAND HAVEN,Pier/Dock,Coho Salmon,4,Catch,30
2022,GRAND HAVEN,Pier/Dock,Coho Salmon,4,Harvest,29
2022,GRAND HAVEN,Pier/Dock,Common White Sucker,4,Catch,0
2022,GRAND HAVEN,Pier/Dock,Common White Sucker,4,Harvest,0
2022,GRAND HAVEN,Pier/Dock,Drum,4,Catch,0
2022,GRAND HAVEN,Pier/Dock,Drum,4,Harvest,0
2022,GRAND HAVEN,Pier/Dock,Fat Lake Trout,4,Catch,0
2022,GRAND HAVEN,Pier/Dock,Fat Lake Trout,4,Harvest,0
2022,GRAND HAVEN,Pier/Dock,Lake Herring,4,Catch,0
2022,GRAND HAVEN,Pier/Dock,Lake Herring,4,Harvest,0
2022,GRAND HAVEN,Pier/Dock,Lake Whitefish,4,Catch,0
2022,GRAND HAVEN,Pier/Dock,Lake Whitefish,4,Harvest,0
2022,GRAND HAVEN,Pier/Dock,Largemouth Bass,4,Catch,0
2022,GRAND HAVEN,Pier/Dock,Largemouth Bass,4,Harvest,0
2022,GRAND HAVEN,Pier/Dock,Lean Lake Trout,4,Catch,0
2022,GRAND HAVEN,Pier/Dock,Lean Lake Trout,4,Harvest,0
2022,GRAND HAVEN,Pier/Dock,Northern Pike,4,Catch,0
2022,GRAND HAVEN,Pier/Dock,Northern Pike,4,Harvest,0
2022,GRAND HAVEN,Pier/Dock,,4,Angler Hours,909
2022,GRAND HAVEN,Pier/Dock,Other,4,Catch,0
2022,GRAND HAVEN,Pier/Dock,Other,4,Harvest,0
2022,GRAND HAVEN,Pier/Dock,Pink Salmon,4,Catch,0
2022,GRAND HAVEN,Pier/Dock,Pink Salmon,4,Harvest,0
2022,GRAND HAVEN,Pier/Dock,Pumpkinseed,4,Catch,0
2022,GRAND HAVEN,Pier/Dock,Pumpkinseed,4,Harvest,0
2022,GRAND HAVEN,Pier/Dock,Rockbass,4,Catch,0
2022,GRAND HAVEN,Pier/Dock,Rockbass,4,Harvest,0
2022,GRAND HAVEN,Pier/Dock,Round Whitefish,4,Catch,1
2022,GRAND HAVEN,Pier/Dock,Round Whitefish,4,Harvest,1
2022,GRAND HAVEN,Pier/Dock,Smallmouth Bass,4,Catch,1
2022,GRAND HAVEN,Pier/Dock,Smallmouth Bass,4,Harvest,0
2022,GRAND HAVEN,Pier/Dock,Steelhead,4,Catch,0
2022,GRAND HAVEN,Pier/Dock,Steelhead,4,Harvest,0
2022,GRAND HAVEN,Pier/Dock,Walleye,4,Catch,0
2022,GRAND HAVEN,Pier/Dock,Walleye,4,Harvest,0
2022,GRAND HAVEN,Pier/Dock,White Perch,4,Catch,0
2022,GRAND HAVEN,Pier/Dock,White Perch,4,Harvest,0
2022,GRAND HAVEN,Pier/Dock,Yellow Perch,4,Catch,0
2022,GRAND HAVEN,Pier/Dock,Yellow Perch,4,Harvest,0
2022,GRAND HAVEN,Pier/Dock,Atlantic Salmon,5,Catch,0
2022,GRAND HAVEN,Pier/Dock,Atlantic Salmon,5,Harvest,0
2022,GRAND HAVEN,Pier/Dock,Black Crappie,5,Catch,0
2022,GRAND HAVEN,Pier/Dock,Black Crappie,5,Harvest,0
2022,GRAND HAVEN,Pier/Dock,Bluegill,5,Catch,0
2022,GRAND HAVEN,Pier/Dock,Bluegill,5,Harvest,0
2022,GRAND HAVEN,Pier/Dock,Brook Trout,5,Catch,0
2022,GRAND HAVEN,Pier/Dock,Brook Trout,5,Harvest,0
2022,GRAND HAVEN,Pier/Dock,Brown Trout,5,Catch,0
2022,GRAND HAVEN,Pier/Dock,Brown Trout,5,Harvest,0
2022,GRAND HAVEN,Pier/Dock,Carp,5,Catch,0
2022,GRAND HAVEN,Pier/Dock,Carp,5,Harvest,0
2022,GRAND HAVEN,Pier/Dock,Channel Catfish,5,Catch,0
2022,GRAND HAVEN,Pier/Dock,Channel Catfish,5,Harvest,0
2022,GRAND HAVEN,Pier/Dock,Chinook Salmon,5,Catch,19
2022,GRAND HAVEN,Pier/Dock,Chinook Salmon,5,Harvest,18
2022,GRAND HAVEN,Pier/Dock,Coho Salmon,5,Catch,448
2022,GRAND HAVEN,Pier/Dock,Coho Salmon,5,Harvest,433
2022,GRAND HAVEN,Pier/Dock,Common White Sucker,5,Catch,0
2022,GRAND HAVEN,Pier/Dock,Common White Sucker,5,Harvest,0
2022,GRAND HAVEN,Pier/Dock,Drum,5,Catch,393
2022,GRAND HAVEN,Pier/Dock,Drum,5,Harvest,0
2022,GRAND HAVEN,Pier/Dock,Fat Lake Trout,5,Catch,0
2022,GRAND HAVEN,Pier/Dock,Fat Lake Trout,5,Harvest,0
2022,GRAND HAVEN,Pier/Dock,Lake Herring,5,Catch,0
2022,GRAND HAVEN,Pier/Dock,Lake Herring,5,Harvest,0
2022,GRAND HAVEN,Pier/Dock,Lake Whitefish,5,Catch,0
2022,GRAND HAVEN,Pier/Dock,Lake Whitefish,5,Harvest,0
2022,GRAND HAVEN,Pier/Dock,Largemouth Bass,5,Catch,49
2022,GRAND HAVEN,Pier/Dock,Largemouth Bass,5,Harvest,0
2022,GRAND HAVEN,Pier/Dock,Lean Lake Trout,5,Catch,0
2022,GRAND HAVEN,Pier/Dock,Lean Lake Trout,5,Harvest,0
2022,GRAND HAVEN,Pier/Dock,Northern Pike,5,Catch,0
2022,GRAND HAVEN,Pier/Dock,Northern Pike,5,Harvest,0
2022,GRAND HAVEN,Pier/Dock,,5,Angler Hours,2732
2022,GRAND HAVEN,Pier/Dock,Other,5,Catch,0
2022,GRAND HAVEN,Pier/Dock,Other,5,Harvest,0
2022,GRAND HAVEN,Pier/Dock,Pink Salmon,5,Catch,0
2022,GRAND HAVEN,Pier/Dock,Pink Salmon,5,Harvest,0
2022,GRAND HAVEN,Pier/Dock,Pumpkinseed,5,Catch,0
2022,GRAND HAVEN,Pier/Dock,Pumpkinseed,5,Harvest,0
2022,GRAND HAVEN,Pier/Dock,Rockbass,5,Catch,25
2022,GRAND HAVEN,Pier/Dock,Rockbass,5,Harvest,0
2022,GRAND HAVEN,Pier/Dock,Round Whitefish,5,Catch,0
2022,GRAND HAVEN,Pier/Dock,Round Whitefish,5,Harvest,0
2022,GRAND HAVEN,Pier/Dock,Smallmouth Bass,5,Catch,0
2022,GRAND HAVEN,Pier/Dock,Smallmouth Bass,5,Harvest,0
2022,GRAND HAVEN,Pier/Dock,Steelhead,5,Catch,128
2022,GRAND HAVEN,Pier/Dock,Steelhead,5,Harvest,128
2022,GRAND HAVEN,Pier/Dock,Walleye,5,Catch,84
2022,GRAND HAVEN,Pier/Dock,Walleye,5,Harvest,59
2022,GRAND HAVEN,Pier/Dock,White Perch,5,Catch,0
2022,GRAND HAVEN,Pier/Dock,White Perch,5,Harvest,0
2022,GRAND HAVEN,Pier/Dock,Yellow Perch,5,Catch,0
2022,GRAND HAVEN,Pier/Dock,Yellow Perch,5,Harvest,0
2022,GRAND HAVEN,Pier/Dock,Atlantic Salmon,6,Catch,0
2022,GRAND HAVEN,Pier/Dock,Atlantic Salmon,6,Harvest,0
2022,GRAND HAVEN,Pier/Dock,Black Crappie,6,Catch,0
2022,GRAND HAVEN,Pier/Dock,Black Crappie,6,Harvest,0
2022,GRAND HAVEN,Pier/Dock,Bluegill,6,Catch,369
2022,GRAND HAVEN,Pier/Dock,Bluegill,6,Harvest,278
2022,GRAND HAVEN,Pier/Dock,Brook Trout,6,Catch,0
2022,GRAND HAVEN,Pier/Dock,Brook Trout,6,Harvest,0
2022,GRAND HAVEN,Pier/Dock,Brown Trout,6,Catch,0
2022,GRAND HAVEN,Pier/Dock,Brown Trout,6,Harvest,0
2022,GRAND HAVEN,Pier/Dock,Carp,6,Catch,0
2022,GRAND HAVEN,Pier/Dock,Carp,6,Harvest,0
2022,GRAND HAVEN,Pier/Dock,Channel Catfish,6,Catch,147
2022,GRAND HAVEN,Pier/Dock,Channel Catfish,6,Harvest,0
2022,GRAND HAVEN,Pier/Dock,Chinook Salmon,6,Catch,0
2022,GRAND HAVEN,Pier/Dock,Chinook Salmon,6,Harvest,0
2022,GRAND HAVEN,Pier/Dock,Coho Salmon,6,Catch,0
2022,GRAND HAVEN,Pier/Dock,Coho Salmon,6,Harvest,0
2022,GRAND HAVEN,Pier/Dock,Common White Sucker,6,Catch,0
2022,GRAND HAVEN,Pier/Dock,Common White Sucker,6,Harvest,0
2022,GRAND HAVEN,Pier/Dock,Drum,6,Catch,3926
2022,GRAND HAVEN,Pier/Dock,Drum,6,Harvest,44
2022,GRAND HAVEN,Pier/Dock,Fat Lake Trout,6,Catch,0
2022,GRAND HAVEN,Pier/Dock,Fat Lake Trout,6,Harvest,0
2022,GRAND HAVEN,Pier/Dock,Lake Herring,6,Catch,0
2022,GRAND HAVEN,Pier/Dock,Lake Herring,6,Harvest,0
2022,GRAND HAVEN,Pier/Dock,Lake Whitefish,6,Catch,0
2022,GRAND HAVEN,Pier/Dock,Lake Whitefish,6,Harvest,0
2022,GRAND HAVEN,Pier/Dock,Largemouth Bass,6,Catch,162
2022,GRAND HAVEN,Pier/Dock,Largemouth Bass,6,Harvest,0
2022,GRAND HAVEN,Pier/Dock,Lean Lake Trout,6,Catch,0
2022,GRAND HAVEN,Pier/Dock,Lean Lake Trout,6,Harvest,0
2022,GRAND HAVEN,Pier/Dock,Northern Pike,6,Catch,0
2022,GRAND HAVEN,Pier/Dock,Northern Pike,6,Harvest,0
2022,GRAND HAVEN,Pier/Dock,,6,Angler Hours,6954
2022,GRAND HAVEN,Pier/Dock,Other,6,Catch,43
2022,GRAND HAVEN,Pier/Dock,Other,6,Harvest,0
2022,GRAND HAVEN,Pier/Dock,Pink Salmon,6,Catch,0
2022,GRAND HAVEN,Pier/Dock,Pink Salmon,6,Harvest,0
2022,GRAND HAVEN,Pier/Dock,Pumpkinseed,6,Catch,0
2022,GRAND HAVEN,Pier/Dock,Pumpkinseed,6,Harvest,0
2022,GRAND HAVEN,Pier/Dock,Rockbass,6,Catch,30
2022,GRAND HAVEN,Pier/Dock,Rockbass,6,Harvest,0
2022,GRAND HAVEN,Pier/Dock,Round Whitefish,6,Catch,0
2022,GRAND HAVEN,Pier/Dock,Round Whitefish,6,Harvest,0
2022,GRAND HAVEN,Pier/Dock,Smallmouth Bass,6,Catch,154
2022,GRAND HAVEN,Pier/Dock,Smallmouth Bass,6,Harvest,0
2022,GRAND HAVEN,Pier/Dock,Steelhead,6,Catch,90
2022,GRAND HAVEN,Pier/Dock,Steelhead,6,Harvest,90
2022,GRAND HAVEN,Pier/Dock,Walleye,6,Catch,10
2022,GRAND HAVEN,Pier/Dock,Walleye,6,Harvest,10
2022,GRAND HAVEN,Pier/Dock,White Perch,6,Catch,30
2022,GRAND HAVEN,Pier/Dock,White Perch,6,Harvest,0
2022,GRAND HAVEN,Pier/Dock,Yellow Perch,6,Catch,34
2022,GRAND HAVEN,Pier/Dock,Yellow Perch,6,Harvest,33
2022,GRAND HAVEN,Pier/Dock,Atlantic Salmon,7,Catch,0
2022,GRAND HAVEN,Pier/Dock,Atlantic Salmon,7,Harvest,0
2022,GRAND HAVEN,Pier/Dock,Black Crappie,7,Catch,0
2022,GRAND HAVEN,Pier/Dock,Black Crappie,7,Harvest,0
2022,GRAND HAVEN,Pier/Dock,Bluegill,7,Catch,1169
2022,GRAND HAVEN,Pier/Dock,Bluegill,7,Harvest,792
2022,GRAND HAVEN,Pier/Dock,Brook Trout,7,Catch,0
2022,GRAND HAVEN,Pier/Dock,Brook Trout,7,Harvest,0
2022,GRAND HAVEN,Pier/Dock,Brown Trout,7,Catch,0
2022,GRAND HAVEN,Pier/Dock,Brown Trout,7,Harvest,0
2022,GRAND HAVEN,Pier/Dock,Carp,7,Catch,0
2022,GRAND HAVEN,Pier/Dock,Carp,7,Harvest,0
2022,GRAND HAVEN,Pier/Dock,Channel Catfish,7,Catch,215
2022,GRAND HAVEN,Pier/Dock,Channel Catfish,7,Harvest,0
2022,GRAND HAVEN,Pier/Dock,Chinook Salmon,7,Catch,0
2022,GRAND HAVEN,Pier/Dock,Chinook Salmon,7,Harvest,0
2022,GRAND HAVEN,Pier/Dock,Coho Salmon,7,Catch,0
2022,GRAND HAVEN,Pier/Dock,Coho Salmon,7,Harvest,0
2022,GRAND HAVEN,Pier/Dock,Common White Sucker,7,Catch,0
2022,GRAND HAVEN,Pier/Dock,Common White Sucker,7,Harvest,0
2022,GRAND HAVEN,Pier/Dock,Drum,7,Catch,3414
2022,GRAND HAVEN,Pier/Dock,Drum,7,Harvest,107
2022,GRAND HAVEN,Pier/Dock,Fat Lake Trout,7,Catch,0
2022,GRAND HAVEN,Pier/Dock,Fat Lake Trout,7,Harvest,0
2022,GRAND HAVEN,Pier/Dock,Lake Herring,7,Catch,0
2022,GRAND HAVEN,Pier/Dock,Lake Herring,7,Harvest,0
2022,GRAND HAVEN,Pier/Dock,Lake Whitefish,7,Catch,0
2022,GRAND HAVEN,Pier/Dock,Lake Whitefish,7,Harvest,0
2022,GRAND HAVEN,Pier/Dock,Largemouth Bass,7,Catch,328
2022,GRAND HAVEN,Pier/Dock,Largemouth Bass,7,Harvest,0
2022,GRAND HAVEN,Pier/Dock,Lean Lake Trout,7,Catch,0
2022,GRAND HAVEN,Pier/Dock,Lean Lake Trout,7,Harvest,0
2022,GRAND HAVEN,Pier/Dock,Northern Pike,7,Catch,0
2022,GRAND HAVEN,Pier/Dock,Northern Pike,7,Harvest,0
2022,GRAND HAVEN,Pier/Dock,,7,Angler Hours,6410
2022,GRAND HAVEN,Pier/Dock,Other,7,Catch,0
2022,GRAND HAVEN,Pier/Dock,Other,7,Harvest,0
2022,GRAND HAVEN,Pier/Dock,Pink Salmon,7,Catch,0
2022,GRAND HAVEN,Pier/Dock,Pink Salmon,7,Harvest,0
2022,GRAND HAVEN,Pier/Dock,Pumpkinseed,7,Catch,4
2022,GRAND HAVEN,Pier/Dock,Pumpkinseed,7,Harvest,4
2022,GRAND HAVEN,Pier/Dock,Rockbass,7,Catch,10
2022,GRAND HAVEN,Pier/Dock,Rockbass,7,Harvest,0
2022,GRAND HAVEN,Pier/Dock,Round Whitefish,7,Catch,0
2022,GRAND HAVEN,Pier/Dock,Round Whitefish,7,Harvest,0
2022,GRAND HAVEN,Pier/Dock,Smallmouth Bass,7,Catch,20
2022,GRAND HAVEN,Pier/Dock,Smallmouth Bass,7,Harvest,0
2022,GRAND HAVEN,Pier/Dock,Steelhead,7,Catch,0
2022,GRAND HAVEN,Pier/Dock,Steelhead,7,Harvest,0
2022,GRAND HAVEN,Pier/Dock,Walleye,7,Catch,0
2022,GRAND HAVEN,Pier/Dock,Walleye,7,Harvest,0
2022,GRAND HAVEN,Pier/Dock,White Perch,7,Catch,0
2022,GRAND HAVEN,Pier/Dock,White Perch,7,Harvest,0
2022,GRAND HAVEN,Pier/Dock,Yellow Perch,7,Catch,0
2022,GRAND HAVEN,Pier/Dock,Yellow Perch,7,Harvest,0
2022,GRAND HAVEN,Pier/Dock,Atlantic Salmon,8,Catch,0
2022,GRAND HAVEN,Pier/Dock,Atlantic Salmon,8,Harvest,0
2022,GRAND HAVEN,Pier/Dock,Black Crappie,8,Catch,0
2022,GRAND HAVEN,Pier/Dock,Black Crappie,8,Harvest,0
2022,GRAND HAVEN,Pier/Dock,Bluegill,8,Catch,2955
2022,GRAND HAVEN,Pier/Dock,Bluegill,8,Harvest,1860
2022,GRAND HAVEN,Pier/Dock,Brook Trout,8,Catch,0
2022,GRAND HAVEN,Pier/Dock,Brook Trout,8,Harvest,0
2022,GRAND HAVEN,Pier/Dock,Brown Trout,8,Catch,0
2022,GRAND HAVEN,Pier/Dock,Brown Trout,8,Harvest,0
2022,GRAND HAVEN,Pier/Dock,Carp,8,Catch,15
2022,GRAND HAVEN,Pier/Dock,Carp,8,Harvest,0
2022,GRAND HAVEN,Pier/Dock,Channel Catfish,8,Catch,40
2022,GRAND HAVEN,Pier/Dock,Channel Catfish,8,Harvest,0
2022,GRAND HAVEN,Pier/Dock,Chinook Salmon,8,Catch,0
2022,GRAND HAVEN,Pier/Dock,Chinook Salmon,8,Harvest,0
2022,GRAND HAVEN,Pier/Dock,Coho Salmon,8,Catch,36
2022,GRAND HAVEN,Pier/Dock,Coho Salmon,8,Harvest,23
2022,GRAND HAVEN,Pier/Dock,Common White Sucker,8,Catch,0
2022,GRAND HAVEN,Pier/Dock,Common White Sucker,8,Harvest,0
2022,GRAND HAVEN,Pier/Dock,Drum,8,Catch,490
2022,GRAND HAVEN,Pier/Dock,Drum,8,Harvest,0
2022,GRAND HAVEN,Pier/Dock,Fat Lake Trout,8,Catch,0
2022,GRAND HAVEN,Pier/Dock,Fat Lake Trout,8,Harvest,0
2022,GRAND HAVEN,Pier/Dock,Lake Herring,8,Catch,0
2022,GRAND HAVEN,Pier/Dock,Lake Herring,8,Harvest,0
2022,GRAND HAVEN,Pier/Dock,Lake Whitefish,8,Catch,0
2022,GRAND HAVEN,Pier/Dock,Lake Whitefish,8,Harvest,0
2022,GRAND HAVEN,Pier/Dock,Largemouth Bass,8,Catch,592
2022,GRAND HAVEN,Pier/Dock,Largemouth Bass,8,Harvest,105
2022,GRAND HAVEN,Pier/Dock,Lean Lake Trout,8,Catch,0
2022,GRAND HAVEN,Pier/Dock,Lean Lake Trout,8,Harvest,0
2022,GRAND HAVEN,Pier/Dock,Northern Pike,8,Catch,0
2022,GRAND HAVEN,Pier/Dock,Northern Pike,8,Harvest,0
2022,GRAND HAVEN,Pier/Dock,,8,Angler Hours,4849
2022,GRAND HAVEN,Pier/Dock,Other,8,Catch,6
2022,GRAND HAVEN,Pier/Dock,Other,8,Harvest,0
2022,GRAND HAVEN,Pier/Dock,Pink Salmon,8,Catch,0
2022,GRAND HAVEN,Pier/Dock,Pink Salmon,8,Harvest,0
2022,GRAND HAVEN,Pier/Dock,Pumpkinseed,8,Catch,0
2022,GRAND HAVEN,Pier/Dock,Pumpkinseed,8,Harvest,0
2022,GRAND HAVEN,Pier/Dock,Rockbass,8,Catch,8
2022,GRAND HAVEN,Pier/Dock,Rockbass,8,Harvest,0
2022,GRAND HAVEN,Pier/Dock,Round Whitefish,8,Catch,0
2022,GRAND HAVEN,Pier/Dock,Round Whitefish,8,Harvest,0
2022,GRAND HAVEN,Pier/Dock,Smallmouth Bass,8,Catch,55
2022,GRAND HAVEN,Pier/Dock,Smallmouth Bass,8,Harvest,0
2022,GRAND HAVEN,Pier/Dock,Steelhead,8,Catch,77
2022,GRAND HAVEN,Pier/Dock,Steelhead,8,Harvest,76
2022,GRAND HAVEN,Pier/Dock,Walleye,8,Catch,15
2022,GRAND HAVEN,Pier/Dock,Walleye,8,Harvest,0
2022,GRAND HAVEN,Pier/Dock,White Perch,8,Catch,17
2022,GRAND HAVEN,Pier/Dock,White Perch,8,Harvest,0
2022,GRAND HAVEN,Pier/Dock,Yellow Perch,8,Catch,519
2022,GRAND HAVEN,Pier/Dock,Yellow Perch,8,Harvest,448
2022,GRAND HAVEN,Pier/Dock,Atlantic Salmon,9,Catch,0
2022,GRAND HAVEN,Pier/Dock,Atlantic Salmon,9,Harvest,0
2022,GRAND HAVEN,Pier/Dock,Black Crappie,9,Catch,0
2022,GRAND HAVEN,Pier/Dock,Black Crappie,9,Harvest,0
2022,GRAND HAVEN,Pier/Dock,Bluegill,9,Catch,280
2022,GRAND HAVEN,Pier/Dock,Bluegill,9,Harvest,206
2022,GRAND HAVEN,Pier/Dock,Brook Trout,9,Catch,0
2022,GRAND HAVEN,Pier/Dock,Brook Trout,9,Harvest,0
2022,GRAND HAVEN,Pier/Dock,Brown Trout,9,Catch,0
2022,GRAND HAVEN,Pier/Dock,Brown Trout,9,Harvest,0
2022,GRAND HAVEN,Pier/Dock,Carp,9,Catch,0
2022,GRAND HAVEN,Pier/Dock,Carp,9,Harvest,0
2022,GRAND HAVEN,Pier/Dock,Channel Catfish,9,Catch,42
2022,GRAND HAVEN,Pier/Dock,Channel Catfish,9,Harvest,0
2022,GRAND HAVEN,Pier/Dock,Chinook Salmon,9,Catch,64
2022,GRAND HAVEN,Pier/Dock,Chinook Salmon,9,Harvest,64
2022,GRAND HAVEN,Pier/Dock,Coho Salmon,9,Catch,14
2022,GRAND HAVEN,Pier/Dock,Coho Salmon,9,Harvest,13
2022,GRAND HAVEN,Pier/Dock,Common White Sucker,9,Catch,0
2022,GRAND HAVEN,Pier/Dock,Common White Sucker,9,Harvest,0
2022,GRAND HAVEN,Pier/Dock,Drum,9,Catch,74
2022,GRAND HAVEN,Pier/Dock,Drum,9,Harvest,0
2022,GRAND HAVEN,Pier/Dock,Fat Lake Trout,9,Catch,0
2022,GRAND HAVEN,Pier/Dock,Fat Lake Trout,9,Harvest,0
2022,GRAND HAVEN,Pier/Dock,Lake Herring,9,Catch,0
2022,GRAND HAVEN,Pier/Dock,Lake Herring,9,Harvest,0
2022,GRAND HAVEN,Pier/Dock,Lake Whitefish,9,Catch,0
2022,GRAND HAVEN,Pier/Dock,Lake Whitefish,9,Harvest,0
2022,GRAND HAVEN,Pier/Dock,Largemouth Bass,9,Catch,73
2022,GRAND HAVEN,Pier/Dock,Largemouth Bass,9,Harvest,14
2022,GRAND HAVEN,Pier/Dock,Lean Lake Trout,9,Catch,0
2022,GRAND HAVEN,Pier/Dock,Lean Lake Trout,9,Harvest,0
2022,GRAND HAVEN,Pier/Dock,Northern Pike,9,Catch,0
2022,GRAND HAVEN,Pier/Dock,Northern Pike,9,Harvest,0
2022,GRAND HAVEN,Pier/Dock,,9,Angler Hours,3726
2022,GRAND HAVEN,Pier/Dock,Other,9,Catch,0
2022,GRAND HAVEN,Pier/Dock,Other,9,Harvest,0
2022,GRAND HAVEN,Pier/Dock,Pink Salmon,9,Catch,0
2022,GRAND HAVEN,Pier/Dock,Pink Salmon,9,Harvest,0
2022,GRAND HAVEN,Pier/Dock,Pumpkinseed,9,Catch,0
2022,GRAND HAVEN,Pier/Dock,Pumpkinseed,9,Harvest,0
2022,GRAND HAVEN,Pier/Dock,Rockbass,9,Catch,78
2022,GRAND HAVEN,Pier/Dock,Rockbass,9,Harvest,0
2022,GRAND HAVEN,Pier/Dock,Round Whitefish,9,Catch,0
2022,GRAND HAVEN,Pier/Dock,Round Whitefish,9,Harvest,0
2022,GRAND HAVEN,Pier/Dock,Smallmouth Bass,9,Catch,29
2022,GRAND HAVEN,Pier/Dock,Smallmouth Bass,9,Harvest,0
2022,GRAND HAVEN,Pier/Dock,Steelhead,9,Catch,0
2022,GRAND HAVEN,Pier/Dock,Steelhead,9,Harvest,0
2022,GRAND HAVEN,Pier/Dock,Walleye,9,Catch,0
2022,GRAND HAVEN,Pier/Dock,Walleye,9,Harvest,0
2022,GRAND HAVEN,Pier/Dock,White Perch,9,Catch,162
2022,GRAND HAVEN,Pier/Dock,White Perch,9,Harvest,162
2022,GRAND HAVEN,Pier/Dock,Yellow Perch,9,Catch,15
2022,GRAND HAVEN,Pier/Dock,Yellow Perch,9,Harvest,14
2022,GRAND HAVEN,Pier/Dock,Atlantic Salmon,10,Catch,0
2022,GRAND HAVEN,Pier/Dock,Atlantic Salmon,10,Harvest,0
2022,GRAND HAVEN,Pier/Dock,Black Crappie,10,Catch,0
2022,GRAND HAVEN,Pier/Dock,Black Crappie,10,Harvest,0
2022,GRAND HAVEN,Pier/Dock,Bluegill,10,Catch,0
2022,GRAND HAVEN,Pier/Dock,Bluegill,10,Harvest,0
2022,GRAND HAVEN,Pier/Dock,Brook Trout,10,Catch,0
2022,GRAND HAVEN,Pier/Dock,Brook Trout,10,Harvest,0
2022,GRAND HAVEN,Pier/Dock,Brown Trout,10,Catch,0
2022,GRAND HAVEN,Pier/Dock,Brown Trout,10,Harvest,0
2022,GRAND HAVEN,Pier/Dock,Carp,10,Catch,0
2022,GRAND HAVEN,Pier/Dock,Carp,10,Harvest,0
2022,GRAND HAVEN,Pier/Dock,Channel Catfish,10,Catch,0
2022,GRAND HAVEN,Pier/Dock,Channel Catfish,10,Harvest,0
2022,GRAND HAVEN,Pier/Dock,Chinook Salmon,10,Catch,17
2022,GRAND HAVEN,Pier/Dock,Chinook Salmon,10,Harvest,16
2022,GRAND HAVEN,Pier/Dock,Coho Salmon,10,Catch,0
2022,GRAND HAVEN,Pier/Dock,Coho Salmon,10,Harvest,0
2022,GRAND HAVEN,Pier/Dock,Common White Sucker,10,Catch,0
2022,GRAND HAVEN,Pier/Dock,Common White Sucker,10,Harvest,0
2022,GRAND HAVEN,Pier/Dock,Drum,10,Catch,0
2022,GRAND HAVEN,Pier/Dock,Drum,10,Harvest,0
2022,GRAND HAVEN,Pier/Dock,Fat Lake Trout,10,Catch,0
2022,GRAND HAVEN,Pier/Dock,Fat Lake Trout,10,Harvest,0
2022,GRAND HAVEN,Pier/Dock,Lake Herring,10,Catch,0
2022,GRAND HAVEN,Pier/Dock,Lake Herring,10,Harvest,0
2022,GRAND HAVEN,Pier/Dock,Lake Whitefish,10,Catch,0
2022,GRAND HAVEN,Pier/Dock,Lake Whitefish,10,Harvest,0
2022,GRAND HAVEN,Pier/Dock,Largemouth Bass,10,Catch,0
2022,GRAND HAVEN,Pier/Dock,Largemouth Bass,10,Harvest,0
2022,GRAND HAVEN,Pier/Dock,Lean Lake Trout,10,Catch,0
2022,GRAND HAVEN,Pier/Dock,Lean Lake Trout,10,Harvest,0
2022,GRAND HAVEN,Pier/Dock,Northern Pike,10,Catch,0
2022,GRAND HAVEN,Pier/Dock,Northern Pike,10,Harvest,0
2022,GRAND HAVEN,Pier/Dock,,10,Angler Hours,2378
2022,GRAND HAVEN,Pier/Dock,Other,10,Catch,0
2022,GRAND HAVEN,Pier/Dock,Other,10,Harvest,0
2022,GRAND HAVEN,Pier/Dock,Pink Salmon,10,Catch,0
2022,GRAND HAVEN,Pier/Dock,Pink Salmon,10,Harvest,0
2022,GRAND HAVEN,Pier/Dock,Pumpkinseed,10,Catch,0
2022,GRAND HAVEN,Pier/Dock,Pumpkinseed,10,Harvest,0
2022,GRAND HAVEN,Pier/Dock,Rockbass,10,Catch,0
2022,GRAND HAVEN,Pier/Dock,Rockbass,10,Harvest,0
2022,GRAND HAVEN,Pier/Dock,Round Whitefish,10,Catch,0
2022,GRAND HAVEN,Pier/Dock,Round Whitefish,10,Harvest,0
2022,GRAND HAVEN,Pier/Dock,Smallmouth Bass,10,Catch,0
2022,GRAND HAVEN,Pier/Dock,Smallmouth Bass,10,Harvest,0
2022,GRAND HAVEN,Pier/Dock,Steelhead,10,Catch,482
2022,GRAND HAVEN,Pier/Dock,Steelhead,10,Harvest,259
2022,GRAND HAVEN,Pier/Dock,Walleye,10,Catch,0
2022,GRAND HAVEN,Pier/Dock,Walleye,10,Harvest,0
2022,GRAND HAVEN,Pier/Dock,White Perch,10,Catch,0
2022,GRAND HAVEN,Pier/Dock,White Perch,10,Harvest,0
2022,GRAND HAVEN,Pier/Dock,Yellow Perch,10,Catch,0
2022,GRAND HAVEN,Pier/Dock,Yellow Perch,10,Harvest,0
1989,LUDINGTON,Pier/Dock,Brown Trout,5,Harvest,76
1989,LUDINGTON,Pier/Dock,Chinook Salmon,5,Harvest,52
1989,LUDINGTON,Pier/Dock,,5,Angler Hours,3200
1989,LUDINGTON,Pier/Dock,Yellow Perch,5,Harvest,83
1989,LUDINGTON,Pier/Dock,Lean Lake Trout,6,Harvest,116
1989,LUDINGTON,Pier/Dock,,6,Angler Hours,17691
1989,LUDINGTON,Pier/Dock,Yellow Perch,6,Harvest,25593
1989,LUDINGTON,Pier/Dock,,7,Angler Hours,20106
1989,LUDINGTON,Pier/Dock,Rockbass,7,Harvest,156
1989,LUDINGTON,Pier/Dock,Smallmouth Bass,7,Harvest,35
1989,LUDINGTON,Pier/Dock,Yellow Perch,7,Harvest,9268
1989,LUDINGTON,Pier/Dock,,8,Angler Hours,5352
1989,LUDINGTON,Pier/Dock,Rockbass,8,Harvest,128
1989,LUDINGTON,Pier/Dock,Yellow Perch,8,Harvest,85
1989,LUDINGTON,Pier/Dock,Chinook Salmon,9,Harvest,17
1989,LUDINGTON,Pier/Dock,,9,Angler Hours,5808
1989,LUDINGTON,Pier/Dock,Brown Trout,10,Harvest,19
1989,LUDINGTON,Pier/Dock,,10,Angler Hours,5653
1989,LUDINGTON,Pier/Dock,Round Whitefish,10,Harvest,27
1989,LUDINGTON,Pier/Dock,Steelhead,10,Harvest,367
1990,LUDINGTON,Pier/Dock,Brown Trout,4,Harvest,43
1990,LUDINGTON,Pier/Dock,,4,Angler Hours,1847
1990,LUDINGTON,Pier/Dock,Brown Trout,5,Harvest,142
1990,LUDINGTON,Pier/Dock,,5,Angler Hours,1208
1990,LUDINGTON,Pier/Dock,Yellow Perch,5,Harvest,7
1990,LUDINGTON,Pier/Dock,,6,Angler Hours,5542
1990,LUDINGTON,Pier/Dock,Yellow Perch,6,Harvest,2711
1990,LUDINGTON,Pier/Dock,,7,Angler Hours,5841
1990,LUDINGTON,Pier/Dock,Yellow Perch,7,Harvest,416
1990,LUDINGTON,Pier/Dock,Brown Trout,8,Harvest,140
1990,LUDINGTON,Pier/Dock,Chinook Salmon,8,Harvest,301
1990,LUDINGTON,Pier/Dock,Coho Salmon,8,Harvest,7
1990,LUDINGTON,Pier/Dock,,8,Angler Hours,4322
1990,LUDINGTON,Pier/Dock,Rockbass,8,Harvest,14
1990,LUDINGTON,Pier/Dock,Steelhead,8,Harvest,3
1990,LUDINGTON,Pier/Dock,Brown Trout,9,Harvest,87
1990,LUDINGTON,Pier/Dock,Chinook Salmon,9,Harvest,171
1990,LUDINGTON,Pier/Dock,Coho Salmon,9,Harvest,25
1990,LUDINGTON,Pier/Dock,,9,Angler Hours,2533
1990,LUDINGTON,Pier/Dock,Steelhead,9,Harvest,23
1990,LUDINGTON,Pier/Dock,,10,Angler Hours,1480
1990,LUDINGTON,Pier/Dock,Round Whitefish,10,Harvest,115
1990,LUDINGTON,Pier/Dock,Steelhead,10,Harvest,61
1991,LUDINGTON,Pier/Dock,Brook Trout,4,Harvest,26
1991,LUDINGTON,Pier/Dock,Brown Trout,4,Harvest,54
1991,LUDINGTON,Pier/Dock,,4,Angler Hours,1955
1991,LUDINGTON,Pier/Dock,Steelhead,4,Harvest,65
1991,LUDINGTON,Pier/Dock,Brown Trout,5,Harvest,52
1991,LUDINGTON,Pier/Dock,,5,Angler Hours,2339
1991,LUDINGTON,Pier/Dock,Yellow Perch,5,Harvest,247
1991,LUDINGTON,Pier/Dock,Chinook Salmon,6,Harvest,14
1991,LUDINGTON,Pier/Dock,,6,Angler Hours,6053
1991,LUDINGTON,Pier/Dock,Yellow Perch,6,Harvest,1728
1991,LUDINGTON,Pier/Dock,Chinook Salmon,7,Harvest,63
1991,LUDINGTON,Pier/Dock,,7,Angler Hours,7257
1991,LUDINGTON,Pier/Dock,Yellow Perch,7,Harvest,22234
1991,LUDINGTON,Pier/Dock,Brown Trout,8,Harvest,193
1991,LUDINGTON,Pier/Dock,,8,Angler Hours,6112
1991,LUDINGTON,Pier/Dock,Yellow Perch,8,Harvest,471
1991,LUDINGTON,Pier/Dock,,9,Angler Hours,904
1991,LUDINGTON,Pier/Dock,,10,Angler Hours,1863
1991,LUDINGTON,Pier/Dock,Round Whitefish,10,Harvest,23
1991,LUDINGTON,Pier/Dock,Steelhead,10,Harvest,82
1992,LUDINGTON,Pier/Dock,Brown Trout,4,Harvest,28
1992,LUDINGTON,Pier/Dock,,4,Angler Hours,1181
1992,LUDINGTON,Pier/Dock,Brown Trout,5,Harvest,42
1992,LUDINGTON,Pier/Dock,,5,Angler Hours,1010
1992,LUDINGTON,Pier/Dock,Steelhead,5,Harvest,1
1992,LUDINGTON,Pier/Dock,Yellow Perch,5,Harvest,356
1992,LUDINGTON,Pier/Dock,Brown Trout,6,Harvest,24
1992,LUDINGTON,Pier/Dock,,6,Angler Hours,14235
1992,LUDINGTON,Pier/Dock,Yellow Perch,6,Harvest,16262
1992,LUDINGTON,Pier/Dock,,7,Angler Hours,9780
1992,LUDINGTON,Pier/Dock,Yellow Perch,7,Harvest,2810
1992,LUDINGTON,Pier/Dock,Brown Trout,8,Harvest,17
1992,LUDINGTON,Pier/Dock,Chinook Salmon,8,Harvest,90
1992,LUDINGTON,Pier/Dock,Coho Salmon,8,Harvest,38
1992,LUDINGTON,Pier/Dock,,8,Angler Hours,7603
1992,LUDINGTON,Pier/Dock,Yellow Perch,8,Harvest,562
1992,LUDINGTON,Pier/Dock,Brown Trout,9,Harvest,25
1992,LUDINGTON,Pier/Dock,,9,Angler Hours,2208
1992,LUDINGTON,Pier/Dock,Brown Trout,10,Harvest,81
1992,LUDINGTON,Pier/Dock,Chinook Salmon,10,Harvest,12
1992,LUDINGTON,Pier/Dock,Common White Sucker,10,Harvest,10
1992,LUDINGTON,Pier/Dock,,10,Angler Hours,3370
1992,LUDINGTON,Pier/Dock,Round Whitefish,10,Harvest,76
1992,LUDINGTON,Pier/Dock,Steelhead,10,Harvest,243
1993,LUDINGTON,Pier/Dock,Brown Trout,4,Harvest,69
1993,LUDINGTON,Pier/Dock,,4,Angler Hours,1811
1993,LUDINGTON,Pier/Dock,Round Whitefish,4,Harvest,22
1993,LUDINGTON,Pier/Dock,,5,Angler Hours,957
1993,LUDINGTON,Pier/Dock,Bluegill,6,Harvest,13
1993,LUDINGTON,Pier/Dock,Brown Trout,6,Harvest,57
1993,LUDINGTON,Pier/Dock,,6,Angler Hours,5180
1993,LUDINGTON,Pier/Dock,White Perch,6,Harvest,41
1993,LUDINGTON,Pier/Dock,Yellow Perch,6,Harvest,2924
1993,LUDINGTON,Pier/Dock,,7,Angler Hours,8109
1993,LUDINGTON,Pier/Dock,Rockbass,7,Harvest,5
1993,LUDINGTON,Pier/Dock,Yellow Perch,7,Harvest,7381
1993,LUDINGTON,Pier/Dock,,8,Angler Hours,8386
1993,LUDINGTON,Pier/Dock,Yellow Perch,8,Harvest,1763
1993,LUDINGTON,Pier/Dock,Brown Trout,9,Harvest,35
1993,LUDINGTON,Pier/Dock,Chinook Salmon,9,Harvest,10
1993,LUDINGTON,Pier/Dock,,9,Angler Hours,1724
1993,LUDINGTON,Pier/Dock,Brown Trout,10,Harvest,14
1993,LUDINGTON,Pier/Dock,Coho Salmon,10,Harvest,25
1993,LUDINGTON,Pier/Dock,,10,Angler Hours,2400
1993,LUDINGTON,Pier/Dock,Round Whitefish,10,Harvest,226
1993,LUDINGTON,Pier/Dock,Steelhead,10,Harvest,118
1994,LUDINGTON,Pier/Dock,Brown Trout,4,Harvest,158
1994,LUDINGTON,Pier/Dock,Chinook Salmon,4,Harvest,0
1994,LUDINGTON,Pier/Dock,Coho Salmon,4,Harvest,0
1994,LUDINGTON,Pier/Dock,,4,Angler Hours,2209
1994,LUDINGTON,Pier/Dock,Round Whitefish,4,Harvest,14
1994,LUDINGTON,Pier/Dock,Steelhead,4,Harvest,22
1994,LUDINGTON,Pier/Dock,Yellow Perch,4,Harvest,0
1994,LUDINGTON,Pier/Dock,Brown Trout,5,Harvest,20
1994,LUDINGTON,Pier/Dock,Chinook Salmon,5,Harvest,0
1994,LUDINGTON,Pier/Dock,Coho Salmon,5,Harvest,0
1994,LUDINGTON,Pier/Dock,,5,Angler Hours,814
1994,LUDINGTON,Pier/Dock,Round Whitefish,5,Harvest,0
1994,LUDINGTON,Pier/Dock,Steelhead,5,Harvest,0
1994,LUDINGTON,Pier/Dock,Yellow Perch,5,Harvest,0
1994,LUDINGTON,Pier/Dock,Brown Trout,6,Harvest,0
1994,LUDINGTON,Pier/Dock,Chinook Salmon,6,Harvest,0
1994,LUDINGTON,Pier/Dock,Coho Salmon,6,Harvest,0
1994,LUDINGTON,Pier/Dock,,6,Angler Hours,3978
1994,LUDINGTON,Pier/Dock,Round Whitefish,6,Harvest,0
1994,LUDINGTON,Pier/Dock,Steelhead,6,Harvest,0
1994,LUDINGTON,Pier/Dock,Yellow Perch,6,Harvest,816
1994,LUDINGTON,Pier/Dock,Brown Trout,7,Harvest,34
1994,LUDINGTON,Pier/Dock,Chinook Salmon,7,Harvest,0
1994,LUDINGTON,Pier/Dock,Coho Salmon,7,Harvest,0
1994,LUDINGTON,Pier/Dock,,7,Angler Hours,4502
1994,LUDINGTON,Pier/Dock,Round Whitefish,7,Harvest,0
1994,LUDINGTON,Pier/Dock,Steelhead,7,Harvest,0
1994,LUDINGTON,Pier/Dock,Yellow Perch,7,Harvest,428
1994,LUDINGTON,Pier/Dock,Brown Trout,8,Harvest,37
1994,LUDINGTON,Pier/Dock,Chinook Salmon,8,Harvest,29
1994,LUDINGTON,Pier/Dock,Coho Salmon,8,Harvest,10
1994,LUDINGTON,Pier/Dock,,8,Angler Hours,1870
1994,LUDINGTON,Pier/Dock,Round Whitefish,8,Harvest,0
1994,LUDINGTON,Pier/Dock,Steelhead,8,Harvest,0
1994,LUDINGTON,Pier/Dock,Yellow Perch,8,Harvest,0
1994,LUDINGTON,Pier/Dock,Brown Trout,9,Harvest,5
1994,LUDINGTON,Pier/Dock,Chinook Salmon,9,Harvest,0
1994,LUDINGTON,Pier/Dock,Coho Salmon,9,Harvest,0
1994,LUDINGTON,Pier/Dock,,9,Angler Hours,1098
1994,LUDINGTON,Pier/Dock,Round Whitefish,9,Harvest,0
1994,LUDINGTON,Pier/Dock,Steelhead,9,Harvest,0
1994,LUDINGTON,Pier/Dock,Yellow Perch,9,Harvest,0
1994,LUDINGTON,Pier/Dock,Brown Trout,10,Harvest,163
1994,LUDINGTON,Pier/Dock,Chinook Salmon,10,Harvest,0
1994,LUDINGTON,Pier/Dock,Coho Salmon,10,Harvest,0
1994,LUDINGTON,Pier/Dock,,10,Angler Hours,2080
1994,LUDINGTON,Pier/Dock,Round Whitefish,10,Harvest,15
1994,LUDINGTON,Pier/Dock,Steelhead,10,Harvest,39
1994,LUDINGTON,Pier/Dock,Yellow Perch,10,Harvest,0
1995,LUDINGTON,Pier/Dock,Brown Trout,4,Harvest,7
1995,LUDINGTON,Pier/Dock,,4,Angler Hours,1322
1995,LUDINGTON,Pier/Dock,Round Whitefish,4,Harvest,24
1995,LUDINGTON,Pier/Dock,Steelhead,4,Harvest,3
1995,LUDINGTON,Pier/Dock,Chinook Salmon,5,Harvest,4
1995,LUDINGTON,Pier/Dock,,5,Angler Hours,283
1995,LUDINGTON,Pier/Dock,Brown Trout,6,Harvest,17
1995,LUDINGTON,Pier/Dock,,6,Angler Hours,910
1995,LUDINGTON,Pier/Dock,,7,Angler Hours,2916
1995,LUDINGTON,Pier/Dock,Yellow Perch,7,Harvest,528
1995,LUDINGTON,Pier/Dock,Chinook Salmon,8,Harvest,89
1995,LUDINGTON,Pier/Dock,,8,Angler Hours,935
1995,LUDINGTON,Pier/Dock,Chinook Salmon,9,Harvest,2
1995,LUDINGTON,Pier/Dock,,9,Angler Hours,760
1995,LUDINGTON,Pier/Dock,,10,Angler Hours,866
1995,LUDINGTON,Pier/Dock,Round Whitefish,10,Harvest,141
1995,LUDINGTON,Pier/Dock,Steelhead,10,Harvest,12
1996,LUDINGTON,Pier/Dock,Brown Trout,4,Harvest,20
1996,LUDINGTON,Pier/Dock,,4,Angler Hours,1539
1996,LUDINGTON,Pier/Dock,Round Whitefish,4,Harvest,80
1996,LUDINGTON,Pier/Dock,Steelhead,4,Harvest,40
1996,LUDINGTON,Pier/Dock,Brown Trout,5,Harvest,138
1996,LUDINGTON,Pier/Dock,,5,Angler Hours,2167
1996,LUDINGTON,Pier/Dock,Steelhead,5,Harvest,26
1996,LUDINGTON,Pier/Dock,Yellow Perch,5,Harvest,279
1996,LUDINGTON,Pier/Dock,,6,Angler Hours,3168
1996,LUDINGTON,Pier/Dock,Yellow Perch,6,Harvest,624
1996,LUDINGTON,Pier/Dock,Chinook Salmon,7,Harvest,59
1996,LUDINGTON,Pier/Dock,,7,Angler Hours,10689
1996,LUDINGTON,Pier/Dock,Yellow Perch,7,Harvest,4986
1996,LUDINGTON,Pier/Dock,Chinook Salmon,8,Harvest,64
1996,LUDINGTON,Pier/Dock,,8,Angler Hours,8974
1996,LUDINGTON,Pier/Dock,Steelhead,8,Harvest,36
1996,LUDINGTON,Pier/Dock,Yellow Perch,8,Harvest,5221
1996,LUDINGTON,Pier/Dock,Brown Trout,9,Harvest,94
1996,LUDINGTON,Pier/Dock,Chinook Salmon,9,Harvest,56
1996,LUDINGTON,Pier/Dock,,9,Angler Hours,1984
1996,LUDINGTON,Pier/Dock,Yellow Perch,9,Harvest,82
1996,LUDINGTON,Pier/Dock,Brown Trout,10,Harvest,29
1996,LUDINGTON,Pier/Dock,Lake Whitefish,10,Harvest,93
1996,LUDINGTON,Pier/Dock,,10,Angler Hours,2431
1996,LUDINGTON,Pier/Dock,Round Whitefish,10,Harvest,336
1996,LUDINGTON,Pier/Dock,Steelhead,10,Harvest,46
1997,LUDINGTON,Pier/Dock,Brown Trout,4,Catch,286
1997,LUDINGTON,Pier/Dock,Brown Trout,4,Harvest,286
1997,LUDINGTON,Pier/Dock,Chinook Salmon,4,Catch,15
1997,LUDINGTON,Pier/Dock,Chinook Salmon,4,Harvest,15
1997,LUDINGTON,Pier/Dock,,4,Angler Hours,2740
1997,LUDINGTON,Pier/Dock,Yellow Perch,4,Catch,2420
1997,LUDINGTON,Pier/Dock,Yellow Perch,4,Harvest,2420
1997,LUDINGTON,Pier/Dock,Brown Trout,5,Catch,22
1997,LUDINGTON,Pier/Dock,Brown Trout,5,Harvest,22
1997,LUDINGTON,Pier/Dock,,5,Angler Hours,828
1997,LUDINGTON,Pier/Dock,Yellow Perch,5,Catch,7
1997,LUDINGTON,Pier/Dock,Yellow Perch,5,Harvest,7
1997,LUDINGTON,Pier/Dock,,6,Angler Hours,1528
1997,LUDINGTON,Pier/Dock,Yellow Perch,6,Catch,549
1997,LUDINGTON,Pier/Dock,Yellow Perch,6,Harvest,549
1997,LUDINGTON,Pier/Dock,,7,Angler Hours,2848
1997,LUDINGTON,Pier/Dock,Yellow Perch,7,Catch,74
1997,LUDINGTON,Pier/Dock,Yellow Perch,7,Harvest,74
1997,LUDINGTON,Pier/Dock,Brown Trout,8,Catch,429
1997,LUDINGTON,Pier/Dock,Brown Trout,8,Harvest,429
1997,LUDINGTON,Pier/Dock,Chinook Salmon,8,Catch,36
1997,LUDINGTON,Pier/Dock,Chinook Salmon,8,Harvest,36
1997,LUDINGTON,Pier/Dock,,8,Angler Hours,2576
1997,LUDINGTON,Pier/Dock,Brown Trout,9,Catch,53
1997,LUDINGTON,Pier/Dock,Brown Trout,9,Harvest,53
1997,LUDINGTON,Pier/Dock,Coho Salmon,9,Catch,8
1997,LUDINGTON,Pier/Dock,Coho Salmon,9,Harvest,8
1997,LUDINGTON,Pier/Dock,,9,Angler Hours,1926
1997,LUDINGTON,Pier/Dock,Brown Trout,10,Catch,9
1997,LUDINGTON,Pier/Dock,Brown Trout,10,Harvest,9
1997,LUDINGTON,Pier/Dock,Coho Salmon,10,Catch,5
1997,LUDINGTON,Pier/Dock,Coho Salmon,10,Harvest,5
1997,LUDINGTON,Pier/Dock,Lake Whitefish,10,Catch,105
1997,LUDINGTON,Pier/Dock,Lake Whitefish,10,Harvest,105
1997,LUDINGTON,Pier/Dock,,10,Angler Hours,775
1997,LUDINGTON,Pier/Dock,Steelhead,10,Catch,0
1998,LUDINGTON,Pier/Dock,Brown Trout,4,Catch,35
1998,LUDINGTON,Pier/Dock,Brown Trout,4,Harvest,35
1998,LUDINGTON,Pier/Dock,,4,Angler Hours,2289
1998,LUDINGTON,Pier/Dock,Steelhead,4,Catch,9
1998,LUDINGTON,Pier/Dock,Steelhead,4,Harvest,9
1998,LUDINGTON,Pier/Dock,,5,Angler Hours,1575
1998,LUDINGTON,Pier/Dock,Yellow Perch,5,Catch,502
1998,LUDINGTON,Pier/Dock,Yellow Perch,5,Harvest,502
1998,LUDINGTON,Pier/Dock,,6,Angler Hours,2114
1998,LUDINGTON,Pier/Dock,Smallmouth Bass,6,Catch,12
1998,LUDINGTON,Pier/Dock,Smallmouth Bass,6,Harvest,12
1998,LUDINGTON,Pier/Dock,Yellow Perch,6,Catch,484
1998,LUDINGTON,Pier/Dock,Yellow Perch,6,Harvest,484
1998,LUDINGTON,Pier/Dock,,7,Angler Hours,2890
1998,LUDINGTON,Pier/Dock,Coho Salmon,8,Catch,15
1998,LUDINGTON,Pier/Dock,Coho Salmon,8,Harvest,15
1998,LUDINGTON,Pier/Dock,,8,Angler Hours,1900
1998,LUDINGTON,Pier/Dock,Coho Salmon,9,Catch,44
1998,LUDINGTON,Pier/Dock,Coho Salmon,9,Harvest,44
1998,LUDINGTON,Pier/Dock,,9,Angler Hours,1358
1998,LUDINGTON,Pier/Dock,Brown Trout,10,Catch,6
1998,LUDINGTON,Pier/Dock,Brown Trout,10,Harvest,6
1998,LUDINGTON,Pier/Dock,,10,Angler Hours,1392
1998,LUDINGTON,Pier/Dock,Steelhead,10,Catch,32
1998,LUDINGTON,Pier/Dock,Steelhead,10,Harvest,32
1999,LUDINGTON,Pier/Dock,Brown Trout,4,Catch,29
1999,LUDINGTON,Pier/Dock,Brown Trout,4,Harvest,29
1999,LUDINGTON,Pier/Dock,,4,Angler Hours,1072
1999,LUDINGTON,Pier/Dock,Brown Trout,5,Catch,47
1999,LUDINGTON,Pier/Dock,Brown Trout,5,Harvest,47
1999,LUDINGTON,Pier/Dock,,5,Angler Hours,770
1999,LUDINGTON,Pier/Dock,,6,Angler Hours,171
1999,LUDINGTON,Pier/Dock,Yellow Perch,6,Catch,66
1999,LUDINGTON,Pier/Dock,Yellow Perch,6,Harvest,66
1999,LUDINGTON,Pier/Dock,,7,Angler Hours,340
1999,LUDINGTON,Pier/Dock,,8,Angler Hours,667
1999,LUDINGTON,Pier/Dock,,9,Angler Hours,767
1999,LUDINGTON,Pier/Dock,Brown Trout,10,Catch,103
1999,LUDINGTON,Pier/Dock,Brown Trout,10,Harvest,103
1999,LUDINGTON,Pier/Dock,,10,Angler Hours,2449
1999,LUDINGTON,Pier/Dock,Round Whitefish,10,Catch,5
1999,LUDINGTON,Pier/Dock,Round Whitefish,10,Harvest,5
1999,LUDINGTON,Pier/Dock,Steelhead,10,Catch,629
1999,LUDINGTON,Pier/Dock,Steelhead,10,Harvest,629
2000,LUDINGTON,Pier/Dock,Brown Trout,4,Catch,63
2000,LUDINGTON,Pier/Dock,Brown Trout,4,Harvest,63
2000,LUDINGTON,Pier/Dock,,4,Angler Hours,438
2000,LUDINGTON,Pier/Dock,Round Whitefish,4,Catch,23
2000,LUDINGTON,Pier/Dock,Round Whitefish,4,Harvest,23
2000,LUDINGTON,Pier/Dock,,5,Angler Hours,149
2000,LUDINGTON,Pier/Dock,,6,Angler Hours,330
2000,LUDINGTON,Pier/Dock,,7,Angler Hours,1008
2000,LUDINGTON,Pier/Dock,,8,Angler Hours,919
2000,LUDINGTON,Pier/Dock,Chinook Salmon,9,Catch,9
2000,LUDINGTON,Pier/Dock,Chinook Salmon,9,Harvest,9
2000,LUDINGTON,Pier/Dock,Northern Pike,9,Catch,9
2000,LUDINGTON,Pier/Dock,Northern Pike,9,Harvest,9
2000,LUDINGTON,Pier/Dock,,9,Angler Hours,529
2000,LUDINGTON,Pier/Dock,,10,Angler Hours,2996
2000,LUDINGTON,Pier/Dock,Round Whitefish,10,Catch,6
2000,LUDINGTON,Pier/Dock,Round Whitefish,10,Harvest,6
2000,LUDINGTON,Pier/Dock,Steelhead,10,Catch,372
2000,LUDINGTON,Pier/Dock,Steelhead,10,Harvest,372
2001,LUDINGTON,Pier/Dock,Brown Trout,4,Catch,35
2001,LUDINGTON,Pier/Dock,Brown Trout,4,Harvest,35
2001,LUDINGTON,Pier/Dock,Northern Pike,4,Catch,18
2001,LUDINGTON,Pier/Dock,,4,Angler Hours,1142
2001,LUDINGTON,Pier/Dock,,5,Angler Hours,419
2001,LUDINGTON,Pier/Dock,,6,Angler Hours,475
2001,LUDINGTON,Pier/Dock,,7,Angler Hours,904
2001,LUDINGTON,Pier/Dock,Chinook Salmon,8,Catch,84
2001,LUDINGTON,Pier/Dock,Chinook Salmon,8,Harvest,84
2001,LUDINGTON,Pier/Dock,,8,Angler Hours,839
2001,LUDINGTON,Pier/Dock,,9,Angler Hours,650
2001,LUDINGTON,Pier/Dock,,10,Angler Hours,2200
2001,LUDINGTON,Pier/Dock,Steelhead,10,Catch,212
2001,LUDINGTON,Pier/Dock,Steelhead,10,Harvest,212
2002,LUDINGTON,Pier/Dock,Brown Trout,4,Catch,105
2002,LUDINGTON,Pier/Dock,Brown Trout,4,Harvest,105
2002,LUDINGTON,Pier/Dock,,4,Angler Hours,2304
2002,LUDINGTON,Pier/Dock,Steelhead,4,Catch,9
2002,LUDINGTON,Pier/Dock,Steelhead,4,Harvest,9
2002,LUDINGTON,Pier/Dock,,5,Angler Hours,131
2002,LUDINGTON,Pier/Dock,,6,Angler Hours,708
2002,LUDINGTON,Pier/Dock,Pink Salmon,6,Catch,7
2002,LUDINGTON,Pier/Dock,Pink Salmon,6,Harvest,7
2002,LUDINGTON,Pier/Dock,,7,Angler Hours,1588
2002,LUDINGTON,Pier/Dock,Smallmouth Bass,7,Catch,85
2002,LUDINGTON,Pier/Dock,Yellow Perch,7,Catch,9
2002,LUDINGTON,Pier/Dock,Yellow Perch,7,Harvest,9
2002,LUDINGTON,Pier/Dock,Chinook Salmon,8,Catch,29
2002,LUDINGTON,Pier/Dock,Chinook Salmon,8,Harvest,29
2002,LUDINGTON,Pier/Dock,,8,Angler Hours,1142
2002,LUDINGTON,Pier/Dock,Chinook Salmon,9,Catch,95
2002,LUDINGTON,Pier/Dock,Chinook Salmon,9,Harvest,95
2002,LUDINGTON,Pier/Dock,Coho Salmon,9,Catch,12
2002,LUDINGTON,Pier/Dock,Coho Salmon,9,Harvest,12
2002,LUDINGTON,Pier/Dock,,9,Angler Hours,1120
2002,LUDINGTON,Pier/Dock,Steelhead,9,Catch,11
2002,LUDINGTON,Pier/Dock,Steelhead,9,Harvest,11
2002,LUDINGTON,Pier/Dock,Coho Salmon,10,Catch,25
2002,LUDINGTON,Pier/Dock,Coho Salmon,10,Harvest,25
2002,LUDINGTON,Pier/Dock,Lean Lake Trout,10,Catch,8
2002,LUDINGTON,Pier/Dock,Lean Lake Trout,10,Harvest,8
2002,LUDINGTON,Pier/Dock,,10,Angler Hours,1270
2002,LUDINGTON,Pier/Dock,Steelhead,10,Catch,50
2002,LUDINGTON,Pier/Dock,Steelhead,10,Harvest,50
2003,LUDINGTON,Pier/Dock,Brown Trout,4,Catch,80
2003,LUDINGTON,Pier/Dock,Brown Trout,4,Harvest,80
2003,LUDINGTON,Pier/Dock,,4,Angler Hours,1132
2003,LUDINGTON,Pier/Dock,Steelhead,4,Catch,58
2003,LUDINGTON,Pier/Dock,Steelhead,4,Harvest,58
2003,LUDINGTON,Pier/Dock,,5,Angler Hours,74
2003,LUDINGTON,Pier/Dock,,6,Angler Hours,144
2003,LUDINGTON,Pier/Dock,,7,Angler Hours,546
2003,LUDINGTON,Pier/Dock,,8,Angler Hours,1118
2003,LUDINGTON,Pier/Dock,,9,Angler Hours,264
2003,LUDINGTON,Pier/Dock,Chinook Salmon,10,Catch,2
2003,LUDINGTON,Pier/Dock,Chinook Salmon,10,Harvest,2
2003,LUDINGTON,Pier/Dock,,10,Angler Hours,1718
2003,LUDINGTON,Pier/Dock,Steelhead,10,Catch,171
2003,LUDINGTON,Pier/Dock,Steelhead,10,Harvest,139
2004,LUDINGTON,Pier/Dock,,4,Angler Hours,680
2004,LUDINGTON,Pier/Dock,,5,Angler Hours,18
2004,LUDINGTON,Pier/Dock,,6,Angler Hours,327
2004,LUDINGTON,Pier/Dock,Chinook Salmon,7,Catch,280
2004,LUDINGTON,Pier/Dock,Chinook Salmon,7,Harvest,280
2004,LUDINGTON,Pier/Dock,Coho Salmon,7,Catch,28
2004,LUDINGTON,Pier/Dock,Coho Salmon,7,Harvest,28
2004,LUDINGTON,Pier/Dock,,7,Angler Hours,3633
2004,LUDINGTON,Pier/Dock,Chinook Salmon,8,Catch,444
2004,LUDINGTON,Pier/Dock,Chinook Salmon,8,Harvest,444
2004,LUDINGTON,Pier/Dock,,8,Angler Hours,5479
2004,LUDINGTON,Pier/Dock,Yellow Perch,8,Catch,53
2004,LUDINGTON,Pier/Dock,Yellow Perch,8,Harvest,53
2004,LUDINGTON,Pier/Dock,Chinook Salmon,9,Catch,163
2004,LUDINGTON,Pier/Dock,Chinook Salmon,9,Harvest,155
2004,LUDINGTON,Pier/Dock,Coho Salmon,9,Catch,22
2004,LUDINGTON,Pier/Dock,Coho Salmon,9,Harvest,22
2004,LUDINGTON,Pier/Dock,,9,Angler Hours,1056
2004,LUDINGTON,Pier/Dock,Brown Trout,10,Catch,102
2004,LUDINGTON,Pier/Dock,Brown Trout,10,Harvest,88
2004,LUDINGTON,Pier/Dock,Coho Salmon,10,Catch,9
2004,LUDINGTON,Pier/Dock,Coho Salmon,10,Harvest,9
2004,LUDINGTON,Pier/Dock,,10,Angler Hours,2798
2004,LUDINGTON,Pier/Dock,Round Whitefish,10,Catch,30
2004,LUDINGTON,Pier/Dock,Round Whitefish,10,Harvest,30
2004,LUDINGTON,Pier/Dock,Steelhead,10,Catch,225
2004,LUDINGTON,Pier/Dock,Steelhead,10,Harvest,160
2005,LUDINGTON,Pier/Dock,Brown Trout,4,Catch,53
2005,LUDINGTON,Pier/Dock,Brown Trout,4,Harvest,53
2005,LUDINGTON,Pier/Dock,,4,Angler Hours,1519
2005,LUDINGTON,Pier/Dock,Steelhead,4,Catch,6
2005,LUDINGTON,Pier/Dock,Steelhead,4,Harvest,6
2005,LUDINGTON,Pier/Dock,Brown Trout,5,Catch,42
2005,LUDINGTON,Pier/Dock,Brown Trout,5,Harvest,42
2005,LUDINGTON,Pier/Dock,,5,Angler Hours,308
2005,LUDINGTON,Pier/Dock,Brown Trout,6,Catch,5
2005,LUDINGTON,Pier/Dock,,6,Angler Hours,723
2005,LUDINGTON,Pier/Dock,Steelhead,6,Catch,40
2005,LUDINGTON,Pier/Dock,Steelhead,6,Harvest,40
2005,LUDINGTON,Pier/Dock,,7,Angler Hours,2272
2005,LUDINGTON,Pier/Dock,Chinook Salmon,8,Catch,81
2005,LUDINGTON,Pier/Dock,Chinook Salmon,8,Harvest,81
2005,LUDINGTON,Pier/Dock,Coho Salmon,8,Catch,6
2005,LUDINGTON,Pier/Dock,Coho Salmon,8,Harvest,6
2005,LUDINGTON,Pier/Dock,Drum,8,Catch,45
2005,LUDINGTON,Pier/Dock,Drum,8,Harvest,45
2005,LUDINGTON,Pier/Dock,,8,Angler Hours,1726
2005,LUDINGTON,Pier/Dock,Chinook Salmon,9,Catch,75
2005,LUDINGTON,Pier/Dock,Chinook Salmon,9,Harvest,75
2005,LUDINGTON,Pier/Dock,Coho Salmon,9,Catch,27
2005,LUDINGTON,Pier/Dock,Coho Salmon,9,Harvest,27
2005,LUDINGTON,Pier/Dock,,9,Angler Hours,1318
2005,LUDINGTON,Pier/Dock,Chinook Salmon,10,Catch,22
2005,LUDINGTON,Pier/Dock,Chinook Salmon,10,Harvest,22
2005,LUDINGTON,Pier/Dock,,10,Angler Hours,2340
2005,LUDINGTON,Pier/Dock,Steelhead,10,Catch,27
2005,LUDINGTON,Pier/Dock,Steelhead,10,Harvest,27
2006,LUDINGTON,Pier/Dock,Brown Trout,4,Catch,21
2006,LUDINGTON,Pier/Dock,Brown Trout,4,Harvest,21
2006,LUDINGTON,Pier/Dock,,4,Angler Hours,1138
2006,LUDINGTON,Pier/Dock,Steelhead,4,Catch,13
2006,LUDINGTON,Pier/Dock,Steelhead,4,Harvest,13
2006,LUDINGTON,Pier/Dock,Chinook Salmon,5,Catch,20
2006,LUDINGTON,Pier/Dock,Chinook Salmon,5,Harvest,20
2006,LUDINGTON,Pier/Dock,,5,Angler Hours,410
2006,LUDINGTON,Pier/Dock,,6,Angler Hours,509
2006,LUDINGTON,Pier/Dock,,7,Angler Hours,255
2006,LUDINGTON,Pier/Dock,Chinook Salmon,8,Catch,192
2006,LUDINGTON,Pier/Dock,Chinook Salmon,8,Harvest,184
2006,LUDINGTON,Pier/Dock,Northern Pike,8,Catch,33
2006,LUDINGTON,Pier/Dock,,8,Angler Hours,1806
2006,LUDINGTON,Pier/Dock,Chinook Salmon,9,Catch,358
2006,LUDINGTON,Pier/Dock,Chinook Salmon,9,Harvest,358
2006,LUDINGTON,Pier/Dock,,9,Angler Hours,3691
2006,LUDINGTON,Pier/Dock,Yellow Perch,9,Catch,814
2006,LUDINGTON,Pier/Dock,Yellow Perch,9,Harvest,814
2006,LUDINGTON,Pier/Dock,Chinook Salmon,10,Catch,7
2006,LUDINGTON,Pier/Dock,Chinook Salmon,10,Harvest,7
2006,LUDINGTON,Pier/Dock,Lean Lake Trout,10,Catch,7
2006,LUDINGTON,Pier/Dock,Northern Pike,10,Catch,33
2006,LUDINGTON,Pier/Dock,Northern Pike,10,Harvest,13
2006,LUDINGTON,Pier/Dock,,10,Angler Hours,2410
2006,LUDINGTON,Pier/Dock,Steelhead,10,Catch,182
2006,LUDINGTON,Pier/Dock,Steelhead,10,Harvest,182
2007,LUDINGTON,Pier/Dock,Northern Pike,4,Catch,6
2007,LUDINGTON,Pier/Dock,,4,Angler Hours,1271
2007,LUDINGTON,Pier/Dock,Steelhead,4,Catch,14
2007,LUDINGTON,Pier/Dock,Steelhead,4,Harvest,14
2007,LUDINGTON,Pier/Dock,,5,Angler Hours,293
2007,LUDINGTON,Pier/Dock,,6,Angler Hours,655
2007,LUDINGTON,Pier/Dock,Chinook Salmon,7,Catch,27
2007,LUDINGTON,Pier/Dock,Northern Pike,7,Catch,9
2007,LUDINGTON,Pier/Dock,Northern Pike,7,Harvest,9
2007,LUDINGTON,Pier/Dock,,7,Angler Hours,1624
2007,LUDINGTON,Pier/Dock,Yellow Perch,7,Catch,813
2007,LUDINGTON,Pier/Dock,Yellow Perch,7,Harvest,813
2007,LUDINGTON,Pier/Dock,Chinook Salmon,8,Catch,221
2007,LUDINGTON,Pier/Dock,Chinook Salmon,8,Harvest,221
2007,LUDINGTON,Pier/Dock,Coho Salmon,8,Catch,54
2007,LUDINGTON,Pier/Dock,Coho Salmon,8,Harvest,54
2007,LUDINGTON,Pier/Dock,Northern Pike,8,Catch,15
2007,LUDINGTON,Pier/Dock,,8,Angler Hours,2612
2007,LUDINGTON,Pier/Dock,Smallmouth Bass,8,Catch,176
2007,LUDINGTON,Pier/Dock,Chinook Salmon,9,Catch,516
2007,LUDINGTON,Pier/Dock,Chinook Salmon,9,Harvest,516
2007,LUDINGTON,Pier/Dock,Coho Salmon,9,Catch,62
2007,LUDINGTON,Pier/Dock,Coho Salmon,9,Harvest,62
2007,LUDINGTON,Pier/Dock,Northern Pike,9,Catch,45
2007,LUDINGTON,Pier/Dock,,9,Angler Hours,2941
2007,LUDINGTON,Pier/Dock,,10,Angler Hours,1324
2007,LUDINGTON,Pier/Dock,Steelhead,10,Catch,26
2007,LUDINGTON,Pier/Dock,Steelhead,10,Harvest,26
2008,LUDINGTON,Pier/Dock,Northern Pike,4,Catch,4
2008,LUDINGTON,Pier/Dock,Northern Pike,4,Harvest,4
2008,LUDINGTON,Pier/Dock,,4,Angler Hours,1458
2008,LUDINGTON,Pier/Dock,Steelhead,4,Catch,66
2008,LUDINGTON,Pier/Dock,Steelhead,4,Harvest,66
2008,LUDINGTON,Pier/Dock,,5,Angler Hours,334
2008,LUDINGTON,Pier/Dock,Northern Pike,6,Catch,15
2008,LUDINGTON,Pier/Dock,,6,Angler Hours,304
2008,LUDINGTON,Pier/Dock,Rockbass,6,Catch,100
2008,LUDINGTON,Pier/Dock,,7,Angler Hours,1831
2008,LUDINGTON,Pier/Dock,Smallmouth Bass,7,Catch,424
2008,LUDINGTON,Pier/Dock,Yellow Perch,7,Catch,9988
2008,LUDINGTON,Pier/Dock,Yellow Perch,7,Harvest,2101
2008,LUDINGTON,Pier/Dock,Chinook Salmon,8,Catch,1645
2008,LUDINGTON,Pier/Dock,Chinook Salmon,8,Harvest,1208
2008,LUDINGTON,Pier/Dock,Northern Pike,8,Catch,14
2008,LUDINGTON,Pier/Dock,Northern Pike,8,Harvest,14
2008,LUDINGTON,Pier/Dock,,8,Angler Hours,11110
2008,LUDINGTON,Pier/Dock,Yellow Perch,8,Catch,13114
2008,LUDINGTON,Pier/Dock,Yellow Perch,8,Harvest,7911
2008,LUDINGTON,Pier/Dock,Chinook Salmon,9,Catch,140
2008,LUDINGTON,Pier/Dock,Chinook Salmon,9,Harvest,114
2008,LUDINGTON,Pier/Dock,Drum,9,Catch,3
2008,LUDINGTON,Pier/Dock,Drum,9,Harvest,3
2008,LUDINGTON,Pier/Dock,,9,Angler Hours,2862
2008,LUDINGTON,Pier/Dock,Brown Trout,10,Catch,4
2008,LUDINGTON,Pier/Dock,Brown Trout,10,Harvest,4
2008,LUDINGTON,Pier/Dock,Coho Salmon,10,Catch,9
2008,LUDINGTON,Pier/Dock,Coho Salmon,10,Harvest,9
2008,LUDINGTON,Pier/Dock,,10,Angler Hours,1685
2008,LUDINGTON,Pier/Dock,Steelhead,10,Catch,100
2008,LUDINGTON,Pier/Dock,Steelhead,10,Harvest,100
2009,LUDINGTON,Pier/Dock,Brown Trout,4,Catch,46
2009,LUDINGTON,Pier/Dock,Brown Trout,4,Harvest,46
2009,LUDINGTON,Pier/Dock,Northern Pike,4,Catch,0
2009,LUDINGTON,Pier/Dock,,4,Angler Hours,415
2009,LUDINGTON,Pier/Dock,Northern Pike,5,Catch,4
2009,LUDINGTON,Pier/Dock,,5,Angler Hours,325
2009,LUDINGTON,Pier/Dock,Yellow Perch,5,Catch,50
2009,LUDINGTON,Pier/Dock,Chinook Salmon,6,Catch,72
2009,LUDINGTON,Pier/Dock,Chinook Salmon,6,Harvest,36
2009,LUDINGTON,Pier/Dock,,6,Angler Hours,597
2009,LUDINGTON,Pier/Dock,Drum,7,Catch,172
2009,LUDINGTON,Pier/Dock,,7,Angler Hours,2640
2009,LUDINGTON,Pier/Dock,Yellow Perch,7,Catch,3933
2009,LUDINGTON,Pier/Dock,Chinook Salmon,8,Catch,13
2009,LUDINGTON,Pier/Dock,Chinook Salmon,8,Harvest,13
2009,LUDINGTON,Pier/Dock,,8,Angler Hours,1513
2009,LUDINGTON,Pier/Dock,Chinook Salmon,9,Catch,428
2009,LUDINGTON,Pier/Dock,Chinook Salmon,9,Harvest,276
2009,LUDINGTON,Pier/Dock,Coho Salmon,9,Catch,29
2009,LUDINGTON,Pier/Dock,Coho Salmon,9,Harvest,29
2009,LUDINGTON,Pier/Dock,Northern Pike,9,Catch,19
2009,LUDINGTON,Pier/Dock,Northern Pike,9,Harvest,11
2009,LUDINGTON,Pier/Dock,,9,Angler Hours,3492
2009,LUDINGTON,Pier/Dock,Smallmouth Bass,9,Catch,3
2009,LUDINGTON,Pier/Dock,Brown Trout,10,Catch,13
2009,LUDINGTON,Pier/Dock,Brown Trout,10,Harvest,13
2009,LUDINGTON,Pier/Dock,Coho Salmon,10,Catch,6
2009,LUDINGTON,Pier/Dock,Coho Salmon,10,Harvest,6
2009,LUDINGTON,Pier/Dock,Lean Lake Trout,10,Catch,8
2009,LUDINGTON,Pier/Dock,,10,Angler Hours,2344
2009,LUDINGTON,Pier/Dock,Smallmouth Bass,10,Catch,6
2009,LUDINGTON,Pier/Dock,Smallmouth Bass,10,Harvest,6
2009,LUDINGTON,Pier/Dock,Steelhead,10,Catch,349
2009,LUDINGTON,Pier/Dock,Steelhead,10,Harvest,296
2010,LUDINGTON,Pier/Dock,Brown Trout,4,Catch,25
2010,LUDINGTON,Pier/Dock,Brown Trout,4,Harvest,13
2010,LUDINGTON,Pier/Dock,,4,Angler Hours,852
2010,LUDINGTON,Pier/Dock,Steelhead,4,Catch,8
2010,LUDINGTON,Pier/Dock,Steelhead,4,Harvest,4
2010,LUDINGTON,Pier/Dock,Brown Trout,5,Catch,21
2010,LUDINGTON,Pier/Dock,Brown Trout,5,Harvest,4
2010,LUDINGTON,Pier/Dock,,5,Angler Hours,267
2010,LUDINGTON,Pier/Dock,Drum,6,Catch,79
2010,LUDINGTON,Pier/Dock,Northern Pike,6,Catch,9
2010,LUDINGTON,Pier/Dock,,6,Angler Hours,725
2010,LUDINGTON,Pier/Dock,Rockbass,6,Catch,39
2010,LUDINGTON,Pier/Dock,,7,Angler Hours,393
2010,LUDINGTON,Pier/Dock,Smallmouth Bass,7,Catch,55
2010,LUDINGTON,Pier/Dock,Smallmouth Bass,7,Harvest,55
2010,LUDINGTON,Pier/Dock,Chinook Salmon,8,Catch,80
2010,LUDINGTON,Pier/Dock,Chinook Salmon,8,Harvest,80
2010,LUDINGTON,Pier/Dock,Coho Salmon,8,Catch,20
2010,LUDINGTON,Pier/Dock,Coho Salmon,8,Harvest,20
2010,LUDINGTON,Pier/Dock,Drum,8,Catch,11
2010,LUDINGTON,Pier/Dock,Drum,8,Harvest,11
2010,LUDINGTON,Pier/Dock,,8,Angler Hours,1146
2010,LUDINGTON,Pier/Dock,Chinook Salmon,9,Catch,99
2010,LUDINGTON,Pier/Dock,Chinook Salmon,9,Harvest,99
2010,LUDINGTON,Pier/Dock,,9,Angler Hours,1494
2010,LUDINGTON,Pier/Dock,,10,Angler Hours,1228
2010,LUDINGTON,Pier/Dock,Steelhead,10,Catch,206
2010,LUDINGTON,Pier/Dock,Steelhead,10,Harvest,113
2011,LUDINGTON,Pier/Dock,Brown Trout,4,Catch,129
2011,LUDINGTON,Pier/Dock,Brown Trout,4,Harvest,99
2011,LUDINGTON,Pier/Dock,,4,Angler Hours,1117
2011,LUDINGTON,Pier/Dock,Steelhead,4,Catch,7
2011,LUDINGTON,Pier/Dock,Steelhead,4,Harvest,7
2011,LUDINGTON,Pier/Dock,Brown Trout,5,Catch,42
2011,LUDINGTON,Pier/Dock,Brown Trout,5,Harvest,1
2011,LUDINGTON,Pier/Dock,Chinook Salmon,5,Catch,7
2011,LUDINGTON,Pier/Dock,Chinook Salmon,5,Harvest,7
2011,LUDINGTON,Pier/Dock,,5,Angler Hours,384
2011,LUDINGTON,Pier/Dock,Chinook Salmon,6,Catch,8
2011,LUDINGTON,Pier/Dock,Chinook Salmon,6,Harvest,8
2011,LUDINGTON,Pier/Dock,Drum,6,Catch,8
2011,LUDINGTON,Pier/Dock,,6,Angler Hours,519
2011,LUDINGTON,Pier/Dock,Yellow Perch,6,Catch,19
2011,LUDINGTON,Pier/Dock,Drum,7,Catch,187
2011,LUDINGTON,Pier/Dock,,7,Angler Hours,863
2011,LUDINGTON,Pier/Dock,Smallmouth Bass,7,Catch,17
2011,LUDINGTON,Pier/Dock,Yellow Perch,7,Catch,59
2011,LUDINGTON,Pier/Dock,Yellow Perch,7,Harvest,42
2011,LUDINGTON,Pier/Dock,Drum,8,Catch,14
2011,LUDINGTON,Pier/Dock,Northern Pike,8,Catch,28
2011,LUDINGTON,Pier/Dock,Northern Pike,8,Harvest,28
2011,LUDINGTON,Pier/Dock,,8,Angler Hours,1586
2011,LUDINGTON,Pier/Dock,Rockbass,8,Catch,122
2011,LUDINGTON,Pier/Dock,Rockbass,8,Harvest,122
2011,LUDINGTON,Pier/Dock,Smallmouth Bass,8,Catch,98
2011,LUDINGTON,Pier/Dock,Smallmouth Bass,8,Harvest,70
2011,LUDINGTON,Pier/Dock,Yellow Perch,8,Catch,560
2011,LUDINGTON,Pier/Dock,Yellow Perch,8,Harvest,287
2011,LUDINGTON,Pier/Dock,Brown Trout,9,Catch,164
2011,LUDINGTON,Pier/Dock,Brown Trout,9,Harvest,164
2011,LUDINGTON,Pier/Dock,Chinook Salmon,9,Catch,64
2011,LUDINGTON,Pier/Dock,Chinook Salmon,9,Harvest,62
2011,LUDINGTON,Pier/Dock,Coho Salmon,9,Catch,7
2011,LUDINGTON,Pier/Dock,Coho Salmon,9,Harvest,7
2011,LUDINGTON,Pier/Dock,Northern Pike,9,Catch,2
2011,LUDINGTON,Pier/Dock,,9,Angler Hours,2962
2011,LUDINGTON,Pier/Dock,Walleye,9,Catch,7
2011,LUDINGTON,Pier/Dock,Yellow Perch,9,Catch,2432
2011,LUDINGTON,Pier/Dock,Yellow Perch,9,Harvest,1422
2011,LUDINGTON,Pier/Dock,Brown Trout,10,Catch,26
2011,LUDINGTON,Pier/Dock,Brown Trout,10,Harvest,10
2011,LUDINGTON,Pier/Dock,Chinook Salmon,10,Catch,14
2011,LUDINGTON,Pier/Dock,Chinook Salmon,10,Harvest,14
2011,LUDINGTON,Pier/Dock,Coho Salmon,10,Catch,2
2011,LUDINGTON,Pier/Dock,Coho Salmon,10,Harvest,2
2011,LUDINGTON,Pier/Dock,Lean Lake Trout,10,Catch,35
2011,LUDINGTON,Pier/Dock,Lean Lake Trout,10,Harvest,8
2011,LUDINGTON,Pier/Dock,Northern Pike,10,Catch,3
2011,LUDINGTON,Pier/Dock,Northern Pike,10,Harvest,3
2011,LUDINGTON,Pier/Dock,,10,Angler Hours,4125
2011,LUDINGTON,Pier/Dock,Round Whitefish,10,Catch,32
2011,LUDINGTON,Pier/Dock,Round Whitefish,10,Harvest,32
2011,LUDINGTON,Pier/Dock,Steelhead,10,Catch,562
2011,LUDINGTON,Pier/Dock,Steelhead,10,Harvest,462
2012,LUDINGTON,Pier/Dock,Atlantic Salmon,4,Catch,0
2012,LUDINGTON,Pier/Dock,Atlantic Salmon,4,Harvest,0
2012,LUDINGTON,Pier/Dock,Black Crappie,4,Catch,0
2012,LUDINGTON,Pier/Dock,Black Crappie,4,Harvest,0
2012,LUDINGTON,Pier/Dock,Bluegill,4,Catch,0
2012,LUDINGTON,Pier/Dock,Bluegill,4,Harvest,0
2012,LUDINGTON,Pier/Dock,Brook Trout,4,Catch,0
2012,LUDINGTON,Pier/Dock,Brook Trout,4,Harvest,0
2012,LUDINGTON,Pier/Dock,Brown Trout,4,Catch,0
2012,LUDINGTON,Pier/Dock,Brown Trout,4,Harvest,0
2012,LUDINGTON,Pier/Dock,Carp,4,Catch,0
2012,LUDINGTON,Pier/Dock,Carp,4,Harvest,0
2012,LUDINGTON,Pier/Dock,Channel Catfish,4,Catch,0
2012,LUDINGTON,Pier/Dock,Channel Catfish,4,Harvest,0
2012,LUDINGTON,Pier/Dock,Chinook Salmon,4,Catch,0
2012,LUDINGTON,Pier/Dock,Chinook Salmon,4,Harvest,0
2012,LUDINGTON,Pier/Dock,Coho Salmon,4,Catch,0
2012,LUDINGTON,Pier/Dock,Coho Salmon,4,Harvest,0
2012,LUDINGTON,Pier/Dock,Common White Sucker,4,Catch,0
2012,LUDINGTON,Pier/Dock,Common White Sucker,4,Harvest,0
2012,LUDINGTON,Pier/Dock,Drum,4,Catch,0
2012,LUDINGTON,Pier/Dock,Drum,4,Harvest,0
2012,LUDINGTON,Pier/Dock,Fat Lake Trout,4,Catch,0
2012,LUDINGTON,Pier/Dock,Fat Lake Trout,4,Harvest,0
2012,LUDINGTON,Pier/Dock,Lake Herring,4,Catch,0
2012,LUDINGTON,Pier/Dock,Lake Herring,4,Harvest,0
2012,LUDINGTON,Pier/Dock,Lake Whitefish,4,Catch,0
2012,LUDINGTON,Pier/Dock,Lake Whitefish,4,Harvest,0
2012,LUDINGTON,Pier/Dock,Largemouth Bass,4,Catch,0
2012,LUDINGTON,Pier/Dock,Largemouth Bass,4,Harvest,0
2012,LUDINGTON,Pier/Dock,Lean Lake Trout,4,Catch,4
2012,LUDINGTON,Pier/Dock,Lean Lake Trout,4,Harvest,0
2012,LUDINGTON,Pier/Dock,Musky,4,Catch,0
2012,LUDINGTON,Pier/Dock,Musky,4,Harvest,0
2012,LUDINGTON,Pier/Dock,Northern Pike,4,Catch,0
2012,LUDINGTON,Pier/Dock,Northern Pike,4,Harvest,0
2012,LUDINGTON,Pier/Dock,,4,Angler Hours,292
2012,LUDINGTON,Pier/Dock,Other,4,Catch,0
2012,LUDINGTON,Pier/Dock,Other,4,Harvest,0
2012,LUDINGTON,Pier/Dock,Pink Salmon,4,Catch,0
2012,LUDINGTON,Pier/Dock,Pink Salmon,4,Harvest,0
2012,LUDINGTON,Pier/Dock,Pumpkinseed,4,Catch,0
2012,LUDINGTON,Pier/Dock,Pumpkinseed,4,Harvest,0
2012,LUDINGTON,Pier/Dock,Rockbass,4,Catch,0
2012,LUDINGTON,Pier/Dock,Rockbass,4,Harvest,0
2012,LUDINGTON,Pier/Dock,Round Whitefish,4,Catch,0
2012,LUDINGTON,Pier/Dock,Round Whitefish,4,Harvest,0
2012,LUDINGTON,Pier/Dock,Smallmouth Bass,4,Catch,0
2012,LUDINGTON,Pier/Dock,Smallmouth Bass,4,Harvest,0
2012,LUDINGTON,Pier/Dock,Splake,4,Catch,0
2012,LUDINGTON,Pier/Dock,Splake,4,Harvest,0
2012,LUDINGTON,Pier/Dock,Steelhead,4,Catch,0
2012,LUDINGTON,Pier/Dock,Steelhead,4,Harvest,0
2012,LUDINGTON,Pier/Dock,Walleye,4,Catch,0
2012,LUDINGTON,Pier/Dock,Walleye,4,Harvest,0
2012,LUDINGTON,Pier/Dock,White Bass,4,Catch,0
2012,LUDINGTON,Pier/Dock,White Bass,4,Harvest,0
2012,LUDINGTON,Pier/Dock,White Perch,4,Catch,0
2012,LUDINGTON,Pier/Dock,White Perch,4,Harvest,0
2012,LUDINGTON,Pier/Dock,Yellow Perch,4,Catch,0
2012,LUDINGTON,Pier/Dock,Yellow Perch,4,Harvest,0
2012,LUDINGTON,Pier/Dock,Atlantic Salmon,5,Catch,0
2012,LUDINGTON,Pier/Dock,Atlantic Salmon,5,Harvest,0
2012,LUDINGTON,Pier/Dock,Black Crappie,5,Catch,0
2012,LUDINGTON,Pier/Dock,Black Crappie,5,Harvest,0
2012,LUDINGTON,Pier/Dock,Bluegill,5,Catch,0
2012,LUDINGTON,Pier/Dock,Bluegill,5,Harvest,0
2012,LUDINGTON,Pier/Dock,Brook Trout,5,Catch,0
2012,LUDINGTON,Pier/Dock,Brook Trout,5,Harvest,0
2012,LUDINGTON,Pier/Dock,Brown Trout,5,Catch,0
2012,LUDINGTON,Pier/Dock,Brown Trout,5,Harvest,0
2012,LUDINGTON,Pier/Dock,Carp,5,Catch,0
2012,LUDINGTON,Pier/Dock,Carp,5,Harvest,0
2012,LUDINGTON,Pier/Dock,Channel Catfish,5,Catch,0
2012,LUDINGTON,Pier/Dock,Channel Catfish,5,Harvest,0
2012,LUDINGTON,Pier/Dock,Chinook Salmon,5,Catch,0
2012,LUDINGTON,Pier/Dock,Chinook Salmon,5,Harvest,0
2012,LUDINGTON,Pier/Dock,Coho Salmon,5,Catch,0
2012,LUDINGTON,Pier/Dock,Coho Salmon,5,Harvest,0
2012,LUDINGTON,Pier/Dock,Common White Sucker,5,Catch,0
2012,LUDINGTON,Pier/Dock,Common White Sucker,5,Harvest,0
2012,LUDINGTON,Pier/Dock,Drum,5,Catch,0
2012,LUDINGTON,Pier/Dock,Drum,5,Harvest,0
2012,LUDINGTON,Pier/Dock,Fat Lake Trout,5,Catch,0
2012,LUDINGTON,Pier/Dock,Fat Lake Trout,5,Harvest,0
2012,LUDINGTON,Pier/Dock,Lake Herring,5,Catch,0
2012,LUDINGTON,Pier/Dock,Lake Herring,5,Harvest,0
2012,LUDINGTON,Pier/Dock,Lake Whitefish,5,Catch,0
2012,LUDINGTON,Pier/Dock,Lake Whitefish,5,Harvest,0
2012,LUDINGTON,Pier/Dock,Largemouth Bass,5,Catch,0
2012,LUDINGTON,Pier/Dock,Largemouth Bass,5,Harvest,0
2012,LUDINGTON,Pier/Dock,Lean Lake Trout,5,Catch,0
2012,LUDINGTON,Pier/Dock,Lean Lake Trout,5,Harvest,0
2012,LUDINGTON,Pier/Dock,Musky,5,Catch,0
2012,LUDINGTON,Pier/Dock,Musky,5,Harvest,0
2012,LUDINGTON,Pier/Dock,Northern Pike,5,Catch,0
2012,LUDINGTON,Pier/Dock,Northern Pike,5,Harvest,0
2012,LUDINGTON,Pier/Dock,,5,Angler Hours,124
2012,LUDINGTON,Pier/Dock,Other,5,Catch,0
2012,LUDINGTON,Pier/Dock,Other,5,Harvest,0
2012,LUDINGTON,Pier/Dock,Pink Salmon,5,Catch,0
2012,LUDINGTON,Pier/Dock,Pink Salmon,5,Harvest,0
2012,LUDINGTON,Pier/Dock,Pumpkinseed,5,Catch,0
2012,LUDINGTON,Pier/Dock,Pumpkinseed,5,Harvest,0
2012,LUDINGTON,Pier/Dock,Rockbass,5,Catch,0
2012,LUDINGTON,Pier/Dock,Rockbass,5,Harvest,0
2012,LUDINGTON,Pier/Dock,Round Whitefish,5,Catch,0
2012,LUDINGTON,Pier/Dock,Round Whitefish,5,Harvest,0
2012,LUDINGTON,Pier/Dock,Smallmouth Bass,5,Catch,0
2012,LUDINGTON,Pier/Dock,Smallmouth Bass,5,Harvest,0
2012,LUDINGTON,Pier/Dock,Splake,5,Catch,0
2012,LUDINGTON,Pier/Dock,Splake,5,Harvest,0
2012,LUDINGTON,Pier/Dock,Steelhead,5,Catch,0
2012,LUDINGTON,Pier/Dock,Steelhead,5,Harvest,0
2012,LUDINGTON,Pier/Dock,Walleye,5,Catch,0
2012,LUDINGTON,Pier/Dock,Walleye,5,Harvest,0
2012,LUDINGTON,Pier/Dock,White Bass,5,Catch,0
2012,LUDINGTON,Pier/Dock,White Bass,5,Harvest,0
2012,LUDINGTON,Pier/Dock,White Perch,5,Catch,0
2012,LUDINGTON,Pier/Dock,White Perch,5,Harvest,0
2012,LUDINGTON,Pier/Dock,Yellow Perch,5,Catch,0
2012,LUDINGTON,Pier/Dock,Yellow Perch,5,Harvest,0
2012,LUDINGTON,Pier/Dock,Atlantic Salmon,6,Catch,0
2012,LUDINGTON,Pier/Dock,Atlantic Salmon,6,Harvest,0
2012,LUDINGTON,Pier/Dock,Black Crappie,6,Catch,0
2012,LUDINGTON,Pier/Dock,Black Crappie,6,Harvest,0
2012,LUDINGTON,Pier/Dock,Bluegill,6,Catch,0
2012,LUDINGTON,Pier/Dock,Bluegill,6,Harvest,0
2012,LUDINGTON,Pier/Dock,Brook Trout,6,Catch,0
2012,LUDINGTON,Pier/Dock,Brook Trout,6,Harvest,0
2012,LUDINGTON,Pier/Dock,Brown Trout,6,Catch,21
2012,LUDINGTON,Pier/Dock,Brown Trout,6,Harvest,5
2012,LUDINGTON,Pier/Dock,Carp,6,Catch,0
2012,LUDINGTON,Pier/Dock,Carp,6,Harvest,0
2012,LUDINGTON,Pier/Dock,Channel Catfish,6,Catch,0
2012,LUDINGTON,Pier/Dock,Channel Catfish,6,Harvest,0
2012,LUDINGTON,Pier/Dock,Chinook Salmon,6,Catch,0
2012,LUDINGTON,Pier/Dock,Chinook Salmon,6,Harvest,0
2012,LUDINGTON,Pier/Dock,Coho Salmon,6,Catch,0
2012,LUDINGTON,Pier/Dock,Coho Salmon,6,Harvest,0
2012,LUDINGTON,Pier/Dock,Common White Sucker,6,Catch,0
2012,LUDINGTON,Pier/Dock,Common White Sucker,6,Harvest,0
2012,LUDINGTON,Pier/Dock,Drum,6,Catch,0
2012,LUDINGTON,Pier/Dock,Drum,6,Harvest,0
2012,LUDINGTON,Pier/Dock,Fat Lake Trout,6,Catch,0
2012,LUDINGTON,Pier/Dock,Fat Lake Trout,6,Harvest,0
2012,LUDINGTON,Pier/Dock,Lake Herring,6,Catch,0
2012,LUDINGTON,Pier/Dock,Lake Herring,6,Harvest,0
2012,LUDINGTON,Pier/Dock,Lake Whitefish,6,Catch,0
2012,LUDINGTON,Pier/Dock,Lake Whitefish,6,Harvest,0
2012,LUDINGTON,Pier/Dock,Largemouth Bass,6,Catch,0
2012,LUDINGTON,Pier/Dock,Largemouth Bass,6,Harvest,0
2012,LUDINGTON,Pier/Dock,Lean Lake Trout,6,Catch,0
2012,LUDINGTON,Pier/Dock,Lean Lake Trout,6,Harvest,0
2012,LUDINGTON,Pier/Dock,Musky,6,Catch,0
2012,LUDINGTON,Pier/Dock,Musky,6,Harvest,0
2012,LUDINGTON,Pier/Dock,Northern Pike,6,Catch,11
2012,LUDINGTON,Pier/Dock,Northern Pike,6,Harvest,0
2012,LUDINGTON,Pier/Dock,,6,Angler Hours,878
2012,LUDINGTON,Pier/Dock,Other,6,Catch,0
2012,LUDINGTON,Pier/Dock,Other,6,Harvest,0
2012,LUDINGTON,Pier/Dock,Pink Salmon,6,Catch,0
2012,LUDINGTON,Pier/Dock,Pink Salmon,6,Harvest,0
2012,LUDINGTON,Pier/Dock,Pumpkinseed,6,Catch,0
2012,LUDINGTON,Pier/Dock,Pumpkinseed,6,Harvest,0
2012,LUDINGTON,Pier/Dock,Rockbass,6,Catch,0
2012,LUDINGTON,Pier/Dock,Rockbass,6,Harvest,0
2012,LUDINGTON,Pier/Dock,Round Whitefish,6,Catch,0
2012,LUDINGTON,Pier/Dock,Round Whitefish,6,Harvest,0
2012,LUDINGTON,Pier/Dock,Smallmouth Bass,6,Catch,108
2012,LUDINGTON,Pier/Dock,Smallmouth Bass,6,Harvest,45
2012,LUDINGTON,Pier/Dock,Splake,6,Catch,0
2012,LUDINGTON,Pier/Dock,Splake,6,Harvest,0
2012,LUDINGTON,Pier/Dock,Steelhead,6,Catch,0
2012,LUDINGTON,Pier/Dock,Steelhead,6,Harvest,0
2012,LUDINGTON,Pier/Dock,Walleye,6,Catch,0
2012,LUDINGTON,Pier/Dock,Walleye,6,Harvest,0
2012,LUDINGTON,Pier/Dock,White Bass,6,Catch,0
2012,LUDINGTON,Pier/Dock,White Bass,6,Harvest,0
2012,LUDINGTON,Pier/Dock,White Perch,6,Catch,0
2012,LUDINGTON,Pier/Dock,White Perch,6,Harvest,0
2012,LUDINGTON,Pier/Dock,Yellow Perch,6,Catch,1969
2012,LUDINGTON,Pier/Dock,Yellow Perch,6,Harvest,37
2012,LUDINGTON,Pier/Dock,Atlantic Salmon,7,Catch,0
2012,LUDINGTON,Pier/Dock,Atlantic Salmon,7,Harvest,0
2012,LUDINGTON,Pier/Dock,Black Crappie,7,Catch,0
2012,LUDINGTON,Pier/Dock,Black Crappie,7,Harvest,0
2012,LUDINGTON,Pier/Dock,Bluegill,7,Catch,0
2012,LUDINGTON,Pier/Dock,Bluegill,7,Harvest,0
2012,LUDINGTON,Pier/Dock,Brook Trout,7,Catch,0
2012,LUDINGTON,Pier/Dock,Brook Trout,7,Harvest,0
2012,LUDINGTON,Pier/Dock,Brown Trout,7,Catch,0
2012,LUDINGTON,Pier/Dock,Brown Trout,7,Harvest,0
2012,LUDINGTON,Pier/Dock,Carp,7,Catch,0
2012,LUDINGTON,Pier/Dock,Carp,7,Harvest,0
2012,LUDINGTON,Pier/Dock,Channel Catfish,7,Catch,0
2012,LUDINGTON,Pier/Dock,Channel Catfish,7,Harvest,0
2012,LUDINGTON,Pier/Dock,Chinook Salmon,7,Catch,0
2012,LUDINGTON,Pier/Dock,Chinook Salmon,7,Harvest,0
2012,LUDINGTON,Pier/Dock,Coho Salmon,7,Catch,0
2012,LUDINGTON,Pier/Dock,Coho Salmon,7,Harvest,0
2012,LUDINGTON,Pier/Dock,Common White Sucker,7,Catch,0
2012,LUDINGTON,Pier/Dock,Common White Sucker,7,Harvest,0
2012,LUDINGTON,Pier/Dock,Drum,7,Catch,59
2012,LUDINGTON,Pier/Dock,Drum,7,Harvest,15
2012,LUDINGTON,Pier/Dock,Fat Lake Trout,7,Catch,0
2012,LUDINGTON,Pier/Dock,Fat Lake Trout,7,Harvest,0
2012,LUDINGTON,Pier/Dock,Lake Herring,7,Catch,0
2012,LUDINGTON,Pier/Dock,Lake Herring,7,Harvest,0
2012,LUDINGTON,Pier/Dock,Lake Whitefish,7,Catch,0
2012,LUDINGTON,Pier/Dock,Lake Whitefish,7,Harvest,0
2012,LUDINGTON,Pier/Dock,Largemouth Bass,7,Catch,0
2012,LUDINGTON,Pier/Dock,Largemouth Bass,7,Harvest,0
2012,LUDINGTON,Pier/Dock,Lean Lake Trout,7,Catch,0
2012,LUDINGTON,Pier/Dock,Lean Lake Trout,7,Harvest,0
2012,LUDINGTON,Pier/Dock,Musky,7,Catch,0
2012,LUDINGTON,Pier/Dock,Musky,7,Harvest,0
2012,LUDINGTON,Pier/Dock,Northern Pike,7,Catch,59
2012,LUDINGTON,Pier/Dock,Northern Pike,7,Harvest,14
2012,LUDINGTON,Pier/Dock,,7,Angler Hours,1474
2012,LUDINGTON,Pier/Dock,Other,7,Catch,0
2012,LUDINGTON,Pier/Dock,Other,7,Harvest,0
2012,LUDINGTON,Pier/Dock,Pink Salmon,7,Catch,0
2012,LUDINGTON,Pier/Dock,Pink Salmon,7,Harvest,0
2012,LUDINGTON,Pier/Dock,Pumpkinseed,7,Catch,0
2012,LUDINGTON,Pier/Dock,Pumpkinseed,7,Harvest,0
2012,LUDINGTON,Pier/Dock,Rockbass,7,Catch,0
2012,LUDINGTON,Pier/Dock,Rockbass,7,Harvest,0
2012,LUDINGTON,Pier/Dock,Round Whitefish,7,Catch,0
2012,LUDINGTON,Pier/Dock,Round Whitefish,7,Harvest,0
2012,LUDINGTON,Pier/Dock,Smallmouth Bass,7,Catch,205
2012,LUDINGTON,Pier/Dock,Smallmouth Bass,7,Harvest,103
2012,LUDINGTON,Pier/Dock,Splake,7,Catch,0
2012,LUDINGTON,Pier/Dock,Splake,7,Harvest,0
2012,LUDINGTON,Pier/Dock,Steelhead,7,Catch,0
2012,LUDINGTON,Pier/Dock,Steelhead,7,Harvest,0
2012,LUDINGTON,Pier/Dock,Walleye,7,Catch,0
2012,LUDINGTON,Pier/Dock,Walleye,7,Harvest,0
2012,LUDINGTON,Pier/Dock,White Bass,7,Catch,0
2012,LUDINGTON,Pier/Dock,White Bass,7,Harvest,0
2012,LUDINGTON,Pier/Dock,White Perch,7,Catch,0
2012,LUDINGTON,Pier/Dock,White Perch,7,Harvest,0
2012,LUDINGTON,Pier/Dock,Yellow Perch,7,Catch,0
2012,LUDINGTON,Pier/Dock,Yellow Perch,7,Harvest,0
2012,LUDINGTON,Pier/Dock,Atlantic Salmon,8,Catch,0
2012,LUDINGTON,Pier/Dock,Atlantic Salmon,8,Harvest,0
2012,LUDINGTON,Pier/Dock,Black Crappie,8,Catch,0
2012,LUDINGTON,Pier/Dock,Black Crappie,8,Harvest,0
2012,LUDINGTON,Pier/Dock,Bluegill,8,Catch,0
2012,LUDINGTON,Pier/Dock,Bluegill,8,Harvest,0
2012,LUDINGTON,Pier/Dock,Brook Trout,8,Catch,0
2012,LUDINGTON,Pier/Dock,Brook Trout,8,Harvest,0
2012,LUDINGTON,Pier/Dock,Brown Trout,8,Catch,27
2012,LUDINGTON,Pier/Dock,Brown Trout,8,Harvest,27
2012,LUDINGTON,Pier/Dock,Carp,8,Catch,0
2012,LUDINGTON,Pier/Dock,Carp,8,Harvest,0
2012,LUDINGTON,Pier/Dock,Channel Catfish,8,Catch,0
2012,LUDINGTON,Pier/Dock,Channel Catfish,8,Harvest,0
2012,LUDINGTON,Pier/Dock,Chinook Salmon,8,Catch,84
2012,LUDINGTON,Pier/Dock,Chinook Salmon,8,Harvest,84
2012,LUDINGTON,Pier/Dock,Coho Salmon,8,Catch,0
2012,LUDINGTON,Pier/Dock,Coho Salmon,8,Harvest,0
2012,LUDINGTON,Pier/Dock,Common White Sucker,8,Catch,0
2012,LUDINGTON,Pier/Dock,Common White Sucker,8,Harvest,0
2012,LUDINGTON,Pier/Dock,Drum,8,Catch,0
2012,LUDINGTON,Pier/Dock,Drum,8,Harvest,0
2012,LUDINGTON,Pier/Dock,Fat Lake Trout,8,Catch,0
2012,LUDINGTON,Pier/Dock,Fat Lake Trout,8,Harvest,0
2012,LUDINGTON,Pier/Dock,Lake Herring,8,Catch,0
2012,LUDINGTON,Pier/Dock,Lake Herring,8,Harvest,0
2012,LUDINGTON,Pier/Dock,Lake Whitefish,8,Catch,0
2012,LUDINGTON,Pier/Dock,Lake Whitefish,8,Harvest,0
2012,LUDINGTON,Pier/Dock,Largemouth Bass,8,Catch,0
2012,LUDINGTON,Pier/Dock,Largemouth Bass,8,Harvest,0
2012,LUDINGTON,Pier/Dock,Lean Lake Trout,8,Catch,11
2012,LUDINGTON,Pier/Dock,Lean Lake Trout,8,Harvest,0
2012,LUDINGTON,Pier/Dock,Musky,8,Catch,0
2012,LUDINGTON,Pier/Dock,Musky,8,Harvest,0
2012,LUDINGTON,Pier/Dock,Northern Pike,8,Catch,124
2012,LUDINGTON,Pier/Dock,Northern Pike,8,Harvest,40
2012,LUDINGTON,Pier/Dock,,8,Angler Hours,2271
2012,LUDINGTON,Pier/Dock,Other,8,Catch,0
2012,LUDINGTON,Pier/Dock,Other,8,Harvest,0
2012,LUDINGTON,Pier/Dock,Pink Salmon,8,Catch,0
2012,LUDINGTON,Pier/Dock,Pink Salmon,8,Harvest,0
2012,LUDINGTON,Pier/Dock,Pumpkinseed,8,Catch,0
2012,LUDINGTON,Pier/Dock,Pumpkinseed,8,Harvest,0
2012,LUDINGTON,Pier/Dock,Rockbass,8,Catch,0
2012,LUDINGTON,Pier/Dock,Rockbass,8,Harvest,0
2012,LUDINGTON,Pier/Dock,Round Whitefish,8,Catch,0
2012,LUDINGTON,Pier/Dock,Round Whitefish,8,Harvest,0
2012,LUDINGTON,Pier/Dock,Smallmouth Bass,8,Catch,0
2012,LUDINGTON,Pier/Dock,Smallmouth Bass,8,Harvest,0
2012,LUDINGTON,Pier/Dock,Splake,8,Catch,0
2012,LUDINGTON,Pier/Dock,Splake,8,Harvest,0
2012,LUDINGTON,Pier/Dock,Steelhead,8,Catch,0
2012,LUDINGTON,Pier/Dock,Steelhead,8,Harvest,0
2012,LUDINGTON,Pier/Dock,Walleye,8,Catch,0
2012,LUDINGTON,Pier/Dock,Walleye,8,Harvest,0
2012,LUDINGTON,Pier/Dock,White Bass,8,Catch,0
2012,LUDINGTON,Pier/Dock,White Bass,8,Harvest,0
2012,LUDINGTON,Pier/Dock,White Perch,8,Catch,0
2012,LUDINGTON,Pier/Dock,White Perch,8,Harvest,0
2012,LUDINGTON,Pier/Dock,Yellow Perch,8,Catch,133
2012,LUDINGTON,Pier/Dock,Yellow Perch,8,Harvest,106
2012,LUDINGTON,Pier/Dock,Atlantic Salmon,9,Catch,0
2012,LUDINGTON,Pier/Dock,Atlantic Salmon,9,Harvest,0
2012,LUDINGTON,Pier/Dock,Black Crappie,9,Catch,0
2012,LUDINGTON,Pier/Dock,Black Crappie,9,Harvest,0
2012,LUDINGTON,Pier/Dock,Bluegill,9,Catch,0
2012,LUDINGTON,Pier/Dock,Bluegill,9,Harvest,0
2012,LUDINGTON,Pier/Dock,Brook Trout,9,Catch,0
2012,LUDINGTON,Pier/Dock,Brook Trout,9,Harvest,0
2012,LUDINGTON,Pier/Dock,Brown Trout,9,Catch,0
2012,LUDINGTON,Pier/Dock,Brown Trout,9,Harvest,0
2012,LUDINGTON,Pier/Dock,Carp,9,Catch,0
2012,LUDINGTON,Pier/Dock,Carp,9,Harvest,0
2012,LUDINGTON,Pier/Dock,Channel Catfish,9,Catch,0
2012,LUDINGTON,Pier/Dock,Channel Catfish,9,Harvest,0
2012,LUDINGTON,Pier/Dock,Chinook Salmon,9,Catch,214
2012,LUDINGTON,Pier/Dock,Chinook Salmon,9,Harvest,214
2012,LUDINGTON,Pier/Dock,Coho Salmon,9,Catch,49
2012,LUDINGTON,Pier/Dock,Coho Salmon,9,Harvest,24
2012,LUDINGTON,Pier/Dock,Common White Sucker,9,Catch,0
2012,LUDINGTON,Pier/Dock,Common White Sucker,9,Harvest,0
2012,LUDINGTON,Pier/Dock,Drum,9,Catch,10
2012,LUDINGTON,Pier/Dock,Drum,9,Harvest,0
2012,LUDINGTON,Pier/Dock,Fat Lake Trout,9,Catch,0
2012,LUDINGTON,Pier/Dock,Fat Lake Trout,9,Harvest,0
2012,LUDINGTON,Pier/Dock,Lake Herring,9,Catch,0
2012,LUDINGTON,Pier/Dock,Lake Herring,9,Harvest,0
2012,LUDINGTON,Pier/Dock,Lake Whitefish,9,Catch,0
2012,LUDINGTON,Pier/Dock,Lake Whitefish,9,Harvest,0
2012,LUDINGTON,Pier/Dock,Largemouth Bass,9,Catch,0
2012,LUDINGTON,Pier/Dock,Largemouth Bass,9,Harvest,0
2012,LUDINGTON,Pier/Dock,Lean Lake Trout,9,Catch,0
2012,LUDINGTON,Pier/Dock,Lean Lake Trout,9,Harvest,0
2012,LUDINGTON,Pier/Dock,Musky,9,Catch,0
2012,LUDINGTON,Pier/Dock,Musky,9,Harvest,0
2012,LUDINGTON,Pier/Dock,Northern Pike,9,Catch,38
2012,LUDINGTON,Pier/Dock,Northern Pike,9,Harvest,6
2012,LUDINGTON,Pier/Dock,,9,Angler Hours,3182
2012,LUDINGTON,Pier/Dock,Other,9,Catch,0
2012,LUDINGTON,Pier/Dock,Other,9,Harvest,0
2012,LUDINGTON,Pier/Dock,Pink Salmon,9,Catch,0
2012,LUDINGTON,Pier/Dock,Pink Salmon,9,Harvest,0
2012,LUDINGTON,Pier/Dock,Pumpkinseed,9,Catch,0
2012,LUDINGTON,Pier/Dock,Pumpkinseed,9,Harvest,0
2012,LUDINGTON,Pier/Dock,Rockbass,9,Catch,0
2012,LUDINGTON,Pier/Dock,Rockbass,9,Harvest,0
2012,LUDINGTON,Pier/Dock,Round Whitefish,9,Catch,0
2012,LUDINGTON,Pier/Dock,Round Whitefish,9,Harvest,0
2012,LUDINGTON,Pier/Dock,Smallmouth Bass,9,Catch,18
2012,LUDINGTON,Pier/Dock,Smallmouth Bass,9,Harvest,0
2012,LUDINGTON,Pier/Dock,Splake,9,Catch,0
2012,LUDINGTON,Pier/Dock,Splake,9,Harvest,0
2012,LUDINGTON,Pier/Dock,Steelhead,9,Catch,0
2012,LUDINGTON,Pier/Dock,Steelhead,9,Harvest,0
2012,LUDINGTON,Pier/Dock,Walleye,9,Catch,0
2012,LUDINGTON,Pier/Dock,Walleye,9,Harvest,0
2012,LUDINGTON,Pier/Dock,White Bass,9,Catch,0
2012,LUDINGTON,Pier/Dock,White Bass,9,Harvest,0
2012,LUDINGTON,Pier/Dock,White Perch,9,Catch,0
2012,LUDINGTON,Pier/Dock,White Perch,9,Harvest,0
2012,LUDINGTON,Pier/Dock,Yellow Perch,9,Catch,1688
2012,LUDINGTON,Pier/Dock,Yellow Perch,9,Harvest,903
2012,LUDINGTON,Pier/Dock,Atlantic Salmon,10,Catch,0
2012,LUDINGTON,Pier/Dock,Atlantic Salmon,10,Harvest,0
2012,LUDINGTON,Pier/Dock,Black Crappie,10,Catch,0
2012,LUDINGTON,Pier/Dock,Black Crappie,10,Harvest,0
2012,LUDINGTON,Pier/Dock,Bluegill,10,Catch,0
2012,LUDINGTON,Pier/Dock,Bluegill,10,Harvest,0
2012,LUDINGTON,Pier/Dock,Brook Trout,10,Catch,0
2012,LUDINGTON,Pier/Dock,Brook Trout,10,Harvest,0
2012,LUDINGTON,Pier/Dock,Brown Trout,10,Catch,0
2012,LUDINGTON,Pier/Dock,Brown Trout,10,Harvest,0
2012,LUDINGTON,Pier/Dock,Carp,10,Catch,0
2012,LUDINGTON,Pier/Dock,Carp,10,Harvest,0
2012,LUDINGTON,Pier/Dock,Channel Catfish,10,Catch,0
2012,LUDINGTON,Pier/Dock,Channel Catfish,10,Harvest,0
2012,LUDINGTON,Pier/Dock,Chinook Salmon,10,Catch,0
2012,LUDINGTON,Pier/Dock,Chinook Salmon,10,Harvest,0
2012,LUDINGTON,Pier/Dock,Coho Salmon,10,Catch,86
2012,LUDINGTON,Pier/Dock,Coho Salmon,10,Harvest,86
2012,LUDINGTON,Pier/Dock,Common White Sucker,10,Catch,0
2012,LUDINGTON,Pier/Dock,Common White Sucker,10,Harvest,0
2012,LUDINGTON,Pier/Dock,Drum,10,Catch,0
2012,LUDINGTON,Pier/Dock,Drum,10,Harvest,0
2012,LUDINGTON,Pier/Dock,Fat Lake Trout,10,Catch,0
2012,LUDINGTON,Pier/Dock,Fat Lake Trout,10,Harvest,0
2012,LUDINGTON,Pier/Dock,Lake Herring,10,Catch,0
2012,LUDINGTON,Pier/Dock,Lake Herring,10,Harvest,0
2012,LUDINGTON,Pier/Dock,Lake Whitefish,10,Catch,0
2012,LUDINGTON,Pier/Dock,Lake Whitefish,10,Harvest,0
2012,LUDINGTON,Pier/Dock,Largemouth Bass,10,Catch,0
2012,LUDINGTON,Pier/Dock,Largemouth Bass,10,Harvest,0
2012,LUDINGTON,Pier/Dock,Lean Lake Trout,10,Catch,5
2012,LUDINGTON,Pier/Dock,Lean Lake Trout,10,Harvest,0
2012,LUDINGTON,Pier/Dock,Musky,10,Catch,0
2012,LUDINGTON,Pier/Dock,Musky,10,Harvest,0
2012,LUDINGTON,Pier/Dock,Northern Pike,10,Catch,0
2012,LUDINGTON,Pier/Dock,Northern Pike,10,Harvest,0
2012,LUDINGTON,Pier/Dock,,10,Angler Hours,2820
2012,LUDINGTON,Pier/Dock,Other,10,Catch,0
2012,LUDINGTON,Pier/Dock,Other,10,Harvest,0
2012,LUDINGTON,Pier/Dock,Pink Salmon,10,Catch,0
2012,LUDINGTON,Pier/Dock,Pink Salmon,10,Harvest,0
2012,LUDINGTON,Pier/Dock,Pumpkinseed,10,Catch,0
2012,LUDINGTON,Pier/Dock,Pumpkinseed,10,Harvest,0
2012,LUDINGTON,Pier/Dock,Rockbass,10,Catch,0
2012,LUDINGTON,Pier/Dock,Rockbass,10,Harvest,0
2012,LUDINGTON,Pier/Dock,Round Whitefish,10,Catch,22
2012,LUDINGTON,Pier/Dock,Round Whitefish,10,Harvest,22
2012,LUDINGTON,Pier/Dock,Smallmouth Bass,10,Catch,0
2012,LUDINGTON,Pier/Dock,Smallmouth Bass,10,Harvest,0
2012,LUDINGTON,Pier/Dock,Splake,10,Catch,0
2012,LUDINGTON,Pier/Dock,Splake,10,Harvest,0
2012,LUDINGTON,Pier/Dock,Steelhead,10,Catch,128
2012,LUDINGTON,Pier/Dock,Steelhead,10,Harvest,118
2012,LUDINGTON,Pier/Dock,Walleye,10,Catch,0
2012,LUDINGTON,Pier/Dock,Walleye,10,Harvest,0
2012,LUDINGTON,Pier/Dock,White Bass,10,Catch,0
2012,LUDINGTON,Pier/Dock,White Bass,10,Harvest,0
2012,LUDINGTON,Pier/Dock,White Perch,10,Catch,0
2012,LUDINGTON,Pier/Dock,White Perch,10,Harvest,0
2012,LUDINGTON,Pier/Dock,Yellow Perch,10,Catch,0
2012,LUDINGTON,Pier/Dock,Yellow Perch,10,Harvest,0
2013,LUDINGTON,Pier/Dock,Brown Trout,4,Catch,12
2013,LUDINGTON,Pier/Dock,Brown Trout,4,Harvest,12
2013,LUDINGTON,Pier/Dock,,4,Angler Hours,998
2013,LUDINGTON,Pier/Dock,Steelhead,4,Catch,38
2013,LUDINGTON,Pier/Dock,Steelhead,4,Harvest,25
2013,LUDINGTON,Pier/Dock,Brown Trout,5,Catch,34
2013,LUDINGTON,Pier/Dock,,5,Angler Hours,270
2013,LUDINGTON,Pier/Dock,Steelhead,5,Catch,7
2013,LUDINGTON,Pier/Dock,,6,Angler Hours,548
2013,LUDINGTON,Pier/Dock,Rockbass,6,Catch,14
2013,LUDINGTON,Pier/Dock,Yellow Perch,6,Catch,40
2013,LUDINGTON,Pier/Dock,Yellow Perch,6,Harvest,24
2013,LUDINGTON,Pier/Dock,Drum,7,Catch,429
2013,LUDINGTON,Pier/Dock,Drum,7,Harvest,61
2013,LUDINGTON,Pier/Dock,Northern Pike,7,Catch,9
2013,LUDINGTON,Pier/Dock,,7,Angler Hours,1162
2013,LUDINGTON,Pier/Dock,Smallmouth Bass,7,Catch,106
2013,LUDINGTON,Pier/Dock,Chinook Salmon,8,Catch,58
2013,LUDINGTON,Pier/Dock,Chinook Salmon,8,Harvest,58
2013,LUDINGTON,Pier/Dock,Drum,8,Catch,330
2013,LUDINGTON,Pier/Dock,,8,Angler Hours,2082
2013,LUDINGTON,Pier/Dock,Rockbass,8,Catch,1
2013,LUDINGTON,Pier/Dock,Rockbass,8,Harvest,1
2013,LUDINGTON,Pier/Dock,Smallmouth Bass,8,Catch,9
2013,LUDINGTON,Pier/Dock,Walleye,8,Catch,17
2013,LUDINGTON,Pier/Dock,Walleye,8,Harvest,17
2013,LUDINGTON,Pier/Dock,Yellow Perch,8,Catch,333
2013,LUDINGTON,Pier/Dock,Yellow Perch,8,Harvest,157
2013,LUDINGTON,Pier/Dock,Brown Trout,9,Catch,9
2013,LUDINGTON,Pier/Dock,Brown Trout,9,Harvest,9
2013,LUDINGTON,Pier/Dock,Chinook Salmon,9,Catch,18
2013,LUDINGTON,Pier/Dock,Chinook Salmon,9,Harvest,18
2013,LUDINGTON,Pier/Dock,Drum,9,Catch,29
2013,LUDINGTON,Pier/Dock,,9,Angler Hours,2996
2013,LUDINGTON,Pier/Dock,Yellow Perch,9,Catch,97
2013,LUDINGTON,Pier/Dock,Yellow Perch,9,Harvest,97
2013,LUDINGTON,Pier/Dock,Brown Trout,10,Catch,17
2013,LUDINGTON,Pier/Dock,Brown Trout,10,Harvest,9
2013,LUDINGTON,Pier/Dock,Coho Salmon,10,Catch,31
2013,LUDINGTON,Pier/Dock,Coho Salmon,10,Harvest,31
2013,LUDINGTON,Pier/Dock,Lean Lake Trout,10,Catch,9
2013,LUDINGTON,Pier/Dock,Lean Lake Trout,10,Harvest,9
2013,LUDINGTON,Pier/Dock,Northern Pike,10,Catch,9
2013,LUDINGTON,Pier/Dock,Northern Pike,10,Harvest,9
2013,LUDINGTON,Pier/Dock,,10,Angler Hours,1848
2013,LUDINGTON,Pier/Dock,Round Whitefish,10,Catch,153
2013,LUDINGTON,Pier/Dock,Round Whitefish,10,Harvest,153
2013,LUDINGTON,Pier/Dock,Steelhead,10,Catch,48
2013,LUDINGTON,Pier/Dock,Steelhead,10,Harvest,48
2014,LUDINGTON,Pier/Dock,Brown Trout,4,Catch,13
2014,LUDINGTON,Pier/Dock,Brown Trout,4,Harvest,8
2014,LUDINGTON,Pier/Dock,,4,Angler Hours,615
2014,LUDINGTON,Pier/Dock,Steelhead,4,Catch,8
2014,LUDINGTON,Pier/Dock,Steelhead,4,Harvest,8
2014,LUDINGTON,Pier/Dock,Brown Trout,5,Catch,17
2014,LUDINGTON,Pier/Dock,Brown Trout,5,Harvest,17
2014,LUDINGTON,Pier/Dock,Chinook Salmon,5,Catch,28
2014,LUDINGTON,Pier/Dock,Chinook Salmon,5,Harvest,28
2014,LUDINGTON,Pier/Dock,,5,Angler Hours,475
2014,LUDINGTON,Pier/Dock,Smallmouth Bass,5,Catch,5
2014,LUDINGTON,Pier/Dock,Brown Trout,6,Catch,57
2014,LUDINGTON,Pier/Dock,Brown Trout,6,Harvest,14
2014,LUDINGTON,Pier/Dock,Chinook Salmon,6,Catch,73
2014,LUDINGTON,Pier/Dock,,6,Angler Hours,817
2014,LUDINGTON,Pier/Dock,Rockbass,6,Catch,9
2014,LUDINGTON,Pier/Dock,Smallmouth Bass,6,Catch,22
2014,LUDINGTON,Pier/Dock,Steelhead,6,Catch,16
2014,LUDINGTON,Pier/Dock,Steelhead,6,Harvest,16
2014,LUDINGTON,Pier/Dock,Yellow Perch,6,Catch,82
2014,LUDINGTON,Pier/Dock,Black Crappie,7,Catch,24
2014,LUDINGTON,Pier/Dock,Black Crappie,7,Harvest,24
2014,LUDINGTON,Pier/Dock,Drum,7,Catch,37
2014,LUDINGTON,Pier/Dock,Northern Pike,7,Catch,1
2014,LUDINGTON,Pier/Dock,,7,Angler Hours,1200
2014,LUDINGTON,Pier/Dock,Other,7,Catch,5
2014,LUDINGTON,Pier/Dock,Other,7,Harvest,5
2014,LUDINGTON,Pier/Dock,Smallmouth Bass,7,Catch,46
2014,LUDINGTON,Pier/Dock,Yellow Perch,7,Catch,658
2014,LUDINGTON,Pier/Dock,Yellow Perch,7,Harvest,438
2014,LUDINGTON,Pier/Dock,Bluegill,8,Catch,17
2014,LUDINGTON,Pier/Dock,Chinook Salmon,8,Catch,46
2014,LUDINGTON,Pier/Dock,Chinook Salmon,8,Harvest,46
2014,LUDINGTON,Pier/Dock,Drum,8,Catch,7
2014,LUDINGTON,Pier/Dock,,8,Angler Hours,2860
2014,LUDINGTON,Pier/Dock,Smallmouth Bass,8,Catch,43
2014,LUDINGTON,Pier/Dock,Smallmouth Bass,8,Harvest,23
2014,LUDINGTON,Pier/Dock,Walleye,8,Catch,7
2014,LUDINGTON,Pier/Dock,Walleye,8,Harvest,7
2014,LUDINGTON,Pier/Dock,Yellow Perch,8,Catch,519
2014,LUDINGTON,Pier/Dock,Yellow Perch,8,Harvest,23
2014,LUDINGTON,Pier/Dock,Chinook Salmon,9,Catch,72
2014,LUDINGTON,Pier/Dock,Chinook Salmon,9,Harvest,18
2014,LUDINGTON,Pier/Dock,Coho Salmon,9,Catch,3
2014,LUDINGTON,Pier/Dock,Coho Salmon,9,Harvest,3
2014,LUDINGTON,Pier/Dock,,9,Angler Hours,2106
2014,LUDINGTON,Pier/Dock,Rockbass,9,Catch,18
2014,LUDINGTON,Pier/Dock,Rockbass,9,Harvest,18
2014,LUDINGTON,Pier/Dock,Smallmouth Bass,9,Catch,18
2014,LUDINGTON,Pier/Dock,Steelhead,9,Catch,11
2014,LUDINGTON,Pier/Dock,Coho Salmon,10,Catch,19
2014,LUDINGTON,Pier/Dock,Coho Salmon,10,Harvest,2
2014,LUDINGTON,Pier/Dock,Common White Sucker,10,Catch,18
2014,LUDINGTON,Pier/Dock,Common White Sucker,10,Harvest,18
2014,LUDINGTON,Pier/Dock,Northern Pike,10,Catch,8
2014,LUDINGTON,Pier/Dock,,10,Angler Hours,2052
2014,LUDINGTON,Pier/Dock,Other,10,Catch,36
2014,LUDINGTON,Pier/Dock,Other,10,Harvest,36
2014,LUDINGTON,Pier/Dock,Round Whitefish,10,Catch,11
2014,LUDINGTON,Pier/Dock,Round Whitefish,10,Harvest,11
2014,LUDINGTON,Pier/Dock,Steelhead,10,Catch,192
2014,LUDINGTON,Pier/Dock,Steelhead,10,Harvest,181
2015,LUDINGTON,Pier/Dock,Brown Trout,4,Catch,328
2015,LUDINGTON,Pier/Dock,Brown Trout,4,Harvest,220
2015,LUDINGTON,Pier/Dock,Lake Whitefish,4,Catch,9
2015,LUDINGTON,Pier/Dock,Lake Whitefish,4,Harvest,9
2015,LUDINGTON,Pier/Dock,,4,Angler Hours,2289
2015,LUDINGTON,Pier/Dock,Steelhead,4,Catch,48
2015,LUDINGTON,Pier/Dock,Steelhead,4,Harvest,48
2015,LUDINGTON,Pier/Dock,Brown Trout,5,Catch,5
2015,LUDINGTON,Pier/Dock,Chinook Salmon,5,Catch,15
2015,LUDINGTON,Pier/Dock,Drum,5,Catch,5
2015,LUDINGTON,Pier/Dock,,5,Angler Hours,491
2015,LUDINGTON,Pier/Dock,Smallmouth Bass,5,Catch,5
2015,LUDINGTON,Pier/Dock,,6,Angler Hours,870
2015,LUDINGTON,Pier/Dock,Other,6,Catch,158
2015,LUDINGTON,Pier/Dock,Other,6,Harvest,158
2015,LUDINGTON,Pier/Dock,Rockbass,6,Catch,14
2015,LUDINGTON,Pier/Dock,Smallmouth Bass,6,Catch,31
2015,LUDINGTON,Pier/Dock,Bluegill,7,Catch,17
2015,LUDINGTON,Pier/Dock,Brown Trout,7,Catch,57
2015,LUDINGTON,Pier/Dock,Brown Trout,7,Harvest,33
2015,LUDINGTON,Pier/Dock,Chinook Salmon,7,Catch,70
2015,LUDINGTON,Pier/Dock,Chinook Salmon,7,Harvest,70
2015,LUDINGTON,Pier/Dock,,7,Angler Hours,2668
2015,LUDINGTON,Pier/Dock,Smallmouth Bass,7,Catch,67
2015,LUDINGTON,Pier/Dock,Steelhead,7,Catch,18
2015,LUDINGTON,Pier/Dock,Steelhead,7,Harvest,18
2015,LUDINGTON,Pier/Dock,,8,Angler Hours,1185
2015,LUDINGTON,Pier/Dock,Rockbass,8,Catch,37
2015,LUDINGTON,Pier/Dock,Chinook Salmon,9,Catch,17
2015,LUDINGTON,Pier/Dock,Chinook Salmon,9,Harvest,17
2015,LUDINGTON,Pier/Dock,Coho Salmon,9,Catch,14
2015,LUDINGTON,Pier/Dock,Coho Salmon,9,Harvest,14
2015,LUDINGTON,Pier/Dock,,9,Angler Hours,1278
2015,LUDINGTON,Pier/Dock,Lean Lake Trout,10,Catch,76
2015,LUDINGTON,Pier/Dock,Lean Lake Trout,10,Harvest,76
2015,LUDINGTON,Pier/Dock,Northern Pike,10,Catch,30
2015,LUDINGTON,Pier/Dock,,10,Angler Hours,2062
2015,LUDINGTON,Pier/Dock,Steelhead,10,Catch,100
2015,LUDINGTON,Pier/Dock,Steelhead,10,Harvest,97
2016,LUDINGTON,Pier/Dock,,4,Angler Hours,523
2016,LUDINGTON,Pier/Dock,Steelhead,4,Catch,19
2016,LUDINGTON,Pier/Dock,Steelhead,4,Harvest,19
2016,LUDINGTON,Pier/Dock,,5,Angler Hours,48
2016,LUDINGTON,Pier/Dock,Northern Pike,6,Catch,2
2016,LUDINGTON,Pier/Dock,Northern Pike,6,Harvest,2
2016,LUDINGTON,Pier/Dock,,6,Angler Hours,54
2016,LUDINGTON,Pier/Dock,,7,Angler Hours,173
2016,LUDINGTON,Pier/Dock,,8,Angler Hours,398
2016,LUDINGTON,Pier/Dock,Chinook Salmon,9,Catch,55
2016,LUDINGTON,Pier/Dock,Chinook Salmon,9,Harvest,55
2016,LUDINGTON,Pier/Dock,,9,Angler Hours,940
2016,LUDINGTON,Pier/Dock,,10,Angler Hours,161
2017,LUDINGTON,Pier/Dock,Brown Trout,4,Catch,38
2017,LUDINGTON,Pier/Dock,Brown Trout,4,Harvest,38
2017,LUDINGTON,Pier/Dock,,4,Angler Hours,570
2017,LUDINGTON,Pier/Dock,Northern Pike,5,Catch,10
2017,LUDINGTON,Pier/Dock,,5,Angler Hours,132
2017,LUDINGTON,Pier/Dock,,6,Angler Hours,99
2017,LUDINGTON,Pier/Dock,Yellow Perch,6,Catch,68
2017,LUDINGTON,Pier/Dock,Coho Salmon,7,Catch,27
2017,LUDINGTON,Pier/Dock,Coho Salmon,7,Harvest,27
2017,LUDINGTON,Pier/Dock,Drum,7,Catch,56
2017,LUDINGTON,Pier/Dock,,7,Angler Hours,3155
2017,LUDINGTON,Pier/Dock,Rockbass,7,Catch,29
2017,LUDINGTON,Pier/Dock,Rockbass,7,Harvest,17
2017,LUDINGTON,Pier/Dock,Smallmouth Bass,7,Catch,12
2017,LUDINGTON,Pier/Dock,Smallmouth Bass,7,Harvest,12
2017,LUDINGTON,Pier/Dock,Yellow Perch,7,Catch,14109
2017,LUDINGTON,Pier/Dock,Yellow Perch,7,Harvest,7323
2017,LUDINGTON,Pier/Dock,Drum,8,Catch,20
2017,LUDINGTON,Pier/Dock,,8,Angler Hours,739
2017,LUDINGTON,Pier/Dock,Chinook Salmon,9,Catch,3
2017,LUDINGTON,Pier/Dock,Chinook Salmon,9,Harvest,3
2017,LUDINGTON,Pier/Dock,,9,Angler Hours,248
2017,LUDINGTON,Pier/Dock,,10,Angler Hours,847
2018,LUDINGTON,Pier/Dock,Bluegill,4,Catch,0
2018,LUDINGTON,Pier/Dock,Bluegill,4,Harvest,0
2018,LUDINGTON,Pier/Dock,Brown Trout,4,Catch,15
2018,LUDINGTON,Pier/Dock,Brown Trout,4,Harvest,15
2018,LUDINGTON,Pier/Dock,Channel Catfish,4,Catch,0
2018,LUDINGTON,Pier/Dock,Channel Catfish,4,Harvest,0
2018,LUDINGTON,Pier/Dock,Chinook Salmon,4,Catch,0
2018,LUDINGTON,Pier/Dock,Chinook Salmon,4,Harvest,0
2018,LUDINGTON,Pier/Dock,Coho Salmon,4,Catch,0
2018,LUDINGTON,Pier/Dock,Coho Salmon,4,Harvest,0
2018,LUDINGTON,Pier/Dock,Common White Sucker,4,Catch,0
2018,LUDINGTON,Pier/Dock,Common White Sucker,4,Harvest,0
2018,LUDINGTON,Pier/Dock,Drum,4,Catch,0
2018,LUDINGTON,Pier/Dock,Drum,4,Harvest,0
2018,LUDINGTON,Pier/Dock,Lake Herring,4,Catch,0
2018,LUDINGTON,Pier/Dock,Lake Herring,4,Harvest,0
2018,LUDINGTON,Pier/Dock,Lake Whitefish,4,Catch,0
2018,LUDINGTON,Pier/Dock,Lake Whitefish,4,Harvest,0
2018,LUDINGTON,Pier/Dock,Largemouth Bass,4,Catch,0
2018,LUDINGTON,Pier/Dock,Largemouth Bass,4,Harvest,0
2018,LUDINGTON,Pier/Dock,Lean Lake Trout,4,Catch,0
2018,LUDINGTON,Pier/Dock,Lean Lake Trout,4,Harvest,0
2018,LUDINGTON,Pier/Dock,Musky,4,Catch,0
2018,LUDINGTON,Pier/Dock,Musky,4,Harvest,0
2018,LUDINGTON,Pier/Dock,Northern Pike,4,Catch,0
2018,LUDINGTON,Pier/Dock,Northern Pike,4,Harvest,0
2018,LUDINGTON,Pier/Dock,,4,Angler Hours,796
2018,LUDINGTON,Pier/Dock,Other,4,Catch,0
2018,LUDINGTON,Pier/Dock,Other,4,Harvest,0
2018,LUDINGTON,Pier/Dock,Pink Salmon,4,Catch,0
2018,LUDINGTON,Pier/Dock,Pink Salmon,4,Harvest,0
2018,LUDINGTON,Pier/Dock,Pumpkinseed,4,Catch,0
2018,LUDINGTON,Pier/Dock,Pumpkinseed,4,Harvest,0
2018,LUDINGTON,Pier/Dock,Rockbass,4,Catch,0
2018,LUDINGTON,Pier/Dock,Rockbass,4,Harvest,0
2018,LUDINGTON,Pier/Dock,Round Whitefish,4,Catch,0
2018,LUDINGTON,Pier/Dock,Round Whitefish,4,Harvest,0
2018,LUDINGTON,Pier/Dock,Smallmouth Bass,4,Catch,0
2018,LUDINGTON,Pier/Dock,Smallmouth Bass,4,Harvest,0
2018,LUDINGTON,Pier/Dock,Steelhead,4,Catch,0
2018,LUDINGTON,Pier/Dock,Steelhead,4,Harvest,0
2018,LUDINGTON,Pier/Dock,Walleye,4,Catch,0
2018,LUDINGTON,Pier/Dock,Walleye,4,Harvest,0
2018,LUDINGTON,Pier/Dock,White Bass,4,Catch,0
2018,LUDINGTON,Pier/Dock,White Bass,4,Harvest,0
2018,LUDINGTON,Pier/Dock,White Perch,4,Catch,0
2018,LUDINGTON,Pier/Dock,White Perch,4,Harvest,0
2018,LUDINGTON,Pier/Dock,Yellow Perch,4,Catch,0
2018,LUDINGTON,Pier/Dock,Yellow Perch,4,Harvest,0
2018,LUDINGTON,Pier/Dock,Bluegill,5,Catch,0
2018,LUDINGTON,Pier/Dock,Bluegill,5,Harvest,0
2018,LUDINGTON,Pier/Dock,Brown Trout,5,Catch,1
2018,LUDINGTON,Pier/Dock,Brown Trout,5,Harvest,1
2018,LUDINGTON,Pier/Dock,Channel Catfish,5,Catch,0
2018,LUDINGTON,Pier/Dock,Channel Catfish,5,Harvest,0
2018,LUDINGTON,Pier/Dock,Chinook Salmon,5,Catch,0
2018,LUDINGTON,Pier/Dock,Chinook Salmon,5,Harvest,0
2018,LUDINGTON,Pier/Dock,Coho Salmon,5,Catch,0
2018,LUDINGTON,Pier/Dock,Coho Salmon,5,Harvest,0
2018,LUDINGTON,Pier/Dock,Common White Sucker,5,Catch,0
2018,LUDINGTON,Pier/Dock,Common White Sucker,5,Harvest,0
2018,LUDINGTON,Pier/Dock,Drum,5,Catch,0
2018,LUDINGTON,Pier/Dock,Drum,5,Harvest,0
2018,LUDINGTON,Pier/Dock,Lake Herring,5,Catch,0
2018,LUDINGTON,Pier/Dock,Lake Herring,5,Harvest,0
2018,LUDINGTON,Pier/Dock,Lake Whitefish,5,Catch,0
2018,LUDINGTON,Pier/Dock,Lake Whitefish,5,Harvest,0
2018,LUDINGTON,Pier/Dock,Largemouth Bass,5,Catch,0
2018,LUDINGTON,Pier/Dock,Largemouth Bass,5,Harvest,0
2018,LUDINGTON,Pier/Dock,Lean Lake Trout,5,Catch,0
2018,LUDINGTON,Pier/Dock,Lean Lake Trout,5,Harvest,0
2018,LUDINGTON,Pier/Dock,Musky,5,Catch,0
2018,LUDINGTON,Pier/Dock,Musky,5,Harvest,0
2018,LUDINGTON,Pier/Dock,Northern Pike,5,Catch,0
2018,LUDINGTON,Pier/Dock,Northern Pike,5,Harvest,0
2018,LUDINGTON,Pier/Dock,,5,Angler Hours,184
2018,LUDINGTON,Pier/Dock,Other,5,Catch,0
2018,LUDINGTON,Pier/Dock,Other,5,Harvest,0
2018,LUDINGTON,Pier/Dock,Pink Salmon,5,Catch,0
2018,LUDINGTON,Pier/Dock,Pink Salmon,5,Harvest,0
2018,LUDINGTON,Pier/Dock,Pumpkinseed,5,Catch,0
2018,LUDINGTON,Pier/Dock,Pumpkinseed,5,Harvest,0
2018,LUDINGTON,Pier/Dock,Rockbass,5,Catch,0
2018,LUDINGTON,Pier/Dock,Rockbass,5,Harvest,0
2018,LUDINGTON,Pier/Dock,Round Whitefish,5,Catch,0
2018,LUDINGTON,Pier/Dock,Round Whitefish,5,Harvest,0
2018,LUDINGTON,Pier/Dock,Smallmouth Bass,5,Catch,0
2018,LUDINGTON,Pier/Dock,Smallmouth Bass,5,Harvest,0
2018,LUDINGTON,Pier/Dock,Steelhead,5,Catch,0
2018,LUDINGTON,Pier/Dock,Steelhead,5,Harvest,0
2018,LUDINGTON,Pier/Dock,Walleye,5,Catch,0
2018,LUDINGTON,Pier/Dock,Walleye,5,Harvest,0
2018,LUDINGTON,Pier/Dock,White Bass,5,Catch,0
2018,LUDINGTON,Pier/Dock,White Bass,5,Harvest,0
2018,LUDINGTON,Pier/Dock,White Perch,5,Catch,0
2018,LUDINGTON,Pier/Dock,White Perch,5,Harvest,0
2018,LUDINGTON,Pier/Dock,Yellow Perch,5,Catch,0
2018,LUDINGTON,Pier/Dock,Yellow Perch,5,Harvest,0
2018,LUDINGTON,Pier/Dock,Bluegill,6,Catch,0
2018,LUDINGTON,Pier/Dock,Bluegill,6,Harvest,0
2018,LUDINGTON,Pier/Dock,Brown Trout,6,Catch,0
2018,LUDINGTON,Pier/Dock,Brown Trout,6,Harvest,0
2018,LUDINGTON,Pier/Dock,Channel Catfish,6,Catch,0
2018,LUDINGTON,Pier/Dock,Channel Catfish,6,Harvest,0
2018,LUDINGTON,Pier/Dock,Chinook Salmon,6,Catch,0
2018,LUDINGTON,Pier/Dock,Chinook Salmon,6,Harvest,0
2018,LUDINGTON,Pier/Dock,Coho Salmon,6,Catch,0
2018,LUDINGTON,Pier/Dock,Coho Salmon,6,Harvest,0
2018,LUDINGTON,Pier/Dock,Common White Sucker,6,Catch,0
2018,LUDINGTON,Pier/Dock,Common White Sucker,6,Harvest,0
2018,LUDINGTON,Pier/Dock,Drum,6,Catch,0
2018,LUDINGTON,Pier/Dock,Drum,6,Harvest,0
2018,LUDINGTON,Pier/Dock,Lake Herring,6,Catch,0
2018,LUDINGTON,Pier/Dock,Lake Herring,6,Harvest,0
2018,LUDINGTON,Pier/Dock,Lake Whitefish,6,Catch,0
2018,LUDINGTON,Pier/Dock,Lake Whitefish,6,Harvest,0
2018,LUDINGTON,Pier/Dock,Largemouth Bass,6,Catch,0
2018,LUDINGTON,Pier/Dock,Largemouth Bass,6,Harvest,0
2018,LUDINGTON,Pier/Dock,Lean Lake Trout,6,Catch,0
2018,LUDINGTON,Pier/Dock,Lean Lake Trout,6,Harvest,0
2018,LUDINGTON,Pier/Dock,Musky,6,Catch,0
2018,LUDINGTON,Pier/Dock,Musky,6,Harvest,0
2018,LUDINGTON,Pier/Dock,Northern Pike,6,Catch,0
2018,LUDINGTON,Pier/Dock,Northern Pike,6,Harvest,0
2018,LUDINGTON,Pier/Dock,,6,Angler Hours,101
2018,LUDINGTON,Pier/Dock,Other,6,Catch,0
2018,LUDINGTON,Pier/Dock,Other,6,Harvest,0
2018,LUDINGTON,Pier/Dock,Pink Salmon,6,Catch,0
2018,LUDINGTON,Pier/Dock,Pink Salmon,6,Harvest,0
2018,LUDINGTON,Pier/Dock,Pumpkinseed,6,Catch,0
2018,LUDINGTON,Pier/Dock,Pumpkinseed,6,Harvest,0
2018,LUDINGTON,Pier/Dock,Rockbass,6,Catch,0
2018,LUDINGTON,Pier/Dock,Rockbass,6,Harvest,0
2018,LUDINGTON,Pier/Dock,Round Whitefish,6,Catch,0
2018,LUDINGTON,Pier/Dock,Round Whitefish,6,Harvest,0
2018,LUDINGTON,Pier/Dock,Smallmouth Bass,6,Catch,0
2018,LUDINGTON,Pier/Dock,Smallmouth Bass,6,Harvest,0
2018,LUDINGTON,Pier/Dock,Steelhead,6,Catch,0
2018,LUDINGTON,Pier/Dock,Steelhead,6,Harvest,0
2018,LUDINGTON,Pier/Dock,Walleye,6,Catch,0
2018,LUDINGTON,Pier/Dock,Walleye,6,Harvest,0
2018,LUDINGTON,Pier/Dock,White Bass,6,Catch,0
2018,LUDINGTON,Pier/Dock,White Bass,6,Harvest,0
2018,LUDINGTON,Pier/Dock,White Perch,6,Catch,0
2018,LUDINGTON,Pier/Dock,White Perch,6,Harvest,0
2018,LUDINGTON,Pier/Dock,Yellow Perch,6,Catch,1178
2018,LUDINGTON,Pier/Dock,Yellow Perch,6,Harvest,261
2018,LUDINGTON,Pier/Dock,Bluegill,7,Catch,0
2018,LUDINGTON,Pier/Dock,Bluegill,7,Harvest,0
2018,LUDINGTON,Pier/Dock,Brown Trout,7,Catch,0
2018,LUDINGTON,Pier/Dock,Brown Trout,7,Harvest,0
2018,LUDINGTON,Pier/Dock,Channel Catfish,7,Catch,0
2018,LUDINGTON,Pier/Dock,Channel Catfish,7,Harvest,0
2018,LUDINGTON,Pier/Dock,Chinook Salmon,7,Catch,0
2018,LUDINGTON,Pier/Dock,Chinook Salmon,7,Harvest,0
2018,LUDINGTON,Pier/Dock,Coho Salmon,7,Catch,0
2018,LUDINGTON,Pier/Dock,Coho Salmon,7,Harvest,0
2018,LUDINGTON,Pier/Dock,Common White Sucker,7,Catch,0
2018,LUDINGTON,Pier/Dock,Common White Sucker,7,Harvest,0
2018,LUDINGTON,Pier/Dock,Drum,7,Catch,0
2018,LUDINGTON,Pier/Dock,Drum,7,Harvest,0
2018,LUDINGTON,Pier/Dock,Lake Herring,7,Catch,0
2018,LUDINGTON,Pier/Dock,Lake Herring,7,Harvest,0
2018,LUDINGTON,Pier/Dock,Lake Whitefish,7,Catch,0
2018,LUDINGTON,Pier/Dock,Lake Whitefish,7,Harvest,0
2018,LUDINGTON,Pier/Dock,Largemouth Bass,7,Catch,0
2018,LUDINGTON,Pier/Dock,Largemouth Bass,7,Harvest,0
2018,LUDINGTON,Pier/Dock,Lean Lake Trout,7,Catch,0
2018,LUDINGTON,Pier/Dock,Lean Lake Trout,7,Harvest,0
2018,LUDINGTON,Pier/Dock,Musky,7,Catch,0
2018,LUDINGTON,Pier/Dock,Musky,7,Harvest,0
2018,LUDINGTON,Pier/Dock,Northern Pike,7,Catch,0
2018,LUDINGTON,Pier/Dock,Northern Pike,7,Harvest,0
2018,LUDINGTON,Pier/Dock,,7,Angler Hours,1575
2018,LUDINGTON,Pier/Dock,Other,7,Catch,0
2018,LUDINGTON,Pier/Dock,Other,7,Harvest,0
2018,LUDINGTON,Pier/Dock,Pink Salmon,7,Catch,0
2018,LUDINGTON,Pier/Dock,Pink Salmon,7,Harvest,0
2018,LUDINGTON,Pier/Dock,Pumpkinseed,7,Catch,0
2018,LUDINGTON,Pier/Dock,Pumpkinseed,7,Harvest,0
2018,LUDINGTON,Pier/Dock,Rockbass,7,Catch,0
2018,LUDINGTON,Pier/Dock,Rockbass,7,Harvest,0
2018,LUDINGTON,Pier/Dock,Round Whitefish,7,Catch,0
2018,LUDINGTON,Pier/Dock,Round Whitefish,7,Harvest,0
2018,LUDINGTON,Pier/Dock,Smallmouth Bass,7,Catch,18
2018,LUDINGTON,Pier/Dock,Smallmouth Bass,7,Harvest,0
2018,LUDINGTON,Pier/Dock,Steelhead,7,Catch,0
2018,LUDINGTON,Pier/Dock,Steelhead,7,Harvest,0
2018,LUDINGTON,Pier/Dock,Walleye,7,Catch,0
2018,LUDINGTON,Pier/Dock,Walleye,7,Harvest,0
2018,LUDINGTON,Pier/Dock,White Bass,7,Catch,0
2018,LUDINGTON,Pier/Dock,White Bass,7,Harvest,0
2018,LUDINGTON,Pier/Dock,White Perch,7,Catch,0
2018,LUDINGTON,Pier/Dock,White Perch,7,Harvest,0
2018,LUDINGTON,Pier/Dock,Yellow Perch,7,Catch,4901
2018,LUDINGTON,Pier/Dock,Yellow Perch,7,Harvest,2340
2018,LUDINGTON,Pier/Dock,Bluegill,8,Catch,0
2018,LUDINGTON,Pier/Dock,Bluegill,8,Harvest,0
2018,LUDINGTON,Pier/Dock,Brown Trout,8,Catch,0
2018,LUDINGTON,Pier/Dock,Brown Trout,8,Harvest,0
2018,LUDINGTON,Pier/Dock,Channel Catfish,8,Catch,0
2018,LUDINGTON,Pier/Dock,Channel Catfish,8,Harvest,0
2018,LUDINGTON,Pier/Dock,Chinook Salmon,8,Catch,0
2018,LUDINGTON,Pier/Dock,Chinook Salmon,8,Harvest,0
2018,LUDINGTON,Pier/Dock,Coho Salmon,8,Catch,0
2018,LUDINGTON,Pier/Dock,Coho Salmon,8,Harvest,0
2018,LUDINGTON,Pier/Dock,Common White Sucker,8,Catch,0
2018,LUDINGTON,Pier/Dock,Common White Sucker,8,Harvest,0
2018,LUDINGTON,Pier/Dock,Drum,8,Catch,0
2018,LUDINGTON,Pier/Dock,Drum,8,Harvest,0
2018,LUDINGTON,Pier/Dock,Lake Herring,8,Catch,0
2018,LUDINGTON,Pier/Dock,Lake Herring,8,Harvest,0
2018,LUDINGTON,Pier/Dock,Lake Whitefish,8,Catch,0
2018,LUDINGTON,Pier/Dock,Lake Whitefish,8,Harvest,0
2018,LUDINGTON,Pier/Dock,Largemouth Bass,8,Catch,0
2018,LUDINGTON,Pier/Dock,Largemouth Bass,8,Harvest,0
2018,LUDINGTON,Pier/Dock,Lean Lake Trout,8,Catch,0
2018,LUDINGTON,Pier/Dock,Lean Lake Trout,8,Harvest,0
2018,LUDINGTON,Pier/Dock,Musky,8,Catch,0
2018,LUDINGTON,Pier/Dock,Musky,8,Harvest,0
2018,LUDINGTON,Pier/Dock,Northern Pike,8,Catch,5
2018,LUDINGTON,Pier/Dock,Northern Pike,8,Harvest,5
2018,LUDINGTON,Pier/Dock,,8,Angler Hours,991
2018,LUDINGTON,Pier/Dock,Other,8,Catch,0
2018,LUDINGTON,Pier/Dock,Other,8,Harvest,0
2018,LUDINGTON,Pier/Dock,Pink Salmon,8,Catch,0
2018,LUDINGTON,Pier/Dock,Pink Salmon,8,Harvest,0
2018,LUDINGTON,Pier/Dock,Pumpkinseed,8,Catch,0
2018,LUDINGTON,Pier/Dock,Pumpkinseed,8,Harvest,0
2018,LUDINGTON,Pier/Dock,Rockbass,8,Catch,0
2018,LUDINGTON,Pier/Dock,Rockbass,8,Harvest,0
2018,LUDINGTON,Pier/Dock,Round Whitefish,8,Catch,0
2018,LUDINGTON,Pier/Dock,Round Whitefish,8,Harvest,0
2018,LUDINGTON,Pier/Dock,Smallmouth Bass,8,Catch,0
2018,LUDINGTON,Pier/Dock,Smallmouth Bass,8,Harvest,0
2018,LUDINGTON,Pier/Dock,Steelhead,8,Catch,0
2018,LUDINGTON,Pier/Dock,Steelhead,8,Harvest,0
2018,LUDINGTON,Pier/Dock,Walleye,8,Catch,0
2018,LUDINGTON,Pier/Dock,Walleye,8,Harvest,0
2018,LUDINGTON,Pier/Dock,White Bass,8,Catch,0
2018,LUDINGTON,Pier/Dock,White Bass,8,Harvest,0
2018,LUDINGTON,Pier/Dock,White Perch,8,Catch,0
2018,LUDINGTON,Pier/Dock,White Perch,8,Harvest,0
2018,LUDINGTON,Pier/Dock,Yellow Perch,8,Catch,7
2018,LUDINGTON,Pier/Dock,Yellow Perch,8,Harvest,0
2018,LUDINGTON,Pier/Dock,Bluegill,9,Catch,0
2018,LUDINGTON,Pier/Dock,Bluegill,9,Harvest,0
2018,LUDINGTON,Pier/Dock,Brown Trout,9,Catch,0
2018,LUDINGTON,Pier/Dock,Brown Trout,9,Harvest,0
2018,LUDINGTON,Pier/Dock,Channel Catfish,9,Catch,0
2018,LUDINGTON,Pier/Dock,Channel Catfish,9,Harvest,0
2018,LUDINGTON,Pier/Dock,Chinook Salmon,9,Catch,0
2018,LUDINGTON,Pier/Dock,Chinook Salmon,9,Harvest,0
2018,LUDINGTON,Pier/Dock,Coho Salmon,9,Catch,0
2018,LUDINGTON,Pier/Dock,Coho Salmon,9,Harvest,0
2018,LUDINGTON,Pier/Dock,Common White Sucker,9,Catch,0
2018,LUDINGTON,Pier/Dock,Common White Sucker,9,Harvest,0
2018,LUDINGTON,Pier/Dock,Drum,9,Catch,0
2018,LUDINGTON,Pier/Dock,Drum,9,Harvest,0
2018,LUDINGTON,Pier/Dock,Lake Herring,9,Catch,0
2018,LUDINGTON,Pier/Dock,Lake Herring,9,Harvest,0
2018,LUDINGTON,Pier/Dock,Lake Whitefish,9,Catch,0
2018,LUDINGTON,Pier/Dock,Lake Whitefish,9,Harvest,0
2018,LUDINGTON,Pier/Dock,Largemouth Bass,9,Catch,0
2018,LUDINGTON,Pier/Dock,Largemouth Bass,9,Harvest,0
2018,LUDINGTON,Pier/Dock,Lean Lake Trout,9,Catch,0
2018,LUDINGTON,Pier/Dock,Lean Lake Trout,9,Harvest,0
2018,LUDINGTON,Pier/Dock,Musky,9,Catch,0
2018,LUDINGTON,Pier/Dock,Musky,9,Harvest,0
2018,LUDINGTON,Pier/Dock,Northern Pike,9,Catch,0
2018,LUDINGTON,Pier/Dock,Northern Pike,9,Harvest,0
2018,LUDINGTON,Pier/Dock,,9,Angler Hours,966
2018,LUDINGTON,Pier/Dock,Other,9,Catch,0
2018,LUDINGTON,Pier/Dock,Other,9,Harvest,0
2018,LUDINGTON,Pier/Dock,Pink Salmon,9,Catch,0
2018,LUDINGTON,Pier/Dock,Pink Salmon,9,Harvest,0
2018,LUDINGTON,Pier/Dock,Pumpkinseed,9,Catch,0
2018,LUDINGTON,Pier/Dock,Pumpkinseed,9,Harvest,0
2018,LUDINGTON,Pier/Dock,Rockbass,9,Catch,0
2018,LUDINGTON,Pier/Dock,Rockbass,9,Harvest,0
2018,LUDINGTON,Pier/Dock,Round Whitefish,9,Catch,0
2018,LUDINGTON,Pier/Dock,Round Whitefish,9,Harvest,0
2018,LUDINGTON,Pier/Dock,Smallmouth Bass,9,Catch,0
2018,LUDINGTON,Pier/Dock,Smallmouth Bass,9,Harvest,0
2018,LUDINGTON,Pier/Dock,Steelhead,9,Catch,0
2018,LUDINGTON,Pier/Dock,Steelhead,9,Harvest,0
2018,LUDINGTON,Pier/Dock,Walleye,9,Catch,0
2018,LUDINGTON,Pier/Dock,Walleye,9,Harvest,0
2018,LUDINGTON,Pier/Dock,White Bass,9,Catch,0
2018,LUDINGTON,Pier/Dock,White Bass,9,Harvest,0
2018,LUDINGTON,Pier/Dock,White Perch,9,Catch,0
2018,LUDINGTON,Pier/Dock,White Perch,9,Harvest,0
2018,LUDINGTON,Pier/Dock,Yellow Perch,9,Catch,0
2018,LUDINGTON,Pier/Dock,Yellow Perch,9,Harvest,0
2018,LUDINGTON,Pier/Dock,Bluegill,10,Catch,0
2018,LUDINGTON,Pier/Dock,Bluegill,10,Harvest,0
2018,LUDINGTON,Pier/Dock,Brown Trout,10,Catch,0
2018,LUDINGTON,Pier/Dock,Brown Trout,10,Harvest,0
2018,LUDINGTON,Pier/Dock,Channel Catfish,10,Catch,0
2018,LUDINGTON,Pier/Dock,Channel Catfish,10,Harvest,0
2018,LUDINGTON,Pier/Dock,Chinook Salmon,10,Catch,0
2018,LUDINGTON,Pier/Dock,Chinook Salmon,10,Harvest,0
2018,LUDINGTON,Pier/Dock,Coho Salmon,10,Catch,0
2018,LUDINGTON,Pier/Dock,Coho Salmon,10,Harvest,0
2018,LUDINGTON,Pier/Dock,Common White Sucker,10,Catch,0
2018,LUDINGTON,Pier/Dock,Common White Sucker,10,Harvest,0
2018,LUDINGTON,Pier/Dock,Drum,10,Catch,0
2018,LUDINGTON,Pier/Dock,Drum,10,Harvest,0
2018,LUDINGTON,Pier/Dock,Lake Herring,10,Catch,0
2018,LUDINGTON,Pier/Dock,Lake Herring,10,Harvest,0
2018,LUDINGTON,Pier/Dock,Lake Whitefish,10,Catch,0
2018,LUDINGTON,Pier/Dock,Lake Whitefish,10,Harvest,0
2018,LUDINGTON,Pier/Dock,Largemouth Bass,10,Catch,0
2018,LUDINGTON,Pier/Dock,Largemouth Bass,10,Harvest,0
2018,LUDINGTON,Pier/Dock,Lean Lake Trout,10,Catch,0
2018,LUDINGTON,Pier/Dock,Lean Lake Trout,10,Harvest,0
2018,LUDINGTON,Pier/Dock,Musky,10,Catch,0
2018,LUDINGTON,Pier/Dock,Musky,10,Harvest,0
2018,LUDINGTON,Pier/Dock,Northern Pike,10,Catch,0
2018,LUDINGTON,Pier/Dock,Northern Pike,10,Harvest,0
2018,LUDINGTON,Pier/Dock,,10,Angler Hours,902
2018,LUDINGTON,Pier/Dock,Other,10,Catch,0
2018,LUDINGTON,Pier/Dock,Other,10,Harvest,0
2018,LUDINGTON,Pier/Dock,Pink Salmon,10,Catch,0
2018,LUDINGTON,Pier/Dock,Pink Salmon,10,Harvest,0
2018,LUDINGTON,Pier/Dock,Pumpkinseed,10,Catch,0
2018,LUDINGTON,Pier/Dock,Pumpkinseed,10,Harvest,0
2018,LUDINGTON,Pier/Dock,Rockbass,10,Catch,0
2018,LUDINGTON,Pier/Dock,Rockbass,10,Harvest,0
2018,LUDINGTON,Pier/Dock,Round Whitefish,10,Catch,0
2018,LUDINGTON,Pier/Dock,Round Whitefish,10,Harvest,0
2018,LUDINGTON,Pier/Dock,Smallmouth Bass,10,Catch,0
2018,LUDINGTON,Pier/Dock,Smallmouth Bass,10,Harvest,0
2018,LUDINGTON,Pier/Dock,Steelhead,10,Catch,0
2018,LUDINGTON,Pier/Dock,Steelhead,10,Harvest,0
2018,LUDINGTON,Pier/Dock,Walleye,10,Catch,0
2018,LUDINGTON,Pier/Dock,Walleye,10,Harvest,0
2018,LUDINGTON,Pier/Dock,White Bass,10,Catch,0
2018,LUDINGTON,Pier/Dock,White Bass,10,Harvest,0
2018,LUDINGTON,Pier/Dock,White Perch,10,Catch,0
2018,LUDINGTON,Pier/Dock,White Perch,10,Harvest,0
2018,LUDINGTON,Pier/Dock,Yellow Perch,10,Catch,0
2018,LUDINGTON,Pier/Dock,Yellow Perch,10,Harvest,0
2019,LUDINGTON,Pier/Dock,Atlantic Salmon,4,Catch,0
2019,LUDINGTON,Pier/Dock,Atlantic Salmon,4,Harvest,0
2019,LUDINGTON,Pier/Dock,Black Crappie,4,Catch,0
2019,LUDINGTON,Pier/Dock,Black Crappie,4,Harvest,0
2019,LUDINGTON,Pier/Dock,Bluegill,4,Catch,0
2019,LUDINGTON,Pier/Dock,Bluegill,4,Harvest,0
2019,LUDINGTON,Pier/Dock,Brown Trout,4,Catch,24
2019,LUDINGTON,Pier/Dock,Brown Trout,4,Harvest,24
2019,LUDINGTON,Pier/Dock,Channel Catfish,4,Catch,0
2019,LUDINGTON,Pier/Dock,Channel Catfish,4,Harvest,0
2019,LUDINGTON,Pier/Dock,Chinook Salmon,4,Catch,0
2019,LUDINGTON,Pier/Dock,Chinook Salmon,4,Harvest,0
2019,LUDINGTON,Pier/Dock,Coho Salmon,4,Catch,0
2019,LUDINGTON,Pier/Dock,Coho Salmon,4,Harvest,0
2019,LUDINGTON,Pier/Dock,Common White Sucker,4,Catch,0
2019,LUDINGTON,Pier/Dock,Common White Sucker,4,Harvest,0
2019,LUDINGTON,Pier/Dock,Drum,4,Catch,0
2019,LUDINGTON,Pier/Dock,Drum,4,Harvest,0
2019,LUDINGTON,Pier/Dock,Fat Lake Trout,4,Catch,0
2019,LUDINGTON,Pier/Dock,Fat Lake Trout,4,Harvest,0
2019,LUDINGTON,Pier/Dock,Lake Herring,4,Catch,0
2019,LUDINGTON,Pier/Dock,Lake Herring,4,Harvest,0
2019,LUDINGTON,Pier/Dock,Lake Whitefish,4,Catch,0
2019,LUDINGTON,Pier/Dock,Lake Whitefish,4,Harvest,0
2019,LUDINGTON,Pier/Dock,Largemouth Bass,4,Catch,0
2019,LUDINGTON,Pier/Dock,Largemouth Bass,4,Harvest,0
2019,LUDINGTON,Pier/Dock,Lean Lake Trout,4,Catch,0
2019,LUDINGTON,Pier/Dock,Lean Lake Trout,4,Harvest,0
2019,LUDINGTON,Pier/Dock,Northern Pike,4,Catch,0
2019,LUDINGTON,Pier/Dock,Northern Pike,4,Harvest,0
2019,LUDINGTON,Pier/Dock,,4,Angler Hours,240
2019,LUDINGTON,Pier/Dock,Other,4,Catch,0
2019,LUDINGTON,Pier/Dock,Other,4,Harvest,0
2019,LUDINGTON,Pier/Dock,Pink Salmon,4,Catch,0
2019,LUDINGTON,Pier/Dock,Pink Salmon,4,Harvest,0
2019,LUDINGTON,Pier/Dock,Pumpkinseed,4,Catch,0
2019,LUDINGTON,Pier/Dock,Pumpkinseed,4,Harvest,0
2019,LUDINGTON,Pier/Dock,Rockbass,4,Catch,0
2019,LUDINGTON,Pier/Dock,Rockbass,4,Harvest,0
2019,LUDINGTON,Pier/Dock,Round Whitefish,4,Catch,0
2019,LUDINGTON,Pier/Dock,Round Whitefish,4,Harvest,0
2019,LUDINGTON,Pier/Dock,Smallmouth Bass,4,Catch,0
2019,LUDINGTON,Pier/Dock,Smallmouth Bass,4,Harvest,0
2019,LUDINGTON,Pier/Dock,Steelhead,4,Catch,0
2019,LUDINGTON,Pier/Dock,Steelhead,4,Harvest,0
2019,LUDINGTON,Pier/Dock,Walleye,4,Catch,0
2019,LUDINGTON,Pier/Dock,Walleye,4,Harvest,0
2019,LUDINGTON,Pier/Dock,White Bass,4,Catch,0
2019,LUDINGTON,Pier/Dock,White Bass,4,Harvest,0
2019,LUDINGTON,Pier/Dock,White Perch,4,Catch,0
2019,LUDINGTON,Pier/Dock,White Perch,4,Harvest,0
2019,LUDINGTON,Pier/Dock,Yellow Perch,4,Catch,0
2019,LUDINGTON,Pier/Dock,Yellow Perch,4,Harvest,0
2019,LUDINGTON,Pier/Dock,Atlantic Salmon,5,Catch,0
2019,LUDINGTON,Pier/Dock,Atlantic Salmon,5,Harvest,0
2019,LUDINGTON,Pier/Dock,Black Crappie,5,Catch,0
2019,LUDINGTON,Pier/Dock,Black Crappie,5,Harvest,0
2019,LUDINGTON,Pier/Dock,Bluegill,5,Catch,0
2019,LUDINGTON,Pier/Dock,Bluegill,5,Harvest,0
2019,LUDINGTON,Pier/Dock,Brown Trout,5,Catch,0
2019,LUDINGTON,Pier/Dock,Brown Trout,5,Harvest,0
2019,LUDINGTON,Pier/Dock,Channel Catfish,5,Catch,0
2019,LUDINGTON,Pier/Dock,Channel Catfish,5,Harvest,0
2019,LUDINGTON,Pier/Dock,Chinook Salmon,5,Catch,0
2019,LUDINGTON,Pier/Dock,Chinook Salmon,5,Harvest,0
2019,LUDINGTON,Pier/Dock,Coho Salmon,5,Catch,0
2019,LUDINGTON,Pier/Dock,Coho Salmon,5,Harvest,0
2019,LUDINGTON,Pier/Dock,Common White Sucker,5,Catch,0
2019,LUDINGTON,Pier/Dock,Common White Sucker,5,Harvest,0
2019,LUDINGTON,Pier/Dock,Drum,5,Catch,0
2019,LUDINGTON,Pier/Dock,Drum,5,Harvest,0
2019,LUDINGTON,Pier/Dock,Fat Lake Trout,5,Catch,0
2019,LUDINGTON,Pier/Dock,Fat Lake Trout,5,Harvest,0
2019,LUDINGTON,Pier/Dock,Lake Herring,5,Catch,0
2019,LUDINGTON,Pier/Dock,Lake Herring,5,Harvest,0
2019,LUDINGTON,Pier/Dock,Lake Whitefish,5,Catch,0
2019,LUDINGTON,Pier/Dock,Lake Whitefish,5,Harvest,0
2019,LUDINGTON,Pier/Dock,Largemouth Bass,5,Catch,0
2019,LUDINGTON,Pier/Dock,Largemouth Bass,5,Harvest,0
2019,LUDINGTON,Pier/Dock,Lean Lake Trout,5,Catch,0
2019,LUDINGTON,Pier/Dock,Lean Lake Trout,5,Harvest,0
2019,LUDINGTON,Pier/Dock,Northern Pike,5,Catch,0
2019,LUDINGTON,Pier/Dock,Northern Pike,5,Harvest,0
2019,LUDINGTON,Pier/Dock,,5,Angler Hours,88
2019,LUDINGTON,Pier/Dock,Other,5,Catch,0
2019,LUDINGTON,Pier/Dock,Other,5,Harvest,0
2019,LUDINGTON,Pier/Dock,Pink Salmon,5,Catch,0
2019,LUDINGTON,Pier/Dock,Pink Salmon,5,Harvest,0
2019,LUDINGTON,Pier/Dock,Pumpkinseed,5,Catch,0
2019,LUDINGTON,Pier/Dock,Pumpkinseed,5,Harvest,0
2019,LUDINGTON,Pier/Dock,Rockbass,5,Catch,0
2019,LUDINGTON,Pier/Dock,Rockbass,5,Harvest,0
2019,LUDINGTON,Pier/Dock,Round Whitefish,5,Catch,0
2019,LUDINGTON,Pier/Dock,Round Whitefish,5,Harvest,0
2019,LUDINGTON,Pier/Dock,Smallmouth Bass,5,Catch,0
2019,LUDINGTON,Pier/Dock,Smallmouth Bass,5,Harvest,0
2019,LUDINGTON,Pier/Dock,Steelhead,5,Catch,0
2019,LUDINGTON,Pier/Dock,Steelhead,5,Harvest,0
2019,LUDINGTON,Pier/Dock,Walleye,5,Catch,0
2019,LUDINGTON,Pier/Dock,Walleye,5,Harvest,0
2019,LUDINGTON,Pier/Dock,White Bass,5,Catch,0
2019,LUDINGTON,Pier/Dock,White Bass,5,Harvest,0
2019,LUDINGTON,Pier/Dock,White Perch,5,Catch,0
2019,LUDINGTON,Pier/Dock,White Perch,5,Harvest,0
2019,LUDINGTON,Pier/Dock,Yellow Perch,5,Catch,0
2019,LUDINGTON,Pier/Dock,Yellow Perch,5,Harvest,0
2019,LUDINGTON,Pier/Dock,Atlantic Salmon,7,Catch,0
2019,LUDINGTON,Pier/Dock,Atlantic Salmon,7,Harvest,0
2019,LUDINGTON,Pier/Dock,Black Crappie,7,Catch,0
2019,LUDINGTON,Pier/Dock,Black Crappie,7,Harvest,0
2019,LUDINGTON,Pier/Dock,Bluegill,7,Catch,0
2019,LUDINGTON,Pier/Dock,Bluegill,7,Harvest,0
2019,LUDINGTON,Pier/Dock,Brown Trout,7,Catch,0
2019,LUDINGTON,Pier/Dock,Brown Trout,7,Harvest,0
2019,LUDINGTON,Pier/Dock,Channel Catfish,7,Catch,0
2019,LUDINGTON,Pier/Dock,Channel Catfish,7,Harvest,0
2019,LUDINGTON,Pier/Dock,Chinook Salmon,7,Catch,0
2019,LUDINGTON,Pier/Dock,Chinook Salmon,7,Harvest,0
2019,LUDINGTON,Pier/Dock,Coho Salmon,7,Catch,0
2019,LUDINGTON,Pier/Dock,Coho Salmon,7,Harvest,0
2019,LUDINGTON,Pier/Dock,Common White Sucker,7,Catch,0
2019,LUDINGTON,Pier/Dock,Common White Sucker,7,Harvest,0
2019,LUDINGTON,Pier/Dock,Drum,7,Catch,0
2019,LUDINGTON,Pier/Dock,Drum,7,Harvest,0
2019,LUDINGTON,Pier/Dock,Fat Lake Trout,7,Catch,0
2019,LUDINGTON,Pier/Dock,Fat Lake Trout,7,Harvest,0
2019,LUDINGTON,Pier/Dock,Lake Herring,7,Catch,0
2019,LUDINGTON,Pier/Dock,Lake Herring,7,Harvest,0
2019,LUDINGTON,Pier/Dock,Lake Whitefish,7,Catch,0
2019,LUDINGTON,Pier/Dock,Lake Whitefish,7,Harvest,0
2019,LUDINGTON,Pier/Dock,Largemouth Bass,7,Catch,0
2019,LUDINGTON,Pier/Dock,Largemouth Bass,7,Harvest,0
2019,LUDINGTON,Pier/Dock,Lean Lake Trout,7,Catch,0
2019,LUDINGTON,Pier/Dock,Lean Lake Trout,7,Harvest,0
2019,LUDINGTON,Pier/Dock,Northern Pike,7,Catch,0
2019,LUDINGTON,Pier/Dock,Northern Pike,7,Harvest,0
2019,LUDINGTON,Pier/Dock,,7,Angler Hours,348
2019,LUDINGTON,Pier/Dock,Other,7,Catch,0
2019,LUDINGTON,Pier/Dock,Other,7,Harvest,0
2019,LUDINGTON,Pier/Dock,Pink Salmon,7,Catch,0
2019,LUDINGTON,Pier/Dock,Pink Salmon,7,Harvest,0
2019,LUDINGTON,Pier/Dock,Pumpkinseed,7,Catch,0
2019,LUDINGTON,Pier/Dock,Pumpkinseed,7,Harvest,0
2019,LUDINGTON,Pier/Dock,Rockbass,7,Catch,0
2019,LUDINGTON,Pier/Dock,Rockbass,7,Harvest,0
2019,LUDINGTON,Pier/Dock,Round Whitefish,7,Catch,0
2019,LUDINGTON,Pier/Dock,Round Whitefish,7,Harvest,0
2019,LUDINGTON,Pier/Dock,Smallmouth Bass,7,Catch,0
2019,LUDINGTON,Pier/Dock,Smallmouth Bass,7,Harvest,0
2019,LUDINGTON,Pier/Dock,Steelhead,7,Catch,0
2019,LUDINGTON,Pier/Dock,Steelhead,7,Harvest,0
2019,LUDINGTON,Pier/Dock,Walleye,7,Catch,0
2019,LUDINGTON,Pier/Dock,Walleye,7,Harvest,0
2019,LUDINGTON,Pier/Dock,White Bass,7,Catch,0
2019,LUDINGTON,Pier/Dock,White Bass,7,Harvest,0
2019,LUDINGTON,Pier/Dock,White Perch,7,Catch,0
2019,LUDINGTON,Pier/Dock,White Perch,7,Harvest,0
2019,LUDINGTON,Pier/Dock,Yellow Perch,7,Catch,66
2019,LUDINGTON,Pier/Dock,Yellow Perch,7,Harvest,0
2019,LUDINGTON,Pier/Dock,Atlantic Salmon,8,Catch,0
2019,LUDINGTON,Pier/Dock,Atlantic Salmon,8,Harvest,0
2019,LUDINGTON,Pier/Dock,Black Crappie,8,Catch,0
2019,LUDINGTON,Pier/Dock,Black Crappie,8,Harvest,0
2019,LUDINGTON,Pier/Dock,Bluegill,8,Catch,0
2019,LUDINGTON,Pier/Dock,Bluegill,8,Harvest,0
2019,LUDINGTON,Pier/Dock,Brown Trout,8,Catch,0
2019,LUDINGTON,Pier/Dock,Brown Trout,8,Harvest,0
2019,LUDINGTON,Pier/Dock,Channel Catfish,8,Catch,0
2019,LUDINGTON,Pier/Dock,Channel Catfish,8,Harvest,0
2019,LUDINGTON,Pier/Dock,Chinook Salmon,8,Catch,17
2019,LUDINGTON,Pier/Dock,Chinook Salmon,8,Harvest,17
2019,LUDINGTON,Pier/Dock,Coho Salmon,8,Catch,0
2019,LUDINGTON,Pier/Dock,Coho Salmon,8,Harvest,0
2019,LUDINGTON,Pier/Dock,Common White Sucker,8,Catch,0
2019,LUDINGTON,Pier/Dock,Common White Sucker,8,Harvest,0
2019,LUDINGTON,Pier/Dock,Drum,8,Catch,0
2019,LUDINGTON,Pier/Dock,Drum,8,Harvest,0
2019,LUDINGTON,Pier/Dock,Fat Lake Trout,8,Catch,0
2019,LUDINGTON,Pier/Dock,Fat Lake Trout,8,Harvest,0
2019,LUDINGTON,Pier/Dock,Lake Herring,8,Catch,0
2019,LUDINGTON,Pier/Dock,Lake Herring,8,Harvest,0
2019,LUDINGTON,Pier/Dock,Lake Whitefish,8,Catch,0
2019,LUDINGTON,Pier/Dock,Lake Whitefish,8,Harvest,0
2019,LUDINGTON,Pier/Dock,Largemouth Bass,8,Catch,0
2019,LUDINGTON,Pier/Dock,Largemouth Bass,8,Harvest,0
2019,LUDINGTON,Pier/Dock,Lean Lake Trout,8,Catch,0
2019,LUDINGTON,Pier/Dock,Lean Lake Trout,8,Harvest,0
2019,LUDINGTON,Pier/Dock,Northern Pike,8,Catch,0
2019,LUDINGTON,Pier/Dock,Northern Pike,8,Harvest,0
2019,LUDINGTON,Pier/Dock,,8,Angler Hours,718
2019,LUDINGTON,Pier/Dock,Other,8,Catch,0
2019,LUDINGTON,Pier/Dock,Other,8,Harvest,0
2019,LUDINGTON,Pier/Dock,Pink Salmon,8,Catch,0
2019,LUDINGTON,Pier/Dock,Pink Salmon,8,Harvest,0
2019,LUDINGTON,Pier/Dock,Pumpkinseed,8,Catch,0
2019,LUDINGTON,Pier/Dock,Pumpkinseed,8,Harvest,0
2019,LUDINGTON,Pier/Dock,Rockbass,8,Catch,0
2019,LUDINGTON,Pier/Dock,Rockbass,8,Harvest,0
2019,LUDINGTON,Pier/Dock,Round Whitefish,8,Catch,0
2019,LUDINGTON,Pier/Dock,Round Whitefish,8,Harvest,0
2019,LUDINGTON,Pier/Dock,Smallmouth Bass,8,Catch,0
2019,LUDINGTON,Pier/Dock,Smallmouth Bass,8,Harvest,0
2019,LUDINGTON,Pier/Dock,Steelhead,8,Catch,0
2019,LUDINGTON,Pier/Dock,Steelhead,8,Harvest,0
2019,LUDINGTON,Pier/Dock,Walleye,8,Catch,0
2019,LUDINGTON,Pier/Dock,Walleye,8,Harvest,0
2019,LUDINGTON,Pier/Dock,White Bass,8,Catch,0
2019,LUDINGTON,Pier/Dock,White Bass,8,Harvest,0
2019,LUDINGTON,Pier/Dock,White Perch,8,Catch,0
2019,LUDINGTON,Pier/Dock,White Perch,8,Harvest,0
2019,LUDINGTON,Pier/Dock,Yellow Perch,8,Catch,0
2019,LUDINGTON,Pier/Dock,Yellow Perch,8,Harvest,0
2019,LUDINGTON,Pier/Dock,Atlantic Salmon,9,Catch,0
2019,LUDINGTON,Pier/Dock,Atlantic Salmon,9,Harvest,0
2019,LUDINGTON,Pier/Dock,Black Crappie,9,Catch,0
2019,LUDINGTON,Pier/Dock,Black Crappie,9,Harvest,0
2019,LUDINGTON,Pier/Dock,Bluegill,9,Catch,0
2019,LUDINGTON,Pier/Dock,Bluegill,9,Harvest,0
2019,LUDINGTON,Pier/Dock,Brown Trout,9,Catch,0
2019,LUDINGTON,Pier/Dock,Brown Trout,9,Harvest,0
2019,LUDINGTON,Pier/Dock,Channel Catfish,9,Catch,0
2019,LUDINGTON,Pier/Dock,Channel Catfish,9,Harvest,0
2019,LUDINGTON,Pier/Dock,Chinook Salmon,9,Catch,0
2019,LUDINGTON,Pier/Dock,Chinook Salmon,9,Harvest,0
2019,LUDINGTON,Pier/Dock,Coho Salmon,9,Catch,10
2019,LUDINGTON,Pier/Dock,Coho Salmon,9,Harvest,5
2019,LUDINGTON,Pier/Dock,Common White Sucker,9,Catch,0
2019,LUDINGTON,Pier/Dock,Common White Sucker,9,Harvest,0
2019,LUDINGTON,Pier/Dock,Drum,9,Catch,0
2019,LUDINGTON,Pier/Dock,Drum,9,Harvest,0
2019,LUDINGTON,Pier/Dock,Fat Lake Trout,9,Catch,0
2019,LUDINGTON,Pier/Dock,Fat Lake Trout,9,Harvest,0
2019,LUDINGTON,Pier/Dock,Lake Herring,9,Catch,0
2019,LUDINGTON,Pier/Dock,Lake Herring,9,Harvest,0
2019,LUDINGTON,Pier/Dock,Lake Whitefish,9,Catch,0
2019,LUDINGTON,Pier/Dock,Lake Whitefish,9,Harvest,0
2019,LUDINGTON,Pier/Dock,Largemouth Bass,9,Catch,0
2019,LUDINGTON,Pier/Dock,Largemouth Bass,9,Harvest,0
2019,LUDINGTON,Pier/Dock,Lean Lake Trout,9,Catch,0
2019,LUDINGTON,Pier/Dock,Lean Lake Trout,9,Harvest,0
2019,LUDINGTON,Pier/Dock,Northern Pike,9,Catch,0
2019,LUDINGTON,Pier/Dock,Northern Pike,9,Harvest,0
2019,LUDINGTON,Pier/Dock,,9,Angler Hours,293
2019,LUDINGTON,Pier/Dock,Other,9,Catch,0
2019,LUDINGTON,Pier/Dock,Other,9,Harvest,0
2019,LUDINGTON,Pier/Dock,Pink Salmon,9,Catch,0
2019,LUDINGTON,Pier/Dock,Pink Salmon,9,Harvest,0
2019,LUDINGTON,Pier/Dock,Pumpkinseed,9,Catch,0
2019,LUDINGTON,Pier/Dock,Pumpkinseed,9,Harvest,0
2019,LUDINGTON,Pier/Dock,Rockbass,9,Catch,0
2019,LUDINGTON,Pier/Dock,Rockbass,9,Harvest,0
2019,LUDINGTON,Pier/Dock,Round Whitefish,9,Catch,0
2019,LUDINGTON,Pier/Dock,Round Whitefish,9,Harvest,0
2019,LUDINGTON,Pier/Dock,Smallmouth Bass,9,Catch,0
2019,LUDINGTON,Pier/Dock,Smallmouth Bass,9,Harvest,0
2019,LUDINGTON,Pier/Dock,Steelhead,9,Catch,0
2019,LUDINGTON,Pier/Dock,Steelhead,9,Harvest,0
2019,LUDINGTON,Pier/Dock,Walleye,9,Catch,5
2019,LUDINGTON,Pier/Dock,Walleye,9,Harvest,5
2019,LUDINGTON,Pier/Dock,White Bass,9,Catch,0
2019,LUDINGTON,Pier/Dock,White Bass,9,Harvest,0
2019,LUDINGTON,Pier/Dock,White Perch,9,Catch,0
2019,LUDINGTON,Pier/Dock,White Perch,9,Harvest,0
2019,LUDINGTON,Pier/Dock,Yellow Perch,9,Catch,0
2019,LUDINGTON,Pier/Dock,Yellow Perch,9,Harvest,0
2019,LUDINGTON,Pier/Dock,Atlantic Salmon,10,Catch,0
2019,LUDINGTON,Pier/Dock,Atlantic Salmon,10,Harvest,0
2019,LUDINGTON,Pier/Dock,Black Crappie,10,Catch,0
2019,LUDINGTON,Pier/Dock,Black Crappie,10,Harvest,0
2019,LUDINGTON,Pier/Dock,Bluegill,10,Catch,0
2019,LUDINGTON,Pier/Dock,Bluegill,10,Harvest,0
2019,LUDINGTON,Pier/Dock,Brown Trout,10,Catch,0
2019,LUDINGTON,Pier/Dock,Brown Trout,10,Harvest,0
2019,LUDINGTON,Pier/Dock,Channel Catfish,10,Catch,0
2019,LUDINGTON,Pier/Dock,Channel Catfish,10,Harvest,0
2019,LUDINGTON,Pier/Dock,Chinook Salmon,10,Catch,0
2019,LUDINGTON,Pier/Dock,Chinook Salmon,10,Harvest,0
2019,LUDINGTON,Pier/Dock,Coho Salmon,10,Catch,0
2019,LUDINGTON,Pier/Dock,Coho Salmon,10,Harvest,0
2019,LUDINGTON,Pier/Dock,Common White Sucker,10,Catch,0
2019,LUDINGTON,Pier/Dock,Common White Sucker,10,Harvest,0
2019,LUDINGTON,Pier/Dock,Drum,10,Catch,0
2019,LUDINGTON,Pier/Dock,Drum,10,Harvest,0
2019,LUDINGTON,Pier/Dock,Fat Lake Trout,10,Catch,0
2019,LUDINGTON,Pier/Dock,Fat Lake Trout,10,Harvest,0
2019,LUDINGTON,Pier/Dock,Lake Herring,10,Catch,0
2019,LUDINGTON,Pier/Dock,Lake Herring,10,Harvest,0
2019,LUDINGTON,Pier/Dock,Lake Whitefish,10,Catch,0
2019,LUDINGTON,Pier/Dock,Lake Whitefish,10,Harvest,0
2019,LUDINGTON,Pier/Dock,Largemouth Bass,10,Catch,0
2019,LUDINGTON,Pier/Dock,Largemouth Bass,10,Harvest,0
2019,LUDINGTON,Pier/Dock,Lean Lake Trout,10,Catch,0
2019,LUDINGTON,Pier/Dock,Lean Lake Trout,10,Harvest,0
2019,LUDINGTON,Pier/Dock,Northern Pike,10,Catch,0
2019,LUDINGTON,Pier/Dock,Northern Pike,10,Harvest,0
2019,LUDINGTON,Pier/Dock,,10,Angler Hours,415
2019,LUDINGTON,Pier/Dock,Other,10,Catch,0
2019,LUDINGTON,Pier/Dock,Other,10,Harvest,0
2019,LUDINGTON,Pier/Dock,Pink Salmon,10,Catch,0
2019,LUDINGTON,Pier/Dock,Pink Salmon,10,Harvest,0
2019,LUDINGTON,Pier/Dock,Pumpkinseed,10,Catch,0
2019,LUDINGTON,Pier/Dock,Pumpkinseed,10,Harvest,0
2019,LUDINGTON,Pier/Dock,Rockbass,10,Catch,0
2019,LUDINGTON,Pier/Dock,Rockbass,10,Harvest,0
2019,LUDINGTON,Pier/Dock,Round Whitefish,10,Catch,0
2019,LUDINGTON,Pier/Dock,Round Whitefish,10,Harvest,0
2019,LUDINGTON,Pier/Dock,Smallmouth Bass,10,Catch,0
2019,LUDINGTON,Pier/Dock,Smallmouth Bass,10,Harvest,0
2019,LUDINGTON,Pier/Dock,Steelhead,10,Catch,0
2019,LUDINGTON,Pier/Dock,Steelhead,10,Harvest,0
2019,LUDINGTON,Pier/Dock,Walleye,10,Catch,0
2019,LUDINGTON,Pier/Dock,Walleye,10,Harvest,0
2019,LUDINGTON,Pier/Dock,White Bass,10,Catch,0
2019,LUDINGTON,Pier/Dock,White Bass,10,Harvest,0
2019,LUDINGTON,Pier/Dock,White Perch,10,Catch,0
2019,LUDINGTON,Pier/Dock,White Perch,10,Harvest,0
2019,LUDINGTON,Pier/Dock,Yellow Perch,10,Catch,0
2019,LUDINGTON,Pier/Dock,Yellow Perch,10,Harvest,0
2020,LUDINGTON,Pier/Dock,Bluegill,6,Catch,0
2020,LUDINGTON,Pier/Dock,Bluegill,6,Harvest,0
2020,LUDINGTON,Pier/Dock,Brown Trout,6,Catch,0
2020,LUDINGTON,Pier/Dock,Brown Trout,6,Harvest,0
2020,LUDINGTON,Pier/Dock,Carp,6,Catch,0
2020,LUDINGTON,Pier/Dock,Carp,6,Harvest,0
2020,LUDINGTON,Pier/Dock,Channel Catfish,6,Catch,0
2020,LUDINGTON,Pier/Dock,Channel Catfish,6,Harvest,0
2020,LUDINGTON,Pier/Dock,Chinook Salmon,6,Catch,0
2020,LUDINGTON,Pier/Dock,Chinook Salmon,6,Harvest,0
2020,LUDINGTON,Pier/Dock,Coho Salmon,6,Catch,0
2020,LUDINGTON,Pier/Dock,Coho Salmon,6,Harvest,0
2020,LUDINGTON,Pier/Dock,Common White Sucker,6,Catch,0
2020,LUDINGTON,Pier/Dock,Common White Sucker,6,Harvest,0
2020,LUDINGTON,Pier/Dock,Drum,6,Catch,0
2020,LUDINGTON,Pier/Dock,Drum,6,Harvest,0
2020,LUDINGTON,Pier/Dock,Lake Herring,6,Catch,0
2020,LUDINGTON,Pier/Dock,Lake Herring,6,Harvest,0
2020,LUDINGTON,Pier/Dock,Lake Whitefish,6,Catch,0
2020,LUDINGTON,Pier/Dock,Lake Whitefish,6,Harvest,0
2020,LUDINGTON,Pier/Dock,Largemouth Bass,6,Catch,0
2020,LUDINGTON,Pier/Dock,Largemouth Bass,6,Harvest,0
2020,LUDINGTON,Pier/Dock,Lean Lake Trout,6,Catch,0
2020,LUDINGTON,Pier/Dock,Lean Lake Trout,6,Harvest,0
2020,LUDINGTON,Pier/Dock,Northern Pike,6,Catch,0
2020,LUDINGTON,Pier/Dock,Northern Pike,6,Harvest,0
2020,LUDINGTON,Pier/Dock,,6,Angler Hours,897
2020,LUDINGTON,Pier/Dock,,6,Catch,0
2020,LUDINGTON,Pier/Dock,,6,Harvest,0
2020,LUDINGTON,Pier/Dock,Other,6,Catch,0
2020,LUDINGTON,Pier/Dock,Other,6,Harvest,0
2020,LUDINGTON,Pier/Dock,Pink Salmon,6,Catch,0
2020,LUDINGTON,Pier/Dock,Pink Salmon,6,Harvest,0
2020,LUDINGTON,Pier/Dock,Pumpkinseed,6,Catch,0
2020,LUDINGTON,Pier/Dock,Pumpkinseed,6,Harvest,0
2020,LUDINGTON,Pier/Dock,Rockbass,6,Catch,0
2020,LUDINGTON,Pier/Dock,Rockbass,6,Harvest,0
2020,LUDINGTON,Pier/Dock,Round Whitefish,6,Catch,0
2020,LUDINGTON,Pier/Dock,Round Whitefish,6,Harvest,0
2020,LUDINGTON,Pier/Dock,Smallmouth Bass,6,Catch,0
2020,LUDINGTON,Pier/Dock,Smallmouth Bass,6,Harvest,0
2020,LUDINGTON,Pier/Dock,Smelt,6,Catch,0
2020,LUDINGTON,Pier/Dock,Smelt,6,Harvest,0
2020,LUDINGTON,Pier/Dock,Steelhead,6,Catch,0
2020,LUDINGTON,Pier/Dock,Steelhead,6,Harvest,0
2020,LUDINGTON,Pier/Dock,Walleye,6,Catch,0
2020,LUDINGTON,Pier/Dock,Walleye,6,Harvest,0
2020,LUDINGTON,Pier/Dock,White Bass,6,Catch,0
2020,LUDINGTON,Pier/Dock,White Bass,6,Harvest,0
2020,LUDINGTON,Pier/Dock,White Perch,6,Catch,0
2020,LUDINGTON,Pier/Dock,White Perch,6,Harvest,0
2020,LUDINGTON,Pier/Dock,Yellow Perch,6,Catch,17
2020,LUDINGTON,Pier/Dock,Yellow Perch,6,Harvest,0
2020,LUDINGTON,Pier/Dock,Bluegill,7,Catch,0
2020,LUDINGTON,Pier/Dock,Bluegill,7,Harvest,0
2020,LUDINGTON,Pier/Dock,Brown Trout,7,Catch,0
2020,LUDINGTON,Pier/Dock,Brown Trout,7,Harvest,0
2020,LUDINGTON,Pier/Dock,Carp,7,Catch,0
2020,LUDINGTON,Pier/Dock,Carp,7,Harvest,0
2020,LUDINGTON,Pier/Dock,Channel Catfish,7,Catch,0
2020,LUDINGTON,Pier/Dock,Channel Catfish,7,Harvest,0
2020,LUDINGTON,Pier/Dock,Chinook Salmon,7,Catch,0
2020,LUDINGTON,Pier/Dock,Chinook Salmon,7,Harvest,0
2020,LUDINGTON,Pier/Dock,Coho Salmon,7,Catch,0
2020,LUDINGTON,Pier/Dock,Coho Salmon,7,Harvest,0
2020,LUDINGTON,Pier/Dock,Common White Sucker,7,Catch,10
2020,LUDINGTON,Pier/Dock,Common White Sucker,7,Harvest,0
2020,LUDINGTON,Pier/Dock,Drum,7,Catch,0
2020,LUDINGTON,Pier/Dock,Drum,7,Harvest,0
2020,LUDINGTON,Pier/Dock,Lake Herring,7,Catch,0
2020,LUDINGTON,Pier/Dock,Lake Herring,7,Harvest,0
2020,LUDINGTON,Pier/Dock,Lake Whitefish,7,Catch,0
2020,LUDINGTON,Pier/Dock,Lake Whitefish,7,Harvest,0
2020,LUDINGTON,Pier/Dock,Largemouth Bass,7,Catch,0
2020,LUDINGTON,Pier/Dock,Largemouth Bass,7,Harvest,0
2020,LUDINGTON,Pier/Dock,Lean Lake Trout,7,Catch,0
2020,LUDINGTON,Pier/Dock,Lean Lake Trout,7,Harvest,0
2020,LUDINGTON,Pier/Dock,Northern Pike,7,Catch,0
2020,LUDINGTON,Pier/Dock,Northern Pike,7,Harvest,0
2020,LUDINGTON,Pier/Dock,,7,Angler Hours,837
2020,LUDINGTON,Pier/Dock,,7,Catch,0
2020,LUDINGTON,Pier/Dock,,7,Harvest,0
2020,LUDINGTON,Pier/Dock,Other,7,Catch,0
2020,LUDINGTON,Pier/Dock,Other,7,Harvest,0
2020,LUDINGTON,Pier/Dock,Pink Salmon,7,Catch,0
2020,LUDINGTON,Pier/Dock,Pink Salmon,7,Harvest,0
2020,LUDINGTON,Pier/Dock,Pumpkinseed,7,Catch,0
2020,LUDINGTON,Pier/Dock,Pumpkinseed,7,Harvest,0
2020,LUDINGTON,Pier/Dock,Rockbass,7,Catch,719
2020,LUDINGTON,Pier/Dock,Rockbass,7,Harvest,0
2020,LUDINGTON,Pier/Dock,Round Whitefish,7,Catch,0
2020,LUDINGTON,Pier/Dock,Round Whitefish,7,Harvest,0
2020,LUDINGTON,Pier/Dock,Smallmouth Bass,7,Catch,0
2020,LUDINGTON,Pier/Dock,Smallmouth Bass,7,Harvest,0
2020,LUDINGTON,Pier/Dock,Smelt,7,Catch,0
2020,LUDINGTON,Pier/Dock,Smelt,7,Harvest,0
2020,LUDINGTON,Pier/Dock,Steelhead,7,Catch,0
2020,LUDINGTON,Pier/Dock,Steelhead,7,Harvest,0
2020,LUDINGTON,Pier/Dock,Walleye,7,Catch,0
2020,LUDINGTON,Pier/Dock,Walleye,7,Harvest,0
2020,LUDINGTON,Pier/Dock,White Bass,7,Catch,0
2020,LUDINGTON,Pier/Dock,White Bass,7,Harvest,0
2020,LUDINGTON,Pier/Dock,White Perch,7,Catch,0
2020,LUDINGTON,Pier/Dock,White Perch,7,Harvest,0
2020,LUDINGTON,Pier/Dock,Yellow Perch,7,Catch,0
2020,LUDINGTON,Pier/Dock,Yellow Perch,7,Harvest,0
2020,LUDINGTON,Pier/Dock,Bluegill,8,Catch,0
2020,LUDINGTON,Pier/Dock,Bluegill,8,Harvest,0
2020,LUDINGTON,Pier/Dock,Brown Trout,8,Catch,0
2020,LUDINGTON,Pier/Dock,Brown Trout,8,Harvest,0
2020,LUDINGTON,Pier/Dock,Carp,8,Catch,0
2020,LUDINGTON,Pier/Dock,Carp,8,Harvest,0
2020,LUDINGTON,Pier/Dock,Channel Catfish,8,Catch,0
2020,LUDINGTON,Pier/Dock,Channel Catfish,8,Harvest,0
2020,LUDINGTON,Pier/Dock,Chinook Salmon,8,Catch,22
2020,LUDINGTON,Pier/Dock,Chinook Salmon,8,Harvest,22
2020,LUDINGTON,Pier/Dock,Coho Salmon,8,Catch,0
2020,LUDINGTON,Pier/Dock,Coho Salmon,8,Harvest,0
2020,LUDINGTON,Pier/Dock,Common White Sucker,8,Catch,0
2020,LUDINGTON,Pier/Dock,Common White Sucker,8,Harvest,0
2020,LUDINGTON,Pier/Dock,Drum,8,Catch,10
2020,LUDINGTON,Pier/Dock,Drum,8,Harvest,9
2020,LUDINGTON,Pier/Dock,Lake Herring,8,Catch,0
2020,LUDINGTON,Pier/Dock,Lake Herring,8,Harvest,0
2020,LUDINGTON,Pier/Dock,Lake Whitefish,8,Catch,0
2020,LUDINGTON,Pier/Dock,Lake Whitefish,8,Harvest,0
2020,LUDINGTON,Pier/Dock,Largemouth Bass,8,Catch,0
2020,LUDINGTON,Pier/Dock,Largemouth Bass,8,Harvest,0
2020,LUDINGTON,Pier/Dock,Lean Lake Trout,8,Catch,0
2020,LUDINGTON,Pier/Dock,Lean Lake Trout,8,Harvest,0
2020,LUDINGTON,Pier/Dock,Northern Pike,8,Catch,10
2020,LUDINGTON,Pier/Dock,Northern Pike,8,Harvest,9
2020,LUDINGTON,Pier/Dock,,8,Angler Hours,1173
2020,LUDINGTON,Pier/Dock,,8,Catch,0
2020,LUDINGTON,Pier/Dock,,8,Harvest,0
2020,LUDINGTON,Pier/Dock,Other,8,Catch,0
2020,LUDINGTON,Pier/Dock,Other,8,Harvest,0
2020,LUDINGTON,Pier/Dock,Pink Salmon,8,Catch,0
2020,LUDINGTON,Pier/Dock,Pink Salmon,8,Harvest,0
2020,LUDINGTON,Pier/Dock,Pumpkinseed,8,Catch,0
2020,LUDINGTON,Pier/Dock,Pumpkinseed,8,Harvest,0
2020,LUDINGTON,Pier/Dock,Rockbass,8,Catch,126
2020,LUDINGTON,Pier/Dock,Rockbass,8,Harvest,0
2020,LUDINGTON,Pier/Dock,Round Whitefish,8,Catch,0
2020,LUDINGTON,Pier/Dock,Round Whitefish,8,Harvest,0
2020,LUDINGTON,Pier/Dock,Smallmouth Bass,8,Catch,0
2020,LUDINGTON,Pier/Dock,Smallmouth Bass,8,Harvest,0
2020,LUDINGTON,Pier/Dock,Smelt,8,Catch,0
2020,LUDINGTON,Pier/Dock,Smelt,8,Harvest,0
2020,LUDINGTON,Pier/Dock,Steelhead,8,Catch,0
2020,LUDINGTON,Pier/Dock,Steelhead,8,Harvest,0
2020,LUDINGTON,Pier/Dock,Walleye,8,Catch,0
2020,LUDINGTON,Pier/Dock,Walleye,8,Harvest,0
2020,LUDINGTON,Pier/Dock,White Bass,8,Catch,0
2020,LUDINGTON,Pier/Dock,White Bass,8,Harvest,0
2020,LUDINGTON,Pier/Dock,White Perch,8,Catch,0
2020,LUDINGTON,Pier/Dock,White Perch,8,Harvest,0
2020,LUDINGTON,Pier/Dock,Yellow Perch,8,Catch,0
2020,LUDINGTON,Pier/Dock,Yellow Perch,8,Harvest,0
2020,LUDINGTON,Pier/Dock,Bluegill,9,Catch,0
2020,LUDINGTON,Pier/Dock,Bluegill,9,Harvest,0
2020,LUDINGTON,Pier/Dock,Brown Trout,9,Catch,0
2020,LUDINGTON,Pier/Dock,Brown Trout,9,Harvest,0
2020,LUDINGTON,Pier/Dock,Carp,9,Catch,0
2020,LUDINGTON,Pier/Dock,Carp,9,Harvest,0
2020,LUDINGTON,Pier/Dock,Channel Catfish,9,Catch,0
2020,LUDINGTON,Pier/Dock,Channel Catfish,9,Harvest,0
2020,LUDINGTON,Pier/Dock,Chinook Salmon,9,Catch,0
2020,LUDINGTON,Pier/Dock,Chinook Salmon,9,Harvest,0
2020,LUDINGTON,Pier/Dock,Coho Salmon,9,Catch,12
2020,LUDINGTON,Pier/Dock,Coho Salmon,9,Harvest,12
2020,LUDINGTON,Pier/Dock,Common White Sucker,9,Catch,0
2020,LUDINGTON,Pier/Dock,Common White Sucker,9,Harvest,0
2020,LUDINGTON,Pier/Dock,Drum,9,Catch,0
2020,LUDINGTON,Pier/Dock,Drum,9,Harvest,0
2020,LUDINGTON,Pier/Dock,Lake Herring,9,Catch,0
2020,LUDINGTON,Pier/Dock,Lake Herring,9,Harvest,0
2020,LUDINGTON,Pier/Dock,Lake Whitefish,9,Catch,0
2020,LUDINGTON,Pier/Dock,Lake Whitefish,9,Harvest,0
2020,LUDINGTON,Pier/Dock,Largemouth Bass,9,Catch,0
2020,LUDINGTON,Pier/Dock,Largemouth Bass,9,Harvest,0
2020,LUDINGTON,Pier/Dock,Lean Lake Trout,9,Catch,0
2020,LUDINGTON,Pier/Dock,Lean Lake Trout,9,Harvest,0
2020,LUDINGTON,Pier/Dock,Northern Pike,9,Catch,0
2020,LUDINGTON,Pier/Dock,Northern Pike,9,Harvest,0
2020,LUDINGTON,Pier/Dock,,9,Angler Hours,762
2020,LUDINGTON,Pier/Dock,,9,Catch,0
2020,LUDINGTON,Pier/Dock,,9,Harvest,0
2020,LUDINGTON,Pier/Dock,Other,9,Catch,0
2020,LUDINGTON,Pier/Dock,Other,9,Harvest,0
2020,LUDINGTON,Pier/Dock,Pink Salmon,9,Catch,0
2020,LUDINGTON,Pier/Dock,Pink Salmon,9,Harvest,0
2020,LUDINGTON,Pier/Dock,Pumpkinseed,9,Catch,0
2020,LUDINGTON,Pier/Dock,Pumpkinseed,9,Harvest,0
2020,LUDINGTON,Pier/Dock,Rockbass,9,Catch,0
2020,LUDINGTON,Pier/Dock,Rockbass,9,Harvest,0
2020,LUDINGTON,Pier/Dock,Round Whitefish,9,Catch,0
2020,LUDINGTON,Pier/Dock,Round Whitefish,9,Harvest,0
2020,LUDINGTON,Pier/Dock,Smallmouth Bass,9,Catch,0
2020,LUDINGTON,Pier/Dock,Smallmouth Bass,9,Harvest,0
2020,LUDINGTON,Pier/Dock,Smelt,9,Catch,0
2020,LUDINGTON,Pier/Dock,Smelt,9,Harvest,0
2020,LUDINGTON,Pier/Dock,Steelhead,9,Catch,0
2020,LUDINGTON,Pier/Dock,Steelhead,9,Harvest,0
2020,LUDINGTON,Pier/Dock,Walleye,9,Catch,0
2020,LUDINGTON,Pier/Dock,Walleye,9,Harvest,0
2020,LUDINGTON,Pier/Dock,White Bass,9,Catch,0
2020,LUDINGTON,Pier/Dock,White Bass,9,Harvest,0
2020,LUDINGTON,Pier/Dock,White Perch,9,Catch,0
2020,LUDINGTON,Pier/Dock,White Perch,9,Harvest,0
2020,LUDINGTON,Pier/Dock,Yellow Perch,9,Catch,0
2020,LUDINGTON,Pier/Dock,Yellow Perch,9,Harvest,0
2020,LUDINGTON,Pier/Dock,Bluegill,10,Catch,0
2020,LUDINGTON,Pier/Dock,Bluegill,10,Harvest,0
2020,LUDINGTON,Pier/Dock,Brown Trout,10,Catch,0
2020,LUDINGTON,Pier/Dock,Brown Trout,10,Harvest,0
2020,LUDINGTON,Pier/Dock,Carp,10,Catch,0
2020,LUDINGTON,Pier/Dock,Carp,10,Harvest,0
2020,LUDINGTON,Pier/Dock,Channel Catfish,10,Catch,0
2020,LUDINGTON,Pier/Dock,Channel Catfish,10,Harvest,0
2020,LUDINGTON,Pier/Dock,Chinook Salmon,10,Catch,0
2020,LUDINGTON,Pier/Dock,Chinook Salmon,10,Harvest,0
2020,LUDINGTON,Pier/Dock,Coho Salmon,10,Catch,0
2020,LUDINGTON,Pier/Dock,Coho Salmon,10,Harvest,0
2020,LUDINGTON,Pier/Dock,Common White Sucker,10,Catch,0
2020,LUDINGTON,Pier/Dock,Common White Sucker,10,Harvest,0
2020,LUDINGTON,Pier/Dock,Drum,10,Catch,0
2020,LUDINGTON,Pier/Dock,Drum,10,Harvest,0
2020,LUDINGTON,Pier/Dock,Lake Herring,10,Catch,0
2020,LUDINGTON,Pier/Dock,Lake Herring,10,Harvest,0
2020,LUDINGTON,Pier/Dock,Lake Whitefish,10,Catch,0
2020,LUDINGTON,Pier/Dock,Lake Whitefish,10,Harvest,0
2020,LUDINGTON,Pier/Dock,Largemouth Bass,10,Catch,0
2020,LUDINGTON,Pier/Dock,Largemouth Bass,10,Harvest,0
2020,LUDINGTON,Pier/Dock,Lean Lake Trout,10,Catch,0
2020,LUDINGTON,Pier/Dock,Lean Lake Trout,10,Harvest,0
2020,LUDINGTON,Pier/Dock,Northern Pike,10,Catch,0
2020,LUDINGTON,Pier/Dock,Northern Pike,10,Harvest,0
2020,LUDINGTON,Pier/Dock,,10,Angler Hours,879
2020,LUDINGTON,Pier/Dock,,10,Catch,0
2020,LUDINGTON,Pier/Dock,,10,Harvest,0
2020,LUDINGTON,Pier/Dock,Other,10,Catch,0
2020,LUDINGTON,Pier/Dock,Other,10,Harvest,0
2020,LUDINGTON,Pier/Dock,Pink Salmon,10,Catch,0
2020,LUDINGTON,Pier/Dock,Pink Salmon,10,Harvest,0
2020,LUDINGTON,Pier/Dock,Pumpkinseed,10,Catch,0
2020,LUDINGTON,Pier/Dock,Pumpkinseed,10,Harvest,0
2020,LUDINGTON,Pier/Dock,Rockbass,10,Catch,0
2020,LUDINGTON,Pier/Dock,Rockbass,10,Harvest,0
2020,LUDINGTON,Pier/Dock,Round Whitefish,10,Catch,0
2020,LUDINGTON,Pier/Dock,Round Whitefish,10,Harvest,0
2020,LUDINGTON,Pier/Dock,Smallmouth Bass,10,Catch,0
2020,LUDINGTON,Pier/Dock,Smallmouth Bass,10,Harvest,0
2020,LUDINGTON,Pier/Dock,Smelt,10,Catch,0
2020,LUDINGTON,Pier/Dock,Smelt,10,Harvest,0
2020,LUDINGTON,Pier/Dock,Steelhead,10,Catch,203
2020,LUDINGTON,Pier/Dock,Steelhead,10,Harvest,27
2020,LUDINGTON,Pier/Dock,Walleye,10,Catch,0
2020,LUDINGTON,Pier/Dock,Walleye,10,Harvest,0
2020,LUDINGTON,Pier/Dock,White Bass,10,Catch,0
2020,LUDINGTON,Pier/Dock,White Bass,10,Harvest,0
2020,LUDINGTON,Pier/Dock,White Perch,10,Catch,0
2020,LUDINGTON,Pier/Dock,White Perch,10,Harvest,0
2020,LUDINGTON,Pier/Dock,Yellow Perch,10,Catch,0
2020,LUDINGTON,Pier/Dock,Yellow Perch,10,Harvest,0
2021,LUDINGTON,Pier/Dock,Black Crappie,4,Catch,0
2021,LUDINGTON,Pier/Dock,Black Crappie,4,Harvest,0
2021,LUDINGTON,Pier/Dock,Bluegill,4,Catch,0
2021,LUDINGTON,Pier/Dock,Bluegill,4,Harvest,0
2021,LUDINGTON,Pier/Dock,Brook Trout,4,Catch,0
2021,LUDINGTON,Pier/Dock,Brook Trout,4,Harvest,0
2021,LUDINGTON,Pier/Dock,Brown Trout,4,Catch,0
2021,LUDINGTON,Pier/Dock,Brown Trout,4,Harvest,0
2021,LUDINGTON,Pier/Dock,Channel Catfish,4,Catch,0
2021,LUDINGTON,Pier/Dock,Channel Catfish,4,Harvest,0
2021,LUDINGTON,Pier/Dock,Chinook Salmon,4,Catch,0
2021,LUDINGTON,Pier/Dock,Chinook Salmon,4,Harvest,0
2021,LUDINGTON,Pier/Dock,Coho Salmon,4,Catch,0
2021,LUDINGTON,Pier/Dock,Coho Salmon,4,Harvest,0
2021,LUDINGTON,Pier/Dock,Common White Sucker,4,Catch,0
2021,LUDINGTON,Pier/Dock,Common White Sucker,4,Harvest,0
2021,LUDINGTON,Pier/Dock,Drum,4,Catch,0
2021,LUDINGTON,Pier/Dock,Drum,4,Harvest,0
2021,LUDINGTON,Pier/Dock,Lake Herring,4,Catch,0
2021,LUDINGTON,Pier/Dock,Lake Herring,4,Harvest,0
2021,LUDINGTON,Pier/Dock,Lake Whitefish,4,Catch,0
2021,LUDINGTON,Pier/Dock,Lake Whitefish,4,Harvest,0
2021,LUDINGTON,Pier/Dock,Largemouth Bass,4,Catch,0
2021,LUDINGTON,Pier/Dock,Largemouth Bass,4,Harvest,0
2021,LUDINGTON,Pier/Dock,Lean Lake Trout,4,Catch,0
2021,LUDINGTON,Pier/Dock,Lean Lake Trout,4,Harvest,0
2021,LUDINGTON,Pier/Dock,Musky,4,Catch,0
2021,LUDINGTON,Pier/Dock,Musky,4,Harvest,0
2021,LUDINGTON,Pier/Dock,Northern Pike,4,Catch,0
2021,LUDINGTON,Pier/Dock,Northern Pike,4,Harvest,0
2021,LUDINGTON,Pier/Dock,,4,Angler Hours,238
2021,LUDINGTON,Pier/Dock,Other,4,Catch,0
2021,LUDINGTON,Pier/Dock,Other,4,Harvest,0
2021,LUDINGTON,Pier/Dock,Pink Salmon,4,Catch,0
2021,LUDINGTON,Pier/Dock,Pink Salmon,4,Harvest,0
2021,LUDINGTON,Pier/Dock,Pumpkinseed,4,Catch,0
2021,LUDINGTON,Pier/Dock,Pumpkinseed,4,Harvest,0
2021,LUDINGTON,Pier/Dock,Rockbass,4,Catch,0
2021,LUDINGTON,Pier/Dock,Rockbass,4,Harvest,0
2021,LUDINGTON,Pier/Dock,Round Whitefish,4,Catch,0
2021,LUDINGTON,Pier/Dock,Round Whitefish,4,Harvest,0
2021,LUDINGTON,Pier/Dock,Smallmouth Bass,4,Catch,0
2021,LUDINGTON,Pier/Dock,Smallmouth Bass,4,Harvest,0
2021,LUDINGTON,Pier/Dock,Smelt,4,Catch,0
2021,LUDINGTON,Pier/Dock,Smelt,4,Harvest,0
2021,LUDINGTON,Pier/Dock,Steelhead,4,Catch,0
2021,LUDINGTON,Pier/Dock,Steelhead,4,Harvest,0
2021,LUDINGTON,Pier/Dock,Walleye,4,Catch,0
2021,LUDINGTON,Pier/Dock,Walleye,4,Harvest,0
2021,LUDINGTON,Pier/Dock,White Bass,4,Catch,0
2021,LUDINGTON,Pier/Dock,White Bass,4,Harvest,0
2021,LUDINGTON,Pier/Dock,White Perch,4,Catch,0
2021,LUDINGTON,Pier/Dock,White Perch,4,Harvest,0
2021,LUDINGTON,Pier/Dock,Yellow Perch,4,Catch,0
2021,LUDINGTON,Pier/Dock,Yellow Perch,4,Harvest,0
2021,LUDINGTON,Pier/Dock,Black Crappie,5,Catch,0
2021,LUDINGTON,Pier/Dock,Black Crappie,5,Harvest,0
2021,LUDINGTON,Pier/Dock,Bluegill,5,Catch,0
2021,LUDINGTON,Pier/Dock,Bluegill,5,Harvest,0
2021,LUDINGTON,Pier/Dock,Brook Trout,5,Catch,0
2021,LUDINGTON,Pier/Dock,Brook Trout,5,Harvest,0
2021,LUDINGTON,Pier/Dock,Brown Trout,5,Catch,0
2021,LUDINGTON,Pier/Dock,Brown Trout,5,Harvest,0
2021,LUDINGTON,Pier/Dock,Channel Catfish,5,Catch,0
2021,LUDINGTON,Pier/Dock,Channel Catfish,5,Harvest,0
2021,LUDINGTON,Pier/Dock,Chinook Salmon,5,Catch,0
2021,LUDINGTON,Pier/Dock,Chinook Salmon,5,Harvest,0
2021,LUDINGTON,Pier/Dock,Coho Salmon,5,Catch,0
2021,LUDINGTON,Pier/Dock,Coho Salmon,5,Harvest,0
2021,LUDINGTON,Pier/Dock,Common White Sucker,5,Catch,0
2021,LUDINGTON,Pier/Dock,Common White Sucker,5,Harvest,0
2021,LUDINGTON,Pier/Dock,Drum,5,Catch,0
2021,LUDINGTON,Pier/Dock,Drum,5,Harvest,0
2021,LUDINGTON,Pier/Dock,Lake Herring,5,Catch,4
2021,LUDINGTON,Pier/Dock,Lake Herring,5,Harvest,4
2021,LUDINGTON,Pier/Dock,Lake Whitefish,5,Catch,0
2021,LUDINGTON,Pier/Dock,Lake Whitefish,5,Harvest,0
2021,LUDINGTON,Pier/Dock,Largemouth Bass,5,Catch,0
2021,LUDINGTON,Pier/Dock,Largemouth Bass,5,Harvest,0
2021,LUDINGTON,Pier/Dock,Lean Lake Trout,5,Catch,0
2021,LUDINGTON,Pier/Dock,Lean Lake Trout,5,Harvest,0
2021,LUDINGTON,Pier/Dock,Musky,5,Catch,0
2021,LUDINGTON,Pier/Dock,Musky,5,Harvest,0
2021,LUDINGTON,Pier/Dock,Northern Pike,5,Catch,0
2021,LUDINGTON,Pier/Dock,Northern Pike,5,Harvest,0
2021,LUDINGTON,Pier/Dock,,5,Angler Hours,267
2021,LUDINGTON,Pier/Dock,Other,5,Catch,0
2021,LUDINGTON,Pier/Dock,Other,5,Harvest,0
2021,LUDINGTON,Pier/Dock,Pink Salmon,5,Catch,0
2021,LUDINGTON,Pier/Dock,Pink Salmon,5,Harvest,0
2021,LUDINGTON,Pier/Dock,Pumpkinseed,5,Catch,0
2021,LUDINGTON,Pier/Dock,Pumpkinseed,5,Harvest,0
2021,LUDINGTON,Pier/Dock,Rockbass,5,Catch,0
2021,LUDINGTON,Pier/Dock,Rockbass,5,Harvest,0
2021,LUDINGTON,Pier/Dock,Round Whitefish,5,Catch,0
2021,LUDINGTON,Pier/Dock,Round Whitefish,5,Harvest,0
2021,LUDINGTON,Pier/Dock,Smallmouth Bass,5,Catch,0
2021,LUDINGTON,Pier/Dock,Smallmouth Bass,5,Harvest,0
2021,LUDINGTON,Pier/Dock,Smelt,5,Catch,0
2021,LUDINGTON,Pier/Dock,Smelt,5,Harvest,0
2021,LUDINGTON,Pier/Dock,Steelhead,5,Catch,0
2021,LUDINGTON,Pier/Dock,Steelhead,5,Harvest,0
2021,LUDINGTON,Pier/Dock,Walleye,5,Catch,0
2021,LUDINGTON,Pier/Dock,Walleye,5,Harvest,0
2021,LUDINGTON,Pier/Dock,White Bass,5,Catch,0
2021,LUDINGTON,Pier/Dock,White Bass,5,Harvest,0
2021,LUDINGTON,Pier/Dock,White Perch,5,Catch,0
2021,LUDINGTON,Pier/Dock,White Perch,5,Harvest,0
2021,LUDINGTON,Pier/Dock,Yellow Perch,5,Catch,0
2021,LUDINGTON,Pier/Dock,Yellow Perch,5,Harvest,0
2021,LUDINGTON,Pier/Dock,Black Crappie,6,Catch,0
2021,LUDINGTON,Pier/Dock,Black Crappie,6,Harvest,0
2021,LUDINGTON,Pier/Dock,Bluegill,6,Catch,0
2021,LUDINGTON,Pier/Dock,Bluegill,6,Harvest,0
2021,LUDINGTON,Pier/Dock,Brook Trout,6,Catch,0
2021,LUDINGTON,Pier/Dock,Brook Trout,6,Harvest,0
2021,LUDINGTON,Pier/Dock,Brown Trout,6,Catch,0
2021,LUDINGTON,Pier/Dock,Brown Trout,6,Harvest,0
2021,LUDINGTON,Pier/Dock,Channel Catfish,6,Catch,0
2021,LUDINGTON,Pier/Dock,Channel Catfish,6,Harvest,0
2021,LUDINGTON,Pier/Dock,Chinook Salmon,6,Catch,0
2021,LUDINGTON,Pier/Dock,Chinook Salmon,6,Harvest,0
2021,LUDINGTON,Pier/Dock,Coho Salmon,6,Catch,0
2021,LUDINGTON,Pier/Dock,Coho Salmon,6,Harvest,0
2021,LUDINGTON,Pier/Dock,Common White Sucker,6,Catch,0
2021,LUDINGTON,Pier/Dock,Common White Sucker,6,Harvest,0
2021,LUDINGTON,Pier/Dock,Drum,6,Catch,0
2021,LUDINGTON,Pier/Dock,Drum,6,Harvest,0
2021,LUDINGTON,Pier/Dock,Lake Herring,6,Catch,0
2021,LUDINGTON,Pier/Dock,Lake Herring,6,Harvest,0
2021,LUDINGTON,Pier/Dock,Lake Whitefish,6,Catch,0
2021,LUDINGTON,Pier/Dock,Lake Whitefish,6,Harvest,0
2021,LUDINGTON,Pier/Dock,Largemouth Bass,6,Catch,0
2021,LUDINGTON,Pier/Dock,Largemouth Bass,6,Harvest,0
2021,LUDINGTON,Pier/Dock,Lean Lake Trout,6,Catch,0
2021,LUDINGTON,Pier/Dock,Lean Lake Trout,6,Harvest,0
2021,LUDINGTON,Pier/Dock,Musky,6,Catch,0
2021,LUDINGTON,Pier/Dock,Musky,6,Harvest,0
2021,LUDINGTON,Pier/Dock,Northern Pike,6,Catch,0
2021,LUDINGTON,Pier/Dock,Northern Pike,6,Harvest,0
2021,LUDINGTON,Pier/Dock,,6,Angler Hours,391
2021,LUDINGTON,Pier/Dock,Other,6,Catch,0
2021,LUDINGTON,Pier/Dock,Other,6,Harvest,0
2021,LUDINGTON,Pier/Dock,Pink Salmon,6,Catch,0
2021,LUDINGTON,Pier/Dock,Pink Salmon,6,Harvest,0
2021,LUDINGTON,Pier/Dock,Pumpkinseed,6,Catch,0
2021,LUDINGTON,Pier/Dock,Pumpkinseed,6,Harvest,0
2021,LUDINGTON,Pier/Dock,Rockbass,6,Catch,0
2021,LUDINGTON,Pier/Dock,Rockbass,6,Harvest,0
2021,LUDINGTON,Pier/Dock,Round Whitefish,6,Catch,0
2021,LUDINGTON,Pier/Dock,Round Whitefish,6,Harvest,0
2021,LUDINGTON,Pier/Dock,Smallmouth Bass,6,Catch,0
2021,LUDINGTON,Pier/Dock,Smallmouth Bass,6,Harvest,0
2021,LUDINGTON,Pier/Dock,Smelt,6,Catch,0
2021,LUDINGTON,Pier/Dock,Smelt,6,Harvest,0
2021,LUDINGTON,Pier/Dock,Steelhead,6,Catch,0
2021,LUDINGTON,Pier/Dock,Steelhead,6,Harvest,0
2021,LUDINGTON,Pier/Dock,Walleye,6,Catch,0
2021,LUDINGTON,Pier/Dock,Walleye,6,Harvest,0
2021,LUDINGTON,Pier/Dock,White Bass,6,Catch,0
2021,LUDINGTON,Pier/Dock,White Bass,6,Harvest,0
2021,LUDINGTON,Pier/Dock,White Perch,6,Catch,0
2021,LUDINGTON,Pier/Dock,White Perch,6,Harvest,0
2021,LUDINGTON,Pier/Dock,Yellow Perch,6,Catch,0
2021,LUDINGTON,Pier/Dock,Yellow Perch,6,Harvest,0
2021,LUDINGTON,Pier/Dock,Black Crappie,7,Catch,0
2021,LUDINGTON,Pier/Dock,Black Crappie,7,Harvest,0
2021,LUDINGTON,Pier/Dock,Bluegill,7,Catch,0
2021,LUDINGTON,Pier/Dock,Bluegill,7,Harvest,0
2021,LUDINGTON,Pier/Dock,Brook Trout,7,Catch,0
2021,LUDINGTON,Pier/Dock,Brook Trout,7,Harvest,0
2021,LUDINGTON,Pier/Dock,Brown Trout,7,Catch,21
2021,LUDINGTON,Pier/Dock,Brown Trout,7,Harvest,0
2021,LUDINGTON,Pier/Dock,Channel Catfish,7,Catch,0
2021,LUDINGTON,Pier/Dock,Channel Catfish,7,Harvest,0
2021,LUDINGTON,Pier/Dock,Chinook Salmon,7,Catch,0
2021,LUDINGTON,Pier/Dock,Chinook Salmon,7,Harvest,0
2021,LUDINGTON,Pier/Dock,Coho Salmon,7,Catch,0
2021,LUDINGTON,Pier/Dock,Coho Salmon,7,Harvest,0
2021,LUDINGTON,Pier/Dock,Common White Sucker,7,Catch,0
2021,LUDINGTON,Pier/Dock,Common White Sucker,7,Harvest,0
2021,LUDINGTON,Pier/Dock,Drum,7,Catch,40
2021,LUDINGTON,Pier/Dock,Drum,7,Harvest,0
2021,LUDINGTON,Pier/Dock,Lake Herring,7,Catch,0
2021,LUDINGTON,Pier/Dock,Lake Herring,7,Harvest,0
2021,LUDINGTON,Pier/Dock,Lake Whitefish,7,Catch,0
2021,LUDINGTON,Pier/Dock,Lake Whitefish,7,Harvest,0
2021,LUDINGTON,Pier/Dock,Largemouth Bass,7,Catch,0
2021,LUDINGTON,Pier/Dock,Largemouth Bass,7,Harvest,0
2021,LUDINGTON,Pier/Dock,Lean Lake Trout,7,Catch,0
2021,LUDINGTON,Pier/Dock,Lean Lake Trout,7,Harvest,0
2021,LUDINGTON,Pier/Dock,Musky,7,Catch,0
2021,LUDINGTON,Pier/Dock,Musky,7,Harvest,0
2021,LUDINGTON,Pier/Dock,Northern Pike,7,Catch,18
2021,LUDINGTON,Pier/Dock,Northern Pike,7,Harvest,13
2021,LUDINGTON,Pier/Dock,,7,Angler Hours,852
2021,LUDINGTON,Pier/Dock,Other,7,Catch,0
2021,LUDINGTON,Pier/Dock,Other,7,Harvest,0
2021,LUDINGTON,Pier/Dock,Pink Salmon,7,Catch,0
2021,LUDINGTON,Pier/Dock,Pink Salmon,7,Harvest,0
2021,LUDINGTON,Pier/Dock,Pumpkinseed,7,Catch,8
2021,LUDINGTON,Pier/Dock,Pumpkinseed,7,Harvest,0
2021,LUDINGTON,Pier/Dock,Rockbass,7,Catch,0
2021,LUDINGTON,Pier/Dock,Rockbass,7,Harvest,0
2021,LUDINGTON,Pier/Dock,Round Whitefish,7,Catch,0
2021,LUDINGTON,Pier/Dock,Round Whitefish,7,Harvest,0
2021,LUDINGTON,Pier/Dock,Smallmouth Bass,7,Catch,13
2021,LUDINGTON,Pier/Dock,Smallmouth Bass,7,Harvest,0
2021,LUDINGTON,Pier/Dock,Smelt,7,Catch,0
2021,LUDINGTON,Pier/Dock,Smelt,7,Harvest,0
2021,LUDINGTON,Pier/Dock,Steelhead,7,Catch,0
2021,LUDINGTON,Pier/Dock,Steelhead,7,Harvest,0
2021,LUDINGTON,Pier/Dock,Walleye,7,Catch,0
2021,LUDINGTON,Pier/Dock,Walleye,7,Harvest,0
2021,LUDINGTON,Pier/Dock,White Bass,7,Catch,0
2021,LUDINGTON,Pier/Dock,White Bass,7,Harvest,0
2021,LUDINGTON,Pier/Dock,White Perch,7,Catch,0
2021,LUDINGTON,Pier/Dock,White Perch,7,Harvest,0
2021,LUDINGTON,Pier/Dock,Yellow Perch,7,Catch,0
2021,LUDINGTON,Pier/Dock,Yellow Perch,7,Harvest,0
2021,LUDINGTON,Pier/Dock,Black Crappie,8,Catch,0
2021,LUDINGTON,Pier/Dock,Black Crappie,8,Harvest,0
2021,LUDINGTON,Pier/Dock,Bluegill,8,Catch,0
2021,LUDINGTON,Pier/Dock,Bluegill,8,Harvest,0
2021,LUDINGTON,Pier/Dock,Brook Trout,8,Catch,0
2021,LUDINGTON,Pier/Dock,Brook Trout,8,Harvest,0
2021,LUDINGTON,Pier/Dock,Brown Trout,8,Catch,0
2021,LUDINGTON,Pier/Dock,Brown Trout,8,Harvest,0
2021,LUDINGTON,Pier/Dock,Channel Catfish,8,Catch,0
2021,LUDINGTON,Pier/Dock,Channel Catfish,8,Harvest,0
2021,LUDINGTON,Pier/Dock,Chinook Salmon,8,Catch,0
2021,LUDINGTON,Pier/Dock,Chinook Salmon,8,Harvest,0
2021,LUDINGTON,Pier/Dock,Coho Salmon,8,Catch,0
2021,LUDINGTON,Pier/Dock,Coho Salmon,8,Harvest,0
2021,LUDINGTON,Pier/Dock,Common White Sucker,8,Catch,0
2021,LUDINGTON,Pier/Dock,Common White Sucker,8,Harvest,0
2021,LUDINGTON,Pier/Dock,Drum,8,Catch,0
2021,LUDINGTON,Pier/Dock,Drum,8,Harvest,0
2021,LUDINGTON,Pier/Dock,Lake Herring,8,Catch,0
2021,LUDINGTON,Pier/Dock,Lake Herring,8,Harvest,0
2021,LUDINGTON,Pier/Dock,Lake Whitefish,8,Catch,0
2021,LUDINGTON,Pier/Dock,Lake Whitefish,8,Harvest,0
2021,LUDINGTON,Pier/Dock,Largemouth Bass,8,Catch,0
2021,LUDINGTON,Pier/Dock,Largemouth Bass,8,Harvest,0
2021,LUDINGTON,Pier/Dock,Lean Lake Trout,8,Catch,0
2021,LUDINGTON,Pier/Dock,Lean Lake Trout,8,Harvest,0
2021,LUDINGTON,Pier/Dock,Musky,8,Catch,0
2021,LUDINGTON,Pier/Dock,Musky,8,Harvest,0
2021,LUDINGTON,Pier/Dock,Northern Pike,8,Catch,0
2021,LUDINGTON,Pier/Dock,Northern Pike,8,Harvest,0
2021,LUDINGTON,Pier/Dock,,8,Angler Hours,558
2021,LUDINGTON,Pier/Dock,Other,8,Catch,0
2021,LUDINGTON,Pier/Dock,Other,8,Harvest,0
2021,LUDINGTON,Pier/Dock,Pink Salmon,8,Catch,0
2021,LUDINGTON,Pier/Dock,Pink Salmon,8,Harvest,0
2021,LUDINGTON,Pier/Dock,Pumpkinseed,8,Catch,0
2021,LUDINGTON,Pier/Dock,Pumpkinseed,8,Harvest,0
2021,LUDINGTON,Pier/Dock,Rockbass,8,Catch,17
2021,LUDINGTON,Pier/Dock,Rockbass,8,Harvest,0
2021,LUDINGTON,Pier/Dock,Round Whitefish,8,Catch,0
2021,LUDINGTON,Pier/Dock,Round Whitefish,8,Harvest,0
2021,LUDINGTON,Pier/Dock,Smallmouth Bass,8,Catch,17
2021,LUDINGTON,Pier/Dock,Smallmouth Bass,8,Harvest,0
2021,LUDINGTON,Pier/Dock,Smelt,8,Catch,0
2021,LUDINGTON,Pier/Dock,Smelt,8,Harvest,0
2021,LUDINGTON,Pier/Dock,Steelhead,8,Catch,0
2021,LUDINGTON,Pier/Dock,Steelhead,8,Harvest,0
2021,LUDINGTON,Pier/Dock,Walleye,8,Catch,0
2021,LUDINGTON,Pier/Dock,Walleye,8,Harvest,0
2021,LUDINGTON,Pier/Dock,White Bass,8,Catch,0
2021,LUDINGTON,Pier/Dock,White Bass,8,Harvest,0
2021,LUDINGTON,Pier/Dock,White Perch,8,Catch,0
2021,LUDINGTON,Pier/Dock,White Perch,8,Harvest,0
2021,LUDINGTON,Pier/Dock,Yellow Perch,8,Catch,0
2021,LUDINGTON,Pier/Dock,Yellow Perch,8,Harvest,0
2021,LUDINGTON,Pier/Dock,Black Crappie,9,Catch,0
2021,LUDINGTON,Pier/Dock,Black Crappie,9,Harvest,0
2021,LUDINGTON,Pier/Dock,Bluegill,9,Catch,0
2021,LUDINGTON,Pier/Dock,Bluegill,9,Harvest,0
2021,LUDINGTON,Pier/Dock,Brook Trout,9,Catch,0
2021,LUDINGTON,Pier/Dock,Brook Trout,9,Harvest,0
2021,LUDINGTON,Pier/Dock,Brown Trout,9,Catch,0
2021,LUDINGTON,Pier/Dock,Brown Trout,9,Harvest,0
2021,LUDINGTON,Pier/Dock,Channel Catfish,9,Catch,0
2021,LUDINGTON,Pier/Dock,Channel Catfish,9,Harvest,0
2021,LUDINGTON,Pier/Dock,Chinook Salmon,9,Catch,0
2021,LUDINGTON,Pier/Dock,Chinook Salmon,9,Harvest,0
2021,LUDINGTON,Pier/Dock,Coho Salmon,9,Catch,0
2021,LUDINGTON,Pier/Dock,Coho Salmon,9,Harvest,0
2021,LUDINGTON,Pier/Dock,Common White Sucker,9,Catch,0
2021,LUDINGTON,Pier/Dock,Common White Sucker,9,Harvest,0
2021,LUDINGTON,Pier/Dock,Drum,9,Catch,0
2021,LUDINGTON,Pier/Dock,Drum,9,Harvest,0
2021,LUDINGTON,Pier/Dock,Lake Herring,9,Catch,0
2021,LUDINGTON,Pier/Dock,Lake Herring,9,Harvest,0
2021,LUDINGTON,Pier/Dock,Lake Whitefish,9,Catch,0
2021,LUDINGTON,Pier/Dock,Lake Whitefish,9,Harvest,0
2021,LUDINGTON,Pier/Dock,Largemouth Bass,9,Catch,0
2021,LUDINGTON,Pier/Dock,Largemouth Bass,9,Harvest,0
2021,LUDINGTON,Pier/Dock,Lean Lake Trout,9,Catch,0
2021,LUDINGTON,Pier/Dock,Lean Lake Trout,9,Harvest,0
2021,LUDINGTON,Pier/Dock,Musky,9,Catch,0
2021,LUDINGTON,Pier/Dock,Musky,9,Harvest,0
2021,LUDINGTON,Pier/Dock,Northern Pike,9,Catch,0
2021,LUDINGTON,Pier/Dock,Northern Pike,9,Harvest,0
2021,LUDINGTON,Pier/Dock,,9,Angler Hours,364
2021,LUDINGTON,Pier/Dock,Other,9,Catch,0
2021,LUDINGTON,Pier/Dock,Other,9,Harvest,0
2021,LUDINGTON,Pier/Dock,Pink Salmon,9,Catch,0
2021,LUDINGTON,Pier/Dock,Pink Salmon,9,Harvest,0
2021,LUDINGTON,Pier/Dock,Pumpkinseed,9,Catch,0
2021,LUDINGTON,Pier/Dock,Pumpkinseed,9,Harvest,0
2021,LUDINGTON,Pier/Dock,Rockbass,9,Catch,0
2021,LUDINGTON,Pier/Dock,Rockbass,9,Harvest,0
2021,LUDINGTON,Pier/Dock,Round Whitefish,9,Catch,0
2021,LUDINGTON,Pier/Dock,Round Whitefish,9,Harvest,0
2021,LUDINGTON,Pier/Dock,Smallmouth Bass,9,Catch,0
2021,LUDINGTON,Pier/Dock,Smallmouth Bass,9,Harvest,0
2021,LUDINGTON,Pier/Dock,Smelt,9,Catch,0
2021,LUDINGTON,Pier/Dock,Smelt,9,Harvest,0
2021,LUDINGTON,Pier/Dock,Steelhead,9,Catch,0
2021,LUDINGTON,Pier/Dock,Steelhead,9,Harvest,0
2021,LUDINGTON,Pier/Dock,Walleye,9,Catch,0
2021,LUDINGTON,Pier/Dock,Walleye,9,Harvest,0
2021,LUDINGTON,Pier/Dock,White Bass,9,Catch,0
2021,LUDINGTON,Pier/Dock,White Bass,9,Harvest,0
2021,LUDINGTON,Pier/Dock,White Perch,9,Catch,0
2021,LUDINGTON,Pier/Dock,White Perch,9,Harvest,0
2021,LUDINGTON,Pier/Dock,Yellow Perch,9,Catch,0
2021,LUDINGTON,Pier/Dock,Yellow Perch,9,Harvest,0
2021,LUDINGTON,Pier/Dock,Black Crappie,10,Catch,0
2021,LUDINGTON,Pier/Dock,Black Crappie,10,Harvest,0
2021,LUDINGTON,Pier/Dock,Bluegill,10,Catch,0
2021,LUDINGTON,Pier/Dock,Bluegill,10,Harvest,0
2021,LUDINGTON,Pier/Dock,Brook Trout,10,Catch,0
2021,LUDINGTON,Pier/Dock,Brook Trout,10,Harvest,0
2021,LUDINGTON,Pier/Dock,Brown Trout,10,Catch,0
2021,LUDINGTON,Pier/Dock,Brown Trout,10,Harvest,0
2021,LUDINGTON,Pier/Dock,Channel Catfish,10,Catch,0
2021,LUDINGTON,Pier/Dock,Channel Catfish,10,Harvest,0
2021,LUDINGTON,Pier/Dock,Chinook Salmon,10,Catch,0
2021,LUDINGTON,Pier/Dock,Chinook Salmon,10,Harvest,0
2021,LUDINGTON,Pier/Dock,Coho Salmon,10,Catch,0
2021,LUDINGTON,Pier/Dock,Coho Salmon,10,Harvest,0
2021,LUDINGTON,Pier/Dock,Common White Sucker,10,Catch,0
2021,LUDINGTON,Pier/Dock,Common White Sucker,10,Harvest,0
2021,LUDINGTON,Pier/Dock,Drum,10,Catch,0
2021,LUDINGTON,Pier/Dock,Drum,10,Harvest,0
2021,LUDINGTON,Pier/Dock,Lake Herring,10,Catch,0
2021,LUDINGTON,Pier/Dock,Lake Herring,10,Harvest,0
2021,LUDINGTON,Pier/Dock,Lake Whitefish,10,Catch,0
2021,LUDINGTON,Pier/Dock,Lake Whitefish,10,Harvest,0
2021,LUDINGTON,Pier/Dock,Largemouth Bass,10,Catch,0
2021,LUDINGTON,Pier/Dock,Largemouth Bass,10,Harvest,0
2021,LUDINGTON,Pier/Dock,Lean Lake Trout,10,Catch,0
2021,LUDINGTON,Pier/Dock,Lean Lake Trout,10,Harvest,0
2021,LUDINGTON,Pier/Dock,Musky,10,Catch,0
2021,LUDINGTON,Pier/Dock,Musky,10,Harvest,0
2021,LUDINGTON,Pier/Dock,Northern Pike,10,Catch,0
2021,LUDINGTON,Pier/Dock,Northern Pike,10,Harvest,0
2021,LUDINGTON,Pier/Dock,,10,Angler Hours,330
2021,LUDINGTON,Pier/Dock,Other,10,Catch,0
2021,LUDINGTON,Pier/Dock,Other,10,Harvest,0
2021,LUDINGTON,Pier/Dock,Pink Salmon,10,Catch,0
2021,LUDINGTON,Pier/Dock,Pink Salmon,10,Harvest,0
2021,LUDINGTON,Pier/Dock,Pumpkinseed,10,Catch,0
2021,LUDINGTON,Pier/Dock,Pumpkinseed,10,Harvest,0
2021,LUDINGTON,Pier/Dock,Rockbass,10,Catch,0
2021,LUDINGTON,Pier/Dock,Rockbass,10,Harvest,0
2021,LUDINGTON,Pier/Dock,Round Whitefish,10,Catch,0
2021,LUDINGTON,Pier/Dock,Round Whitefish,10,Harvest,0
2021,LUDINGTON,Pier/Dock,Smallmouth Bass,10,Catch,0
2021,LUDINGTON,Pier/Dock,Smallmouth Bass,10,Harvest,0
2021,LUDINGTON,Pier/Dock,Smelt,10,Catch,0
2021,LUDINGTON,Pier/Dock,Smelt,10,Harvest,0
2021,LUDINGTON,Pier/Dock,Steelhead,10,Catch,0
2021,LUDINGTON,Pier/Dock,Steelhead,10,Harvest,0
2021,LUDINGTON,Pier/Dock,Walleye,10,Catch,0
2021,LUDINGTON,Pier/Dock,Walleye,10,Harvest,0
2021,LUDINGTON,Pier/Dock,White Bass,10,Catch,0
2021,LUDINGTON,Pier/Dock,White Bass,10,Harvest,0
2021,LUDINGTON,Pier/Dock,White Perch,10,Catch,0
2021,LUDINGTON,Pier/Dock,White Perch,10,Harvest,0
2021,LUDINGTON,Pier/Dock,Yellow Perch,10,Catch,0
2021,LUDINGTON,Pier/Dock,Yellow Perch,10,Harvest,0
2022,LUDINGTON,Pier/Dock,Atlantic Salmon,4,Catch,0
2022,LUDINGTON,Pier/Dock,Atlantic Salmon,4,Harvest,0
2022,LUDINGTON,Pier/Dock,Black Crappie,4,Catch,0
2022,LUDINGTON,Pier/Dock,Black Crappie,4,Harvest,0
2022,LUDINGTON,Pier/Dock,Bluegill,4,Catch,0
2022,LUDINGTON,Pier/Dock,Bluegill,4,Harvest,0
2022,LUDINGTON,Pier/Dock,Brook Trout,4,Catch,0
2022,LUDINGTON,Pier/Dock,Brook Trout,4,Harvest,0
2022,LUDINGTON,Pier/Dock,Brown Trout,4,Catch,0
2022,LUDINGTON,Pier/Dock,Brown Trout,4,Harvest,0
2022,LUDINGTON,Pier/Dock,Carp,4,Catch,0
2022,LUDINGTON,Pier/Dock,Carp,4,Harvest,0
2022,LUDINGTON,Pier/Dock,Channel Catfish,4,Catch,0
2022,LUDINGTON,Pier/Dock,Channel Catfish,4,Harvest,0
2022,LUDINGTON,Pier/Dock,Chinook Salmon,4,Catch,0
2022,LUDINGTON,Pier/Dock,Chinook Salmon,4,Harvest,0
2022,LUDINGTON,Pier/Dock,Coho Salmon,4,Catch,0
2022,LUDINGTON,Pier/Dock,Coho Salmon,4,Harvest,0
2022,LUDINGTON,Pier/Dock,Common White Sucker,4,Catch,0
2022,LUDINGTON,Pier/Dock,Common White Sucker,4,Harvest,0
2022,LUDINGTON,Pier/Dock,Drum,4,Catch,0
2022,LUDINGTON,Pier/Dock,Drum,4,Harvest,0
2022,LUDINGTON,Pier/Dock,Fat Lake Trout,4,Catch,0
2022,LUDINGTON,Pier/Dock,Fat Lake Trout,4,Harvest,0
2022,LUDINGTON,Pier/Dock,Lake Herring,4,Catch,0
2022,LUDINGTON,Pier/Dock,Lake Herring,4,Harvest,0
2022,LUDINGTON,Pier/Dock,Lake Whitefish,4,Catch,0
2022,LUDINGTON,Pier/Dock,Lake Whitefish,4,Harvest,0
2022,LUDINGTON,Pier/Dock,Largemouth Bass,4,Catch,0
2022,LUDINGTON,Pier/Dock,Largemouth Bass,4,Harvest,0
2022,LUDINGTON,Pier/Dock,Lean Lake Trout,4,Catch,0
2022,LUDINGTON,Pier/Dock,Lean Lake Trout,4,Harvest,0
2022,LUDINGTON,Pier/Dock,Northern Pike,4,Catch,0
2022,LUDINGTON,Pier/Dock,Northern Pike,4,Harvest,0
2022,LUDINGTON,Pier/Dock,,4,Angler Hours,279
2022,LUDINGTON,Pier/Dock,Other,4,Catch,0
2022,LUDINGTON,Pier/Dock,Other,4,Harvest,0
2022,LUDINGTON,Pier/Dock,Pink Salmon,4,Catch,0
2022,LUDINGTON,Pier/Dock,Pink Salmon,4,Harvest,0
2022,LUDINGTON,Pier/Dock,Pumpkinseed,4,Catch,0
2022,LUDINGTON,Pier/Dock,Pumpkinseed,4,Harvest,0
2022,LUDINGTON,Pier/Dock,Rockbass,4,Catch,0
2022,LUDINGTON,Pier/Dock,Rockbass,4,Harvest,0
2022,LUDINGTON,Pier/Dock,Round Whitefish,4,Catch,0
2022,LUDINGTON,Pier/Dock,Round Whitefish,4,Harvest,0
2022,LUDINGTON,Pier/Dock,Smallmouth Bass,4,Catch,0
2022,LUDINGTON,Pier/Dock,Smallmouth Bass,4,Harvest,0
2022,LUDINGTON,Pier/Dock,Steelhead,4,Catch,20
2022,LUDINGTON,Pier/Dock,Steelhead,4,Harvest,20
2022,LUDINGTON,Pier/Dock,Walleye,4,Catch,0
2022,LUDINGTON,Pier/Dock,Walleye,4,Harvest,0
2022,LUDINGTON,Pier/Dock,White Perch,4,Catch,0
2022,LUDINGTON,Pier/Dock,White Perch,4,Harvest,0
2022,LUDINGTON,Pier/Dock,Yellow Perch,4,Catch,0
2022,LUDINGTON,Pier/Dock,Yellow Perch,4,Harvest,0
2022,LUDINGTON,Pier/Dock,Atlantic Salmon,5,Catch,0
2022,LUDINGTON,Pier/Dock,Atlantic Salmon,5,Harvest,0
2022,LUDINGTON,Pier/Dock,Black Crappie,5,Catch,0
2022,LUDINGTON,Pier/Dock,Black Crappie,5,Harvest,0
2022,LUDINGTON,Pier/Dock,Bluegill,5,Catch,0
2022,LUDINGTON,Pier/Dock,Bluegill,5,Harvest,0
2022,LUDINGTON,Pier/Dock,Brook Trout,5,Catch,0
2022,LUDINGTON,Pier/Dock,Brook Trout,5,Harvest,0
2022,LUDINGTON,Pier/Dock,Brown Trout,5,Catch,4
2022,LUDINGTON,Pier/Dock,Brown Trout,5,Harvest,0
2022,LUDINGTON,Pier/Dock,Carp,5,Catch,0
2022,LUDINGTON,Pier/Dock,Carp,5,Harvest,0
2022,LUDINGTON,Pier/Dock,Channel Catfish,5,Catch,0
2022,LUDINGTON,Pier/Dock,Channel Catfish,5,Harvest,0
2022,LUDINGTON,Pier/Dock,Chinook Salmon,5,Catch,0
2022,LUDINGTON,Pier/Dock,Chinook Salmon,5,Harvest,0
2022,LUDINGTON,Pier/Dock,Coho Salmon,5,Catch,4
2022,LUDINGTON,Pier/Dock,Coho Salmon,5,Harvest,0
2022,LUDINGTON,Pier/Dock,Common White Sucker,5,Catch,0
2022,LUDINGTON,Pier/Dock,Common White Sucker,5,Harvest,0
2022,LUDINGTON,Pier/Dock,Drum,5,Catch,0
2022,LUDINGTON,Pier/Dock,Drum,5,Harvest,0
2022,LUDINGTON,Pier/Dock,Fat Lake Trout,5,Catch,0
2022,LUDINGTON,Pier/Dock,Fat Lake Trout,5,Harvest,0
2022,LUDINGTON,Pier/Dock,Lake Herring,5,Catch,0
2022,LUDINGTON,Pier/Dock,Lake Herring,5,Harvest,0
2022,LUDINGTON,Pier/Dock,Lake Whitefish,5,Catch,0
2022,LUDINGTON,Pier/Dock,Lake Whitefish,5,Harvest,0
2022,LUDINGTON,Pier/Dock,Largemouth Bass,5,Catch,0
2022,LUDINGTON,Pier/Dock,Largemouth Bass,5,Harvest,0
2022,LUDINGTON,Pier/Dock,Lean Lake Trout,5,Catch,0
2022,LUDINGTON,Pier/Dock,Lean Lake Trout,5,Harvest,0
2022,LUDINGTON,Pier/Dock,Northern Pike,5,Catch,0
2022,LUDINGTON,Pier/Dock,Northern Pike,5,Harvest,0
2022,LUDINGTON,Pier/Dock,,5,Angler Hours,214
2022,LUDINGTON,Pier/Dock,Other,5,Catch,0
2022,LUDINGTON,Pier/Dock,Other,5,Harvest,0
2022,LUDINGTON,Pier/Dock,Pink Salmon,5,Catch,0
2022,LUDINGTON,Pier/Dock,Pink Salmon,5,Harvest,0
2022,LUDINGTON,Pier/Dock,Pumpkinseed,5,Catch,4
2022,LUDINGTON,Pier/Dock,Pumpkinseed,5,Harvest,4
2022,LUDINGTON,Pier/Dock,Rockbass,5,Catch,32
2022,LUDINGTON,Pier/Dock,Rockbass,5,Harvest,22
2022,LUDINGTON,Pier/Dock,Round Whitefish,5,Catch,0
2022,LUDINGTON,Pier/Dock,Round Whitefish,5,Harvest,0
2022,LUDINGTON,Pier/Dock,Smallmouth Bass,5,Catch,0
2022,LUDINGTON,Pier/Dock,Smallmouth Bass,5,Harvest,0
2022,LUDINGTON,Pier/Dock,Steelhead,5,Catch,0
2022,LUDINGTON,Pier/Dock,Steelhead,5,Harvest,0
2022,LUDINGTON,Pier/Dock,Walleye,5,Catch,4
2022,LUDINGTON,Pier/Dock,Walleye,5,Harvest,4
2022,LUDINGTON,Pier/Dock,White Perch,5,Catch,0
2022,LUDINGTON,Pier/Dock,White Perch,5,Harvest,0
2022,LUDINGTON,Pier/Dock,Yellow Perch,5,Catch,0
2022,LUDINGTON,Pier/Dock,Yellow Perch,5,Harvest,0
2022,LUDINGTON,Pier/Dock,Atlantic Salmon,6,Catch,0
2022,LUDINGTON,Pier/Dock,Atlantic Salmon,6,Harvest,0
2022,LUDINGTON,Pier/Dock,Black Crappie,6,Catch,0
2022,LUDINGTON,Pier/Dock,Black Crappie,6,Harvest,0
2022,LUDINGTON,Pier/Dock,Bluegill,6,Catch,0
2022,LUDINGTON,Pier/Dock,Bluegill,6,Harvest,0
2022,LUDINGTON,Pier/Dock,Brook Trout,6,Catch,0
2022,LUDINGTON,Pier/Dock,Brook Trout,6,Harvest,0
2022,LUDINGTON,Pier/Dock,Brown Trout,6,Catch,0
2022,LUDINGTON,Pier/Dock,Brown Trout,6,Harvest,0
2022,LUDINGTON,Pier/Dock,Carp,6,Catch,0
2022,LUDINGTON,Pier/Dock,Carp,6,Harvest,0
2022,LUDINGTON,Pier/Dock,Channel Catfish,6,Catch,0
2022,LUDINGTON,Pier/Dock,Channel Catfish,6,Harvest,0
2022,LUDINGTON,Pier/Dock,Chinook Salmon,6,Catch,0
2022,LUDINGTON,Pier/Dock,Chinook Salmon,6,Harvest,0
2022,LUDINGTON,Pier/Dock,Coho Salmon,6,Catch,0
2022,LUDINGTON,Pier/Dock,Coho Salmon,6,Harvest,0
2022,LUDINGTON,Pier/Dock,Common White Sucker,6,Catch,0
2022,LUDINGTON,Pier/Dock,Common White Sucker,6,Harvest,0
2022,LUDINGTON,Pier/Dock,Drum,6,Catch,0
2022,LUDINGTON,Pier/Dock,Drum,6,Harvest,0
2022,LUDINGTON,Pier/Dock,Fat Lake Trout,6,Catch,0
2022,LUDINGTON,Pier/Dock,Fat Lake Trout,6,Harvest,0
2022,LUDINGTON,Pier/Dock,Lake Herring,6,Catch,0
2022,LUDINGTON,Pier/Dock,Lake Herring,6,Harvest,0
2022,LUDINGTON,Pier/Dock,Lake Whitefish,6,Catch,0
2022,LUDINGTON,Pier/Dock,Lake Whitefish,6,Harvest,0
2022,LUDINGTON,Pier/Dock,Largemouth Bass,6,Catch,0
2022,LUDINGTON,Pier/Dock,Largemouth Bass,6,Harvest,0
2022,LUDINGTON,Pier/Dock,Lean Lake Trout,6,Catch,0
2022,LUDINGTON,Pier/Dock,Lean Lake Trout,6,Harvest,0
2022,LUDINGTON,Pier/Dock,Northern Pike,6,Catch,0
2022,LUDINGTON,Pier/Dock,Northern Pike,6,Harvest,0
2022,LUDINGTON,Pier/Dock,,6,Angler Hours,300
2022,LUDINGTON,Pier/Dock,Other,6,Catch,0
2022,LUDINGTON,Pier/Dock,Other,6,Harvest,0
2022,LUDINGTON,Pier/Dock,Pink Salmon,6,Catch,0
2022,LUDINGTON,Pier/Dock,Pink Salmon,6,Harvest,0
2022,LUDINGTON,Pier/Dock,Pumpkinseed,6,Catch,0
2022,LUDINGTON,Pier/Dock,Pumpkinseed,6,Harvest,0
2022,LUDINGTON,Pier/Dock,Rockbass,6,Catch,0
2022,LUDINGTON,Pier/Dock,Rockbass,6,Harvest,0
2022,LUDINGTON,Pier/Dock,Round Whitefish,6,Catch,0
2022,LUDINGTON,Pier/Dock,Round Whitefish,6,Harvest,0
2022,LUDINGTON,Pier/Dock,Smallmouth Bass,6,Catch,0
2022,LUDINGTON,Pier/Dock,Smallmouth Bass,6,Harvest,0
2022,LUDINGTON,Pier/Dock,Steelhead,6,Catch,0
2022,LUDINGTON,Pier/Dock,Steelhead,6,Harvest,0
2022,LUDINGTON,Pier/Dock,Walleye,6,Catch,0
2022,LUDINGTON,Pier/Dock,Walleye,6,Harvest,0
2022,LUDINGTON,Pier/Dock,White Perch,6,Catch,0
2022,LUDINGTON,Pier/Dock,White Perch,6,Harvest,0
2022,LUDINGTON,Pier/Dock,Yellow Perch,6,Catch,0
2022,LUDINGTON,Pier/Dock,Yellow Perch,6,Harvest,0
2022,LUDINGTON,Pier/Dock,Atlantic Salmon,7,Catch,0
2022,LUDINGTON,Pier/Dock,Atlantic Salmon,7,Harvest,0
2022,LUDINGTON,Pier/Dock,Black Crappie,7,Catch,0
2022,LUDINGTON,Pier/Dock,Black Crappie,7,Harvest,0
2022,LUDINGTON,Pier/Dock,Bluegill,7,Catch,0
2022,LUDINGTON,Pier/Dock,Bluegill,7,Harvest,0
2022,LUDINGTON,Pier/Dock,Brook Trout,7,Catch,0
2022,LUDINGTON,Pier/Dock,Brook Trout,7,Harvest,0
2022,LUDINGTON,Pier/Dock,Brown Trout,7,Catch,0
2022,LUDINGTON,Pier/Dock,Brown Trout,7,Harvest,0
2022,LUDINGTON,Pier/Dock,Carp,7,Catch,0
2022,LUDINGTON,Pier/Dock,Carp,7,Harvest,0
2022,LUDINGTON,Pier/Dock,Channel Catfish,7,Catch,0
2022,LUDINGTON,Pier/Dock,Channel Catfish,7,Harvest,0
2022,LUDINGTON,Pier/Dock,Chinook Salmon,7,Catch,0
2022,LUDINGTON,Pier/Dock,Chinook Salmon,7,Harvest,0
2022,LUDINGTON,Pier/Dock,Coho Salmon,7,Catch,0
2022,LUDINGTON,Pier/Dock,Coho Salmon,7,Harvest,0
2022,LUDINGTON,Pier/Dock,Common White Sucker,7,Catch,0
2022,LUDINGTON,Pier/Dock,Common White Sucker,7,Harvest,0
2022,LUDINGTON,Pier/Dock,Drum,7,Catch,0
2022,LUDINGTON,Pier/Dock,Drum,7,Harvest,0
2022,LUDINGTON,Pier/Dock,Fat Lake Trout,7,Catch,0
2022,LUDINGTON,Pier/Dock,Fat Lake Trout,7,Harvest,0
2022,LUDINGTON,Pier/Dock,Lake Herring,7,Catch,0
2022,LUDINGTON,Pier/Dock,Lake Herring,7,Harvest,0
2022,LUDINGTON,Pier/Dock,Lake Whitefish,7,Catch,0
2022,LUDINGTON,Pier/Dock,Lake Whitefish,7,Harvest,0
2022,LUDINGTON,Pier/Dock,Largemouth Bass,7,Catch,0
2022,LUDINGTON,Pier/Dock,Largemouth Bass,7,Harvest,0
2022,LUDINGTON,Pier/Dock,Lean Lake Trout,7,Catch,0
2022,LUDINGTON,Pier/Dock,Lean Lake Trout,7,Harvest,0
2022,LUDINGTON,Pier/Dock,Northern Pike,7,Catch,0
2022,LUDINGTON,Pier/Dock,Northern Pike,7,Harvest,0
2022,LUDINGTON,Pier/Dock,,7,Angler Hours,688
2022,LUDINGTON,Pier/Dock,Other,7,Catch,0
2022,LUDINGTON,Pier/Dock,Other,7,Harvest,0
2022,LUDINGTON,Pier/Dock,Pink Salmon,7,Catch,0
2022,LUDINGTON,Pier/Dock,Pink Salmon,7,Harvest,0
2022,LUDINGTON,Pier/Dock,Pumpkinseed,7,Catch,0
2022,LUDINGTON,Pier/Dock,Pumpkinseed,7,Harvest,0
2022,LUDINGTON,Pier/Dock,Rockbass,7,Catch,27
2022,LUDINGTON,Pier/Dock,Rockbass,7,Harvest,0
2022,LUDINGTON,Pier/Dock,Round Whitefish,7,Catch,0
2022,LUDINGTON,Pier/Dock,Round Whitefish,7,Harvest,0
2022,LUDINGTON,Pier/Dock,Smallmouth Bass,7,Catch,8
2022,LUDINGTON,Pier/Dock,Smallmouth Bass,7,Harvest,7
2022,LUDINGTON,Pier/Dock,Steelhead,7,Catch,0
2022,LUDINGTON,Pier/Dock,Steelhead,7,Harvest,0
2022,LUDINGTON,Pier/Dock,Walleye,7,Catch,0
2022,LUDINGTON,Pier/Dock,Walleye,7,Harvest,0
2022,LUDINGTON,Pier/Dock,White Perch,7,Catch,0
2022,LUDINGTON,Pier/Dock,White Perch,7,Harvest,0
2022,LUDINGTON,Pier/Dock,Yellow Perch,7,Catch,1039
2022,LUDINGTON,Pier/Dock,Yellow Perch,7,Harvest,101
2022,LUDINGTON,Pier/Dock,Atlantic Salmon,8,Catch,0
2022,LUDINGTON,Pier/Dock,Atlantic Salmon,8,Harvest,0
2022,LUDINGTON,Pier/Dock,Black Crappie,8,Catch,0
2022,LUDINGTON,Pier/Dock,Black Crappie,8,Harvest,0
2022,LUDINGTON,Pier/Dock,Bluegill,8,Catch,0
2022,LUDINGTON,Pier/Dock,Bluegill,8,Harvest,0
2022,LUDINGTON,Pier/Dock,Brook Trout,8,Catch,0
2022,LUDINGTON,Pier/Dock,Brook Trout,8,Harvest,0
2022,LUDINGTON,Pier/Dock,Brown Trout,8,Catch,0
2022,LUDINGTON,Pier/Dock,Brown Trout,8,Harvest,0
2022,LUDINGTON,Pier/Dock,Carp,8,Catch,0
2022,LUDINGTON,Pier/Dock,Carp,8,Harvest,0
2022,LUDINGTON,Pier/Dock,Channel Catfish,8,Catch,0
2022,LUDINGTON,Pier/Dock,Channel Catfish,8,Harvest,0
2022,LUDINGTON,Pier/Dock,Chinook Salmon,8,Catch,54
2022,LUDINGTON,Pier/Dock,Chinook Salmon,8,Harvest,54
2022,LUDINGTON,Pier/Dock,Coho Salmon,8,Catch,0
2022,LUDINGTON,Pier/Dock,Coho Salmon,8,Harvest,0
2022,LUDINGTON,Pier/Dock,Common White Sucker,8,Catch,33
2022,LUDINGTON,Pier/Dock,Common White Sucker,8,Harvest,0
2022,LUDINGTON,Pier/Dock,Drum,8,Catch,0
2022,LUDINGTON,Pier/Dock,Drum,8,Harvest,0
2022,LUDINGTON,Pier/Dock,Fat Lake Trout,8,Catch,0
2022,LUDINGTON,Pier/Dock,Fat Lake Trout,8,Harvest,0
2022,LUDINGTON,Pier/Dock,Lake Herring,8,Catch,0
2022,LUDINGTON,Pier/Dock,Lake Herring,8,Harvest,0
2022,LUDINGTON,Pier/Dock,Lake Whitefish,8,Catch,0
2022,LUDINGTON,Pier/Dock,Lake Whitefish,8,Harvest,0
2022,LUDINGTON,Pier/Dock,Largemouth Bass,8,Catch,0
2022,LUDINGTON,Pier/Dock,Largemouth Bass,8,Harvest,0
2022,LUDINGTON,Pier/Dock,Lean Lake Trout,8,Catch,0
2022,LUDINGTON,Pier/Dock,Lean Lake Trout,8,Harvest,0
2022,LUDINGTON,Pier/Dock,Northern Pike,8,Catch,0
2022,LUDINGTON,Pier/Dock,Northern Pike,8,Harvest,0
2022,LUDINGTON,Pier/Dock,,8,Angler Hours,1386
2022,LUDINGTON,Pier/Dock,Other,8,Catch,0
2022,LUDINGTON,Pier/Dock,Other,8,Harvest,0
2022,LUDINGTON,Pier/Dock,Pink Salmon,8,Catch,0
2022,LUDINGTON,Pier/Dock,Pink Salmon,8,Harvest,0
2022,LUDINGTON,Pier/Dock,Pumpkinseed,8,Catch,0
2022,LUDINGTON,Pier/Dock,Pumpkinseed,8,Harvest,0
2022,LUDINGTON,Pier/Dock,Rockbass,8,Catch,0
2022,LUDINGTON,Pier/Dock,Rockbass,8,Harvest,0
2022,LUDINGTON,Pier/Dock,Round Whitefish,8,Catch,0
2022,LUDINGTON,Pier/Dock,Round Whitefish,8,Harvest,0
2022,LUDINGTON,Pier/Dock,Smallmouth Bass,8,Catch,0
2022,LUDINGTON,Pier/Dock,Smallmouth Bass,8,Harvest,0
2022,LUDINGTON,Pier/Dock,Steelhead,8,Catch,0
2022,LUDINGTON,Pier/Dock,Steelhead,8,Harvest,0
2022,LUDINGTON,Pier/Dock,Walleye,8,Catch,0
2022,LUDINGTON,Pier/Dock,Walleye,8,Harvest,0
2022,LUDINGTON,Pier/Dock,White Perch,8,Catch,0
2022,LUDINGTON,Pier/Dock,White Perch,8,Harvest,0
2022,LUDINGTON,Pier/Dock,Yellow Perch,8,Catch,66
2022,LUDINGTON,Pier/Dock,Yellow Perch,8,Harvest,0
2022,LUDINGTON,Pier/Dock,Atlantic Salmon,9,Catch,0
2022,LUDINGTON,Pier/Dock,Atlantic Salmon,9,Harvest,0
2022,LUDINGTON,Pier/Dock,Black Crappie,9,Catch,0
2022,LUDINGTON,Pier/Dock,Black Crappie,9,Harvest,0
2022,LUDINGTON,Pier/Dock,Bluegill,9,Catch,0
2022,LUDINGTON,Pier/Dock,Bluegill,9,Harvest,0
2022,LUDINGTON,Pier/Dock,Brook Trout,9,Catch,0
2022,LUDINGTON,Pier/Dock,Brook Trout,9,Harvest,0
2022,LUDINGTON,Pier/Dock,Brown Trout,9,Catch,0
2022,LUDINGTON,Pier/Dock,Brown Trout,9,Harvest,0
2022,LUDINGTON,Pier/Dock,Carp,9,Catch,0
2022,LUDINGTON,Pier/Dock,Carp,9,Harvest,0
2022,LUDINGTON,Pier/Dock,Channel Catfish,9,Catch,0
2022,LUDINGTON,Pier/Dock,Channel Catfish,9,Harvest,0
2022,LUDINGTON,Pier/Dock,Chinook Salmon,9,Catch,0
2022,LUDINGTON,Pier/Dock,Chinook Salmon,9,Harvest,0
2022,LUDINGTON,Pier/Dock,Coho Salmon,9,Catch,0
2022,LUDINGTON,Pier/Dock,Coho Salmon,9,Harvest,0
2022,LUDINGTON,Pier/Dock,Common White Sucker,9,Catch,0
2022,LUDINGTON,Pier/Dock,Common White Sucker,9,Harvest,0
2022,LUDINGTON,Pier/Dock,Drum,9,Catch,0
2022,LUDINGTON,Pier/Dock,Drum,9,Harvest,0
2022,LUDINGTON,Pier/Dock,Fat Lake Trout,9,Catch,0
2022,LUDINGTON,Pier/Dock,Fat Lake Trout,9,Harvest,0
2022,LUDINGTON,Pier/Dock,Lake Herring,9,Catch,0
2022,LUDINGTON,Pier/Dock,Lake Herring,9,Harvest,0
2022,LUDINGTON,Pier/Dock,Lake Whitefish,9,Catch,0
2022,LUDINGTON,Pier/Dock,Lake Whitefish,9,Harvest,0
2022,LUDINGTON,Pier/Dock,Largemouth Bass,9,Catch,0
2022,LUDINGTON,Pier/Dock,Largemouth Bass,9,Harvest,0
2022,LUDINGTON,Pier/Dock,Lean Lake Trout,9,Catch,0
2022,LUDINGTON,Pier/Dock,Lean Lake Trout,9,Harvest,0
2022,LUDINGTON,Pier/Dock,Northern Pike,9,Catch,0
2022,LUDINGTON,Pier/Dock,Northern Pike,9,Harvest,0
2022,LUDINGTON,Pier/Dock,,9,Angler Hours,840
2022,LUDINGTON,Pier/Dock,Other,9,Catch,0
2022,LUDINGTON,Pier/Dock,Other,9,Harvest,0
2022,LUDINGTON,Pier/Dock,Pink Salmon,9,Catch,0
2022,LUDINGTON,Pier/Dock,Pink Salmon,9,Harvest,0
2022,LUDINGTON,Pier/Dock,Pumpkinseed,9,Catch,0
2022,LUDINGTON,Pier/Dock,Pumpkinseed,9,Harvest,0
2022,LUDINGTON,Pier/Dock,Rockbass,9,Catch,0
2022,LUDINGTON,Pier/Dock,Rockbass,9,Harvest,0
2022,LUDINGTON,Pier/Dock,Round Whitefish,9,Catch,0
2022,LUDINGTON,Pier/Dock,Round Whitefish,9,Harvest,0
2022,LUDINGTON,Pier/Dock,Smallmouth Bass,9,Catch,123
2022,LUDINGTON,Pier/Dock,Smallmouth Bass,9,Harvest,0
2022,LUDINGTON,Pier/Dock,Steelhead,9,Catch,0
2022,LUDINGTON,Pier/Dock,Steelhead,9,Harvest,0
2022,LUDINGTON,Pier/Dock,Walleye,9,Catch,0
2022,LUDINGTON,Pier/Dock,Walleye,9,Harvest,0
2022,LUDINGTON,Pier/Dock,White Perch,9,Catch,0
2022,LUDINGTON,Pier/Dock,White Perch,9,Harvest,0
2022,LUDINGTON,Pier/Dock,Yellow Perch,9,Catch,0
2022,LUDINGTON,Pier/Dock,Yellow Perch,9,Harvest,0
2022,LUDINGTON,Pier/Dock,Atlantic Salmon,10,Catch,0
2022,LUDINGTON,Pier/Dock,Atlantic Salmon,10,Harvest,0
2022,LUDINGTON,Pier/Dock,Black Crappie,10,Catch,0
2022,LUDINGTON,Pier/Dock,Black Crappie,10,Harvest,0
2022,LUDINGTON,Pier/Dock,Bluegill,10,Catch,0
2022,LUDINGTON,Pier/Dock,Bluegill,10,Harvest,0
2022,LUDINGTON,Pier/Dock,Brook Trout,10,Catch,0
2022,LUDINGTON,Pier/Dock,Brook Trout,10,Harvest,0
2022,LUDINGTON,Pier/Dock,Brown Trout,10,Catch,4
2022,LUDINGTON,Pier/Dock,Brown Trout,10,Harvest,3
2022,LUDINGTON,Pier/Dock,Carp,10,Catch,0
2022,LUDINGTON,Pier/Dock,Carp,10,Harvest,0
2022,LUDINGTON,Pier/Dock,Channel Catfish,10,Catch,0
2022,LUDINGTON,Pier/Dock,Channel Catfish,10,Harvest,0
2022,LUDINGTON,Pier/Dock,Chinook Salmon,10,Catch,0
2022,LUDINGTON,Pier/Dock,Chinook Salmon,10,Harvest,0
2022,LUDINGTON,Pier/Dock,Coho Salmon,10,Catch,0
2022,LUDINGTON,Pier/Dock,Coho Salmon,10,Harvest,0
2022,LUDINGTON,Pier/Dock,Common White Sucker,10,Catch,0
2022,LUDINGTON,Pier/Dock,Common White Sucker,10,Harvest,0
2022,LUDINGTON,Pier/Dock,Drum,10,Catch,0
2022,LUDINGTON,Pier/Dock,Drum,10,Harvest,0
2022,LUDINGTON,Pier/Dock,Fat Lake Trout,10,Catch,0
2022,LUDINGTON,Pier/Dock,Fat Lake Trout,10,Harvest,0
2022,LUDINGTON,Pier/Dock,Lake Herring,10,Catch,0
2022,LUDINGTON,Pier/Dock,Lake Herring,10,Harvest,0
2022,LUDINGTON,Pier/Dock,Lake Whitefish,10,Catch,0
2022,LUDINGTON,Pier/Dock,Lake Whitefish,10,Harvest,0
2022,LUDINGTON,Pier/Dock,Largemouth Bass,10,Catch,0
2022,LUDINGTON,Pier/Dock,Largemouth Bass,10,Harvest,0
2022,LUDINGTON,Pier/Dock,Lean Lake Trout,10,Catch,8
2022,LUDINGTON,Pier/Dock,Lean Lake Trout,10,Harvest,8
2022,LUDINGTON,Pier/Dock,Northern Pike,10,Catch,0
2022,LUDINGTON,Pier/Dock,Northern Pike,10,Harvest,0
2022,LUDINGTON,Pier/Dock,,10,Angler Hours,563
2022,LUDINGTON,Pier/Dock,Other,10,Catch,0
2022,LUDINGTON,Pier/Dock,Other,10,Harvest,0
2022,LUDINGTON,Pier/Dock,Pink Salmon,10,Catch,0
2022,LUDINGTON,Pier/Dock,Pink Salmon,10,Harvest,0
2022,LUDINGTON,Pier/Dock,Pumpkinseed,10,Catch,0
2022,LUDINGTON,Pier/Dock,Pumpkinseed,10,Harvest,0
2022,LUDINGTON,Pier/Dock,Rockbass,10,Catch,0
2022,LUDINGTON,Pier/Dock,Rockbass,10,Harvest,0
2022,LUDINGTON,Pier/Dock,Round Whitefish,10,Catch,0
2022,LUDINGTON,Pier/Dock,Round Whitefish,10,Harvest,0
2022,LUDINGTON,Pier/Dock,Smallmouth Bass,10,Catch,0
2022,LUDINGTON,Pier/Dock,Smallmouth Bass,10,Harvest,0
2022,LUDINGTON,Pier/Dock,Steelhead,10,Catch,45
2022,LUDINGTON,Pier/Dock,Steelhead,10,Harvest,24
2022,LUDINGTON,Pier/Dock,Walleye,10,Catch,0
2022,LUDINGTON,Pier/Dock,Walleye,10,Harvest,0
2022,LUDINGTON,Pier/Dock,White Perch,10,Catch,0
2022,LUDINGTON,Pier/Dock,White Perch,10,Harvest,0
2022,LUDINGTON,Pier/Dock,Yellow Perch,10,Catch,0
2022,LUDINGTON,Pier/Dock,Yellow Perch,10,Harvest,0
1989,MANISTEE,Pier/Dock,Brown Trout,4,Harvest,780
1989,MANISTEE,Pier/Dock,Channel Catfish,4,Harvest,39
1989,MANISTEE,Pier/Dock,,4,Angler Hours,5588
1989,MANISTEE,Pier/Dock,Round Whitefish,4,Harvest,46
1989,MANISTEE,Pier/Dock,Steelhead,4,Harvest,39
1989,MANISTEE,Pier/Dock,Yellow Perch,4,Harvest,1375
1989,MANISTEE,Pier/Dock,Brown Trout,5,Harvest,233
1989,MANISTEE,Pier/Dock,,5,Angler Hours,6368
1989,MANISTEE,Pier/Dock,Rockbass,5,Harvest,736
1989,MANISTEE,Pier/Dock,Steelhead,5,Harvest,123
1989,MANISTEE,Pier/Dock,Yellow Perch,5,Harvest,675
1989,MANISTEE,Pier/Dock,,6,Angler Hours,10662
1989,MANISTEE,Pier/Dock,Rockbass,6,Harvest,505
1989,MANISTEE,Pier/Dock,Smallmouth Bass,6,Harvest,98
1989,MANISTEE,Pier/Dock,Yellow Perch,6,Harvest,10211
1989,MANISTEE,Pier/Dock,,7,Angler Hours,12092
1989,MANISTEE,Pier/Dock,Rockbass,7,Harvest,33
1989,MANISTEE,Pier/Dock,Steelhead,7,Harvest,70
1989,MANISTEE,Pier/Dock,Yellow Perch,7,Harvest,10304
1989,MANISTEE,Pier/Dock,Chinook Salmon,8,Harvest,58
1989,MANISTEE,Pier/Dock,,8,Angler Hours,6418
1989,MANISTEE,Pier/Dock,Coho Salmon,9,Harvest,89
1989,MANISTEE,Pier/Dock,,9,Angler Hours,6176
1989,MANISTEE,Pier/Dock,Steelhead,9,Harvest,5
1989,MANISTEE,Pier/Dock,Yellow Perch,9,Harvest,1452
1989,MANISTEE,Pier/Dock,Brown Trout,10,Harvest,40
1989,MANISTEE,Pier/Dock,Chinook Salmon,10,Harvest,10
1989,MANISTEE,Pier/Dock,Coho Salmon,10,Harvest,7
1989,MANISTEE,Pier/Dock,,10,Angler Hours,6485
1989,MANISTEE,Pier/Dock,Round Whitefish,10,Harvest,510
1989,MANISTEE,Pier/Dock,Steelhead,10,Harvest,289
1989,MANISTEE,Pier/Dock,Yellow Perch,10,Harvest,1464
1989,MANISTEE,Pier/Dock,,11,Angler Hours,8508
1989,MANISTEE,Pier/Dock,Steelhead,11,Harvest,364
1989,MANISTEE,Pier/Dock,Yellow Perch,11,Harvest,2048
1990,MANISTEE,Pier/Dock,Brown Trout,4,Harvest,57
1990,MANISTEE,Pier/Dock,,4,Angler Hours,5888
1990,MANISTEE,Pier/Dock,Yellow Perch,4,Harvest,2775
1990,MANISTEE,Pier/Dock,Brown Trout,5,Harvest,239
1990,MANISTEE,Pier/Dock,,5,Angler Hours,4382
1990,MANISTEE,Pier/Dock,Rockbass,5,Harvest,16
1990,MANISTEE,Pier/Dock,Steelhead,5,Harvest,17
1990,MANISTEE,Pier/Dock,Yellow Perch,5,Harvest,21
1990,MANISTEE,Pier/Dock,,6,Angler Hours,9619
1990,MANISTEE,Pier/Dock,Yellow Perch,6,Harvest,2906
1990,MANISTEE,Pier/Dock,Brown Trout,7,Harvest,69
1990,MANISTEE,Pier/Dock,,7,Angler Hours,12537
1990,MANISTEE,Pier/Dock,Yellow Perch,7,Harvest,8477
1990,MANISTEE,Pier/Dock,Chinook Salmon,8,Harvest,684
1990,MANISTEE,Pier/Dock,Coho Salmon,8,Harvest,198
1990,MANISTEE,Pier/Dock,,8,Angler Hours,9710
1990,MANISTEE,Pier/Dock,Steelhead,8,Harvest,73
1990,MANISTEE,Pier/Dock,Chinook Salmon,9,Harvest,5
1990,MANISTEE,Pier/Dock,Coho Salmon,9,Harvest,34
1990,MANISTEE,Pier/Dock,,9,Angler Hours,3472
1990,MANISTEE,Pier/Dock,Steelhead,9,Harvest,30
1990,MANISTEE,Pier/Dock,Brown Trout,10,Harvest,10
1990,MANISTEE,Pier/Dock,Coho Salmon,10,Harvest,5
1990,MANISTEE,Pier/Dock,,10,Angler Hours,4292
1990,MANISTEE,Pier/Dock,Round Whitefish,10,Harvest,147
1990,MANISTEE,Pier/Dock,Steelhead,10,Harvest,253
1990,MANISTEE,Pier/Dock,,11,Angler Hours,2784
1990,MANISTEE,Pier/Dock,Round Whitefish,11,Harvest,104
1990,MANISTEE,Pier/Dock,Steelhead,11,Harvest,148
1990,MANISTEE,Pier/Dock,Yellow Perch,11,Harvest,121
1991,MANISTEE,Pier/Dock,Brown Trout,4,Harvest,197
1991,MANISTEE,Pier/Dock,,4,Angler Hours,7145
1991,MANISTEE,Pier/Dock,Rockbass,4,Harvest,45
1991,MANISTEE,Pier/Dock,Yellow Perch,4,Harvest,8674
1991,MANISTEE,Pier/Dock,Brown Trout,5,Harvest,152
1991,MANISTEE,Pier/Dock,,5,Angler Hours,7164
1991,MANISTEE,Pier/Dock,Rockbass,5,Harvest,56
1991,MANISTEE,Pier/Dock,Yellow Perch,5,Harvest,131
1991,MANISTEE,Pier/Dock,Brown Trout,6,Harvest,8
1991,MANISTEE,Pier/Dock,Chinook Salmon,6,Harvest,13
1991,MANISTEE,Pier/Dock,Lean Lake Trout,6,Harvest,38
1991,MANISTEE,Pier/Dock,,6,Angler Hours,8753
1991,MANISTEE,Pier/Dock,Steelhead,6,Harvest,117
1991,MANISTEE,Pier/Dock,Yellow Perch,6,Harvest,2647
1991,MANISTEE,Pier/Dock,Chinook Salmon,7,Harvest,5
1991,MANISTEE,Pier/Dock,Drum,7,Harvest,95
1991,MANISTEE,Pier/Dock,,7,Angler Hours,2808
1991,MANISTEE,Pier/Dock,Rockbass,7,Harvest,189
1991,MANISTEE,Pier/Dock,Brown Trout,8,Harvest,115
1991,MANISTEE,Pier/Dock,Chinook Salmon,8,Harvest,266
1991,MANISTEE,Pier/Dock,,8,Angler Hours,6998
1991,MANISTEE,Pier/Dock,,9,Angler Hours,1692
1991,MANISTEE,Pier/Dock,Chinook Salmon,10,Harvest,12
1991,MANISTEE,Pier/Dock,,10,Angler Hours,4508
1991,MANISTEE,Pier/Dock,Round Whitefish,10,Harvest,1281
1991,MANISTEE,Pier/Dock,Steelhead,10,Harvest,500
1991,MANISTEE,Pier/Dock,,11,Angler Hours,936
1991,MANISTEE,Pier/Dock,Round Whitefish,11,Harvest,20
1991,MANISTEE,Pier/Dock,Steelhead,11,Harvest,118
1991,MANISTEE,Pier/Dock,Yellow Perch,11,Harvest,394
1992,MANISTEE,Pier/Dock,Brown Trout,4,Harvest,80
1992,MANISTEE,Pier/Dock,Common White Sucker,4,Harvest,27
1992,MANISTEE,Pier/Dock,Drum,4,Harvest,192
1992,MANISTEE,Pier/Dock,,4,Angler Hours,6003
1992,MANISTEE,Pier/Dock,Yellow Perch,4,Harvest,5141
1992,MANISTEE,Pier/Dock,Brown Trout,5,Harvest,109
1992,MANISTEE,Pier/Dock,,5,Angler Hours,2592
1992,MANISTEE,Pier/Dock,Yellow Perch,5,Harvest,95
1992,MANISTEE,Pier/Dock,Bluegill,6,Harvest,18
1992,MANISTEE,Pier/Dock,Brown Trout,6,Harvest,147
1992,MANISTEE,Pier/Dock,Chinook Salmon,6,Harvest,23
1992,MANISTEE,Pier/Dock,,6,Angler Hours,5754
1992,MANISTEE,Pier/Dock,Rockbass,6,Harvest,9
1992,MANISTEE,Pier/Dock,Steelhead,6,Harvest,4
1992,MANISTEE,Pier/Dock,Yellow Perch,6,Harvest,3909
1992,MANISTEE,Pier/Dock,Black Crappie,7,Harvest,66
1992,MANISTEE,Pier/Dock,Common White Sucker,7,Harvest,40
1992,MANISTEE,Pier/Dock,Drum,7,Harvest,120
1992,MANISTEE,Pier/Dock,Largemouth Bass,7,Harvest,120
1992,MANISTEE,Pier/Dock,,7,Angler Hours,10367
1992,MANISTEE,Pier/Dock,Smallmouth Bass,7,Harvest,80
1992,MANISTEE,Pier/Dock,Yellow Perch,7,Harvest,7877
1992,MANISTEE,Pier/Dock,Black Crappie,8,Harvest,61
1992,MANISTEE,Pier/Dock,Brown Trout,8,Harvest,31
1992,MANISTEE,Pier/Dock,Coho Salmon,8,Harvest,64
1992,MANISTEE,Pier/Dock,,8,Angler Hours,8466
1992,MANISTEE,Pier/Dock,Yellow Perch,8,Harvest,938
1992,MANISTEE,Pier/Dock,Chinook Salmon,9,Harvest,96
1992,MANISTEE,Pier/Dock,Coho Salmon,9,Harvest,71
1992,MANISTEE,Pier/Dock,,9,Angler Hours,4442
1992,MANISTEE,Pier/Dock,Steelhead,9,Harvest,248
1992,MANISTEE,Pier/Dock,Brown Trout,10,Harvest,5
1992,MANISTEE,Pier/Dock,Coho Salmon,10,Harvest,53
1992,MANISTEE,Pier/Dock,Common White Sucker,10,Harvest,4
1992,MANISTEE,Pier/Dock,,10,Angler Hours,7503
1992,MANISTEE,Pier/Dock,Rockbass,10,Harvest,86
1992,MANISTEE,Pier/Dock,Round Whitefish,10,Harvest,84
1992,MANISTEE,Pier/Dock,Steelhead,10,Harvest,210
1992,MANISTEE,Pier/Dock,Yellow Perch,10,Harvest,2417
1993,MANISTEE,Pier/Dock,Brown Trout,4,Harvest,401
1993,MANISTEE,Pier/Dock,,4,Angler Hours,4686
1993,MANISTEE,Pier/Dock,Round Whitefish,4,Harvest,112
1993,MANISTEE,Pier/Dock,Steelhead,4,Harvest,34
1993,MANISTEE,Pier/Dock,Yellow Perch,4,Harvest,14
1993,MANISTEE,Pier/Dock,Brown Trout,5,Harvest,105
1993,MANISTEE,Pier/Dock,,5,Angler Hours,4367
1993,MANISTEE,Pier/Dock,Rockbass,5,Harvest,40
1993,MANISTEE,Pier/Dock,Round Whitefish,5,Harvest,30
1993,MANISTEE,Pier/Dock,Yellow Perch,5,Harvest,313
1993,MANISTEE,Pier/Dock,Brown Trout,6,Harvest,222
1993,MANISTEE,Pier/Dock,Lean Lake Trout,6,Harvest,29
1993,MANISTEE,Pier/Dock,,6,Angler Hours,5846
1993,MANISTEE,Pier/Dock,Other,6,Harvest,6
1993,MANISTEE,Pier/Dock,Steelhead,6,Harvest,13
1993,MANISTEE,Pier/Dock,Yellow Perch,6,Harvest,1933
1993,MANISTEE,Pier/Dock,Brown Trout,7,Harvest,3
1993,MANISTEE,Pier/Dock,,7,Angler Hours,3528
1993,MANISTEE,Pier/Dock,Rockbass,7,Harvest,6
1993,MANISTEE,Pier/Dock,Steelhead,7,Harvest,34
1993,MANISTEE,Pier/Dock,Yellow Perch,7,Harvest,618
1993,MANISTEE,Pier/Dock,Chinook Salmon,8,Harvest,20
1993,MANISTEE,Pier/Dock,,8,Angler Hours,3037
1993,MANISTEE,Pier/Dock,Coho Salmon,9,Harvest,5
1993,MANISTEE,Pier/Dock,,9,Angler Hours,1565
1993,MANISTEE,Pier/Dock,Steelhead,9,Harvest,14
1993,MANISTEE,Pier/Dock,Brown Trout,10,Harvest,16
1993,MANISTEE,Pier/Dock,Chinook Salmon,10,Harvest,20
1993,MANISTEE,Pier/Dock,Coho Salmon,10,Harvest,2
1993,MANISTEE,Pier/Dock,,10,Angler Hours,6274
1993,MANISTEE,Pier/Dock,Round Whitefish,10,Harvest,709
1993,MANISTEE,Pier/Dock,Steelhead,10,Harvest,568
1994,MANISTEE,Pier/Dock,Brown Trout,4,Harvest,561
1994,MANISTEE,Pier/Dock,Burbot,4,Harvest,0
1994,MANISTEE,Pier/Dock,Chinook Salmon,4,Harvest,21
1994,MANISTEE,Pier/Dock,Coho Salmon,4,Harvest,0
1994,MANISTEE,Pier/Dock,Lean Lake Trout,4,Harvest,0
1994,MANISTEE,Pier/Dock,,4,Angler Hours,7601
1994,MANISTEE,Pier/Dock,Round Whitefish,4,Harvest,497
1994,MANISTEE,Pier/Dock,Smallmouth Bass,4,Harvest,0
1994,MANISTEE,Pier/Dock,Steelhead,4,Harvest,3
1994,MANISTEE,Pier/Dock,Yellow Perch,4,Harvest,10
1994,MANISTEE,Pier/Dock,Brown Trout,5,Harvest,181
1994,MANISTEE,Pier/Dock,Burbot,5,Harvest,60
1994,MANISTEE,Pier/Dock,Chinook Salmon,5,Harvest,0
1994,MANISTEE,Pier/Dock,Coho Salmon,5,Harvest,0
1994,MANISTEE,Pier/Dock,Lean Lake Trout,5,Harvest,25
1994,MANISTEE,Pier/Dock,,5,Angler Hours,3552
1994,MANISTEE,Pier/Dock,Round Whitefish,5,Harvest,0
1994,MANISTEE,Pier/Dock,Smallmouth Bass,5,Harvest,0
1994,MANISTEE,Pier/Dock,Steelhead,5,Harvest,4
1994,MANISTEE,Pier/Dock,Yellow Perch,5,Harvest,12
1994,MANISTEE,Pier/Dock,Brown Trout,6,Harvest,260
1994,MANISTEE,Pier/Dock,Burbot,6,Harvest,0
1994,MANISTEE,Pier/Dock,Chinook Salmon,6,Harvest,0
1994,MANISTEE,Pier/Dock,Coho Salmon,6,Harvest,0
1994,MANISTEE,Pier/Dock,Lean Lake Trout,6,Harvest,0
1994,MANISTEE,Pier/Dock,,6,Angler Hours,2912
1994,MANISTEE,Pier/Dock,Round Whitefish,6,Harvest,0
1994,MANISTEE,Pier/Dock,Smallmouth Bass,6,Harvest,0
1994,MANISTEE,Pier/Dock,Steelhead,6,Harvest,16
1994,MANISTEE,Pier/Dock,Yellow Perch,6,Harvest,119
1994,MANISTEE,Pier/Dock,Brown Trout,7,Harvest,4
1994,MANISTEE,Pier/Dock,Burbot,7,Harvest,0
1994,MANISTEE,Pier/Dock,Chinook Salmon,7,Harvest,4
1994,MANISTEE,Pier/Dock,Coho Salmon,7,Harvest,0
1994,MANISTEE,Pier/Dock,Lean Lake Trout,7,Harvest,3
1994,MANISTEE,Pier/Dock,,7,Angler Hours,2646
1994,MANISTEE,Pier/Dock,Round Whitefish,7,Harvest,0
1994,MANISTEE,Pier/Dock,Smallmouth Bass,7,Harvest,4
1994,MANISTEE,Pier/Dock,Steelhead,7,Harvest,23
1994,MANISTEE,Pier/Dock,Yellow Perch,7,Harvest,134
1994,MANISTEE,Pier/Dock,Brown Trout,8,Harvest,15
1994,MANISTEE,Pier/Dock,Burbot,8,Harvest,0
1994,MANISTEE,Pier/Dock,Chinook Salmon,8,Harvest,10
1994,MANISTEE,Pier/Dock,Coho Salmon,8,Harvest,0
1994,MANISTEE,Pier/Dock,Lean Lake Trout,8,Harvest,0
1994,MANISTEE,Pier/Dock,,8,Angler Hours,3355
1994,MANISTEE,Pier/Dock,Round Whitefish,8,Harvest,0
1994,MANISTEE,Pier/Dock,Smallmouth Bass,8,Harvest,0
1994,MANISTEE,Pier/Dock,Steelhead,8,Harvest,0
1994,MANISTEE,Pier/Dock,Yellow Perch,8,Harvest,0
1994,MANISTEE,Pier/Dock,Brown Trout,9,Harvest,16
1994,MANISTEE,Pier/Dock,Burbot,9,Harvest,0
1994,MANISTEE,Pier/Dock,Chinook Salmon,9,Harvest,6
1994,MANISTEE,Pier/Dock,Coho Salmon,9,Harvest,7
1994,MANISTEE,Pier/Dock,Lean Lake Trout,9,Harvest,0
1994,MANISTEE,Pier/Dock,,9,Angler Hours,2808
1994,MANISTEE,Pier/Dock,Round Whitefish,9,Harvest,0
1994,MANISTEE,Pier/Dock,Smallmouth Bass,9,Harvest,0
1994,MANISTEE,Pier/Dock,Steelhead,9,Harvest,0
1994,MANISTEE,Pier/Dock,Yellow Perch,9,Harvest,0
1994,MANISTEE,Pier/Dock,Brown Trout,10,Harvest,4
1994,MANISTEE,Pier/Dock,Burbot,10,Harvest,0
1994,MANISTEE,Pier/Dock,Chinook Salmon,10,Harvest,0
1994,MANISTEE,Pier/Dock,Coho Salmon,10,Harvest,5
1994,MANISTEE,Pier/Dock,Lean Lake Trout,10,Harvest,0
1994,MANISTEE,Pier/Dock,,10,Angler Hours,3486
1994,MANISTEE,Pier/Dock,Round Whitefish,10,Harvest,57
1994,MANISTEE,Pier/Dock,Smallmouth Bass,10,Harvest,0
1994,MANISTEE,Pier/Dock,Steelhead,10,Harvest,116
1994,MANISTEE,Pier/Dock,Yellow Perch,10,Harvest,0
1995,MANISTEE,Pier/Dock,Brown Trout,4,Harvest,177
1995,MANISTEE,Pier/Dock,Chinook Salmon,4,Harvest,8
1995,MANISTEE,Pier/Dock,,4,Angler Hours,5235
1995,MANISTEE,Pier/Dock,Round Whitefish,4,Harvest,704
1995,MANISTEE,Pier/Dock,Steelhead,4,Harvest,13
1995,MANISTEE,Pier/Dock,Brown Trout,5,Harvest,135
1995,MANISTEE,Pier/Dock,Lean Lake Trout,5,Harvest,5
1995,MANISTEE,Pier/Dock,,5,Angler Hours,1810
1995,MANISTEE,Pier/Dock,Steelhead,5,Harvest,3
1995,MANISTEE,Pier/Dock,Yellow Perch,5,Harvest,36
1995,MANISTEE,Pier/Dock,Brown Trout,6,Harvest,46
1995,MANISTEE,Pier/Dock,,6,Angler Hours,2056
1995,MANISTEE,Pier/Dock,,7,Angler Hours,1514
1995,MANISTEE,Pier/Dock,Yellow Perch,7,Harvest,39
1995,MANISTEE,Pier/Dock,,8,Angler Hours,1382
1995,MANISTEE,Pier/Dock,Walleye,8,Harvest,76
1995,MANISTEE,Pier/Dock,Chinook Salmon,9,Harvest,24
1995,MANISTEE,Pier/Dock,,9,Angler Hours,1887
1995,MANISTEE,Pier/Dock,Steelhead,9,Harvest,19
1995,MANISTEE,Pier/Dock,Brown Trout,10,Harvest,7
1995,MANISTEE,Pier/Dock,Chinook Salmon,10,Harvest,6
1995,MANISTEE,Pier/Dock,,10,Angler Hours,5063
1995,MANISTEE,Pier/Dock,Round Whitefish,10,Harvest,906
1995,MANISTEE,Pier/Dock,Steelhead,10,Harvest,369
1996,MANISTEE,Pier/Dock,Brown Trout,4,Harvest,636
1996,MANISTEE,Pier/Dock,,4,Angler Hours,6101
1996,MANISTEE,Pier/Dock,Round Whitefish,4,Harvest,924
1996,MANISTEE,Pier/Dock,Steelhead,4,Harvest,17
1996,MANISTEE,Pier/Dock,Brown Trout,5,Harvest,507
1996,MANISTEE,Pier/Dock,,5,Angler Hours,3633
1996,MANISTEE,Pier/Dock,Brown Trout,6,Harvest,155
1996,MANISTEE,Pier/Dock,,6,Angler Hours,1506
1996,MANISTEE,Pier/Dock,Yellow Perch,6,Harvest,48
1996,MANISTEE,Pier/Dock,Chinook Salmon,7,Harvest,22
1996,MANISTEE,Pier/Dock,,7,Angler Hours,4319
1996,MANISTEE,Pier/Dock,Yellow Perch,7,Harvest,678
1996,MANISTEE,Pier/Dock,Chinook Salmon,8,Harvest,15
1996,MANISTEE,Pier/Dock,,8,Angler Hours,3032
1996,MANISTEE,Pier/Dock,Yellow Perch,8,Harvest,367
1996,MANISTEE,Pier/Dock,Brown Trout,9,Harvest,108
1996,MANISTEE,Pier/Dock,Chinook Salmon,9,Harvest,110
1996,MANISTEE,Pier/Dock,,9,Angler Hours,3453
1996,MANISTEE,Pier/Dock,Steelhead,9,Harvest,57
1996,MANISTEE,Pier/Dock,Brown Trout,10,Harvest,25
1996,MANISTEE,Pier/Dock,Chinook Salmon,10,Harvest,6
1996,MANISTEE,Pier/Dock,Lean Lake Trout,10,Harvest,8
1996,MANISTEE,Pier/Dock,,10,Angler Hours,4484
1996,MANISTEE,Pier/Dock,Round Whitefish,10,Harvest,1470
1996,MANISTEE,Pier/Dock,Steelhead,10,Harvest,466
1997,MANISTEE,Pier/Dock,Brown Trout,4,Catch,1172
1997,MANISTEE,Pier/Dock,Brown Trout,4,Harvest,1172
1997,MANISTEE,Pier/Dock,Chinook Salmon,4,Catch,14
1997,MANISTEE,Pier/Dock,Chinook Salmon,4,Harvest,14
1997,MANISTEE,Pier/Dock,,4,Angler Hours,11006
1997,MANISTEE,Pier/Dock,Steelhead,4,Catch,19
1997,MANISTEE,Pier/Dock,Steelhead,4,Harvest,19
1997,MANISTEE,Pier/Dock,Yellow Perch,4,Catch,9
1997,MANISTEE,Pier/Dock,Yellow Perch,4,Harvest,9
1997,MANISTEE,Pier/Dock,Brown Trout,5,Catch,439
1997,MANISTEE,Pier/Dock,Brown Trout,5,Harvest,439
1997,MANISTEE,Pier/Dock,Chinook Salmon,5,Catch,6
1997,MANISTEE,Pier/Dock,Chinook Salmon,5,Harvest,6
1997,MANISTEE,Pier/Dock,,5,Angler Hours,2840
1997,MANISTEE,Pier/Dock,Steelhead,5,Catch,13
1997,MANISTEE,Pier/Dock,Steelhead,5,Harvest,13
1997,MANISTEE,Pier/Dock,Brown Trout,6,Catch,656
1997,MANISTEE,Pier/Dock,Brown Trout,6,Harvest,656
1997,MANISTEE,Pier/Dock,,6,Angler Hours,2642
1997,MANISTEE,Pier/Dock,,7,Angler Hours,1430
1997,MANISTEE,Pier/Dock,Yellow Perch,7,Catch,194
1997,MANISTEE,Pier/Dock,Yellow Perch,7,Harvest,194
1997,MANISTEE,Pier/Dock,Chinook Salmon,8,Catch,8
1997,MANISTEE,Pier/Dock,Chinook Salmon,8,Harvest,8
1997,MANISTEE,Pier/Dock,,8,Angler Hours,4080
1997,MANISTEE,Pier/Dock,Chinook Salmon,9,Catch,50
1997,MANISTEE,Pier/Dock,Chinook Salmon,9,Harvest,50
1997,MANISTEE,Pier/Dock,Coho Salmon,9,Catch,21
1997,MANISTEE,Pier/Dock,Coho Salmon,9,Harvest,21
1997,MANISTEE,Pier/Dock,,9,Angler Hours,2888
1997,MANISTEE,Pier/Dock,Steelhead,9,Catch,45
1997,MANISTEE,Pier/Dock,Steelhead,9,Harvest,45
1997,MANISTEE,Pier/Dock,Coho Salmon,10,Catch,28
1997,MANISTEE,Pier/Dock,Coho Salmon,10,Harvest,28
1997,MANISTEE,Pier/Dock,Lake Whitefish,10,Catch,60
1997,MANISTEE,Pier/Dock,Lake Whitefish,10,Harvest,60
1997,MANISTEE,Pier/Dock,,10,Angler Hours,3970
1997,MANISTEE,Pier/Dock,Steelhead,10,Catch,174
1997,MANISTEE,Pier/Dock,Steelhead,10,Harvest,174
1998,MANISTEE,Pier/Dock,Brown Trout,4,Catch,63
1998,MANISTEE,Pier/Dock,Brown Trout,4,Harvest,63
1998,MANISTEE,Pier/Dock,,4,Angler Hours,4731
1998,MANISTEE,Pier/Dock,Steelhead,4,Catch,13
1998,MANISTEE,Pier/Dock,Steelhead,4,Harvest,13
1998,MANISTEE,Pier/Dock,Brown Trout,5,Catch,137
1998,MANISTEE,Pier/Dock,Brown Trout,5,Harvest,137
1998,MANISTEE,Pier/Dock,Lean Lake Trout,5,Catch,11
1998,MANISTEE,Pier/Dock,Lean Lake Trout,5,Harvest,11
1998,MANISTEE,Pier/Dock,,5,Angler Hours,2461
1998,MANISTEE,Pier/Dock,Steelhead,5,Catch,27
1998,MANISTEE,Pier/Dock,Steelhead,5,Harvest,27
1998,MANISTEE,Pier/Dock,Yellow Perch,5,Catch,203
1998,MANISTEE,Pier/Dock,Yellow Perch,5,Harvest,203
1998,MANISTEE,Pier/Dock,Brown Trout,6,Catch,10
1998,MANISTEE,Pier/Dock,Brown Trout,6,Harvest,10
1998,MANISTEE,Pier/Dock,,6,Angler Hours,1563
1998,MANISTEE,Pier/Dock,Steelhead,6,Catch,5
1998,MANISTEE,Pier/Dock,Steelhead,6,Harvest,5
1998,MANISTEE,Pier/Dock,Yellow Perch,6,Catch,108
1998,MANISTEE,Pier/Dock,Yellow Perch,6,Harvest,108
1998,MANISTEE,Pier/Dock,,7,Angler Hours,2238
1998,MANISTEE,Pier/Dock,Steelhead,7,Catch,281
1998,MANISTEE,Pier/Dock,Steelhead,7,Harvest,281
1998,MANISTEE,Pier/Dock,Chinook Salmon,8,Catch,103
1998,MANISTEE,Pier/Dock,Chinook Salmon,8,Harvest,103
1998,MANISTEE,Pier/Dock,,8,Angler Hours,2746
1998,MANISTEE,Pier/Dock,Chinook Salmon,9,Catch,19
1998,MANISTEE,Pier/Dock,Chinook Salmon,9,Harvest,19
1998,MANISTEE,Pier/Dock,Coho Salmon,9,Catch,4
1998,MANISTEE,Pier/Dock,Coho Salmon,9,Harvest,4
1998,MANISTEE,Pier/Dock,,9,Angler Hours,2136
1998,MANISTEE,Pier/Dock,Brown Trout,10,Catch,14
1998,MANISTEE,Pier/Dock,Brown Trout,10,Harvest,14
1998,MANISTEE,Pier/Dock,Coho Salmon,10,Catch,42
1998,MANISTEE,Pier/Dock,Coho Salmon,10,Harvest,42
1998,MANISTEE,Pier/Dock,,10,Angler Hours,5394
1998,MANISTEE,Pier/Dock,Steelhead,10,Catch,52
1998,MANISTEE,Pier/Dock,Steelhead,10,Harvest,52
1999,MANISTEE,Pier/Dock,Brown Trout,4,Catch,217
1999,MANISTEE,Pier/Dock,Brown Trout,4,Harvest,217
1999,MANISTEE,Pier/Dock,,4,Angler Hours,4300
1999,MANISTEE,Pier/Dock,Round Whitefish,4,Catch,284
1999,MANISTEE,Pier/Dock,Round Whitefish,4,Harvest,284
1999,MANISTEE,Pier/Dock,Steelhead,4,Catch,12
1999,MANISTEE,Pier/Dock,Steelhead,4,Harvest,12
1999,MANISTEE,Pier/Dock,Yellow Perch,4,Catch,8
1999,MANISTEE,Pier/Dock,Yellow Perch,4,Harvest,8
1999,MANISTEE,Pier/Dock,Brown Trout,5,Catch,62
1999,MANISTEE,Pier/Dock,Brown Trout,5,Harvest,62
1999,MANISTEE,Pier/Dock,,5,Angler Hours,2020
1999,MANISTEE,Pier/Dock,Steelhead,5,Catch,14
1999,MANISTEE,Pier/Dock,Steelhead,5,Harvest,14
1999,MANISTEE,Pier/Dock,Yellow Perch,5,Catch,2
1999,MANISTEE,Pier/Dock,Yellow Perch,5,Harvest,2
1999,MANISTEE,Pier/Dock,,6,Angler Hours,834
1999,MANISTEE,Pier/Dock,,7,Angler Hours,1573
1999,MANISTEE,Pier/Dock,Rockbass,7,Catch,511
1999,MANISTEE,Pier/Dock,Rockbass,7,Harvest,511
1999,MANISTEE,Pier/Dock,Smallmouth Bass,7,Catch,132
1999,MANISTEE,Pier/Dock,Smallmouth Bass,7,Harvest,132
1999,MANISTEE,Pier/Dock,Chinook Salmon,8,Catch,252
1999,MANISTEE,Pier/Dock,Chinook Salmon,8,Harvest,252
1999,MANISTEE,Pier/Dock,Coho Salmon,8,Catch,23
1999,MANISTEE,Pier/Dock,Coho Salmon,8,Harvest,23
1999,MANISTEE,Pier/Dock,,8,Angler Hours,2129
1999,MANISTEE,Pier/Dock,Chinook Salmon,9,Catch,137
1999,MANISTEE,Pier/Dock,Chinook Salmon,9,Harvest,137
1999,MANISTEE,Pier/Dock,Coho Salmon,9,Catch,12
1999,MANISTEE,Pier/Dock,Coho Salmon,9,Harvest,12
1999,MANISTEE,Pier/Dock,Northern Pike,9,Catch,16
1999,MANISTEE,Pier/Dock,Northern Pike,9,Harvest,16
1999,MANISTEE,Pier/Dock,,9,Angler Hours,2760
1999,MANISTEE,Pier/Dock,Steelhead,9,Catch,84
1999,MANISTEE,Pier/Dock,Steelhead,9,Harvest,84
1999,MANISTEE,Pier/Dock,Brown Trout,10,Catch,28
1999,MANISTEE,Pier/Dock,Brown Trout,10,Harvest,28
1999,MANISTEE,Pier/Dock,Chinook Salmon,10,Catch,2
1999,MANISTEE,Pier/Dock,Chinook Salmon,10,Harvest,2
1999,MANISTEE,Pier/Dock,Coho Salmon,10,Catch,5
1999,MANISTEE,Pier/Dock,Coho Salmon,10,Harvest,5
1999,MANISTEE,Pier/Dock,Lean Lake Trout,10,Catch,26
1999,MANISTEE,Pier/Dock,,10,Angler Hours,5220
1999,MANISTEE,Pier/Dock,Round Whitefish,10,Catch,476
1999,MANISTEE,Pier/Dock,Round Whitefish,10,Harvest,476
1999,MANISTEE,Pier/Dock,Smallmouth Bass,10,Catch,6
1999,MANISTEE,Pier/Dock,Smallmouth Bass,10,Harvest,6
1999,MANISTEE,Pier/Dock,Steelhead,10,Catch,631
1999,MANISTEE,Pier/Dock,Steelhead,10,Harvest,618
2000,MANISTEE,Pier/Dock,Brown Trout,4,Catch,362
2000,MANISTEE,Pier/Dock,Brown Trout,4,Harvest,351
2000,MANISTEE,Pier/Dock,Chinook Salmon,4,Catch,2
2000,MANISTEE,Pier/Dock,Northern Pike,4,Catch,5
2000,MANISTEE,Pier/Dock,Northern Pike,4,Harvest,5
2000,MANISTEE,Pier/Dock,,4,Angler Hours,3175
2000,MANISTEE,Pier/Dock,Brown Trout,5,Catch,375
2000,MANISTEE,Pier/Dock,Brown Trout,5,Harvest,316
2000,MANISTEE,Pier/Dock,,5,Angler Hours,1271
2000,MANISTEE,Pier/Dock,Brown Trout,6,Catch,23
2000,MANISTEE,Pier/Dock,Brown Trout,6,Harvest,23
2000,MANISTEE,Pier/Dock,,6,Angler Hours,892
2000,MANISTEE,Pier/Dock,Rockbass,6,Catch,428
2000,MANISTEE,Pier/Dock,Rockbass,6,Harvest,428
2000,MANISTEE,Pier/Dock,Smallmouth Bass,6,Catch,9
2000,MANISTEE,Pier/Dock,Smallmouth Bass,6,Harvest,9
2000,MANISTEE,Pier/Dock,,7,Angler Hours,1744
2000,MANISTEE,Pier/Dock,,8,Angler Hours,2057
2000,MANISTEE,Pier/Dock,Chinook Salmon,9,Catch,25
2000,MANISTEE,Pier/Dock,Chinook Salmon,9,Harvest,25
2000,MANISTEE,Pier/Dock,Coho Salmon,9,Catch,41
2000,MANISTEE,Pier/Dock,Coho Salmon,9,Harvest,41
2000,MANISTEE,Pier/Dock,,9,Angler Hours,1392
2000,MANISTEE,Pier/Dock,Pumpkinseed,9,Catch,27
2000,MANISTEE,Pier/Dock,Pumpkinseed,9,Harvest,27
2000,MANISTEE,Pier/Dock,Steelhead,9,Catch,1
2000,MANISTEE,Pier/Dock,Steelhead,9,Harvest,1
2000,MANISTEE,Pier/Dock,,10,Angler Hours,3545
2000,MANISTEE,Pier/Dock,Round Whitefish,10,Catch,652
2000,MANISTEE,Pier/Dock,Round Whitefish,10,Harvest,652
2000,MANISTEE,Pier/Dock,Steelhead,10,Catch,102
2000,MANISTEE,Pier/Dock,Steelhead,10,Harvest,102
2001,MANISTEE,Pier/Dock,Brown Trout,4,Catch,104
2001,MANISTEE,Pier/Dock,Brown Trout,4,Harvest,104
2001,MANISTEE,Pier/Dock,,4,Angler Hours,2722
2001,MANISTEE,Pier/Dock,Rockbass,4,Catch,30
2001,MANISTEE,Pier/Dock,Rockbass,4,Harvest,30
2001,MANISTEE,Pier/Dock,Round Whitefish,4,Catch,37
2001,MANISTEE,Pier/Dock,Round Whitefish,4,Harvest,37
2001,MANISTEE,Pier/Dock,Steelhead,4,Catch,26
2001,MANISTEE,Pier/Dock,Steelhead,4,Harvest,26
2001,MANISTEE,Pier/Dock,Brown Trout,5,Catch,352
2001,MANISTEE,Pier/Dock,Brown Trout,5,Harvest,329
2001,MANISTEE,Pier/Dock,,5,Angler Hours,2244
2001,MANISTEE,Pier/Dock,Rockbass,5,Catch,394
2001,MANISTEE,Pier/Dock,Rockbass,5,Harvest,394
2001,MANISTEE,Pier/Dock,Yellow Perch,5,Catch,269
2001,MANISTEE,Pier/Dock,Yellow Perch,5,Harvest,269
2001,MANISTEE,Pier/Dock,,6,Angler Hours,720
2001,MANISTEE,Pier/Dock,,7,Angler Hours,549
2001,MANISTEE,Pier/Dock,,8,Angler Hours,2153
2001,MANISTEE,Pier/Dock,Chinook Salmon,9,Catch,62
2001,MANISTEE,Pier/Dock,Chinook Salmon,9,Harvest,62
2001,MANISTEE,Pier/Dock,,9,Angler Hours,1062
2001,MANISTEE,Pier/Dock,Coho Salmon,10,Catch,17
2001,MANISTEE,Pier/Dock,Coho Salmon,10,Harvest,17
2001,MANISTEE,Pier/Dock,,10,Angler Hours,3532
2001,MANISTEE,Pier/Dock,Round Whitefish,10,Catch,200
2001,MANISTEE,Pier/Dock,Round Whitefish,10,Harvest,200
2001,MANISTEE,Pier/Dock,Steelhead,10,Catch,540
2001,MANISTEE,Pier/Dock,Steelhead,10,Harvest,478
2002,MANISTEE,Pier/Dock,Brown Trout,4,Catch,523
2002,MANISTEE,Pier/Dock,Brown Trout,4,Harvest,523
2002,MANISTEE,Pier/Dock,,4,Angler Hours,2810
2002,MANISTEE,Pier/Dock,Steelhead,4,Catch,27
2002,MANISTEE,Pier/Dock,Steelhead,4,Harvest,7
2002,MANISTEE,Pier/Dock,Brown Trout,5,Catch,268
2002,MANISTEE,Pier/Dock,Brown Trout,5,Harvest,265
2002,MANISTEE,Pier/Dock,,5,Angler Hours,1903
2002,MANISTEE,Pier/Dock,Round Whitefish,5,Catch,14
2002,MANISTEE,Pier/Dock,Round Whitefish,5,Harvest,14
2002,MANISTEE,Pier/Dock,Steelhead,5,Catch,4
2002,MANISTEE,Pier/Dock,Steelhead,5,Harvest,4
2002,MANISTEE,Pier/Dock,Walleye,5,Catch,30
2002,MANISTEE,Pier/Dock,Walleye,5,Harvest,30
2002,MANISTEE,Pier/Dock,,6,Angler Hours,180
2002,MANISTEE,Pier/Dock,Chinook Salmon,7,Catch,96
2002,MANISTEE,Pier/Dock,Chinook Salmon,7,Harvest,96
2002,MANISTEE,Pier/Dock,,7,Angler Hours,1403
2002,MANISTEE,Pier/Dock,Steelhead,7,Catch,25
2002,MANISTEE,Pier/Dock,Steelhead,7,Harvest,25
2002,MANISTEE,Pier/Dock,,8,Angler Hours,1300
2002,MANISTEE,Pier/Dock,Chinook Salmon,9,Catch,38
2002,MANISTEE,Pier/Dock,Chinook Salmon,9,Harvest,38
2002,MANISTEE,Pier/Dock,Coho Salmon,9,Catch,23
2002,MANISTEE,Pier/Dock,Coho Salmon,9,Harvest,23
2002,MANISTEE,Pier/Dock,,9,Angler Hours,1274
2002,MANISTEE,Pier/Dock,Brown Trout,10,Catch,3
2002,MANISTEE,Pier/Dock,,10,Angler Hours,2292
2002,MANISTEE,Pier/Dock,Round Whitefish,10,Catch,3
2002,MANISTEE,Pier/Dock,Round Whitefish,10,Harvest,3
2002,MANISTEE,Pier/Dock,Steelhead,10,Catch,313
2002,MANISTEE,Pier/Dock,Steelhead,10,Harvest,310
2003,MANISTEE,Pier/Dock,Brown Trout,4,Catch,90
2003,MANISTEE,Pier/Dock,Brown Trout,4,Harvest,90
2003,MANISTEE,Pier/Dock,Lean Lake Trout,4,Catch,6
2003,MANISTEE,Pier/Dock,Lean Lake Trout,4,Harvest,6
2003,MANISTEE,Pier/Dock,,4,Angler Hours,3036
2003,MANISTEE,Pier/Dock,Round Whitefish,4,Catch,542
2003,MANISTEE,Pier/Dock,Round Whitefish,4,Harvest,542
2003,MANISTEE,Pier/Dock,Brown Trout,5,Catch,168
2003,MANISTEE,Pier/Dock,Brown Trout,5,Harvest,168
2003,MANISTEE,Pier/Dock,,5,Angler Hours,1996
2003,MANISTEE,Pier/Dock,Steelhead,5,Catch,17
2003,MANISTEE,Pier/Dock,Steelhead,5,Harvest,17
2003,MANISTEE,Pier/Dock,Brown Trout,6,Catch,150
2003,MANISTEE,Pier/Dock,Brown Trout,6,Harvest,150
2003,MANISTEE,Pier/Dock,,6,Angler Hours,958
2003,MANISTEE,Pier/Dock,,7,Angler Hours,791
2003,MANISTEE,Pier/Dock,Rockbass,7,Catch,226
2003,MANISTEE,Pier/Dock,Rockbass,7,Harvest,226
2003,MANISTEE,Pier/Dock,Chinook Salmon,8,Catch,16
2003,MANISTEE,Pier/Dock,Chinook Salmon,8,Harvest,16
2003,MANISTEE,Pier/Dock,,8,Angler Hours,2002
2003,MANISTEE,Pier/Dock,Brown Trout,9,Catch,12
2003,MANISTEE,Pier/Dock,Brown Trout,9,Harvest,12
2003,MANISTEE,Pier/Dock,Chinook Salmon,9,Catch,172
2003,MANISTEE,Pier/Dock,Chinook Salmon,9,Harvest,172
2003,MANISTEE,Pier/Dock,Coho Salmon,9,Catch,11
2003,MANISTEE,Pier/Dock,Coho Salmon,9,Harvest,11
2003,MANISTEE,Pier/Dock,,9,Angler Hours,1778
2003,MANISTEE,Pier/Dock,Rockbass,9,Catch,313
2003,MANISTEE,Pier/Dock,Rockbass,9,Harvest,313
2003,MANISTEE,Pier/Dock,Chinook Salmon,10,Catch,10
2003,MANISTEE,Pier/Dock,Chinook Salmon,10,Harvest,10
2003,MANISTEE,Pier/Dock,Coho Salmon,10,Catch,10
2003,MANISTEE,Pier/Dock,Coho Salmon,10,Harvest,10
2003,MANISTEE,Pier/Dock,Northern Pike,10,Catch,11
2003,MANISTEE,Pier/Dock,Northern Pike,10,Harvest,11
2003,MANISTEE,Pier/Dock,,10,Angler Hours,4229
2003,MANISTEE,Pier/Dock,Round Whitefish,10,Catch,1663
2003,MANISTEE,Pier/Dock,Round Whitefish,10,Harvest,1663
2003,MANISTEE,Pier/Dock,Steelhead,10,Catch,164
2003,MANISTEE,Pier/Dock,Steelhead,10,Harvest,164
2004,MANISTEE,Pier/Dock,Brown Trout,4,Catch,129
2004,MANISTEE,Pier/Dock,Brown Trout,4,Harvest,129
2004,MANISTEE,Pier/Dock,Lean Lake Trout,4,Catch,14
2004,MANISTEE,Pier/Dock,,4,Angler Hours,2458
2004,MANISTEE,Pier/Dock,Round Whitefish,4,Catch,249
2004,MANISTEE,Pier/Dock,Round Whitefish,4,Harvest,249
2004,MANISTEE,Pier/Dock,Brown Trout,5,Catch,99
2004,MANISTEE,Pier/Dock,Brown Trout,5,Harvest,86
2004,MANISTEE,Pier/Dock,,5,Angler Hours,947
2004,MANISTEE,Pier/Dock,Bluegill,6,Catch,40
2004,MANISTEE,Pier/Dock,Bluegill,6,Harvest,40
2004,MANISTEE,Pier/Dock,Brown Trout,6,Catch,26
2004,MANISTEE,Pier/Dock,Brown Trout,6,Harvest,26
2004,MANISTEE,Pier/Dock,,6,Angler Hours,399
2004,MANISTEE,Pier/Dock,Smallmouth Bass,6,Catch,13
2004,MANISTEE,Pier/Dock,Bluegill,7,Catch,138
2004,MANISTEE,Pier/Dock,Bluegill,7,Harvest,138
2004,MANISTEE,Pier/Dock,Chinook Salmon,7,Catch,216
2004,MANISTEE,Pier/Dock,Chinook Salmon,7,Harvest,216
2004,MANISTEE,Pier/Dock,Coho Salmon,7,Catch,35
2004,MANISTEE,Pier/Dock,Coho Salmon,7,Harvest,35
2004,MANISTEE,Pier/Dock,,7,Angler Hours,2925
2004,MANISTEE,Pier/Dock,Rockbass,7,Catch,414
2004,MANISTEE,Pier/Dock,Rockbass,7,Harvest,414
2004,MANISTEE,Pier/Dock,Steelhead,7,Catch,21
2004,MANISTEE,Pier/Dock,Steelhead,7,Harvest,21
2004,MANISTEE,Pier/Dock,Yellow Perch,7,Catch,410
2004,MANISTEE,Pier/Dock,Yellow Perch,7,Harvest,410
2004,MANISTEE,Pier/Dock,Chinook Salmon,8,Catch,543
2004,MANISTEE,Pier/Dock,Chinook Salmon,8,Harvest,543
2004,MANISTEE,Pier/Dock,,8,Angler Hours,4287
2004,MANISTEE,Pier/Dock,Yellow Perch,8,Catch,2634
2004,MANISTEE,Pier/Dock,Yellow Perch,8,Harvest,2634
2004,MANISTEE,Pier/Dock,Chinook Salmon,9,Catch,146
2004,MANISTEE,Pier/Dock,Chinook Salmon,9,Harvest,146
2004,MANISTEE,Pier/Dock,,9,Angler Hours,2160
2004,MANISTEE,Pier/Dock,Chinook Salmon,10,Catch,24
2004,MANISTEE,Pier/Dock,Chinook Salmon,10,Harvest,24
2004,MANISTEE,Pier/Dock,,10,Angler Hours,2505
2004,MANISTEE,Pier/Dock,Round Whitefish,10,Catch,619
2004,MANISTEE,Pier/Dock,Round Whitefish,10,Harvest,619
2004,MANISTEE,Pier/Dock,Smallmouth Bass,10,Catch,28
2004,MANISTEE,Pier/Dock,Steelhead,10,Catch,62
2004,MANISTEE,Pier/Dock,Steelhead,10,Harvest,62
2005,MANISTEE,Pier/Dock,Brown Trout,4,Catch,152
2005,MANISTEE,Pier/Dock,Brown Trout,4,Harvest,138
2005,MANISTEE,Pier/Dock,Lake Whitefish,4,Catch,4
2005,MANISTEE,Pier/Dock,Lake Whitefish,4,Harvest,4
2005,MANISTEE,Pier/Dock,,4,Angler Hours,4990
2005,MANISTEE,Pier/Dock,Round Whitefish,4,Catch,178
2005,MANISTEE,Pier/Dock,Round Whitefish,4,Harvest,178
2005,MANISTEE,Pier/Dock,Steelhead,4,Catch,68
2005,MANISTEE,Pier/Dock,Steelhead,4,Harvest,40
2005,MANISTEE,Pier/Dock,Yellow Perch,4,Catch,5453
2005,MANISTEE,Pier/Dock,Yellow Perch,4,Harvest,5453
2005,MANISTEE,Pier/Dock,Brown Trout,5,Catch,18
2005,MANISTEE,Pier/Dock,Brown Trout,5,Harvest,18
2005,MANISTEE,Pier/Dock,,5,Angler Hours,940
2005,MANISTEE,Pier/Dock,Yellow Perch,5,Catch,25
2005,MANISTEE,Pier/Dock,Yellow Perch,5,Harvest,25
2005,MANISTEE,Pier/Dock,Bluegill,6,Catch,14
2005,MANISTEE,Pier/Dock,Bluegill,6,Harvest,14
2005,MANISTEE,Pier/Dock,Brown Trout,6,Catch,78
2005,MANISTEE,Pier/Dock,Brown Trout,6,Harvest,68
2005,MANISTEE,Pier/Dock,Chinook Salmon,6,Catch,7
2005,MANISTEE,Pier/Dock,Chinook Salmon,6,Harvest,7
2005,MANISTEE,Pier/Dock,Drum,6,Catch,28
2005,MANISTEE,Pier/Dock,Drum,6,Harvest,28
2005,MANISTEE,Pier/Dock,,6,Angler Hours,1818
2005,MANISTEE,Pier/Dock,Rockbass,6,Catch,191
2005,MANISTEE,Pier/Dock,Rockbass,6,Harvest,191
2005,MANISTEE,Pier/Dock,Smallmouth Bass,6,Catch,24
2005,MANISTEE,Pier/Dock,Steelhead,6,Catch,37
2005,MANISTEE,Pier/Dock,Steelhead,6,Harvest,22
2005,MANISTEE,Pier/Dock,Brown Trout,7,Catch,19
2005,MANISTEE,Pier/Dock,Brown Trout,7,Harvest,19
2005,MANISTEE,Pier/Dock,Chinook Salmon,7,Catch,79
2005,MANISTEE,Pier/Dock,Chinook Salmon,7,Harvest,79
2005,MANISTEE,Pier/Dock,Drum,7,Catch,40
2005,MANISTEE,Pier/Dock,Drum,7,Harvest,40
2005,MANISTEE,Pier/Dock,,7,Angler Hours,3070
2005,MANISTEE,Pier/Dock,Rockbass,7,Catch,404
2005,MANISTEE,Pier/Dock,Rockbass,7,Harvest,404
2005,MANISTEE,Pier/Dock,Smallmouth Bass,7,Catch,58
2005,MANISTEE,Pier/Dock,Smallmouth Bass,7,Harvest,58
2005,MANISTEE,Pier/Dock,Steelhead,7,Catch,57
2005,MANISTEE,Pier/Dock,Steelhead,7,Harvest,57
2005,MANISTEE,Pier/Dock,Chinook Salmon,8,Catch,460
2005,MANISTEE,Pier/Dock,Chinook Salmon,8,Harvest,460
2005,MANISTEE,Pier/Dock,,8,Angler Hours,2418
2005,MANISTEE,Pier/Dock,Smallmouth Bass,8,Catch,293
2005,MANISTEE,Pier/Dock,Chinook Salmon,9,Catch,141
2005,MANISTEE,Pier/Dock,Chinook Salmon,9,Harvest,133
2005,MANISTEE,Pier/Dock,Northern Pike,9,Catch,53
2005,MANISTEE,Pier/Dock,Northern Pike,9,Harvest,27
2005,MANISTEE,Pier/Dock,,9,Angler Hours,2280
2005,MANISTEE,Pier/Dock,Chinook Salmon,10,Catch,8
2005,MANISTEE,Pier/Dock,Chinook Salmon,10,Harvest,8
2005,MANISTEE,Pier/Dock,Lean Lake Trout,10,Catch,10
2005,MANISTEE,Pier/Dock,,10,Angler Hours,2520
2005,MANISTEE,Pier/Dock,Round Whitefish,10,Catch,1521
2005,MANISTEE,Pier/Dock,Round Whitefish,10,Harvest,1521
2005,MANISTEE,Pier/Dock,Steelhead,10,Catch,78
2005,MANISTEE,Pier/Dock,Steelhead,10,Harvest,78
2005,MANISTEE,Pier/Dock,Yellow Perch,10,Catch,57
2005,MANISTEE,Pier/Dock,Yellow Perch,10,Harvest,57
2006,MANISTEE,Pier/Dock,Brown Trout,4,Catch,72
2006,MANISTEE,Pier/Dock,Brown Trout,4,Harvest,62
2006,MANISTEE,Pier/Dock,Coho Salmon,4,Catch,9
2006,MANISTEE,Pier/Dock,Common White Sucker,4,Catch,7
2006,MANISTEE,Pier/Dock,Common White Sucker,4,Harvest,7
2006,MANISTEE,Pier/Dock,Lake Whitefish,4,Catch,9
2006,MANISTEE,Pier/Dock,Lake Whitefish,4,Harvest,9
2006,MANISTEE,Pier/Dock,,4,Angler Hours,4080
2006,MANISTEE,Pier/Dock,Rockbass,4,Catch,7
2006,MANISTEE,Pier/Dock,Rockbass,4,Harvest,7
2006,MANISTEE,Pier/Dock,Round Whitefish,4,Catch,104
2006,MANISTEE,Pier/Dock,Round Whitefish,4,Harvest,104
2006,MANISTEE,Pier/Dock,Steelhead,4,Catch,22
2006,MANISTEE,Pier/Dock,Steelhead,4,Harvest,22
2006,MANISTEE,Pier/Dock,Yellow Perch,4,Catch,688
2006,MANISTEE,Pier/Dock,Yellow Perch,4,Harvest,688
2006,MANISTEE,Pier/Dock,Brown Trout,5,Catch,61
2006,MANISTEE,Pier/Dock,Brown Trout,5,Harvest,61
2006,MANISTEE,Pier/Dock,Chinook Salmon,5,Catch,323
2006,MANISTEE,Pier/Dock,Chinook Salmon,5,Harvest,323
2006,MANISTEE,Pier/Dock,Lean Lake Trout,5,Catch,5
2006,MANISTEE,Pier/Dock,,5,Angler Hours,1957
2006,MANISTEE,Pier/Dock,Steelhead,5,Catch,12
2006,MANISTEE,Pier/Dock,Steelhead,5,Harvest,12
2006,MANISTEE,Pier/Dock,Chinook Salmon,6,Catch,28
2006,MANISTEE,Pier/Dock,Chinook Salmon,6,Harvest,25
2006,MANISTEE,Pier/Dock,,6,Angler Hours,568
2006,MANISTEE,Pier/Dock,,7,Angler Hours,757
2006,MANISTEE,Pier/Dock,Chinook Salmon,8,Catch,927
2006,MANISTEE,Pier/Dock,Chinook Salmon,8,Harvest,927
2006,MANISTEE,Pier/Dock,Drum,8,Catch,56
2006,MANISTEE,Pier/Dock,Drum,8,Harvest,56
2006,MANISTEE,Pier/Dock,,8,Angler Hours,3911
2006,MANISTEE,Pier/Dock,Chinook Salmon,9,Catch,77
2006,MANISTEE,Pier/Dock,Chinook Salmon,9,Harvest,77
2006,MANISTEE,Pier/Dock,,9,Angler Hours,2507
2006,MANISTEE,Pier/Dock,Steelhead,9,Catch,4
2006,MANISTEE,Pier/Dock,Steelhead,9,Harvest,4
2006,MANISTEE,Pier/Dock,Brown Trout,10,Catch,16
2006,MANISTEE,Pier/Dock,Brown Trout,10,Harvest,15
2006,MANISTEE,Pier/Dock,Chinook Salmon,10,Catch,18
2006,MANISTEE,Pier/Dock,Chinook Salmon,10,Harvest,18
2006,MANISTEE,Pier/Dock,Coho Salmon,10,Catch,13
2006,MANISTEE,Pier/Dock,Coho Salmon,10,Harvest,13
2006,MANISTEE,Pier/Dock,Lean Lake Trout,10,Catch,1
2006,MANISTEE,Pier/Dock,,10,Angler Hours,3857
2006,MANISTEE,Pier/Dock,Round Whitefish,10,Catch,1021
2006,MANISTEE,Pier/Dock,Round Whitefish,10,Harvest,1021
2006,MANISTEE,Pier/Dock,Steelhead,10,Catch,752
2006,MANISTEE,Pier/Dock,Steelhead,10,Harvest,638
2007,MANISTEE,Pier/Dock,Brown Trout,4,Catch,99
2007,MANISTEE,Pier/Dock,Brown Trout,4,Harvest,96
2007,MANISTEE,Pier/Dock,,4,Angler Hours,2678
2007,MANISTEE,Pier/Dock,Round Whitefish,4,Catch,110
2007,MANISTEE,Pier/Dock,Round Whitefish,4,Harvest,110
2007,MANISTEE,Pier/Dock,Smallmouth Bass,4,Catch,3
2007,MANISTEE,Pier/Dock,Steelhead,4,Catch,40
2007,MANISTEE,Pier/Dock,Steelhead,4,Harvest,35
2007,MANISTEE,Pier/Dock,Walleye,4,Catch,10
2007,MANISTEE,Pier/Dock,Walleye,4,Harvest,7
2007,MANISTEE,Pier/Dock,Yellow Perch,4,Catch,847
2007,MANISTEE,Pier/Dock,Yellow Perch,4,Harvest,847
2007,MANISTEE,Pier/Dock,Brown Trout,5,Catch,48
2007,MANISTEE,Pier/Dock,Brown Trout,5,Harvest,48
2007,MANISTEE,Pier/Dock,Chinook Salmon,5,Catch,40
2007,MANISTEE,Pier/Dock,Chinook Salmon,5,Harvest,40
2007,MANISTEE,Pier/Dock,,5,Angler Hours,776
2007,MANISTEE,Pier/Dock,Steelhead,5,Catch,16
2007,MANISTEE,Pier/Dock,Steelhead,5,Harvest,16
2007,MANISTEE,Pier/Dock,Brown Trout,6,Catch,74
2007,MANISTEE,Pier/Dock,Brown Trout,6,Harvest,74
2007,MANISTEE,Pier/Dock,Chinook Salmon,6,Catch,74
2007,MANISTEE,Pier/Dock,Chinook Salmon,6,Harvest,74
2007,MANISTEE,Pier/Dock,Northern Pike,6,Catch,43
2007,MANISTEE,Pier/Dock,Northern Pike,6,Harvest,43
2007,MANISTEE,Pier/Dock,,6,Angler Hours,958
2007,MANISTEE,Pier/Dock,Rockbass,6,Catch,600
2007,MANISTEE,Pier/Dock,Rockbass,6,Harvest,600
2007,MANISTEE,Pier/Dock,Smallmouth Bass,6,Catch,360
2007,MANISTEE,Pier/Dock,Smallmouth Bass,6,Harvest,60
2007,MANISTEE,Pier/Dock,Steelhead,6,Catch,25
2007,MANISTEE,Pier/Dock,Steelhead,6,Harvest,25
2007,MANISTEE,Pier/Dock,Yellow Perch,6,Catch,25
2007,MANISTEE,Pier/Dock,Yellow Perch,6,Harvest,25
2007,MANISTEE,Pier/Dock,Brown Trout,7,Catch,28
2007,MANISTEE,Pier/Dock,Brown Trout,7,Harvest,28
2007,MANISTEE,Pier/Dock,Chinook Salmon,7,Catch,84
2007,MANISTEE,Pier/Dock,Chinook Salmon,7,Harvest,84
2007,MANISTEE,Pier/Dock,,7,Angler Hours,4356
2007,MANISTEE,Pier/Dock,Rockbass,7,Catch,3718
2007,MANISTEE,Pier/Dock,Rockbass,7,Harvest,3718
2007,MANISTEE,Pier/Dock,Smallmouth Bass,7,Catch,46
2007,MANISTEE,Pier/Dock,Smallmouth Bass,7,Harvest,46
2007,MANISTEE,Pier/Dock,Yellow Perch,7,Catch,244
2007,MANISTEE,Pier/Dock,Yellow Perch,7,Harvest,244
2007,MANISTEE,Pier/Dock,Chinook Salmon,8,Catch,675
2007,MANISTEE,Pier/Dock,Chinook Salmon,8,Harvest,352
2007,MANISTEE,Pier/Dock,Coho Salmon,8,Catch,323
2007,MANISTEE,Pier/Dock,Coho Salmon,8,Harvest,147
2007,MANISTEE,Pier/Dock,,8,Angler Hours,4639
2007,MANISTEE,Pier/Dock,Chinook Salmon,9,Catch,157
2007,MANISTEE,Pier/Dock,Chinook Salmon,9,Harvest,157
2007,MANISTEE,Pier/Dock,Coho Salmon,9,Catch,55
2007,MANISTEE,Pier/Dock,Coho Salmon,9,Harvest,55
2007,MANISTEE,Pier/Dock,,9,Angler Hours,3982
2007,MANISTEE,Pier/Dock,Lean Lake Trout,10,Catch,4
2007,MANISTEE,Pier/Dock,,10,Angler Hours,1634
2007,MANISTEE,Pier/Dock,Round Whitefish,10,Catch,5
2007,MANISTEE,Pier/Dock,Round Whitefish,10,Harvest,5
2007,MANISTEE,Pier/Dock,Steelhead,10,Catch,67
2007,MANISTEE,Pier/Dock,Steelhead,10,Harvest,67
2008,MANISTEE,Pier/Dock,Brown Trout,4,Catch,210
2008,MANISTEE,Pier/Dock,Brown Trout,4,Harvest,210
2008,MANISTEE,Pier/Dock,,4,Angler Hours,4300
2008,MANISTEE,Pier/Dock,Round Whitefish,4,Catch,38
2008,MANISTEE,Pier/Dock,Round Whitefish,4,Harvest,38
2008,MANISTEE,Pier/Dock,Steelhead,4,Catch,178
2008,MANISTEE,Pier/Dock,Steelhead,4,Harvest,178
2008,MANISTEE,Pier/Dock,Yellow Perch,4,Catch,10980
2008,MANISTEE,Pier/Dock,Yellow Perch,4,Harvest,4088
2008,MANISTEE,Pier/Dock,Bluegill,5,Catch,29
2008,MANISTEE,Pier/Dock,Brown Trout,5,Catch,13
2008,MANISTEE,Pier/Dock,Brown Trout,5,Harvest,7
2008,MANISTEE,Pier/Dock,,5,Angler Hours,1146
2008,MANISTEE,Pier/Dock,Walleye,5,Catch,10
2008,MANISTEE,Pier/Dock,Yellow Perch,5,Catch,5668
2008,MANISTEE,Pier/Dock,Yellow Perch,5,Harvest,485
2008,MANISTEE,Pier/Dock,Brown Trout,6,Catch,8
2008,MANISTEE,Pier/Dock,Brown Trout,6,Harvest,8
2008,MANISTEE,Pier/Dock,Drum,6,Catch,11
2008,MANISTEE,Pier/Dock,Largemouth Bass,6,Catch,4
2008,MANISTEE,Pier/Dock,Northern Pike,6,Catch,12
2008,MANISTEE,Pier/Dock,,6,Angler Hours,567
2008,MANISTEE,Pier/Dock,Rockbass,6,Catch,75
2008,MANISTEE,Pier/Dock,Smallmouth Bass,6,Catch,45
2008,MANISTEE,Pier/Dock,Yellow Perch,6,Catch,32
2008,MANISTEE,Pier/Dock,Yellow Perch,6,Harvest,4
2008,MANISTEE,Pier/Dock,Brown Trout,7,Catch,48
2008,MANISTEE,Pier/Dock,Drum,7,Catch,20
2008,MANISTEE,Pier/Dock,Drum,7,Harvest,20
2008,MANISTEE,Pier/Dock,Largemouth Bass,7,Catch,48
2008,MANISTEE,Pier/Dock,Northern Pike,7,Catch,20
2008,MANISTEE,Pier/Dock,Northern Pike,7,Harvest,20
2008,MANISTEE,Pier/Dock,,7,Angler Hours,558
2008,MANISTEE,Pier/Dock,Rockbass,7,Catch,238
2008,MANISTEE,Pier/Dock,Smallmouth Bass,7,Catch,48
2008,MANISTEE,Pier/Dock,Yellow Perch,7,Catch,95
2008,MANISTEE,Pier/Dock,Chinook Salmon,8,Catch,989
2008,MANISTEE,Pier/Dock,Chinook Salmon,8,Harvest,896
2008,MANISTEE,Pier/Dock,Drum,8,Catch,30
2008,MANISTEE,Pier/Dock,Lean Lake Trout,8,Catch,44
2008,MANISTEE,Pier/Dock,Lean Lake Trout,8,Harvest,44
2008,MANISTEE,Pier/Dock,,8,Angler Hours,7279
2008,MANISTEE,Pier/Dock,Rockbass,8,Catch,71
2008,MANISTEE,Pier/Dock,Smallmouth Bass,8,Catch,36
2008,MANISTEE,Pier/Dock,Steelhead,8,Catch,44
2008,MANISTEE,Pier/Dock,Steelhead,8,Harvest,44
2008,MANISTEE,Pier/Dock,Chinook Salmon,9,Catch,381
2008,MANISTEE,Pier/Dock,Chinook Salmon,9,Harvest,381
2008,MANISTEE,Pier/Dock,Coho Salmon,9,Catch,16
2008,MANISTEE,Pier/Dock,Coho Salmon,9,Harvest,16
2008,MANISTEE,Pier/Dock,Drum,9,Catch,80
2008,MANISTEE,Pier/Dock,Northern Pike,9,Catch,8
2008,MANISTEE,Pier/Dock,Northern Pike,9,Harvest,8
2008,MANISTEE,Pier/Dock,,9,Angler Hours,3327
2008,MANISTEE,Pier/Dock,Brown Trout,10,Catch,12
2008,MANISTEE,Pier/Dock,Brown Trout,10,Harvest,12
2008,MANISTEE,Pier/Dock,Coho Salmon,10,Catch,9
2008,MANISTEE,Pier/Dock,Coho Salmon,10,Harvest,9
2008,MANISTEE,Pier/Dock,Drum,10,Catch,5
2008,MANISTEE,Pier/Dock,,10,Angler Hours,2398
2008,MANISTEE,Pier/Dock,Steelhead,10,Catch,378
2008,MANISTEE,Pier/Dock,Steelhead,10,Harvest,185
2009,MANISTEE,Pier/Dock,Brown Trout,4,Catch,224
2009,MANISTEE,Pier/Dock,Brown Trout,4,Harvest,224
2009,MANISTEE,Pier/Dock,Common White Sucker,4,Catch,64
2009,MANISTEE,Pier/Dock,Common White Sucker,4,Harvest,64
2009,MANISTEE,Pier/Dock,Lean Lake Trout,4,Catch,70
2009,MANISTEE,Pier/Dock,Lean Lake Trout,4,Harvest,32
2009,MANISTEE,Pier/Dock,,4,Angler Hours,6409
2009,MANISTEE,Pier/Dock,Other,4,Catch,26
2009,MANISTEE,Pier/Dock,Other,4,Harvest,16
2009,MANISTEE,Pier/Dock,Round Whitefish,4,Catch,29
2009,MANISTEE,Pier/Dock,Round Whitefish,4,Harvest,29
2009,MANISTEE,Pier/Dock,Steelhead,4,Catch,109
2009,MANISTEE,Pier/Dock,Steelhead,4,Harvest,95
2009,MANISTEE,Pier/Dock,Walleye,4,Catch,10
2009,MANISTEE,Pier/Dock,Yellow Perch,4,Catch,17250
2009,MANISTEE,Pier/Dock,Yellow Perch,4,Harvest,12326
2009,MANISTEE,Pier/Dock,Brown Trout,5,Catch,42
2009,MANISTEE,Pier/Dock,Brown Trout,5,Harvest,42
2009,MANISTEE,Pier/Dock,Channel Catfish,5,Catch,22
2009,MANISTEE,Pier/Dock,Chinook Salmon,5,Catch,59
2009,MANISTEE,Pier/Dock,Chinook Salmon,5,Harvest,59
2009,MANISTEE,Pier/Dock,Coho Salmon,5,Catch,9
2009,MANISTEE,Pier/Dock,Coho Salmon,5,Harvest,9
2009,MANISTEE,Pier/Dock,Drum,5,Catch,7
2009,MANISTEE,Pier/Dock,Drum,5,Harvest,7
2009,MANISTEE,Pier/Dock,Lean Lake Trout,5,Catch,37
2009,MANISTEE,Pier/Dock,Lean Lake Trout,5,Harvest,37
2009,MANISTEE,Pier/Dock,,5,Angler Hours,2064
2009,MANISTEE,Pier/Dock,Rockbass,5,Catch,53
2009,MANISTEE,Pier/Dock,Rockbass,5,Harvest,7
2009,MANISTEE,Pier/Dock,Steelhead,5,Catch,3
2009,MANISTEE,Pier/Dock,Steelhead,5,Harvest,3
2009,MANISTEE,Pier/Dock,Yellow Perch,5,Catch,1208
2009,MANISTEE,Pier/Dock,Yellow Perch,5,Harvest,185
2009,MANISTEE,Pier/Dock,Brown Trout,6,Catch,229
2009,MANISTEE,Pier/Dock,Brown Trout,6,Harvest,216
2009,MANISTEE,Pier/Dock,Chinook Salmon,6,Catch,13
2009,MANISTEE,Pier/Dock,Chinook Salmon,6,Harvest,13
2009,MANISTEE,Pier/Dock,Drum,6,Catch,13
2009,MANISTEE,Pier/Dock,,6,Angler Hours,912
2009,MANISTEE,Pier/Dock,Rockbass,6,Catch,22
2009,MANISTEE,Pier/Dock,Steelhead,6,Catch,5
2009,MANISTEE,Pier/Dock,Steelhead,6,Harvest,5
2009,MANISTEE,Pier/Dock,Chinook Salmon,7,Catch,91
2009,MANISTEE,Pier/Dock,Chinook Salmon,7,Harvest,50
2009,MANISTEE,Pier/Dock,Drum,7,Catch,68
2009,MANISTEE,Pier/Dock,Drum,7,Harvest,23
2009,MANISTEE,Pier/Dock,,7,Angler Hours,2352
2009,MANISTEE,Pier/Dock,Rockbass,7,Catch,234
2009,MANISTEE,Pier/Dock,Rockbass,7,Harvest,90
2009,MANISTEE,Pier/Dock,Yellow Perch,7,Catch,2641
2009,MANISTEE,Pier/Dock,Yellow Perch,7,Harvest,1231
2009,MANISTEE,Pier/Dock,Chinook Salmon,8,Catch,17
2009,MANISTEE,Pier/Dock,Chinook Salmon,8,Harvest,17
2009,MANISTEE,Pier/Dock,Coho Salmon,8,Catch,13
2009,MANISTEE,Pier/Dock,Coho Salmon,8,Harvest,13
2009,MANISTEE,Pier/Dock,,8,Angler Hours,1819
2009,MANISTEE,Pier/Dock,Rockbass,8,Catch,275
2009,MANISTEE,Pier/Dock,Smallmouth Bass,8,Catch,30
2009,MANISTEE,Pier/Dock,Yellow Perch,8,Catch,138
2009,MANISTEE,Pier/Dock,Brown Trout,9,Catch,18
2009,MANISTEE,Pier/Dock,Brown Trout,9,Harvest,18
2009,MANISTEE,Pier/Dock,Chinook Salmon,9,Catch,45
2009,MANISTEE,Pier/Dock,Chinook Salmon,9,Harvest,45
2009,MANISTEE,Pier/Dock,,9,Angler Hours,5880
2009,MANISTEE,Pier/Dock,Rockbass,9,Catch,1652
2009,MANISTEE,Pier/Dock,Smallmouth Bass,9,Catch,16
2009,MANISTEE,Pier/Dock,Steelhead,9,Catch,14
2009,MANISTEE,Pier/Dock,Steelhead,9,Harvest,14
2009,MANISTEE,Pier/Dock,Yellow Perch,9,Catch,1889
2009,MANISTEE,Pier/Dock,Yellow Perch,9,Harvest,910
2009,MANISTEE,Pier/Dock,Brown Trout,10,Catch,10
2009,MANISTEE,Pier/Dock,Brown Trout,10,Harvest,10
2009,MANISTEE,Pier/Dock,Coho Salmon,10,Catch,30
2009,MANISTEE,Pier/Dock,Coho Salmon,10,Harvest,30
2009,MANISTEE,Pier/Dock,Drum,10,Catch,12
2009,MANISTEE,Pier/Dock,Lake Whitefish,10,Catch,11
2009,MANISTEE,Pier/Dock,Lake Whitefish,10,Harvest,11
2009,MANISTEE,Pier/Dock,,10,Angler Hours,4041
2009,MANISTEE,Pier/Dock,Round Whitefish,10,Catch,252
2009,MANISTEE,Pier/Dock,Round Whitefish,10,Harvest,252
2009,MANISTEE,Pier/Dock,Steelhead,10,Catch,889
2009,MANISTEE,Pier/Dock,Steelhead,10,Harvest,797
2010,MANISTEE,Pier/Dock,Brown Trout,4,Catch,77
2010,MANISTEE,Pier/Dock,Brown Trout,4,Harvest,77
2010,MANISTEE,Pier/Dock,Common White Sucker,4,Catch,97
2010,MANISTEE,Pier/Dock,Northern Pike,4,Catch,9
2010,MANISTEE,Pier/Dock,,4,Angler Hours,4215
2010,MANISTEE,Pier/Dock,Round Whitefish,4,Catch,6
2010,MANISTEE,Pier/Dock,Round Whitefish,4,Harvest,6
2010,MANISTEE,Pier/Dock,Steelhead,4,Catch,43
2010,MANISTEE,Pier/Dock,Steelhead,4,Harvest,43
2010,MANISTEE,Pier/Dock,Yellow Perch,4,Catch,4631
2010,MANISTEE,Pier/Dock,Yellow Perch,4,Harvest,2791
2010,MANISTEE,Pier/Dock,Brown Trout,5,Catch,149
2010,MANISTEE,Pier/Dock,Brown Trout,5,Harvest,103
2010,MANISTEE,Pier/Dock,Chinook Salmon,5,Catch,154
2010,MANISTEE,Pier/Dock,,5,Angler Hours,1164
2010,MANISTEE,Pier/Dock,Steelhead,5,Catch,36
2010,MANISTEE,Pier/Dock,Steelhead,5,Harvest,17
2010,MANISTEE,Pier/Dock,Yellow Perch,5,Catch,886
2010,MANISTEE,Pier/Dock,Yellow Perch,5,Harvest,387
2010,MANISTEE,Pier/Dock,Brown Trout,6,Catch,100
2010,MANISTEE,Pier/Dock,Brown Trout,6,Harvest,87
2010,MANISTEE,Pier/Dock,Chinook Salmon,6,Catch,255
2010,MANISTEE,Pier/Dock,Chinook Salmon,6,Harvest,240
2010,MANISTEE,Pier/Dock,Drum,6,Catch,34
2010,MANISTEE,Pier/Dock,,6,Angler Hours,2301
2010,MANISTEE,Pier/Dock,Rockbass,6,Catch,50
2010,MANISTEE,Pier/Dock,Steelhead,6,Catch,59
2010,MANISTEE,Pier/Dock,Steelhead,6,Harvest,59
2010,MANISTEE,Pier/Dock,Yellow Perch,6,Catch,13
2010,MANISTEE,Pier/Dock,,7,Angler Hours,1339
2010,MANISTEE,Pier/Dock,Rockbass,7,Catch,473
2010,MANISTEE,Pier/Dock,Rockbass,7,Harvest,435
2010,MANISTEE,Pier/Dock,Chinook Salmon,8,Catch,130
2010,MANISTEE,Pier/Dock,Chinook Salmon,8,Harvest,130
2010,MANISTEE,Pier/Dock,,8,Angler Hours,1685
2010,MANISTEE,Pier/Dock,Rockbass,8,Catch,273
2010,MANISTEE,Pier/Dock,Chinook Salmon,9,Catch,172
2010,MANISTEE,Pier/Dock,Chinook Salmon,9,Harvest,153
2010,MANISTEE,Pier/Dock,Northern Pike,9,Catch,5
2010,MANISTEE,Pier/Dock,,9,Angler Hours,3104
2010,MANISTEE,Pier/Dock,Coho Salmon,10,Catch,20
2010,MANISTEE,Pier/Dock,Coho Salmon,10,Harvest,20
2010,MANISTEE,Pier/Dock,Lean Lake Trout,10,Catch,45
2010,MANISTEE,Pier/Dock,Northern Pike,10,Catch,8
2010,MANISTEE,Pier/Dock,,10,Angler Hours,3919
2010,MANISTEE,Pier/Dock,Round Whitefish,10,Catch,136
2010,MANISTEE,Pier/Dock,Round Whitefish,10,Harvest,136
2010,MANISTEE,Pier/Dock,Steelhead,10,Catch,788
2010,MANISTEE,Pier/Dock,Steelhead,10,Harvest,512
2011,MANISTEE,Pier/Dock,Brown Trout,4,Catch,223
2011,MANISTEE,Pier/Dock,Brown Trout,4,Harvest,183
2011,MANISTEE,Pier/Dock,Lean Lake Trout,4,Catch,85
2011,MANISTEE,Pier/Dock,Lean Lake Trout,4,Harvest,36
2011,MANISTEE,Pier/Dock,,4,Angler Hours,2172
2011,MANISTEE,Pier/Dock,Round Whitefish,4,Catch,6
2011,MANISTEE,Pier/Dock,Round Whitefish,4,Harvest,6
2011,MANISTEE,Pier/Dock,Smallmouth Bass,4,Catch,7
2011,MANISTEE,Pier/Dock,Steelhead,4,Catch,75
2011,MANISTEE,Pier/Dock,Steelhead,4,Harvest,62
2011,MANISTEE,Pier/Dock,Walleye,4,Catch,2
2011,MANISTEE,Pier/Dock,Walleye,4,Harvest,2
2011,MANISTEE,Pier/Dock,Yellow Perch,4,Catch,307
2011,MANISTEE,Pier/Dock,Yellow Perch,4,Harvest,266
2011,MANISTEE,Pier/Dock,Brown Trout,5,Catch,39
2011,MANISTEE,Pier/Dock,Brown Trout,5,Harvest,39
2011,MANISTEE,Pier/Dock,Common White Sucker,5,Catch,71
2011,MANISTEE,Pier/Dock,Common White Sucker,5,Harvest,12
2011,MANISTEE,Pier/Dock,Drum,5,Catch,38
2011,MANISTEE,Pier/Dock,Largemouth Bass,5,Catch,12
2011,MANISTEE,Pier/Dock,Largemouth Bass,5,Harvest,12
2011,MANISTEE,Pier/Dock,Lean Lake Trout,5,Catch,19
2011,MANISTEE,Pier/Dock,Lean Lake Trout,5,Harvest,19
2011,MANISTEE,Pier/Dock,,5,Angler Hours,744
2011,MANISTEE,Pier/Dock,Smallmouth Bass,5,Catch,24
2011,MANISTEE,Pier/Dock,Smallmouth Bass,5,Harvest,24
2011,MANISTEE,Pier/Dock,Brown Trout,6,Catch,13
2011,MANISTEE,Pier/Dock,Brown Trout,6,Harvest,13
2011,MANISTEE,Pier/Dock,Chinook Salmon,6,Catch,60
2011,MANISTEE,Pier/Dock,Chinook Salmon,6,Harvest,49
2011,MANISTEE,Pier/Dock,Drum,6,Catch,2
2011,MANISTEE,Pier/Dock,Lean Lake Trout,6,Catch,21
2011,MANISTEE,Pier/Dock,Lean Lake Trout,6,Harvest,21
2011,MANISTEE,Pier/Dock,,6,Angler Hours,1504
2011,MANISTEE,Pier/Dock,Rockbass,6,Catch,111
2011,MANISTEE,Pier/Dock,Rockbass,6,Harvest,61
2011,MANISTEE,Pier/Dock,Yellow Perch,6,Catch,215
2011,MANISTEE,Pier/Dock,Yellow Perch,6,Harvest,58
2011,MANISTEE,Pier/Dock,,7,Angler Hours,1233
2011,MANISTEE,Pier/Dock,Rockbass,7,Catch,1069
2011,MANISTEE,Pier/Dock,Yellow Perch,7,Catch,63
2011,MANISTEE,Pier/Dock,Yellow Perch,7,Harvest,8
2011,MANISTEE,Pier/Dock,Chinook Salmon,8,Catch,399
2011,MANISTEE,Pier/Dock,Chinook Salmon,8,Harvest,399
2011,MANISTEE,Pier/Dock,Drum,8,Catch,20
2011,MANISTEE,Pier/Dock,Drum,8,Harvest,7
2011,MANISTEE,Pier/Dock,Largemouth Bass,8,Catch,13
2011,MANISTEE,Pier/Dock,Largemouth Bass,8,Harvest,13
2011,MANISTEE,Pier/Dock,,8,Angler Hours,4573
2011,MANISTEE,Pier/Dock,Rockbass,8,Catch,70
2011,MANISTEE,Pier/Dock,Rockbass,8,Harvest,13
2011,MANISTEE,Pier/Dock,Smallmouth Bass,8,Catch,26
2011,MANISTEE,Pier/Dock,Smallmouth Bass,8,Harvest,13
2011,MANISTEE,Pier/Dock,Yellow Perch,8,Catch,1013
2011,MANISTEE,Pier/Dock,Yellow Perch,8,Harvest,724
2011,MANISTEE,Pier/Dock,Brown Trout,9,Catch,21
2011,MANISTEE,Pier/Dock,Brown Trout,9,Harvest,21
2011,MANISTEE,Pier/Dock,Chinook Salmon,9,Catch,129
2011,MANISTEE,Pier/Dock,Chinook Salmon,9,Harvest,120
2011,MANISTEE,Pier/Dock,Coho Salmon,9,Catch,4
2011,MANISTEE,Pier/Dock,Coho Salmon,9,Harvest,4
2011,MANISTEE,Pier/Dock,Drum,9,Catch,19
2011,MANISTEE,Pier/Dock,Northern Pike,9,Catch,21
2011,MANISTEE,Pier/Dock,Northern Pike,9,Harvest,21
2011,MANISTEE,Pier/Dock,,9,Angler Hours,4578
2011,MANISTEE,Pier/Dock,Steelhead,9,Catch,21
2011,MANISTEE,Pier/Dock,Steelhead,9,Harvest,21
2011,MANISTEE,Pier/Dock,Coho Salmon,10,Catch,20
2011,MANISTEE,Pier/Dock,Coho Salmon,10,Harvest,20
2011,MANISTEE,Pier/Dock,,10,Angler Hours,2287
2011,MANISTEE,Pier/Dock,Rockbass,10,Catch,18
2011,MANISTEE,Pier/Dock,Round Whitefish,10,Catch,171
2011,MANISTEE,Pier/Dock,Round Whitefish,10,Harvest,159
2011,MANISTEE,Pier/Dock,Smallmouth Bass,10,Catch,13
2011,MANISTEE,Pier/Dock,Steelhead,10,Catch,220
2011,MANISTEE,Pier/Dock,Steelhead,10,Harvest,205
2012,MANISTEE,Pier/Dock,Atlantic Salmon,4,Catch,0
2012,MANISTEE,Pier/Dock,Atlantic Salmon,4,Harvest,0
2012,MANISTEE,Pier/Dock,Black Crappie,4,Catch,0
2012,MANISTEE,Pier/Dock,Black Crappie,4,Harvest,0
2012,MANISTEE,Pier/Dock,Bluegill,4,Catch,0
2012,MANISTEE,Pier/Dock,Bluegill,4,Harvest,0
2012,MANISTEE,Pier/Dock,Brook Trout,4,Catch,0
2012,MANISTEE,Pier/Dock,Brook Trout,4,Harvest,0
2012,MANISTEE,Pier/Dock,Brown Trout,4,Catch,4
2012,MANISTEE,Pier/Dock,Brown Trout,4,Harvest,4
2012,MANISTEE,Pier/Dock,Carp,4,Catch,0
2012,MANISTEE,Pier/Dock,Carp,4,Harvest,0
2012,MANISTEE,Pier/Dock,Channel Catfish,4,Catch,0
2012,MANISTEE,Pier/Dock,Channel Catfish,4,Harvest,0
2012,MANISTEE,Pier/Dock,Chinook Salmon,4,Catch,0
2012,MANISTEE,Pier/Dock,Chinook Salmon,4,Harvest,0
2012,MANISTEE,Pier/Dock,Coho Salmon,4,Catch,0
2012,MANISTEE,Pier/Dock,Coho Salmon,4,Harvest,0
2012,MANISTEE,Pier/Dock,Common White Sucker,4,Catch,0
2012,MANISTEE,Pier/Dock,Common White Sucker,4,Harvest,0
2012,MANISTEE,Pier/Dock,Drum,4,Catch,0
2012,MANISTEE,Pier/Dock,Drum,4,Harvest,0
2012,MANISTEE,Pier/Dock,Fat Lake Trout,4,Catch,0
2012,MANISTEE,Pier/Dock,Fat Lake Trout,4,Harvest,0
2012,MANISTEE,Pier/Dock,Lake Herring,4,Catch,0
2012,MANISTEE,Pier/Dock,Lake Herring,4,Harvest,0
2012,MANISTEE,Pier/Dock,Lake Whitefish,4,Catch,0
2012,MANISTEE,Pier/Dock,Lake Whitefish,4,Harvest,0
2012,MANISTEE,Pier/Dock,Largemouth Bass,4,Catch,0
2012,MANISTEE,Pier/Dock,Largemouth Bass,4,Harvest,0
2012,MANISTEE,Pier/Dock,Lean Lake Trout,4,Catch,0
2012,MANISTEE,Pier/Dock,Lean Lake Trout,4,Harvest,0
2012,MANISTEE,Pier/Dock,Musky,4,Catch,0
2012,MANISTEE,Pier/Dock,Musky,4,Harvest,0
2012,MANISTEE,Pier/Dock,Northern Pike,4,Catch,0
2012,MANISTEE,Pier/Dock,Northern Pike,4,Harvest,0
2012,MANISTEE,Pier/Dock,,4,Angler Hours,526
2012,MANISTEE,Pier/Dock,Other,4,Catch,0
2012,MANISTEE,Pier/Dock,Other,4,Harvest,0
2012,MANISTEE,Pier/Dock,Pink Salmon,4,Catch,0
2012,MANISTEE,Pier/Dock,Pink Salmon,4,Harvest,0
2012,MANISTEE,Pier/Dock,Pumpkinseed,4,Catch,0
2012,MANISTEE,Pier/Dock,Pumpkinseed,4,Harvest,0
2012,MANISTEE,Pier/Dock,Rockbass,4,Catch,7
2012,MANISTEE,Pier/Dock,Rockbass,4,Harvest,7
2012,MANISTEE,Pier/Dock,Round Whitefish,4,Catch,0
2012,MANISTEE,Pier/Dock,Round Whitefish,4,Harvest,0
2012,MANISTEE,Pier/Dock,Smallmouth Bass,4,Catch,8
2012,MANISTEE,Pier/Dock,Smallmouth Bass,4,Harvest,0
2012,MANISTEE,Pier/Dock,Splake,4,Catch,0
2012,MANISTEE,Pier/Dock,Splake,4,Harvest,0
2012,MANISTEE,Pier/Dock,Steelhead,4,Catch,0
2012,MANISTEE,Pier/Dock,Steelhead,4,Harvest,0
2012,MANISTEE,Pier/Dock,Walleye,4,Catch,0
2012,MANISTEE,Pier/Dock,Walleye,4,Harvest,0
2012,MANISTEE,Pier/Dock,White Bass,4,Catch,0
2012,MANISTEE,Pier/Dock,White Bass,4,Harvest,0
2012,MANISTEE,Pier/Dock,White Perch,4,Catch,0
2012,MANISTEE,Pier/Dock,White Perch,4,Harvest,0
2012,MANISTEE,Pier/Dock,Yellow Perch,4,Catch,2086
2012,MANISTEE,Pier/Dock,Yellow Perch,4,Harvest,913
2012,MANISTEE,Pier/Dock,Atlantic Salmon,5,Catch,0
2012,MANISTEE,Pier/Dock,Atlantic Salmon,5,Harvest,0
2012,MANISTEE,Pier/Dock,Black Crappie,5,Catch,0
2012,MANISTEE,Pier/Dock,Black Crappie,5,Harvest,0
2012,MANISTEE,Pier/Dock,Bluegill,5,Catch,0
2012,MANISTEE,Pier/Dock,Bluegill,5,Harvest,0
2012,MANISTEE,Pier/Dock,Brook Trout,5,Catch,0
2012,MANISTEE,Pier/Dock,Brook Trout,5,Harvest,0
2012,MANISTEE,Pier/Dock,Brown Trout,5,Catch,127
2012,MANISTEE,Pier/Dock,Brown Trout,5,Harvest,122
2012,MANISTEE,Pier/Dock,Carp,5,Catch,0
2012,MANISTEE,Pier/Dock,Carp,5,Harvest,0
2012,MANISTEE,Pier/Dock,Channel Catfish,5,Catch,0
2012,MANISTEE,Pier/Dock,Channel Catfish,5,Harvest,0
2012,MANISTEE,Pier/Dock,Chinook Salmon,5,Catch,0
2012,MANISTEE,Pier/Dock,Chinook Salmon,5,Harvest,0
2012,MANISTEE,Pier/Dock,Coho Salmon,5,Catch,0
2012,MANISTEE,Pier/Dock,Coho Salmon,5,Harvest,0
2012,MANISTEE,Pier/Dock,Common White Sucker,5,Catch,0
2012,MANISTEE,Pier/Dock,Common White Sucker,5,Harvest,0
2012,MANISTEE,Pier/Dock,Drum,5,Catch,20
2012,MANISTEE,Pier/Dock,Drum,5,Harvest,0
2012,MANISTEE,Pier/Dock,Fat Lake Trout,5,Catch,0
2012,MANISTEE,Pier/Dock,Fat Lake Trout,5,Harvest,0
2012,MANISTEE,Pier/Dock,Lake Herring,5,Catch,0
2012,MANISTEE,Pier/Dock,Lake Herring,5,Harvest,0
2012,MANISTEE,Pier/Dock,Lake Whitefish,5,Catch,0
2012,MANISTEE,Pier/Dock,Lake Whitefish,5,Harvest,0
2012,MANISTEE,Pier/Dock,Largemouth Bass,5,Catch,15
2012,MANISTEE,Pier/Dock,Largemouth Bass,5,Harvest,0
2012,MANISTEE,Pier/Dock,Lean Lake Trout,5,Catch,0
2012,MANISTEE,Pier/Dock,Lean Lake Trout,5,Harvest,0
2012,MANISTEE,Pier/Dock,Musky,5,Catch,0
2012,MANISTEE,Pier/Dock,Musky,5,Harvest,0
2012,MANISTEE,Pier/Dock,Northern Pike,5,Catch,0
2012,MANISTEE,Pier/Dock,Northern Pike,5,Harvest,0
2012,MANISTEE,Pier/Dock,,5,Angler Hours,798
2012,MANISTEE,Pier/Dock,Other,5,Catch,0
2012,MANISTEE,Pier/Dock,Other,5,Harvest,0
2012,MANISTEE,Pier/Dock,Pink Salmon,5,Catch,0
2012,MANISTEE,Pier/Dock,Pink Salmon,5,Harvest,0
2012,MANISTEE,Pier/Dock,Pumpkinseed,5,Catch,0
2012,MANISTEE,Pier/Dock,Pumpkinseed,5,Harvest,0
2012,MANISTEE,Pier/Dock,Rockbass,5,Catch,12
2012,MANISTEE,Pier/Dock,Rockbass,5,Harvest,0
2012,MANISTEE,Pier/Dock,Round Whitefish,5,Catch,0
2012,MANISTEE,Pier/Dock,Round Whitefish,5,Harvest,0
2012,MANISTEE,Pier/Dock,Smallmouth Bass,5,Catch,2
2012,MANISTEE,Pier/Dock,Smallmouth Bass,5,Harvest,0
2012,MANISTEE,Pier/Dock,Splake,5,Catch,0
2012,MANISTEE,Pier/Dock,Splake,5,Harvest,0
2012,MANISTEE,Pier/Dock,Steelhead,5,Catch,14
2012,MANISTEE,Pier/Dock,Steelhead,5,Harvest,14
2012,MANISTEE,Pier/Dock,Walleye,5,Catch,0
2012,MANISTEE,Pier/Dock,Walleye,5,Harvest,0
2012,MANISTEE,Pier/Dock,White Bass,5,Catch,0
2012,MANISTEE,Pier/Dock,White Bass,5,Harvest,0
2012,MANISTEE,Pier/Dock,White Perch,5,Catch,0
2012,MANISTEE,Pier/Dock,White Perch,5,Harvest,0
2012,MANISTEE,Pier/Dock,Yellow Perch,5,Catch,15
2012,MANISTEE,Pier/Dock,Yellow Perch,5,Harvest,0
2012,MANISTEE,Pier/Dock,Atlantic Salmon,6,Catch,0
2012,MANISTEE,Pier/Dock,Atlantic Salmon,6,Harvest,0
2012,MANISTEE,Pier/Dock,Black Crappie,6,Catch,0
2012,MANISTEE,Pier/Dock,Black Crappie,6,Harvest,0
2012,MANISTEE,Pier/Dock,Bluegill,6,Catch,0
2012,MANISTEE,Pier/Dock,Bluegill,6,Harvest,0
2012,MANISTEE,Pier/Dock,Brook Trout,6,Catch,0
2012,MANISTEE,Pier/Dock,Brook Trout,6,Harvest,0
2012,MANISTEE,Pier/Dock,Brown Trout,6,Catch,403
2012,MANISTEE,Pier/Dock,Brown Trout,6,Harvest,283
2012,MANISTEE,Pier/Dock,Carp,6,Catch,0
2012,MANISTEE,Pier/Dock,Carp,6,Harvest,0
2012,MANISTEE,Pier/Dock,Channel Catfish,6,Catch,0
2012,MANISTEE,Pier/Dock,Channel Catfish,6,Harvest,0
2012,MANISTEE,Pier/Dock,Chinook Salmon,6,Catch,0
2012,MANISTEE,Pier/Dock,Chinook Salmon,6,Harvest,0
2012,MANISTEE,Pier/Dock,Coho Salmon,6,Catch,0
2012,MANISTEE,Pier/Dock,Coho Salmon,6,Harvest,0
2012,MANISTEE,Pier/Dock,Common White Sucker,6,Catch,0
2012,MANISTEE,Pier/Dock,Common White Sucker,6,Harvest,0
2012,MANISTEE,Pier/Dock,Drum,6,Catch,31
2012,MANISTEE,Pier/Dock,Drum,6,Harvest,0
2012,MANISTEE,Pier/Dock,Fat Lake Trout,6,Catch,0
2012,MANISTEE,Pier/Dock,Fat Lake Trout,6,Harvest,0
2012,MANISTEE,Pier/Dock,Lake Herring,6,Catch,0
2012,MANISTEE,Pier/Dock,Lake Herring,6,Harvest,0
2012,MANISTEE,Pier/Dock,Lake Whitefish,6,Catch,0
2012,MANISTEE,Pier/Dock,Lake Whitefish,6,Harvest,0
2012,MANISTEE,Pier/Dock,Largemouth Bass,6,Catch,0
2012,MANISTEE,Pier/Dock,Largemouth Bass,6,Harvest,0
2012,MANISTEE,Pier/Dock,Lean Lake Trout,6,Catch,0
2012,MANISTEE,Pier/Dock,Lean Lake Trout,6,Harvest,0
2012,MANISTEE,Pier/Dock,Musky,6,Catch,0
2012,MANISTEE,Pier/Dock,Musky,6,Harvest,0
2012,MANISTEE,Pier/Dock,Northern Pike,6,Catch,0
2012,MANISTEE,Pier/Dock,Northern Pike,6,Harvest,0
2012,MANISTEE,Pier/Dock,,6,Angler Hours,1904
2012,MANISTEE,Pier/Dock,Other,6,Catch,0
2012,MANISTEE,Pier/Dock,Other,6,Harvest,0
2012,MANISTEE,Pier/Dock,Pink Salmon,6,Catch,0
2012,MANISTEE,Pier/Dock,Pink Salmon,6,Harvest,0
2012,MANISTEE,Pier/Dock,Pumpkinseed,6,Catch,0
2012,MANISTEE,Pier/Dock,Pumpkinseed,6,Harvest,0
2012,MANISTEE,Pier/Dock,Rockbass,6,Catch,103
2012,MANISTEE,Pier/Dock,Rockbass,6,Harvest,0
2012,MANISTEE,Pier/Dock,Round Whitefish,6,Catch,0
2012,MANISTEE,Pier/Dock,Round Whitefish,6,Harvest,0
2012,MANISTEE,Pier/Dock,Smallmouth Bass,6,Catch,49
2012,MANISTEE,Pier/Dock,Smallmouth Bass,6,Harvest,0
2012,MANISTEE,Pier/Dock,Splake,6,Catch,0
2012,MANISTEE,Pier/Dock,Splake,6,Harvest,0
2012,MANISTEE,Pier/Dock,Steelhead,6,Catch,81
2012,MANISTEE,Pier/Dock,Steelhead,6,Harvest,81
2012,MANISTEE,Pier/Dock,Walleye,6,Catch,0
2012,MANISTEE,Pier/Dock,Walleye,6,Harvest,0
2012,MANISTEE,Pier/Dock,White Bass,6,Catch,0
2012,MANISTEE,Pier/Dock,White Bass,6,Harvest,0
2012,MANISTEE,Pier/Dock,White Perch,6,Catch,0
2012,MANISTEE,Pier/Dock,White Perch,6,Harvest,0
2012,MANISTEE,Pier/Dock,Yellow Perch,6,Catch,0
2012,MANISTEE,Pier/Dock,Yellow Perch,6,Harvest,0
2012,MANISTEE,Pier/Dock,Atlantic Salmon,7,Catch,0
2012,MANISTEE,Pier/Dock,Atlantic Salmon,7,Harvest,0
2012,MANISTEE,Pier/Dock,Black Crappie,7,Catch,0
2012,MANISTEE,Pier/Dock,Black Crappie,7,Harvest,0
2012,MANISTEE,Pier/Dock,Bluegill,7,Catch,0
2012,MANISTEE,Pier/Dock,Bluegill,7,Harvest,0
2012,MANISTEE,Pier/Dock,Brook Trout,7,Catch,0
2012,MANISTEE,Pier/Dock,Brook Trout,7,Harvest,0
2012,MANISTEE,Pier/Dock,Brown Trout,7,Catch,0
2012,MANISTEE,Pier/Dock,Brown Trout,7,Harvest,0
2012,MANISTEE,Pier/Dock,Carp,7,Catch,0
2012,MANISTEE,Pier/Dock,Carp,7,Harvest,0
2012,MANISTEE,Pier/Dock,Channel Catfish,7,Catch,0
2012,MANISTEE,Pier/Dock,Channel Catfish,7,Harvest,0
2012,MANISTEE,Pier/Dock,Chinook Salmon,7,Catch,99
2012,MANISTEE,Pier/Dock,Chinook Salmon,7,Harvest,99
2012,MANISTEE,Pier/Dock,Coho Salmon,7,Catch,0
2012,MANISTEE,Pier/Dock,Coho Salmon,7,Harvest,0
2012,MANISTEE,Pier/Dock,Common White Sucker,7,Catch,0
2012,MANISTEE,Pier/Dock,Common White Sucker,7,Harvest,0
2012,MANISTEE,Pier/Dock,Drum,7,Catch,0
2012,MANISTEE,Pier/Dock,Drum,7,Harvest,0
2012,MANISTEE,Pier/Dock,Fat Lake Trout,7,Catch,0
2012,MANISTEE,Pier/Dock,Fat Lake Trout,7,Harvest,0
2012,MANISTEE,Pier/Dock,Lake Herring,7,Catch,0
2012,MANISTEE,Pier/Dock,Lake Herring,7,Harvest,0
2012,MANISTEE,Pier/Dock,Lake Whitefish,7,Catch,0
2012,MANISTEE,Pier/Dock,Lake Whitefish,7,Harvest,0
2012,MANISTEE,Pier/Dock,Largemouth Bass,7,Catch,37
2012,MANISTEE,Pier/Dock,Largemouth Bass,7,Harvest,0
2012,MANISTEE,Pier/Dock,Lean Lake Trout,7,Catch,0
2012,MANISTEE,Pier/Dock,Lean Lake Trout,7,Harvest,0
2012,MANISTEE,Pier/Dock,Musky,7,Catch,0
2012,MANISTEE,Pier/Dock,Musky,7,Harvest,0
2012,MANISTEE,Pier/Dock,Northern Pike,7,Catch,0
2012,MANISTEE,Pier/Dock,Northern Pike,7,Harvest,0
2012,MANISTEE,Pier/Dock,,7,Angler Hours,2385
2012,MANISTEE,Pier/Dock,Other,7,Catch,0
2012,MANISTEE,Pier/Dock,Other,7,Harvest,0
2012,MANISTEE,Pier/Dock,Pink Salmon,7,Catch,0
2012,MANISTEE,Pier/Dock,Pink Salmon,7,Harvest,0
2012,MANISTEE,Pier/Dock,Pumpkinseed,7,Catch,0
2012,MANISTEE,Pier/Dock,Pumpkinseed,7,Harvest,0
2012,MANISTEE,Pier/Dock,Rockbass,7,Catch,0
2012,MANISTEE,Pier/Dock,Rockbass,7,Harvest,0
2012,MANISTEE,Pier/Dock,Round Whitefish,7,Catch,0
2012,MANISTEE,Pier/Dock,Round Whitefish,7,Harvest,0
2012,MANISTEE,Pier/Dock,Smallmouth Bass,7,Catch,97
2012,MANISTEE,Pier/Dock,Smallmouth Bass,7,Harvest,0
2012,MANISTEE,Pier/Dock,Splake,7,Catch,0
2012,MANISTEE,Pier/Dock,Splake,7,Harvest,0
2012,MANISTEE,Pier/Dock,Steelhead,7,Catch,99
2012,MANISTEE,Pier/Dock,Steelhead,7,Harvest,99
2012,MANISTEE,Pier/Dock,Walleye,7,Catch,0
2012,MANISTEE,Pier/Dock,Walleye,7,Harvest,0
2012,MANISTEE,Pier/Dock,White Bass,7,Catch,0
2012,MANISTEE,Pier/Dock,White Bass,7,Harvest,0
2012,MANISTEE,Pier/Dock,White Perch,7,Catch,0
2012,MANISTEE,Pier/Dock,White Perch,7,Harvest,0
2012,MANISTEE,Pier/Dock,Yellow Perch,7,Catch,571
2012,MANISTEE,Pier/Dock,Yellow Perch,7,Harvest,369
2012,MANISTEE,Pier/Dock,Atlantic Salmon,8,Catch,0
2012,MANISTEE,Pier/Dock,Atlantic Salmon,8,Harvest,0
2012,MANISTEE,Pier/Dock,Black Crappie,8,Catch,0
2012,MANISTEE,Pier/Dock,Black Crappie,8,Harvest,0
2012,MANISTEE,Pier/Dock,Bluegill,8,Catch,0
2012,MANISTEE,Pier/Dock,Bluegill,8,Harvest,0
2012,MANISTEE,Pier/Dock,Brook Trout,8,Catch,0
2012,MANISTEE,Pier/Dock,Brook Trout,8,Harvest,0
2012,MANISTEE,Pier/Dock,Brown Trout,8,Catch,0
2012,MANISTEE,Pier/Dock,Brown Trout,8,Harvest,0
2012,MANISTEE,Pier/Dock,Carp,8,Catch,0
2012,MANISTEE,Pier/Dock,Carp,8,Harvest,0
2012,MANISTEE,Pier/Dock,Channel Catfish,8,Catch,0
2012,MANISTEE,Pier/Dock,Channel Catfish,8,Harvest,0
2012,MANISTEE,Pier/Dock,Chinook Salmon,8,Catch,151
2012,MANISTEE,Pier/Dock,Chinook Salmon,8,Harvest,151
2012,MANISTEE,Pier/Dock,Coho Salmon,8,Catch,0
2012,MANISTEE,Pier/Dock,Coho Salmon,8,Harvest,0
2012,MANISTEE,Pier/Dock,Common White Sucker,8,Catch,0
2012,MANISTEE,Pier/Dock,Common White Sucker,8,Harvest,0
2012,MANISTEE,Pier/Dock,Drum,8,Catch,26
2012,MANISTEE,Pier/Dock,Drum,8,Harvest,0
2012,MANISTEE,Pier/Dock,Fat Lake Trout,8,Catch,0
2012,MANISTEE,Pier/Dock,Fat Lake Trout,8,Harvest,0
2012,MANISTEE,Pier/Dock,Lake Herring,8,Catch,0
2012,MANISTEE,Pier/Dock,Lake Herring,8,Harvest,0
2012,MANISTEE,Pier/Dock,Lake Whitefish,8,Catch,0
2012,MANISTEE,Pier/Dock,Lake Whitefish,8,Harvest,0
2012,MANISTEE,Pier/Dock,Largemouth Bass,8,Catch,0
2012,MANISTEE,Pier/Dock,Largemouth Bass,8,Harvest,0
2012,MANISTEE,Pier/Dock,Lean Lake Trout,8,Catch,0
2012,MANISTEE,Pier/Dock,Lean Lake Trout,8,Harvest,0
2012,MANISTEE,Pier/Dock,Musky,8,Catch,0
2012,MANISTEE,Pier/Dock,Musky,8,Harvest,0
2012,MANISTEE,Pier/Dock,Northern Pike,8,Catch,0
2012,MANISTEE,Pier/Dock,Northern Pike,8,Harvest,0
2012,MANISTEE,Pier/Dock,,8,Angler Hours,3996
2012,MANISTEE,Pier/Dock,Other,8,Catch,0
2012,MANISTEE,Pier/Dock,Other,8,Harvest,0
2012,MANISTEE,Pier/Dock,Pink Salmon,8,Catch,0
2012,MANISTEE,Pier/Dock,Pink Salmon,8,Harvest,0
2012,MANISTEE,Pier/Dock,Pumpkinseed,8,Catch,0
2012,MANISTEE,Pier/Dock,Pumpkinseed,8,Harvest,0
2012,MANISTEE,Pier/Dock,Rockbass,8,Catch,40
2012,MANISTEE,Pier/Dock,Rockbass,8,Harvest,0
2012,MANISTEE,Pier/Dock,Round Whitefish,8,Catch,0
2012,MANISTEE,Pier/Dock,Round Whitefish,8,Harvest,0
2012,MANISTEE,Pier/Dock,Smallmouth Bass,8,Catch,0
2012,MANISTEE,Pier/Dock,Smallmouth Bass,8,Harvest,0
2012,MANISTEE,Pier/Dock,Splake,8,Catch,0
2012,MANISTEE,Pier/Dock,Splake,8,Harvest,0
2012,MANISTEE,Pier/Dock,Steelhead,8,Catch,0
2012,MANISTEE,Pier/Dock,Steelhead,8,Harvest,0
2012,MANISTEE,Pier/Dock,Walleye,8,Catch,0
2012,MANISTEE,Pier/Dock,Walleye,8,Harvest,0
2012,MANISTEE,Pier/Dock,White Bass,8,Catch,0
2012,MANISTEE,Pier/Dock,White Bass,8,Harvest,0
2012,MANISTEE,Pier/Dock,White Perch,8,Catch,0
2012,MANISTEE,Pier/Dock,White Perch,8,Harvest,0
2012,MANISTEE,Pier/Dock,Yellow Perch,8,Catch,0
2012,MANISTEE,Pier/Dock,Yellow Perch,8,Harvest,0
2012,MANISTEE,Pier/Dock,Atlantic Salmon,9,Catch,0
2012,MANISTEE,Pier/Dock,Atlantic Salmon,9,Harvest,0
2012,MANISTEE,Pier/Dock,Black Crappie,9,Catch,0
2012,MANISTEE,Pier/Dock,Black Crappie,9,Harvest,0
2012,MANISTEE,Pier/Dock,Bluegill,9,Catch,0
2012,MANISTEE,Pier/Dock,Bluegill,9,Harvest,0
2012,MANISTEE,Pier/Dock,Brook Trout,9,Catch,0
2012,MANISTEE,Pier/Dock,Brook Trout,9,Harvest,0
2012,MANISTEE,Pier/Dock,Brown Trout,9,Catch,0
2012,MANISTEE,Pier/Dock,Brown Trout,9,Harvest,0
2012,MANISTEE,Pier/Dock,Carp,9,Catch,0
2012,MANISTEE,Pier/Dock,Carp,9,Harvest,0
2012,MANISTEE,Pier/Dock,Channel Catfish,9,Catch,0
2012,MANISTEE,Pier/Dock,Channel Catfish,9,Harvest,0
2012,MANISTEE,Pier/Dock,Chinook Salmon,9,Catch,246
2012,MANISTEE,Pier/Dock,Chinook Salmon,9,Harvest,226
2012,MANISTEE,Pier/Dock,Coho Salmon,9,Catch,55
2012,MANISTEE,Pier/Dock,Coho Salmon,9,Harvest,55
2012,MANISTEE,Pier/Dock,Common White Sucker,9,Catch,0
2012,MANISTEE,Pier/Dock,Common White Sucker,9,Harvest,0
2012,MANISTEE,Pier/Dock,Drum,9,Catch,0
2012,MANISTEE,Pier/Dock,Drum,9,Harvest,0
2012,MANISTEE,Pier/Dock,Fat Lake Trout,9,Catch,0
2012,MANISTEE,Pier/Dock,Fat Lake Trout,9,Harvest,0
2012,MANISTEE,Pier/Dock,Lake Herring,9,Catch,0
2012,MANISTEE,Pier/Dock,Lake Herring,9,Harvest,0
2012,MANISTEE,Pier/Dock,Lake Whitefish,9,Catch,0
2012,MANISTEE,Pier/Dock,Lake Whitefish,9,Harvest,0
2012,MANISTEE,Pier/Dock,Largemouth Bass,9,Catch,0
2012,MANISTEE,Pier/Dock,Largemouth Bass,9,Harvest,0
2012,MANISTEE,Pier/Dock,Lean Lake Trout,9,Catch,0
2012,MANISTEE,Pier/Dock,Lean Lake Trout,9,Harvest,0
2012,MANISTEE,Pier/Dock,Musky,9,Catch,0
2012,MANISTEE,Pier/Dock,Musky,9,Harvest,0
2012,MANISTEE,Pier/Dock,Northern Pike,9,Catch,15
2012,MANISTEE,Pier/Dock,Northern Pike,9,Harvest,15
2012,MANISTEE,Pier/Dock,,9,Angler Hours,3426
2012,MANISTEE,Pier/Dock,Other,9,Catch,0
2012,MANISTEE,Pier/Dock,Other,9,Harvest,0
2012,MANISTEE,Pier/Dock,Pink Salmon,9,Catch,0
2012,MANISTEE,Pier/Dock,Pink Salmon,9,Harvest,0
2012,MANISTEE,Pier/Dock,Pumpkinseed,9,Catch,0
2012,MANISTEE,Pier/Dock,Pumpkinseed,9,Harvest,0
2012,MANISTEE,Pier/Dock,Rockbass,9,Catch,0
2012,MANISTEE,Pier/Dock,Rockbass,9,Harvest,0
2012,MANISTEE,Pier/Dock,Round Whitefish,9,Catch,0
2012,MANISTEE,Pier/Dock,Round Whitefish,9,Harvest,0
2012,MANISTEE,Pier/Dock,Smallmouth Bass,9,Catch,9
2012,MANISTEE,Pier/Dock,Smallmouth Bass,9,Harvest,9
2012,MANISTEE,Pier/Dock,Splake,9,Catch,0
2012,MANISTEE,Pier/Dock,Splake,9,Harvest,0
2012,MANISTEE,Pier/Dock,Steelhead,9,Catch,0
2012,MANISTEE,Pier/Dock,Steelhead,9,Harvest,0
2012,MANISTEE,Pier/Dock,Walleye,9,Catch,0
2012,MANISTEE,Pier/Dock,Walleye,9,Harvest,0
2012,MANISTEE,Pier/Dock,White Bass,9,Catch,0
2012,MANISTEE,Pier/Dock,White Bass,9,Harvest,0
2012,MANISTEE,Pier/Dock,White Perch,9,Catch,0
2012,MANISTEE,Pier/Dock,White Perch,9,Harvest,0
2012,MANISTEE,Pier/Dock,Yellow Perch,9,Catch,12
2012,MANISTEE,Pier/Dock,Yellow Perch,9,Harvest,0
2012,MANISTEE,Pier/Dock,Atlantic Salmon,10,Catch,0
2012,MANISTEE,Pier/Dock,Atlantic Salmon,10,Harvest,0
2012,MANISTEE,Pier/Dock,Black Crappie,10,Catch,0
2012,MANISTEE,Pier/Dock,Black Crappie,10,Harvest,0
2012,MANISTEE,Pier/Dock,Bluegill,10,Catch,0
2012,MANISTEE,Pier/Dock,Bluegill,10,Harvest,0
2012,MANISTEE,Pier/Dock,Brook Trout,10,Catch,0
2012,MANISTEE,Pier/Dock,Brook Trout,10,Harvest,0
2012,MANISTEE,Pier/Dock,Brown Trout,10,Catch,18
2012,MANISTEE,Pier/Dock,Brown Trout,10,Harvest,0
2012,MANISTEE,Pier/Dock,Carp,10,Catch,0
2012,MANISTEE,Pier/Dock,Carp,10,Harvest,0
2012,MANISTEE,Pier/Dock,Channel Catfish,10,Catch,0
2012,MANISTEE,Pier/Dock,Channel Catfish,10,Harvest,0
2012,MANISTEE,Pier/Dock,Chinook Salmon,10,Catch,0
2012,MANISTEE,Pier/Dock,Chinook Salmon,10,Harvest,0
2012,MANISTEE,Pier/Dock,Coho Salmon,10,Catch,38
2012,MANISTEE,Pier/Dock,Coho Salmon,10,Harvest,5
2012,MANISTEE,Pier/Dock,Common White Sucker,10,Catch,0
2012,MANISTEE,Pier/Dock,Common White Sucker,10,Harvest,0
2012,MANISTEE,Pier/Dock,Drum,10,Catch,0
2012,MANISTEE,Pier/Dock,Drum,10,Harvest,0
2012,MANISTEE,Pier/Dock,Fat Lake Trout,10,Catch,0
2012,MANISTEE,Pier/Dock,Fat Lake Trout,10,Harvest,0
2012,MANISTEE,Pier/Dock,Lake Herring,10,Catch,0
2012,MANISTEE,Pier/Dock,Lake Herring,10,Harvest,0
2012,MANISTEE,Pier/Dock,Lake Whitefish,10,Catch,0
2012,MANISTEE,Pier/Dock,Lake Whitefish,10,Harvest,0
2012,MANISTEE,Pier/Dock,Largemouth Bass,10,Catch,0
2012,MANISTEE,Pier/Dock,Largemouth Bass,10,Harvest,0
2012,MANISTEE,Pier/Dock,Lean Lake Trout,10,Catch,16
2012,MANISTEE,Pier/Dock,Lean Lake Trout,10,Harvest,16
2012,MANISTEE,Pier/Dock,Musky,10,Catch,0
2012,MANISTEE,Pier/Dock,Musky,10,Harvest,0
2012,MANISTEE,Pier/Dock,Northern Pike,10,Catch,0
2012,MANISTEE,Pier/Dock,Northern Pike,10,Harvest,0
2012,MANISTEE,Pier/Dock,,10,Angler Hours,1778
2012,MANISTEE,Pier/Dock,Other,10,Catch,0
2012,MANISTEE,Pier/Dock,Other,10,Harvest,0
2012,MANISTEE,Pier/Dock,Pink Salmon,10,Catch,0
2012,MANISTEE,Pier/Dock,Pink Salmon,10,Harvest,0
2012,MANISTEE,Pier/Dock,Pumpkinseed,10,Catch,0
2012,MANISTEE,Pier/Dock,Pumpkinseed,10,Harvest,0
2012,MANISTEE,Pier/Dock,Rockbass,10,Catch,0
2012,MANISTEE,Pier/Dock,Rockbass,10,Harvest,0
2012,MANISTEE,Pier/Dock,Round Whitefish,10,Catch,116
2012,MANISTEE,Pier/Dock,Round Whitefish,10,Harvest,51
2012,MANISTEE,Pier/Dock,Smallmouth Bass,10,Catch,0
2012,MANISTEE,Pier/Dock,Smallmouth Bass,10,Harvest,0
2012,MANISTEE,Pier/Dock,Splake,10,Catch,0
2012,MANISTEE,Pier/Dock,Splake,10,Harvest,0
2012,MANISTEE,Pier/Dock,Steelhead,10,Catch,631
2012,MANISTEE,Pier/Dock,Steelhead,10,Harvest,456
2012,MANISTEE,Pier/Dock,Walleye,10,Catch,0
2012,MANISTEE,Pier/Dock,Walleye,10,Harvest,0
2012,MANISTEE,Pier/Dock,White Bass,10,Catch,0
2012,MANISTEE,Pier/Dock,White Bass,10,Harvest,0
2012,MANISTEE,Pier/Dock,White Perch,10,Catch,0
2012,MANISTEE,Pier/Dock,White Perch,10,Harvest,0
2012,MANISTEE,Pier/Dock,Yellow Perch,10,Catch,0
2012,MANISTEE,Pier/Dock,Yellow Perch,10,Harvest,0
2013,MANISTEE,Pier/Dock,Brown Trout,4,Catch,53
2013,MANISTEE,Pier/Dock,Brown Trout,4,Harvest,53
2013,MANISTEE,Pier/Dock,Lean Lake Trout,4,Catch,6
2013,MANISTEE,Pier/Dock,Lean Lake Trout,4,Harvest,6
2013,MANISTEE,Pier/Dock,,4,Angler Hours,1435
2013,MANISTEE,Pier/Dock,Other,4,Catch,7
2013,MANISTEE,Pier/Dock,Steelhead,4,Catch,51
2013,MANISTEE,Pier/Dock,Steelhead,4,Harvest,51
2013,MANISTEE,Pier/Dock,Walleye,4,Catch,3
2013,MANISTEE,Pier/Dock,Walleye,4,Harvest,3
2013,MANISTEE,Pier/Dock,Brown Trout,5,Catch,55
2013,MANISTEE,Pier/Dock,Brown Trout,5,Harvest,55
2013,MANISTEE,Pier/Dock,Chinook Salmon,5,Catch,7
2013,MANISTEE,Pier/Dock,Chinook Salmon,5,Harvest,7
2013,MANISTEE,Pier/Dock,Coho Salmon,5,Catch,7
2013,MANISTEE,Pier/Dock,Coho Salmon,5,Harvest,7
2013,MANISTEE,Pier/Dock,Largemouth Bass,5,Catch,13
2013,MANISTEE,Pier/Dock,Largemouth Bass,5,Harvest,13
2013,MANISTEE,Pier/Dock,Northern Pike,5,Catch,23
2013,MANISTEE,Pier/Dock,Northern Pike,5,Harvest,23
2013,MANISTEE,Pier/Dock,,5,Angler Hours,2862
2013,MANISTEE,Pier/Dock,Rockbass,5,Catch,12
2013,MANISTEE,Pier/Dock,Smallmouth Bass,5,Catch,12
2013,MANISTEE,Pier/Dock,Yellow Perch,5,Catch,3151
2013,MANISTEE,Pier/Dock,Yellow Perch,5,Harvest,2073
2013,MANISTEE,Pier/Dock,Brown Trout,6,Catch,13
2013,MANISTEE,Pier/Dock,Brown Trout,6,Harvest,13
2013,MANISTEE,Pier/Dock,Drum,6,Catch,45
2013,MANISTEE,Pier/Dock,,6,Angler Hours,1305
2013,MANISTEE,Pier/Dock,Steelhead,6,Catch,20
2013,MANISTEE,Pier/Dock,Brown Trout,7,Catch,51
2013,MANISTEE,Pier/Dock,Drum,7,Catch,26
2013,MANISTEE,Pier/Dock,,7,Angler Hours,1266
2013,MANISTEE,Pier/Dock,Rockbass,7,Catch,197
2013,MANISTEE,Pier/Dock,Smallmouth Bass,7,Catch,160
2013,MANISTEE,Pier/Dock,Walleye,7,Catch,26
2013,MANISTEE,Pier/Dock,Yellow Perch,7,Catch,208
2013,MANISTEE,Pier/Dock,Yellow Perch,7,Harvest,135
2013,MANISTEE,Pier/Dock,Chinook Salmon,8,Catch,33
2013,MANISTEE,Pier/Dock,Chinook Salmon,8,Harvest,33
2013,MANISTEE,Pier/Dock,Coho Salmon,8,Catch,33
2013,MANISTEE,Pier/Dock,Coho Salmon,8,Harvest,33
2013,MANISTEE,Pier/Dock,Drum,8,Catch,117
2013,MANISTEE,Pier/Dock,,8,Angler Hours,4233
2013,MANISTEE,Pier/Dock,Rockbass,8,Catch,33
2013,MANISTEE,Pier/Dock,Yellow Perch,8,Catch,51
2013,MANISTEE,Pier/Dock,Yellow Perch,8,Harvest,16
2013,MANISTEE,Pier/Dock,Chinook Salmon,9,Catch,58
2013,MANISTEE,Pier/Dock,Chinook Salmon,9,Harvest,58
2013,MANISTEE,Pier/Dock,Coho Salmon,9,Catch,16
2013,MANISTEE,Pier/Dock,Coho Salmon,9,Harvest,16
2013,MANISTEE,Pier/Dock,Drum,9,Catch,8
2013,MANISTEE,Pier/Dock,,9,Angler Hours,1600
2013,MANISTEE,Pier/Dock,Rockbass,9,Catch,24
2013,MANISTEE,Pier/Dock,Smallmouth Bass,9,Catch,39
2013,MANISTEE,Pier/Dock,Steelhead,9,Catch,2
2013,MANISTEE,Pier/Dock,Steelhead,9,Harvest,2
2013,MANISTEE,Pier/Dock,Chinook Salmon,10,Catch,13
2013,MANISTEE,Pier/Dock,Coho Salmon,10,Catch,14
2013,MANISTEE,Pier/Dock,Coho Salmon,10,Harvest,3
2013,MANISTEE,Pier/Dock,,10,Angler Hours,2068
2013,MANISTEE,Pier/Dock,Round Whitefish,10,Catch,3
2013,MANISTEE,Pier/Dock,Round Whitefish,10,Harvest,3
2013,MANISTEE,Pier/Dock,Steelhead,10,Catch,389
2013,MANISTEE,Pier/Dock,Steelhead,10,Harvest,237
2014,MANISTEE,Pier/Dock,Brown Trout,4,Catch,135
2014,MANISTEE,Pier/Dock,Brown Trout,4,Harvest,129
2014,MANISTEE,Pier/Dock,,4,Angler Hours,1802
2014,MANISTEE,Pier/Dock,Steelhead,4,Catch,30
2014,MANISTEE,Pier/Dock,Steelhead,4,Harvest,30
2014,MANISTEE,Pier/Dock,Brown Trout,5,Catch,43
2014,MANISTEE,Pier/Dock,Brown Trout,5,Harvest,43
2014,MANISTEE,Pier/Dock,,5,Angler Hours,3088
2014,MANISTEE,Pier/Dock,Round Whitefish,5,Catch,7
2014,MANISTEE,Pier/Dock,Round Whitefish,5,Harvest,7
2014,MANISTEE,Pier/Dock,Steelhead,5,Catch,54
2014,MANISTEE,Pier/Dock,Steelhead,5,Harvest,54
2014,MANISTEE,Pier/Dock,Yellow Perch,5,Catch,8186
2014,MANISTEE,Pier/Dock,Yellow Perch,5,Harvest,913
2014,MANISTEE,Pier/Dock,Brown Trout,6,Catch,241
2014,MANISTEE,Pier/Dock,Brown Trout,6,Harvest,235
2014,MANISTEE,Pier/Dock,Chinook Salmon,6,Catch,29
2014,MANISTEE,Pier/Dock,Chinook Salmon,6,Harvest,5
2014,MANISTEE,Pier/Dock,Drum,6,Catch,26
2014,MANISTEE,Pier/Dock,Northern Pike,6,Catch,11
2014,MANISTEE,Pier/Dock,,6,Angler Hours,1876
2014,MANISTEE,Pier/Dock,Rockbass,6,Catch,167
2014,MANISTEE,Pier/Dock,Smallmouth Bass,6,Catch,111
2014,MANISTEE,Pier/Dock,Steelhead,6,Catch,6
2014,MANISTEE,Pier/Dock,Steelhead,6,Harvest,6
2014,MANISTEE,Pier/Dock,Yellow Perch,6,Catch,18
2014,MANISTEE,Pier/Dock,Yellow Perch,6,Harvest,9
2014,MANISTEE,Pier/Dock,,7,Angler Hours,1682
2014,MANISTEE,Pier/Dock,Rockbass,7,Catch,145
2014,MANISTEE,Pier/Dock,Smallmouth Bass,7,Catch,143
2014,MANISTEE,Pier/Dock,Walleye,7,Catch,61
2014,MANISTEE,Pier/Dock,Chinook Salmon,8,Catch,40
2014,MANISTEE,Pier/Dock,Chinook Salmon,8,Harvest,40
2014,MANISTEE,Pier/Dock,Coho Salmon,8,Catch,28
2014,MANISTEE,Pier/Dock,Coho Salmon,8,Harvest,28
2014,MANISTEE,Pier/Dock,,8,Angler Hours,3113
2014,MANISTEE,Pier/Dock,Rockbass,8,Catch,89
2014,MANISTEE,Pier/Dock,Smallmouth Bass,8,Catch,205
2014,MANISTEE,Pier/Dock,Smallmouth Bass,8,Harvest,16
2014,MANISTEE,Pier/Dock,Brown Trout,9,Catch,12
2014,MANISTEE,Pier/Dock,Chinook Salmon,9,Catch,62
2014,MANISTEE,Pier/Dock,Chinook Salmon,9,Harvest,31
2014,MANISTEE,Pier/Dock,Coho Salmon,9,Catch,24
2014,MANISTEE,Pier/Dock,Coho Salmon,9,Harvest,24
2014,MANISTEE,Pier/Dock,Drum,9,Catch,126
2014,MANISTEE,Pier/Dock,,9,Angler Hours,2564
2014,MANISTEE,Pier/Dock,Steelhead,9,Catch,24
2014,MANISTEE,Pier/Dock,Steelhead,9,Harvest,24
2014,MANISTEE,Pier/Dock,Brown Trout,10,Catch,8
2014,MANISTEE,Pier/Dock,Brown Trout,10,Harvest,6
2014,MANISTEE,Pier/Dock,Chinook Salmon,10,Catch,214
2014,MANISTEE,Pier/Dock,Chinook Salmon,10,Harvest,24
2014,MANISTEE,Pier/Dock,Coho Salmon,10,Catch,85
2014,MANISTEE,Pier/Dock,Coho Salmon,10,Harvest,42
2014,MANISTEE,Pier/Dock,Lean Lake Trout,10,Catch,22
2014,MANISTEE,Pier/Dock,Lean Lake Trout,10,Harvest,19
2014,MANISTEE,Pier/Dock,,10,Angler Hours,2766
2014,MANISTEE,Pier/Dock,Round Whitefish,10,Catch,142
2014,MANISTEE,Pier/Dock,Round Whitefish,10,Harvest,142
2014,MANISTEE,Pier/Dock,Steelhead,10,Catch,450
2014,MANISTEE,Pier/Dock,Steelhead,10,Harvest,386
2015,MANISTEE,Pier/Dock,Brown Trout,4,Catch,404
2015,MANISTEE,Pier/Dock,Brown Trout,4,Harvest,328
2015,MANISTEE,Pier/Dock,Lean Lake Trout,4,Catch,57
2015,MANISTEE,Pier/Dock,Lean Lake Trout,4,Harvest,43
2015,MANISTEE,Pier/Dock,,4,Angler Hours,4804
2015,MANISTEE,Pier/Dock,Other,4,Catch,57
2015,MANISTEE,Pier/Dock,Other,4,Harvest,11
2015,MANISTEE,Pier/Dock,Round Whitefish,4,Catch,7
2015,MANISTEE,Pier/Dock,Round Whitefish,4,Harvest,7
2015,MANISTEE,Pier/Dock,Steelhead,4,Catch,261
2015,MANISTEE,Pier/Dock,Steelhead,4,Harvest,243
2015,MANISTEE,Pier/Dock,Walleye,4,Catch,13
2015,MANISTEE,Pier/Dock,Walleye,4,Harvest,13
2015,MANISTEE,Pier/Dock,Yellow Perch,4,Catch,5362
2015,MANISTEE,Pier/Dock,Yellow Perch,4,Harvest,3606
2015,MANISTEE,Pier/Dock,Brown Trout,5,Catch,55
2015,MANISTEE,Pier/Dock,Brown Trout,5,Harvest,44
2015,MANISTEE,Pier/Dock,Coho Salmon,5,Catch,132
2015,MANISTEE,Pier/Dock,,5,Angler Hours,1366
2015,MANISTEE,Pier/Dock,Round Whitefish,5,Catch,5
2015,MANISTEE,Pier/Dock,Round Whitefish,5,Harvest,5
2015,MANISTEE,Pier/Dock,Steelhead,5,Catch,5
2015,MANISTEE,Pier/Dock,Yellow Perch,5,Catch,1655
2015,MANISTEE,Pier/Dock,Yellow Perch,5,Harvest,1064
2015,MANISTEE,Pier/Dock,Brown Trout,6,Catch,218
2015,MANISTEE,Pier/Dock,Brown Trout,6,Harvest,218
2015,MANISTEE,Pier/Dock,Chinook Salmon,6,Catch,46
2015,MANISTEE,Pier/Dock,Chinook Salmon,6,Harvest,29
2015,MANISTEE,Pier/Dock,Drum,6,Catch,17
2015,MANISTEE,Pier/Dock,,6,Angler Hours,988
2015,MANISTEE,Pier/Dock,Rockbass,6,Catch,12
2015,MANISTEE,Pier/Dock,Smallmouth Bass,6,Catch,12
2015,MANISTEE,Pier/Dock,Steelhead,6,Catch,25
2015,MANISTEE,Pier/Dock,Steelhead,6,Harvest,25
2015,MANISTEE,Pier/Dock,Brown Trout,7,Catch,91
2015,MANISTEE,Pier/Dock,Brown Trout,7,Harvest,91
2015,MANISTEE,Pier/Dock,Chinook Salmon,7,Catch,13
2015,MANISTEE,Pier/Dock,Chinook Salmon,7,Harvest,13
2015,MANISTEE,Pier/Dock,,7,Angler Hours,1579
2015,MANISTEE,Pier/Dock,Rockbass,7,Catch,716
2015,MANISTEE,Pier/Dock,Rockbass,7,Harvest,401
2015,MANISTEE,Pier/Dock,Smallmouth Bass,7,Catch,130
2015,MANISTEE,Pier/Dock,Smallmouth Bass,7,Harvest,14
2015,MANISTEE,Pier/Dock,Yellow Perch,7,Catch,87
2015,MANISTEE,Pier/Dock,Yellow Perch,7,Harvest,70
2015,MANISTEE,Pier/Dock,,8,Angler Hours,1390
2015,MANISTEE,Pier/Dock,Smallmouth Bass,8,Catch,31
2015,MANISTEE,Pier/Dock,Smallmouth Bass,8,Harvest,31
2015,MANISTEE,Pier/Dock,Chinook Salmon,9,Catch,21
2015,MANISTEE,Pier/Dock,Chinook Salmon,9,Harvest,21
2015,MANISTEE,Pier/Dock,,9,Angler Hours,1308
2015,MANISTEE,Pier/Dock,Brown Trout,10,Catch,9
2015,MANISTEE,Pier/Dock,Chinook Salmon,10,Catch,232
2015,MANISTEE,Pier/Dock,Chinook Salmon,10,Harvest,5
2015,MANISTEE,Pier/Dock,Coho Salmon,10,Catch,177
2015,MANISTEE,Pier/Dock,Coho Salmon,10,Harvest,30
2015,MANISTEE,Pier/Dock,,10,Angler Hours,1688
2015,MANISTEE,Pier/Dock,Round Whitefish,10,Catch,25
2015,MANISTEE,Pier/Dock,Round Whitefish,10,Harvest,25
2015,MANISTEE,Pier/Dock,Steelhead,10,Catch,76
2015,MANISTEE,Pier/Dock,Steelhead,10,Harvest,58
2016,MANISTEE,Pier/Dock,Brown Trout,4,Catch,9
2016,MANISTEE,Pier/Dock,Brown Trout,4,Harvest,9
2016,MANISTEE,Pier/Dock,,4,Angler Hours,1023
2016,MANISTEE,Pier/Dock,Round Whitefish,4,Catch,4
2016,MANISTEE,Pier/Dock,Smallmouth Bass,4,Catch,18
2016,MANISTEE,Pier/Dock,Steelhead,4,Catch,8
2016,MANISTEE,Pier/Dock,Steelhead,4,Harvest,4
2016,MANISTEE,Pier/Dock,Walleye,4,Catch,9
2016,MANISTEE,Pier/Dock,Walleye,4,Harvest,9
2016,MANISTEE,Pier/Dock,Yellow Perch,4,Catch,428
2016,MANISTEE,Pier/Dock,Yellow Perch,4,Harvest,363
2016,MANISTEE,Pier/Dock,Brown Trout,5,Catch,1
2016,MANISTEE,Pier/Dock,Brown Trout,5,Harvest,1
2016,MANISTEE,Pier/Dock,,5,Angler Hours,204
2016,MANISTEE,Pier/Dock,Steelhead,5,Catch,1
2016,MANISTEE,Pier/Dock,Steelhead,5,Harvest,1
2016,MANISTEE,Pier/Dock,,6,Angler Hours,504
2016,MANISTEE,Pier/Dock,,7,Angler Hours,456
2016,MANISTEE,Pier/Dock,,8,Angler Hours,28
2016,MANISTEE,Pier/Dock,,9,Angler Hours,673
2016,MANISTEE,Pier/Dock,Rockbass,9,Catch,46
2016,MANISTEE,Pier/Dock,,10,Angler Hours,615
2016,MANISTEE,Pier/Dock,Steelhead,10,Catch,78
2016,MANISTEE,Pier/Dock,Steelhead,10,Harvest,78
2017,MANISTEE,Pier/Dock,Brown Trout,4,Catch,8
2017,MANISTEE,Pier/Dock,Brown Trout,4,Harvest,8
2017,MANISTEE,Pier/Dock,Lake Herring,4,Catch,3
2017,MANISTEE,Pier/Dock,Lake Herring,4,Harvest,3
2017,MANISTEE,Pier/Dock,,4,Angler Hours,1881
2017,MANISTEE,Pier/Dock,Smallmouth Bass,4,Catch,3
2017,MANISTEE,Pier/Dock,Steelhead,4,Catch,14
2017,MANISTEE,Pier/Dock,Steelhead,4,Harvest,14
2017,MANISTEE,Pier/Dock,Yellow Perch,4,Catch,1354
2017,MANISTEE,Pier/Dock,Yellow Perch,4,Harvest,1351
2017,MANISTEE,Pier/Dock,Chinook Salmon,5,Catch,47
2017,MANISTEE,Pier/Dock,Chinook Salmon,5,Harvest,47
2017,MANISTEE,Pier/Dock,,5,Angler Hours,1142
2017,MANISTEE,Pier/Dock,Yellow Perch,5,Catch,1107
2017,MANISTEE,Pier/Dock,Yellow Perch,5,Harvest,787
2017,MANISTEE,Pier/Dock,,6,Angler Hours,709
2017,MANISTEE,Pier/Dock,Steelhead,6,Catch,32
2017,MANISTEE,Pier/Dock,Steelhead,6,Harvest,32
2017,MANISTEE,Pier/Dock,Yellow Perch,6,Catch,66
2017,MANISTEE,Pier/Dock,Drum,7,Catch,219
2017,MANISTEE,Pier/Dock,,7,Angler Hours,645
2017,MANISTEE,Pier/Dock,Chinook Salmon,8,Catch,7
2017,MANISTEE,Pier/Dock,Chinook Salmon,8,Harvest,7
2017,MANISTEE,Pier/Dock,Drum,8,Catch,7
2017,MANISTEE,Pier/Dock,,8,Angler Hours,479
2017,MANISTEE,Pier/Dock,Chinook Salmon,9,Catch,7
2017,MANISTEE,Pier/Dock,Chinook Salmon,9,Harvest,7
2017,MANISTEE,Pier/Dock,Coho Salmon,9,Catch,7
2017,MANISTEE,Pier/Dock,Coho Salmon,9,Harvest,7
2017,MANISTEE,Pier/Dock,,9,Angler Hours,1220
2017,MANISTEE,Pier/Dock,Steelhead,9,Catch,30
2017,MANISTEE,Pier/Dock,Steelhead,9,Harvest,23
2017,MANISTEE,Pier/Dock,,10,Angler Hours,1156
2017,MANISTEE,Pier/Dock,Steelhead,10,Catch,25
2017,MANISTEE,Pier/Dock,Steelhead,10,Harvest,25
2018,MANISTEE,Pier/Dock,Bluegill,4,Catch,0
2018,MANISTEE,Pier/Dock,Bluegill,4,Harvest,0
2018,MANISTEE,Pier/Dock,Brown Trout,4,Catch,39
2018,MANISTEE,Pier/Dock,Brown Trout,4,Harvest,39
2018,MANISTEE,Pier/Dock,Channel Catfish,4,Catch,0
2018,MANISTEE,Pier/Dock,Channel Catfish,4,Harvest,0
2018,MANISTEE,Pier/Dock,Chinook Salmon,4,Catch,0
2018,MANISTEE,Pier/Dock,Chinook Salmon,4,Harvest,0
2018,MANISTEE,Pier/Dock,Coho Salmon,4,Catch,0
2018,MANISTEE,Pier/Dock,Coho Salmon,4,Harvest,0
2018,MANISTEE,Pier/Dock,Common White Sucker,4,Catch,0
2018,MANISTEE,Pier/Dock,Common White Sucker,4,Harvest,0
2018,MANISTEE,Pier/Dock,Drum,4,Catch,0
2018,MANISTEE,Pier/Dock,Drum,4,Harvest,0
2018,MANISTEE,Pier/Dock,Lake Herring,4,Catch,0
2018,MANISTEE,Pier/Dock,Lake Herring,4,Harvest,0
2018,MANISTEE,Pier/Dock,Lake Whitefish,4,Catch,8
2018,MANISTEE,Pier/Dock,Lake Whitefish,4,Harvest,8
2018,MANISTEE,Pier/Dock,Largemouth Bass,4,Catch,0
2018,MANISTEE,Pier/Dock,Largemouth Bass,4,Harvest,0
2018,MANISTEE,Pier/Dock,Lean Lake Trout,4,Catch,0
2018,MANISTEE,Pier/Dock,Lean Lake Trout,4,Harvest,0
2018,MANISTEE,Pier/Dock,Musky,4,Catch,0
2018,MANISTEE,Pier/Dock,Musky,4,Harvest,0
2018,MANISTEE,Pier/Dock,Northern Pike,4,Catch,0
2018,MANISTEE,Pier/Dock,Northern Pike,4,Harvest,0
2018,MANISTEE,Pier/Dock,,4,Angler Hours,1501
2018,MANISTEE,Pier/Dock,Other,4,Catch,0
2018,MANISTEE,Pier/Dock,Other,4,Harvest,0
2018,MANISTEE,Pier/Dock,Pink Salmon,4,Catch,0
2018,MANISTEE,Pier/Dock,Pink Salmon,4,Harvest,0
2018,MANISTEE,Pier/Dock,Pumpkinseed,4,Catch,0
2018,MANISTEE,Pier/Dock,Pumpkinseed,4,Harvest,0
2018,MANISTEE,Pier/Dock,Rockbass,4,Catch,0
2018,MANISTEE,Pier/Dock,Rockbass,4,Harvest,0
2018,MANISTEE,Pier/Dock,Round Whitefish,4,Catch,0
2018,MANISTEE,Pier/Dock,Round Whitefish,4,Harvest,0
2018,MANISTEE,Pier/Dock,Smallmouth Bass,4,Catch,0
2018,MANISTEE,Pier/Dock,Smallmouth Bass,4,Harvest,0
2018,MANISTEE,Pier/Dock,Steelhead,4,Catch,0
2018,MANISTEE,Pier/Dock,Steelhead,4,Harvest,0
2018,MANISTEE,Pier/Dock,Walleye,4,Catch,0
2018,MANISTEE,Pier/Dock,Walleye,4,Harvest,0
2018,MANISTEE,Pier/Dock,White Bass,4,Catch,0
2018,MANISTEE,Pier/Dock,White Bass,4,Harvest,0
2018,MANISTEE,Pier/Dock,White Perch,4,Catch,0
2018,MANISTEE,Pier/Dock,White Perch,4,Harvest,0
2018,MANISTEE,Pier/Dock,Yellow Perch,4,Catch,153
2018,MANISTEE,Pier/Dock,Yellow Perch,4,Harvest,89
2018,MANISTEE,Pier/Dock,Bluegill,5,Catch,0
2018,MANISTEE,Pier/Dock,Bluegill,5,Harvest,0
2018,MANISTEE,Pier/Dock,Brown Trout,5,Catch,11
2018,MANISTEE,Pier/Dock,Brown Trout,5,Harvest,0
2018,MANISTEE,Pier/Dock,Channel Catfish,5,Catch,0
2018,MANISTEE,Pier/Dock,Channel Catfish,5,Harvest,0
2018,MANISTEE,Pier/Dock,Chinook Salmon,5,Catch,0
2018,MANISTEE,Pier/Dock,Chinook Salmon,5,Harvest,0
2018,MANISTEE,Pier/Dock,Coho Salmon,5,Catch,0
2018,MANISTEE,Pier/Dock,Coho Salmon,5,Harvest,0
2018,MANISTEE,Pier/Dock,Common White Sucker,5,Catch,0
2018,MANISTEE,Pier/Dock,Common White Sucker,5,Harvest,0
2018,MANISTEE,Pier/Dock,Drum,5,Catch,0
2018,MANISTEE,Pier/Dock,Drum,5,Harvest,0
2018,MANISTEE,Pier/Dock,Lake Herring,5,Catch,37
2018,MANISTEE,Pier/Dock,Lake Herring,5,Harvest,37
2018,MANISTEE,Pier/Dock,Lake Whitefish,5,Catch,92
2018,MANISTEE,Pier/Dock,Lake Whitefish,5,Harvest,92
2018,MANISTEE,Pier/Dock,Largemouth Bass,5,Catch,0
2018,MANISTEE,Pier/Dock,Largemouth Bass,5,Harvest,0
2018,MANISTEE,Pier/Dock,Lean Lake Trout,5,Catch,0
2018,MANISTEE,Pier/Dock,Lean Lake Trout,5,Harvest,0
2018,MANISTEE,Pier/Dock,Musky,5,Catch,0
2018,MANISTEE,Pier/Dock,Musky,5,Harvest,0
2018,MANISTEE,Pier/Dock,Northern Pike,5,Catch,18
2018,MANISTEE,Pier/Dock,Northern Pike,5,Harvest,18
2018,MANISTEE,Pier/Dock,,5,Angler Hours,2351
2018,MANISTEE,Pier/Dock,Other,5,Catch,0
2018,MANISTEE,Pier/Dock,Other,5,Harvest,0
2018,MANISTEE,Pier/Dock,Pink Salmon,5,Catch,0
2018,MANISTEE,Pier/Dock,Pink Salmon,5,Harvest,0
2018,MANISTEE,Pier/Dock,Pumpkinseed,5,Catch,0
2018,MANISTEE,Pier/Dock,Pumpkinseed,5,Harvest,0
2018,MANISTEE,Pier/Dock,Rockbass,5,Catch,11
2018,MANISTEE,Pier/Dock,Rockbass,5,Harvest,11
2018,MANISTEE,Pier/Dock,Round Whitefish,5,Catch,0
2018,MANISTEE,Pier/Dock,Round Whitefish,5,Harvest,0
2018,MANISTEE,Pier/Dock,Smallmouth Bass,5,Catch,7
2018,MANISTEE,Pier/Dock,Smallmouth Bass,5,Harvest,0
2018,MANISTEE,Pier/Dock,Steelhead,5,Catch,11
2018,MANISTEE,Pier/Dock,Steelhead,5,Harvest,11
2018,MANISTEE,Pier/Dock,Walleye,5,Catch,0
2018,MANISTEE,Pier/Dock,Walleye,5,Harvest,0
2018,MANISTEE,Pier/Dock,White Bass,5,Catch,0
2018,MANISTEE,Pier/Dock,White Bass,5,Harvest,0
2018,MANISTEE,Pier/Dock,White Perch,5,Catch,0
2018,MANISTEE,Pier/Dock,White Perch,5,Harvest,0
2018,MANISTEE,Pier/Dock,Yellow Perch,5,Catch,8830
2018,MANISTEE,Pier/Dock,Yellow Perch,5,Harvest,4924
2018,MANISTEE,Pier/Dock,Bluegill,6,Catch,0
2018,MANISTEE,Pier/Dock,Bluegill,6,Harvest,0
2018,MANISTEE,Pier/Dock,Brown Trout,6,Catch,0
2018,MANISTEE,Pier/Dock,Brown Trout,6,Harvest,0
2018,MANISTEE,Pier/Dock,Channel Catfish,6,Catch,0
2018,MANISTEE,Pier/Dock,Channel Catfish,6,Harvest,0
2018,MANISTEE,Pier/Dock,Chinook Salmon,6,Catch,0
2018,MANISTEE,Pier/Dock,Chinook Salmon,6,Harvest,0
2018,MANISTEE,Pier/Dock,Coho Salmon,6,Catch,0
2018,MANISTEE,Pier/Dock,Coho Salmon,6,Harvest,0
2018,MANISTEE,Pier/Dock,Common White Sucker,6,Catch,0
2018,MANISTEE,Pier/Dock,Common White Sucker,6,Harvest,0
2018,MANISTEE,Pier/Dock,Drum,6,Catch,0
2018,MANISTEE,Pier/Dock,Drum,6,Harvest,0
2018,MANISTEE,Pier/Dock,Lake Herring,6,Catch,0
2018,MANISTEE,Pier/Dock,Lake Herring,6,Harvest,0
2018,MANISTEE,Pier/Dock,Lake Whitefish,6,Catch,0
2018,MANISTEE,Pier/Dock,Lake Whitefish,6,Harvest,0
2018,MANISTEE,Pier/Dock,Largemouth Bass,6,Catch,0
2018,MANISTEE,Pier/Dock,Largemouth Bass,6,Harvest,0
2018,MANISTEE,Pier/Dock,Lean Lake Trout,6,Catch,0
2018,MANISTEE,Pier/Dock,Lean Lake Trout,6,Harvest,0
2018,MANISTEE,Pier/Dock,Musky,6,Catch,0
2018,MANISTEE,Pier/Dock,Musky,6,Harvest,0
2018,MANISTEE,Pier/Dock,Northern Pike,6,Catch,0
2018,MANISTEE,Pier/Dock,Northern Pike,6,Harvest,0
2018,MANISTEE,Pier/Dock,,6,Angler Hours,452
2018,MANISTEE,Pier/Dock,Other,6,Catch,0
2018,MANISTEE,Pier/Dock,Other,6,Harvest,0
2018,MANISTEE,Pier/Dock,Pink Salmon,6,Catch,0
2018,MANISTEE,Pier/Dock,Pink Salmon,6,Harvest,0
2018,MANISTEE,Pier/Dock,Pumpkinseed,6,Catch,0
2018,MANISTEE,Pier/Dock,Pumpkinseed,6,Harvest,0
2018,MANISTEE,Pier/Dock,Rockbass,6,Catch,0
2018,MANISTEE,Pier/Dock,Rockbass,6,Harvest,0
2018,MANISTEE,Pier/Dock,Round Whitefish,6,Catch,0
2018,MANISTEE,Pier/Dock,Round Whitefish,6,Harvest,0
2018,MANISTEE,Pier/Dock,Smallmouth Bass,6,Catch,0
2018,MANISTEE,Pier/Dock,Smallmouth Bass,6,Harvest,0
2018,MANISTEE,Pier/Dock,Steelhead,6,Catch,0
2018,MANISTEE,Pier/Dock,Steelhead,6,Harvest,0
2018,MANISTEE,Pier/Dock,Walleye,6,Catch,0
2018,MANISTEE,Pier/Dock,Walleye,6,Harvest,0
2018,MANISTEE,Pier/Dock,White Bass,6,Catch,0
2018,MANISTEE,Pier/Dock,White Bass,6,Harvest,0
2018,MANISTEE,Pier/Dock,White Perch,6,Catch,0
2018,MANISTEE,Pier/Dock,White Perch,6,Harvest,0
2018,MANISTEE,Pier/Dock,Yellow Perch,6,Catch,78
2018,MANISTEE,Pier/Dock,Yellow Perch,6,Harvest,35
2018,MANISTEE,Pier/Dock,Bluegill,7,Catch,0
2018,MANISTEE,Pier/Dock,Bluegill,7,Harvest,0
2018,MANISTEE,Pier/Dock,Brown Trout,7,Catch,0
2018,MANISTEE,Pier/Dock,Brown Trout,7,Harvest,0
2018,MANISTEE,Pier/Dock,Channel Catfish,7,Catch,0
2018,MANISTEE,Pier/Dock,Channel Catfish,7,Harvest,0
2018,MANISTEE,Pier/Dock,Chinook Salmon,7,Catch,0
2018,MANISTEE,Pier/Dock,Chinook Salmon,7,Harvest,0
2018,MANISTEE,Pier/Dock,Coho Salmon,7,Catch,0
2018,MANISTEE,Pier/Dock,Coho Salmon,7,Harvest,0
2018,MANISTEE,Pier/Dock,Common White Sucker,7,Catch,0
2018,MANISTEE,Pier/Dock,Common White Sucker,7,Harvest,0
2018,MANISTEE,Pier/Dock,Drum,7,Catch,0
2018,MANISTEE,Pier/Dock,Drum,7,Harvest,0
2018,MANISTEE,Pier/Dock,Lake Herring,7,Catch,0
2018,MANISTEE,Pier/Dock,Lake Herring,7,Harvest,0
2018,MANISTEE,Pier/Dock,Lake Whitefish,7,Catch,0
2018,MANISTEE,Pier/Dock,Lake Whitefish,7,Harvest,0
2018,MANISTEE,Pier/Dock,Largemouth Bass,7,Catch,0
2018,MANISTEE,Pier/Dock,Largemouth Bass,7,Harvest,0
2018,MANISTEE,Pier/Dock,Lean Lake Trout,7,Catch,0
2018,MANISTEE,Pier/Dock,Lean Lake Trout,7,Harvest,0
2018,MANISTEE,Pier/Dock,Musky,7,Catch,0
2018,MANISTEE,Pier/Dock,Musky,7,Harvest,0
2018,MANISTEE,Pier/Dock,Northern Pike,7,Catch,0
2018,MANISTEE,Pier/Dock,Northern Pike,7,Harvest,0
2018,MANISTEE,Pier/Dock,,7,Angler Hours,1065
2018,MANISTEE,Pier/Dock,Other,7,Catch,0
2018,MANISTEE,Pier/Dock,Other,7,Harvest,0
2018,MANISTEE,Pier/Dock,Pink Salmon,7,Catch,0
2018,MANISTEE,Pier/Dock,Pink Salmon,7,Harvest,0
2018,MANISTEE,Pier/Dock,Pumpkinseed,7,Catch,0
2018,MANISTEE,Pier/Dock,Pumpkinseed,7,Harvest,0
2018,MANISTEE,Pier/Dock,Rockbass,7,Catch,0
2018,MANISTEE,Pier/Dock,Rockbass,7,Harvest,0
2018,MANISTEE,Pier/Dock,Round Whitefish,7,Catch,0
2018,MANISTEE,Pier/Dock,Round Whitefish,7,Harvest,0
2018,MANISTEE,Pier/Dock,Smallmouth Bass,7,Catch,16
2018,MANISTEE,Pier/Dock,Smallmouth Bass,7,Harvest,0
2018,MANISTEE,Pier/Dock,Steelhead,7,Catch,0
2018,MANISTEE,Pier/Dock,Steelhead,7,Harvest,0
2018,MANISTEE,Pier/Dock,Walleye,7,Catch,0
2018,MANISTEE,Pier/Dock,Walleye,7,Harvest,0
2018,MANISTEE,Pier/Dock,White Bass,7,Catch,0
2018,MANISTEE,Pier/Dock,White Bass,7,Harvest,0
2018,MANISTEE,Pier/Dock,White Perch,7,Catch,0
2018,MANISTEE,Pier/Dock,White Perch,7,Harvest,0
2018,MANISTEE,Pier/Dock,Yellow Perch,7,Catch,0
2018,MANISTEE,Pier/Dock,Yellow Perch,7,Harvest,0
2018,MANISTEE,Pier/Dock,Bluegill,8,Catch,0
2018,MANISTEE,Pier/Dock,Bluegill,8,Harvest,0
2018,MANISTEE,Pier/Dock,Brown Trout,8,Catch,0
2018,MANISTEE,Pier/Dock,Brown Trout,8,Harvest,0
2018,MANISTEE,Pier/Dock,Channel Catfish,8,Catch,0
2018,MANISTEE,Pier/Dock,Channel Catfish,8,Harvest,0
2018,MANISTEE,Pier/Dock,Chinook Salmon,8,Catch,38
2018,MANISTEE,Pier/Dock,Chinook Salmon,8,Harvest,38
2018,MANISTEE,Pier/Dock,Coho Salmon,8,Catch,0
2018,MANISTEE,Pier/Dock,Coho Salmon,8,Harvest,0
2018,MANISTEE,Pier/Dock,Common White Sucker,8,Catch,0
2018,MANISTEE,Pier/Dock,Common White Sucker,8,Harvest,0
2018,MANISTEE,Pier/Dock,Drum,8,Catch,0
2018,MANISTEE,Pier/Dock,Drum,8,Harvest,0
2018,MANISTEE,Pier/Dock,Lake Herring,8,Catch,0
2018,MANISTEE,Pier/Dock,Lake Herring,8,Harvest,0
2018,MANISTEE,Pier/Dock,Lake Whitefish,8,Catch,0
2018,MANISTEE,Pier/Dock,Lake Whitefish,8,Harvest,0
2018,MANISTEE,Pier/Dock,Largemouth Bass,8,Catch,0
2018,MANISTEE,Pier/Dock,Largemouth Bass,8,Harvest,0
2018,MANISTEE,Pier/Dock,Lean Lake Trout,8,Catch,0
2018,MANISTEE,Pier/Dock,Lean Lake Trout,8,Harvest,0
2018,MANISTEE,Pier/Dock,Musky,8,Catch,0
2018,MANISTEE,Pier/Dock,Musky,8,Harvest,0
2018,MANISTEE,Pier/Dock,Northern Pike,8,Catch,0
2018,MANISTEE,Pier/Dock,Northern Pike,8,Harvest,0
2018,MANISTEE,Pier/Dock,,8,Angler Hours,462
2018,MANISTEE,Pier/Dock,Other,8,Catch,0
2018,MANISTEE,Pier/Dock,Other,8,Harvest,0
2018,MANISTEE,Pier/Dock,Pink Salmon,8,Catch,0
2018,MANISTEE,Pier/Dock,Pink Salmon,8,Harvest,0
2018,MANISTEE,Pier/Dock,Pumpkinseed,8,Catch,0
2018,MANISTEE,Pier/Dock,Pumpkinseed,8,Harvest,0
2018,MANISTEE,Pier/Dock,Rockbass,8,Catch,12
2018,MANISTEE,Pier/Dock,Rockbass,8,Harvest,0
2018,MANISTEE,Pier/Dock,Round Whitefish,8,Catch,0
2018,MANISTEE,Pier/Dock,Round Whitefish,8,Harvest,0
2018,MANISTEE,Pier/Dock,Smallmouth Bass,8,Catch,0
2018,MANISTEE,Pier/Dock,Smallmouth Bass,8,Harvest,0
2018,MANISTEE,Pier/Dock,Steelhead,8,Catch,0
2018,MANISTEE,Pier/Dock,Steelhead,8,Harvest,0
2018,MANISTEE,Pier/Dock,Walleye,8,Catch,0
2018,MANISTEE,Pier/Dock,Walleye,8,Harvest,0
2018,MANISTEE,Pier/Dock,White Bass,8,Catch,0
2018,MANISTEE,Pier/Dock,White Bass,8,Harvest,0
2018,MANISTEE,Pier/Dock,White Perch,8,Catch,0
2018,MANISTEE,Pier/Dock,White Perch,8,Harvest,0
2018,MANISTEE,Pier/Dock,Yellow Perch,8,Catch,0
2018,MANISTEE,Pier/Dock,Yellow Perch,8,Harvest,0
2018,MANISTEE,Pier/Dock,Bluegill,9,Catch,0
2018,MANISTEE,Pier/Dock,Bluegill,9,Harvest,0
2018,MANISTEE,Pier/Dock,Brown Trout,9,Catch,0
2018,MANISTEE,Pier/Dock,Brown Trout,9,Harvest,0
2018,MANISTEE,Pier/Dock,Channel Catfish,9,Catch,0
2018,MANISTEE,Pier/Dock,Channel Catfish,9,Harvest,0
2018,MANISTEE,Pier/Dock,Chinook Salmon,9,Catch,0
2018,MANISTEE,Pier/Dock,Chinook Salmon,9,Harvest,0
2018,MANISTEE,Pier/Dock,Coho Salmon,9,Catch,163
2018,MANISTEE,Pier/Dock,Coho Salmon,9,Harvest,163
2018,MANISTEE,Pier/Dock,Common White Sucker,9,Catch,0
2018,MANISTEE,Pier/Dock,Common White Sucker,9,Harvest,0
2018,MANISTEE,Pier/Dock,Drum,9,Catch,0
2018,MANISTEE,Pier/Dock,Drum,9,Harvest,0
2018,MANISTEE,Pier/Dock,Lake Herring,9,Catch,0
2018,MANISTEE,Pier/Dock,Lake Herring,9,Harvest,0
2018,MANISTEE,Pier/Dock,Lake Whitefish,9,Catch,0
2018,MANISTEE,Pier/Dock,Lake Whitefish,9,Harvest,0
2018,MANISTEE,Pier/Dock,Largemouth Bass,9,Catch,0
2018,MANISTEE,Pier/Dock,Largemouth Bass,9,Harvest,0
2018,MANISTEE,Pier/Dock,Lean Lake Trout,9,Catch,0
2018,MANISTEE,Pier/Dock,Lean Lake Trout,9,Harvest,0
2018,MANISTEE,Pier/Dock,Musky,9,Catch,0
2018,MANISTEE,Pier/Dock,Musky,9,Harvest,0
2018,MANISTEE,Pier/Dock,Northern Pike,9,Catch,69
2018,MANISTEE,Pier/Dock,Northern Pike,9,Harvest,59
2018,MANISTEE,Pier/Dock,,9,Angler Hours,1781
2018,MANISTEE,Pier/Dock,Other,9,Catch,0
2018,MANISTEE,Pier/Dock,Other,9,Harvest,0
2018,MANISTEE,Pier/Dock,Pink Salmon,9,Catch,0
2018,MANISTEE,Pier/Dock,Pink Salmon,9,Harvest,0
2018,MANISTEE,Pier/Dock,Pumpkinseed,9,Catch,0
2018,MANISTEE,Pier/Dock,Pumpkinseed,9,Harvest,0
2018,MANISTEE,Pier/Dock,Rockbass,9,Catch,0
2018,MANISTEE,Pier/Dock,Rockbass,9,Harvest,0
2018,MANISTEE,Pier/Dock,Round Whitefish,9,Catch,0
2018,MANISTEE,Pier/Dock,Round Whitefish,9,Harvest,0
2018,MANISTEE,Pier/Dock,Smallmouth Bass,9,Catch,0
2018,MANISTEE,Pier/Dock,Smallmouth Bass,9,Harvest,0
2018,MANISTEE,Pier/Dock,Steelhead,9,Catch,0
2018,MANISTEE,Pier/Dock,Steelhead,9,Harvest,0
2018,MANISTEE,Pier/Dock,Walleye,9,Catch,0
2018,MANISTEE,Pier/Dock,Walleye,9,Harvest,0
2018,MANISTEE,Pier/Dock,White Bass,9,Catch,0
2018,MANISTEE,Pier/Dock,White Bass,9,Harvest,0
2018,MANISTEE,Pier/Dock,White Perch,9,Catch,0
2018,MANISTEE,Pier/Dock,White Perch,9,Harvest,0
2018,MANISTEE,Pier/Dock,Yellow Perch,9,Catch,0
2018,MANISTEE,Pier/Dock,Yellow Perch,9,Harvest,0
2018,MANISTEE,Pier/Dock,Bluegill,10,Catch,0
2018,MANISTEE,Pier/Dock,Bluegill,10,Harvest,0
2018,MANISTEE,Pier/Dock,Brown Trout,10,Catch,0
2018,MANISTEE,Pier/Dock,Brown Trout,10,Harvest,0
2018,MANISTEE,Pier/Dock,Channel Catfish,10,Catch,0
2018,MANISTEE,Pier/Dock,Channel Catfish,10,Harvest,0
2018,MANISTEE,Pier/Dock,Chinook Salmon,10,Catch,0
2018,MANISTEE,Pier/Dock,Chinook Salmon,10,Harvest,0
2018,MANISTEE,Pier/Dock,Coho Salmon,10,Catch,10
2018,MANISTEE,Pier/Dock,Coho Salmon,10,Harvest,10
2018,MANISTEE,Pier/Dock,Common White Sucker,10,Catch,0
2018,MANISTEE,Pier/Dock,Common White Sucker,10,Harvest,0
2018,MANISTEE,Pier/Dock,Drum,10,Catch,0
2018,MANISTEE,Pier/Dock,Drum,10,Harvest,0
2018,MANISTEE,Pier/Dock,Lake Herring,10,Catch,0
2018,MANISTEE,Pier/Dock,Lake Herring,10,Harvest,0
2018,MANISTEE,Pier/Dock,Lake Whitefish,10,Catch,0
2018,MANISTEE,Pier/Dock,Lake Whitefish,10,Harvest,0
2018,MANISTEE,Pier/Dock,Largemouth Bass,10,Catch,0
2018,MANISTEE,Pier/Dock,Largemouth Bass,10,Harvest,0
2018,MANISTEE,Pier/Dock,Lean Lake Trout,10,Catch,0
2018,MANISTEE,Pier/Dock,Lean Lake Trout,10,Harvest,0
2018,MANISTEE,Pier/Dock,Musky,10,Catch,0
2018,MANISTEE,Pier/Dock,Musky,10,Harvest,0
2018,MANISTEE,Pier/Dock,Northern Pike,10,Catch,0
2018,MANISTEE,Pier/Dock,Northern Pike,10,Harvest,0
2018,MANISTEE,Pier/Dock,,10,Angler Hours,1418
2018,MANISTEE,Pier/Dock,Other,10,Catch,0
2018,MANISTEE,Pier/Dock,Other,10,Harvest,0
2018,MANISTEE,Pier/Dock,Pink Salmon,10,Catch,0
2018,MANISTEE,Pier/Dock,Pink Salmon,10,Harvest,0
2018,MANISTEE,Pier/Dock,Pumpkinseed,10,Catch,0
2018,MANISTEE,Pier/Dock,Pumpkinseed,10,Harvest,0
2018,MANISTEE,Pier/Dock,Rockbass,10,Catch,0
2018,MANISTEE,Pier/Dock,Rockbass,10,Harvest,0
2018,MANISTEE,Pier/Dock,Round Whitefish,10,Catch,0
2018,MANISTEE,Pier/Dock,Round Whitefish,10,Harvest,0
2018,MANISTEE,Pier/Dock,Smallmouth Bass,10,Catch,0
2018,MANISTEE,Pier/Dock,Smallmouth Bass,10,Harvest,0
2018,MANISTEE,Pier/Dock,Steelhead,10,Catch,271
2018,MANISTEE,Pier/Dock,Steelhead,10,Harvest,142
2018,MANISTEE,Pier/Dock,Walleye,10,Catch,0
2018,MANISTEE,Pier/Dock,Walleye,10,Harvest,0
2018,MANISTEE,Pier/Dock,White Bass,10,Catch,0
2018,MANISTEE,Pier/Dock,White Bass,10,Harvest,0
2018,MANISTEE,Pier/Dock,White Perch,10,Catch,0
2018,MANISTEE,Pier/Dock,White Perch,10,Harvest,0
2018,MANISTEE,Pier/Dock,Yellow Perch,10,Catch,0
2018,MANISTEE,Pier/Dock,Yellow Perch,10,Harvest,0
2019,MANISTEE,Pier/Dock,Atlantic Salmon,4,Catch,0
2019,MANISTEE,Pier/Dock,Atlantic Salmon,4,Harvest,0
2019,MANISTEE,Pier/Dock,Black Crappie,4,Catch,0
2019,MANISTEE,Pier/Dock,Black Crappie,4,Harvest,0
2019,MANISTEE,Pier/Dock,Bluegill,4,Catch,0
2019,MANISTEE,Pier/Dock,Bluegill,4,Harvest,0
2019,MANISTEE,Pier/Dock,Brown Trout,4,Catch,17
2019,MANISTEE,Pier/Dock,Brown Trout,4,Harvest,17
2019,MANISTEE,Pier/Dock,Channel Catfish,4,Catch,0
2019,MANISTEE,Pier/Dock,Channel Catfish,4,Harvest,0
2019,MANISTEE,Pier/Dock,Chinook Salmon,4,Catch,0
2019,MANISTEE,Pier/Dock,Chinook Salmon,4,Harvest,0
2019,MANISTEE,Pier/Dock,Coho Salmon,4,Catch,0
2019,MANISTEE,Pier/Dock,Coho Salmon,4,Harvest,0
2019,MANISTEE,Pier/Dock,Common White Sucker,4,Catch,5
2019,MANISTEE,Pier/Dock,Common White Sucker,4,Harvest,0
2019,MANISTEE,Pier/Dock,Drum,4,Catch,0
2019,MANISTEE,Pier/Dock,Drum,4,Harvest,0
2019,MANISTEE,Pier/Dock,Fat Lake Trout,4,Catch,0
2019,MANISTEE,Pier/Dock,Fat Lake Trout,4,Harvest,0
2019,MANISTEE,Pier/Dock,Lake Herring,4,Catch,0
2019,MANISTEE,Pier/Dock,Lake Herring,4,Harvest,0
2019,MANISTEE,Pier/Dock,Lake Whitefish,4,Catch,0
2019,MANISTEE,Pier/Dock,Lake Whitefish,4,Harvest,0
2019,MANISTEE,Pier/Dock,Largemouth Bass,4,Catch,0
2019,MANISTEE,Pier/Dock,Largemouth Bass,4,Harvest,0
2019,MANISTEE,Pier/Dock,Lean Lake Trout,4,Catch,0
2019,MANISTEE,Pier/Dock,Lean Lake Trout,4,Harvest,0
2019,MANISTEE,Pier/Dock,Northern Pike,4,Catch,0
2019,MANISTEE,Pier/Dock,Northern Pike,4,Harvest,0
2019,MANISTEE,Pier/Dock,,4,Angler Hours,800
2019,MANISTEE,Pier/Dock,Other,4,Catch,0
2019,MANISTEE,Pier/Dock,Other,4,Harvest,0
2019,MANISTEE,Pier/Dock,Pink Salmon,4,Catch,0
2019,MANISTEE,Pier/Dock,Pink Salmon,4,Harvest,0
2019,MANISTEE,Pier/Dock,Pumpkinseed,4,Catch,0
2019,MANISTEE,Pier/Dock,Pumpkinseed,4,Harvest,0
2019,MANISTEE,Pier/Dock,Rockbass,4,Catch,23
2019,MANISTEE,Pier/Dock,Rockbass,4,Harvest,0
2019,MANISTEE,Pier/Dock,Round Whitefish,4,Catch,0
2019,MANISTEE,Pier/Dock,Round Whitefish,4,Harvest,0
2019,MANISTEE,Pier/Dock,Smallmouth Bass,4,Catch,0
2019,MANISTEE,Pier/Dock,Smallmouth Bass,4,Harvest,0
2019,MANISTEE,Pier/Dock,Steelhead,4,Catch,10
2019,MANISTEE,Pier/Dock,Steelhead,4,Harvest,10
2019,MANISTEE,Pier/Dock,Walleye,4,Catch,0
2019,MANISTEE,Pier/Dock,Walleye,4,Harvest,0
2019,MANISTEE,Pier/Dock,White Bass,4,Catch,0
2019,MANISTEE,Pier/Dock,White Bass,4,Harvest,0
2019,MANISTEE,Pier/Dock,White Perch,4,Catch,0
2019,MANISTEE,Pier/Dock,White Perch,4,Harvest,0
2019,MANISTEE,Pier/Dock,Yellow Perch,4,Catch,884
2019,MANISTEE,Pier/Dock,Yellow Perch,4,Harvest,763
2019,MANISTEE,Pier/Dock,Atlantic Salmon,5,Catch,0
2019,MANISTEE,Pier/Dock,Atlantic Salmon,5,Harvest,0
2019,MANISTEE,Pier/Dock,Black Crappie,5,Catch,0
2019,MANISTEE,Pier/Dock,Black Crappie,5,Harvest,0
2019,MANISTEE,Pier/Dock,Bluegill,5,Catch,0
2019,MANISTEE,Pier/Dock,Bluegill,5,Harvest,0
2019,MANISTEE,Pier/Dock,Brown Trout,5,Catch,0
2019,MANISTEE,Pier/Dock,Brown Trout,5,Harvest,0
2019,MANISTEE,Pier/Dock,Channel Catfish,5,Catch,0
2019,MANISTEE,Pier/Dock,Channel Catfish,5,Harvest,0
2019,MANISTEE,Pier/Dock,Chinook Salmon,5,Catch,0
2019,MANISTEE,Pier/Dock,Chinook Salmon,5,Harvest,0
2019,MANISTEE,Pier/Dock,Coho Salmon,5,Catch,0
2019,MANISTEE,Pier/Dock,Coho Salmon,5,Harvest,0
2019,MANISTEE,Pier/Dock,Common White Sucker,5,Catch,0
2019,MANISTEE,Pier/Dock,Common White Sucker,5,Harvest,0
2019,MANISTEE,Pier/Dock,Drum,5,Catch,0
2019,MANISTEE,Pier/Dock,Drum,5,Harvest,0
2019,MANISTEE,Pier/Dock,Fat Lake Trout,5,Catch,0
2019,MANISTEE,Pier/Dock,Fat Lake Trout,5,Harvest,0
2019,MANISTEE,Pier/Dock,Lake Herring,5,Catch,0
2019,MANISTEE,Pier/Dock,Lake Herring,5,Harvest,0
2019,MANISTEE,Pier/Dock,Lake Whitefish,5,Catch,0
2019,MANISTEE,Pier/Dock,Lake Whitefish,5,Harvest,0
2019,MANISTEE,Pier/Dock,Largemouth Bass,5,Catch,0
2019,MANISTEE,Pier/Dock,Largemouth Bass,5,Harvest,0
2019,MANISTEE,Pier/Dock,Lean Lake Trout,5,Catch,44
2019,MANISTEE,Pier/Dock,Lean Lake Trout,5,Harvest,44
2019,MANISTEE,Pier/Dock,Northern Pike,5,Catch,0
2019,MANISTEE,Pier/Dock,Northern Pike,5,Harvest,0
2019,MANISTEE,Pier/Dock,,5,Angler Hours,926
2019,MANISTEE,Pier/Dock,Other,5,Catch,0
2019,MANISTEE,Pier/Dock,Other,5,Harvest,0
2019,MANISTEE,Pier/Dock,Pink Salmon,5,Catch,0
2019,MANISTEE,Pier/Dock,Pink Salmon,5,Harvest,0
2019,MANISTEE,Pier/Dock,Pumpkinseed,5,Catch,0
2019,MANISTEE,Pier/Dock,Pumpkinseed,5,Harvest,0
2019,MANISTEE,Pier/Dock,Rockbass,5,Catch,0
2019,MANISTEE,Pier/Dock,Rockbass,5,Harvest,0
2019,MANISTEE,Pier/Dock,Round Whitefish,5,Catch,0
2019,MANISTEE,Pier/Dock,Round Whitefish,5,Harvest,0
2019,MANISTEE,Pier/Dock,Smallmouth Bass,5,Catch,0
2019,MANISTEE,Pier/Dock,Smallmouth Bass,5,Harvest,0
2019,MANISTEE,Pier/Dock,Steelhead,5,Catch,0
2019,MANISTEE,Pier/Dock,Steelhead,5,Harvest,0
2019,MANISTEE,Pier/Dock,Walleye,5,Catch,0
2019,MANISTEE,Pier/Dock,Walleye,5,Harvest,0
2019,MANISTEE,Pier/Dock,White Bass,5,Catch,0
2019,MANISTEE,Pier/Dock,White Bass,5,Harvest,0
2019,MANISTEE,Pier/Dock,White Perch,5,Catch,0
2019,MANISTEE,Pier/Dock,White Perch,5,Harvest,0
2019,MANISTEE,Pier/Dock,Yellow Perch,5,Catch,798
2019,MANISTEE,Pier/Dock,Yellow Perch,5,Harvest,798
2019,MANISTEE,Pier/Dock,Atlantic Salmon,6,Catch,0
2019,MANISTEE,Pier/Dock,Atlantic Salmon,6,Harvest,0
2019,MANISTEE,Pier/Dock,Black Crappie,6,Catch,0
2019,MANISTEE,Pier/Dock,Black Crappie,6,Harvest,0
2019,MANISTEE,Pier/Dock,Bluegill,6,Catch,0
2019,MANISTEE,Pier/Dock,Bluegill,6,Harvest,0
2019,MANISTEE,Pier/Dock,Brown Trout,6,Catch,0
2019,MANISTEE,Pier/Dock,Brown Trout,6,Harvest,0
2019,MANISTEE,Pier/Dock,Channel Catfish,6,Catch,0
2019,MANISTEE,Pier/Dock,Channel Catfish,6,Harvest,0
2019,MANISTEE,Pier/Dock,Chinook Salmon,6,Catch,25
2019,MANISTEE,Pier/Dock,Chinook Salmon,6,Harvest,25
2019,MANISTEE,Pier/Dock,Coho Salmon,6,Catch,0
2019,MANISTEE,Pier/Dock,Coho Salmon,6,Harvest,0
2019,MANISTEE,Pier/Dock,Common White Sucker,6,Catch,0
2019,MANISTEE,Pier/Dock,Common White Sucker,6,Harvest,0
2019,MANISTEE,Pier/Dock,Drum,6,Catch,0
2019,MANISTEE,Pier/Dock,Drum,6,Harvest,0
2019,MANISTEE,Pier/Dock,Fat Lake Trout,6,Catch,0
2019,MANISTEE,Pier/Dock,Fat Lake Trout,6,Harvest,0
2019,MANISTEE,Pier/Dock,Lake Herring,6,Catch,0
2019,MANISTEE,Pier/Dock,Lake Herring,6,Harvest,0
2019,MANISTEE,Pier/Dock,Lake Whitefish,6,Catch,0
2019,MANISTEE,Pier/Dock,Lake Whitefish,6,Harvest,0
2019,MANISTEE,Pier/Dock,Largemouth Bass,6,Catch,0
2019,MANISTEE,Pier/Dock,Largemouth Bass,6,Harvest,0
2019,MANISTEE,Pier/Dock,Lean Lake Trout,6,Catch,0
2019,MANISTEE,Pier/Dock,Lean Lake Trout,6,Harvest,0
2019,MANISTEE,Pier/Dock,Northern Pike,6,Catch,0
2019,MANISTEE,Pier/Dock,Northern Pike,6,Harvest,0
2019,MANISTEE,Pier/Dock,,6,Angler Hours,1085
2019,MANISTEE,Pier/Dock,Other,6,Catch,0
2019,MANISTEE,Pier/Dock,Other,6,Harvest,0
2019,MANISTEE,Pier/Dock,Pink Salmon,6,Catch,0
2019,MANISTEE,Pier/Dock,Pink Salmon,6,Harvest,0
2019,MANISTEE,Pier/Dock,Pumpkinseed,6,Catch,0
2019,MANISTEE,Pier/Dock,Pumpkinseed,6,Harvest,0
2019,MANISTEE,Pier/Dock,Rockbass,6,Catch,0
2019,MANISTEE,Pier/Dock,Rockbass,6,Harvest,0
2019,MANISTEE,Pier/Dock,Round Whitefish,6,Catch,0
2019,MANISTEE,Pier/Dock,Round Whitefish,6,Harvest,0
2019,MANISTEE,Pier/Dock,Smallmouth Bass,6,Catch,0
2019,MANISTEE,Pier/Dock,Smallmouth Bass,6,Harvest,0
2019,MANISTEE,Pier/Dock,Steelhead,6,Catch,9
2019,MANISTEE,Pier/Dock,Steelhead,6,Harvest,9
2019,MANISTEE,Pier/Dock,Walleye,6,Catch,0
2019,MANISTEE,Pier/Dock,Walleye,6,Harvest,0
2019,MANISTEE,Pier/Dock,White Bass,6,Catch,0
2019,MANISTEE,Pier/Dock,White Bass,6,Harvest,0
2019,MANISTEE,Pier/Dock,White Perch,6,Catch,0
2019,MANISTEE,Pier/Dock,White Perch,6,Harvest,0
2019,MANISTEE,Pier/Dock,Yellow Perch,6,Catch,659
2019,MANISTEE,Pier/Dock,Yellow Perch,6,Harvest,399
2019,MANISTEE,Pier/Dock,Atlantic Salmon,7,Catch,0
2019,MANISTEE,Pier/Dock,Atlantic Salmon,7,Harvest,0
2019,MANISTEE,Pier/Dock,Black Crappie,7,Catch,0
2019,MANISTEE,Pier/Dock,Black Crappie,7,Harvest,0
2019,MANISTEE,Pier/Dock,Bluegill,7,Catch,0
2019,MANISTEE,Pier/Dock,Bluegill,7,Harvest,0
2019,MANISTEE,Pier/Dock,Brown Trout,7,Catch,0
2019,MANISTEE,Pier/Dock,Brown Trout,7,Harvest,0
2019,MANISTEE,Pier/Dock,Channel Catfish,7,Catch,0
2019,MANISTEE,Pier/Dock,Channel Catfish,7,Harvest,0
2019,MANISTEE,Pier/Dock,Chinook Salmon,7,Catch,0
2019,MANISTEE,Pier/Dock,Chinook Salmon,7,Harvest,0
2019,MANISTEE,Pier/Dock,Coho Salmon,7,Catch,18
2019,MANISTEE,Pier/Dock,Coho Salmon,7,Harvest,18
2019,MANISTEE,Pier/Dock,Common White Sucker,7,Catch,0
2019,MANISTEE,Pier/Dock,Common White Sucker,7,Harvest,0
2019,MANISTEE,Pier/Dock,Drum,7,Catch,0
2019,MANISTEE,Pier/Dock,Drum,7,Harvest,0
2019,MANISTEE,Pier/Dock,Fat Lake Trout,7,Catch,0
2019,MANISTEE,Pier/Dock,Fat Lake Trout,7,Harvest,0
2019,MANISTEE,Pier/Dock,Lake Herring,7,Catch,0
2019,MANISTEE,Pier/Dock,Lake Herring,7,Harvest,0
2019,MANISTEE,Pier/Dock,Lake Whitefish,7,Catch,0
2019,MANISTEE,Pier/Dock,Lake Whitefish,7,Harvest,0
2019,MANISTEE,Pier/Dock,Largemouth Bass,7,Catch,0
2019,MANISTEE,Pier/Dock,Largemouth Bass,7,Harvest,0
2019,MANISTEE,Pier/Dock,Lean Lake Trout,7,Catch,0
2019,MANISTEE,Pier/Dock,Lean Lake Trout,7,Harvest,0
2019,MANISTEE,Pier/Dock,Northern Pike,7,Catch,0
2019,MANISTEE,Pier/Dock,Northern Pike,7,Harvest,0
2019,MANISTEE,Pier/Dock,,7,Angler Hours,380
2019,MANISTEE,Pier/Dock,Other,7,Catch,0
2019,MANISTEE,Pier/Dock,Other,7,Harvest,0
2019,MANISTEE,Pier/Dock,Pink Salmon,7,Catch,0
2019,MANISTEE,Pier/Dock,Pink Salmon,7,Harvest,0
2019,MANISTEE,Pier/Dock,Pumpkinseed,7,Catch,0
2019,MANISTEE,Pier/Dock,Pumpkinseed,7,Harvest,0
2019,MANISTEE,Pier/Dock,Rockbass,7,Catch,0
2019,MANISTEE,Pier/Dock,Rockbass,7,Harvest,0
2019,MANISTEE,Pier/Dock,Round Whitefish,7,Catch,0
2019,MANISTEE,Pier/Dock,Round Whitefish,7,Harvest,0
2019,MANISTEE,Pier/Dock,Smallmouth Bass,7,Catch,0
2019,MANISTEE,Pier/Dock,Smallmouth Bass,7,Harvest,0
2019,MANISTEE,Pier/Dock,Steelhead,7,Catch,0
2019,MANISTEE,Pier/Dock,Steelhead,7,Harvest,0
2019,MANISTEE,Pier/Dock,Walleye,7,Catch,0
2019,MANISTEE,Pier/Dock,Walleye,7,Harvest,0
2019,MANISTEE,Pier/Dock,White Bass,7,Catch,0
2019,MANISTEE,Pier/Dock,White Bass,7,Harvest,0
2019,MANISTEE,Pier/Dock,White Perch,7,Catch,0
2019,MANISTEE,Pier/Dock,White Perch,7,Harvest,0
2019,MANISTEE,Pier/Dock,Yellow Perch,7,Catch,0
2019,MANISTEE,Pier/Dock,Yellow Perch,7,Harvest,0
2019,MANISTEE,Pier/Dock,Atlantic Salmon,8,Catch,0
2019,MANISTEE,Pier/Dock,Atlantic Salmon,8,Harvest,0
2019,MANISTEE,Pier/Dock,Black Crappie,8,Catch,0
2019,MANISTEE,Pier/Dock,Black Crappie,8,Harvest,0
2019,MANISTEE,Pier/Dock,Bluegill,8,Catch,0
2019,MANISTEE,Pier/Dock,Bluegill,8,Harvest,0
2019,MANISTEE,Pier/Dock,Brown Trout,8,Catch,0
2019,MANISTEE,Pier/Dock,Brown Trout,8,Harvest,0
2019,MANISTEE,Pier/Dock,Channel Catfish,8,Catch,0
2019,MANISTEE,Pier/Dock,Channel Catfish,8,Harvest,0
2019,MANISTEE,Pier/Dock,Chinook Salmon,8,Catch,192
2019,MANISTEE,Pier/Dock,Chinook Salmon,8,Harvest,192
2019,MANISTEE,Pier/Dock,Coho Salmon,8,Catch,0
2019,MANISTEE,Pier/Dock,Coho Salmon,8,Harvest,0
2019,MANISTEE,Pier/Dock,Common White Sucker,8,Catch,0
2019,MANISTEE,Pier/Dock,Common White Sucker,8,Harvest,0
2019,MANISTEE,Pier/Dock,Drum,8,Catch,0
2019,MANISTEE,Pier/Dock,Drum,8,Harvest,0
2019,MANISTEE,Pier/Dock,Fat Lake Trout,8,Catch,0
2019,MANISTEE,Pier/Dock,Fat Lake Trout,8,Harvest,0
2019,MANISTEE,Pier/Dock,Lake Herring,8,Catch,0
2019,MANISTEE,Pier/Dock,Lake Herring,8,Harvest,0
2019,MANISTEE,Pier/Dock,Lake Whitefish,8,Catch,0
2019,MANISTEE,Pier/Dock,Lake Whitefish,8,Harvest,0
2019,MANISTEE,Pier/Dock,Largemouth Bass,8,Catch,0
2019,MANISTEE,Pier/Dock,Largemouth Bass,8,Harvest,0
2019,MANISTEE,Pier/Dock,Lean Lake Trout,8,Catch,0
2019,MANISTEE,Pier/Dock,Lean Lake Trout,8,Harvest,0
2019,MANISTEE,Pier/Dock,Northern Pike,8,Catch,0
2019,MANISTEE,Pier/Dock,Northern Pike,8,Harvest,0
2019,MANISTEE,Pier/Dock,,8,Angler Hours,1444
2019,MANISTEE,Pier/Dock,Other,8,Catch,0
2019,MANISTEE,Pier/Dock,Other,8,Harvest,0
2019,MANISTEE,Pier/Dock,Pink Salmon,8,Catch,0
2019,MANISTEE,Pier/Dock,Pink Salmon,8,Harvest,0
2019,MANISTEE,Pier/Dock,Pumpkinseed,8,Catch,0
2019,MANISTEE,Pier/Dock,Pumpkinseed,8,Harvest,0
2019,MANISTEE,Pier/Dock,Rockbass,8,Catch,0
2019,MANISTEE,Pier/Dock,Rockbass,8,Harvest,0
2019,MANISTEE,Pier/Dock,Round Whitefish,8,Catch,0
2019,MANISTEE,Pier/Dock,Round Whitefish,8,Harvest,0
2019,MANISTEE,Pier/Dock,Smallmouth Bass,8,Catch,0
2019,MANISTEE,Pier/Dock,Smallmouth Bass,8,Harvest,0
2019,MANISTEE,Pier/Dock,Steelhead,8,Catch,0
2019,MANISTEE,Pier/Dock,Steelhead,8,Harvest,0
2019,MANISTEE,Pier/Dock,Walleye,8,Catch,0
2019,MANISTEE,Pier/Dock,Walleye,8,Harvest,0
2019,MANISTEE,Pier/Dock,White Bass,8,Catch,0
2019,MANISTEE,Pier/Dock,White Bass,8,Harvest,0
2019,MANISTEE,Pier/Dock,White Perch,8,Catch,0
2019,MANISTEE,Pier/Dock,White Perch,8,Harvest,0
2019,MANISTEE,Pier/Dock,Yellow Perch,8,Catch,0
2019,MANISTEE,Pier/Dock,Yellow Perch,8,Harvest,0
2019,MANISTEE,Pier/Dock,Atlantic Salmon,9,Catch,0
2019,MANISTEE,Pier/Dock,Atlantic Salmon,9,Harvest,0
2019,MANISTEE,Pier/Dock,Black Crappie,9,Catch,0
2019,MANISTEE,Pier/Dock,Black Crappie,9,Harvest,0
2019,MANISTEE,Pier/Dock,Bluegill,9,Catch,0
2019,MANISTEE,Pier/Dock,Bluegill,9,Harvest,0
2019,MANISTEE,Pier/Dock,Brown Trout,9,Catch,0
2019,MANISTEE,Pier/Dock,Brown Trout,9,Harvest,0
2019,MANISTEE,Pier/Dock,Channel Catfish,9,Catch,0
2019,MANISTEE,Pier/Dock,Channel Catfish,9,Harvest,0
2019,MANISTEE,Pier/Dock,Chinook Salmon,9,Catch,36
2019,MANISTEE,Pier/Dock,Chinook Salmon,9,Harvest,36
2019,MANISTEE,Pier/Dock,Coho Salmon,9,Catch,0
2019,MANISTEE,Pier/Dock,Coho Salmon,9,Harvest,0
2019,MANISTEE,Pier/Dock,Common White Sucker,9,Catch,0
2019,MANISTEE,Pier/Dock,Common White Sucker,9,Harvest,0
2019,MANISTEE,Pier/Dock,Drum,9,Catch,0
2019,MANISTEE,Pier/Dock,Drum,9,Harvest,0
2019,MANISTEE,Pier/Dock,Fat Lake Trout,9,Catch,0
2019,MANISTEE,Pier/Dock,Fat Lake Trout,9,Harvest,0
2019,MANISTEE,Pier/Dock,Lake Herring,9,Catch,0
2019,MANISTEE,Pier/Dock,Lake Herring,9,Harvest,0
2019,MANISTEE,Pier/Dock,Lake Whitefish,9,Catch,0
2019,MANISTEE,Pier/Dock,Lake Whitefish,9,Harvest,0
2019,MANISTEE,Pier/Dock,Largemouth Bass,9,Catch,0
2019,MANISTEE,Pier/Dock,Largemouth Bass,9,Harvest,0
2019,MANISTEE,Pier/Dock,Lean Lake Trout,9,Catch,0
2019,MANISTEE,Pier/Dock,Lean Lake Trout,9,Harvest,0
2019,MANISTEE,Pier/Dock,Northern Pike,9,Catch,0
2019,MANISTEE,Pier/Dock,Northern Pike,9,Harvest,0
2019,MANISTEE,Pier/Dock,,9,Angler Hours,993
2019,MANISTEE,Pier/Dock,Other,9,Catch,0
2019,MANISTEE,Pier/Dock,Other,9,Harvest,0
2019,MANISTEE,Pier/Dock,Pink Salmon,9,Catch,0
2019,MANISTEE,Pier/Dock,Pink Salmon,9,Harvest,0
2019,MANISTEE,Pier/Dock,Pumpkinseed,9,Catch,0
2019,MANISTEE,Pier/Dock,Pumpkinseed,9,Harvest,0
2019,MANISTEE,Pier/Dock,Rockbass,9,Catch,0
2019,MANISTEE,Pier/Dock,Rockbass,9,Harvest,0
2019,MANISTEE,Pier/Dock,Round Whitefish,9,Catch,0
2019,MANISTEE,Pier/Dock,Round Whitefish,9,Harvest,0
2019,MANISTEE,Pier/Dock,Smallmouth Bass,9,Catch,0
2019,MANISTEE,Pier/Dock,Smallmouth Bass,9,Harvest,0
2019,MANISTEE,Pier/Dock,Steelhead,9,Catch,0
2019,MANISTEE,Pier/Dock,Steelhead,9,Harvest,0
2019,MANISTEE,Pier/Dock,Walleye,9,Catch,0
2019,MANISTEE,Pier/Dock,Walleye,9,Harvest,0
2019,MANISTEE,Pier/Dock,White Bass,9,Catch,0
2019,MANISTEE,Pier/Dock,White Bass,9,Harvest,0
2019,MANISTEE,Pier/Dock,White Perch,9,Catch,0
2019,MANISTEE,Pier/Dock,White Perch,9,Harvest,0
2019,MANISTEE,Pier/Dock,Yellow Perch,9,Catch,0
2019,MANISTEE,Pier/Dock,Yellow Perch,9,Harvest,0
2019,MANISTEE,Pier/Dock,Atlantic Salmon,10,Catch,0
2019,MANISTEE,Pier/Dock,Atlantic Salmon,10,Harvest,0
2019,MANISTEE,Pier/Dock,Black Crappie,10,Catch,0
2019,MANISTEE,Pier/Dock,Black Crappie,10,Harvest,0
2019,MANISTEE,Pier/Dock,Bluegill,10,Catch,0
2019,MANISTEE,Pier/Dock,Bluegill,10,Harvest,0
2019,MANISTEE,Pier/Dock,Brown Trout,10,Catch,0
2019,MANISTEE,Pier/Dock,Brown Trout,10,Harvest,0
2019,MANISTEE,Pier/Dock,Channel Catfish,10,Catch,0
2019,MANISTEE,Pier/Dock,Channel Catfish,10,Harvest,0
2019,MANISTEE,Pier/Dock,Chinook Salmon,10,Catch,75
2019,MANISTEE,Pier/Dock,Chinook Salmon,10,Harvest,15
2019,MANISTEE,Pier/Dock,Coho Salmon,10,Catch,185
2019,MANISTEE,Pier/Dock,Coho Salmon,10,Harvest,45
2019,MANISTEE,Pier/Dock,Common White Sucker,10,Catch,0
2019,MANISTEE,Pier/Dock,Common White Sucker,10,Harvest,0
2019,MANISTEE,Pier/Dock,Drum,10,Catch,0
2019,MANISTEE,Pier/Dock,Drum,10,Harvest,0
2019,MANISTEE,Pier/Dock,Fat Lake Trout,10,Catch,0
2019,MANISTEE,Pier/Dock,Fat Lake Trout,10,Harvest,0
2019,MANISTEE,Pier/Dock,Lake Herring,10,Catch,0
2019,MANISTEE,Pier/Dock,Lake Herring,10,Harvest,0
2019,MANISTEE,Pier/Dock,Lake Whitefish,10,Catch,77
2019,MANISTEE,Pier/Dock,Lake Whitefish,10,Harvest,77
2019,MANISTEE,Pier/Dock,Largemouth Bass,10,Catch,0
2019,MANISTEE,Pier/Dock,Largemouth Bass,10,Harvest,0
2019,MANISTEE,Pier/Dock,Lean Lake Trout,10,Catch,1
2019,MANISTEE,Pier/Dock,Lean Lake Trout,10,Harvest,1
2019,MANISTEE,Pier/Dock,Northern Pike,10,Catch,38
2019,MANISTEE,Pier/Dock,Northern Pike,10,Harvest,38
2019,MANISTEE,Pier/Dock,,10,Angler Hours,549
2019,MANISTEE,Pier/Dock,Other,10,Catch,0
2019,MANISTEE,Pier/Dock,Other,10,Harvest,0
2019,MANISTEE,Pier/Dock,Pink Salmon,10,Catch,0
2019,MANISTEE,Pier/Dock,Pink Salmon,10,Harvest,0
2019,MANISTEE,Pier/Dock,Pumpkinseed,10,Catch,0
2019,MANISTEE,Pier/Dock,Pumpkinseed,10,Harvest,0
2019,MANISTEE,Pier/Dock,Rockbass,10,Catch,0
2019,MANISTEE,Pier/Dock,Rockbass,10,Harvest,0
2019,MANISTEE,Pier/Dock,Round Whitefish,10,Catch,0
2019,MANISTEE,Pier/Dock,Round Whitefish,10,Harvest,0
2019,MANISTEE,Pier/Dock,Smallmouth Bass,10,Catch,0
2019,MANISTEE,Pier/Dock,Smallmouth Bass,10,Harvest,0
2019,MANISTEE,Pier/Dock,Steelhead,10,Catch,46
2019,MANISTEE,Pier/Dock,Steelhead,10,Harvest,7
2019,MANISTEE,Pier/Dock,Walleye,10,Catch,0
2019,MANISTEE,Pier/Dock,Walleye,10,Harvest,0
2019,MANISTEE,Pier/Dock,White Bass,10,Catch,0
2019,MANISTEE,Pier/Dock,White Bass,10,Harvest,0
2019,MANISTEE,Pier/Dock,White Perch,10,Catch,0
2019,MANISTEE,Pier/Dock,White Perch,10,Harvest,0
2019,MANISTEE,Pier/Dock,Yellow Perch,10,Catch,0
2019,MANISTEE,Pier/Dock,Yellow Perch,10,Harvest,0
2020,MANISTEE,Pier/Dock,Bluegill,5,Catch,0
2020,MANISTEE,Pier/Dock,Bluegill,5,Harvest,0
2020,MANISTEE,Pier/Dock,Brown Trout,5,Catch,0
2020,MANISTEE,Pier/Dock,Brown Trout,5,Harvest,0
2020,MANISTEE,Pier/Dock,Carp,5,Catch,0
2020,MANISTEE,Pier/Dock,Carp,5,Harvest,0
2020,MANISTEE,Pier/Dock,Channel Catfish,5,Catch,0
2020,MANISTEE,Pier/Dock,Channel Catfish,5,Harvest,0
2020,MANISTEE,Pier/Dock,Chinook Salmon,5,Catch,0
2020,MANISTEE,Pier/Dock,Chinook Salmon,5,Harvest,0
2020,MANISTEE,Pier/Dock,Coho Salmon,5,Catch,0
2020,MANISTEE,Pier/Dock,Coho Salmon,5,Harvest,0
2020,MANISTEE,Pier/Dock,Common White Sucker,5,Catch,0
2020,MANISTEE,Pier/Dock,Common White Sucker,5,Harvest,0
2020,MANISTEE,Pier/Dock,Drum,5,Catch,0
2020,MANISTEE,Pier/Dock,Drum,5,Harvest,0
2020,MANISTEE,Pier/Dock,Lake Herring,5,Catch,0
2020,MANISTEE,Pier/Dock,Lake Herring,5,Harvest,0
2020,MANISTEE,Pier/Dock,Lake Whitefish,5,Catch,0
2020,MANISTEE,Pier/Dock,Lake Whitefish,5,Harvest,0
2020,MANISTEE,Pier/Dock,Largemouth Bass,5,Catch,0
2020,MANISTEE,Pier/Dock,Largemouth Bass,5,Harvest,0
2020,MANISTEE,Pier/Dock,Lean Lake Trout,5,Catch,0
2020,MANISTEE,Pier/Dock,Lean Lake Trout,5,Harvest,0
2020,MANISTEE,Pier/Dock,Northern Pike,5,Catch,0
2020,MANISTEE,Pier/Dock,Northern Pike,5,Harvest,0
2020,MANISTEE,Pier/Dock,,5,Angler Hours,32
2020,MANISTEE,Pier/Dock,,5,Catch,0
2020,MANISTEE,Pier/Dock,,5,Harvest,0
2020,MANISTEE,Pier/Dock,Other,5,Catch,0
2020,MANISTEE,Pier/Dock,Other,5,Harvest,0
2020,MANISTEE,Pier/Dock,Pink Salmon,5,Catch,0
2020,MANISTEE,Pier/Dock,Pink Salmon,5,Harvest,0
2020,MANISTEE,Pier/Dock,Pumpkinseed,5,Catch,0
2020,MANISTEE,Pier/Dock,Pumpkinseed,5,Harvest,0
2020,MANISTEE,Pier/Dock,Rockbass,5,Catch,0
2020,MANISTEE,Pier/Dock,Rockbass,5,Harvest,0
2020,MANISTEE,Pier/Dock,Round Whitefish,5,Catch,0
2020,MANISTEE,Pier/Dock,Round Whitefish,5,Harvest,0
2020,MANISTEE,Pier/Dock,Smallmouth Bass,5,Catch,0
2020,MANISTEE,Pier/Dock,Smallmouth Bass,5,Harvest,0
2020,MANISTEE,Pier/Dock,Smelt,5,Catch,0
2020,MANISTEE,Pier/Dock,Smelt,5,Harvest,0
2020,MANISTEE,Pier/Dock,Steelhead,5,Catch,0
2020,MANISTEE,Pier/Dock,Steelhead,5,Harvest,0
2020,MANISTEE,Pier/Dock,Walleye,5,Catch,0
2020,MANISTEE,Pier/Dock,Walleye,5,Harvest,0
2020,MANISTEE,Pier/Dock,White Bass,5,Catch,0
2020,MANISTEE,Pier/Dock,White Bass,5,Harvest,0
2020,MANISTEE,Pier/Dock,White Perch,5,Catch,0
2020,MANISTEE,Pier/Dock,White Perch,5,Harvest,0
2020,MANISTEE,Pier/Dock,Yellow Perch,5,Catch,0
2020,MANISTEE,Pier/Dock,Yellow Perch,5,Harvest,0
2020,MANISTEE,Pier/Dock,Bluegill,6,Catch,0
2020,MANISTEE,Pier/Dock,Bluegill,6,Harvest,0
2020,MANISTEE,Pier/Dock,Brown Trout,6,Catch,0
2020,MANISTEE,Pier/Dock,Brown Trout,6,Harvest,0
2020,MANISTEE,Pier/Dock,Carp,6,Catch,0
2020,MANISTEE,Pier/Dock,Carp,6,Harvest,0
2020,MANISTEE,Pier/Dock,Channel Catfish,6,Catch,0
2020,MANISTEE,Pier/Dock,Channel Catfish,6,Harvest,0
2020,MANISTEE,Pier/Dock,Chinook Salmon,6,Catch,0
2020,MANISTEE,Pier/Dock,Chinook Salmon,6,Harvest,0
2020,MANISTEE,Pier/Dock,Coho Salmon,6,Catch,0
2020,MANISTEE,Pier/Dock,Coho Salmon,6,Harvest,0
2020,MANISTEE,Pier/Dock,Common White Sucker,6,Catch,0
2020,MANISTEE,Pier/Dock,Common White Sucker,6,Harvest,0
2020,MANISTEE,Pier/Dock,Drum,6,Catch,81
2020,MANISTEE,Pier/Dock,Drum,6,Harvest,0
2020,MANISTEE,Pier/Dock,Lake Herring,6,Catch,0
2020,MANISTEE,Pier/Dock,Lake Herring,6,Harvest,0
2020,MANISTEE,Pier/Dock,Lake Whitefish,6,Catch,0
2020,MANISTEE,Pier/Dock,Lake Whitefish,6,Harvest,0
2020,MANISTEE,Pier/Dock,Largemouth Bass,6,Catch,16
2020,MANISTEE,Pier/Dock,Largemouth Bass,6,Harvest,0
2020,MANISTEE,Pier/Dock,Lean Lake Trout,6,Catch,0
2020,MANISTEE,Pier/Dock,Lean Lake Trout,6,Harvest,0
2020,MANISTEE,Pier/Dock,Northern Pike,6,Catch,0
2020,MANISTEE,Pier/Dock,Northern Pike,6,Harvest,0
2020,MANISTEE,Pier/Dock,,6,Angler Hours,532
2020,MANISTEE,Pier/Dock,,6,Catch,0
2020,MANISTEE,Pier/Dock,,6,Harvest,0
2020,MANISTEE,Pier/Dock,Other,6,Catch,0
2020,MANISTEE,Pier/Dock,Other,6,Harvest,0
2020,MANISTEE,Pier/Dock,Pink Salmon,6,Catch,0
2020,MANISTEE,Pier/Dock,Pink Salmon,6,Harvest,0
2020,MANISTEE,Pier/Dock,Pumpkinseed,6,Catch,0
2020,MANISTEE,Pier/Dock,Pumpkinseed,6,Harvest,0
2020,MANISTEE,Pier/Dock,Rockbass,6,Catch,0
2020,MANISTEE,Pier/Dock,Rockbass,6,Harvest,0
2020,MANISTEE,Pier/Dock,Round Whitefish,6,Catch,0
2020,MANISTEE,Pier/Dock,Round Whitefish,6,Harvest,0
2020,MANISTEE,Pier/Dock,Smallmouth Bass,6,Catch,210
2020,MANISTEE,Pier/Dock,Smallmouth Bass,6,Harvest,0
2020,MANISTEE,Pier/Dock,Smelt,6,Catch,0
2020,MANISTEE,Pier/Dock,Smelt,6,Harvest,0
2020,MANISTEE,Pier/Dock,Steelhead,6,Catch,0
2020,MANISTEE,Pier/Dock,Steelhead,6,Harvest,0
2020,MANISTEE,Pier/Dock,Walleye,6,Catch,0
2020,MANISTEE,Pier/Dock,Walleye,6,Harvest,0
2020,MANISTEE,Pier/Dock,White Bass,6,Catch,0
2020,MANISTEE,Pier/Dock,White Bass,6,Harvest,0
2020,MANISTEE,Pier/Dock,White Perch,6,Catch,0
2020,MANISTEE,Pier/Dock,White Perch,6,Harvest,0
2020,MANISTEE,Pier/Dock,Yellow Perch,6,Catch,0
2020,MANISTEE,Pier/Dock,Yellow Perch,6,Harvest,0
2020,MANISTEE,Pier/Dock,Bluegill,7,Catch,0
2020,MANISTEE,Pier/Dock,Bluegill,7,Harvest,0
2020,MANISTEE,Pier/Dock,Brown Trout,7,Catch,0
2020,MANISTEE,Pier/Dock,Brown Trout,7,Harvest,0
2020,MANISTEE,Pier/Dock,Carp,7,Catch,0
2020,MANISTEE,Pier/Dock,Carp,7,Harvest,0
2020,MANISTEE,Pier/Dock,Channel Catfish,7,Catch,0
2020,MANISTEE,Pier/Dock,Channel Catfish,7,Harvest,0
2020,MANISTEE,Pier/Dock,Chinook Salmon,7,Catch,0
2020,MANISTEE,Pier/Dock,Chinook Salmon,7,Harvest,0
2020,MANISTEE,Pier/Dock,Coho Salmon,7,Catch,0
2020,MANISTEE,Pier/Dock,Coho Salmon,7,Harvest,0
2020,MANISTEE,Pier/Dock,Common White Sucker,7,Catch,0
2020,MANISTEE,Pier/Dock,Common White Sucker,7,Harvest,0
2020,MANISTEE,Pier/Dock,Drum,7,Catch,0
2020,MANISTEE,Pier/Dock,Drum,7,Harvest,0
2020,MANISTEE,Pier/Dock,Lake Herring,7,Catch,0
2020,MANISTEE,Pier/Dock,Lake Herring,7,Harvest,0
2020,MANISTEE,Pier/Dock,Lake Whitefish,7,Catch,0
2020,MANISTEE,Pier/Dock,Lake Whitefish,7,Harvest,0
2020,MANISTEE,Pier/Dock,Largemouth Bass,7,Catch,0
2020,MANISTEE,Pier/Dock,Largemouth Bass,7,Harvest,0
2020,MANISTEE,Pier/Dock,Lean Lake Trout,7,Catch,0
2020,MANISTEE,Pier/Dock,Lean Lake Trout,7,Harvest,0
2020,MANISTEE,Pier/Dock,Northern Pike,7,Catch,0
2020,MANISTEE,Pier/Dock,Northern Pike,7,Harvest,0
2020,MANISTEE,Pier/Dock,,7,Angler Hours,1192
2020,MANISTEE,Pier/Dock,,7,Catch,0
2020,MANISTEE,Pier/Dock,,7,Harvest,0
2020,MANISTEE,Pier/Dock,Other,7,Catch,0
2020,MANISTEE,Pier/Dock,Other,7,Harvest,0
2020,MANISTEE,Pier/Dock,Pink Salmon,7,Catch,0
2020,MANISTEE,Pier/Dock,Pink Salmon,7,Harvest,0
2020,MANISTEE,Pier/Dock,Pumpkinseed,7,Catch,0
2020,MANISTEE,Pier/Dock,Pumpkinseed,7,Harvest,0
2020,MANISTEE,Pier/Dock,Rockbass,7,Catch,0
2020,MANISTEE,Pier/Dock,Rockbass,7,Harvest,0
2020,MANISTEE,Pier/Dock,Round Whitefish,7,Catch,0
2020,MANISTEE,Pier/Dock,Round Whitefish,7,Harvest,0
2020,MANISTEE,Pier/Dock,Smallmouth Bass,7,Catch,0
2020,MANISTEE,Pier/Dock,Smallmouth Bass,7,Harvest,0
2020,MANISTEE,Pier/Dock,Smelt,7,Catch,0
2020,MANISTEE,Pier/Dock,Smelt,7,Harvest,0
2020,MANISTEE,Pier/Dock,Steelhead,7,Catch,0
2020,MANISTEE,Pier/Dock,Steelhead,7,Harvest,0
2020,MANISTEE,Pier/Dock,Walleye,7,Catch,0
2020,MANISTEE,Pier/Dock,Walleye,7,Harvest,0
2020,MANISTEE,Pier/Dock,White Bass,7,Catch,0
2020,MANISTEE,Pier/Dock,White Bass,7,Harvest,0
2020,MANISTEE,Pier/Dock,White Perch,7,Catch,0
2020,MANISTEE,Pier/Dock,White Perch,7,Harvest,0
2020,MANISTEE,Pier/Dock,Yellow Perch,7,Catch,0
2020,MANISTEE,Pier/Dock,Yellow Perch,7,Harvest,0
2020,MANISTEE,Pier/Dock,Bluegill,8,Catch,0
2020,MANISTEE,Pier/Dock,Bluegill,8,Harvest,0
2020,MANISTEE,Pier/Dock,Brown Trout,8,Catch,0
2020,MANISTEE,Pier/Dock,Brown Trout,8,Harvest,0
2020,MANISTEE,Pier/Dock,Carp,8,Catch,0
2020,MANISTEE,Pier/Dock,Carp,8,Harvest,0
2020,MANISTEE,Pier/Dock,Channel Catfish,8,Catch,0
2020,MANISTEE,Pier/Dock,Channel Catfish,8,Harvest,0
2020,MANISTEE,Pier/Dock,Chinook Salmon,8,Catch,0
2020,MANISTEE,Pier/Dock,Chinook Salmon,8,Harvest,0
2020,MANISTEE,Pier/Dock,Coho Salmon,8,Catch,0
2020,MANISTEE,Pier/Dock,Coho Salmon,8,Harvest,0
2020,MANISTEE,Pier/Dock,Common White Sucker,8,Catch,0
2020,MANISTEE,Pier/Dock,Common White Sucker,8,Harvest,0
2020,MANISTEE,Pier/Dock,Drum,8,Catch,0
2020,MANISTEE,Pier/Dock,Drum,8,Harvest,0
2020,MANISTEE,Pier/Dock,Lake Herring,8,Catch,0
2020,MANISTEE,Pier/Dock,Lake Herring,8,Harvest,0
2020,MANISTEE,Pier/Dock,Lake Whitefish,8,Catch,0
2020,MANISTEE,Pier/Dock,Lake Whitefish,8,Harvest,0
2020,MANISTEE,Pier/Dock,Largemouth Bass,8,Catch,0
2020,MANISTEE,Pier/Dock,Largemouth Bass,8,Harvest,0
2020,MANISTEE,Pier/Dock,Lean Lake Trout,8,Catch,0
2020,MANISTEE,Pier/Dock,Lean Lake Trout,8,Harvest,0
2020,MANISTEE,Pier/Dock,Northern Pike,8,Catch,0
2020,MANISTEE,Pier/Dock,Northern Pike,8,Harvest,0
2020,MANISTEE,Pier/Dock,,8,Angler Hours,1717
2020,MANISTEE,Pier/Dock,,8,Catch,0
2020,MANISTEE,Pier/Dock,,8,Harvest,0
2020,MANISTEE,Pier/Dock,Other,8,Catch,0
2020,MANISTEE,Pier/Dock,Other,8,Harvest,0
2020,MANISTEE,Pier/Dock,Pink Salmon,8,Catch,0
2020,MANISTEE,Pier/Dock,Pink Salmon,8,Harvest,0
2020,MANISTEE,Pier/Dock,Pumpkinseed,8,Catch,0
2020,MANISTEE,Pier/Dock,Pumpkinseed,8,Harvest,0
2020,MANISTEE,Pier/Dock,Rockbass,8,Catch,2374
2020,MANISTEE,Pier/Dock,Rockbass,8,Harvest,1186
2020,MANISTEE,Pier/Dock,Round Whitefish,8,Catch,0
2020,MANISTEE,Pier/Dock,Round Whitefish,8,Harvest,0
2020,MANISTEE,Pier/Dock,Smallmouth Bass,8,Catch,0
2020,MANISTEE,Pier/Dock,Smallmouth Bass,8,Harvest,0
2020,MANISTEE,Pier/Dock,Smelt,8,Catch,0
2020,MANISTEE,Pier/Dock,Smelt,8,Harvest,0
2020,MANISTEE,Pier/Dock,Steelhead,8,Catch,0
2020,MANISTEE,Pier/Dock,Steelhead,8,Harvest,0
2020,MANISTEE,Pier/Dock,Walleye,8,Catch,0
2020,MANISTEE,Pier/Dock,Walleye,8,Harvest,0
2020,MANISTEE,Pier/Dock,White Bass,8,Catch,0
2020,MANISTEE,Pier/Dock,White Bass,8,Harvest,0
2020,MANISTEE,Pier/Dock,White Perch,8,Catch,0
2020,MANISTEE,Pier/Dock,White Perch,8,Harvest,0
2020,MANISTEE,Pier/Dock,Yellow Perch,8,Catch,0
2020,MANISTEE,Pier/Dock,Yellow Perch,8,Harvest,0
2020,MANISTEE,Pier/Dock,Bluegill,9,Catch,0
2020,MANISTEE,Pier/Dock,Bluegill,9,Harvest,0
2020,MANISTEE,Pier/Dock,Brown Trout,9,Catch,0
2020,MANISTEE,Pier/Dock,Brown Trout,9,Harvest,0
2020,MANISTEE,Pier/Dock,Carp,9,Catch,0
2020,MANISTEE,Pier/Dock,Carp,9,Harvest,0
2020,MANISTEE,Pier/Dock,Channel Catfish,9,Catch,0
2020,MANISTEE,Pier/Dock,Channel Catfish,9,Harvest,0
2020,MANISTEE,Pier/Dock,Chinook Salmon,9,Catch,15
2020,MANISTEE,Pier/Dock,Chinook Salmon,9,Harvest,14
2020,MANISTEE,Pier/Dock,Coho Salmon,9,Catch,0
2020,MANISTEE,Pier/Dock,Coho Salmon,9,Harvest,0
2020,MANISTEE,Pier/Dock,Common White Sucker,9,Catch,0
2020,MANISTEE,Pier/Dock,Common White Sucker,9,Harvest,0
2020,MANISTEE,Pier/Dock,Drum,9,Catch,0
2020,MANISTEE,Pier/Dock,Drum,9,Harvest,0
2020,MANISTEE,Pier/Dock,Lake Herring,9,Catch,0
2020,MANISTEE,Pier/Dock,Lake Herring,9,Harvest,0
2020,MANISTEE,Pier/Dock,Lake Whitefish,9,Catch,0
2020,MANISTEE,Pier/Dock,Lake Whitefish,9,Harvest,0
2020,MANISTEE,Pier/Dock,Largemouth Bass,9,Catch,0
2020,MANISTEE,Pier/Dock,Largemouth Bass,9,Harvest,0
2020,MANISTEE,Pier/Dock,Lean Lake Trout,9,Catch,0
2020,MANISTEE,Pier/Dock,Lean Lake Trout,9,Harvest,0
2020,MANISTEE,Pier/Dock,Northern Pike,9,Catch,0
2020,MANISTEE,Pier/Dock,Northern Pike,9,Harvest,0
2020,MANISTEE,Pier/Dock,,9,Angler Hours,1168
2020,MANISTEE,Pier/Dock,,9,Catch,0
2020,MANISTEE,Pier/Dock,,9,Harvest,0
2020,MANISTEE,Pier/Dock,Other,9,Catch,0
2020,MANISTEE,Pier/Dock,Other,9,Harvest,0
2020,MANISTEE,Pier/Dock,Pink Salmon,9,Catch,0
2020,MANISTEE,Pier/Dock,Pink Salmon,9,Harvest,0
2020,MANISTEE,Pier/Dock,Pumpkinseed,9,Catch,0
2020,MANISTEE,Pier/Dock,Pumpkinseed,9,Harvest,0
2020,MANISTEE,Pier/Dock,Rockbass,9,Catch,0
2020,MANISTEE,Pier/Dock,Rockbass,9,Harvest,0
2020,MANISTEE,Pier/Dock,Round Whitefish,9,Catch,0
2020,MANISTEE,Pier/Dock,Round Whitefish,9,Harvest,0
2020,MANISTEE,Pier/Dock,Smallmouth Bass,9,Catch,16
2020,MANISTEE,Pier/Dock,Smallmouth Bass,9,Harvest,0
2020,MANISTEE,Pier/Dock,Smelt,9,Catch,0
2020,MANISTEE,Pier/Dock,Smelt,9,Harvest,0
2020,MANISTEE,Pier/Dock,Steelhead,9,Catch,0
2020,MANISTEE,Pier/Dock,Steelhead,9,Harvest,0
2020,MANISTEE,Pier/Dock,Walleye,9,Catch,0
2020,MANISTEE,Pier/Dock,Walleye,9,Harvest,0
2020,MANISTEE,Pier/Dock,White Bass,9,Catch,0
2020,MANISTEE,Pier/Dock,White Bass,9,Harvest,0
2020,MANISTEE,Pier/Dock,White Perch,9,Catch,0
2020,MANISTEE,Pier/Dock,White Perch,9,Harvest,0
2020,MANISTEE,Pier/Dock,Yellow Perch,9,Catch,0
2020,MANISTEE,Pier/Dock,Yellow Perch,9,Harvest,0
2020,MANISTEE,Pier/Dock,Bluegill,10,Catch,0
2020,MANISTEE,Pier/Dock,Bluegill,10,Harvest,0
2020,MANISTEE,Pier/Dock,Brown Trout,10,Catch,0
2020,MANISTEE,Pier/Dock,Brown Trout,10,Harvest,0
2020,MANISTEE,Pier/Dock,Carp,10,Catch,0
2020,MANISTEE,Pier/Dock,Carp,10,Harvest,0
2020,MANISTEE,Pier/Dock,Channel Catfish,10,Catch,0
2020,MANISTEE,Pier/Dock,Channel Catfish,10,Harvest,0
2020,MANISTEE,Pier/Dock,Chinook Salmon,10,Catch,0
2020,MANISTEE,Pier/Dock,Chinook Salmon,10,Harvest,0
2020,MANISTEE,Pier/Dock,Coho Salmon,10,Catch,20
2020,MANISTEE,Pier/Dock,Coho Salmon,10,Harvest,15
2020,MANISTEE,Pier/Dock,Common White Sucker,10,Catch,0
2020,MANISTEE,Pier/Dock,Common White Sucker,10,Harvest,0
2020,MANISTEE,Pier/Dock,Drum,10,Catch,0
2020,MANISTEE,Pier/Dock,Drum,10,Harvest,0
2020,MANISTEE,Pier/Dock,Lake Herring,10,Catch,0
2020,MANISTEE,Pier/Dock,Lake Herring,10,Harvest,0
2020,MANISTEE,Pier/Dock,Lake Whitefish,10,Catch,9
2020,MANISTEE,Pier/Dock,Lake Whitefish,10,Harvest,8
2020,MANISTEE,Pier/Dock,Largemouth Bass,10,Catch,0
2020,MANISTEE,Pier/Dock,Largemouth Bass,10,Harvest,0
2020,MANISTEE,Pier/Dock,Lean Lake Trout,10,Catch,0
2020,MANISTEE,Pier/Dock,Lean Lake Trout,10,Harvest,0
2020,MANISTEE,Pier/Dock,Northern Pike,10,Catch,0
2020,MANISTEE,Pier/Dock,Northern Pike,10,Harvest,0
2020,MANISTEE,Pier/Dock,,10,Angler Hours,1083
2020,MANISTEE,Pier/Dock,,10,Catch,0
2020,MANISTEE,Pier/Dock,,10,Harvest,0
2020,MANISTEE,Pier/Dock,Other,10,Catch,0
2020,MANISTEE,Pier/Dock,Other,10,Harvest,0
2020,MANISTEE,Pier/Dock,Pink Salmon,10,Catch,0
2020,MANISTEE,Pier/Dock,Pink Salmon,10,Harvest,0
2020,MANISTEE,Pier/Dock,Pumpkinseed,10,Catch,0
2020,MANISTEE,Pier/Dock,Pumpkinseed,10,Harvest,0
2020,MANISTEE,Pier/Dock,Rockbass,10,Catch,0
2020,MANISTEE,Pier/Dock,Rockbass,10,Harvest,0
2020,MANISTEE,Pier/Dock,Round Whitefish,10,Catch,0
2020,MANISTEE,Pier/Dock,Round Whitefish,10,Harvest,0
2020,MANISTEE,Pier/Dock,Smallmouth Bass,10,Catch,0
2020,MANISTEE,Pier/Dock,Smallmouth Bass,10,Harvest,0
2020,MANISTEE,Pier/Dock,Smelt,10,Catch,0
2020,MANISTEE,Pier/Dock,Smelt,10,Harvest,0
2020,MANISTEE,Pier/Dock,Steelhead,10,Catch,57
2020,MANISTEE,Pier/Dock,Steelhead,10,Harvest,31
2020,MANISTEE,Pier/Dock,Walleye,10,Catch,0
2020,MANISTEE,Pier/Dock,Walleye,10,Harvest,0
2020,MANISTEE,Pier/Dock,White Bass,10,Catch,0
2020,MANISTEE,Pier/Dock,White Bass,10,Harvest,0
2020,MANISTEE,Pier/Dock,White Perch,10,Catch,0
2020,MANISTEE,Pier/Dock,White Perch,10,Harvest,0
2020,MANISTEE,Pier/Dock,Yellow Perch,10,Catch,0
2020,MANISTEE,Pier/Dock,Yellow Perch,10,Harvest,0
2021,MANISTEE,Pier/Dock,Black Crappie,4,Catch,0
2021,MANISTEE,Pier/Dock,Black Crappie,4,Harvest,0
2021,MANISTEE,Pier/Dock,Bluegill,4,Catch,0
2021,MANISTEE,Pier/Dock,Bluegill,4,Harvest,0
2021,MANISTEE,Pier/Dock,Brook Trout,4,Catch,0
2021,MANISTEE,Pier/Dock,Brook Trout,4,Harvest,0
2021,MANISTEE,Pier/Dock,Brown Trout,4,Catch,1
2021,MANISTEE,Pier/Dock,Brown Trout,4,Harvest,1
2021,MANISTEE,Pier/Dock,Channel Catfish,4,Catch,0
2021,MANISTEE,Pier/Dock,Channel Catfish,4,Harvest,0
2021,MANISTEE,Pier/Dock,Chinook Salmon,4,Catch,0
2021,MANISTEE,Pier/Dock,Chinook Salmon,4,Harvest,0
2021,MANISTEE,Pier/Dock,Coho Salmon,4,Catch,0
2021,MANISTEE,Pier/Dock,Coho Salmon,4,Harvest,0
2021,MANISTEE,Pier/Dock,Common White Sucker,4,Catch,7
2021,MANISTEE,Pier/Dock,Common White Sucker,4,Harvest,0
2021,MANISTEE,Pier/Dock,Drum,4,Catch,0
2021,MANISTEE,Pier/Dock,Drum,4,Harvest,0
2021,MANISTEE,Pier/Dock,Lake Herring,4,Catch,0
2021,MANISTEE,Pier/Dock,Lake Herring,4,Harvest,0
2021,MANISTEE,Pier/Dock,Lake Whitefish,4,Catch,0
2021,MANISTEE,Pier/Dock,Lake Whitefish,4,Harvest,0
2021,MANISTEE,Pier/Dock,Largemouth Bass,4,Catch,0
2021,MANISTEE,Pier/Dock,Largemouth Bass,4,Harvest,0
2021,MANISTEE,Pier/Dock,Lean Lake Trout,4,Catch,0
2021,MANISTEE,Pier/Dock,Lean Lake Trout,4,Harvest,0
2021,MANISTEE,Pier/Dock,Musky,4,Catch,0
2021,MANISTEE,Pier/Dock,Musky,4,Harvest,0
2021,MANISTEE,Pier/Dock,Northern Pike,4,Catch,0
2021,MANISTEE,Pier/Dock,Northern Pike,4,Harvest,0
2021,MANISTEE,Pier/Dock,,4,Angler Hours,105
2021,MANISTEE,Pier/Dock,Other,4,Catch,0
2021,MANISTEE,Pier/Dock,Other,4,Harvest,0
2021,MANISTEE,Pier/Dock,Pink Salmon,4,Catch,0
2021,MANISTEE,Pier/Dock,Pink Salmon,4,Harvest,0
2021,MANISTEE,Pier/Dock,Pumpkinseed,4,Catch,0
2021,MANISTEE,Pier/Dock,Pumpkinseed,4,Harvest,0
2021,MANISTEE,Pier/Dock,Rockbass,4,Catch,0
2021,MANISTEE,Pier/Dock,Rockbass,4,Harvest,0
2021,MANISTEE,Pier/Dock,Round Whitefish,4,Catch,0
2021,MANISTEE,Pier/Dock,Round Whitefish,4,Harvest,0
2021,MANISTEE,Pier/Dock,Smallmouth Bass,4,Catch,0
2021,MANISTEE,Pier/Dock,Smallmouth Bass,4,Harvest,0
2021,MANISTEE,Pier/Dock,Smelt,4,Catch,0
2021,MANISTEE,Pier/Dock,Smelt,4,Harvest,0
2021,MANISTEE,Pier/Dock,Steelhead,4,Catch,0
2021,MANISTEE,Pier/Dock,Steelhead,4,Harvest,0
2021,MANISTEE,Pier/Dock,Walleye,4,Catch,0
2021,MANISTEE,Pier/Dock,Walleye,4,Harvest,0
2021,MANISTEE,Pier/Dock,White Bass,4,Catch,0
2021,MANISTEE,Pier/Dock,White Bass,4,Harvest,0
2021,MANISTEE,Pier/Dock,White Perch,4,Catch,0
2021,MANISTEE,Pier/Dock,White Perch,4,Harvest,0
2021,MANISTEE,Pier/Dock,Yellow Perch,4,Catch,0
2021,MANISTEE,Pier/Dock,Yellow Perch,4,Harvest,0
2021,MANISTEE,Pier/Dock,Black Crappie,5,Catch,0
2021,MANISTEE,Pier/Dock,Black Crappie,5,Harvest,0
2021,MANISTEE,Pier/Dock,Bluegill,5,Catch,0
2021,MANISTEE,Pier/Dock,Bluegill,5,Harvest,0
2021,MANISTEE,Pier/Dock,Brook Trout,5,Catch,0
2021,MANISTEE,Pier/Dock,Brook Trout,5,Harvest,0
2021,MANISTEE,Pier/Dock,Brown Trout,5,Catch,1
2021,MANISTEE,Pier/Dock,Brown Trout,5,Harvest,1
2021,MANISTEE,Pier/Dock,Channel Catfish,5,Catch,0
2021,MANISTEE,Pier/Dock,Channel Catfish,5,Harvest,0
2021,MANISTEE,Pier/Dock,Chinook Salmon,5,Catch,0
2021,MANISTEE,Pier/Dock,Chinook Salmon,5,Harvest,0
2021,MANISTEE,Pier/Dock,Coho Salmon,5,Catch,0
2021,MANISTEE,Pier/Dock,Coho Salmon,5,Harvest,0
2021,MANISTEE,Pier/Dock,Common White Sucker,5,Catch,0
2021,MANISTEE,Pier/Dock,Common White Sucker,5,Harvest,0
2021,MANISTEE,Pier/Dock,Drum,5,Catch,0
2021,MANISTEE,Pier/Dock,Drum,5,Harvest,0
2021,MANISTEE,Pier/Dock,Lake Herring,5,Catch,0
2021,MANISTEE,Pier/Dock,Lake Herring,5,Harvest,0
2021,MANISTEE,Pier/Dock,Lake Whitefish,5,Catch,0
2021,MANISTEE,Pier/Dock,Lake Whitefish,5,Harvest,0
2021,MANISTEE,Pier/Dock,Largemouth Bass,5,Catch,0
2021,MANISTEE,Pier/Dock,Largemouth Bass,5,Harvest,0
2021,MANISTEE,Pier/Dock,Lean Lake Trout,5,Catch,0
2021,MANISTEE,Pier/Dock,Lean Lake Trout,5,Harvest,0
2021,MANISTEE,Pier/Dock,Musky,5,Catch,0
2021,MANISTEE,Pier/Dock,Musky,5,Harvest,0
2021,MANISTEE,Pier/Dock,Northern Pike,5,Catch,0
2021,MANISTEE,Pier/Dock,Northern Pike,5,Harvest,0
2021,MANISTEE,Pier/Dock,,5,Angler Hours,53
2021,MANISTEE,Pier/Dock,Other,5,Catch,0
2021,MANISTEE,Pier/Dock,Other,5,Harvest,0
2021,MANISTEE,Pier/Dock,Pink Salmon,5,Catch,0
2021,MANISTEE,Pier/Dock,Pink Salmon,5,Harvest,0
2021,MANISTEE,Pier/Dock,Pumpkinseed,5,Catch,0
2021,MANISTEE,Pier/Dock,Pumpkinseed,5,Harvest,0
2021,MANISTEE,Pier/Dock,Rockbass,5,Catch,1
2021,MANISTEE,Pier/Dock,Rockbass,5,Harvest,0
2021,MANISTEE,Pier/Dock,Round Whitefish,5,Catch,0
2021,MANISTEE,Pier/Dock,Round Whitefish,5,Harvest,0
2021,MANISTEE,Pier/Dock,Smallmouth Bass,5,Catch,0
2021,MANISTEE,Pier/Dock,Smallmouth Bass,5,Harvest,0
2021,MANISTEE,Pier/Dock,Smelt,5,Catch,0
2021,MANISTEE,Pier/Dock,Smelt,5,Harvest,0
2021,MANISTEE,Pier/Dock,Steelhead,5,Catch,0
2021,MANISTEE,Pier/Dock,Steelhead,5,Harvest,0
2021,MANISTEE,Pier/Dock,Walleye,5,Catch,0
2021,MANISTEE,Pier/Dock,Walleye,5,Harvest,0
2021,MANISTEE,Pier/Dock,White Bass,5,Catch,0
2021,MANISTEE,Pier/Dock,White Bass,5,Harvest,0
2021,MANISTEE,Pier/Dock,White Perch,5,Catch,0
2021,MANISTEE,Pier/Dock,White Perch,5,Harvest,0
2021,MANISTEE,Pier/Dock,Yellow Perch,5,Catch,0
2021,MANISTEE,Pier/Dock,Yellow Perch,5,Harvest,0
2021,MANISTEE,Pier/Dock,Black Crappie,6,Catch,0
2021,MANISTEE,Pier/Dock,Black Crappie,6,Harvest,0
2021,MANISTEE,Pier/Dock,Bluegill,6,Catch,0
2021,MANISTEE,Pier/Dock,Bluegill,6,Harvest,0
2021,MANISTEE,Pier/Dock,Brook Trout,6,Catch,0
2021,MANISTEE,Pier/Dock,Brook Trout,6,Harvest,0
2021,MANISTEE,Pier/Dock,Brown Trout,6,Catch,0
2021,MANISTEE,Pier/Dock,Brown Trout,6,Harvest,0
2021,MANISTEE,Pier/Dock,Channel Catfish,6,Catch,0
2021,MANISTEE,Pier/Dock,Channel Catfish,6,Harvest,0
2021,MANISTEE,Pier/Dock,Chinook Salmon,6,Catch,4
2021,MANISTEE,Pier/Dock,Chinook Salmon,6,Harvest,0
2021,MANISTEE,Pier/Dock,Coho Salmon,6,Catch,0
2021,MANISTEE,Pier/Dock,Coho Salmon,6,Harvest,0
2021,MANISTEE,Pier/Dock,Common White Sucker,6,Catch,0
2021,MANISTEE,Pier/Dock,Common White Sucker,6,Harvest,0
2021,MANISTEE,Pier/Dock,Drum,6,Catch,0
2021,MANISTEE,Pier/Dock,Drum,6,Harvest,0
2021,MANISTEE,Pier/Dock,Lake Herring,6,Catch,12
2021,MANISTEE,Pier/Dock,Lake Herring,6,Harvest,12
2021,MANISTEE,Pier/Dock,Lake Whitefish,6,Catch,0
2021,MANISTEE,Pier/Dock,Lake Whitefish,6,Harvest,0
2021,MANISTEE,Pier/Dock,Largemouth Bass,6,Catch,0
2021,MANISTEE,Pier/Dock,Largemouth Bass,6,Harvest,0
2021,MANISTEE,Pier/Dock,Lean Lake Trout,6,Catch,0
2021,MANISTEE,Pier/Dock,Lean Lake Trout,6,Harvest,0
2021,MANISTEE,Pier/Dock,Musky,6,Catch,0
2021,MANISTEE,Pier/Dock,Musky,6,Harvest,0
2021,MANISTEE,Pier/Dock,Northern Pike,6,Catch,18
2021,MANISTEE,Pier/Dock,Northern Pike,6,Harvest,2
2021,MANISTEE,Pier/Dock,,6,Angler Hours,91
2021,MANISTEE,Pier/Dock,Other,6,Catch,0
2021,MANISTEE,Pier/Dock,Other,6,Harvest,0
2021,MANISTEE,Pier/Dock,Pink Salmon,6,Catch,0
2021,MANISTEE,Pier/Dock,Pink Salmon,6,Harvest,0
2021,MANISTEE,Pier/Dock,Pumpkinseed,6,Catch,0
2021,MANISTEE,Pier/Dock,Pumpkinseed,6,Harvest,0
2021,MANISTEE,Pier/Dock,Rockbass,6,Catch,14
2021,MANISTEE,Pier/Dock,Rockbass,6,Harvest,0
2021,MANISTEE,Pier/Dock,Round Whitefish,6,Catch,0
2021,MANISTEE,Pier/Dock,Round Whitefish,6,Harvest,0
2021,MANISTEE,Pier/Dock,Smallmouth Bass,6,Catch,0
2021,MANISTEE,Pier/Dock,Smallmouth Bass,6,Harvest,0
2021,MANISTEE,Pier/Dock,Smelt,6,Catch,0
2021,MANISTEE,Pier/Dock,Smelt,6,Harvest,0
2021,MANISTEE,Pier/Dock,Steelhead,6,Catch,5
2021,MANISTEE,Pier/Dock,Steelhead,6,Harvest,1
2021,MANISTEE,Pier/Dock,Walleye,6,Catch,0
2021,MANISTEE,Pier/Dock,Walleye,6,Harvest,0
2021,MANISTEE,Pier/Dock,White Bass,6,Catch,0
2021,MANISTEE,Pier/Dock,White Bass,6,Harvest,0
2021,MANISTEE,Pier/Dock,White Perch,6,Catch,0
2021,MANISTEE,Pier/Dock,White Perch,6,Harvest,0
2021,MANISTEE,Pier/Dock,Yellow Perch,6,Catch,5
2021,MANISTEE,Pier/Dock,Yellow Perch,6,Harvest,0
2021,MANISTEE,Pier/Dock,Black Crappie,7,Catch,0
2021,MANISTEE,Pier/Dock,Black Crappie,7,Harvest,0
2021,MANISTEE,Pier/Dock,Bluegill,7,Catch,0
2021,MANISTEE,Pier/Dock,Bluegill,7,Harvest,0
2021,MANISTEE,Pier/Dock,Brook Trout,7,Catch,0
2021,MANISTEE,Pier/Dock,Brook Trout,7,Harvest,0
2021,MANISTEE,Pier/Dock,Brown Trout,7,Catch,0
2021,MANISTEE,Pier/Dock,Brown Trout,7,Harvest,0
2021,MANISTEE,Pier/Dock,Channel Catfish,7,Catch,0
2021,MANISTEE,Pier/Dock,Channel Catfish,7,Harvest,0
2021,MANISTEE,Pier/Dock,Chinook Salmon,7,Catch,0
2021,MANISTEE,Pier/Dock,Chinook Salmon,7,Harvest,0
2021,MANISTEE,Pier/Dock,Coho Salmon,7,Catch,0
2021,MANISTEE,Pier/Dock,Coho Salmon,7,Harvest,0
2021,MANISTEE,Pier/Dock,Common White Sucker,7,Catch,0
2021,MANISTEE,Pier/Dock,Common White Sucker,7,Harvest,0
2021,MANISTEE,Pier/Dock,Drum,7,Catch,0
2021,MANISTEE,Pier/Dock,Drum,7,Harvest,0
2021,MANISTEE,Pier/Dock,Lake Herring,7,Catch,0
2021,MANISTEE,Pier/Dock,Lake Herring,7,Harvest,0
2021,MANISTEE,Pier/Dock,Lake Whitefish,7,Catch,0
2021,MANISTEE,Pier/Dock,Lake Whitefish,7,Harvest,0
2021,MANISTEE,Pier/Dock,Largemouth Bass,7,Catch,0
2021,MANISTEE,Pier/Dock,Largemouth Bass,7,Harvest,0
2021,MANISTEE,Pier/Dock,Lean Lake Trout,7,Catch,0
2021,MANISTEE,Pier/Dock,Lean Lake Trout,7,Harvest,0
2021,MANISTEE,Pier/Dock,Musky,7,Catch,0
2021,MANISTEE,Pier/Dock,Musky,7,Harvest,0
2021,MANISTEE,Pier/Dock,Northern Pike,7,Catch,1
2021,MANISTEE,Pier/Dock,Northern Pike,7,Harvest,0
2021,MANISTEE,Pier/Dock,,7,Angler Hours,23
2021,MANISTEE,Pier/Dock,Other,7,Catch,0
2021,MANISTEE,Pier/Dock,Other,7,Harvest,0
2021,MANISTEE,Pier/Dock,Pink Salmon,7,Catch,0
2021,MANISTEE,Pier/Dock,Pink Salmon,7,Harvest,0
2021,MANISTEE,Pier/Dock,Pumpkinseed,7,Catch,0
2021,MANISTEE,Pier/Dock,Pumpkinseed,7,Harvest,0
2021,MANISTEE,Pier/Dock,Rockbass,7,Catch,0
2021,MANISTEE,Pier/Dock,Rockbass,7,Harvest,0
2021,MANISTEE,Pier/Dock,Round Whitefish,7,Catch,0
2021,MANISTEE,Pier/Dock,Round Whitefish,7,Harvest,0
2021,MANISTEE,Pier/Dock,Smallmouth Bass,7,Catch,0
2021,MANISTEE,Pier/Dock,Smallmouth Bass,7,Harvest,0
2021,MANISTEE,Pier/Dock,Smelt,7,Catch,0
2021,MANISTEE,Pier/Dock,Smelt,7,Harvest,0
2021,MANISTEE,Pier/Dock,Steelhead,7,Catch,0
2021,MANISTEE,Pier/Dock,Steelhead,7,Harvest,0
2021,MANISTEE,Pier/Dock,Walleye,7,Catch,0
2021,MANISTEE,Pier/Dock,Walleye,7,Harvest,0
2021,MANISTEE,Pier/Dock,White Bass,7,Catch,0
2021,MANISTEE,Pier/Dock,White Bass,7,Harvest,0
2021,MANISTEE,Pier/Dock,White Perch,7,Catch,0
2021,MANISTEE,Pier/Dock,White Perch,7,Harvest,0
2021,MANISTEE,Pier/Dock,Yellow Perch,7,Catch,0
2021,MANISTEE,Pier/Dock,Yellow Perch,7,Harvest,0
2021,MANISTEE,Pier/Dock,Black Crappie,8,Catch,0
2021,MANISTEE,Pier/Dock,Black Crappie,8,Harvest,0
2021,MANISTEE,Pier/Dock,Bluegill,8,Catch,0
2021,MANISTEE,Pier/Dock,Bluegill,8,Harvest,0
2021,MANISTEE,Pier/Dock,Brook Trout,8,Catch,0
2021,MANISTEE,Pier/Dock,Brook Trout,8,Harvest,0
2021,MANISTEE,Pier/Dock,Brown Trout,8,Catch,0
2021,MANISTEE,Pier/Dock,Brown Trout,8,Harvest,0
2021,MANISTEE,Pier/Dock,Channel Catfish,8,Catch,0
2021,MANISTEE,Pier/Dock,Channel Catfish,8,Harvest,0
2021,MANISTEE,Pier/Dock,Chinook Salmon,8,Catch,0
2021,MANISTEE,Pier/Dock,Chinook Salmon,8,Harvest,0
2021,MANISTEE,Pier/Dock,Coho Salmon,8,Catch,0
2021,MANISTEE,Pier/Dock,Coho Salmon,8,Harvest,0
2021,MANISTEE,Pier/Dock,Common White Sucker,8,Catch,0
2021,MANISTEE,Pier/Dock,Common White Sucker,8,Harvest,0
2021,MANISTEE,Pier/Dock,Drum,8,Catch,0
2021,MANISTEE,Pier/Dock,Drum,8,Harvest,0
2021,MANISTEE,Pier/Dock,Lake Herring,8,Catch,0
2021,MANISTEE,Pier/Dock,Lake Herring,8,Harvest,0
2021,MANISTEE,Pier/Dock,Lake Whitefish,8,Catch,0
2021,MANISTEE,Pier/Dock,Lake Whitefish,8,Harvest,0
2021,MANISTEE,Pier/Dock,Largemouth Bass,8,Catch,0
2021,MANISTEE,Pier/Dock,Largemouth Bass,8,Harvest,0
2021,MANISTEE,Pier/Dock,Lean Lake Trout,8,Catch,0
2021,MANISTEE,Pier/Dock,Lean Lake Trout,8,Harvest,0
2021,MANISTEE,Pier/Dock,Musky,8,Catch,0
2021,MANISTEE,Pier/Dock,Musky,8,Harvest,0
2021,MANISTEE,Pier/Dock,Northern Pike,8,Catch,0
2021,MANISTEE,Pier/Dock,Northern Pike,8,Harvest,0
2021,MANISTEE,Pier/Dock,,8,Angler Hours,110
2021,MANISTEE,Pier/Dock,Other,8,Catch,0
2021,MANISTEE,Pier/Dock,Other,8,Harvest,0
2021,MANISTEE,Pier/Dock,Pink Salmon,8,Catch,0
2021,MANISTEE,Pier/Dock,Pink Salmon,8,Harvest,0
2021,MANISTEE,Pier/Dock,Pumpkinseed,8,Catch,0
2021,MANISTEE,Pier/Dock,Pumpkinseed,8,Harvest,0
2021,MANISTEE,Pier/Dock,Rockbass,8,Catch,13
2021,MANISTEE,Pier/Dock,Rockbass,8,Harvest,0
2021,MANISTEE,Pier/Dock,Round Whitefish,8,Catch,0
2021,MANISTEE,Pier/Dock,Round Whitefish,8,Harvest,0
2021,MANISTEE,Pier/Dock,Smallmouth Bass,8,Catch,25
2021,MANISTEE,Pier/Dock,Smallmouth Bass,8,Harvest,0
2021,MANISTEE,Pier/Dock,Smelt,8,Catch,0
2021,MANISTEE,Pier/Dock,Smelt,8,Harvest,0
2021,MANISTEE,Pier/Dock,Steelhead,8,Catch,0
2021,MANISTEE,Pier/Dock,Steelhead,8,Harvest,0
2021,MANISTEE,Pier/Dock,Walleye,8,Catch,0
2021,MANISTEE,Pier/Dock,Walleye,8,Harvest,0
2021,MANISTEE,Pier/Dock,White Bass,8,Catch,0
2021,MANISTEE,Pier/Dock,White Bass,8,Harvest,0
2021,MANISTEE,Pier/Dock,White Perch,8,Catch,0
2021,MANISTEE,Pier/Dock,White Perch,8,Harvest,0
2021,MANISTEE,Pier/Dock,Yellow Perch,8,Catch,0
2021,MANISTEE,Pier/Dock,Yellow Perch,8,Harvest,0
2021,MANISTEE,Pier/Dock,Black Crappie,9,Catch,0
2021,MANISTEE,Pier/Dock,Black Crappie,9,Harvest,0
2021,MANISTEE,Pier/Dock,Bluegill,9,Catch,0
2021,MANISTEE,Pier/Dock,Bluegill,9,Harvest,0
2021,MANISTEE,Pier/Dock,Brook Trout,9,Catch,0
2021,MANISTEE,Pier/Dock,Brook Trout,9,Harvest,0
2021,MANISTEE,Pier/Dock,Brown Trout,9,Catch,0
2021,MANISTEE,Pier/Dock,Brown Trout,9,Harvest,0
2021,MANISTEE,Pier/Dock,Channel Catfish,9,Catch,0
2021,MANISTEE,Pier/Dock,Channel Catfish,9,Harvest,0
2021,MANISTEE,Pier/Dock,Chinook Salmon,9,Catch,0
2021,MANISTEE,Pier/Dock,Chinook Salmon,9,Harvest,0
2021,MANISTEE,Pier/Dock,Coho Salmon,9,Catch,0
2021,MANISTEE,Pier/Dock,Coho Salmon,9,Harvest,0
2021,MANISTEE,Pier/Dock,Common White Sucker,9,Catch,0
2021,MANISTEE,Pier/Dock,Common White Sucker,9,Harvest,0
2021,MANISTEE,Pier/Dock,Drum,9,Catch,1
2021,MANISTEE,Pier/Dock,Drum,9,Harvest,0
2021,MANISTEE,Pier/Dock,Lake Herring,9,Catch,0
2021,MANISTEE,Pier/Dock,Lake Herring,9,Harvest,0
2021,MANISTEE,Pier/Dock,Lake Whitefish,9,Catch,0
2021,MANISTEE,Pier/Dock,Lake Whitefish,9,Harvest,0
2021,MANISTEE,Pier/Dock,Largemouth Bass,9,Catch,0
2021,MANISTEE,Pier/Dock,Largemouth Bass,9,Harvest,0
2021,MANISTEE,Pier/Dock,Lean Lake Trout,9,Catch,0
2021,MANISTEE,Pier/Dock,Lean Lake Trout,9,Harvest,0
2021,MANISTEE,Pier/Dock,Musky,9,Catch,0
2021,MANISTEE,Pier/Dock,Musky,9,Harvest,0
2021,MANISTEE,Pier/Dock,Northern Pike,9,Catch,0
2021,MANISTEE,Pier/Dock,Northern Pike,9,Harvest,0
2021,MANISTEE,Pier/Dock,,9,Angler Hours,70
2021,MANISTEE,Pier/Dock,Other,9,Catch,0
2021,MANISTEE,Pier/Dock,Other,9,Harvest,0
2021,MANISTEE,Pier/Dock,Pink Salmon,9,Catch,0
2021,MANISTEE,Pier/Dock,Pink Salmon,9,Harvest,0
2021,MANISTEE,Pier/Dock,Pumpkinseed,9,Catch,0
2021,MANISTEE,Pier/Dock,Pumpkinseed,9,Harvest,0
2021,MANISTEE,Pier/Dock,Rockbass,9,Catch,0
2021,MANISTEE,Pier/Dock,Rockbass,9,Harvest,0
2021,MANISTEE,Pier/Dock,Round Whitefish,9,Catch,0
2021,MANISTEE,Pier/Dock,Round Whitefish,9,Harvest,0
2021,MANISTEE,Pier/Dock,Smallmouth Bass,9,Catch,0
2021,MANISTEE,Pier/Dock,Smallmouth Bass,9,Harvest,0
2021,MANISTEE,Pier/Dock,Smelt,9,Catch,0
2021,MANISTEE,Pier/Dock,Smelt,9,Harvest,0
2021,MANISTEE,Pier/Dock,Steelhead,9,Catch,0
2021,MANISTEE,Pier/Dock,Steelhead,9,Harvest,0
2021,MANISTEE,Pier/Dock,Walleye,9,Catch,0
2021,MANISTEE,Pier/Dock,Walleye,9,Harvest,0
2021,MANISTEE,Pier/Dock,White Bass,9,Catch,0
2021,MANISTEE,Pier/Dock,White Bass,9,Harvest,0
2021,MANISTEE,Pier/Dock,White Perch,9,Catch,0
2021,MANISTEE,Pier/Dock,White Perch,9,Harvest,0
2021,MANISTEE,Pier/Dock,Yellow Perch,9,Catch,0
2021,MANISTEE,Pier/Dock,Yellow Perch,9,Harvest,0
2021,MANISTEE,Pier/Dock,Black Crappie,10,Catch,0
2021,MANISTEE,Pier/Dock,Black Crappie,10,Harvest,0
2021,MANISTEE,Pier/Dock,Bluegill,10,Catch,0
2021,MANISTEE,Pier/Dock,Bluegill,10,Harvest,0
2021,MANISTEE,Pier/Dock,Brook Trout,10,Catch,0
2021,MANISTEE,Pier/Dock,Brook Trout,10,Harvest,0
2021,MANISTEE,Pier/Dock,Brown Trout,10,Catch,0
2021,MANISTEE,Pier/Dock,Brown Trout,10,Harvest,0
2021,MANISTEE,Pier/Dock,Channel Catfish,10,Catch,0
2021,MANISTEE,Pier/Dock,Channel Catfish,10,Harvest,0
2021,MANISTEE,Pier/Dock,Chinook Salmon,10,Catch,0
2021,MANISTEE,Pier/Dock,Chinook Salmon,10,Harvest,0
2021,MANISTEE,Pier/Dock,Coho Salmon,10,Catch,11
2021,MANISTEE,Pier/Dock,Coho Salmon,10,Harvest,11
2021,MANISTEE,Pier/Dock,Common White Sucker,10,Catch,0
2021,MANISTEE,Pier/Dock,Common White Sucker,10,Harvest,0
2021,MANISTEE,Pier/Dock,Drum,10,Catch,0
2021,MANISTEE,Pier/Dock,Drum,10,Harvest,0
2021,MANISTEE,Pier/Dock,Lake Herring,10,Catch,0
2021,MANISTEE,Pier/Dock,Lake Herring,10,Harvest,0
2021,MANISTEE,Pier/Dock,Lake Whitefish,10,Catch,0
2021,MANISTEE,Pier/Dock,Lake Whitefish,10,Harvest,0
2021,MANISTEE,Pier/Dock,Largemouth Bass,10,Catch,0
2021,MANISTEE,Pier/Dock,Largemouth Bass,10,Harvest,0
2021,MANISTEE,Pier/Dock,Lean Lake Trout,10,Catch,0
2021,MANISTEE,Pier/Dock,Lean Lake Trout,10,Harvest,0
2021,MANISTEE,Pier/Dock,Musky,10,Catch,0
2021,MANISTEE,Pier/Dock,Musky,10,Harvest,0
2021,MANISTEE,Pier/Dock,Northern Pike,10,Catch,0
2021,MANISTEE,Pier/Dock,Northern Pike,10,Harvest,0
2021,MANISTEE,Pier/Dock,,10,Angler Hours,72
2021,MANISTEE,Pier/Dock,Other,10,Catch,0
2021,MANISTEE,Pier/Dock,Other,10,Harvest,0
2021,MANISTEE,Pier/Dock,Pink Salmon,10,Catch,0
2021,MANISTEE,Pier/Dock,Pink Salmon,10,Harvest,0
2021,MANISTEE,Pier/Dock,Pumpkinseed,10,Catch,0
2021,MANISTEE,Pier/Dock,Pumpkinseed,10,Harvest,0
2021,MANISTEE,Pier/Dock,Rockbass,10,Catch,0
2021,MANISTEE,Pier/Dock,Rockbass,10,Harvest,0
2021,MANISTEE,Pier/Dock,Round Whitefish,10,Catch,0
2021,MANISTEE,Pier/Dock,Round Whitefish,10,Harvest,0
2021,MANISTEE,Pier/Dock,Smallmouth Bass,10,Catch,0
2021,MANISTEE,Pier/Dock,Smallmouth Bass,10,Harvest,0
2021,MANISTEE,Pier/Dock,Smelt,10,Catch,0
2021,MANISTEE,Pier/Dock,Smelt,10,Harvest,0
2021,MANISTEE,Pier/Dock,Steelhead,10,Catch,7
2021,MANISTEE,Pier/Dock,Steelhead,10,Harvest,7
2021,MANISTEE,Pier/Dock,Walleye,10,Catch,0
2021,MANISTEE,Pier/Dock,Walleye,10,Harvest,0
2021,MANISTEE,Pier/Dock,White Bass,10,Catch,0
2021,MANISTEE,Pier/Dock,White Bass,10,Harvest,0
2021,MANISTEE,Pier/Dock,White Perch,10,Catch,0
2021,MANISTEE,Pier/Dock,White Perch,10,Harvest,0
2021,MANISTEE,Pier/Dock,Yellow Perch,10,Catch,0
2021,MANISTEE,Pier/Dock,Yellow Perch,10,Harvest,0
2022,MANISTEE,Pier/Dock,Atlantic Salmon,4,Catch,0
2022,MANISTEE,Pier/Dock,Atlantic Salmon,4,Harvest,0
2022,MANISTEE,Pier/Dock,Black Crappie,4,Catch,0
2022,MANISTEE,Pier/Dock,Black Crappie,4,Harvest,0
2022,MANISTEE,Pier/Dock,Bluegill,4,Catch,0
2022,MANISTEE,Pier/Dock,Bluegill,4,Harvest,0
2022,MANISTEE,Pier/Dock,Brook Trout,4,Catch,0
2022,MANISTEE,Pier/Dock,Brook Trout,4,Harvest,0
2022,MANISTEE,Pier/Dock,Brown Trout,4,Catch,23
2022,MANISTEE,Pier/Dock,Brown Trout,4,Harvest,23
2022,MANISTEE,Pier/Dock,Carp,4,Catch,0
2022,MANISTEE,Pier/Dock,Carp,4,Harvest,0
2022,MANISTEE,Pier/Dock,Channel Catfish,4,Catch,0
2022,MANISTEE,Pier/Dock,Channel Catfish,4,Harvest,0
2022,MANISTEE,Pier/Dock,Chinook Salmon,4,Catch,0
2022,MANISTEE,Pier/Dock,Chinook Salmon,4,Harvest,0
2022,MANISTEE,Pier/Dock,Coho Salmon,4,Catch,3
2022,MANISTEE,Pier/Dock,Coho Salmon,4,Harvest,2
2022,MANISTEE,Pier/Dock,Common White Sucker,4,Catch,0
2022,MANISTEE,Pier/Dock,Common White Sucker,4,Harvest,0
2022,MANISTEE,Pier/Dock,Drum,4,Catch,0
2022,MANISTEE,Pier/Dock,Drum,4,Harvest,0
2022,MANISTEE,Pier/Dock,Fat Lake Trout,4,Catch,0
2022,MANISTEE,Pier/Dock,Fat Lake Trout,4,Harvest,0
2022,MANISTEE,Pier/Dock,Lake Herring,4,Catch,5
2022,MANISTEE,Pier/Dock,Lake Herring,4,Harvest,5
2022,MANISTEE,Pier/Dock,Lake Whitefish,4,Catch,0
2022,MANISTEE,Pier/Dock,Lake Whitefish,4,Harvest,0
2022,MANISTEE,Pier/Dock,Largemouth Bass,4,Catch,0
2022,MANISTEE,Pier/Dock,Largemouth Bass,4,Harvest,0
2022,MANISTEE,Pier/Dock,Lean Lake Trout,4,Catch,3
2022,MANISTEE,Pier/Dock,Lean Lake Trout,4,Harvest,3
2022,MANISTEE,Pier/Dock,Northern Pike,4,Catch,0
2022,MANISTEE,Pier/Dock,Northern Pike,4,Harvest,0
2022,MANISTEE,Pier/Dock,,4,Angler Hours,1143
2022,MANISTEE,Pier/Dock,Other,4,Catch,0
2022,MANISTEE,Pier/Dock,Other,4,Harvest,0
2022,MANISTEE,Pier/Dock,Pink Salmon,4,Catch,0
2022,MANISTEE,Pier/Dock,Pink Salmon,4,Harvest,0
2022,MANISTEE,Pier/Dock,Pumpkinseed,4,Catch,0
2022,MANISTEE,Pier/Dock,Pumpkinseed,4,Harvest,0
2022,MANISTEE,Pier/Dock,Rockbass,4,Catch,0
2022,MANISTEE,Pier/Dock,Rockbass,4,Harvest,0
2022,MANISTEE,Pier/Dock,Round Whitefish,4,Catch,5
2022,MANISTEE,Pier/Dock,Round Whitefish,4,Harvest,5
2022,MANISTEE,Pier/Dock,Smallmouth Bass,4,Catch,0
2022,MANISTEE,Pier/Dock,Smallmouth Bass,4,Harvest,0
2022,MANISTEE,Pier/Dock,Steelhead,4,Catch,5
2022,MANISTEE,Pier/Dock,Steelhead,4,Harvest,5
2022,MANISTEE,Pier/Dock,Walleye,4,Catch,0
2022,MANISTEE,Pier/Dock,Walleye,4,Harvest,0
2022,MANISTEE,Pier/Dock,White Perch,4,Catch,0
2022,MANISTEE,Pier/Dock,White Perch,4,Harvest,0
2022,MANISTEE,Pier/Dock,Yellow Perch,4,Catch,62
2022,MANISTEE,Pier/Dock,Yellow Perch,4,Harvest,15
2022,MANISTEE,Pier/Dock,Atlantic Salmon,5,Catch,0
2022,MANISTEE,Pier/Dock,Atlantic Salmon,5,Harvest,0
2022,MANISTEE,Pier/Dock,Black Crappie,5,Catch,0
2022,MANISTEE,Pier/Dock,Black Crappie,5,Harvest,0
2022,MANISTEE,Pier/Dock,Bluegill,5,Catch,0
2022,MANISTEE,Pier/Dock,Bluegill,5,Harvest,0
2022,MANISTEE,Pier/Dock,Brook Trout,5,Catch,0
2022,MANISTEE,Pier/Dock,Brook Trout,5,Harvest,0
2022,MANISTEE,Pier/Dock,Brown Trout,5,Catch,20
2022,MANISTEE,Pier/Dock,Brown Trout,5,Harvest,20
2022,MANISTEE,Pier/Dock,Carp,5,Catch,0
2022,MANISTEE,Pier/Dock,Carp,5,Harvest,0
2022,MANISTEE,Pier/Dock,Channel Catfish,5,Catch,0
2022,MANISTEE,Pier/Dock,Channel Catfish,5,Harvest,0
2022,MANISTEE,Pier/Dock,Chinook Salmon,5,Catch,0
2022,MANISTEE,Pier/Dock,Chinook Salmon,5,Harvest,0
2022,MANISTEE,Pier/Dock,Coho Salmon,5,Catch,0
2022,MANISTEE,Pier/Dock,Coho Salmon,5,Harvest,0
2022,MANISTEE,Pier/Dock,Common White Sucker,5,Catch,0
2022,MANISTEE,Pier/Dock,Common White Sucker,5,Harvest,0
2022,MANISTEE,Pier/Dock,Drum,5,Catch,0
2022,MANISTEE,Pier/Dock,Drum,5,Harvest,0
2022,MANISTEE,Pier/Dock,Fat Lake Trout,5,Catch,0
2022,MANISTEE,Pier/Dock,Fat Lake Trout,5,Harvest,0
2022,MANISTEE,Pier/Dock,Lake Herring,5,Catch,0
2022,MANISTEE,Pier/Dock,Lake Herring,5,Harvest,0
2022,MANISTEE,Pier/Dock,Lake Whitefish,5,Catch,0
2022,MANISTEE,Pier/Dock,Lake Whitefish,5,Harvest,0
2022,MANISTEE,Pier/Dock,Largemouth Bass,5,Catch,0
2022,MANISTEE,Pier/Dock,Largemouth Bass,5,Harvest,0
2022,MANISTEE,Pier/Dock,Lean Lake Trout,5,Catch,0
2022,MANISTEE,Pier/Dock,Lean Lake Trout,5,Harvest,0
2022,MANISTEE,Pier/Dock,Northern Pike,5,Catch,24
2022,MANISTEE,Pier/Dock,Northern Pike,5,Harvest,0
2022,MANISTEE,Pier/Dock,,5,Angler Hours,1600
2022,MANISTEE,Pier/Dock,Other,5,Catch,0
2022,MANISTEE,Pier/Dock,Other,5,Harvest,0
2022,MANISTEE,Pier/Dock,Pink Salmon,5,Catch,0
2022,MANISTEE,Pier/Dock,Pink Salmon,5,Harvest,0
2022,MANISTEE,Pier/Dock,Pumpkinseed,5,Catch,0
2022,MANISTEE,Pier/Dock,Pumpkinseed,5,Harvest,0
2022,MANISTEE,Pier/Dock,Rockbass,5,Catch,0
2022,MANISTEE,Pier/Dock,Rockbass,5,Harvest,0
2022,MANISTEE,Pier/Dock,Round Whitefish,5,Catch,0
2022,MANISTEE,Pier/Dock,Round Whitefish,5,Harvest,0
2022,MANISTEE,Pier/Dock,Smallmouth Bass,5,Catch,0
2022,MANISTEE,Pier/Dock,Smallmouth Bass,5,Harvest,0
2022,MANISTEE,Pier/Dock,Steelhead,5,Catch,0
2022,MANISTEE,Pier/Dock,Steelhead,5,Harvest,0
2022,MANISTEE,Pier/Dock,Walleye,5,Catch,0
2022,MANISTEE,Pier/Dock,Walleye,5,Harvest,0
2022,MANISTEE,Pier/Dock,White Perch,5,Catch,0
2022,MANISTEE,Pier/Dock,White Perch,5,Harvest,0
2022,MANISTEE,Pier/Dock,Yellow Perch,5,Catch,419
2022,MANISTEE,Pier/Dock,Yellow Perch,5,Harvest,216
2022,MANISTEE,Pier/Dock,Atlantic Salmon,6,Catch,0
2022,MANISTEE,Pier/Dock,Atlantic Salmon,6,Harvest,0
2022,MANISTEE,Pier/Dock,Black Crappie,6,Catch,0
2022,MANISTEE,Pier/Dock,Black Crappie,6,Harvest,0
2022,MANISTEE,Pier/Dock,Bluegill,6,Catch,0
2022,MANISTEE,Pier/Dock,Bluegill,6,Harvest,0
2022,MANISTEE,Pier/Dock,Brook Trout,6,Catch,0
2022,MANISTEE,Pier/Dock,Brook Trout,6,Harvest,0
2022,MANISTEE,Pier/Dock,Brown Trout,6,Catch,0
2022,MANISTEE,Pier/Dock,Brown Trout,6,Harvest,0
2022,MANISTEE,Pier/Dock,Carp,6,Catch,0
2022,MANISTEE,Pier/Dock,Carp,6,Harvest,0
2022,MANISTEE,Pier/Dock,Channel Catfish,6,Catch,0
2022,MANISTEE,Pier/Dock,Channel Catfish,6,Harvest,0
2022,MANISTEE,Pier/Dock,Chinook Salmon,6,Catch,19
2022,MANISTEE,Pier/Dock,Chinook Salmon,6,Harvest,19
2022,MANISTEE,Pier/Dock,Coho Salmon,6,Catch,0
2022,MANISTEE,Pier/Dock,Coho Salmon,6,Harvest,0
2022,MANISTEE,Pier/Dock,Common White Sucker,6,Catch,0
2022,MANISTEE,Pier/Dock,Common White Sucker,6,Harvest,0
2022,MANISTEE,Pier/Dock,Drum,6,Catch,0
2022,MANISTEE,Pier/Dock,Drum,6,Harvest,0
2022,MANISTEE,Pier/Dock,Fat Lake Trout,6,Catch,0
2022,MANISTEE,Pier/Dock,Fat Lake Trout,6,Harvest,0
2022,MANISTEE,Pier/Dock,Lake Herring,6,Catch,0
2022,MANISTEE,Pier/Dock,Lake Herring,6,Harvest,0
2022,MANISTEE,Pier/Dock,Lake Whitefish,6,Catch,0
2022,MANISTEE,Pier/Dock,Lake Whitefish,6,Harvest,0
2022,MANISTEE,Pier/Dock,Largemouth Bass,6,Catch,0
2022,MANISTEE,Pier/Dock,Largemouth Bass,6,Harvest,0
2022,MANISTEE,Pier/Dock,Lean Lake Trout,6,Catch,0
2022,MANISTEE,Pier/Dock,Lean Lake Trout,6,Harvest,0
2022,MANISTEE,Pier/Dock,Northern Pike,6,Catch,0
2022,MANISTEE,Pier/Dock,Northern Pike,6,Harvest,0
2022,MANISTEE,Pier/Dock,,6,Angler Hours,1087
2022,MANISTEE,Pier/Dock,Other,6,Catch,0
2022,MANISTEE,Pier/Dock,Other,6,Harvest,0
2022,MANISTEE,Pier/Dock,Pink Salmon,6,Catch,0
2022,MANISTEE,Pier/Dock,Pink Salmon,6,Harvest,0
2022,MANISTEE,Pier/Dock,Pumpkinseed,6,Catch,0
2022,MANISTEE,Pier/Dock,Pumpkinseed,6,Harvest,0
2022,MANISTEE,Pier/Dock,Rockbass,6,Catch,0
2022,MANISTEE,Pier/Dock,Rockbass,6,Harvest,0
2022,MANISTEE,Pier/Dock,Round Whitefish,6,Catch,0
2022,MANISTEE,Pier/Dock,Round Whitefish,6,Harvest,0
2022,MANISTEE,Pier/Dock,Smallmouth Bass,6,Catch,0
2022,MANISTEE,Pier/Dock,Smallmouth Bass,6,Harvest,0
2022,MANISTEE,Pier/Dock,Steelhead,6,Catch,0
2022,MANISTEE,Pier/Dock,Steelhead,6,Harvest,0
2022,MANISTEE,Pier/Dock,Walleye,6,Catch,0
2022,MANISTEE,Pier/Dock,Walleye,6,Harvest,0
2022,MANISTEE,Pier/Dock,White Perch,6,Catch,0
2022,MANISTEE,Pier/Dock,White Perch,6,Harvest,0
2022,MANISTEE,Pier/Dock,Yellow Perch,6,Catch,0
2022,MANISTEE,Pier/Dock,Yellow Perch,6,Harvest,0
2022,MANISTEE,Pier/Dock,Atlantic Salmon,7,Catch,0
2022,MANISTEE,Pier/Dock,Atlantic Salmon,7,Harvest,0
2022,MANISTEE,Pier/Dock,Black Crappie,7,Catch,0
2022,MANISTEE,Pier/Dock,Black Crappie,7,Harvest,0
2022,MANISTEE,Pier/Dock,Bluegill,7,Catch,0
2022,MANISTEE,Pier/Dock,Bluegill,7,Harvest,0
2022,MANISTEE,Pier/Dock,Brook Trout,7,Catch,0
2022,MANISTEE,Pier/Dock,Brook Trout,7,Harvest,0
2022,MANISTEE,Pier/Dock,Brown Trout,7,Catch,0
2022,MANISTEE,Pier/Dock,Brown Trout,7,Harvest,0
2022,MANISTEE,Pier/Dock,Carp,7,Catch,0
2022,MANISTEE,Pier/Dock,Carp,7,Harvest,0
2022,MANISTEE,Pier/Dock,Channel Catfish,7,Catch,0
2022,MANISTEE,Pier/Dock,Channel Catfish,7,Harvest,0
2022,MANISTEE,Pier/Dock,Chinook Salmon,7,Catch,0
2022,MANISTEE,Pier/Dock,Chinook Salmon,7,Harvest,0
2022,MANISTEE,Pier/Dock,Coho Salmon,7,Catch,0
2022,MANISTEE,Pier/Dock,Coho Salmon,7,Harvest,0
2022,MANISTEE,Pier/Dock,Common White Sucker,7,Catch,0
2022,MANISTEE,Pier/Dock,Common White Sucker,7,Harvest,0
2022,MANISTEE,Pier/Dock,Drum,7,Catch,0
2022,MANISTEE,Pier/Dock,Drum,7,Harvest,0
2022,MANISTEE,Pier/Dock,Fat Lake Trout,7,Catch,0
2022,MANISTEE,Pier/Dock,Fat Lake Trout,7,Harvest,0
2022,MANISTEE,Pier/Dock,Lake Herring,7,Catch,0
2022,MANISTEE,Pier/Dock,Lake Herring,7,Harvest,0
2022,MANISTEE,Pier/Dock,Lake Whitefish,7,Catch,0
2022,MANISTEE,Pier/Dock,Lake Whitefish,7,Harvest,0
2022,MANISTEE,Pier/Dock,Largemouth Bass,7,Catch,80
2022,MANISTEE,Pier/Dock,Largemouth Bass,7,Harvest,0
2022,MANISTEE,Pier/Dock,Lean Lake Trout,7,Catch,0
2022,MANISTEE,Pier/Dock,Lean Lake Trout,7,Harvest,0
2022,MANISTEE,Pier/Dock,Northern Pike,7,Catch,0
2022,MANISTEE,Pier/Dock,Northern Pike,7,Harvest,0
2022,MANISTEE,Pier/Dock,,7,Angler Hours,1202
2022,MANISTEE,Pier/Dock,Other,7,Catch,0
2022,MANISTEE,Pier/Dock,Other,7,Harvest,0
2022,MANISTEE,Pier/Dock,Pink Salmon,7,Catch,0
2022,MANISTEE,Pier/Dock,Pink Salmon,7,Harvest,0
2022,MANISTEE,Pier/Dock,Pumpkinseed,7,Catch,0
2022,MANISTEE,Pier/Dock,Pumpkinseed,7,Harvest,0
2022,MANISTEE,Pier/Dock,Rockbass,7,Catch,0
2022,MANISTEE,Pier/Dock,Rockbass,7,Harvest,0
2022,MANISTEE,Pier/Dock,Round Whitefish,7,Catch,0
2022,MANISTEE,Pier/Dock,Round Whitefish,7,Harvest,0
2022,MANISTEE,Pier/Dock,Smallmouth Bass,7,Catch,0
2022,MANISTEE,Pier/Dock,Smallmouth Bass,7,Harvest,0
2022,MANISTEE,Pier/Dock,Steelhead,7,Catch,0
2022,MANISTEE,Pier/Dock,Steelhead,7,Harvest,0
2022,MANISTEE,Pier/Dock,Walleye,7,Catch,0
2022,MANISTEE,Pier/Dock,Walleye,7,Harvest,0
2022,MANISTEE,Pier/Dock,White Perch,7,Catch,0
2022,MANISTEE,Pier/Dock,White Perch,7,Harvest,0
2022,MANISTEE,Pier/Dock,Yellow Perch,7,Catch,0
2022,MANISTEE,Pier/Dock,Yellow Perch,7,Harvest,0
2022,MANISTEE,Pier/Dock,Atlantic Salmon,8,Catch,0
2022,MANISTEE,Pier/Dock,Atlantic Salmon,8,Harvest,0
2022,MANISTEE,Pier/Dock,Black Crappie,8,Catch,0
2022,MANISTEE,Pier/Dock,Black Crappie,8,Harvest,0
2022,MANISTEE,Pier/Dock,Bluegill,8,Catch,0
2022,MANISTEE,Pier/Dock,Bluegill,8,Harvest,0
2022,MANISTEE,Pier/Dock,Brook Trout,8,Catch,0
2022,MANISTEE,Pier/Dock,Brook Trout,8,Harvest,0
2022,MANISTEE,Pier/Dock,Brown Trout,8,Catch,0
2022,MANISTEE,Pier/Dock,Brown Trout,8,Harvest,0
2022,MANISTEE,Pier/Dock,Carp,8,Catch,0
2022,MANISTEE,Pier/Dock,Carp,8,Harvest,0
2022,MANISTEE,Pier/Dock,Channel Catfish,8,Catch,0
2022,MANISTEE,Pier/Dock,Channel Catfish,8,Harvest,0
2022,MANISTEE,Pier/Dock,Chinook Salmon,8,Catch,20
2022,MANISTEE,Pier/Dock,Chinook Salmon,8,Harvest,19
2022,MANISTEE,Pier/Dock,Coho Salmon,8,Catch,0
2022,MANISTEE,Pier/Dock,Coho Salmon,8,Harvest,0
2022,MANISTEE,Pier/Dock,Common White Sucker,8,Catch,0
2022,MANISTEE,Pier/Dock,Common White Sucker,8,Harvest,0
2022,MANISTEE,Pier/Dock,Drum,8,Catch,0
2022,MANISTEE,Pier/Dock,Drum,8,Harvest,0
2022,MANISTEE,Pier/Dock,Fat Lake Trout,8,Catch,0
2022,MANISTEE,Pier/Dock,Fat Lake Trout,8,Harvest,0
2022,MANISTEE,Pier/Dock,Lake Herring,8,Catch,0
2022,MANISTEE,Pier/Dock,Lake Herring,8,Harvest,0
2022,MANISTEE,Pier/Dock,Lake Whitefish,8,Catch,0
2022,MANISTEE,Pier/Dock,Lake Whitefish,8,Harvest,0
2022,MANISTEE,Pier/Dock,Largemouth Bass,8,Catch,0
2022,MANISTEE,Pier/Dock,Largemouth Bass,8,Harvest,0
2022,MANISTEE,Pier/Dock,Lean Lake Trout,8,Catch,0
2022,MANISTEE,Pier/Dock,Lean Lake Trout,8,Harvest,0
2022,MANISTEE,Pier/Dock,Northern Pike,8,Catch,31
2022,MANISTEE,Pier/Dock,Northern Pike,8,Harvest,30
2022,MANISTEE,Pier/Dock,,8,Angler Hours,1735
2022,MANISTEE,Pier/Dock,Other,8,Catch,0
2022,MANISTEE,Pier/Dock,Other,8,Harvest,0
2022,MANISTEE,Pier/Dock,Pink Salmon,8,Catch,0
2022,MANISTEE,Pier/Dock,Pink Salmon,8,Harvest,0
2022,MANISTEE,Pier/Dock,Pumpkinseed,8,Catch,0
2022,MANISTEE,Pier/Dock,Pumpkinseed,8,Harvest,0
2022,MANISTEE,Pier/Dock,Rockbass,8,Catch,104
2022,MANISTEE,Pier/Dock,Rockbass,8,Harvest,0
2022,MANISTEE,Pier/Dock,Round Whitefish,8,Catch,0
2022,MANISTEE,Pier/Dock,Round Whitefish,8,Harvest,0
2022,MANISTEE,Pier/Dock,Smallmouth Bass,8,Catch,0
2022,MANISTEE,Pier/Dock,Smallmouth Bass,8,Harvest,0
2022,MANISTEE,Pier/Dock,Steelhead,8,Catch,0
2022,MANISTEE,Pier/Dock,Steelhead,8,Harvest,0
2022,MANISTEE,Pier/Dock,Walleye,8,Catch,0
2022,MANISTEE,Pier/Dock,Walleye,8,Harvest,0
2022,MANISTEE,Pier/Dock,White Perch,8,Catch,0
2022,MANISTEE,Pier/Dock,White Perch,8,Harvest,0
2022,MANISTEE,Pier/Dock,Yellow Perch,8,Catch,0
2022,MANISTEE,Pier/Dock,Yellow Perch,8,Harvest,0
2022,MANISTEE,Pier/Dock,Atlantic Salmon,9,Catch,0
2022,MANISTEE,Pier/Dock,Atlantic Salmon,9,Harvest,0
2022,MANISTEE,Pier/Dock,Black Crappie,9,Catch,0
2022,MANISTEE,Pier/Dock,Black Crappie,9,Harvest,0
2022,MANISTEE,Pier/Dock,Bluegill,9,Catch,0
2022,MANISTEE,Pier/Dock,Bluegill,9,Harvest,0
2022,MANISTEE,Pier/Dock,Brook Trout,9,Catch,0
2022,MANISTEE,Pier/Dock,Brook Trout,9,Harvest,0
2022,MANISTEE,Pier/Dock,Brown Trout,9,Catch,0
2022,MANISTEE,Pier/Dock,Brown Trout,9,Harvest,0
2022,MANISTEE,Pier/Dock,Carp,9,Catch,0
2022,MANISTEE,Pier/Dock,Carp,9,Harvest,0
2022,MANISTEE,Pier/Dock,Channel Catfish,9,Catch,0
2022,MANISTEE,Pier/Dock,Channel Catfish,9,Harvest,0
2022,MANISTEE,Pier/Dock,Chinook Salmon,9,Catch,56
2022,MANISTEE,Pier/Dock,Chinook Salmon,9,Harvest,55
2022,MANISTEE,Pier/Dock,Coho Salmon,9,Catch,0
2022,MANISTEE,Pier/Dock,Coho Salmon,9,Harvest,0
2022,MANISTEE,Pier/Dock,Common White Sucker,9,Catch,0
2022,MANISTEE,Pier/Dock,Common White Sucker,9,Harvest,0
2022,MANISTEE,Pier/Dock,Drum,9,Catch,0
2022,MANISTEE,Pier/Dock,Drum,9,Harvest,0
2022,MANISTEE,Pier/Dock,Fat Lake Trout,9,Catch,0
2022,MANISTEE,Pier/Dock,Fat Lake Trout,9,Harvest,0
2022,MANISTEE,Pier/Dock,Lake Herring,9,Catch,0
2022,MANISTEE,Pier/Dock,Lake Herring,9,Harvest,0
2022,MANISTEE,Pier/Dock,Lake Whitefish,9,Catch,0
2022,MANISTEE,Pier/Dock,Lake Whitefish,9,Harvest,0
2022,MANISTEE,Pier/Dock,Largemouth Bass,9,Catch,0
2022,MANISTEE,Pier/Dock,Largemouth Bass,9,Harvest,0
2022,MANISTEE,Pier/Dock,Lean Lake Trout,9,Catch,0
2022,MANISTEE,Pier/Dock,Lean Lake Trout,9,Harvest,0
2022,MANISTEE,Pier/Dock,Northern Pike,9,Catch,0
2022,MANISTEE,Pier/Dock,Northern Pike,9,Harvest,0
2022,MANISTEE,Pier/Dock,,9,Angler Hours,1574
2022,MANISTEE,Pier/Dock,Other,9,Catch,0
2022,MANISTEE,Pier/Dock,Other,9,Harvest,0
2022,MANISTEE,Pier/Dock,Pink Salmon,9,Catch,0
2022,MANISTEE,Pier/Dock,Pink Salmon,9,Harvest,0
2022,MANISTEE,Pier/Dock,Pumpkinseed,9,Catch,0
2022,MANISTEE,Pier/Dock,Pumpkinseed,9,Harvest,0
2022,MANISTEE,Pier/Dock,Rockbass,9,Catch,0
2022,MANISTEE,Pier/Dock,Rockbass,9,Harvest,0
2022,MANISTEE,Pier/Dock,Round Whitefish,9,Catch,0
2022,MANISTEE,Pier/Dock,Round Whitefish,9,Harvest,0
2022,MANISTEE,Pier/Dock,Smallmouth Bass,9,Catch,0
2022,MANISTEE,Pier/Dock,Smallmouth Bass,9,Harvest,0
2022,MANISTEE,Pier/Dock,Steelhead,9,Catch,0
2022,MANISTEE,Pier/Dock,Steelhead,9,Harvest,0
2022,MANISTEE,Pier/Dock,Walleye,9,Catch,0
2022,MANISTEE,Pier/Dock,Walleye,9,Harvest,0
2022,MANISTEE,Pier/Dock,White Perch,9,Catch,0
2022,MANISTEE,Pier/Dock,White Perch,9,Harvest,0
2022,MANISTEE,Pier/Dock,Yellow Perch,9,Catch,0
2022,MANISTEE,Pier/Dock,Yellow Perch,9,Harvest,0
2022,MANISTEE,Pier/Dock,Atlantic Salmon,10,Catch,0
2022,MANISTEE,Pier/Dock,Atlantic Salmon,10,Harvest,0
2022,MANISTEE,Pier/Dock,Black Crappie,10,Catch,0
2022,MANISTEE,Pier/Dock,Black Crappie,10,Harvest,0
2022,MANISTEE,Pier/Dock,Bluegill,10,Catch,0
2022,MANISTEE,Pier/Dock,Bluegill,10,Harvest,0
2022,MANISTEE,Pier/Dock,Brook Trout,10,Catch,0
2022,MANISTEE,Pier/Dock,Brook Trout,10,Harvest,0
2022,MANISTEE,Pier/Dock,Brown Trout,10,Catch,0
2022,MANISTEE,Pier/Dock,Brown Trout,10,Harvest,0
2022,MANISTEE,Pier/Dock,Carp,10,Catch,0
2022,MANISTEE,Pier/Dock,Carp,10,Harvest,0
2022,MANISTEE,Pier/Dock,Channel Catfish,10,Catch,0
2022,MANISTEE,Pier/Dock,Channel Catfish,10,Harvest,0
2022,MANISTEE,Pier/Dock,Chinook Salmon,10,Catch,0
2022,MANISTEE,Pier/Dock,Chinook Salmon,10,Harvest,0
2022,MANISTEE,Pier/Dock,Coho Salmon,10,Catch,74
2022,MANISTEE,Pier/Dock,Coho Salmon,10,Harvest,0
2022,MANISTEE,Pier/Dock,Common White Sucker,10,Catch,0
2022,MANISTEE,Pier/Dock,Common White Sucker,10,Harvest,0
2022,MANISTEE,Pier/Dock,Drum,10,Catch,0
2022,MANISTEE,Pier/Dock,Drum,10,Harvest,0
2022,MANISTEE,Pier/Dock,Fat Lake Trout,10,Catch,0
2022,MANISTEE,Pier/Dock,Fat Lake Trout,10,Harvest,0
2022,MANISTEE,Pier/Dock,Lake Herring,10,Catch,0
2022,MANISTEE,Pier/Dock,Lake Herring,10,Harvest,0
2022,MANISTEE,Pier/Dock,Lake Whitefish,10,Catch,0
2022,MANISTEE,Pier/Dock,Lake Whitefish,10,Harvest,0
2022,MANISTEE,Pier/Dock,Largemouth Bass,10,Catch,0
2022,MANISTEE,Pier/Dock,Largemouth Bass,10,Harvest,0
2022,MANISTEE,Pier/Dock,Lean Lake Trout,10,Catch,2
2022,MANISTEE,Pier/Dock,Lean Lake Trout,10,Harvest,2
2022,MANISTEE,Pier/Dock,Northern Pike,10,Catch,0
2022,MANISTEE,Pier/Dock,Northern Pike,10,Harvest,0
2022,MANISTEE,Pier/Dock,,10,Angler Hours,1155
2022,MANISTEE,Pier/Dock,Other,10,Catch,0
2022,MANISTEE,Pier/Dock,Other,10,Harvest,0
2022,MANISTEE,Pier/Dock,Pink Salmon,10,Catch,0
2022,MANISTEE,Pier/Dock,Pink Salmon,10,Harvest,0
2022,MANISTEE,Pier/Dock,Pumpkinseed,10,Catch,0
2022,MANISTEE,Pier/Dock,Pumpkinseed,10,Harvest,0
2022,MANISTEE,Pier/Dock,Rockbass,10,Catch,0
2022,MANISTEE,Pier/Dock,Rockbass,10,Harvest,0
2022,MANISTEE,Pier/Dock,Round Whitefish,10,Catch,0
2022,MANISTEE,Pier/Dock,Round Whitefish,10,Harvest,0
2022,MANISTEE,Pier/Dock,Smallmouth Bass,10,Catch,0
2022,MANISTEE,Pier/Dock,Smallmouth Bass,10,Harvest,0
2022,MANISTEE,Pier/Dock,Steelhead,10,Catch,147
2022,MANISTEE,Pier/Dock,Steelhead,10,Harvest,108
2022,MANISTEE,Pier/Dock,Walleye,10,Catch,0
2022,MANISTEE,Pier/Dock,Walleye,10,Harvest,0
2022,MANISTEE,Pier/Dock,White Perch,10,Catch,0
2022,MANISTEE,Pier/Dock,White Perch,10,Harvest,0
2022,MANISTEE,Pier/Dock,Yellow Perch,10,Catch,0
2022,MANISTEE,Pier/Dock,Yellow Perch,10,Harvest,0
