cityId,speciesId,month,period,effortYears,matchedYears,missingCatchYears,matchedHours,catchEstimate,positiveYears,catchPer1000AllSpeciesHours,positiveYearShare,largestYearCatchShare
ludington_mi,chinook_salmon,1,long_1997_2022,0,0,0,0,0,0,,,
ludington_mi,chinook_salmon,1,modern_2012_2022,0,0,0,0,0,0,,,
ludington_mi,chinook_salmon,1,recent_2018_2022,0,0,0,0,0,0,,,
ludington_mi,chinook_salmon,2,long_1997_2022,0,0,0,0,0,0,,,
ludington_mi,chinook_salmon,2,modern_2012_2022,0,0,0,0,0,0,,,
ludington_mi,chinook_salmon,2,recent_2018_2022,0,0,0,0,0,0,,,
ludington_mi,chinook_salmon,3,long_1997_2022,0,0,0,0,0,0,,,
ludington_mi,chinook_salmon,3,modern_2012_2022,0,0,0,0,0,0,,,
ludington_mi,chinook_salmon,3,recent_2018_2022,0,0,0,0,0,0,,,
ludington_mi,chinook_salmon,4,long_1997_2022,25,6,19,4585,15,1,3.271538,0.166667,1
ludington_mi,chinook_salmon,4,modern_2012_2022,10,5,5,1845,0,0,0,0,
ludington_mi,chinook_salmon,4,recent_2018_2022,4,4,0,1553,0,0,0,0,
ludington_mi,chinook_salmon,5,long_1997_2022,25,9,16,2637,70,4,26.545317,0.444444,0.400000
ludington_mi,chinook_salmon,5,modern_2012_2022,10,7,3,1843,43,2,23.331525,0.285714,0.651163
ludington_mi,chinook_salmon,5,recent_2018_2022,4,4,0,753,0,0,0,0,
ludington_mi,chinook_salmon,6,long_1997_2022,24,7,17,3603,153,3,42.464613,0.428571,0.477124
ludington_mi,chinook_salmon,6,modern_2012_2022,9,5,4,2487,73,1,29.352634,0.200000,1
ludington_mi,chinook_salmon,6,recent_2018_2022,3,3,0,792,0,0,0,0,
ludington_mi,chinook_salmon,7,long_1997_2022,25,8,17,12862,377,3,29.311149,0.375000,0.742706
ludington_mi,chinook_salmon,7,modern_2012_2022,10,6,4,7605,70,1,9.204471,0.166667,1
ludington_mi,chinook_salmon,7,recent_2018_2022,4,4,0,3463,0,0,0,0,
ludington_mi,chinook_salmon,8,long_1997_2022,25,17,8,40815,3084,15,75.560456,0.882353,0.533398
ludington_mi,chinook_salmon,8,modern_2012_2022,10,7,3,10866,259,5,23.835818,0.714286,0.324324
ludington_mi,chinook_salmon,8,recent_2018_2022,4,4,0,3653,71,2,19.436080,0.500000,0.760563
ludington_mi,chinook_salmon,9,long_1997_2022,25,20,5,34678,2326,16,67.074226,0.800000,0.221840
ludington_mi,chinook_salmon,9,modern_2012_2022,10,10,0,13213,379,6,28.683872,0.600000,0.564644
ludington_mi,chinook_salmon,9,recent_2018_2022,4,4,0,2463,0,0,0,0,
ludington_mi,chinook_salmon,10,long_1997_2022,25,9,16,15623,45,4,2.880369,0.444444,0.488889
ludington_mi,chinook_salmon,10,modern_2012_2022,10,5,5,5030,0,0,0,0,
ludington_mi,chinook_salmon,10,recent_2018_2022,4,4,0,2210,0,0,0,0,
ludington_mi,chinook_salmon,11,long_1997_2022,0,0,0,0,0,0,,,
ludington_mi,chinook_salmon,11,modern_2012_2022,0,0,0,0,0,0,,,
ludington_mi,chinook_salmon,11,recent_2018_2022,0,0,0,0,0,0,,,
ludington_mi,chinook_salmon,12,long_1997_2022,0,0,0,0,0,0,,,
ludington_mi,chinook_salmon,12,modern_2012_2022,0,0,0,0,0,0,,,
ludington_mi,chinook_salmon,12,recent_2018_2022,0,0,0,0,0,0,,,
ludington_mi,coho_salmon,1,long_1997_2022,0,0,0,0,0,0,,,
ludington_mi,coho_salmon,1,modern_2012_2022,0,0,0,0,0,0,,,
ludington_mi,coho_salmon,1,recent_2018_2022,0,0,0,0,0,0,,,
ludington_mi,coho_salmon,2,long_1997_2022,0,0,0,0,0,0,,,
ludington_mi,coho_salmon,2,modern_2012_2022,0,0,0,0,0,0,,,
ludington_mi,coho_salmon,2,recent_2018_2022,0,0,0,0,0,0,,,
ludington_mi,coho_salmon,3,long_1997_2022,0,0,0,0,0,0,,,
ludington_mi,coho_salmon,3,modern_2012_2022,0,0,0,0,0,0,,,
ludington_mi,coho_salmon,3,recent_2018_2022,0,0,0,0,0,0,,,
ludington_mi,coho_salmon,4,long_1997_2022,25,5,20,1845,0,0,0,0,
ludington_mi,coho_salmon,4,modern_2012_2022,10,5,5,1845,0,0,0,0,
ludington_mi,coho_salmon,4,recent_2018_2022,4,4,0,1553,0,0,0,0,
ludington_mi,coho_salmon,5,long_1997_2022,25,5,20,877,4,1,4.561003,0.200000,1
ludington_mi,coho_salmon,5,modern_2012_2022,10,5,5,877,4,1,4.561003,0.200000,1
ludington_mi,coho_salmon,5,recent_2018_2022,4,4,0,753,4,1,5.312085,0.250000,1
ludington_mi,coho_salmon,6,long_1997_2022,24,4,20,1670,0,0,0,0,
ludington_mi,coho_salmon,6,modern_2012_2022,9,4,5,1670,0,0,0,0,
ludington_mi,coho_salmon,6,recent_2018_2022,3,3,0,792,0,0,0,0,
ludington_mi,coho_salmon,7,long_1997_2022,25,7,18,11725,55,2,4.690832,0.285714,0.509091
ludington_mi,coho_salmon,7,modern_2012_2022,10,6,4,8092,27,1,3.336629,0.166667,1
ludington_mi,coho_salmon,7,recent_2018_2022,4,4,0,3463,0,0,0,0,
ludington_mi,coho_salmon,8,long_1997_2022,25,9,16,13308,95,4,7.138563,0.444444,0.568421
ludington_mi,coho_salmon,8,modern_2012_2022,10,5,5,5924,0,0,0,0,
ludington_mi,coho_salmon,8,recent_2018_2022,4,4,0,3653,0,0,0,0,
ludington_mi,coho_salmon,9,long_1997_2022,25,15,10,25202,287,12,11.387985,0.800000,0.216028
ludington_mi,coho_salmon,9,modern_2012_2022,10,7,3,9029,76,4,8.417322,0.571429,0.644737
ludington_mi,coho_salmon,9,recent_2018_2022,4,4,0,2463,10,1,4.060089,0.250000,1
ludington_mi,coho_salmon,10,long_1997_2022,25,13,12,21927,192,9,8.756328,0.692308,0.447917
ludington_mi,coho_salmon,10,modern_2012_2022,10,7,3,8930,136,3,15.229563,0.428571,0.632353
ludington_mi,coho_salmon,10,recent_2018_2022,4,4,0,2210,0,0,0,0,
ludington_mi,coho_salmon,11,long_1997_2022,0,0,0,0,0,0,,,
ludington_mi,coho_salmon,11,modern_2012_2022,0,0,0,0,0,0,,,
ludington_mi,coho_salmon,11,recent_2018_2022,0,0,0,0,0,0,,,
ludington_mi,coho_salmon,12,long_1997_2022,0,0,0,0,0,0,,,
ludington_mi,coho_salmon,12,modern_2012_2022,0,0,0,0,0,0,,,
ludington_mi,coho_salmon,12,recent_2018_2022,0,0,0,0,0,0,,,
ludington_mi,steelhead,1,long_1997_2022,0,0,0,0,0,0,,,
ludington_mi,steelhead,1,modern_2012_2022,0,0,0,0,0,0,,,
ludington_mi,steelhead,1,recent_2018_2022,0,0,0,0,0,0,,,
ludington_mi,steelhead,2,long_1997_2022,0,0,0,0,0,0,,,
ludington_mi,steelhead,2,modern_2012_2022,0,0,0,0,0,0,,,
ludington_mi,steelhead,2,recent_2018_2022,0,0,0,0,0,0,,,
ludington_mi,steelhead,3,long_1997_2022,0,0,0,0,0,0,,,
ludington_mi,steelhead,3,modern_2012_2022,0,0,0,0,0,0,,,
ludington_mi,steelhead,3,recent_2018_2022,0,0,0,0,0,0,,,
ludington_mi,steelhead,4,long_1997_2022,25,18,7,19350,323,14,16.692506,0.777778,0.204334
ludington_mi,steelhead,4,modern_2012_2022,10,9,1,6270,133,5,21.212121,0.555556,0.360902
ludington_mi,steelhead,4,recent_2018_2022,4,4,0,1553,20,1,12.878300,0.250000,1
ludington_mi,steelhead,5,long_1997_2022,25,6,19,1147,7,1,6.102877,0.166667,1
ludington_mi,steelhead,5,modern_2012_2022,10,6,4,1147,7,1,6.102877,0.166667,1
ludington_mi,steelhead,5,recent_2018_2022,4,4,0,753,0,0,0,0,
ludington_mi,steelhead,6,long_1997_2022,24,6,18,3210,56,2,17.445483,0.333333,0.714286
ludington_mi,steelhead,6,modern_2012_2022,9,5,4,2487,16,1,6.433454,0.200000,1
ludington_mi,steelhead,6,recent_2018_2022,3,3,0,792,0,0,0,0,
ludington_mi,steelhead,7,long_1997_2022,25,6,19,7605,18,1,2.366864,0.166667,1
ludington_mi,steelhead,7,modern_2012_2022,10,6,4,7605,18,1,2.366864,0.166667,1
ludington_mi,steelhead,7,recent_2018_2022,4,4,0,3463,0,0,0,0,
ludington_mi,steelhead,8,long_1997_2022,25,5,20,5924,0,0,0,0,
ludington_mi,steelhead,8,modern_2012_2022,10,5,5,5924,0,0,0,0,
ludington_mi,steelhead,8,recent_2018_2022,4,4,0,3653,0,0,0,0,
ludington_mi,steelhead,9,long_1997_2022,25,7,18,8871,22,2,2.479991,0.285714,0.500000
ludington_mi,steelhead,9,modern_2012_2022,10,6,4,7751,11,1,1.419172,0.166667,1
ludington_mi,steelhead,9,recent_2018_2022,4,4,0,2463,0,0,0,0,
ludington_mi,steelhead,10,long_1997_2022,25,23,2,42046,3656,19,86.952385,0.826087,0.172046
ludington_mi,steelhead,10,modern_2012_2022,10,8,2,10992,513,5,46.670306,0.625000,0.374269
ludington_mi,steelhead,10,recent_2018_2022,4,4,0,2210,45,1,20.361991,0.250000,1
ludington_mi,steelhead,11,long_1997_2022,0,0,0,0,0,0,,,
ludington_mi,steelhead,11,modern_2012_2022,0,0,0,0,0,0,,,
ludington_mi,steelhead,11,recent_2018_2022,0,0,0,0,0,0,,,
ludington_mi,steelhead,12,long_1997_2022,0,0,0,0,0,0,,,
ludington_mi,steelhead,12,modern_2012_2022,0,0,0,0,0,0,,,
ludington_mi,steelhead,12,recent_2018_2022,0,0,0,0,0,0,,,
ludington_mi,brown_trout,1,long_1997_2022,0,0,0,0,0,0,,,
ludington_mi,brown_trout,1,modern_2012_2022,0,0,0,0,0,0,,,
ludington_mi,brown_trout,1,recent_2018_2022,0,0,0,0,0,0,,,
ludington_mi,brown_trout,2,long_1997_2022,0,0,0,0,0,0,,,
ludington_mi,brown_trout,2,modern_2012_2022,0,0,0,0,0,0,,,
ludington_mi,brown_trout,2,recent_2018_2022,0,0,0,0,0,0,,,
ludington_mi,brown_trout,3,long_1997_2022,0,0,0,0,0,0,,,
ludington_mi,brown_trout,3,modern_2012_2022,0,0,0,0,0,0,,,
ludington_mi,brown_trout,3,recent_2018_2022,0,0,0,0,0,0,,,
ludington_mi,brown_trout,4,long_1997_2022,25,21,4,22475,1337,18,59.488320,0.857143,0.245325
ludington_mi,brown_trout,4,modern_2012_2022,10,9,1,6317,430,6,68.070287,0.666667,0.762791
ludington_mi,brown_trout,4,recent_2018_2022,4,4,0,1553,39,2,25.112685,0.500000,0.615385
ludington_mi,brown_trout,5,long_1997_2022,25,13,12,4670,235,10,50.321199,0.769231,0.200000
ludington_mi,brown_trout,5,modern_2012_2022,10,8,2,2113,61,5,28.868907,0.625000,0.557377
ludington_mi,brown_trout,5,recent_2018_2022,4,4,0,753,5,2,6.640106,0.500000,0.800000
ludington_mi,brown_trout,6,long_1997_2022,24,6,18,3210,83,3,25.856698,0.500000,0.686747
ludington_mi,brown_trout,6,modern_2012_2022,9,5,4,2487,78,2,31.363088,0.400000,0.730769
ludington_mi,brown_trout,6,recent_2018_2022,3,3,0,792,0,0,0,0,
ludington_mi,brown_trout,7,long_1997_2022,25,6,19,7605,78,2,10.256410,0.333333,0.730769
ludington_mi,brown_trout,7,modern_2012_2022,10,6,4,7605,78,2,10.256410,0.333333,0.730769
ludington_mi,brown_trout,7,recent_2018_2022,4,4,0,3463,21,1,6.064106,0.250000,1
ludington_mi,brown_trout,8,long_1997_2022,25,6,19,8500,456,2,53.647059,0.333333,0.940789
ludington_mi,brown_trout,8,modern_2012_2022,10,5,5,5924,27,1,4.557731,0.200000,1
ludington_mi,brown_trout,8,recent_2018_2022,4,4,0,3653,0,0,0,0,
ludington_mi,brown_trout,9,long_1997_2022,25,8,17,13529,226,3,16.704856,0.375000,0.725664
ludington_mi,brown_trout,9,modern_2012_2022,10,6,4,8641,9,1,1.041546,0.166667,1
ludington_mi,brown_trout,9,recent_2018_2022,4,4,0,2463,0,0,0,0,
ludington_mi,brown_trout,10,long_1997_2022,25,13,12,22446,284,9,12.652588,0.692308,0.362676
ludington_mi,brown_trout,10,modern_2012_2022,10,6,4,6878,21,2,3.053213,0.333333,0.809524
ludington_mi,brown_trout,10,recent_2018_2022,4,4,0,2210,4,1,1.809955,0.250000,1
ludington_mi,brown_trout,11,long_1997_2022,0,0,0,0,0,0,,,
ludington_mi,brown_trout,11,modern_2012_2022,0,0,0,0,0,0,,,
ludington_mi,brown_trout,11,recent_2018_2022,0,0,0,0,0,0,,,
ludington_mi,brown_trout,12,long_1997_2022,0,0,0,0,0,0,,,
ludington_mi,brown_trout,12,modern_2012_2022,0,0,0,0,0,0,,,
ludington_mi,brown_trout,12,recent_2018_2022,0,0,0,0,0,0,,,
ludington_mi,lake_trout,1,long_1997_2022,0,0,0,0,0,0,,,
ludington_mi,lake_trout,1,modern_2012_2022,0,0,0,0,0,0,,,
ludington_mi,lake_trout,1,recent_2018_2022,0,0,0,0,0,0,,,
ludington_mi,lake_trout,2,long_1997_2022,0,0,0,0,0,0,,,
ludington_mi,lake_trout,2,modern_2012_2022,0,0,0,0,0,0,,,
ludington_mi,lake_trout,2,recent_2018_2022,0,0,0,0,0,0,,,
ludington_mi,lake_trout,3,long_1997_2022,0,0,0,0,0,0,,,
ludington_mi,lake_trout,3,modern_2012_2022,0,0,0,0,0,0,,,
ludington_mi,lake_trout,3,recent_2018_2022,0,0,0,0,0,0,,,
ludington_mi,lake_trout,4,long_1997_2022,25,3,22,811,4,1,4.932182,0.333333,1
ludington_mi,lake_trout,4,modern_2012_2022,10,3,7,811,4,1,4.932182,0.333333,1
ludington_mi,lake_trout,4,recent_2018_2022,4,2,2,519,0,0,0,0,
ludington_mi,lake_trout,5,long_1997_2022,25,3,22,426,0,0,0,0,
ludington_mi,lake_trout,5,modern_2012_2022,10,3,7,426,0,0,0,0,
ludington_mi,lake_trout,5,recent_2018_2022,4,2,2,302,0,0,0,0,
ludington_mi,lake_trout,6,long_1997_2022,24,2,22,1178,0,0,0,0,
ludington_mi,lake_trout,6,modern_2012_2022,9,2,7,1178,0,0,0,0,
ludington_mi,lake_trout,6,recent_2018_2022,3,1,2,300,0,0,0,0,
ludington_mi,lake_trout,7,long_1997_2022,25,3,22,2510,0,0,0,0,
ludington_mi,lake_trout,7,modern_2012_2022,10,3,7,2510,0,0,0,0,
ludington_mi,lake_trout,7,recent_2018_2022,4,2,2,1036,0,0,0,0,
ludington_mi,lake_trout,8,long_1997_2022,25,3,22,4375,11,1,2.514286,0.333333,1
ludington_mi,lake_trout,8,modern_2012_2022,10,3,7,4375,11,1,2.514286,0.333333,1
ludington_mi,lake_trout,8,recent_2018_2022,4,2,2,2104,0,0,0,0,
ludington_mi,lake_trout,9,long_1997_2022,25,3,22,4315,0,0,0,0,
ludington_mi,lake_trout,9,modern_2012_2022,10,3,7,4315,0,0,0,0,
ludington_mi,lake_trout,9,recent_2018_2022,4,2,2,1133,0,0,0,0,
ludington_mi,lake_trout,10,long_1997_2022,25,3,22,3798,13,2,3.422854,0.666667,0.615385
ludington_mi,lake_trout,10,modern_2012_2022,10,3,7,3798,13,2,3.422854,0.666667,0.615385
ludington_mi,lake_trout,10,recent_2018_2022,4,2,2,978,8,1,8.179959,0.500000,1
ludington_mi,lake_trout,11,long_1997_2022,0,0,0,0,0,0,,,
ludington_mi,lake_trout,11,modern_2012_2022,0,0,0,0,0,0,,,
ludington_mi,lake_trout,11,recent_2018_2022,0,0,0,0,0,0,,,
ludington_mi,lake_trout,12,long_1997_2022,0,0,0,0,0,0,,,
ludington_mi,lake_trout,12,modern_2012_2022,0,0,0,0,0,0,,,
ludington_mi,lake_trout,12,recent_2018_2022,0,0,0,0,0,0,,,
ludington_mi,walleye,1,long_1997_2022,0,0,0,0,0,0,,,
ludington_mi,walleye,1,modern_2012_2022,0,0,0,0,0,0,,,
ludington_mi,walleye,1,recent_2018_2022,0,0,0,0,0,0,,,
ludington_mi,walleye,2,long_1997_2022,0,0,0,0,0,0,,,
ludington_mi,walleye,2,modern_2012_2022,0,0,0,0,0,0,,,
ludington_mi,walleye,2,recent_2018_2022,0,0,0,0,0,0,,,
ludington_mi,walleye,3,long_1997_2022,0,0,0,0,0,0,,,
ludington_mi,walleye,3,modern_2012_2022,0,0,0,0,0,0,,,
ludington_mi,walleye,3,recent_2018_2022,0,0,0,0,0,0,,,
ludington_mi,walleye,4,long_1997_2022,25,5,20,1845,0,0,0,0,
ludington_mi,walleye,4,modern_2012_2022,10,5,5,1845,0,0,0,0,
ludington_mi,walleye,4,recent_2018_2022,4,4,0,1553,0,0,0,0,
ludington_mi,walleye,5,long_1997_2022,25,5,20,877,4,1,4.561003,0.200000,1
ludington_mi,walleye,5,modern_2012_2022,10,5,5,877,4,1,4.561003,0.200000,1
ludington_mi,walleye,5,recent_2018_2022,4,4,0,753,4,1,5.312085,0.250000,1
ludington_mi,walleye,6,long_1997_2022,24,4,20,1670,0,0,0,0,
ludington_mi,walleye,6,modern_2012_2022,9,4,5,1670,0,0,0,0,
ludington_mi,walleye,6,recent_2018_2022,3,3,0,792,0,0,0,0,
ludington_mi,walleye,7,long_1997_2022,25,5,20,4937,0,0,0,0,
ludington_mi,walleye,7,modern_2012_2022,10,5,5,4937,0,0,0,0,
ludington_mi,walleye,7,recent_2018_2022,4,4,0,3463,0,0,0,0,
ludington_mi,walleye,8,long_1997_2022,25,7,18,10866,24,2,2.208724,0.285714,0.708333
ludington_mi,walleye,8,modern_2012_2022,10,7,3,10866,24,2,2.208724,0.285714,0.708333
ludington_mi,walleye,8,recent_2018_2022,4,4,0,3653,0,0,0,0,
ludington_mi,walleye,9,long_1997_2022,25,6,19,8607,12,2,1.394214,0.333333,0.583333
ludington_mi,walleye,9,modern_2012_2022,10,5,5,5645,5,1,0.885740,0.200000,1
ludington_mi,walleye,9,recent_2018_2022,4,4,0,2463,5,1,2.030045,0.250000,1
ludington_mi,walleye,10,long_1997_2022,25,5,20,5030,0,0,0,0,
ludington_mi,walleye,10,modern_2012_2022,10,5,5,5030,0,0,0,0,
ludington_mi,walleye,10,recent_2018_2022,4,4,0,2210,0,0,0,0,
ludington_mi,walleye,11,long_1997_2022,0,0,0,0,0,0,,,
ludington_mi,walleye,11,modern_2012_2022,0,0,0,0,0,0,,,
ludington_mi,walleye,11,recent_2018_2022,0,0,0,0,0,0,,,
ludington_mi,walleye,12,long_1997_2022,0,0,0,0,0,0,,,
ludington_mi,walleye,12,modern_2012_2022,0,0,0,0,0,0,,,
ludington_mi,walleye,12,recent_2018_2022,0,0,0,0,0,0,,,
ludington_mi,smallmouth_bass,1,long_1997_2022,0,0,0,0,0,0,,,
ludington_mi,smallmouth_bass,1,modern_2012_2022,0,0,0,0,0,0,,,
ludington_mi,smallmouth_bass,1,recent_2018_2022,0,0,0,0,0,0,,,
ludington_mi,smallmouth_bass,2,long_1997_2022,0,0,0,0,0,0,,,
ludington_mi,smallmouth_bass,2,modern_2012_2022,0,0,0,0,0,0,,,
ludington_mi,smallmouth_bass,2,recent_2018_2022,0,0,0,0,0,0,,,
ludington_mi,smallmouth_bass,3,long_1997_2022,0,0,0,0,0,0,,,
ludington_mi,smallmouth_bass,3,modern_2012_2022,0,0,0,0,0,0,,,
ludington_mi,smallmouth_bass,3,recent_2018_2022,0,0,0,0,0,0,,,
ludington_mi,smallmouth_bass,4,long_1997_2022,25,5,20,1845,0,0,0,0,
ludington_mi,smallmouth_bass,4,modern_2012_2022,10,5,5,1845,0,0,0,0,
ludington_mi,smallmouth_bass,4,recent_2018_2022,4,4,0,1553,0,0,0,0,
ludington_mi,smallmouth_bass,5,long_1997_2022,25,7,18,1843,10,2,5.425936,0.285714,0.500000
ludington_mi,smallmouth_bass,5,modern_2012_2022,10,7,3,1843,10,2,5.425936,0.285714,0.500000
ludington_mi,smallmouth_bass,5,recent_2018_2022,4,4,0,753,0,0,0,0,
ludington_mi,smallmouth_bass,6,long_1997_2022,24,7,17,5471,173,4,31.621276,0.571429,0.624277
ludington_mi,smallmouth_bass,6,modern_2012_2022,9,6,3,3357,161,3,47.959488,0.500000,0.670807
ludington_mi,smallmouth_bass,6,recent_2018_2022,3,3,0,792,0,0,0,0,
ludington_mi,smallmouth_bass,7,long_1997_2022,25,13,12,17797,1056,12,59.335843,0.923077,0.401515
ludington_mi,smallmouth_bass,7,modern_2012_2022,10,9,1,13122,475,8,36.198750,0.888889,0.431579
ludington_mi,smallmouth_bass,7,recent_2018_2022,4,4,0,3463,39,3,11.261912,0.750000,0.461538
ludington_mi,smallmouth_bass,8,long_1997_2022,25,9,16,15064,343,5,22.769517,0.555556,0.513120
ludington_mi,smallmouth_bass,8,modern_2012_2022,10,7,3,10866,69,3,6.350083,0.428571,0.623188
ludington_mi,smallmouth_bass,8,recent_2018_2022,4,4,0,3653,17,1,4.653709,0.250000,1
ludington_mi,smallmouth_bass,9,long_1997_2022,25,7,18,11243,162,4,14.408966,0.571429,0.759259
ludington_mi,smallmouth_bass,9,modern_2012_2022,10,6,4,7751,159,3,20.513482,0.500000,0.773585
ludington_mi,smallmouth_bass,9,recent_2018_2022,4,4,0,2463,123,1,49.939099,0.250000,1
ludington_mi,smallmouth_bass,10,long_1997_2022,25,6,19,7374,6,1,0.813670,0.166667,1
ludington_mi,smallmouth_bass,10,modern_2012_2022,10,5,5,5030,0,0,0,0,
ludington_mi,smallmouth_bass,10,recent_2018_2022,4,4,0,2210,0,0,0,0,
ludington_mi,smallmouth_bass,11,long_1997_2022,0,0,0,0,0,0,,,
ludington_mi,smallmouth_bass,11,modern_2012_2022,0,0,0,0,0,0,,,
ludington_mi,smallmouth_bass,11,recent_2018_2022,0,0,0,0,0,0,,,
ludington_mi,smallmouth_bass,12,long_1997_2022,0,0,0,0,0,0,,,
ludington_mi,smallmouth_bass,12,modern_2012_2022,0,0,0,0,0,0,,,
ludington_mi,smallmouth_bass,12,recent_2018_2022,0,0,0,0,0,0,,,
ludington_mi,freshwater_drum,1,long_1997_2022,0,0,0,0,0,0,,,
ludington_mi,freshwater_drum,1,modern_2012_2022,0,0,0,0,0,0,,,
ludington_mi,freshwater_drum,1,recent_2018_2022,0,0,0,0,0,0,,,
ludington_mi,freshwater_drum,2,long_1997_2022,0,0,0,0,0,0,,,
ludington_mi,freshwater_drum,2,modern_2012_2022,0,0,0,0,0,0,,,
ludington_mi,freshwater_drum,2,recent_2018_2022,0,0,0,0,0,0,,,
ludington_mi,freshwater_drum,3,long_1997_2022,0,0,0,0,0,0,,,
ludington_mi,freshwater_drum,3,modern_2012_2022,0,0,0,0,0,0,,,
ludington_mi,freshwater_drum,3,recent_2018_2022,0,0,0,0,0,0,,,
ludington_mi,freshwater_drum,4,long_1997_2022,25,5,20,1845,0,0,0,0,
ludington_mi,freshwater_drum,4,modern_2012_2022,10,5,5,1845,0,0,0,0,
ludington_mi,freshwater_drum,4,recent_2018_2022,4,4,0,1553,0,0,0,0,
ludington_mi,freshwater_drum,5,long_1997_2022,25,6,19,1368,5,1,3.654971,0.166667,1
ludington_mi,freshwater_drum,5,modern_2012_2022,10,6,4,1368,5,1,3.654971,0.166667,1
ludington_mi,freshwater_drum,5,recent_2018_2022,4,4,0,753,0,0,0,0,
ludington_mi,freshwater_drum,6,long_1997_2022,24,6,18,2914,87,2,29.855868,0.333333,0.908046
ludington_mi,freshwater_drum,6,modern_2012_2022,9,4,5,1670,0,0,0,0,
ludington_mi,freshwater_drum,6,recent_2018_2022,3,3,0,792,0,0,0,0,
ludington_mi,freshwater_drum,7,long_1997_2022,25,10,15,13957,980,7,70.215662,0.700000,0.437755
ludington_mi,freshwater_drum,7,modern_2012_2022,10,8,2,10454,621,5,59.403099,0.625000,0.690821
ludington_mi,freshwater_drum,7,recent_2018_2022,4,4,0,3463,40,1,11.550679,0.250000,1
ludington_mi,freshwater_drum,8,long_1997_2022,25,11,14,16063,427,6,26.582830,0.545455,0.772834
ludington_mi,freshwater_drum,8,modern_2012_2022,10,8,2,11605,357,3,30.762602,0.375000,0.924370
ludington_mi,freshwater_drum,8,recent_2018_2022,4,4,0,3653,0,0,0,0,
ludington_mi,freshwater_drum,9,long_1997_2022,25,7,18,11503,42,3,3.651221,0.428571,0.690476
ludington_mi,freshwater_drum,9,modern_2012_2022,10,6,4,8641,39,2,4.513367,0.333333,0.743590
ludington_mi,freshwater_drum,9,recent_2018_2022,4,4,0,2463,0,0,0,0,
ludington_mi,freshwater_drum,10,long_1997_2022,25,5,20,5030,0,0,0,0,
ludington_mi,freshwater_drum,10,modern_2012_2022,10,5,5,5030,0,0,0,0,
ludington_mi,freshwater_drum,10,recent_2018_2022,4,4,0,2210,0,0,0,0,
ludington_mi,freshwater_drum,11,long_1997_2022,0,0,0,0,0,0,,,
ludington_mi,freshwater_drum,11,modern_2012_2022,0,0,0,0,0,0,,,
ludington_mi,freshwater_drum,11,recent_2018_2022,0,0,0,0,0,0,,,
ludington_mi,freshwater_drum,12,long_1997_2022,0,0,0,0,0,0,,,
ludington_mi,freshwater_drum,12,modern_2012_2022,0,0,0,0,0,0,,,
ludington_mi,freshwater_drum,12,recent_2018_2022,0,0,0,0,0,0,,,
ludington_mi,yellow_perch,1,long_1997_2022,0,0,0,0,0,0,,,
ludington_mi,yellow_perch,1,modern_2012_2022,0,0,0,0,0,0,,,
ludington_mi,yellow_perch,1,recent_2018_2022,0,0,0,0,0,0,,,
ludington_mi,yellow_perch,2,long_1997_2022,0,0,0,0,0,0,,,
ludington_mi,yellow_perch,2,modern_2012_2022,0,0,0,0,0,0,,,
ludington_mi,yellow_perch,2,recent_2018_2022,0,0,0,0,0,0,,,
ludington_mi,yellow_perch,3,long_1997_2022,0,0,0,0,0,0,,,
ludington_mi,yellow_perch,3,modern_2012_2022,0,0,0,0,0,0,,,
ludington_mi,yellow_perch,3,recent_2018_2022,0,0,0,0,0,0,,,
ludington_mi,yellow_perch,4,long_1997_2022,25,6,19,4585,2420,1,527.808070,0.166667,1
ludington_mi,yellow_perch,4,modern_2012_2022,10,5,5,1845,0,0,0,0,
ludington_mi,yellow_perch,4,recent_2018_2022,4,4,0,1553,0,0,0,0,
ludington_mi,yellow_perch,5,long_1997_2022,25,8,17,3605,559,3,155.062413,0.375000,0.898032
ludington_mi,yellow_perch,5,modern_2012_2022,10,5,5,877,0,0,0,0,
ludington_mi,yellow_perch,5,recent_2018_2022,4,4,0,753,0,0,0,0,
ludington_mi,yellow_perch,6,long_1997_2022,24,11,13,7466,4455,9,596.705063,0.818182,0.441975
ludington_mi,yellow_perch,6,modern_2012_2022,9,7,2,3134,3337,5,1064.773452,0.714286,0.590051
ludington_mi,yellow_perch,6,recent_2018_2022,3,3,0,792,1178,1,1487.373737,0.333333,1
ludington_mi,yellow_perch,7,long_1997_2022,25,13,12,20686,35649,11,1723.339457,0.846154,0.395775
ludington_mi,yellow_perch,7,modern_2012_2022,10,7,3,9292,20773,5,2235.578993,0.714286,0.679199
ludington_mi,yellow_perch,7,recent_2018_2022,4,4,0,3463,6006,3,1734.334392,0.750000,0.816017
ludington_mi,yellow_perch,8,long_1997_2022,25,10,15,29041,14785,8,509.107813,0.800000,0.886980
ludington_mi,yellow_perch,8,modern_2012_2022,10,7,3,10866,1058,5,97.367937,0.714286,0.490548
ludington_mi,yellow_perch,8,recent_2018_2022,4,4,0,3653,73,2,19.983575,0.500000,0.904110
ludington_mi,yellow_perch,9,long_1997_2022,25,8,17,15294,5031,4,328.952530,0.500000,0.483403
ludington_mi,yellow_perch,9,modern_2012_2022,10,6,4,8641,1785,2,206.573313,0.333333,0.945658
ludington_mi,yellow_perch,9,recent_2018_2022,4,4,0,2463,0,0,0,0,
ludington_mi,yellow_perch,10,long_1997_2022,25,5,20,5030,0,0,0,0,
ludington_mi,yellow_perch,10,modern_2012_2022,10,5,5,5030,0,0,0,0,
ludington_mi,yellow_perch,10,recent_2018_2022,4,4,0,2210,0,0,0,0,
ludington_mi,yellow_perch,11,long_1997_2022,0,0,0,0,0,0,,,
ludington_mi,yellow_perch,11,modern_2012_2022,0,0,0,0,0,0,,,
ludington_mi,yellow_perch,11,recent_2018_2022,0,0,0,0,0,0,,,
ludington_mi,yellow_perch,12,long_1997_2022,0,0,0,0,0,0,,,
ludington_mi,yellow_perch,12,modern_2012_2022,0,0,0,0,0,0,,,
ludington_mi,yellow_perch,12,recent_2018_2022,0,0,0,0,0,0,,,
ludington_mi,lake_whitefish,1,long_1997_2022,0,0,0,0,0,0,,,
ludington_mi,lake_whitefish,1,modern_2012_2022,0,0,0,0,0,0,,,
ludington_mi,lake_whitefish,1,recent_2018_2022,0,0,0,0,0,0,,,
ludington_mi,lake_whitefish,2,long_1997_2022,0,0,0,0,0,0,,,
ludington_mi,lake_whitefish,2,modern_2012_2022,0,0,0,0,0,0,,,
ludington_mi,lake_whitefish,2,recent_2018_2022,0,0,0,0,0,0,,,
ludington_mi,lake_whitefish,3,long_1997_2022,0,0,0,0,0,0,,,
ludington_mi,lake_whitefish,3,modern_2012_2022,0,0,0,0,0,0,,,
ludington_mi,lake_whitefish,3,recent_2018_2022,0,0,0,0,0,0,,,
ludington_mi,lake_whitefish,4,long_1997_2022,25,6,19,4134,9,1,2.177068,0.166667,1
ludington_mi,lake_whitefish,4,modern_2012_2022,10,6,4,4134,9,1,2.177068,0.166667,1
ludington_mi,lake_whitefish,4,recent_2018_2022,4,4,0,1553,0,0,0,0,
ludington_mi,lake_whitefish,5,long_1997_2022,25,5,20,877,0,0,0,0,
ludington_mi,lake_whitefish,5,modern_2012_2022,10,5,5,877,0,0,0,0,
ludington_mi,lake_whitefish,5,recent_2018_2022,4,4,0,753,0,0,0,0,
ludington_mi,lake_whitefish,6,long_1997_2022,24,4,20,1670,0,0,0,0,
ludington_mi,lake_whitefish,6,modern_2012_2022,9,4,5,1670,0,0,0,0,
ludington_mi,lake_whitefish,6,recent_2018_2022,3,3,0,792,0,0,0,0,
ludington_mi,lake_whitefish,7,long_1997_2022,25,5,20,4937,0,0,0,0,
ludington_mi,lake_whitefish,7,modern_2012_2022,10,5,5,4937,0,0,0,0,
ludington_mi,lake_whitefish,7,recent_2018_2022,4,4,0,3463,0,0,0,0,
ludington_mi,lake_whitefish,8,long_1997_2022,25,5,20,5924,0,0,0,0,
ludington_mi,lake_whitefish,8,modern_2012_2022,10,5,5,5924,0,0,0,0,
ludington_mi,lake_whitefish,8,recent_2018_2022,4,4,0,3653,0,0,0,0,
ludington_mi,lake_whitefish,9,long_1997_2022,25,5,20,5645,0,0,0,0,
ludington_mi,lake_whitefish,9,modern_2012_2022,10,5,5,5645,0,0,0,0,
ludington_mi,lake_whitefish,9,recent_2018_2022,4,4,0,2463,0,0,0,0,
ludington_mi,lake_whitefish,10,long_1997_2022,25,6,19,5805,105,1,18.087855,0.166667,1
ludington_mi,lake_whitefish,10,modern_2012_2022,10,5,5,5030,0,0,0,0,
ludington_mi,lake_whitefish,10,recent_2018_2022,4,4,0,2210,0,0,0,0,
ludington_mi,lake_whitefish,11,long_1997_2022,0,0,0,0,0,0,,,
ludington_mi,lake_whitefish,11,modern_2012_2022,0,0,0,0,0,0,,,
ludington_mi,lake_whitefish,11,recent_2018_2022,0,0,0,0,0,0,,,
ludington_mi,lake_whitefish,12,long_1997_2022,0,0,0,0,0,0,,,
ludington_mi,lake_whitefish,12,modern_2012_2022,0,0,0,0,0,0,,,
ludington_mi,lake_whitefish,12,recent_2018_2022,0,0,0,0,0,0,,,
ludington_mi,round_whitefish,1,long_1997_2022,0,0,0,0,0,0,,,
ludington_mi,round_whitefish,1,modern_2012_2022,0,0,0,0,0,0,,,
ludington_mi,round_whitefish,1,recent_2018_2022,0,0,0,0,0,0,,,
ludington_mi,round_whitefish,2,long_1997_2022,0,0,0,0,0,0,,,
ludington_mi,round_whitefish,2,modern_2012_2022,0,0,0,0,0,0,,,
ludington_mi,round_whitefish,2,recent_2018_2022,0,0,0,0,0,0,,,
ludington_mi,round_whitefish,3,long_1997_2022,0,0,0,0,0,0,,,
ludington_mi,round_whitefish,3,modern_2012_2022,0,0,0,0,0,0,,,
ludington_mi,round_whitefish,3,recent_2018_2022,0,0,0,0,0,0,,,
ludington_mi,round_whitefish,4,long_1997_2022,25,6,19,2283,23,1,10.074463,0.166667,1
ludington_mi,round_whitefish,4,modern_2012_2022,10,5,5,1845,0,0,0,0,
ludington_mi,round_whitefish,4,recent_2018_2022,4,4,0,1553,0,0,0,0,
ludington_mi,round_whitefish,5,long_1997_2022,25,5,20,877,0,0,0,0,
ludington_mi,round_whitefish,5,modern_2012_2022,10,5,5,877,0,0,0,0,
ludington_mi,round_whitefish,5,recent_2018_2022,4,4,0,753,0,0,0,0,
ludington_mi,round_whitefish,6,long_1997_2022,24,4,20,1670,0,0,0,0,
ludington_mi,round_whitefish,6,modern_2012_2022,9,4,5,1670,0,0,0,0,
ludington_mi,round_whitefish,6,recent_2018_2022,3,3,0,792,0,0,0,0,
ludington_mi,round_whitefish,7,long_1997_2022,25,5,20,4937,0,0,0,0,
ludington_mi,round_whitefish,7,modern_2012_2022,10,5,5,4937,0,0,0,0,
ludington_mi,round_whitefish,7,recent_2018_2022,4,4,0,3463,0,0,0,0,
ludington_mi,round_whitefish,8,long_1997_2022,25,5,20,5924,0,0,0,0,
ludington_mi,round_whitefish,8,modern_2012_2022,10,5,5,5924,0,0,0,0,
ludington_mi,round_whitefish,8,recent_2018_2022,4,4,0,3653,0,0,0,0,
ludington_mi,round_whitefish,9,long_1997_2022,25,5,20,5645,0,0,0,0,
ludington_mi,round_whitefish,9,modern_2012_2022,10,5,5,5645,0,0,0,0,
ludington_mi,round_whitefish,9,recent_2018_2022,4,4,0,2463,0,0,0,0,
ludington_mi,round_whitefish,10,long_1997_2022,25,11,14,21298,259,7,12.160766,0.636364,0.590734
ludington_mi,round_whitefish,10,modern_2012_2022,10,7,3,8930,186,3,20.828667,0.428571,0.822581
ludington_mi,round_whitefish,10,recent_2018_2022,4,4,0,2210,0,0,0,0,
ludington_mi,round_whitefish,11,long_1997_2022,0,0,0,0,0,0,,,
ludington_mi,round_whitefish,11,modern_2012_2022,0,0,0,0,0,0,,,
ludington_mi,round_whitefish,11,recent_2018_2022,0,0,0,0,0,0,,,
ludington_mi,round_whitefish,12,long_1997_2022,0,0,0,0,0,0,,,
ludington_mi,round_whitefish,12,modern_2012_2022,0,0,0,0,0,0,,,
ludington_mi,round_whitefish,12,recent_2018_2022,0,0,0,0,0,0,,,
ludington_mi,channel_catfish,1,long_1997_2022,0,0,0,0,0,0,,,
ludington_mi,channel_catfish,1,modern_2012_2022,0,0,0,0,0,0,,,
ludington_mi,channel_catfish,1,recent_2018_2022,0,0,0,0,0,0,,,
ludington_mi,channel_catfish,2,long_1997_2022,0,0,0,0,0,0,,,
ludington_mi,channel_catfish,2,modern_2012_2022,0,0,0,0,0,0,,,
ludington_mi,channel_catfish,2,recent_2018_2022,0,0,0,0,0,0,,,
ludington_mi,channel_catfish,3,long_1997_2022,0,0,0,0,0,0,,,
ludington_mi,channel_catfish,3,modern_2012_2022,0,0,0,0,0,0,,,
ludington_mi,channel_catfish,3,recent_2018_2022,0,0,0,0,0,0,,,
ludington_mi,channel_catfish,4,long_1997_2022,25,5,20,1845,0,0,0,0,
ludington_mi,channel_catfish,4,modern_2012_2022,10,5,5,1845,0,0,0,0,
ludington_mi,channel_catfish,4,recent_2018_2022,4,4,0,1553,0,0,0,0,
ludington_mi,channel_catfish,5,long_1997_2022,25,5,20,877,0,0,0,0,
ludington_mi,channel_catfish,5,modern_2012_2022,10,5,5,877,0,0,0,0,
ludington_mi,channel_catfish,5,recent_2018_2022,4,4,0,753,0,0,0,0,
ludington_mi,channel_catfish,6,long_1997_2022,24,4,20,1670,0,0,0,0,
ludington_mi,channel_catfish,6,modern_2012_2022,9,4,5,1670,0,0,0,0,
ludington_mi,channel_catfish,6,recent_2018_2022,3,3,0,792,0,0,0,0,
ludington_mi,channel_catfish,7,long_1997_2022,25,5,20,4937,0,0,0,0,
ludington_mi,channel_catfish,7,modern_2012_2022,10,5,5,4937,0,0,0,0,
ludington_mi,channel_catfish,7,recent_2018_2022,4,4,0,3463,0,0,0,0,
ludington_mi,channel_catfish,8,long_1997_2022,25,5,20,5924,0,0,0,0,
ludington_mi,channel_catfish,8,modern_2012_2022,10,5,5,5924,0,0,0,0,
ludington_mi,channel_catfish,8,recent_2018_2022,4,4,0,3653,0,0,0,0,
ludington_mi,channel_catfish,9,long_1997_2022,25,5,20,5645,0,0,0,0,
ludington_mi,channel_catfish,9,modern_2012_2022,10,5,5,5645,0,0,0,0,
ludington_mi,channel_catfish,9,recent_2018_2022,4,4,0,2463,0,0,0,0,
ludington_mi,channel_catfish,10,long_1997_2022,25,5,20,5030,0,0,0,0,
ludington_mi,channel_catfish,10,modern_2012_2022,10,5,5,5030,0,0,0,0,
ludington_mi,channel_catfish,10,recent_2018_2022,4,4,0,2210,0,0,0,0,
ludington_mi,channel_catfish,11,long_1997_2022,0,0,0,0,0,0,,,
ludington_mi,channel_catfish,11,modern_2012_2022,0,0,0,0,0,0,,,
ludington_mi,channel_catfish,11,recent_2018_2022,0,0,0,0,0,0,,,
ludington_mi,channel_catfish,12,long_1997_2022,0,0,0,0,0,0,,,
ludington_mi,channel_catfish,12,modern_2012_2022,0,0,0,0,0,0,,,
ludington_mi,channel_catfish,12,recent_2018_2022,0,0,0,0,0,0,,,
ludington_mi,largemouth_bass,1,long_1997_2022,0,0,0,0,0,0,,,
ludington_mi,largemouth_bass,1,modern_2012_2022,0,0,0,0,0,0,,,
ludington_mi,largemouth_bass,1,recent_2018_2022,0,0,0,0,0,0,,,
ludington_mi,largemouth_bass,2,long_1997_2022,0,0,0,0,0,0,,,
ludington_mi,largemouth_bass,2,modern_2012_2022,0,0,0,0,0,0,,,
ludington_mi,largemouth_bass,2,recent_2018_2022,0,0,0,0,0,0,,,
ludington_mi,largemouth_bass,3,long_1997_2022,0,0,0,0,0,0,,,
ludington_mi,largemouth_bass,3,modern_2012_2022,0,0,0,0,0,0,,,
ludington_mi,largemouth_bass,3,recent_2018_2022,0,0,0,0,0,0,,,
ludington_mi,largemouth_bass,4,long_1997_2022,25,5,20,1845,0,0,0,0,
ludington_mi,largemouth_bass,4,modern_2012_2022,10,5,5,1845,0,0,0,0,
ludington_mi,largemouth_bass,4,recent_2018_2022,4,4,0,1553,0,0,0,0,
ludington_mi,largemouth_bass,5,long_1997_2022,25,5,20,877,0,0,0,0,
ludington_mi,largemouth_bass,5,modern_2012_2022,10,5,5,877,0,0,0,0,
ludington_mi,largemouth_bass,5,recent_2018_2022,4,4,0,753,0,0,0,0,
ludington_mi,largemouth_bass,6,long_1997_2022,24,4,20,1670,0,0,0,0,
ludington_mi,largemouth_bass,6,modern_2012_2022,9,4,5,1670,0,0,0,0,
ludington_mi,largemouth_bass,6,recent_2018_2022,3,3,0,792,0,0,0,0,
ludington_mi,largemouth_bass,7,long_1997_2022,25,5,20,4937,0,0,0,0,
ludington_mi,largemouth_bass,7,modern_2012_2022,10,5,5,4937,0,0,0,0,
ludington_mi,largemouth_bass,7,recent_2018_2022,4,4,0,3463,0,0,0,0,
ludington_mi,largemouth_bass,8,long_1997_2022,25,5,20,5924,0,0,0,0,
ludington_mi,largemouth_bass,8,modern_2012_2022,10,5,5,5924,0,0,0,0,
ludington_mi,largemouth_bass,8,recent_2018_2022,4,4,0,3653,0,0,0,0,
ludington_mi,largemouth_bass,9,long_1997_2022,25,5,20,5645,0,0,0,0,
ludington_mi,largemouth_bass,9,modern_2012_2022,10,5,5,5645,0,0,0,0,
ludington_mi,largemouth_bass,9,recent_2018_2022,4,4,0,2463,0,0,0,0,
ludington_mi,largemouth_bass,10,long_1997_2022,25,5,20,5030,0,0,0,0,
ludington_mi,largemouth_bass,10,modern_2012_2022,10,5,5,5030,0,0,0,0,
ludington_mi,largemouth_bass,10,recent_2018_2022,4,4,0,2210,0,0,0,0,
ludington_mi,largemouth_bass,11,long_1997_2022,0,0,0,0,0,0,,,
ludington_mi,largemouth_bass,11,modern_2012_2022,0,0,0,0,0,0,,,
ludington_mi,largemouth_bass,11,recent_2018_2022,0,0,0,0,0,0,,,
ludington_mi,largemouth_bass,12,long_1997_2022,0,0,0,0,0,0,,,
ludington_mi,largemouth_bass,12,modern_2012_2022,0,0,0,0,0,0,,,
ludington_mi,largemouth_bass,12,recent_2018_2022,0,0,0,0,0,0,,,
grand_haven_mi,chinook_salmon,1,long_1997_2022,0,0,0,0,0,0,,,
grand_haven_mi,chinook_salmon,1,modern_2012_2022,0,0,0,0,0,0,,,
grand_haven_mi,chinook_salmon,1,recent_2018_2022,0,0,0,0,0,0,,,
grand_haven_mi,chinook_salmon,2,long_1997_2022,0,0,0,0,0,0,,,
grand_haven_mi,chinook_salmon,2,modern_2012_2022,0,0,0,0,0,0,,,
grand_haven_mi,chinook_salmon,2,recent_2018_2022,0,0,0,0,0,0,,,
grand_haven_mi,chinook_salmon,3,long_1997_2022,0,0,0,0,0,0,,,
grand_haven_mi,chinook_salmon,3,modern_2012_2022,0,0,0,0,0,0,,,
grand_haven_mi,chinook_salmon,3,recent_2018_2022,0,0,0,0,0,0,,,
grand_haven_mi,chinook_salmon,4,long_1997_2022,25,9,16,34843,178,5,5.108630,0.555556,0.573034
grand_haven_mi,chinook_salmon,4,modern_2012_2022,10,5,5,7973,26,1,3.261006,0.200000,1
grand_haven_mi,chinook_salmon,4,recent_2018_2022,4,4,0,7703,26,1,3.375308,0.250000,1
grand_haven_mi,chinook_salmon,5,long_1997_2022,25,12,13,45899,826,9,17.996035,0.750000,0.279661
grand_haven_mi,chinook_salmon,5,modern_2012_2022,10,8,2,21514,298,5,13.851446,0.625000,0.630872
grand_haven_mi,chinook_salmon,5,recent_2018_2022,4,4,0,8697,19,1,2.184661,0.250000,1
grand_haven_mi,chinook_salmon,6,long_1997_2022,25,6,19,48012,14,1,0.291594,0.166667,1
grand_haven_mi,chinook_salmon,6,modern_2012_2022,10,5,5,40812,0,0,0,0,
grand_haven_mi,chinook_salmon,6,recent_2018_2022,4,4,0,28220,0,0,0,0,
grand_haven_mi,chinook_salmon,7,long_1997_2022,25,13,12,110063,1784,8,16.208899,0.615385,0.440022
grand_haven_mi,chinook_salmon,7,modern_2012_2022,10,7,3,47310,121,2,2.557599,0.285714,0.628099
grand_haven_mi,chinook_salmon,7,recent_2018_2022,4,4,0,21090,0,0,0,0,
grand_haven_mi,chinook_salmon,8,long_1997_2022,25,16,9,103907,1510,12,14.532226,0.750000,0.245695
grand_haven_mi,chinook_salmon,8,modern_2012_2022,10,7,3,32913,243,3,7.383101,0.428571,0.489712
grand_haven_mi,chinook_salmon,8,recent_2018_2022,4,4,0,12995,0,0,0,0,
grand_haven_mi,chinook_salmon,9,long_1997_2022,25,24,1,160308,5011,23,31.258577,0.958333,0.163241
grand_haven_mi,chinook_salmon,9,modern_2012_2022,10,10,0,42111,519,9,12.324571,0.900000,0.285164
grand_haven_mi,chinook_salmon,9,recent_2018_2022,4,4,0,11196,95,3,8.485173,0.750000,0.673684
grand_haven_mi,chinook_salmon,10,long_1997_2022,25,15,10,51940,452,11,8.702349,0.733333,0.311947
grand_haven_mi,chinook_salmon,10,modern_2012_2022,10,6,4,10361,132,2,12.740083,0.333333,0.871212
grand_haven_mi,chinook_salmon,10,recent_2018_2022,4,4,0,4911,17,1,3.461617,0.250000,1
grand_haven_mi,chinook_salmon,11,long_1997_2022,2,1,1,1005,0,0,0,0,
grand_haven_mi,chinook_salmon,11,modern_2012_2022,2,1,1,1005,0,0,0,0,
grand_haven_mi,chinook_salmon,11,recent_2018_2022,2,1,1,1005,0,0,0,0,
grand_haven_mi,chinook_salmon,12,long_1997_2022,1,1,0,26,0,0,0,0,
grand_haven_mi,chinook_salmon,12,modern_2012_2022,1,1,0,26,0,0,0,0,
grand_haven_mi,chinook_salmon,12,recent_2018_2022,1,1,0,26,0,0,0,0,
grand_haven_mi,coho_salmon,1,long_1997_2022,0,0,0,0,0,0,,,
grand_haven_mi,coho_salmon,1,modern_2012_2022,0,0,0,0,0,0,,,
grand_haven_mi,coho_salmon,1,recent_2018_2022,0,0,0,0,0,0,,,
grand_haven_mi,coho_salmon,2,long_1997_2022,0,0,0,0,0,0,,,
grand_haven_mi,coho_salmon,2,modern_2012_2022,0,0,0,0,0,0,,,
grand_haven_mi,coho_salmon,2,recent_2018_2022,0,0,0,0,0,0,,,
grand_haven_mi,coho_salmon,3,long_1997_2022,0,0,0,0,0,0,,,
grand_haven_mi,coho_salmon,3,modern_2012_2022,0,0,0,0,0,0,,,
grand_haven_mi,coho_salmon,3,recent_2018_2022,0,0,0,0,0,0,,,
grand_haven_mi,coho_salmon,4,long_1997_2022,25,13,12,59087,454,11,7.683585,0.846154,0.167401
grand_haven_mi,coho_salmon,4,modern_2012_2022,10,7,3,13512,182,5,13.469509,0.714286,0.384615
grand_haven_mi,coho_salmon,4,recent_2018_2022,4,4,0,7703,105,3,13.631053,0.750000,0.476190
grand_haven_mi,coho_salmon,5,long_1997_2022,25,9,16,28265,797,8,28.197417,0.888889,0.562108
grand_haven_mi,coho_salmon,5,modern_2012_2022,10,8,2,21070,769,7,36.497390,0.875000,0.582575
grand_haven_mi,coho_salmon,5,recent_2018_2022,4,4,0,8697,535,3,61.515465,0.750000,0.837383
grand_haven_mi,coho_salmon,6,long_1997_2022,25,6,19,47896,78,2,1.628528,0.333333,0.653846
grand_haven_mi,coho_salmon,6,modern_2012_2022,10,6,4,47896,78,2,1.628528,0.333333,0.653846
grand_haven_mi,coho_salmon,6,recent_2018_2022,4,4,0,28220,0,0,0,0,
grand_haven_mi,coho_salmon,7,long_1997_2022,25,10,15,85780,1026,6,11.960830,0.600000,0.366472
grand_haven_mi,coho_salmon,7,modern_2012_2022,10,6,4,37392,376,2,10.055627,0.333333,0.968085
grand_haven_mi,coho_salmon,7,recent_2018_2022,4,4,0,21090,0,0,0,0,
grand_haven_mi,coho_salmon,8,long_1997_2022,25,14,11,85830,1212,11,14.120937,0.785714,0.381188
grand_haven_mi,coho_salmon,8,modern_2012_2022,10,9,1,50487,831,6,16.459683,0.666667,0.555957
grand_haven_mi,coho_salmon,8,recent_2018_2022,4,4,0,12995,36,1,2.770296,0.250000,1
grand_haven_mi,coho_salmon,9,long_1997_2022,25,23,2,154926,8876,23,57.291868,1,0.202231
grand_haven_mi,coho_salmon,9,modern_2012_2022,10,10,0,42111,2465,10,58.535775,1,0.295335
grand_haven_mi,coho_salmon,9,recent_2018_2022,4,4,0,11196,500,4,44.658807,1,0.828000
grand_haven_mi,coho_salmon,10,long_1997_2022,25,15,10,42941,546,12,12.715121,0.800000,0.527473
grand_haven_mi,coho_salmon,10,modern_2012_2022,10,8,2,13016,364,5,27.965581,0.625000,0.791209
grand_haven_mi,coho_salmon,10,recent_2018_2022,4,4,0,4911,67,2,13.642843,0.500000,0.985075
grand_haven_mi,coho_salmon,11,long_1997_2022,2,1,1,1005,0,0,0,0,
grand_haven_mi,coho_salmon,11,modern_2012_2022,2,1,1,1005,0,0,0,0,
grand_haven_mi,coho_salmon,11,recent_2018_2022,2,1,1,1005,0,0,0,0,
grand_haven_mi,coho_salmon,12,long_1997_2022,1,1,0,26,0,0,0,0,
grand_haven_mi,coho_salmon,12,modern_2012_2022,1,1,0,26,0,0,0,0,
grand_haven_mi,coho_salmon,12,recent_2018_2022,1,1,0,26,0,0,0,0,
grand_haven_mi,steelhead,1,long_1997_2022,0,0,0,0,0,0,,,
grand_haven_mi,steelhead,1,modern_2012_2022,0,0,0,0,0,0,,,
grand_haven_mi,steelhead,1,recent_2018_2022,0,0,0,0,0,0,,,
grand_haven_mi,steelhead,2,long_1997_2022,0,0,0,0,0,0,,,
grand_haven_mi,steelhead,2,modern_2012_2022,0,0,0,0,0,0,,,
grand_haven_mi,steelhead,2,recent_2018_2022,0,0,0,0,0,0,,,
grand_haven_mi,steelhead,3,long_1997_2022,0,0,0,0,0,0,,,
grand_haven_mi,steelhead,3,modern_2012_2022,0,0,0,0,0,0,,,
grand_haven_mi,steelhead,3,recent_2018_2022,0,0,0,0,0,0,,,
grand_haven_mi,steelhead,4,long_1997_2022,25,19,6,69217,1148,16,16.585521,0.842105,0.292683
grand_haven_mi,steelhead,4,modern_2012_2022,10,9,1,18001,687,6,38.164546,0.666667,0.489083
grand_haven_mi,steelhead,4,recent_2018_2022,4,4,0,7703,27,2,3.505128,0.500000,0.703704
grand_haven_mi,steelhead,5,long_1997_2022,25,10,15,38822,384,7,9.891299,0.700000,0.333333
grand_haven_mi,steelhead,5,modern_2012_2022,10,8,2,21070,317,5,15.045088,0.625000,0.403785
grand_haven_mi,steelhead,5,recent_2018_2022,4,4,0,8697,147,2,16.902380,0.500000,0.870748
grand_haven_mi,steelhead,6,long_1997_2022,25,15,10,109611,8805,15,80.329529,1,0.271437
grand_haven_mi,steelhead,6,modern_2012_2022,10,9,1,75037,7680,9,102.349508,1,0.311198
grand_haven_mi,steelhead,6,recent_2018_2022,4,4,0,28220,1956,4,69.312544,1,0.576176
grand_haven_mi,steelhead,7,long_1997_2022,25,19,6,154062,7573,18,49.155535,0.947368,0.166909
grand_haven_mi,steelhead,7,modern_2012_2022,10,10,0,68890,5421,9,78.690666,0.900000,0.233167
grand_haven_mi,steelhead,7,recent_2018_2022,4,4,0,21090,675,3,32.005690,0.750000,0.677037
grand_haven_mi,steelhead,8,long_1997_2022,25,15,10,105226,3649,12,34.677741,0.800000,0.686215
grand_haven_mi,steelhead,8,modern_2012_2022,10,8,2,47189,3313,5,70.207040,0.625000,0.755810
grand_haven_mi,steelhead,8,recent_2018_2022,4,4,0,12995,77,1,5.925356,0.250000,1
grand_haven_mi,steelhead,9,long_1997_2022,25,18,7,123846,527,16,4.255285,0.888889,0.184061
grand_haven_mi,steelhead,9,modern_2012_2022,10,7,3,29320,137,5,4.672578,0.714286,0.394161
grand_haven_mi,steelhead,9,recent_2018_2022,4,4,0,11196,22,2,1.964987,0.500000,0.545455
grand_haven_mi,steelhead,10,long_1997_2022,25,22,3,68905,4804,22,69.719179,1,0.151749
grand_haven_mi,steelhead,10,modern_2012_2022,10,9,1,13986,1019,9,72.858573,1,0.473013
grand_haven_mi,steelhead,10,recent_2018_2022,4,4,0,4911,522,4,106.291998,1,0.923372
grand_haven_mi,steelhead,11,long_1997_2022,2,2,0,5310,78,1,14.689266,0.500000,1
grand_haven_mi,steelhead,11,modern_2012_2022,2,2,0,5310,78,1,14.689266,0.500000,1
grand_haven_mi,steelhead,11,recent_2018_2022,2,2,0,5310,78,1,14.689266,0.500000,1
grand_haven_mi,steelhead,12,long_1997_2022,1,1,0,26,1,1,38.461538,1,1
grand_haven_mi,steelhead,12,modern_2012_2022,1,1,0,26,1,1,38.461538,1,1
grand_haven_mi,steelhead,12,recent_2018_2022,1,1,0,26,1,1,38.461538,1,1
grand_haven_mi,brown_trout,1,long_1997_2022,0,0,0,0,0,0,,,
grand_haven_mi,brown_trout,1,modern_2012_2022,0,0,0,0,0,0,,,
grand_haven_mi,brown_trout,1,recent_2018_2022,0,0,0,0,0,0,,,
grand_haven_mi,brown_trout,2,long_1997_2022,0,0,0,0,0,0,,,
grand_haven_mi,brown_trout,2,modern_2012_2022,0,0,0,0,0,0,,,
grand_haven_mi,brown_trout,2,recent_2018_2022,0,0,0,0,0,0,,,
grand_haven_mi,brown_trout,3,long_1997_2022,0,0,0,0,0,0,,,
grand_haven_mi,brown_trout,3,modern_2012_2022,0,0,0,0,0,0,,,
grand_haven_mi,brown_trout,3,recent_2018_2022,0,0,0,0,0,0,,,
grand_haven_mi,brown_trout,4,long_1997_2022,25,25,0,111983,4892,24,43.685202,0.960000,0.167416
grand_haven_mi,brown_trout,4,modern_2012_2022,10,10,0,19624,772,9,39.339584,0.900000,0.297927
grand_haven_mi,brown_trout,4,recent_2018_2022,4,4,0,7703,252,4,32.714527,1,0.345238
grand_haven_mi,brown_trout,5,long_1997_2022,25,17,8,56124,1819,15,32.410377,0.882353,0.429357
grand_haven_mi,brown_trout,5,modern_2012_2022,10,9,1,23635,350,7,14.808547,0.777778,0.440000
grand_haven_mi,brown_trout,5,recent_2018_2022,4,4,0,8697,61,2,7.013913,0.500000,0.573770
grand_haven_mi,brown_trout,6,long_1997_2022,25,9,16,75282,284,5,3.772482,0.555556,0.595070
grand_haven_mi,brown_trout,6,modern_2012_2022,10,6,4,54561,27,2,0.494859,0.333333,0.629630
grand_haven_mi,brown_trout,6,recent_2018_2022,4,4,0,28220,10,1,0.354359,0.250000,1
grand_haven_mi,brown_trout,7,long_1997_2022,25,8,17,55216,167,3,3.024486,0.375000,0.652695
grand_haven_mi,brown_trout,7,modern_2012_2022,10,5,5,27930,0,0,0,0,
grand_haven_mi,brown_trout,7,recent_2018_2022,4,4,0,21090,0,0,0,0,
grand_haven_mi,brown_trout,8,long_1997_2022,25,6,19,26437,45,1,1.702160,0.166667,1
grand_haven_mi,brown_trout,8,modern_2012_2022,10,5,5,17619,0,0,0,0,
grand_haven_mi,brown_trout,8,recent_2018_2022,4,4,0,12995,0,0,0,0,
grand_haven_mi,brown_trout,9,long_1997_2022,25,10,15,56115,162,6,2.886929,0.600000,0.654321
grand_haven_mi,brown_trout,9,modern_2012_2022,10,7,3,29320,31,3,1.057299,0.428571,0.645161
grand_haven_mi,brown_trout,9,recent_2018_2022,4,4,0,11196,3,1,0.267953,0.250000,1
grand_haven_mi,brown_trout,10,long_1997_2022,25,11,14,31407,152,6,4.839685,0.545455,0.407895
grand_haven_mi,brown_trout,10,modern_2012_2022,10,7,3,11331,40,2,3.530139,0.285714,0.900000
grand_haven_mi,brown_trout,10,recent_2018_2022,4,4,0,4911,0,0,0,0,
grand_haven_mi,brown_trout,11,long_1997_2022,2,1,1,1005,0,0,0,0,
grand_haven_mi,brown_trout,11,modern_2012_2022,2,1,1,1005,0,0,0,0,
grand_haven_mi,brown_trout,11,recent_2018_2022,2,1,1,1005,0,0,0,0,
grand_haven_mi,brown_trout,12,long_1997_2022,1,1,0,26,0,0,0,0,
grand_haven_mi,brown_trout,12,modern_2012_2022,1,1,0,26,0,0,0,0,
grand_haven_mi,brown_trout,12,recent_2018_2022,1,1,0,26,0,0,0,0,
grand_haven_mi,lake_trout,1,long_1997_2022,0,0,0,0,0,0,,,
grand_haven_mi,lake_trout,1,modern_2012_2022,0,0,0,0,0,0,,,
grand_haven_mi,lake_trout,1,recent_2018_2022,0,0,0,0,0,0,,,
grand_haven_mi,lake_trout,2,long_1997_2022,0,0,0,0,0,0,,,
grand_haven_mi,lake_trout,2,modern_2012_2022,0,0,0,0,0,0,,,
grand_haven_mi,lake_trout,2,recent_2018_2022,0,0,0,0,0,0,,,
grand_haven_mi,lake_trout,3,long_1997_2022,0,0,0,0,0,0,,,
grand_haven_mi,lake_trout,3,modern_2012_2022,0,0,0,0,0,0,,,
grand_haven_mi,lake_trout,3,recent_2018_2022,0,0,0,0,0,0,,,
grand_haven_mi,lake_trout,4,long_1997_2022,25,3,22,3857,128,1,33.186414,0.333333,1
grand_haven_mi,lake_trout,4,modern_2012_2022,10,3,7,3857,128,1,33.186414,0.333333,1
grand_haven_mi,lake_trout,4,recent_2018_2022,4,2,2,3587,128,1,35.684416,0.500000,1
grand_haven_mi,lake_trout,5,long_1997_2022,25,3,22,8796,0,0,0,0,
grand_haven_mi,lake_trout,5,modern_2012_2022,10,3,7,8796,0,0,0,0,
grand_haven_mi,lake_trout,5,recent_2018_2022,4,2,2,4937,0,0,0,0,
grand_haven_mi,lake_trout,6,long_1997_2022,25,3,22,24274,0,0,0,0,
grand_haven_mi,lake_trout,6,modern_2012_2022,10,3,7,24274,0,0,0,0,
grand_haven_mi,lake_trout,6,recent_2018_2022,4,2,2,11682,0,0,0,0,
grand_haven_mi,lake_trout,7,long_1997_2022,25,3,22,16795,0,0,0,0,
grand_haven_mi,lake_trout,7,modern_2012_2022,10,3,7,16795,0,0,0,0,
grand_haven_mi,lake_trout,7,recent_2018_2022,4,2,2,9955,0,0,0,0,
grand_haven_mi,lake_trout,8,long_1997_2022,25,3,22,11578,0,0,0,0,
grand_haven_mi,lake_trout,8,modern_2012_2022,10,3,7,11578,0,0,0,0,
grand_haven_mi,lake_trout,8,recent_2018_2022,4,2,2,6954,0,0,0,0,
grand_haven_mi,lake_trout,9,long_1997_2022,25,3,22,10175,10,1,0.982801,0.333333,1
grand_haven_mi,lake_trout,9,modern_2012_2022,10,3,7,10175,10,1,0.982801,0.333333,1
grand_haven_mi,lake_trout,9,recent_2018_2022,4,2,2,5673,10,1,1.762736,0.500000,1
grand_haven_mi,lake_trout,10,long_1997_2022,25,3,22,4462,17,1,3.809951,0.333333,1
grand_haven_mi,lake_trout,10,modern_2012_2022,10,3,7,4462,17,1,3.809951,0.333333,1
grand_haven_mi,lake_trout,10,recent_2018_2022,4,2,2,2854,17,1,5.956552,0.500000,1
grand_haven_mi,lake_trout,11,long_1997_2022,2,0,2,0,0,0,,,
grand_haven_mi,lake_trout,11,modern_2012_2022,2,0,2,0,0,0,,,
grand_haven_mi,lake_trout,11,recent_2018_2022,2,0,2,0,0,0,,,
grand_haven_mi,lake_trout,12,long_1997_2022,1,0,1,0,0,0,,,
grand_haven_mi,lake_trout,12,modern_2012_2022,1,0,1,0,0,0,,,
grand_haven_mi,lake_trout,12,recent_2018_2022,1,0,1,0,0,0,,,
grand_haven_mi,walleye,1,long_1997_2022,0,0,0,0,0,0,,,
grand_haven_mi,walleye,1,modern_2012_2022,0,0,0,0,0,0,,,
grand_haven_mi,walleye,1,recent_2018_2022,0,0,0,0,0,0,,,
grand_haven_mi,walleye,2,long_1997_2022,0,0,0,0,0,0,,,
grand_haven_mi,walleye,2,modern_2012_2022,0,0,0,0,0,0,,,
grand_haven_mi,walleye,2,recent_2018_2022,0,0,0,0,0,0,,,
grand_haven_mi,walleye,3,long_1997_2022,0,0,0,0,0,0,,,
grand_haven_mi,walleye,3,modern_2012_2022,0,0,0,0,0,0,,,
grand_haven_mi,walleye,3,recent_2018_2022,0,0,0,0,0,0,,,
grand_haven_mi,walleye,4,long_1997_2022,25,8,17,16776,131,3,7.808774,0.375000,0.480916
grand_haven_mi,walleye,4,modern_2012_2022,10,7,3,12153,69,2,5.677610,0.285714,0.913043
grand_haven_mi,walleye,4,recent_2018_2022,4,4,0,7703,0,0,0,0,
grand_haven_mi,walleye,5,long_1997_2022,25,9,16,23114,226,5,9.777624,0.555556,0.371681
grand_haven_mi,walleye,5,modern_2012_2022,10,6,4,15829,93,2,5.875292,0.333333,0.903226
grand_haven_mi,walleye,5,recent_2018_2022,4,4,0,8697,84,1,9.658503,0.250000,1
grand_haven_mi,walleye,6,long_1997_2022,25,6,19,49111,14,2,0.285069,0.333333,0.714286
grand_haven_mi,walleye,6,modern_2012_2022,10,5,5,40812,10,1,0.245026,0.200000,1
grand_haven_mi,walleye,6,recent_2018_2022,4,4,0,28220,10,1,0.354359,0.250000,1
grand_haven_mi,walleye,7,long_1997_2022,25,6,19,34377,37,2,1.076301,0.333333,0.567568
grand_haven_mi,walleye,7,modern_2012_2022,10,5,5,27930,21,1,0.751880,0.200000,1
grand_haven_mi,walleye,7,recent_2018_2022,4,4,0,21090,21,1,0.995733,0.250000,1
grand_haven_mi,walleye,8,long_1997_2022,25,7,18,28927,96,4,3.318699,0.571429,0.395833
grand_haven_mi,walleye,8,modern_2012_2022,10,6,4,20109,58,3,2.884281,0.500000,0.431034
grand_haven_mi,walleye,8,recent_2018_2022,4,4,0,12995,15,1,1.154290,0.250000,1
grand_haven_mi,walleye,9,long_1997_2022,25,8,17,30266,79,4,2.610190,0.500000,0.556962
grand_haven_mi,walleye,9,modern_2012_2022,10,7,3,24602,35,3,1.422649,0.428571,0.571429
grand_haven_mi,walleye,9,recent_2018_2022,4,4,0,11196,9,1,0.803859,0.250000,1
grand_haven_mi,walleye,10,long_1997_2022,25,6,19,10361,1,1,0.096516,0.166667,1
grand_haven_mi,walleye,10,modern_2012_2022,10,6,4,10361,1,1,0.096516,0.166667,1
grand_haven_mi,walleye,10,recent_2018_2022,4,4,0,4911,0,0,0,0,
grand_haven_mi,walleye,11,long_1997_2022,2,1,1,1005,0,0,0,0,
grand_haven_mi,walleye,11,modern_2012_2022,2,1,1,1005,0,0,0,0,
grand_haven_mi,walleye,11,recent_2018_2022,2,1,1,1005,0,0,0,0,
grand_haven_mi,walleye,12,long_1997_2022,1,1,0,26,0,0,0,0,
grand_haven_mi,walleye,12,modern_2012_2022,1,1,0,26,0,0,0,0,
grand_haven_mi,walleye,12,recent_2018_2022,1,1,0,26,0,0,0,0,
grand_haven_mi,smallmouth_bass,1,long_1997_2022,0,0,0,0,0,0,,,
grand_haven_mi,smallmouth_bass,1,modern_2012_2022,0,0,0,0,0,0,,,
grand_haven_mi,smallmouth_bass,1,recent_2018_2022,0,0,0,0,0,0,,,
grand_haven_mi,smallmouth_bass,2,long_1997_2022,0,0,0,0,0,0,,,
grand_haven_mi,smallmouth_bass,2,modern_2012_2022,0,0,0,0,0,0,,,
grand_haven_mi,smallmouth_bass,2,recent_2018_2022,0,0,0,0,0,0,,,
grand_haven_mi,smallmouth_bass,3,long_1997_2022,0,0,0,0,0,0,,,
grand_haven_mi,smallmouth_bass,3,modern_2012_2022,0,0,0,0,0,0,,,
grand_haven_mi,smallmouth_bass,3,recent_2018_2022,0,0,0,0,0,0,,,
grand_haven_mi,smallmouth_bass,4,long_1997_2022,25,6,19,9596,17,3,1.771571,0.500000,0.588235
grand_haven_mi,smallmouth_bass,4,modern_2012_2022,10,6,4,9596,17,3,1.771571,0.500000,0.588235
grand_haven_mi,smallmouth_bass,4,recent_2018_2022,4,4,0,7703,11,2,1.428015,0.500000,0.909091
grand_haven_mi,smallmouth_bass,5,long_1997_2022,25,5,20,12556,43,1,3.424658,0.200000,1
grand_haven_mi,smallmouth_bass,5,modern_2012_2022,10,5,5,12556,43,1,3.424658,0.200000,1
grand_haven_mi,smallmouth_bass,5,recent_2018_2022,4,4,0,8697,43,1,4.944234,0.250000,1
grand_haven_mi,smallmouth_bass,6,long_1997_2022,25,8,17,66759,607,5,9.092407,0.625000,0.326194
grand_haven_mi,smallmouth_bass,6,modern_2012_2022,10,7,3,62365,535,4,8.578530,0.571429,0.370093
grand_haven_mi,smallmouth_bass,6,recent_2018_2022,4,4,0,28220,329,2,11.658398,0.500000,0.531915
grand_haven_mi,smallmouth_bass,7,long_1997_2022,25,12,13,82719,405,9,4.896094,0.750000,0.338272
grand_haven_mi,smallmouth_bass,7,modern_2012_2022,10,10,0,68890,242,7,3.512847,0.700000,0.318182
grand_haven_mi,smallmouth_bass,7,recent_2018_2022,4,4,0,21090,97,2,4.599336,0.500000,0.793814
grand_haven_mi,smallmouth_bass,8,long_1997_2022,25,9,16,37654,1177,8,31.258299,0.888889,0.763806
grand_haven_mi,smallmouth_bass,8,modern_2012_2022,10,7,3,25495,1135,6,44.518533,0.857143,0.792070
grand_haven_mi,smallmouth_bass,8,recent_2018_2022,4,4,0,12995,1072,4,82.493267,1,0.838619
grand_haven_mi,smallmouth_bass,9,long_1997_2022,25,6,19,18272,44,2,2.408056,0.333333,0.659091
grand_haven_mi,smallmouth_bass,9,modern_2012_2022,10,6,4,18272,44,2,2.408056,0.333333,0.659091
grand_haven_mi,smallmouth_bass,9,recent_2018_2022,4,4,0,11196,29,1,2.590211,0.250000,1
grand_haven_mi,smallmouth_bass,10,long_1997_2022,25,5,20,6519,0,0,0,0,
grand_haven_mi,smallmouth_bass,10,modern_2012_2022,10,5,5,6519,0,0,0,0,
grand_haven_mi,smallmouth_bass,10,recent_2018_2022,4,4,0,4911,0,0,0,0,
grand_haven_mi,smallmouth_bass,11,long_1997_2022,2,1,1,1005,0,0,0,0,
grand_haven_mi,smallmouth_bass,11,modern_2012_2022,2,1,1,1005,0,0,0,0,
grand_haven_mi,smallmouth_bass,11,recent_2018_2022,2,1,1,1005,0,0,0,0,
grand_haven_mi,smallmouth_bass,12,long_1997_2022,1,1,0,26,0,0,0,0,
grand_haven_mi,smallmouth_bass,12,modern_2012_2022,1,1,0,26,0,0,0,0,
grand_haven_mi,smallmouth_bass,12,recent_2018_2022,1,1,0,26,0,0,0,0,
grand_haven_mi,freshwater_drum,1,long_1997_2022,0,0,0,0,0,0,,,
grand_haven_mi,freshwater_drum,1,modern_2012_2022,0,0,0,0,0,0,,,
grand_haven_mi,freshwater_drum,1,recent_2018_2022,0,0,0,0,0,0,,,
grand_haven_mi,freshwater_drum,2,long_1997_2022,0,0,0,0,0,0,,,
grand_haven_mi,freshwater_drum,2,modern_2012_2022,0,0,0,0,0,0,,,
grand_haven_mi,freshwater_drum,2,recent_2018_2022,0,0,0,0,0,0,,,
grand_haven_mi,freshwater_drum,3,long_1997_2022,0,0,0,0,0,0,,,
grand_haven_mi,freshwater_drum,3,modern_2012_2022,0,0,0,0,0,0,,,
grand_haven_mi,freshwater_drum,3,recent_2018_2022,0,0,0,0,0,0,,,
grand_haven_mi,freshwater_drum,4,long_1997_2022,25,6,19,9596,45,3,4.689454,0.500000,0.511111
grand_haven_mi,freshwater_drum,4,modern_2012_2022,10,6,4,9596,45,3,4.689454,0.500000,0.511111
grand_haven_mi,freshwater_drum,4,recent_2018_2022,4,4,0,7703,33,2,4.284045,0.500000,0.696970
grand_haven_mi,freshwater_drum,5,long_1997_2022,25,10,15,25970,2426,9,93.415479,0.900000,0.283594
grand_haven_mi,freshwater_drum,5,modern_2012_2022,10,7,3,18673,2014,6,107.856263,0.857143,0.341609
grand_haven_mi,freshwater_drum,5,recent_2018_2022,4,4,0,8697,1168,4,134.299184,1,0.336473
grand_haven_mi,freshwater_drum,6,long_1997_2022,25,11,14,86786,7375,10,84.979144,0.909091,0.532339
grand_haven_mi,freshwater_drum,6,modern_2012_2022,10,8,2,67953,7116,7,104.719438,0.875000,0.551714
grand_haven_mi,freshwater_drum,6,recent_2018_2022,4,4,0,28220,5662,4,200.637845,1,0.693395
grand_haven_mi,freshwater_drum,7,long_1997_2022,25,11,14,85243,5667,10,66.480532,0.909091,0.602435
grand_haven_mi,freshwater_drum,7,modern_2012_2022,10,9,1,63573,5580,8,87.773111,0.888889,0.611828
grand_haven_mi,freshwater_drum,7,recent_2018_2022,4,4,0,21090,4278,4,202.844950,1,0.798036
grand_haven_mi,freshwater_drum,8,long_1997_2022,25,11,14,55258,2665,10,48.228311,0.909091,0.313321
grand_haven_mi,freshwater_drum,8,modern_2012_2022,10,9,1,38701,2642,8,68.266970,0.888889,0.316048
grand_haven_mi,freshwater_drum,8,recent_2018_2022,4,4,0,12995,2228,4,171.450558,1,0.374776
grand_haven_mi,freshwater_drum,9,long_1997_2022,25,9,16,38281,714,8,18.651550,0.888889,0.477591
grand_haven_mi,freshwater_drum,9,modern_2012_2022,10,9,1,38281,714,8,18.651550,0.888889,0.477591
grand_haven_mi,freshwater_drum,9,recent_2018_2022,4,4,0,11196,498,4,44.480171,1,0.684739
grand_haven_mi,freshwater_drum,10,long_1997_2022,25,7,18,9174,141,3,15.369523,0.428571,0.397163
grand_haven_mi,freshwater_drum,10,modern_2012_2022,10,7,3,9174,141,3,15.369523,0.428571,0.397163
grand_haven_mi,freshwater_drum,10,recent_2018_2022,4,4,0,4911,37,1,7.534107,0.250000,1
grand_haven_mi,freshwater_drum,11,long_1997_2022,2,1,1,1005,0,0,0,0,
grand_haven_mi,freshwater_drum,11,modern_2012_2022,2,1,1,1005,0,0,0,0,
grand_haven_mi,freshwater_drum,11,recent_2018_2022,2,1,1,1005,0,0,0,0,
grand_haven_mi,freshwater_drum,12,long_1997_2022,1,1,0,26,0,0,0,0,
grand_haven_mi,freshwater_drum,12,modern_2012_2022,1,1,0,26,0,0,0,0,
grand_haven_mi,freshwater_drum,12,recent_2018_2022,1,1,0,26,0,0,0,0,
grand_haven_mi,yellow_perch,1,long_1997_2022,0,0,0,0,0,0,,,
grand_haven_mi,yellow_perch,1,modern_2012_2022,0,0,0,0,0,0,,,
grand_haven_mi,yellow_perch,1,recent_2018_2022,0,0,0,0,0,0,,,
grand_haven_mi,yellow_perch,2,long_1997_2022,0,0,0,0,0,0,,,
grand_haven_mi,yellow_perch,2,modern_2012_2022,0,0,0,0,0,0,,,
grand_haven_mi,yellow_perch,2,recent_2018_2022,0,0,0,0,0,0,,,
grand_haven_mi,yellow_perch,3,long_1997_2022,0,0,0,0,0,0,,,
grand_haven_mi,yellow_perch,3,modern_2012_2022,0,0,0,0,0,0,,,
grand_haven_mi,yellow_perch,3,recent_2018_2022,0,0,0,0,0,0,,,
grand_haven_mi,yellow_perch,4,long_1997_2022,25,16,9,87175,13520,13,155.090336,0.812500,0.421820
grand_haven_mi,yellow_perch,4,modern_2012_2022,10,6,4,10530,442,3,41.975309,0.500000,0.852941
grand_haven_mi,yellow_perch,4,recent_2018_2022,4,4,0,7703,394,2,51.148903,0.500000,0.956853
grand_haven_mi,yellow_perch,5,long_1997_2022,25,12,13,42688,10602,9,248.360195,0.750000,0.628089
grand_haven_mi,yellow_perch,5,modern_2012_2022,10,7,3,18673,1902,4,101.858298,0.571429,0.919558
grand_haven_mi,yellow_perch,5,recent_2018_2022,4,4,0,8697,66,1,7.588824,0.250000,1
grand_haven_mi,yellow_perch,6,long_1997_2022,25,24,1,162295,58790,23,362.241597,0.958333,0.279963
grand_haven_mi,yellow_perch,6,modern_2012_2022,10,9,1,75037,3132,8,41.739409,0.888889,0.563538
grand_haven_mi,yellow_perch,6,recent_2018_2022,4,4,0,28220,271,3,9.603118,0.750000,0.734317
grand_haven_mi,yellow_perch,7,long_1997_2022,25,24,1,184925,87209,23,471.591186,0.958333,0.174948
grand_haven_mi,yellow_perch,7,modern_2012_2022,10,10,0,68890,8698,9,126.259254,0.900000,0.357783
grand_haven_mi,yellow_perch,7,recent_2018_2022,4,4,0,21090,1848,3,87.624467,0.750000,0.980519
grand_haven_mi,yellow_perch,8,long_1997_2022,25,25,0,160437,117888,23,734.793096,0.920000,0.351045
grand_haven_mi,yellow_perch,8,modern_2012_2022,10,10,0,52977,18854,8,355.890292,0.800000,0.705155
grand_haven_mi,yellow_perch,8,recent_2018_2022,4,4,0,12995,537,2,41.323586,0.500000,0.966480
grand_haven_mi,yellow_perch,9,long_1997_2022,25,20,5,136461,44524,17,326.276372,0.850000,0.367330
grand_haven_mi,yellow_perch,9,modern_2012_2022,10,9,1,38281,4458,6,116.454638,0.666667,0.497757
grand_haven_mi,yellow_perch,9,recent_2018_2022,4,4,0,11196,1130,2,100.928903,0.500000,0.986726
grand_haven_mi,yellow_perch,10,long_1997_2022,25,11,14,23981,2843,6,118.552187,0.545455,0.648259
grand_haven_mi,yellow_perch,10,modern_2012_2022,10,8,2,13016,1957,3,150.353411,0.375000,0.941748
grand_haven_mi,yellow_perch,10,recent_2018_2022,4,4,0,4911,0,0,0,0,
grand_haven_mi,yellow_perch,11,long_1997_2022,2,1,1,1005,0,0,0,0,
grand_haven_mi,yellow_perch,11,modern_2012_2022,2,1,1,1005,0,0,0,0,
grand_haven_mi,yellow_perch,11,recent_2018_2022,2,1,1,1005,0,0,0,0,
grand_haven_mi,yellow_perch,12,long_1997_2022,1,1,0,26,0,0,0,0,
grand_haven_mi,yellow_perch,12,modern_2012_2022,1,1,0,26,0,0,0,0,
grand_haven_mi,yellow_perch,12,recent_2018_2022,1,1,0,26,0,0,0,0,
grand_haven_mi,lake_whitefish,1,long_1997_2022,0,0,0,0,0,0,,,
grand_haven_mi,lake_whitefish,1,modern_2012_2022,0,0,0,0,0,0,,,
grand_haven_mi,lake_whitefish,1,recent_2018_2022,0,0,0,0,0,0,,,
grand_haven_mi,lake_whitefish,2,long_1997_2022,0,0,0,0,0,0,,,
grand_haven_mi,lake_whitefish,2,modern_2012_2022,0,0,0,0,0,0,,,
grand_haven_mi,lake_whitefish,2,recent_2018_2022,0,0,0,0,0,0,,,
grand_haven_mi,lake_whitefish,3,long_1997_2022,0,0,0,0,0,0,,,
grand_haven_mi,lake_whitefish,3,modern_2012_2022,0,0,0,0,0,0,,,
grand_haven_mi,lake_whitefish,3,recent_2018_2022,0,0,0,0,0,0,,,
grand_haven_mi,lake_whitefish,4,long_1997_2022,25,16,9,86565,3289,13,37.994571,0.812500,0.436911
grand_haven_mi,lake_whitefish,4,modern_2012_2022,10,6,4,9940,88,3,8.853119,0.500000,0.681818
grand_haven_mi,lake_whitefish,4,recent_2018_2022,4,4,0,7703,28,2,3.634947,0.500000,0.785714
grand_haven_mi,lake_whitefish,5,long_1997_2022,25,6,19,19751,42,2,2.126475,0.333333,0.857143
grand_haven_mi,lake_whitefish,5,modern_2012_2022,10,5,5,12556,6,1,0.477859,0.200000,1
grand_haven_mi,lake_whitefish,5,recent_2018_2022,4,4,0,8697,6,1,0.689893,0.250000,1
grand_haven_mi,lake_whitefish,6,long_1997_2022,25,5,20,40812,0,0,0,0,
grand_haven_mi,lake_whitefish,6,modern_2012_2022,10,5,5,40812,0,0,0,0,
grand_haven_mi,lake_whitefish,6,recent_2018_2022,4,4,0,28220,0,0,0,0,
grand_haven_mi,lake_whitefish,7,long_1997_2022,25,5,20,27930,0,0,0,0,
grand_haven_mi,lake_whitefish,7,modern_2012_2022,10,5,5,27930,0,0,0,0,
grand_haven_mi,lake_whitefish,7,recent_2018_2022,4,4,0,21090,0,0,0,0,
grand_haven_mi,lake_whitefish,8,long_1997_2022,25,5,20,17619,0,0,0,0,
grand_haven_mi,lake_whitefish,8,modern_2012_2022,10,5,5,17619,0,0,0,0,
grand_haven_mi,lake_whitefish,8,recent_2018_2022,4,4,0,12995,0,0,0,0,
grand_haven_mi,lake_whitefish,9,long_1997_2022,25,5,20,15698,0,0,0,0,
grand_haven_mi,lake_whitefish,9,modern_2012_2022,10,5,5,15698,0,0,0,0,
grand_haven_mi,lake_whitefish,9,recent_2018_2022,4,4,0,11196,0,0,0,0,
grand_haven_mi,lake_whitefish,10,long_1997_2022,25,16,9,52555,1408,12,26.790981,0.750000,0.338778
grand_haven_mi,lake_whitefish,10,modern_2012_2022,10,6,4,7489,242,2,32.314061,0.333333,0.838843
grand_haven_mi,lake_whitefish,10,recent_2018_2022,4,4,0,4911,0,0,0,0,
grand_haven_mi,lake_whitefish,11,long_1997_2022,2,2,0,5310,4017,2,756.497175,1,0.924571
grand_haven_mi,lake_whitefish,11,modern_2012_2022,2,2,0,5310,4017,2,756.497175,1,0.924571
grand_haven_mi,lake_whitefish,11,recent_2018_2022,2,2,0,5310,4017,2,756.497175,1,0.924571
grand_haven_mi,lake_whitefish,12,long_1997_2022,1,1,0,26,0,0,0,0,
grand_haven_mi,lake_whitefish,12,modern_2012_2022,1,1,0,26,0,0,0,0,
grand_haven_mi,lake_whitefish,12,recent_2018_2022,1,1,0,26,0,0,0,0,
grand_haven_mi,round_whitefish,1,long_1997_2022,0,0,0,0,0,0,,,
grand_haven_mi,round_whitefish,1,modern_2012_2022,0,0,0,0,0,0,,,
grand_haven_mi,round_whitefish,1,recent_2018_2022,0,0,0,0,0,0,,,
grand_haven_mi,round_whitefish,2,long_1997_2022,0,0,0,0,0,0,,,
grand_haven_mi,round_whitefish,2,modern_2012_2022,0,0,0,0,0,0,,,
grand_haven_mi,round_whitefish,2,recent_2018_2022,0,0,0,0,0,0,,,
grand_haven_mi,round_whitefish,3,long_1997_2022,0,0,0,0,0,0,,,
grand_haven_mi,round_whitefish,3,modern_2012_2022,0,0,0,0,0,0,,,
grand_haven_mi,round_whitefish,3,recent_2018_2022,0,0,0,0,0,0,,,
grand_haven_mi,round_whitefish,4,long_1997_2022,25,15,10,62346,586,14,9.399160,0.933333,0.247440
grand_haven_mi,round_whitefish,4,modern_2012_2022,10,7,3,12153,257,6,21.147042,0.857143,0.564202
grand_haven_mi,round_whitefish,4,recent_2018_2022,4,4,0,7703,234,4,30.377775,1,0.619658
grand_haven_mi,round_whitefish,5,long_1997_2022,25,5,20,12556,0,0,0,0,
grand_haven_mi,round_whitefish,5,modern_2012_2022,10,5,5,12556,0,0,0,0,
grand_haven_mi,round_whitefish,5,recent_2018_2022,4,4,0,8697,0,0,0,0,
grand_haven_mi,round_whitefish,6,long_1997_2022,25,5,20,40812,0,0,0,0,
grand_haven_mi,round_whitefish,6,modern_2012_2022,10,5,5,40812,0,0,0,0,
grand_haven_mi,round_whitefish,6,recent_2018_2022,4,4,0,28220,0,0,0,0,
grand_haven_mi,round_whitefish,7,long_1997_2022,25,5,20,27930,0,0,0,0,
grand_haven_mi,round_whitefish,7,modern_2012_2022,10,5,5,27930,0,0,0,0,
grand_haven_mi,round_whitefish,7,recent_2018_2022,4,4,0,21090,0,0,0,0,
grand_haven_mi,round_whitefish,8,long_1997_2022,25,5,20,17619,0,0,0,0,
grand_haven_mi,round_whitefish,8,modern_2012_2022,10,5,5,17619,0,0,0,0,
grand_haven_mi,round_whitefish,8,recent_2018_2022,4,4,0,12995,0,0,0,0,
grand_haven_mi,round_whitefish,9,long_1997_2022,25,5,20,15698,0,0,0,0,
grand_haven_mi,round_whitefish,9,modern_2012_2022,10,5,5,15698,0,0,0,0,
grand_haven_mi,round_whitefish,9,recent_2018_2022,4,4,0,11196,0,0,0,0,
grand_haven_mi,round_whitefish,10,long_1997_2022,25,18,7,59502,2372,13,39.864206,0.722222,0.345700
grand_haven_mi,round_whitefish,10,modern_2012_2022,10,7,3,11331,44,2,3.883152,0.285714,0.522727
grand_haven_mi,round_whitefish,10,recent_2018_2022,4,4,0,4911,0,0,0,0,
grand_haven_mi,round_whitefish,11,long_1997_2022,2,2,0,5310,49,1,9.227872,0.500000,1
grand_haven_mi,round_whitefish,11,modern_2012_2022,2,2,0,5310,49,1,9.227872,0.500000,1
grand_haven_mi,round_whitefish,11,recent_2018_2022,2,2,0,5310,49,1,9.227872,0.500000,1
grand_haven_mi,round_whitefish,12,long_1997_2022,1,1,0,26,0,0,0,0,
grand_haven_mi,round_whitefish,12,modern_2012_2022,1,1,0,26,0,0,0,0,
grand_haven_mi,round_whitefish,12,recent_2018_2022,1,1,0,26,0,0,0,0,
grand_haven_mi,channel_catfish,1,long_1997_2022,0,0,0,0,0,0,,,
grand_haven_mi,channel_catfish,1,modern_2012_2022,0,0,0,0,0,0,,,
grand_haven_mi,channel_catfish,1,recent_2018_2022,0,0,0,0,0,0,,,
grand_haven_mi,channel_catfish,2,long_1997_2022,0,0,0,0,0,0,,,
grand_haven_mi,channel_catfish,2,modern_2012_2022,0,0,0,0,0,0,,,
grand_haven_mi,channel_catfish,2,recent_2018_2022,0,0,0,0,0,0,,,
grand_haven_mi,channel_catfish,3,long_1997_2022,0,0,0,0,0,0,,,
grand_haven_mi,channel_catfish,3,modern_2012_2022,0,0,0,0,0,0,,,
grand_haven_mi,channel_catfish,3,recent_2018_2022,0,0,0,0,0,0,,,
grand_haven_mi,channel_catfish,4,long_1997_2022,25,12,13,42592,340,10,7.982720,0.833333,0.208824
grand_haven_mi,channel_catfish,4,modern_2012_2022,10,8,2,13741,125,6,9.096863,0.750000,0.360000
grand_haven_mi,channel_catfish,4,recent_2018_2022,4,4,0,7703,59,3,7.659353,0.750000,0.762712
grand_haven_mi,channel_catfish,5,long_1997_2022,25,11,14,27305,1833,9,67.130562,0.818182,0.700491
grand_haven_mi,channel_catfish,5,modern_2012_2022,10,7,3,18229,391,5,21.449339,0.714286,0.342711
grand_haven_mi,channel_catfish,5,recent_2018_2022,4,4,0,8697,175,3,20.121881,0.750000,0.480000
grand_haven_mi,channel_catfish,6,long_1997_2022,25,15,10,110563,1230,14,11.124879,0.933333,0.213008
grand_haven_mi,channel_catfish,6,modern_2012_2022,10,9,1,73823,681,8,9.224767,0.888889,0.259912
grand_haven_mi,channel_catfish,6,recent_2018_2022,4,4,0,28220,407,4,14.422395,1,0.434889
grand_haven_mi,channel_catfish,7,long_1997_2022,25,15,10,104441,1041,14,9.967350,0.933333,0.206532
grand_haven_mi,channel_catfish,7,modern_2012_2022,10,8,2,55056,756,7,13.731473,0.875000,0.284392
grand_haven_mi,channel_catfish,7,recent_2018_2022,4,4,0,21090,420,4,19.914651,1,0.511905
grand_haven_mi,channel_catfish,8,long_1997_2022,25,14,11,73756,2215,13,30.031455,0.928571,0.182844
grand_haven_mi,channel_catfish,8,modern_2012_2022,10,8,2,27985,1364,7,48.740397,0.875000,0.296921
grand_haven_mi,channel_catfish,8,recent_2018_2022,4,4,0,12995,847,4,65.178915,1,0.478158
grand_haven_mi,channel_catfish,9,long_1997_2022,25,14,11,73963,1046,13,14.142206,0.928571,0.230402
grand_haven_mi,channel_catfish,9,modern_2012_2022,10,9,1,38281,702,8,18.338079,0.888889,0.343305
grand_haven_mi,channel_catfish,9,recent_2018_2022,4,4,0,11196,385,4,34.387281,1,0.415584
grand_haven_mi,channel_catfish,10,long_1997_2022,25,13,12,34375,524,11,15.243636,0.846154,0.244275
grand_haven_mi,channel_catfish,10,modern_2012_2022,10,8,2,13016,356,6,27.350953,0.750000,0.359551
grand_haven_mi,channel_catfish,10,recent_2018_2022,4,4,0,4911,82,3,16.697210,0.750000,0.609756
grand_haven_mi,channel_catfish,11,long_1997_2022,2,1,1,1005,0,0,0,0,
grand_haven_mi,channel_catfish,11,modern_2012_2022,2,1,1,1005,0,0,0,0,
grand_haven_mi,channel_catfish,11,recent_2018_2022,2,1,1,1005,0,0,0,0,
grand_haven_mi,channel_catfish,12,long_1997_2022,1,1,0,26,0,0,0,0,
grand_haven_mi,channel_catfish,12,modern_2012_2022,1,1,0,26,0,0,0,0,
grand_haven_mi,channel_catfish,12,recent_2018_2022,1,1,0,26,0,0,0,0,
grand_haven_mi,largemouth_bass,1,long_1997_2022,0,0,0,0,0,0,,,
grand_haven_mi,largemouth_bass,1,modern_2012_2022,0,0,0,0,0,0,,,
grand_haven_mi,largemouth_bass,1,recent_2018_2022,0,0,0,0,0,0,,,
grand_haven_mi,largemouth_bass,2,long_1997_2022,0,0,0,0,0,0,,,
grand_haven_mi,largemouth_bass,2,modern_2012_2022,0,0,0,0,0,0,,,
grand_haven_mi,largemouth_bass,2,recent_2018_2022,0,0,0,0,0,0,,,
grand_haven_mi,largemouth_bass,3,long_1997_2022,0,0,0,0,0,0,,,
grand_haven_mi,largemouth_bass,3,modern_2012_2022,0,0,0,0,0,0,,,
grand_haven_mi,largemouth_bass,3,recent_2018_2022,0,0,0,0,0,0,,,
grand_haven_mi,largemouth_bass,4,long_1997_2022,25,5,20,7973,23,1,2.884736,0.200000,1
grand_haven_mi,largemouth_bass,4,modern_2012_2022,10,5,5,7973,23,1,2.884736,0.200000,1
grand_haven_mi,largemouth_bass,4,recent_2018_2022,4,4,0,7703,23,1,2.985850,0.250000,1
grand_haven_mi,largemouth_bass,5,long_1997_2022,25,5,20,12556,49,1,3.902517,0.200000,1
grand_haven_mi,largemouth_bass,5,modern_2012_2022,10,5,5,12556,49,1,3.902517,0.200000,1
grand_haven_mi,largemouth_bass,5,recent_2018_2022,4,4,0,8697,49,1,5.634127,0.250000,1
grand_haven_mi,largemouth_bass,6,long_1997_2022,25,9,16,76208,669,7,8.778606,0.777778,0.313901
grand_haven_mi,largemouth_bass,6,modern_2012_2022,10,7,3,62365,603,5,9.668885,0.714286,0.348259
grand_haven_mi,largemouth_bass,6,recent_2018_2022,4,4,0,28220,436,3,15.450035,0.750000,0.481651
grand_haven_mi,largemouth_bass,7,long_1997_2022,25,9,16,57425,1593,9,27.740531,1,0.338355
grand_haven_mi,largemouth_bass,7,modern_2012_2022,10,8,2,55056,1556,8,28.262133,1,0.346401
grand_haven_mi,largemouth_bass,7,recent_2018_2022,4,4,0,21090,617,4,29.255571,1,0.531605
grand_haven_mi,largemouth_bass,8,long_1997_2022,25,9,16,35147,2471,8,70.304720,0.888889,0.298665
grand_haven_mi,largemouth_bass,8,modern_2012_2022,10,8,2,27985,2437,7,87.082366,0.875000,0.302831
grand_haven_mi,largemouth_bass,8,recent_2018_2022,4,4,0,12995,2192,4,168.680262,1,0.336679
grand_haven_mi,largemouth_bass,9,long_1997_2022,25,6,19,18272,164,4,8.975482,0.666667,0.445122
grand_haven_mi,largemouth_bass,9,modern_2012_2022,10,6,4,18272,164,4,8.975482,0.666667,0.445122
grand_haven_mi,largemouth_bass,9,recent_2018_2022,4,4,0,11196,150,3,13.397642,0.750000,0.486667
grand_haven_mi,largemouth_bass,10,long_1997_2022,25,5,20,6519,0,0,0,0,
grand_haven_mi,largemouth_bass,10,modern_2012_2022,10,5,5,6519,0,0,0,0,
grand_haven_mi,largemouth_bass,10,recent_2018_2022,4,4,0,4911,0,0,0,0,
grand_haven_mi,largemouth_bass,11,long_1997_2022,2,1,1,1005,0,0,0,0,
grand_haven_mi,largemouth_bass,11,modern_2012_2022,2,1,1,1005,0,0,0,0,
grand_haven_mi,largemouth_bass,11,recent_2018_2022,2,1,1,1005,0,0,0,0,
grand_haven_mi,largemouth_bass,12,long_1997_2022,1,1,0,26,0,0,0,0,
grand_haven_mi,largemouth_bass,12,modern_2012_2022,1,1,0,26,0,0,0,0,
grand_haven_mi,largemouth_bass,12,recent_2018_2022,1,1,0,26,0,0,0,0,
manistee_mi,chinook_salmon,1,long_1997_2022,0,0,0,0,0,0,,,
manistee_mi,chinook_salmon,1,modern_2012_2022,0,0,0,0,0,0,,,
manistee_mi,chinook_salmon,1,recent_2018_2022,0,0,0,0,0,0,,,
manistee_mi,chinook_salmon,2,long_1997_2022,0,0,0,0,0,0,,,
manistee_mi,chinook_salmon,2,modern_2012_2022,0,0,0,0,0,0,,,
manistee_mi,chinook_salmon,2,recent_2018_2022,0,0,0,0,0,0,,,
manistee_mi,chinook_salmon,3,long_1997_2022,0,0,0,0,0,0,,,
manistee_mi,chinook_salmon,3,modern_2012_2022,0,0,0,0,0,0,,,
manistee_mi,chinook_salmon,3,recent_2018_2022,0,0,0,0,0,0,,,
manistee_mi,chinook_salmon,4,long_1997_2022,25,7,18,18256,16,2,0.876424,0.285714,0.875000
manistee_mi,chinook_salmon,4,modern_2012_2022,10,5,5,4075,0,0,0,0,
manistee_mi,chinook_salmon,4,recent_2018_2022,4,4,0,3549,0,0,0,0,
manistee_mi,chinook_salmon,5,long_1997_2022,25,12,13,18533,636,7,34.317164,0.583333,0.507862
manistee_mi,chinook_salmon,5,modern_2012_2022,10,7,3,9732,54,2,5.548705,0.285714,0.870370
manistee_mi,chinook_salmon,5,recent_2018_2022,4,4,0,4930,0,0,0,0,
manistee_mi,chinook_salmon,6,long_1997_2022,25,13,12,15544,560,11,36.026763,0.846154,0.455357
manistee_mi,chinook_salmon,6,modern_2012_2022,10,7,3,7483,123,5,16.437258,0.714286,0.373984
manistee_mi,chinook_salmon,6,recent_2018_2022,4,4,0,2715,48,3,17.679558,0.750000,0.520833
manistee_mi,chinook_salmon,7,long_1997_2022,25,11,14,20740,678,7,32.690453,0.636364,0.318584
manistee_mi,chinook_salmon,7,modern_2012_2022,10,6,4,6634,112,2,16.882725,0.333333,0.883929
manistee_mi,chinook_salmon,7,recent_2018_2022,4,4,0,2670,0,0,0,0,
manistee_mi,chinook_salmon,8,long_1997_2022,25,20,5,57140,5000,19,87.504375,0.950000,0.197800
manistee_mi,chinook_salmon,8,modern_2012_2022,10,8,2,15572,481,7,30.888775,0.875000,0.399168
manistee_mi,chinook_salmon,8,recent_2018_2022,4,4,0,3751,250,3,66.648894,0.750000,0.768000
manistee_mi,chinook_salmon,9,long_1997_2022,25,24,1,55644,2237,22,40.201998,0.916667,0.170317
manistee_mi,chinook_salmon,9,modern_2012_2022,10,9,1,14536,486,7,33.434232,0.777778,0.506173
manistee_mi,chinook_salmon,9,recent_2018_2022,4,4,0,4418,92,2,20.823902,0.500000,0.608696
manistee_mi,chinook_salmon,10,long_1997_2022,25,13,12,29825,596,9,19.983236,0.692308,0.389262
manistee_mi,chinook_salmon,10,modern_2012_2022,10,8,2,11494,534,4,46.459022,0.500000,0.434457
manistee_mi,chinook_salmon,10,recent_2018_2022,4,4,0,3194,75,1,23.481528,0.250000,1
manistee_mi,chinook_salmon,11,long_1997_2022,0,0,0,0,0,0,,,
manistee_mi,chinook_salmon,11,modern_2012_2022,0,0,0,0,0,0,,,
manistee_mi,chinook_salmon,11,recent_2018_2022,0,0,0,0,0,0,,,
manistee_mi,chinook_salmon,12,long_1997_2022,0,0,0,0,0,0,,,
manistee_mi,chinook_salmon,12,modern_2012_2022,0,0,0,0,0,0,,,
manistee_mi,chinook_salmon,12,recent_2018_2022,0,0,0,0,0,0,,,
manistee_mi,coho_salmon,1,long_1997_2022,0,0,0,0,0,0,,,
manistee_mi,coho_salmon,1,modern_2012_2022,0,0,0,0,0,0,,,
manistee_mi,coho_salmon,1,recent_2018_2022,0,0,0,0,0,0,,,
manistee_mi,coho_salmon,2,long_1997_2022,0,0,0,0,0,0,,,
manistee_mi,coho_salmon,2,modern_2012_2022,0,0,0,0,0,0,,,
manistee_mi,coho_salmon,2,recent_2018_2022,0,0,0,0,0,0,,,
manistee_mi,coho_salmon,3,long_1997_2022,0,0,0,0,0,0,,,
manistee_mi,coho_salmon,3,modern_2012_2022,0,0,0,0,0,0,,,
manistee_mi,coho_salmon,3,recent_2018_2022,0,0,0,0,0,0,,,
manistee_mi,coho_salmon,4,long_1997_2022,25,6,19,8155,12,2,1.471490,0.333333,0.750000
manistee_mi,coho_salmon,4,modern_2012_2022,10,5,5,4075,3,1,0.736196,0.200000,1
manistee_mi,coho_salmon,4,recent_2018_2022,4,4,0,3549,3,1,0.845309,0.250000,1
manistee_mi,coho_salmon,5,long_1997_2022,25,8,17,12020,148,3,12.312812,0.375000,0.891892
manistee_mi,coho_salmon,5,modern_2012_2022,10,7,3,9956,139,2,13.961430,0.285714,0.949640
manistee_mi,coho_salmon,5,recent_2018_2022,4,4,0,4930,0,0,0,0,
manistee_mi,coho_salmon,6,long_1997_2022,25,5,20,4619,0,0,0,0,
manistee_mi,coho_salmon,6,modern_2012_2022,10,5,5,4619,0,0,0,0,
manistee_mi,coho_salmon,6,recent_2018_2022,4,4,0,2715,0,0,0,0,
manistee_mi,coho_salmon,7,long_1997_2022,25,6,19,7980,53,2,6.641604,0.333333,0.660377
manistee_mi,coho_salmon,7,modern_2012_2022,10,5,5,5055,18,1,3.560831,0.200000,1
manistee_mi,coho_salmon,7,recent_2018_2022,4,4,0,2670,18,1,6.741573,0.250000,1
manistee_mi,coho_salmon,8,long_1997_2022,25,10,15,23680,420,5,17.736486,0.500000,0.769048
manistee_mi,coho_salmon,8,modern_2012_2022,10,7,3,15093,61,2,4.041609,0.285714,0.540984
manistee_mi,coho_salmon,8,recent_2018_2022,4,4,0,3751,0,0,0,0,
manistee_mi,coho_salmon,9,long_1997_2022,25,17,8,37343,452,14,12.104009,0.823529,0.360619
manistee_mi,coho_salmon,9,modern_2012_2022,10,8,2,13228,265,5,20.033263,0.625000,0.615094
manistee_mi,coho_salmon,9,recent_2018_2022,4,4,0,4418,163,1,36.894522,0.250000,1
manistee_mi,coho_salmon,10,long_1997_2022,25,18,7,50341,788,18,15.653245,1,0.234772
manistee_mi,coho_salmon,10,modern_2012_2022,10,8,2,11494,594,8,51.679137,1,0.311448
manistee_mi,coho_salmon,10,recent_2018_2022,4,4,0,3194,280,4,87.664371,1,0.660714
manistee_mi,coho_salmon,11,long_1997_2022,0,0,0,0,0,0,,,
manistee_mi,coho_salmon,11,modern_2012_2022,0,0,0,0,0,0,,,
manistee_mi,coho_salmon,11,recent_2018_2022,0,0,0,0,0,0,,,
manistee_mi,coho_salmon,12,long_1997_2022,0,0,0,0,0,0,,,
manistee_mi,coho_salmon,12,modern_2012_2022,0,0,0,0,0,0,,,
manistee_mi,coho_salmon,12,recent_2018_2022,0,0,0,0,0,0,,,
manistee_mi,steelhead,1,long_1997_2022,0,0,0,0,0,0,,,
manistee_mi,steelhead,1,modern_2012_2022,0,0,0,0,0,0,,,
manistee_mi,steelhead,1,recent_2018_2022,0,0,0,0,0,0,,,
manistee_mi,steelhead,2,long_1997_2022,0,0,0,0,0,0,,,
manistee_mi,steelhead,2,modern_2012_2022,0,0,0,0,0,0,,,
manistee_mi,steelhead,2,recent_2018_2022,0,0,0,0,0,0,,,
manistee_mi,steelhead,3,long_1997_2022,0,0,0,0,0,0,,,
manistee_mi,steelhead,3,modern_2012_2022,0,0,0,0,0,0,,,
manistee_mi,steelhead,3,recent_2018_2022,0,0,0,0,0,0,,,
manistee_mi,steelhead,4,long_1997_2022,25,22,3,69433,1011,19,14.560800,0.863636,0.258160
manistee_mi,steelhead,4,modern_2012_2022,10,10,0,15020,379,7,25.233023,0.700000,0.688654
manistee_mi,steelhead,4,recent_2018_2022,4,4,0,3549,15,2,4.226543,0.500000,0.666667
manistee_mi,steelhead,5,long_1997_2022,25,17,8,27567,227,14,8.234483,0.823529,0.237885
manistee_mi,steelhead,5,modern_2012_2022,10,8,2,10386,85,5,8.184094,0.625000,0.635294
manistee_mi,steelhead,5,recent_2018_2022,4,4,0,4930,11,1,2.231237,0.250000,1
manistee_mi,steelhead,6,long_1997_2022,25,14,11,17049,309,12,18.124230,0.857143,0.262136
manistee_mi,steelhead,6,modern_2012_2022,10,9,1,9497,178,7,18.742761,0.777778,0.455056
manistee_mi,steelhead,6,recent_2018_2022,4,4,0,2715,14,2,5.156538,0.500000,0.642857
manistee_mi,steelhead,7,long_1997_2022,25,9,16,14691,483,5,32.877272,0.555556,0.581781
manistee_mi,steelhead,7,modern_2012_2022,10,5,5,5055,99,1,19.584570,0.200000,1
manistee_mi,steelhead,7,recent_2018_2022,4,4,0,2670,0,0,0,0,
manistee_mi,steelhead,8,long_1997_2022,25,6,19,15026,44,1,2.928258,0.166667,1
manistee_mi,steelhead,8,modern_2012_2022,10,5,5,7747,0,0,0,0,
manistee_mi,steelhead,8,recent_2018_2022,4,4,0,3751,0,0,0,0,
manistee_mi,steelhead,9,long_1997_2022,25,14,11,33233,225,9,6.770379,0.642857,0.373333
manistee_mi,steelhead,9,modern_2012_2022,10,8,2,13228,56,3,4.233444,0.375000,0.535714
manistee_mi,steelhead,9,recent_2018_2022,4,4,0,4418,0,0,0,0,
manistee_mi,steelhead,10,long_1997_2022,25,25,0,64608,7330,25,113.453442,1,0.121282
manistee_mi,steelhead,10,modern_2012_2022,10,10,0,13265,2120,10,159.819073,1,0.297642
manistee_mi,steelhead,10,recent_2018_2022,4,4,0,3194,471,4,147.463995,1,0.575372
manistee_mi,steelhead,11,long_1997_2022,0,0,0,0,0,0,,,
manistee_mi,steelhead,11,modern_2012_2022,0,0,0,0,0,0,,,
manistee_mi,steelhead,11,recent_2018_2022,0,0,0,0,0,0,,,
manistee_mi,steelhead,12,long_1997_2022,0,0,0,0,0,0,,,
manistee_mi,steelhead,12,modern_2012_2022,0,0,0,0,0,0,,,
manistee_mi,steelhead,12,recent_2018_2022,0,0,0,0,0,0,,,
manistee_mi,brown_trout,1,long_1997_2022,0,0,0,0,0,0,,,
manistee_mi,brown_trout,1,modern_2012_2022,0,0,0,0,0,0,,,
manistee_mi,brown_trout,1,recent_2018_2022,0,0,0,0,0,0,,,
manistee_mi,brown_trout,2,long_1997_2022,0,0,0,0,0,0,,,
manistee_mi,brown_trout,2,modern_2012_2022,0,0,0,0,0,0,,,
manistee_mi,brown_trout,2,recent_2018_2022,0,0,0,0,0,0,,,
manistee_mi,brown_trout,3,long_1997_2022,0,0,0,0,0,0,,,
manistee_mi,brown_trout,3,modern_2012_2022,0,0,0,0,0,0,,,
manistee_mi,brown_trout,3,recent_2018_2022,0,0,0,0,0,0,,,
manistee_mi,brown_trout,4,long_1997_2022,25,25,0,78102,4410,25,56.464623,1,0.265760
manistee_mi,brown_trout,4,modern_2012_2022,10,10,0,15020,693,10,46.138482,1,0.582973
manistee_mi,brown_trout,4,recent_2018_2022,4,4,0,3549,80,4,22.541561,1,0.487500
manistee_mi,brown_trout,5,long_1997_2022,25,24,1,37721,2583,23,68.476445,0.958333,0.169957
manistee_mi,brown_trout,5,modern_2012_2022,10,9,1,13248,313,8,23.626208,0.888889,0.405751
manistee_mi,brown_trout,5,recent_2018_2022,4,4,0,4930,32,3,6.490872,0.750000,0.625000
manistee_mi,brown_trout,6,long_1997_2022,25,19,6,23302,2242,15,96.214917,0.789474,0.292596
manistee_mi,brown_trout,6,modern_2012_2022,10,8,2,8788,875,4,99.567592,0.500000,0.460571
manistee_mi,brown_trout,6,recent_2018_2022,4,4,0,2715,0,0,0,0,
manistee_mi,brown_trout,7,long_1997_2022,25,10,15,15884,237,5,14.920675,0.500000,0.383966
manistee_mi,brown_trout,7,modern_2012_2022,10,7,3,7900,142,2,17.974684,0.285714,0.640845
manistee_mi,brown_trout,7,recent_2018_2022,4,4,0,2670,0,0,0,0,
manistee_mi,brown_trout,8,long_1997_2022,25,5,20,7747,0,0,0,0,
manistee_mi,brown_trout,8,modern_2012_2022,10,5,5,7747,0,0,0,0,
manistee_mi,brown_trout,8,recent_2018_2022,4,4,0,3751,0,0,0,0,
manistee_mi,brown_trout,9,long_1997_2022,25,9,16,22644,63,4,2.782194,0.444444,0.333333
manistee_mi,brown_trout,9,modern_2012_2022,10,6,4,10408,12,1,1.152959,0.166667,1
manistee_mi,brown_trout,9,recent_2018_2022,4,4,0,4418,0,0,0,0,
manistee_mi,brown_trout,10,long_1997_2022,25,13,12,32628,118,9,3.616526,0.692308,0.237288
manistee_mi,brown_trout,10,modern_2012_2022,10,7,3,9426,35,3,3.713134,0.428571,0.514286
manistee_mi,brown_trout,10,recent_2018_2022,4,4,0,3194,0,0,0,0,
manistee_mi,brown_trout,11,long_1997_2022,0,0,0,0,0,0,,,
manistee_mi,brown_trout,11,modern_2012_2022,0,0,0,0,0,0,,,
manistee_mi,brown_trout,11,recent_2018_2022,0,0,0,0,0,0,,,
manistee_mi,brown_trout,12,long_1997_2022,0,0,0,0,0,0,,,
manistee_mi,brown_trout,12,modern_2012_2022,0,0,0,0,0,0,,,
manistee_mi,brown_trout,12,recent_2018_2022,0,0,0,0,0,0,,,
manistee_mi,lake_trout,1,long_1997_2022,0,0,0,0,0,0,,,
manistee_mi,lake_trout,1,modern_2012_2022,0,0,0,0,0,0,,,
manistee_mi,lake_trout,1,recent_2018_2022,0,0,0,0,0,0,,,
manistee_mi,lake_trout,2,long_1997_2022,0,0,0,0,0,0,,,
manistee_mi,lake_trout,2,modern_2012_2022,0,0,0,0,0,0,,,
manistee_mi,lake_trout,2,recent_2018_2022,0,0,0,0,0,0,,,
manistee_mi,lake_trout,3,long_1997_2022,0,0,0,0,0,0,,,
manistee_mi,lake_trout,3,modern_2012_2022,0,0,0,0,0,0,,,
manistee_mi,lake_trout,3,recent_2018_2022,0,0,0,0,0,0,,,
manistee_mi,lake_trout,4,long_1997_2022,25,3,22,2469,3,1,1.215067,0.333333,1
manistee_mi,lake_trout,4,modern_2012_2022,10,3,7,2469,3,1,1.215067,0.333333,1
manistee_mi,lake_trout,4,recent_2018_2022,4,2,2,1943,3,1,1.544004,0.500000,1
manistee_mi,lake_trout,5,long_1997_2022,25,3,22,3324,44,1,13.237064,0.333333,1
manistee_mi,lake_trout,5,modern_2012_2022,10,3,7,3324,44,1,13.237064,0.333333,1
manistee_mi,lake_trout,5,recent_2018_2022,4,2,2,2526,44,1,17.418844,0.500000,1
manistee_mi,lake_trout,6,long_1997_2022,25,3,22,4076,0,0,0,0,
manistee_mi,lake_trout,6,modern_2012_2022,10,3,7,4076,0,0,0,0,
manistee_mi,lake_trout,6,recent_2018_2022,4,2,2,2172,0,0,0,0,
manistee_mi,lake_trout,7,long_1997_2022,25,3,22,3967,0,0,0,0,
manistee_mi,lake_trout,7,modern_2012_2022,10,3,7,3967,0,0,0,0,
manistee_mi,lake_trout,7,recent_2018_2022,4,2,2,1582,0,0,0,0,
manistee_mi,lake_trout,8,long_1997_2022,25,3,22,7175,0,0,0,0,
manistee_mi,lake_trout,8,modern_2012_2022,10,3,7,7175,0,0,0,0,
manistee_mi,lake_trout,8,recent_2018_2022,4,2,2,3179,0,0,0,0,
manistee_mi,lake_trout,9,long_1997_2022,25,3,22,5993,0,0,0,0,
manistee_mi,lake_trout,9,modern_2012_2022,10,3,7,5993,0,0,0,0,
manistee_mi,lake_trout,9,recent_2018_2022,4,2,2,2567,0,0,0,0,
manistee_mi,lake_trout,10,long_1997_2022,25,3,22,3482,19,3,5.456634,1,0.842105
manistee_mi,lake_trout,10,modern_2012_2022,10,3,7,3482,19,3,5.456634,1,0.842105
manistee_mi,lake_trout,10,recent_2018_2022,4,2,2,1704,3,2,1.760563,1,0.666667
manistee_mi,lake_trout,11,long_1997_2022,0,0,0,0,0,0,,,
manistee_mi,lake_trout,11,modern_2012_2022,0,0,0,0,0,0,,,
manistee_mi,lake_trout,11,recent_2018_2022,0,0,0,0,0,0,,,
manistee_mi,lake_trout,12,long_1997_2022,0,0,0,0,0,0,,,
manistee_mi,lake_trout,12,modern_2012_2022,0,0,0,0,0,0,,,
manistee_mi,lake_trout,12,recent_2018_2022,0,0,0,0,0,0,,,
manistee_mi,walleye,1,long_1997_2022,0,0,0,0,0,0,,,
manistee_mi,walleye,1,modern_2012_2022,0,0,0,0,0,0,,,
manistee_mi,walleye,1,recent_2018_2022,0,0,0,0,0,0,,,
manistee_mi,walleye,2,long_1997_2022,0,0,0,0,0,0,,,
manistee_mi,walleye,2,modern_2012_2022,0,0,0,0,0,0,,,
manistee_mi,walleye,2,recent_2018_2022,0,0,0,0,0,0,,,
manistee_mi,walleye,3,long_1997_2022,0,0,0,0,0,0,,,
manistee_mi,walleye,3,modern_2012_2022,0,0,0,0,0,0,,,
manistee_mi,walleye,3,recent_2018_2022,0,0,0,0,0,0,,,
manistee_mi,walleye,4,long_1997_2022,25,11,14,22596,47,6,2.080014,0.545455,0.276596
manistee_mi,walleye,4,modern_2012_2022,10,8,2,11337,25,3,2.205169,0.375000,0.520000
manistee_mi,walleye,4,recent_2018_2022,4,4,0,3549,0,0,0,0,
manistee_mi,walleye,5,long_1997_2022,25,7,18,8777,40,2,4.557366,0.285714,0.750000
manistee_mi,walleye,5,modern_2012_2022,10,5,5,5728,0,0,0,0,
manistee_mi,walleye,5,recent_2018_2022,4,4,0,4930,0,0,0,0,
manistee_mi,walleye,6,long_1997_2022,25,5,20,4619,0,0,0,0,
manistee_mi,walleye,6,modern_2012_2022,10,5,5,4619,0,0,0,0,
manistee_mi,walleye,6,recent_2018_2022,4,4,0,2715,0,0,0,0,
manistee_mi,walleye,7,long_1997_2022,25,7,18,8003,87,2,10.870923,0.285714,0.701149
manistee_mi,walleye,7,modern_2012_2022,10,7,3,8003,87,2,10.870923,0.285714,0.701149
manistee_mi,walleye,7,recent_2018_2022,4,4,0,2670,0,0,0,0,
manistee_mi,walleye,8,long_1997_2022,25,5,20,7747,0,0,0,0,
manistee_mi,walleye,8,modern_2012_2022,10,5,5,7747,0,0,0,0,
manistee_mi,walleye,8,recent_2018_2022,4,4,0,3751,0,0,0,0,
manistee_mi,walleye,9,long_1997_2022,25,5,20,7844,0,0,0,0,
manistee_mi,walleye,9,modern_2012_2022,10,5,5,7844,0,0,0,0,
manistee_mi,walleye,9,recent_2018_2022,4,4,0,4418,0,0,0,0,
manistee_mi,walleye,10,long_1997_2022,25,5,20,4972,0,0,0,0,
manistee_mi,walleye,10,modern_2012_2022,10,5,5,4972,0,0,0,0,
manistee_mi,walleye,10,recent_2018_2022,4,4,0,3194,0,0,0,0,
manistee_mi,walleye,11,long_1997_2022,0,0,0,0,0,0,,,
manistee_mi,walleye,11,modern_2012_2022,0,0,0,0,0,0,,,
manistee_mi,walleye,11,recent_2018_2022,0,0,0,0,0,0,,,
manistee_mi,walleye,12,long_1997_2022,0,0,0,0,0,0,,,
manistee_mi,walleye,12,modern_2012_2022,0,0,0,0,0,0,,,
manistee_mi,walleye,12,recent_2018_2022,0,0,0,0,0,0,,,
manistee_mi,smallmouth_bass,1,long_1997_2022,0,0,0,0,0,0,,,
manistee_mi,smallmouth_bass,1,modern_2012_2022,0,0,0,0,0,0,,,
manistee_mi,smallmouth_bass,1,recent_2018_2022,0,0,0,0,0,0,,,
manistee_mi,smallmouth_bass,2,long_1997_2022,0,0,0,0,0,0,,,
manistee_mi,smallmouth_bass,2,modern_2012_2022,0,0,0,0,0,0,,,
manistee_mi,smallmouth_bass,2,recent_2018_2022,0,0,0,0,0,0,,,
manistee_mi,smallmouth_bass,3,long_1997_2022,0,0,0,0,0,0,,,
manistee_mi,smallmouth_bass,3,modern_2012_2022,0,0,0,0,0,0,,,
manistee_mi,smallmouth_bass,3,recent_2018_2022,0,0,0,0,0,0,,,
manistee_mi,smallmouth_bass,4,long_1997_2022,25,9,16,11829,39,5,3.296982,0.555556,0.461538
manistee_mi,smallmouth_bass,4,modern_2012_2022,10,7,3,6979,29,3,4.155323,0.428571,0.620690
manistee_mi,smallmouth_bass,4,recent_2018_2022,4,4,0,3549,0,0,0,0,
manistee_mi,smallmouth_bass,5,long_1997_2022,25,7,18,9334,45,4,4.821084,0.571429,0.533333
manistee_mi,smallmouth_bass,5,modern_2012_2022,10,6,4,8590,21,3,2.444703,0.500000,0.571429
manistee_mi,smallmouth_bass,5,recent_2018_2022,4,4,0,4930,7,1,1.419878,0.250000,1
manistee_mi,smallmouth_bass,6,long_1997_2022,25,12,13,12117,623,8,51.415367,0.666667,0.577849
manistee_mi,smallmouth_bass,6,modern_2012_2022,10,7,3,7483,172,3,22.985434,0.428571,0.645349
manistee_mi,smallmouth_bass,6,recent_2018_2022,4,4,0,2715,0,0,0,0,
manistee_mi,smallmouth_bass,7,long_1997_2022,25,12,13,19139,830,9,43.366947,0.750000,0.192771
manistee_mi,smallmouth_bass,7,modern_2012_2022,10,8,2,9582,546,5,56.981841,0.625000,0.293040
manistee_mi,smallmouth_bass,7,recent_2018_2022,4,4,0,2670,16,1,5.992509,0.250000,1
manistee_mi,smallmouth_bass,8,long_1997_2022,25,11,14,28339,646,7,22.795441,0.636364,0.453560
manistee_mi,smallmouth_bass,8,modern_2012_2022,10,7,3,12250,261,3,21.306122,0.428571,0.785441
manistee_mi,smallmouth_bass,8,recent_2018_2022,4,4,0,3751,25,1,6.664889,0.250000,1
manistee_mi,smallmouth_bass,9,long_1997_2022,25,7,18,15324,64,3,4.176455,0.428571,0.609375
manistee_mi,smallmouth_bass,9,modern_2012_2022,10,6,4,9444,48,2,5.082592,0.333333,0.812500
manistee_mi,smallmouth_bass,9,recent_2018_2022,4,4,0,4418,0,0,0,0,
manistee_mi,smallmouth_bass,10,long_1997_2022,25,8,17,14984,47,3,3.136679,0.375000,0.595745
manistee_mi,smallmouth_bass,10,modern_2012_2022,10,5,5,4972,0,0,0,0,
manistee_mi,smallmouth_bass,10,recent_2018_2022,4,4,0,3194,0,0,0,0,
manistee_mi,smallmouth_bass,11,long_1997_2022,0,0,0,0,0,0,,,
manistee_mi,smallmouth_bass,11,modern_2012_2022,0,0,0,0,0,0,,,
manistee_mi,smallmouth_bass,11,recent_2018_2022,0,0,0,0,0,0,,,
manistee_mi,smallmouth_bass,12,long_1997_2022,0,0,0,0,0,0,,,
manistee_mi,smallmouth_bass,12,modern_2012_2022,0,0,0,0,0,0,,,
manistee_mi,smallmouth_bass,12,recent_2018_2022,0,0,0,0,0,0,,,
manistee_mi,freshwater_drum,1,long_1997_2022,0,0,0,0,0,0,,,
manistee_mi,freshwater_drum,1,modern_2012_2022,0,0,0,0,0,0,,,
manistee_mi,freshwater_drum,1,recent_2018_2022,0,0,0,0,0,0,,,
manistee_mi,freshwater_drum,2,long_1997_2022,0,0,0,0,0,0,,,
manistee_mi,freshwater_drum,2,modern_2012_2022,0,0,0,0,0,0,,,
manistee_mi,freshwater_drum,2,recent_2018_2022,0,0,0,0,0,0,,,
manistee_mi,freshwater_drum,3,long_1997_2022,0,0,0,0,0,0,,,
manistee_mi,freshwater_drum,3,modern_2012_2022,0,0,0,0,0,0,,,
manistee_mi,freshwater_drum,3,recent_2018_2022,0,0,0,0,0,0,,,
manistee_mi,freshwater_drum,4,long_1997_2022,25,5,20,4075,0,0,0,0,
manistee_mi,freshwater_drum,4,modern_2012_2022,10,5,5,4075,0,0,0,0,
manistee_mi,freshwater_drum,4,recent_2018_2022,4,4,0,3549,0,0,0,0,
manistee_mi,freshwater_drum,5,long_1997_2022,25,7,18,8536,65,3,7.614808,0.428571,0.584615
manistee_mi,freshwater_drum,5,modern_2012_2022,10,5,5,5728,20,1,3.491620,0.200000,1
manistee_mi,freshwater_drum,5,recent_2018_2022,4,4,0,4930,0,0,0,0,
manistee_mi,freshwater_drum,6,long_1997_2022,25,13,12,15890,207,9,13.027061,0.692308,0.217391
manistee_mi,freshwater_drum,6,modern_2012_2022,10,8,2,8788,119,4,13.541193,0.500000,0.378151
manistee_mi,freshwater_drum,6,recent_2018_2022,4,4,0,2715,0,0,0,0,
manistee_mi,freshwater_drum,7,long_1997_2022,25,10,15,12946,373,5,28.811988,0.500000,0.587131
manistee_mi,freshwater_drum,7,modern_2012_2022,10,7,3,6966,245,2,35.170830,0.285714,0.893878
manistee_mi,freshwater_drum,7,recent_2018_2022,4,4,0,2670,0,0,0,0,
manistee_mi,freshwater_drum,8,long_1997_2022,25,10,15,28222,256,6,9.070938,0.600000,0.457031
manistee_mi,freshwater_drum,8,modern_2012_2022,10,7,3,12459,150,3,12.039490,0.428571,0.780000
manistee_mi,freshwater_drum,8,recent_2018_2022,4,4,0,3751,0,0,0,0,
manistee_mi,freshwater_drum,9,long_1997_2022,25,9,16,19913,234,5,11.751117,0.555556,0.538462
manistee_mi,freshwater_drum,9,modern_2012_2022,10,7,3,12008,135,3,11.242505,0.428571,0.933333
manistee_mi,freshwater_drum,9,recent_2018_2022,4,4,0,4418,1,1,0.226347,0.250000,1
manistee_mi,freshwater_drum,10,long_1997_2022,25,7,18,11411,17,2,1.489791,0.285714,0.705882
manistee_mi,freshwater_drum,10,modern_2012_2022,10,5,5,4972,0,0,0,0,
manistee_mi,freshwater_drum,10,recent_2018_2022,4,4,0,3194,0,0,0,0,
manistee_mi,freshwater_drum,11,long_1997_2022,0,0,0,0,0,0,,,
manistee_mi,freshwater_drum,11,modern_2012_2022,0,0,0,0,0,0,,,
manistee_mi,freshwater_drum,11,recent_2018_2022,0,0,0,0,0,0,,,
manistee_mi,freshwater_drum,12,long_1997_2022,0,0,0,0,0,0,,,
manistee_mi,freshwater_drum,12,modern_2012_2022,0,0,0,0,0,0,,,
manistee_mi,freshwater_drum,12,recent_2018_2022,0,0,0,0,0,0,,,
manistee_mi,yellow_perch,1,long_1997_2022,0,0,0,0,0,0,,,
manistee_mi,yellow_perch,1,modern_2012_2022,0,0,0,0,0,0,,,
manistee_mi,yellow_perch,1,recent_2018_2022,0,0,0,0,0,0,,,
manistee_mi,yellow_perch,2,long_1997_2022,0,0,0,0,0,0,,,
manistee_mi,yellow_perch,2,modern_2012_2022,0,0,0,0,0,0,,,
manistee_mi,yellow_perch,2,recent_2018_2022,0,0,0,0,0,0,,,
manistee_mi,yellow_perch,3,long_1997_2022,0,0,0,0,0,0,,,
manistee_mi,yellow_perch,3,modern_2012_2022,0,0,0,0,0,0,,,
manistee_mi,yellow_perch,3,recent_2018_2022,0,0,0,0,0,0,,,
manistee_mi,yellow_perch,4,long_1997_2022,25,17,8,55933,50502,16,902.901686,0.941176,0.341571
manistee_mi,yellow_perch,4,modern_2012_2022,10,8,2,11783,10329,7,876.601884,0.875000,0.519121
manistee_mi,yellow_perch,4,recent_2018_2022,4,4,0,3549,1099,3,309.664694,0.750000,0.804368
manistee_mi,yellow_perch,5,long_1997_2022,25,16,9,26225,32422,15,1236.301239,0.937500,0.272346
manistee_mi,yellow_perch,5,modern_2012_2022,10,9,1,14186,24161,8,1703.158043,0.888889,0.365465
manistee_mi,yellow_perch,5,recent_2018_2022,4,4,0,4930,10047,3,2037.931034,0.750000,0.878869
manistee_mi,yellow_perch,6,long_1997_2022,25,12,13,14097,1219,10,86.472299,0.833333,0.540607
manistee_mi,yellow_perch,6,modern_2012_2022,10,7,3,7204,826,5,114.658523,0.714286,0.797821
manistee_mi,yellow_perch,6,recent_2018_2022,4,4,0,2715,742,3,273.296501,0.750000,0.888140
manistee_mi,yellow_perch,7,long_1997_2022,25,13,12,20754,4513,9,217.452057,0.692308,0.585198
manistee_mi,yellow_perch,7,modern_2012_2022,10,7,3,7900,866,3,109.620253,0.428571,0.659353
manistee_mi,yellow_perch,7,recent_2018_2022,4,4,0,2670,0,0,0,0,
manistee_mi,yellow_perch,8,long_1997_2022,25,9,16,22659,3836,4,169.292555,0.444444,0.686653
manistee_mi,yellow_perch,8,modern_2012_2022,10,6,4,11980,51,1,4.257095,0.166667,1
manistee_mi,yellow_perch,8,recent_2018_2022,4,4,0,3751,0,0,0,0,
manistee_mi,yellow_perch,9,long_1997_2022,25,6,19,13724,1901,2,138.516468,0.333333,0.993688
manistee_mi,yellow_perch,9,modern_2012_2022,10,5,5,7844,12,1,1.529832,0.200000,1
manistee_mi,yellow_perch,9,recent_2018_2022,4,4,0,4418,0,0,0,0,
manistee_mi,yellow_perch,10,long_1997_2022,25,6,19,7492,57,1,7.608115,0.166667,1
manistee_mi,yellow_perch,10,modern_2012_2022,10,5,5,4972,0,0,0,0,
manistee_mi,yellow_perch,10,recent_2018_2022,4,4,0,3194,0,0,0,0,
manistee_mi,yellow_perch,11,long_1997_2022,0,0,0,0,0,0,,,
manistee_mi,yellow_perch,11,modern_2012_2022,0,0,0,0,0,0,,,
manistee_mi,yellow_perch,11,recent_2018_2022,0,0,0,0,0,0,,,
manistee_mi,yellow_perch,12,long_1997_2022,0,0,0,0,0,0,,,
manistee_mi,yellow_perch,12,modern_2012_2022,0,0,0,0,0,0,,,
manistee_mi,yellow_perch,12,recent_2018_2022,0,0,0,0,0,0,,,
manistee_mi,lake_whitefish,1,long_1997_2022,0,0,0,0,0,0,,,
manistee_mi,lake_whitefish,1,modern_2012_2022,0,0,0,0,0,0,,,
manistee_mi,lake_whitefish,1,recent_2018_2022,0,0,0,0,0,0,,,
manistee_mi,lake_whitefish,2,long_1997_2022,0,0,0,0,0,0,,,
manistee_mi,lake_whitefish,2,modern_2012_2022,0,0,0,0,0,0,,,
manistee_mi,lake_whitefish,2,recent_2018_2022,0,0,0,0,0,0,,,
manistee_mi,lake_whitefish,3,long_1997_2022,0,0,0,0,0,0,,,
manistee_mi,lake_whitefish,3,modern_2012_2022,0,0,0,0,0,0,,,
manistee_mi,lake_whitefish,3,recent_2018_2022,0,0,0,0,0,0,,,
manistee_mi,lake_whitefish,4,long_1997_2022,25,7,18,13145,21,3,1.597566,0.428571,0.428571
manistee_mi,lake_whitefish,4,modern_2012_2022,10,5,5,4075,8,1,1.963190,0.200000,1
manistee_mi,lake_whitefish,4,recent_2018_2022,4,4,0,3549,8,1,2.254156,0.250000,1
manistee_mi,lake_whitefish,5,long_1997_2022,25,5,20,5728,92,1,16.061453,0.200000,1
manistee_mi,lake_whitefish,5,modern_2012_2022,10,5,5,5728,92,1,16.061453,0.200000,1
manistee_mi,lake_whitefish,5,recent_2018_2022,4,4,0,4930,92,1,18.661258,0.250000,1
manistee_mi,lake_whitefish,6,long_1997_2022,25,5,20,4619,0,0,0,0,
manistee_mi,lake_whitefish,6,modern_2012_2022,10,5,5,4619,0,0,0,0,
manistee_mi,lake_whitefish,6,recent_2018_2022,4,4,0,2715,0,0,0,0,
manistee_mi,lake_whitefish,7,long_1997_2022,25,5,20,5055,0,0,0,0,
manistee_mi,lake_whitefish,7,modern_2012_2022,10,5,5,5055,0,0,0,0,
manistee_mi,lake_whitefish,7,recent_2018_2022,4,4,0,2670,0,0,0,0,
manistee_mi,lake_whitefish,8,long_1997_2022,25,5,20,7747,0,0,0,0,
manistee_mi,lake_whitefish,8,modern_2012_2022,10,5,5,7747,0,0,0,0,
manistee_mi,lake_whitefish,8,recent_2018_2022,4,4,0,3751,0,0,0,0,
manistee_mi,lake_whitefish,9,long_1997_2022,25,5,20,7844,0,0,0,0,
manistee_mi,lake_whitefish,9,modern_2012_2022,10,5,5,7844,0,0,0,0,
manistee_mi,lake_whitefish,9,recent_2018_2022,4,4,0,4418,0,0,0,0,
manistee_mi,lake_whitefish,10,long_1997_2022,25,7,18,12983,148,3,11.399522,0.428571,0.520270
manistee_mi,lake_whitefish,10,modern_2012_2022,10,5,5,4972,77,1,15.486726,0.200000,1
manistee_mi,lake_whitefish,10,recent_2018_2022,4,4,0,3194,77,1,24.107702,0.250000,1
manistee_mi,lake_whitefish,11,long_1997_2022,0,0,0,0,0,0,,,
manistee_mi,lake_whitefish,11,modern_2012_2022,0,0,0,0,0,0,,,
manistee_mi,lake_whitefish,11,recent_2018_2022,0,0,0,0,0,0,,,
manistee_mi,lake_whitefish,12,long_1997_2022,0,0,0,0,0,0,,,
manistee_mi,lake_whitefish,12,modern_2012_2022,0,0,0,0,0,0,,,
manistee_mi,lake_whitefish,12,recent_2018_2022,0,0,0,0,0,0,,,
manistee_mi,round_whitefish,1,long_1997_2022,0,0,0,0,0,0,,,
manistee_mi,round_whitefish,1,modern_2012_2022,0,0,0,0,0,0,,,
manistee_mi,round_whitefish,1,recent_2018_2022,0,0,0,0,0,0,,,
manistee_mi,round_whitefish,2,long_1997_2022,0,0,0,0,0,0,,,
manistee_mi,round_whitefish,2,modern_2012_2022,0,0,0,0,0,0,,,
manistee_mi,round_whitefish,2,recent_2018_2022,0,0,0,0,0,0,,,
manistee_mi,round_whitefish,3,long_1997_2022,0,0,0,0,0,0,,,
manistee_mi,round_whitefish,3,modern_2012_2022,0,0,0,0,0,0,,,
manistee_mi,round_whitefish,3,recent_2018_2022,0,0,0,0,0,0,,,
manistee_mi,round_whitefish,4,long_1997_2022,25,18,7,51262,1599,14,31.192696,0.777778,0.338962
manistee_mi,round_whitefish,4,modern_2012_2022,10,7,3,9902,16,3,1.615835,0.428571,0.437500
manistee_mi,round_whitefish,4,recent_2018_2022,4,4,0,3549,5,1,1.408848,0.250000,1
manistee_mi,round_whitefish,5,long_1997_2022,25,8,17,12085,26,3,2.151427,0.375000,0.538462
manistee_mi,round_whitefish,5,modern_2012_2022,10,7,3,10182,12,2,1.178550,0.285714,0.583333
manistee_mi,round_whitefish,5,recent_2018_2022,4,4,0,4930,0,0,0,0,
manistee_mi,round_whitefish,6,long_1997_2022,25,5,20,4619,0,0,0,0,
manistee_mi,round_whitefish,6,modern_2012_2022,10,5,5,4619,0,0,0,0,
manistee_mi,round_whitefish,6,recent_2018_2022,4,4,0,2715,0,0,0,0,
manistee_mi,round_whitefish,7,long_1997_2022,25,5,20,5055,0,0,0,0,
manistee_mi,round_whitefish,7,modern_2012_2022,10,5,5,5055,0,0,0,0,
manistee_mi,round_whitefish,7,recent_2018_2022,4,4,0,2670,0,0,0,0,
manistee_mi,round_whitefish,8,long_1997_2022,25,5,20,7747,0,0,0,0,
manistee_mi,round_whitefish,8,modern_2012_2022,10,5,5,7747,0,0,0,0,
manistee_mi,round_whitefish,8,recent_2018_2022,4,4,0,3751,0,0,0,0,
manistee_mi,round_whitefish,9,long_1997_2022,25,5,20,7844,0,0,0,0,
manistee_mi,round_whitefish,9,modern_2012_2022,10,5,5,7844,0,0,0,0,
manistee_mi,round_whitefish,9,recent_2018_2022,4,4,0,4418,0,0,0,0,
manistee_mi,round_whitefish,10,long_1997_2022,25,20,5,51075,7005,16,137.151248,0.800000,0.237402
manistee_mi,round_whitefish,10,modern_2012_2022,10,8,2,11494,286,4,24.882547,0.500000,0.496503
manistee_mi,round_whitefish,10,recent_2018_2022,4,4,0,3194,0,0,0,0,
manistee_mi,round_whitefish,11,long_1997_2022,0,0,0,0,0,0,,,
manistee_mi,round_whitefish,11,modern_2012_2022,0,0,0,0,0,0,,,
manistee_mi,round_whitefish,11,recent_2018_2022,0,0,0,0,0,0,,,
manistee_mi,round_whitefish,12,long_1997_2022,0,0,0,0,0,0,,,
manistee_mi,round_whitefish,12,modern_2012_2022,0,0,0,0,0,0,,,
manistee_mi,round_whitefish,12,recent_2018_2022,0,0,0,0,0,0,,,
manistee_mi,channel_catfish,1,long_1997_2022,0,0,0,0,0,0,,,
manistee_mi,channel_catfish,1,modern_2012_2022,0,0,0,0,0,0,,,
manistee_mi,channel_catfish,1,recent_2018_2022,0,0,0,0,0,0,,,
manistee_mi,channel_catfish,2,long_1997_2022,0,0,0,0,0,0,,,
manistee_mi,channel_catfish,2,modern_2012_2022,0,0,0,0,0,0,,,
manistee_mi,channel_catfish,2,recent_2018_2022,0,0,0,0,0,0,,,
manistee_mi,channel_catfish,3,long_1997_2022,0,0,0,0,0,0,,,
manistee_mi,channel_catfish,3,modern_2012_2022,0,0,0,0,0,0,,,
manistee_mi,channel_catfish,3,recent_2018_2022,0,0,0,0,0,0,,,
manistee_mi,channel_catfish,4,long_1997_2022,25,5,20,4075,0,0,0,0,
manistee_mi,channel_catfish,4,modern_2012_2022,10,5,5,4075,0,0,0,0,
manistee_mi,channel_catfish,4,recent_2018_2022,4,4,0,3549,0,0,0,0,
manistee_mi,channel_catfish,5,long_1997_2022,25,6,19,7792,22,1,2.823409,0.166667,1
manistee_mi,channel_catfish,5,modern_2012_2022,10,5,5,5728,0,0,0,0,
manistee_mi,channel_catfish,5,recent_2018_2022,4,4,0,4930,0,0,0,0,
manistee_mi,channel_catfish,6,long_1997_2022,25,5,20,4619,0,0,0,0,
manistee_mi,channel_catfish,6,modern_2012_2022,10,5,5,4619,0,0,0,0,
manistee_mi,channel_catfish,6,recent_2018_2022,4,4,0,2715,0,0,0,0,
manistee_mi,channel_catfish,7,long_1997_2022,25,5,20,5055,0,0,0,0,
manistee_mi,channel_catfish,7,modern_2012_2022,10,5,5,5055,0,0,0,0,
manistee_mi,channel_catfish,7,recent_2018_2022,4,4,0,2670,0,0,0,0,
manistee_mi,channel_catfish,8,long_1997_2022,25,5,20,7747,0,0,0,0,
manistee_mi,channel_catfish,8,modern_2012_2022,10,5,5,7747,0,0,0,0,
manistee_mi,channel_catfish,8,recent_2018_2022,4,4,0,3751,0,0,0,0,
manistee_mi,channel_catfish,9,long_1997_2022,25,5,20,7844,0,0,0,0,
manistee_mi,channel_catfish,9,modern_2012_2022,10,5,5,7844,0,0,0,0,
manistee_mi,channel_catfish,9,recent_2018_2022,4,4,0,4418,0,0,0,0,
manistee_mi,channel_catfish,10,long_1997_2022,25,5,20,4972,0,0,0,0,
manistee_mi,channel_catfish,10,modern_2012_2022,10,5,5,4972,0,0,0,0,
manistee_mi,channel_catfish,10,recent_2018_2022,4,4,0,3194,0,0,0,0,
manistee_mi,channel_catfish,11,long_1997_2022,0,0,0,0,0,0,,,
manistee_mi,channel_catfish,11,modern_2012_2022,0,0,0,0,0,0,,,
manistee_mi,channel_catfish,11,recent_2018_2022,0,0,0,0,0,0,,,
manistee_mi,channel_catfish,12,long_1997_2022,0,0,0,0,0,0,,,
manistee_mi,channel_catfish,12,modern_2012_2022,0,0,0,0,0,0,,,
manistee_mi,channel_catfish,12,recent_2018_2022,0,0,0,0,0,0,,,
manistee_mi,largemouth_bass,1,long_1997_2022,0,0,0,0,0,0,,,
manistee_mi,largemouth_bass,1,modern_2012_2022,0,0,0,0,0,0,,,
manistee_mi,largemouth_bass,1,recent_2018_2022,0,0,0,0,0,0,,,
manistee_mi,largemouth_bass,2,long_1997_2022,0,0,0,0,0,0,,,
manistee_mi,largemouth_bass,2,modern_2012_2022,0,0,0,0,0,0,,,
manistee_mi,largemouth_bass,2,recent_2018_2022,0,0,0,0,0,0,,,
manistee_mi,largemouth_bass,3,long_1997_2022,0,0,0,0,0,0,,,
manistee_mi,largemouth_bass,3,modern_2012_2022,0,0,0,0,0,0,,,
manistee_mi,largemouth_bass,3,recent_2018_2022,0,0,0,0,0,0,,,
manistee_mi,largemouth_bass,4,long_1997_2022,25,5,20,4075,0,0,0,0,
manistee_mi,largemouth_bass,4,modern_2012_2022,10,5,5,4075,0,0,0,0,
manistee_mi,largemouth_bass,4,recent_2018_2022,4,4,0,3549,0,0,0,0,
manistee_mi,largemouth_bass,5,long_1997_2022,25,7,18,9334,40,3,4.285408,0.428571,0.375000
manistee_mi,largemouth_bass,5,modern_2012_2022,10,6,4,8590,28,2,3.259604,0.333333,0.535714
manistee_mi,largemouth_bass,5,recent_2018_2022,4,4,0,4930,0,0,0,0,
manistee_mi,largemouth_bass,6,long_1997_2022,25,6,19,5186,4,1,0.771307,0.166667,1
manistee_mi,largemouth_bass,6,modern_2012_2022,10,5,5,4619,0,0,0,0,
manistee_mi,largemouth_bass,6,recent_2018_2022,4,4,0,2715,0,0,0,0,
manistee_mi,largemouth_bass,7,long_1997_2022,25,6,19,5613,165,3,29.396045,0.500000,0.484848
manistee_mi,largemouth_bass,7,modern_2012_2022,10,5,5,5055,117,2,23.145401,0.400000,0.683761
manistee_mi,largemouth_bass,7,recent_2018_2022,4,4,0,2670,80,1,29.962547,0.250000,1
manistee_mi,largemouth_bass,8,long_1997_2022,25,6,19,12320,13,1,1.055195,0.166667,1
manistee_mi,largemouth_bass,8,modern_2012_2022,10,5,5,7747,0,0,0,0,
manistee_mi,largemouth_bass,8,recent_2018_2022,4,4,0,3751,0,0,0,0,
manistee_mi,largemouth_bass,9,long_1997_2022,25,5,20,7844,0,0,0,0,
manistee_mi,largemouth_bass,9,modern_2012_2022,10,5,5,7844,0,0,0,0,
manistee_mi,largemouth_bass,9,recent_2018_2022,4,4,0,4418,0,0,0,0,
manistee_mi,largemouth_bass,10,long_1997_2022,25,5,20,4972,0,0,0,0,
manistee_mi,largemouth_bass,10,modern_2012_2022,10,5,5,4972,0,0,0,0,
manistee_mi,largemouth_bass,10,recent_2018_2022,4,4,0,3194,0,0,0,0,
manistee_mi,largemouth_bass,11,long_1997_2022,0,0,0,0,0,0,,,
manistee_mi,largemouth_bass,11,modern_2012_2022,0,0,0,0,0,0,,,
manistee_mi,largemouth_bass,11,recent_2018_2022,0,0,0,0,0,0,,,
manistee_mi,largemouth_bass,12,long_1997_2022,0,0,0,0,0,0,,,
manistee_mi,largemouth_bass,12,modern_2012_2022,0,0,0,0,0,0,,,
manistee_mi,largemouth_bass,12,recent_2018_2022,0,0,0,0,0,0,,,
frankfort_elberta_mi,chinook_salmon,1,long_1997_2022,0,0,0,0,0,0,,,
frankfort_elberta_mi,chinook_salmon,1,modern_2012_2022,0,0,0,0,0,0,,,
frankfort_elberta_mi,chinook_salmon,1,recent_2018_2022,0,0,0,0,0,0,,,
frankfort_elberta_mi,chinook_salmon,2,long_1997_2022,0,0,0,0,0,0,,,
frankfort_elberta_mi,chinook_salmon,2,modern_2012_2022,0,0,0,0,0,0,,,
frankfort_elberta_mi,chinook_salmon,2,recent_2018_2022,0,0,0,0,0,0,,,
frankfort_elberta_mi,chinook_salmon,3,long_1997_2022,0,0,0,0,0,0,,,
frankfort_elberta_mi,chinook_salmon,3,modern_2012_2022,0,0,0,0,0,0,,,
frankfort_elberta_mi,chinook_salmon,3,recent_2018_2022,0,0,0,0,0,0,,,
frankfort_elberta_mi,chinook_salmon,4,long_1997_2022,25,7,18,7876,20,2,2.539360,0.285714,0.900000
frankfort_elberta_mi,chinook_salmon,4,modern_2012_2022,10,6,4,4011,2,1,0.498629,0.166667,1
frankfort_elberta_mi,chinook_salmon,4,recent_2018_2022,4,4,0,3656,0,0,0,0,
frankfort_elberta_mi,chinook_salmon,5,long_1997_2022,22,7,15,3644,49,5,13.446762,0.714286,0.265306
frankfort_elberta_mi,chinook_salmon,5,modern_2012_2022,8,4,4,968,25,2,25.826446,0.500000,0.520000
frankfort_elberta_mi,chinook_salmon,5,recent_2018_2022,2,2,0,196,0,0,0,0,
frankfort_elberta_mi,chinook_salmon,6,long_1997_2022,23,7,16,6379,47,4,7.367926,0.571429,0.468085
frankfort_elberta_mi,chinook_salmon,6,modern_2012_2022,8,3,5,849,0,0,0,0,
frankfort_elberta_mi,chinook_salmon,6,recent_2018_2022,2,2,0,614,0,0,0,0,
frankfort_elberta_mi,chinook_salmon,7,long_1997_2022,25,12,13,9890,801,9,80.990900,0.750000,0.332085
frankfort_elberta_mi,chinook_salmon,7,modern_2012_2022,10,7,3,1517,68,4,44.825313,0.571429,0.558824
frankfort_elberta_mi,chinook_salmon,7,recent_2018_2022,4,4,0,695,53,2,76.258993,0.500000,0.716981
frankfort_elberta_mi,chinook_salmon,8,long_1997_2022,25,19,6,37103,5484,17,147.804760,0.894737,0.559810
frankfort_elberta_mi,chinook_salmon,8,modern_2012_2022,10,9,1,10917,754,7,69.066593,0.777778,0.428382
frankfort_elberta_mi,chinook_salmon,8,recent_2018_2022,4,4,0,2033,115,2,56.566650,0.500000,0.817391
frankfort_elberta_mi,chinook_salmon,9,long_1997_2022,25,24,1,54092,5128,23,94.801449,0.958333,0.192473
frankfort_elberta_mi,chinook_salmon,9,modern_2012_2022,10,9,1,13396,846,8,63.153180,0.888889,0.497636
frankfort_elberta_mi,chinook_salmon,9,recent_2018_2022,4,4,0,3014,102,3,33.842070,0.750000,0.411765
frankfort_elberta_mi,chinook_salmon,10,long_1997_2022,25,12,13,29603,223,8,7.533020,0.666667,0.251121
frankfort_elberta_mi,chinook_salmon,10,modern_2012_2022,10,5,5,9357,23,1,2.458053,0.200000,1
frankfort_elberta_mi,chinook_salmon,10,recent_2018_2022,4,4,0,7651,23,1,3.006143,0.250000,1
frankfort_elberta_mi,chinook_salmon,11,long_1997_2022,0,0,0,0,0,0,,,
frankfort_elberta_mi,chinook_salmon,11,modern_2012_2022,0,0,0,0,0,0,,,
frankfort_elberta_mi,chinook_salmon,11,recent_2018_2022,0,0,0,0,0,0,,,
frankfort_elberta_mi,chinook_salmon,12,long_1997_2022,0,0,0,0,0,0,,,
frankfort_elberta_mi,chinook_salmon,12,modern_2012_2022,0,0,0,0,0,0,,,
frankfort_elberta_mi,chinook_salmon,12,recent_2018_2022,0,0,0,0,0,0,,,
frankfort_elberta_mi,coho_salmon,1,long_1997_2022,0,0,0,0,0,0,,,
frankfort_elberta_mi,coho_salmon,1,modern_2012_2022,0,0,0,0,0,0,,,
frankfort_elberta_mi,coho_salmon,1,recent_2018_2022,0,0,0,0,0,0,,,
frankfort_elberta_mi,coho_salmon,2,long_1997_2022,0,0,0,0,0,0,,,
frankfort_elberta_mi,coho_salmon,2,modern_2012_2022,0,0,0,0,0,0,,,
frankfort_elberta_mi,coho_salmon,2,recent_2018_2022,0,0,0,0,0,0,,,
frankfort_elberta_mi,coho_salmon,3,long_1997_2022,0,0,0,0,0,0,,,
frankfort_elberta_mi,coho_salmon,3,modern_2012_2022,0,0,0,0,0,0,,,
frankfort_elberta_mi,coho_salmon,3,recent_2018_2022,0,0,0,0,0,0,,,
frankfort_elberta_mi,coho_salmon,4,long_1997_2022,25,7,18,12262,34,3,2.772794,0.428571,0.735294
frankfort_elberta_mi,coho_salmon,4,modern_2012_2022,10,5,5,3681,5,1,1.358327,0.200000,1
frankfort_elberta_mi,coho_salmon,4,recent_2018_2022,4,4,0,3656,5,1,1.367615,0.250000,1
frankfort_elberta_mi,coho_salmon,5,long_1997_2022,22,3,19,289,0,0,0,0,
frankfort_elberta_mi,coho_salmon,5,modern_2012_2022,8,3,5,289,0,0,0,0,
frankfort_elberta_mi,coho_salmon,5,recent_2018_2022,2,2,0,196,0,0,0,0,
frankfort_elberta_mi,coho_salmon,6,long_1997_2022,23,4,19,3292,7,1,2.126367,0.250000,1
frankfort_elberta_mi,coho_salmon,6,modern_2012_2022,8,3,5,849,0,0,0,0,
frankfort_elberta_mi,coho_salmon,6,recent_2018_2022,2,2,0,614,0,0,0,0,
frankfort_elberta_mi,coho_salmon,7,long_1997_2022,25,6,19,2805,27,1,9.625668,0.166667,1
frankfort_elberta_mi,coho_salmon,7,modern_2012_2022,10,5,5,946,0,0,0,0,
frankfort_elberta_mi,coho_salmon,7,recent_2018_2022,4,4,0,695,0,0,0,0,
frankfort_elberta_mi,coho_salmon,8,long_1997_2022,25,13,12,24395,624,11,25.579012,0.846154,0.258013
frankfort_elberta_mi,coho_salmon,8,modern_2012_2022,10,7,3,9421,283,5,30.039274,0.714286,0.480565
frankfort_elberta_mi,coho_salmon,8,recent_2018_2022,4,4,0,2033,71,2,34.923758,0.500000,0.774648
frankfort_elberta_mi,coho_salmon,9,long_1997_2022,25,20,5,41467,1968,19,47.459426,0.950000,0.145833
frankfort_elberta_mi,coho_salmon,9,modern_2012_2022,10,10,0,14578,784,9,53.779668,0.900000,0.366071
frankfort_elberta_mi,coho_salmon,9,recent_2018_2022,4,4,0,3014,242,3,80.291971,0.750000,0.842975
frankfort_elberta_mi,coho_salmon,10,long_1997_2022,25,18,7,51062,517,18,10.124946,1,0.148936
frankfort_elberta_mi,coho_salmon,10,modern_2012_2022,10,8,2,14306,264,8,18.453796,1,0.196970
frankfort_elberta_mi,coho_salmon,10,recent_2018_2022,4,4,0,7651,148,4,19.343877,1,0.351351
frankfort_elberta_mi,coho_salmon,11,long_1997_2022,0,0,0,0,0,0,,,
frankfort_elberta_mi,coho_salmon,11,modern_2012_2022,0,0,0,0,0,0,,,
frankfort_elberta_mi,coho_salmon,11,recent_2018_2022,0,0,0,0,0,0,,,
frankfort_elberta_mi,coho_salmon,12,long_1997_2022,0,0,0,0,0,0,,,
frankfort_elberta_mi,coho_salmon,12,modern_2012_2022,0,0,0,0,0,0,,,
frankfort_elberta_mi,coho_salmon,12,recent_2018_2022,0,0,0,0,0,0,,,
frankfort_elberta_mi,steelhead,1,long_1997_2022,0,0,0,0,0,0,,,
frankfort_elberta_mi,steelhead,1,modern_2012_2022,0,0,0,0,0,0,,,
frankfort_elberta_mi,steelhead,1,recent_2018_2022,0,0,0,0,0,0,,,
frankfort_elberta_mi,steelhead,2,long_1997_2022,0,0,0,0,0,0,,,
frankfort_elberta_mi,steelhead,2,modern_2012_2022,0,0,0,0,0,0,,,
frankfort_elberta_mi,steelhead,2,recent_2018_2022,0,0,0,0,0,0,,,
frankfort_elberta_mi,steelhead,3,long_1997_2022,0,0,0,0,0,0,,,
frankfort_elberta_mi,steelhead,3,modern_2012_2022,0,0,0,0,0,0,,,
frankfort_elberta_mi,steelhead,3,recent_2018_2022,0,0,0,0,0,0,,,
frankfort_elberta_mi,steelhead,4,long_1997_2022,25,20,5,37337,840,19,22.497790,0.950000,0.232143
frankfort_elberta_mi,steelhead,4,modern_2012_2022,10,9,1,6874,193,8,28.076811,0.888889,0.554404
frankfort_elberta_mi,steelhead,4,recent_2018_2022,4,4,0,3656,42,3,11.487965,0.750000,0.571429
frankfort_elberta_mi,steelhead,5,long_1997_2022,22,13,9,9746,224,10,22.983788,0.769231,0.214286
frankfort_elberta_mi,steelhead,5,modern_2012_2022,8,6,2,1415,34,3,24.028269,0.500000,0.441176
frankfort_elberta_mi,steelhead,5,recent_2018_2022,2,2,0,196,0,0,0,0,
frankfort_elberta_mi,steelhead,6,long_1997_2022,23,10,13,10657,398,7,37.346345,0.700000,0.266332
frankfort_elberta_mi,steelhead,6,modern_2012_2022,8,4,4,2195,45,1,20.501139,0.250000,1
frankfort_elberta_mi,steelhead,6,recent_2018_2022,2,2,0,614,0,0,0,0,
frankfort_elberta_mi,steelhead,7,long_1997_2022,25,12,13,11326,337,9,29.754547,0.750000,0.258160
frankfort_elberta_mi,steelhead,7,modern_2012_2022,10,7,3,1559,87,4,55.805003,0.571429,0.701149
frankfort_elberta_mi,steelhead,7,recent_2018_2022,4,4,0,695,22,2,31.654676,0.500000,0.681818
frankfort_elberta_mi,steelhead,8,long_1997_2022,25,7,18,11942,98,3,8.206331,0.428571,0.479592
frankfort_elberta_mi,steelhead,8,modern_2012_2022,10,5,5,4734,29,1,6.125898,0.200000,1
frankfort_elberta_mi,steelhead,8,recent_2018_2022,4,4,0,2033,29,1,14.264634,0.250000,1
frankfort_elberta_mi,steelhead,9,long_1997_2022,25,11,14,18851,782,8,41.483210,0.727273,0.855499
frankfort_elberta_mi,steelhead,9,modern_2012_2022,10,6,4,6136,42,3,6.844850,0.500000,0.500000
frankfort_elberta_mi,steelhead,9,recent_2018_2022,4,4,0,3014,5,1,1.658925,0.250000,1
frankfort_elberta_mi,steelhead,10,long_1997_2022,25,25,0,70236,6180,25,87.989065,1,0.128803
frankfort_elberta_mi,steelhead,10,modern_2012_2022,10,10,0,17262,1592,10,92.225698,1,0.184673
frankfort_elberta_mi,steelhead,10,recent_2018_2022,4,4,0,7651,677,4,88.485165,1,0.434269
frankfort_elberta_mi,steelhead,11,long_1997_2022,0,0,0,0,0,0,,,
frankfort_elberta_mi,steelhead,11,modern_2012_2022,0,0,0,0,0,0,,,
frankfort_elberta_mi,steelhead,11,recent_2018_2022,0,0,0,0,0,0,,,
frankfort_elberta_mi,steelhead,12,long_1997_2022,0,0,0,0,0,0,,,
frankfort_elberta_mi,steelhead,12,modern_2012_2022,0,0,0,0,0,0,,,
frankfort_elberta_mi,steelhead,12,recent_2018_2022,0,0,0,0,0,0,,,
frankfort_elberta_mi,brown_trout,1,long_1997_2022,0,0,0,0,0,0,,,
frankfort_elberta_mi,brown_trout,1,modern_2012_2022,0,0,0,0,0,0,,,
frankfort_elberta_mi,brown_trout,1,recent_2018_2022,0,0,0,0,0,0,,,
frankfort_elberta_mi,brown_trout,2,long_1997_2022,0,0,0,0,0,0,,,
frankfort_elberta_mi,brown_trout,2,modern_2012_2022,0,0,0,0,0,0,,,
frankfort_elberta_mi,brown_trout,2,recent_2018_2022,0,0,0,0,0,0,,,
frankfort_elberta_mi,brown_trout,3,long_1997_2022,0,0,0,0,0,0,,,
frankfort_elberta_mi,brown_trout,3,modern_2012_2022,0,0,0,0,0,0,,,
frankfort_elberta_mi,brown_trout,3,recent_2018_2022,0,0,0,0,0,0,,,
frankfort_elberta_mi,brown_trout,4,long_1997_2022,25,23,2,43002,2832,20,65.857402,0.869565,0.182203
frankfort_elberta_mi,brown_trout,4,modern_2012_2022,10,9,1,6968,227,6,32.577497,0.666667,0.480176
frankfort_elberta_mi,brown_trout,4,recent_2018_2022,4,4,0,3656,66,2,18.052516,0.500000,0.909091
frankfort_elberta_mi,brown_trout,5,long_1997_2022,22,16,6,12720,1365,14,107.311321,0.875000,0.296703
frankfort_elberta_mi,brown_trout,5,modern_2012_2022,8,5,3,1204,77,3,63.953488,0.600000,0.558442
frankfort_elberta_mi,brown_trout,5,recent_2018_2022,2,2,0,196,0,0,0,0,
frankfort_elberta_mi,brown_trout,6,long_1997_2022,23,15,8,17068,1935,12,113.370049,0.800000,0.327132
frankfort_elberta_mi,brown_trout,6,modern_2012_2022,8,5,3,2727,63,2,23.102310,0.400000,0.634921
frankfort_elberta_mi,brown_trout,6,recent_2018_2022,2,2,0,614,0,0,0,0,
frankfort_elberta_mi,brown_trout,7,long_1997_2022,25,12,13,9465,510,7,53.882726,0.583333,0.421569
frankfort_elberta_mi,brown_trout,7,modern_2012_2022,10,7,3,1477,18,2,12.186865,0.285714,0.777778
frankfort_elberta_mi,brown_trout,7,recent_2018_2022,4,4,0,695,0,0,0,0,
frankfort_elberta_mi,brown_trout,8,long_1997_2022,25,14,11,25364,521,9,20.540924,0.642857,0.374280
frankfort_elberta_mi,brown_trout,8,modern_2012_2022,10,8,2,10793,26,3,2.408969,0.375000,0.538462
frankfort_elberta_mi,brown_trout,8,recent_2018_2022,4,4,0,2033,0,0,0,0,
frankfort_elberta_mi,brown_trout,9,long_1997_2022,25,9,16,17237,309,5,17.926553,0.555556,0.398058
frankfort_elberta_mi,brown_trout,9,modern_2012_2022,10,6,4,8206,131,2,15.963929,0.333333,0.938931
frankfort_elberta_mi,brown_trout,9,recent_2018_2022,4,4,0,3014,0,0,0,0,
frankfort_elberta_mi,brown_trout,10,long_1997_2022,25,10,15,29310,148,5,5.049471,0.500000,0.614865
frankfort_elberta_mi,brown_trout,10,modern_2012_2022,10,5,5,9357,0,0,0,0,
frankfort_elberta_mi,brown_trout,10,recent_2018_2022,4,4,0,7651,0,0,0,0,
frankfort_elberta_mi,brown_trout,11,long_1997_2022,0,0,0,0,0,0,,,
frankfort_elberta_mi,brown_trout,11,modern_2012_2022,0,0,0,0,0,0,,,
frankfort_elberta_mi,brown_trout,11,recent_2018_2022,0,0,0,0,0,0,,,
frankfort_elberta_mi,brown_trout,12,long_1997_2022,0,0,0,0,0,0,,,
frankfort_elberta_mi,brown_trout,12,modern_2012_2022,0,0,0,0,0,0,,,
frankfort_elberta_mi,brown_trout,12,recent_2018_2022,0,0,0,0,0,0,,,
frankfort_elberta_mi,lake_trout,1,long_1997_2022,0,0,0,0,0,0,,,
frankfort_elberta_mi,lake_trout,1,modern_2012_2022,0,0,0,0,0,0,,,
frankfort_elberta_mi,lake_trout,1,recent_2018_2022,0,0,0,0,0,0,,,
frankfort_elberta_mi,lake_trout,2,long_1997_2022,0,0,0,0,0,0,,,
frankfort_elberta_mi,lake_trout,2,modern_2012_2022,0,0,0,0,0,0,,,
frankfort_elberta_mi,lake_trout,2,recent_2018_2022,0,0,0,0,0,0,,,
frankfort_elberta_mi,lake_trout,3,long_1997_2022,0,0,0,0,0,0,,,
frankfort_elberta_mi,lake_trout,3,modern_2012_2022,0,0,0,0,0,0,,,
frankfort_elberta_mi,lake_trout,3,recent_2018_2022,0,0,0,0,0,0,,,
frankfort_elberta_mi,lake_trout,4,long_1997_2022,25,3,22,2845,15,1,5.272408,0.333333,1
frankfort_elberta_mi,lake_trout,4,modern_2012_2022,10,3,7,2845,15,1,5.272408,0.333333,1
frankfort_elberta_mi,lake_trout,4,recent_2018_2022,4,2,2,2820,15,1,5.319149,0.500000,1
frankfort_elberta_mi,lake_trout,5,long_1997_2022,22,2,20,129,0,0,0,0,
frankfort_elberta_mi,lake_trout,5,modern_2012_2022,8,2,6,129,0,0,0,0,
frankfort_elberta_mi,lake_trout,5,recent_2018_2022,2,1,1,36,0,0,0,0,
frankfort_elberta_mi,lake_trout,6,long_1997_2022,23,2,21,829,0,0,0,0,
frankfort_elberta_mi,lake_trout,6,modern_2012_2022,8,2,6,829,0,0,0,0,
frankfort_elberta_mi,lake_trout,6,recent_2018_2022,2,1,1,594,0,0,0,0,
frankfort_elberta_mi,lake_trout,7,long_1997_2022,25,3,22,559,0,0,0,0,
frankfort_elberta_mi,lake_trout,7,modern_2012_2022,10,3,7,559,0,0,0,0,
frankfort_elberta_mi,lake_trout,7,recent_2018_2022,4,2,2,308,0,0,0,0,
frankfort_elberta_mi,lake_trout,8,long_1997_2022,25,3,22,3370,0,0,0,0,
frankfort_elberta_mi,lake_trout,8,modern_2012_2022,10,3,7,3370,0,0,0,0,
frankfort_elberta_mi,lake_trout,8,recent_2018_2022,4,2,2,669,0,0,0,0,
frankfort_elberta_mi,lake_trout,9,long_1997_2022,25,3,22,3154,0,0,0,0,
frankfort_elberta_mi,lake_trout,9,modern_2012_2022,10,3,7,3154,0,0,0,0,
frankfort_elberta_mi,lake_trout,9,recent_2018_2022,4,2,2,950,0,0,0,0,
frankfort_elberta_mi,lake_trout,10,long_1997_2022,25,3,22,4629,49,2,10.585440,0.666667,0.775510
frankfort_elberta_mi,lake_trout,10,modern_2012_2022,10,3,7,4629,49,2,10.585440,0.666667,0.775510
frankfort_elberta_mi,lake_trout,10,recent_2018_2022,4,2,2,2923,38,1,13.000342,0.500000,1
frankfort_elberta_mi,lake_trout,11,long_1997_2022,0,0,0,0,0,0,,,
frankfort_elberta_mi,lake_trout,11,modern_2012_2022,0,0,0,0,0,0,,,
frankfort_elberta_mi,lake_trout,11,recent_2018_2022,0,0,0,0,0,0,,,
frankfort_elberta_mi,lake_trout,12,long_1997_2022,0,0,0,0,0,0,,,
frankfort_elberta_mi,lake_trout,12,modern_2012_2022,0,0,0,0,0,0,,,
frankfort_elberta_mi,lake_trout,12,recent_2018_2022,0,0,0,0,0,0,,,
frankfort_elberta_mi,walleye,1,long_1997_2022,0,0,0,0,0,0,,,
frankfort_elberta_mi,walleye,1,modern_2012_2022,0,0,0,0,0,0,,,
frankfort_elberta_mi,walleye,1,recent_2018_2022,0,0,0,0,0,0,,,
frankfort_elberta_mi,walleye,2,long_1997_2022,0,0,0,0,0,0,,,
frankfort_elberta_mi,walleye,2,modern_2012_2022,0,0,0,0,0,0,,,
frankfort_elberta_mi,walleye,2,recent_2018_2022,0,0,0,0,0,0,,,
frankfort_elberta_mi,walleye,3,long_1997_2022,0,0,0,0,0,0,,,
frankfort_elberta_mi,walleye,3,modern_2012_2022,0,0,0,0,0,0,,,
frankfort_elberta_mi,walleye,3,recent_2018_2022,0,0,0,0,0,0,,,
frankfort_elberta_mi,walleye,4,long_1997_2022,25,5,20,3681,0,0,0,0,
frankfort_elberta_mi,walleye,4,modern_2012_2022,10,5,5,3681,0,0,0,0,
frankfort_elberta_mi,walleye,4,recent_2018_2022,4,4,0,3656,0,0,0,0,
frankfort_elberta_mi,walleye,5,long_1997_2022,22,3,19,289,0,0,0,0,
frankfort_elberta_mi,walleye,5,modern_2012_2022,8,3,5,289,0,0,0,0,
frankfort_elberta_mi,walleye,5,recent_2018_2022,2,2,0,196,0,0,0,0,
frankfort_elberta_mi,walleye,6,long_1997_2022,23,3,20,849,0,0,0,0,
frankfort_elberta_mi,walleye,6,modern_2012_2022,8,3,5,849,0,0,0,0,
frankfort_elberta_mi,walleye,6,recent_2018_2022,2,2,0,614,0,0,0,0,
frankfort_elberta_mi,walleye,7,long_1997_2022,25,6,19,1278,4,1,3.129890,0.166667,1
frankfort_elberta_mi,walleye,7,modern_2012_2022,10,6,4,1278,4,1,3.129890,0.166667,1
frankfort_elberta_mi,walleye,7,recent_2018_2022,4,4,0,695,0,0,0,0,
frankfort_elberta_mi,walleye,8,long_1997_2022,25,5,20,4734,0,0,0,0,
frankfort_elberta_mi,walleye,8,modern_2012_2022,10,5,5,4734,0,0,0,0,
frankfort_elberta_mi,walleye,8,recent_2018_2022,4,4,0,2033,0,0,0,0,
frankfort_elberta_mi,walleye,9,long_1997_2022,25,6,19,7930,28,1,3.530895,0.166667,1
frankfort_elberta_mi,walleye,9,modern_2012_2022,10,6,4,7930,28,1,3.530895,0.166667,1
frankfort_elberta_mi,walleye,9,recent_2018_2022,4,4,0,3014,0,0,0,0,
frankfort_elberta_mi,walleye,10,long_1997_2022,25,5,20,9357,0,0,0,0,
frankfort_elberta_mi,walleye,10,modern_2012_2022,10,5,5,9357,0,0,0,0,
frankfort_elberta_mi,walleye,10,recent_2018_2022,4,4,0,7651,0,0,0,0,
frankfort_elberta_mi,walleye,11,long_1997_2022,0,0,0,0,0,0,,,
frankfort_elberta_mi,walleye,11,modern_2012_2022,0,0,0,0,0,0,,,
frankfort_elberta_mi,walleye,11,recent_2018_2022,0,0,0,0,0,0,,,
frankfort_elberta_mi,walleye,12,long_1997_2022,0,0,0,0,0,0,,,
frankfort_elberta_mi,walleye,12,modern_2012_2022,0,0,0,0,0,0,,,
frankfort_elberta_mi,walleye,12,recent_2018_2022,0,0,0,0,0,0,,,
frankfort_elberta_mi,smallmouth_bass,1,long_1997_2022,0,0,0,0,0,0,,,
frankfort_elberta_mi,smallmouth_bass,1,modern_2012_2022,0,0,0,0,0,0,,,
frankfort_elberta_mi,smallmouth_bass,1,recent_2018_2022,0,0,0,0,0,0,,,
frankfort_elberta_mi,smallmouth_bass,2,long_1997_2022,0,0,0,0,0,0,,,
frankfort_elberta_mi,smallmouth_bass,2,modern_2012_2022,0,0,0,0,0,0,,,
frankfort_elberta_mi,smallmouth_bass,2,recent_2018_2022,0,0,0,0,0,0,,,
frankfort_elberta_mi,smallmouth_bass,3,long_1997_2022,0,0,0,0,0,0,,,
frankfort_elberta_mi,smallmouth_bass,3,modern_2012_2022,0,0,0,0,0,0,,,
frankfort_elberta_mi,smallmouth_bass,3,recent_2018_2022,0,0,0,0,0,0,,,
frankfort_elberta_mi,smallmouth_bass,4,long_1997_2022,25,7,18,6259,25,2,3.994248,0.285714,0.760000
frankfort_elberta_mi,smallmouth_bass,4,modern_2012_2022,10,5,5,3681,0,0,0,0,
frankfort_elberta_mi,smallmouth_bass,4,recent_2018_2022,4,4,0,3656,0,0,0,0,
frankfort_elberta_mi,smallmouth_bass,5,long_1997_2022,22,3,19,289,0,0,0,0,
frankfort_elberta_mi,smallmouth_bass,5,modern_2012_2022,8,3,5,289,0,0,0,0,
frankfort_elberta_mi,smallmouth_bass,5,recent_2018_2022,2,2,0,196,0,0,0,0,
frankfort_elberta_mi,smallmouth_bass,6,long_1997_2022,23,5,18,3238,83,2,25.633107,0.400000,0.674699
frankfort_elberta_mi,smallmouth_bass,6,modern_2012_2022,8,3,5,849,0,0,0,0,
frankfort_elberta_mi,smallmouth_bass,6,recent_2018_2022,2,2,0,614,0,0,0,0,
frankfort_elberta_mi,smallmouth_bass,7,long_1997_2022,25,6,19,2890,27,1,9.342561,0.166667,1
frankfort_elberta_mi,smallmouth_bass,7,modern_2012_2022,10,5,5,946,0,0,0,0,
frankfort_elberta_mi,smallmouth_bass,7,recent_2018_2022,4,4,0,695,0,0,0,0,
frankfort_elberta_mi,smallmouth_bass,8,long_1997_2022,25,7,18,9355,99,3,10.582576,0.428571,0.646465
frankfort_elberta_mi,smallmouth_bass,8,modern_2012_2022,10,6,4,7258,79,2,10.884541,0.333333,0.810127
frankfort_elberta_mi,smallmouth_bass,8,recent_2018_2022,4,4,0,2033,15,1,7.378259,0.250000,1
frankfort_elberta_mi,smallmouth_bass,9,long_1997_2022,25,6,19,9265,98,1,10.577442,0.166667,1
frankfort_elberta_mi,smallmouth_bass,9,modern_2012_2022,10,5,5,5218,0,0,0,0,
frankfort_elberta_mi,smallmouth_bass,9,recent_2018_2022,4,4,0,3014,0,0,0,0,
frankfort_elberta_mi,smallmouth_bass,10,long_1997_2022,25,6,19,11615,55,2,4.735256,0.333333,0.581818
frankfort_elberta_mi,smallmouth_bass,10,modern_2012_2022,10,5,5,9357,32,1,3.419900,0.200000,1
frankfort_elberta_mi,smallmouth_bass,10,recent_2018_2022,4,4,0,7651,32,1,4.182460,0.250000,1
frankfort_elberta_mi,smallmouth_bass,11,long_1997_2022,0,0,0,0,0,0,,,
frankfort_elberta_mi,smallmouth_bass,11,modern_2012_2022,0,0,0,0,0,0,,,
frankfort_elberta_mi,smallmouth_bass,11,recent_2018_2022,0,0,0,0,0,0,,,
frankfort_elberta_mi,smallmouth_bass,12,long_1997_2022,0,0,0,0,0,0,,,
frankfort_elberta_mi,smallmouth_bass,12,modern_2012_2022,0,0,0,0,0,0,,,
frankfort_elberta_mi,smallmouth_bass,12,recent_2018_2022,0,0,0,0,0,0,,,
frankfort_elberta_mi,freshwater_drum,1,long_1997_2022,0,0,0,0,0,0,,,
frankfort_elberta_mi,freshwater_drum,1,modern_2012_2022,0,0,0,0,0,0,,,
frankfort_elberta_mi,freshwater_drum,1,recent_2018_2022,0,0,0,0,0,0,,,
frankfort_elberta_mi,freshwater_drum,2,long_1997_2022,0,0,0,0,0,0,,,
frankfort_elberta_mi,freshwater_drum,2,modern_2012_2022,0,0,0,0,0,0,,,
frankfort_elberta_mi,freshwater_drum,2,recent_2018_2022,0,0,0,0,0,0,,,
frankfort_elberta_mi,freshwater_drum,3,long_1997_2022,0,0,0,0,0,0,,,
frankfort_elberta_mi,freshwater_drum,3,modern_2012_2022,0,0,0,0,0,0,,,
frankfort_elberta_mi,freshwater_drum,3,recent_2018_2022,0,0,0,0,0,0,,,
frankfort_elberta_mi,freshwater_drum,4,long_1997_2022,25,5,20,3681,0,0,0,0,
frankfort_elberta_mi,freshwater_drum,4,modern_2012_2022,10,5,5,3681,0,0,0,0,
frankfort_elberta_mi,freshwater_drum,4,recent_2018_2022,4,4,0,3656,0,0,0,0,
frankfort_elberta_mi,freshwater_drum,5,long_1997_2022,22,4,18,804,11,1,13.681592,0.250000,1
frankfort_elberta_mi,freshwater_drum,5,modern_2012_2022,8,4,4,804,11,1,13.681592,0.250000,1
frankfort_elberta_mi,freshwater_drum,5,recent_2018_2022,2,2,0,196,0,0,0,0,
frankfort_elberta_mi,freshwater_drum,6,long_1997_2022,23,5,18,2760,39,2,14.130435,0.400000,0.820513
frankfort_elberta_mi,freshwater_drum,6,modern_2012_2022,8,3,5,849,0,0,0,0,
frankfort_elberta_mi,freshwater_drum,6,recent_2018_2022,2,2,0,614,0,0,0,0,
frankfort_elberta_mi,freshwater_drum,7,long_1997_2022,25,6,19,1145,15,2,13.100437,0.333333,0.733333
frankfort_elberta_mi,freshwater_drum,7,modern_2012_2022,10,6,4,1145,15,2,13.100437,0.333333,0.733333
frankfort_elberta_mi,freshwater_drum,7,recent_2018_2022,4,4,0,695,11,1,15.827338,0.250000,1
frankfort_elberta_mi,freshwater_drum,8,long_1997_2022,25,7,18,8631,77,2,8.921330,0.285714,0.558442
frankfort_elberta_mi,freshwater_drum,8,modern_2012_2022,10,6,4,6106,43,1,7.042254,0.166667,1
frankfort_elberta_mi,freshwater_drum,8,recent_2018_2022,4,4,0,2033,0,0,0,0,
frankfort_elberta_mi,freshwater_drum,9,long_1997_2022,25,5,20,5218,0,0,0,0,
frankfort_elberta_mi,freshwater_drum,9,modern_2012_2022,10,5,5,5218,0,0,0,0,
frankfort_elberta_mi,freshwater_drum,9,recent_2018_2022,4,4,0,3014,0,0,0,0,
frankfort_elberta_mi,freshwater_drum,10,long_1997_2022,25,5,20,9357,0,0,0,0,
frankfort_elberta_mi,freshwater_drum,10,modern_2012_2022,10,5,5,9357,0,0,0,0,
frankfort_elberta_mi,freshwater_drum,10,recent_2018_2022,4,4,0,7651,0,0,0,0,
frankfort_elberta_mi,freshwater_drum,11,long_1997_2022,0,0,0,0,0,0,,,
frankfort_elberta_mi,freshwater_drum,11,modern_2012_2022,0,0,0,0,0,0,,,
frankfort_elberta_mi,freshwater_drum,11,recent_2018_2022,0,0,0,0,0,0,,,
frankfort_elberta_mi,freshwater_drum,12,long_1997_2022,0,0,0,0,0,0,,,
frankfort_elberta_mi,freshwater_drum,12,modern_2012_2022,0,0,0,0,0,0,,,
frankfort_elberta_mi,freshwater_drum,12,recent_2018_2022,0,0,0,0,0,0,,,
frankfort_elberta_mi,yellow_perch,1,long_1997_2022,0,0,0,0,0,0,,,
frankfort_elberta_mi,yellow_perch,1,modern_2012_2022,0,0,0,0,0,0,,,
frankfort_elberta_mi,yellow_perch,1,recent_2018_2022,0,0,0,0,0,0,,,
frankfort_elberta_mi,yellow_perch,2,long_1997_2022,0,0,0,0,0,0,,,
frankfort_elberta_mi,yellow_perch,2,modern_2012_2022,0,0,0,0,0,0,,,
frankfort_elberta_mi,yellow_perch,2,recent_2018_2022,0,0,0,0,0,0,,,
frankfort_elberta_mi,yellow_perch,3,long_1997_2022,0,0,0,0,0,0,,,
frankfort_elberta_mi,yellow_perch,3,modern_2012_2022,0,0,0,0,0,0,,,
frankfort_elberta_mi,yellow_perch,3,recent_2018_2022,0,0,0,0,0,0,,,
frankfort_elberta_mi,yellow_perch,4,long_1997_2022,25,5,20,3681,0,0,0,0,
frankfort_elberta_mi,yellow_perch,4,modern_2012_2022,10,5,5,3681,0,0,0,0,
frankfort_elberta_mi,yellow_perch,4,recent_2018_2022,4,4,0,3656,0,0,0,0,
frankfort_elberta_mi,yellow_perch,5,long_1997_2022,22,4,18,1584,56,1,35.353535,0.250000,1
frankfort_elberta_mi,yellow_perch,5,modern_2012_2022,8,3,5,289,0,0,0,0,
frankfort_elberta_mi,yellow_perch,5,recent_2018_2022,2,2,0,196,0,0,0,0,
frankfort_elberta_mi,yellow_perch,6,long_1997_2022,23,3,20,849,0,0,0,0,
frankfort_elberta_mi,yellow_perch,6,modern_2012_2022,8,3,5,849,0,0,0,0,
frankfort_elberta_mi,yellow_perch,6,recent_2018_2022,2,2,0,614,0,0,0,0,
frankfort_elberta_mi,yellow_perch,7,long_1997_2022,25,5,20,946,0,0,0,0,
frankfort_elberta_mi,yellow_perch,7,modern_2012_2022,10,5,5,946,0,0,0,0,
frankfort_elberta_mi,yellow_perch,7,recent_2018_2022,4,4,0,695,0,0,0,0,
frankfort_elberta_mi,yellow_perch,8,long_1997_2022,25,5,20,4734,0,0,0,0,
frankfort_elberta_mi,yellow_perch,8,modern_2012_2022,10,5,5,4734,0,0,0,0,
frankfort_elberta_mi,yellow_perch,8,recent_2018_2022,4,4,0,2033,0,0,0,0,
frankfort_elberta_mi,yellow_perch,9,long_1997_2022,25,5,20,5218,0,0,0,0,
frankfort_elberta_mi,yellow_perch,9,modern_2012_2022,10,5,5,5218,0,0,0,0,
frankfort_elberta_mi,yellow_perch,9,recent_2018_2022,4,4,0,3014,0,0,0,0,
frankfort_elberta_mi,yellow_perch,10,long_1997_2022,25,5,20,9357,0,0,0,0,
frankfort_elberta_mi,yellow_perch,10,modern_2012_2022,10,5,5,9357,0,0,0,0,
frankfort_elberta_mi,yellow_perch,10,recent_2018_2022,4,4,0,7651,0,0,0,0,
frankfort_elberta_mi,yellow_perch,11,long_1997_2022,0,0,0,0,0,0,,,
frankfort_elberta_mi,yellow_perch,11,modern_2012_2022,0,0,0,0,0,0,,,
frankfort_elberta_mi,yellow_perch,11,recent_2018_2022,0,0,0,0,0,0,,,
frankfort_elberta_mi,yellow_perch,12,long_1997_2022,0,0,0,0,0,0,,,
frankfort_elberta_mi,yellow_perch,12,modern_2012_2022,0,0,0,0,0,0,,,
frankfort_elberta_mi,yellow_perch,12,recent_2018_2022,0,0,0,0,0,0,,,
frankfort_elberta_mi,lake_whitefish,1,long_1997_2022,0,0,0,0,0,0,,,
frankfort_elberta_mi,lake_whitefish,1,modern_2012_2022,0,0,0,0,0,0,,,
frankfort_elberta_mi,lake_whitefish,1,recent_2018_2022,0,0,0,0,0,0,,,
frankfort_elberta_mi,lake_whitefish,2,long_1997_2022,0,0,0,0,0,0,,,
frankfort_elberta_mi,lake_whitefish,2,modern_2012_2022,0,0,0,0,0,0,,,
frankfort_elberta_mi,lake_whitefish,2,recent_2018_2022,0,0,0,0,0,0,,,
frankfort_elberta_mi,lake_whitefish,3,long_1997_2022,0,0,0,0,0,0,,,
frankfort_elberta_mi,lake_whitefish,3,modern_2012_2022,0,0,0,0,0,0,,,
frankfort_elberta_mi,lake_whitefish,3,recent_2018_2022,0,0,0,0,0,0,,,
frankfort_elberta_mi,lake_whitefish,4,long_1997_2022,25,5,20,3681,0,0,0,0,
frankfort_elberta_mi,lake_whitefish,4,modern_2012_2022,10,5,5,3681,0,0,0,0,
frankfort_elberta_mi,lake_whitefish,4,recent_2018_2022,4,4,0,3656,0,0,0,0,
frankfort_elberta_mi,lake_whitefish,5,long_1997_2022,22,3,19,289,2,1,6.920415,0.333333,1
frankfort_elberta_mi,lake_whitefish,5,modern_2012_2022,8,3,5,289,2,1,6.920415,0.333333,1
frankfort_elberta_mi,lake_whitefish,5,recent_2018_2022,2,2,0,196,2,1,10.204082,0.500000,1
frankfort_elberta_mi,lake_whitefish,6,long_1997_2022,23,5,18,2760,13,2,4.710145,0.400000,0.538462
frankfort_elberta_mi,lake_whitefish,6,modern_2012_2022,8,3,5,849,0,0,0,0,
frankfort_elberta_mi,lake_whitefish,6,recent_2018_2022,2,2,0,614,0,0,0,0,
frankfort_elberta_mi,lake_whitefish,7,long_1997_2022,25,5,20,946,0,0,0,0,
frankfort_elberta_mi,lake_whitefish,7,modern_2012_2022,10,5,5,946,0,0,0,0,
frankfort_elberta_mi,lake_whitefish,7,recent_2018_2022,4,4,0,695,0,0,0,0,
frankfort_elberta_mi,lake_whitefish,8,long_1997_2022,25,5,20,4734,0,0,0,0,
frankfort_elberta_mi,lake_whitefish,8,modern_2012_2022,10,5,5,4734,0,0,0,0,
frankfort_elberta_mi,lake_whitefish,8,recent_2018_2022,4,4,0,2033,0,0,0,0,
frankfort_elberta_mi,lake_whitefish,9,long_1997_2022,25,5,20,5218,0,0,0,0,
frankfort_elberta_mi,lake_whitefish,9,modern_2012_2022,10,5,5,5218,0,0,0,0,
frankfort_elberta_mi,lake_whitefish,9,recent_2018_2022,4,4,0,3014,0,0,0,0,
frankfort_elberta_mi,lake_whitefish,10,long_1997_2022,25,5,20,9357,0,0,0,0,
frankfort_elberta_mi,lake_whitefish,10,modern_2012_2022,10,5,5,9357,0,0,0,0,
frankfort_elberta_mi,lake_whitefish,10,recent_2018_2022,4,4,0,7651,0,0,0,0,
frankfort_elberta_mi,lake_whitefish,11,long_1997_2022,0,0,0,0,0,0,,,
frankfort_elberta_mi,lake_whitefish,11,modern_2012_2022,0,0,0,0,0,0,,,
frankfort_elberta_mi,lake_whitefish,11,recent_2018_2022,0,0,0,0,0,0,,,
frankfort_elberta_mi,lake_whitefish,12,long_1997_2022,0,0,0,0,0,0,,,
frankfort_elberta_mi,lake_whitefish,12,modern_2012_2022,0,0,0,0,0,0,,,
frankfort_elberta_mi,lake_whitefish,12,recent_2018_2022,0,0,0,0,0,0,,,
frankfort_elberta_mi,round_whitefish,1,long_1997_2022,0,0,0,0,0,0,,,
frankfort_elberta_mi,round_whitefish,1,modern_2012_2022,0,0,0,0,0,0,,,
frankfort_elberta_mi,round_whitefish,1,recent_2018_2022,0,0,0,0,0,0,,,
frankfort_elberta_mi,round_whitefish,2,long_1997_2022,0,0,0,0,0,0,,,
frankfort_elberta_mi,round_whitefish,2,modern_2012_2022,0,0,0,0,0,0,,,
frankfort_elberta_mi,round_whitefish,2,recent_2018_2022,0,0,0,0,0,0,,,
frankfort_elberta_mi,round_whitefish,3,long_1997_2022,0,0,0,0,0,0,,,
frankfort_elberta_mi,round_whitefish,3,modern_2012_2022,0,0,0,0,0,0,,,
frankfort_elberta_mi,round_whitefish,3,recent_2018_2022,0,0,0,0,0,0,,,
frankfort_elberta_mi,round_whitefish,4,long_1997_2022,25,5,20,3681,0,0,0,0,
frankfort_elberta_mi,round_whitefish,4,modern_2012_2022,10,5,5,3681,0,0,0,0,
frankfort_elberta_mi,round_whitefish,4,recent_2018_2022,4,4,0,3656,0,0,0,0,
frankfort_elberta_mi,round_whitefish,5,long_1997_2022,22,5,17,2289,24,2,10.484928,0.400000,0.875000
frankfort_elberta_mi,round_whitefish,5,modern_2012_2022,8,3,5,289,0,0,0,0,
frankfort_elberta_mi,round_whitefish,5,recent_2018_2022,2,2,0,196,0,0,0,0,
frankfort_elberta_mi,round_whitefish,6,long_1997_2022,23,4,19,2314,14,1,6.050130,0.250000,1
frankfort_elberta_mi,round_whitefish,6,modern_2012_2022,8,3,5,849,0,0,0,0,
frankfort_elberta_mi,round_whitefish,6,recent_2018_2022,2,2,0,614,0,0,0,0,
frankfort_elberta_mi,round_whitefish,7,long_1997_2022,25,5,20,946,0,0,0,0,
frankfort_elberta_mi,round_whitefish,7,modern_2012_2022,10,5,5,946,0,0,0,0,
frankfort_elberta_mi,round_whitefish,7,recent_2018_2022,4,4,0,695,0,0,0,0,
frankfort_elberta_mi,round_whitefish,8,long_1997_2022,25,6,19,7195,18,1,2.501737,0.166667,1
frankfort_elberta_mi,round_whitefish,8,modern_2012_2022,10,5,5,4734,0,0,0,0,
frankfort_elberta_mi,round_whitefish,8,recent_2018_2022,4,4,0,2033,0,0,0,0,
frankfort_elberta_mi,round_whitefish,9,long_1997_2022,25,5,20,5218,0,0,0,0,
frankfort_elberta_mi,round_whitefish,9,modern_2012_2022,10,5,5,5218,0,0,0,0,
frankfort_elberta_mi,round_whitefish,9,recent_2018_2022,4,4,0,3014,0,0,0,0,
frankfort_elberta_mi,round_whitefish,10,long_1997_2022,25,14,11,44071,5026,9,114.043248,0.642857,0.351771
frankfort_elberta_mi,round_whitefish,10,modern_2012_2022,10,5,5,9357,0,0,0,0,
frankfort_elberta_mi,round_whitefish,10,recent_2018_2022,4,4,0,7651,0,0,0,0,
frankfort_elberta_mi,round_whitefish,11,long_1997_2022,0,0,0,0,0,0,,,
frankfort_elberta_mi,round_whitefish,11,modern_2012_2022,0,0,0,0,0,0,,,
frankfort_elberta_mi,round_whitefish,11,recent_2018_2022,0,0,0,0,0,0,,,
frankfort_elberta_mi,round_whitefish,12,long_1997_2022,0,0,0,0,0,0,,,
frankfort_elberta_mi,round_whitefish,12,modern_2012_2022,0,0,0,0,0,0,,,
frankfort_elberta_mi,round_whitefish,12,recent_2018_2022,0,0,0,0,0,0,,,
frankfort_elberta_mi,channel_catfish,1,long_1997_2022,0,0,0,0,0,0,,,
frankfort_elberta_mi,channel_catfish,1,modern_2012_2022,0,0,0,0,0,0,,,
frankfort_elberta_mi,channel_catfish,1,recent_2018_2022,0,0,0,0,0,0,,,
frankfort_elberta_mi,channel_catfish,2,long_1997_2022,0,0,0,0,0,0,,,
frankfort_elberta_mi,channel_catfish,2,modern_2012_2022,0,0,0,0,0,0,,,
frankfort_elberta_mi,channel_catfish,2,recent_2018_2022,0,0,0,0,0,0,,,
frankfort_elberta_mi,channel_catfish,3,long_1997_2022,0,0,0,0,0,0,,,
frankfort_elberta_mi,channel_catfish,3,modern_2012_2022,0,0,0,0,0,0,,,
frankfort_elberta_mi,channel_catfish,3,recent_2018_2022,0,0,0,0,0,0,,,
frankfort_elberta_mi,channel_catfish,4,long_1997_2022,25,5,20,3681,0,0,0,0,
frankfort_elberta_mi,channel_catfish,4,modern_2012_2022,10,5,5,3681,0,0,0,0,
frankfort_elberta_mi,channel_catfish,4,recent_2018_2022,4,4,0,3656,0,0,0,0,
frankfort_elberta_mi,channel_catfish,5,long_1997_2022,22,3,19,289,0,0,0,0,
frankfort_elberta_mi,channel_catfish,5,modern_2012_2022,8,3,5,289,0,0,0,0,
frankfort_elberta_mi,channel_catfish,5,recent_2018_2022,2,2,0,196,0,0,0,0,
frankfort_elberta_mi,channel_catfish,6,long_1997_2022,23,3,20,849,0,0,0,0,
frankfort_elberta_mi,channel_catfish,6,modern_2012_2022,8,3,5,849,0,0,0,0,
frankfort_elberta_mi,channel_catfish,6,recent_2018_2022,2,2,0,614,0,0,0,0,
frankfort_elberta_mi,channel_catfish,7,long_1997_2022,25,5,20,946,0,0,0,0,
frankfort_elberta_mi,channel_catfish,7,modern_2012_2022,10,5,5,946,0,0,0,0,
frankfort_elberta_mi,channel_catfish,7,recent_2018_2022,4,4,0,695,0,0,0,0,
frankfort_elberta_mi,channel_catfish,8,long_1997_2022,25,5,20,4734,0,0,0,0,
frankfort_elberta_mi,channel_catfish,8,modern_2012_2022,10,5,5,4734,0,0,0,0,
frankfort_elberta_mi,channel_catfish,8,recent_2018_2022,4,4,0,2033,0,0,0,0,
frankfort_elberta_mi,channel_catfish,9,long_1997_2022,25,5,20,5218,0,0,0,0,
frankfort_elberta_mi,channel_catfish,9,modern_2012_2022,10,5,5,5218,0,0,0,0,
frankfort_elberta_mi,channel_catfish,9,recent_2018_2022,4,4,0,3014,0,0,0,0,
frankfort_elberta_mi,channel_catfish,10,long_1997_2022,25,5,20,9357,0,0,0,0,
frankfort_elberta_mi,channel_catfish,10,modern_2012_2022,10,5,5,9357,0,0,0,0,
frankfort_elberta_mi,channel_catfish,10,recent_2018_2022,4,4,0,7651,0,0,0,0,
frankfort_elberta_mi,channel_catfish,11,long_1997_2022,0,0,0,0,0,0,,,
frankfort_elberta_mi,channel_catfish,11,modern_2012_2022,0,0,0,0,0,0,,,
frankfort_elberta_mi,channel_catfish,11,recent_2018_2022,0,0,0,0,0,0,,,
frankfort_elberta_mi,channel_catfish,12,long_1997_2022,0,0,0,0,0,0,,,
frankfort_elberta_mi,channel_catfish,12,modern_2012_2022,0,0,0,0,0,0,,,
frankfort_elberta_mi,channel_catfish,12,recent_2018_2022,0,0,0,0,0,0,,,
frankfort_elberta_mi,largemouth_bass,1,long_1997_2022,0,0,0,0,0,0,,,
frankfort_elberta_mi,largemouth_bass,1,modern_2012_2022,0,0,0,0,0,0,,,
frankfort_elberta_mi,largemouth_bass,1,recent_2018_2022,0,0,0,0,0,0,,,
frankfort_elberta_mi,largemouth_bass,2,long_1997_2022,0,0,0,0,0,0,,,
frankfort_elberta_mi,largemouth_bass,2,modern_2012_2022,0,0,0,0,0,0,,,
frankfort_elberta_mi,largemouth_bass,2,recent_2018_2022,0,0,0,0,0,0,,,
frankfort_elberta_mi,largemouth_bass,3,long_1997_2022,0,0,0,0,0,0,,,
frankfort_elberta_mi,largemouth_bass,3,modern_2012_2022,0,0,0,0,0,0,,,
frankfort_elberta_mi,largemouth_bass,3,recent_2018_2022,0,0,0,0,0,0,,,
frankfort_elberta_mi,largemouth_bass,4,long_1997_2022,25,6,19,6094,149,1,24.450279,0.166667,1
frankfort_elberta_mi,largemouth_bass,4,modern_2012_2022,10,5,5,3681,0,0,0,0,
frankfort_elberta_mi,largemouth_bass,4,recent_2018_2022,4,4,0,3656,0,0,0,0,
frankfort_elberta_mi,largemouth_bass,5,long_1997_2022,22,3,19,289,0,0,0,0,
frankfort_elberta_mi,largemouth_bass,5,modern_2012_2022,8,3,5,289,0,0,0,0,
frankfort_elberta_mi,largemouth_bass,5,recent_2018_2022,2,2,0,196,0,0,0,0,
frankfort_elberta_mi,largemouth_bass,6,long_1997_2022,23,3,20,849,0,0,0,0,
frankfort_elberta_mi,largemouth_bass,6,modern_2012_2022,8,3,5,849,0,0,0,0,
frankfort_elberta_mi,largemouth_bass,6,recent_2018_2022,2,2,0,614,0,0,0,0,
frankfort_elberta_mi,largemouth_bass,7,long_1997_2022,25,5,20,946,0,0,0,0,
frankfort_elberta_mi,largemouth_bass,7,modern_2012_2022,10,5,5,946,0,0,0,0,
frankfort_elberta_mi,largemouth_bass,7,recent_2018_2022,4,4,0,695,0,0,0,0,
frankfort_elberta_mi,largemouth_bass,8,long_1997_2022,25,5,20,4734,0,0,0,0,
frankfort_elberta_mi,largemouth_bass,8,modern_2012_2022,10,5,5,4734,0,0,0,0,
frankfort_elberta_mi,largemouth_bass,8,recent_2018_2022,4,4,0,2033,0,0,0,0,
frankfort_elberta_mi,largemouth_bass,9,long_1997_2022,25,5,20,5218,0,0,0,0,
frankfort_elberta_mi,largemouth_bass,9,modern_2012_2022,10,5,5,5218,0,0,0,0,
frankfort_elberta_mi,largemouth_bass,9,recent_2018_2022,4,4,0,3014,0,0,0,0,
frankfort_elberta_mi,largemouth_bass,10,long_1997_2022,25,5,20,9357,0,0,0,0,
frankfort_elberta_mi,largemouth_bass,10,modern_2012_2022,10,5,5,9357,0,0,0,0,
frankfort_elberta_mi,largemouth_bass,10,recent_2018_2022,4,4,0,7651,0,0,0,0,
frankfort_elberta_mi,largemouth_bass,11,long_1997_2022,0,0,0,0,0,0,,,
frankfort_elberta_mi,largemouth_bass,11,modern_2012_2022,0,0,0,0,0,0,,,
frankfort_elberta_mi,largemouth_bass,11,recent_2018_2022,0,0,0,0,0,0,,,
frankfort_elberta_mi,largemouth_bass,12,long_1997_2022,0,0,0,0,0,0,,,
frankfort_elberta_mi,largemouth_bass,12,modern_2012_2022,0,0,0,0,0,0,,,
frankfort_elberta_mi,largemouth_bass,12,recent_2018_2022,0,0,0,0,0,0,,,
