speciesId,temperatureC,suitability,status,interpretation
lake_trout,0.0,0.650000,available,hypothetical_research_only
lake_trout,0.1,0.657500,available,hypothetical_research_only
lake_trout,0.2,0.665000,available,hypothetical_research_only
lake_trout,0.3,0.672500,available,hypothetical_research_only
lake_trout,0.4,0.680000,available,hypothetical_research_only
lake_trout,0.5,0.687500,available,hypothetical_research_only
lake_trout,0.6,0.695000,available,hypothetical_research_only
lake_trout,0.7,0.702500,available,hypothetical_research_only
lake_trout,0.8,0.710000,available,hypothetical_research_only
lake_trout,0.9,0.717500,available,hypothetical_research_only
lake_trout,1.0,0.725000,available,hypothetical_research_only
lake_trout,1.1,0.732500,available,hypothetical_research_only
lake_trout,1.2,0.740000,available,hypothetical_research_only
lake_trout,1.3,0.747500,available,hypothetical_research_only
lake_trout,1.4,0.755000,available,hypothetical_research_only
lake_trout,1.5,0.762500,available,hypothetical_research_only
lake_trout,1.6,0.770000,available,hypothetical_research_only
lake_trout,1.7,0.777500,available,hypothetical_research_only
lake_trout,1.8,0.785000,available,hypothetical_research_only
lake_trout,1.9,0.792500,available,hypothetical_research_only
lake_trout,2.0,0.800000,available,hypothetical_research_only
lake_trout,2.1,0.805000,available,hypothetical_research_only
lake_trout,2.2,0.810000,available,hypothetical_research_only
lake_trout,2.3,0.815000,available,hypothetical_research_only
lake_trout,2.4,0.820000,available,hypothetical_research_only
lake_trout,2.5,0.825000,available,hypothetical_research_only
lake_trout,2.6,0.830000,available,hypothetical_research_only
lake_trout,2.7,0.835000,available,hypothetical_research_only
lake_trout,2.8,0.840000,available,hypothetical_research_only
lake_trout,2.9,0.845000,available,hypothetical_research_only
lake_trout,3.0,0.850000,available,hypothetical_research_only
lake_trout,3.1,0.855000,available,hypothetical_research_only
lake_trout,3.2,0.860000,available,hypothetical_research_only
lake_trout,3.3,0.865000,available,hypothetical_research_only
lake_trout,3.4,0.870000,available,hypothetical_research_only
lake_trout,3.5,0.875000,available,hypothetical_research_only
lake_trout,3.6,0.880000,available,hypothetical_research_only
lake_trout,3.7,0.885000,available,hypothetical_research_only
lake_trout,3.8,0.890000,available,hypothetical_research_only
lake_trout,3.9,0.895000,available,hypothetical_research_only
lake_trout,4.0,0.900000,available,hypothetical_research_only
lake_trout,4.1,0.902500,available,hypothetical_research_only
lake_trout,4.2,0.905000,available,hypothetical_research_only
lake_trout,4.3,0.907500,available,hypothetical_research_only
lake_trout,4.4,0.910000,available,hypothetical_research_only
lake_trout,4.5,0.912500,available,hypothetical_research_only
lake_trout,4.6,0.915000,available,hypothetical_research_only
lake_trout,4.7,0.917500,available,hypothetical_research_only
lake_trout,4.8,0.920000,available,hypothetical_research_only
lake_trout,4.9,0.922500,available,hypothetical_research_only
lake_trout,5.0,0.925000,available,hypothetical_research_only
lake_trout,5.1,0.927500,available,hypothetical_research_only
lake_trout,5.2,0.930000,available,hypothetical_research_only
lake_trout,5.3,0.932500,available,hypothetical_research_only
lake_trout,5.4,0.935000,available,hypothetical_research_only
lake_trout,5.5,0.937500,available,hypothetical_research_only
lake_trout,5.6,0.940000,available,hypothetical_research_only
lake_trout,5.7,0.942500,available,hypothetical_research_only
lake_trout,5.8,0.945000,available,hypothetical_research_only
lake_trout,5.9,0.947500,available,hypothetical_research_only
lake_trout,6.0,0.950000,available,hypothetical_research_only
lake_trout,6.1,0.952500,available,hypothetical_research_only
lake_trout,6.2,0.955000,available,hypothetical_research_only
lake_trout,6.3,0.957500,available,hypothetical_research_only
lake_trout,6.4,0.960000,available,hypothetical_research_only
lake_trout,6.5,0.962500,available,hypothetical_research_only
lake_trout,6.6,0.965000,available,hypothetical_research_only
lake_trout,6.7,0.967500,available,hypothetical_research_only
lake_trout,6.8,0.970000,available,hypothetical_research_only
lake_trout,6.9,0.972500,available,hypothetical_research_only
lake_trout,7.0,0.975000,available,hypothetical_research_only
lake_trout,7.1,0.977500,available,hypothetical_research_only
lake_trout,7.2,0.980000,available,hypothetical_research_only
lake_trout,7.3,0.982500,available,hypothetical_research_only
lake_trout,7.4,0.985000,available,hypothetical_research_only
lake_trout,7.5,0.987500,available,hypothetical_research_only
lake_trout,7.6,0.990000,available,hypothetical_research_only
lake_trout,7.7,0.992500,available,hypothetical_research_only
lake_trout,7.8,0.995000,available,hypothetical_research_only
lake_trout,7.9,0.997500,available,hypothetical_research_only
lake_trout,8.0,1.000000,available,hypothetical_research_only
lake_trout,8.1,1.000000,available,hypothetical_research_only
lake_trout,8.2,1.000000,available,hypothetical_research_only
lake_trout,8.3,1.000000,available,hypothetical_research_only
lake_trout,8.4,1.000000,available,hypothetical_research_only
lake_trout,8.5,1.000000,available,hypothetical_research_only
lake_trout,8.6,1.000000,available,hypothetical_research_only
lake_trout,8.7,1.000000,available,hypothetical_research_only
lake_trout,8.8,1.000000,available,hypothetical_research_only
lake_trout,8.9,1.000000,available,hypothetical_research_only
lake_trout,9.0,1.000000,available,hypothetical_research_only
lake_trout,9.1,1.000000,available,hypothetical_research_only
lake_trout,9.2,1.000000,available,hypothetical_research_only
lake_trout,9.3,1.000000,available,hypothetical_research_only
lake_trout,9.4,1.000000,available,hypothetical_research_only
lake_trout,9.5,1.000000,available,hypothetical_research_only
lake_trout,9.6,1.000000,available,hypothetical_research_only
lake_trout,9.7,1.000000,available,hypothetical_research_only
lake_trout,9.8,1.000000,available,hypothetical_research_only
lake_trout,9.9,1.000000,available,hypothetical_research_only
lake_trout,10.0,1.000000,available,hypothetical_research_only
lake_trout,10.1,1.000000,available,hypothetical_research_only
lake_trout,10.2,1.000000,available,hypothetical_research_only
lake_trout,10.3,1.000000,available,hypothetical_research_only
lake_trout,10.4,1.000000,available,hypothetical_research_only
lake_trout,10.5,1.000000,available,hypothetical_research_only
lake_trout,10.6,1.000000,available,hypothetical_research_only
lake_trout,10.7,1.000000,available,hypothetical_research_only
lake_trout,10.8,1.000000,available,hypothetical_research_only
lake_trout,10.9,1.000000,available,hypothetical_research_only
lake_trout,11.0,1.000000,available,hypothetical_research_only
lake_trout,11.1,0.995000,available,hypothetical_research_only
lake_trout,11.2,0.990000,available,hypothetical_research_only
lake_trout,11.3,0.985000,available,hypothetical_research_only
lake_trout,11.4,0.980000,available,hypothetical_research_only
lake_trout,11.5,0.975000,available,hypothetical_research_only
lake_trout,11.6,0.970000,available,hypothetical_research_only
lake_trout,11.7,0.965000,available,hypothetical_research_only
lake_trout,11.8,0.960000,available,hypothetical_research_only
lake_trout,11.9,0.955000,available,hypothetical_research_only
lake_trout,12.0,0.950000,available,hypothetical_research_only
lake_trout,12.1,0.945000,available,hypothetical_research_only
lake_trout,12.2,0.940000,available,hypothetical_research_only
lake_trout,12.3,0.935000,available,hypothetical_research_only
lake_trout,12.4,0.930000,available,hypothetical_research_only
lake_trout,12.5,0.925000,available,hypothetical_research_only
lake_trout,12.6,0.920000,available,hypothetical_research_only
lake_trout,12.7,0.915000,available,hypothetical_research_only
lake_trout,12.8,0.910000,available,hypothetical_research_only
lake_trout,12.9,0.905000,available,hypothetical_research_only
lake_trout,13.0,0.900000,available,hypothetical_research_only
lake_trout,13.1,0.895000,available,hypothetical_research_only
lake_trout,13.2,0.890000,available,hypothetical_research_only
lake_trout,13.3,0.885000,available,hypothetical_research_only
lake_trout,13.4,0.880000,available,hypothetical_research_only
lake_trout,13.5,0.875000,available,hypothetical_research_only
lake_trout,13.6,0.870000,available,hypothetical_research_only
lake_trout,13.7,0.865000,available,hypothetical_research_only
lake_trout,13.8,0.860000,available,hypothetical_research_only
lake_trout,13.9,0.855000,available,hypothetical_research_only
lake_trout,14.0,0.850000,available,hypothetical_research_only
lake_trout,14.1,0.840000,available,hypothetical_research_only
lake_trout,14.2,0.830000,available,hypothetical_research_only
lake_trout,14.3,0.820000,available,hypothetical_research_only
lake_trout,14.4,0.810000,available,hypothetical_research_only
lake_trout,14.5,0.800000,available,hypothetical_research_only
lake_trout,14.6,0.790000,available,hypothetical_research_only
lake_trout,14.7,0.780000,available,hypothetical_research_only
lake_trout,14.8,0.770000,available,hypothetical_research_only
lake_trout,14.9,0.760000,available,hypothetical_research_only
lake_trout,15.0,0.750000,available,hypothetical_research_only
lake_trout,15.1,0.740000,available,hypothetical_research_only
lake_trout,15.2,0.730000,available,hypothetical_research_only
lake_trout,15.3,0.720000,available,hypothetical_research_only
lake_trout,15.4,0.710000,available,hypothetical_research_only
lake_trout,15.5,0.700000,available,hypothetical_research_only
lake_trout,15.6,0.690000,available,hypothetical_research_only
lake_trout,15.7,0.680000,available,hypothetical_research_only
lake_trout,15.8,0.670000,available,hypothetical_research_only
lake_trout,15.9,0.660000,available,hypothetical_research_only
lake_trout,16.0,0.650000,available,hypothetical_research_only
lake_trout,16.1,0.637500,available,hypothetical_research_only
lake_trout,16.2,0.625000,available,hypothetical_research_only
lake_trout,16.3,0.612500,available,hypothetical_research_only
lake_trout,16.4,0.600000,available,hypothetical_research_only
lake_trout,16.5,0.587500,available,hypothetical_research_only
lake_trout,16.6,0.575000,available,hypothetical_research_only
lake_trout,16.7,0.562500,available,hypothetical_research_only
lake_trout,16.8,0.550000,available,hypothetical_research_only
lake_trout,16.9,0.537500,available,hypothetical_research_only
lake_trout,17.0,0.525000,available,hypothetical_research_only
lake_trout,17.1,0.512500,available,hypothetical_research_only
lake_trout,17.2,0.500000,available,hypothetical_research_only
lake_trout,17.3,0.487500,available,hypothetical_research_only
lake_trout,17.4,0.475000,available,hypothetical_research_only
lake_trout,17.5,0.462500,available,hypothetical_research_only
lake_trout,17.6,0.450000,available,hypothetical_research_only
lake_trout,17.7,0.437500,available,hypothetical_research_only
lake_trout,17.8,0.425000,available,hypothetical_research_only
lake_trout,17.9,0.412500,available,hypothetical_research_only
lake_trout,18.0,0.400000,available,hypothetical_research_only
lake_trout,18.1,0.390000,available,hypothetical_research_only
lake_trout,18.2,0.380000,available,hypothetical_research_only
lake_trout,18.3,0.370000,available,hypothetical_research_only
lake_trout,18.4,0.360000,available,hypothetical_research_only
lake_trout,18.5,0.350000,available,hypothetical_research_only
lake_trout,18.6,0.340000,available,hypothetical_research_only
lake_trout,18.7,0.330000,available,hypothetical_research_only
lake_trout,18.8,0.320000,available,hypothetical_research_only
lake_trout,18.9,0.310000,available,hypothetical_research_only
lake_trout,19.0,0.300000,available,hypothetical_research_only
lake_trout,19.1,0.290000,available,hypothetical_research_only
lake_trout,19.2,0.280000,available,hypothetical_research_only
lake_trout,19.3,0.270000,available,hypothetical_research_only
lake_trout,19.4,0.260000,available,hypothetical_research_only
lake_trout,19.5,0.250000,available,hypothetical_research_only
lake_trout,19.6,0.240000,available,hypothetical_research_only
lake_trout,19.7,0.230000,available,hypothetical_research_only
lake_trout,19.8,0.220000,available,hypothetical_research_only
lake_trout,19.9,0.210000,available,hypothetical_research_only
lake_trout,20.0,0.200000,available,hypothetical_research_only
lake_trout,20.1,0.196667,available,hypothetical_research_only
lake_trout,20.2,0.193333,available,hypothetical_research_only
lake_trout,20.3,0.190000,available,hypothetical_research_only
lake_trout,20.4,0.186667,available,hypothetical_research_only
lake_trout,20.5,0.183333,available,hypothetical_research_only
lake_trout,20.6,0.180000,available,hypothetical_research_only
lake_trout,20.7,0.176667,available,hypothetical_research_only
lake_trout,20.8,0.173333,available,hypothetical_research_only
lake_trout,20.9,0.170000,available,hypothetical_research_only
lake_trout,21.0,0.166667,available,hypothetical_research_only
lake_trout,21.1,0.163333,available,hypothetical_research_only
lake_trout,21.2,0.160000,available,hypothetical_research_only
lake_trout,21.3,0.156667,available,hypothetical_research_only
lake_trout,21.4,0.153333,available,hypothetical_research_only
lake_trout,21.5,0.150000,available,hypothetical_research_only
lake_trout,21.6,0.146667,available,hypothetical_research_only
lake_trout,21.7,0.143333,available,hypothetical_research_only
lake_trout,21.8,0.140000,available,hypothetical_research_only
lake_trout,21.9,0.136667,available,hypothetical_research_only
lake_trout,22.0,0.133333,available,hypothetical_research_only
lake_trout,22.1,0.130000,available,hypothetical_research_only
lake_trout,22.2,0.126667,available,hypothetical_research_only
lake_trout,22.3,0.123333,available,hypothetical_research_only
lake_trout,22.4,0.120000,available,hypothetical_research_only
lake_trout,22.5,0.116667,available,hypothetical_research_only
lake_trout,22.6,0.113333,available,hypothetical_research_only
lake_trout,22.7,0.110000,available,hypothetical_research_only
lake_trout,22.8,0.106667,available,hypothetical_research_only
lake_trout,22.9,0.103333,available,hypothetical_research_only
lake_trout,23.0,0.100000,available,hypothetical_research_only
lake_trout,23.1,0.098333,available,hypothetical_research_only
lake_trout,23.2,0.096667,available,hypothetical_research_only
lake_trout,23.3,0.095000,available,hypothetical_research_only
lake_trout,23.4,0.093333,available,hypothetical_research_only
lake_trout,23.5,0.091667,available,hypothetical_research_only
lake_trout,23.6,0.090000,available,hypothetical_research_only
lake_trout,23.7,0.088333,available,hypothetical_research_only
lake_trout,23.8,0.086667,available,hypothetical_research_only
lake_trout,23.9,0.085000,available,hypothetical_research_only
lake_trout,24.0,0.083333,available,hypothetical_research_only
lake_trout,24.1,0.081667,available,hypothetical_research_only
lake_trout,24.2,0.080000,available,hypothetical_research_only
lake_trout,24.3,0.078333,available,hypothetical_research_only
lake_trout,24.4,0.076667,available,hypothetical_research_only
lake_trout,24.5,0.075000,available,hypothetical_research_only
lake_trout,24.6,0.073333,available,hypothetical_research_only
lake_trout,24.7,0.071667,available,hypothetical_research_only
lake_trout,24.8,0.070000,available,hypothetical_research_only
lake_trout,24.9,0.068333,available,hypothetical_research_only
lake_trout,25.0,0.066667,available,hypothetical_research_only
lake_trout,25.1,0.065000,available,hypothetical_research_only
lake_trout,25.2,0.063333,available,hypothetical_research_only
lake_trout,25.3,0.061667,available,hypothetical_research_only
lake_trout,25.4,0.060000,available,hypothetical_research_only
lake_trout,25.5,0.058333,available,hypothetical_research_only
lake_trout,25.6,0.056667,available,hypothetical_research_only
lake_trout,25.7,0.055000,available,hypothetical_research_only
lake_trout,25.8,0.053333,available,hypothetical_research_only
lake_trout,25.9,0.051667,available,hypothetical_research_only
lake_trout,26.0,0.050000,available,hypothetical_research_only
lake_trout,26.1,,unavailable,hypothetical_research_only
lake_trout,26.2,,unavailable,hypothetical_research_only
lake_trout,26.3,,unavailable,hypothetical_research_only
lake_trout,26.4,,unavailable,hypothetical_research_only
lake_trout,26.5,,unavailable,hypothetical_research_only
lake_trout,26.6,,unavailable,hypothetical_research_only
lake_trout,26.7,,unavailable,hypothetical_research_only
lake_trout,26.8,,unavailable,hypothetical_research_only
lake_trout,26.9,,unavailable,hypothetical_research_only
lake_trout,27.0,,unavailable,hypothetical_research_only
lake_trout,27.1,,unavailable,hypothetical_research_only
lake_trout,27.2,,unavailable,hypothetical_research_only
lake_trout,27.3,,unavailable,hypothetical_research_only
lake_trout,27.4,,unavailable,hypothetical_research_only
lake_trout,27.5,,unavailable,hypothetical_research_only
lake_trout,27.6,,unavailable,hypothetical_research_only
lake_trout,27.7,,unavailable,hypothetical_research_only
lake_trout,27.8,,unavailable,hypothetical_research_only
lake_trout,27.9,,unavailable,hypothetical_research_only
lake_trout,28.0,,unavailable,hypothetical_research_only
lake_trout,28.1,,unavailable,hypothetical_research_only
lake_trout,28.2,,unavailable,hypothetical_research_only
lake_trout,28.3,,unavailable,hypothetical_research_only
lake_trout,28.4,,unavailable,hypothetical_research_only
lake_trout,28.5,,unavailable,hypothetical_research_only
lake_trout,28.6,,unavailable,hypothetical_research_only
lake_trout,28.7,,unavailable,hypothetical_research_only
lake_trout,28.8,,unavailable,hypothetical_research_only
lake_trout,28.9,,unavailable,hypothetical_research_only
lake_trout,29.0,,unavailable,hypothetical_research_only
lake_trout,29.1,,unavailable,hypothetical_research_only
lake_trout,29.2,,unavailable,hypothetical_research_only
lake_trout,29.3,,unavailable,hypothetical_research_only
lake_trout,29.4,,unavailable,hypothetical_research_only
lake_trout,29.5,,unavailable,hypothetical_research_only
lake_trout,29.6,,unavailable,hypothetical_research_only
lake_trout,29.7,,unavailable,hypothetical_research_only
lake_trout,29.8,,unavailable,hypothetical_research_only
lake_trout,29.9,,unavailable,hypothetical_research_only
lake_trout,30.0,,unavailable,hypothetical_research_only
lake_trout,30.1,,unavailable,hypothetical_research_only
lake_trout,30.2,,unavailable,hypothetical_research_only
lake_trout,30.3,,unavailable,hypothetical_research_only
lake_trout,30.4,,unavailable,hypothetical_research_only
lake_trout,30.5,,unavailable,hypothetical_research_only
lake_trout,30.6,,unavailable,hypothetical_research_only
lake_trout,30.7,,unavailable,hypothetical_research_only
lake_trout,30.8,,unavailable,hypothetical_research_only
lake_trout,30.9,,unavailable,hypothetical_research_only
lake_trout,31.0,,unavailable,hypothetical_research_only
lake_trout,31.1,,unavailable,hypothetical_research_only
lake_trout,31.2,,unavailable,hypothetical_research_only
lake_trout,31.3,,unavailable,hypothetical_research_only
lake_trout,31.4,,unavailable,hypothetical_research_only
lake_trout,31.5,,unavailable,hypothetical_research_only
lake_trout,31.6,,unavailable,hypothetical_research_only
lake_trout,31.7,,unavailable,hypothetical_research_only
lake_trout,31.8,,unavailable,hypothetical_research_only
lake_trout,31.9,,unavailable,hypothetical_research_only
lake_trout,32.0,,unavailable,hypothetical_research_only
walleye,0.0,0.600000,available,hypothetical_research_only
walleye,0.1,0.603750,available,hypothetical_research_only
walleye,0.2,0.607500,available,hypothetical_research_only
walleye,0.3,0.611250,available,hypothetical_research_only
walleye,0.4,0.615000,available,hypothetical_research_only
walleye,0.5,0.618750,available,hypothetical_research_only
walleye,0.6,0.622500,available,hypothetical_research_only
walleye,0.7,0.626250,available,hypothetical_research_only
walleye,0.8,0.630000,available,hypothetical_research_only
walleye,0.9,0.633750,available,hypothetical_research_only
walleye,1.0,0.637500,available,hypothetical_research_only
walleye,1.1,0.641250,available,hypothetical_research_only
walleye,1.2,0.645000,available,hypothetical_research_only
walleye,1.3,0.648750,available,hypothetical_research_only
walleye,1.4,0.652500,available,hypothetical_research_only
walleye,1.5,0.656250,available,hypothetical_research_only
walleye,1.6,0.660000,available,hypothetical_research_only
walleye,1.7,0.663750,available,hypothetical_research_only
walleye,1.8,0.667500,available,hypothetical_research_only
walleye,1.9,0.671250,available,hypothetical_research_only
walleye,2.0,0.675000,available,hypothetical_research_only
walleye,2.1,0.678750,available,hypothetical_research_only
walleye,2.2,0.682500,available,hypothetical_research_only
walleye,2.3,0.686250,available,hypothetical_research_only
walleye,2.4,0.690000,available,hypothetical_research_only
walleye,2.5,0.693750,available,hypothetical_research_only
walleye,2.6,0.697500,available,hypothetical_research_only
walleye,2.7,0.701250,available,hypothetical_research_only
walleye,2.8,0.705000,available,hypothetical_research_only
walleye,2.9,0.708750,available,hypothetical_research_only
walleye,3.0,0.712500,available,hypothetical_research_only
walleye,3.1,0.716250,available,hypothetical_research_only
walleye,3.2,0.720000,available,hypothetical_research_only
walleye,3.3,0.723750,available,hypothetical_research_only
walleye,3.4,0.727500,available,hypothetical_research_only
walleye,3.5,0.731250,available,hypothetical_research_only
walleye,3.6,0.735000,available,hypothetical_research_only
walleye,3.7,0.738750,available,hypothetical_research_only
walleye,3.8,0.742500,available,hypothetical_research_only
walleye,3.9,0.746250,available,hypothetical_research_only
walleye,4.0,0.750000,available,hypothetical_research_only
walleye,4.1,0.753750,available,hypothetical_research_only
walleye,4.2,0.757500,available,hypothetical_research_only
walleye,4.3,0.761250,available,hypothetical_research_only
walleye,4.4,0.765000,available,hypothetical_research_only
walleye,4.5,0.768750,available,hypothetical_research_only
walleye,4.6,0.772500,available,hypothetical_research_only
walleye,4.7,0.776250,available,hypothetical_research_only
walleye,4.8,0.780000,available,hypothetical_research_only
walleye,4.9,0.783750,available,hypothetical_research_only
walleye,5.0,0.787500,available,hypothetical_research_only
walleye,5.1,0.791250,available,hypothetical_research_only
walleye,5.2,0.795000,available,hypothetical_research_only
walleye,5.3,0.798750,available,hypothetical_research_only
walleye,5.4,0.802500,available,hypothetical_research_only
walleye,5.5,0.806250,available,hypothetical_research_only
walleye,5.6,0.810000,available,hypothetical_research_only
walleye,5.7,0.813750,available,hypothetical_research_only
walleye,5.8,0.817500,available,hypothetical_research_only
walleye,5.9,0.821250,available,hypothetical_research_only
walleye,6.0,0.825000,available,hypothetical_research_only
walleye,6.1,0.828750,available,hypothetical_research_only
walleye,6.2,0.832500,available,hypothetical_research_only
walleye,6.3,0.836250,available,hypothetical_research_only
walleye,6.4,0.840000,available,hypothetical_research_only
walleye,6.5,0.843750,available,hypothetical_research_only
walleye,6.6,0.847500,available,hypothetical_research_only
walleye,6.7,0.851250,available,hypothetical_research_only
walleye,6.8,0.855000,available,hypothetical_research_only
walleye,6.9,0.858750,available,hypothetical_research_only
walleye,7.0,0.862500,available,hypothetical_research_only
walleye,7.1,0.866250,available,hypothetical_research_only
walleye,7.2,0.870000,available,hypothetical_research_only
walleye,7.3,0.873750,available,hypothetical_research_only
walleye,7.4,0.877500,available,hypothetical_research_only
walleye,7.5,0.881250,available,hypothetical_research_only
walleye,7.6,0.885000,available,hypothetical_research_only
walleye,7.7,0.888750,available,hypothetical_research_only
walleye,7.8,0.892500,available,hypothetical_research_only
walleye,7.9,0.896250,available,hypothetical_research_only
walleye,8.0,0.900000,available,hypothetical_research_only
walleye,8.1,0.902500,available,hypothetical_research_only
walleye,8.2,0.905000,available,hypothetical_research_only
walleye,8.3,0.907500,available,hypothetical_research_only
walleye,8.4,0.910000,available,hypothetical_research_only
walleye,8.5,0.912500,available,hypothetical_research_only
walleye,8.6,0.915000,available,hypothetical_research_only
walleye,8.7,0.917500,available,hypothetical_research_only
walleye,8.8,0.920000,available,hypothetical_research_only
walleye,8.9,0.922500,available,hypothetical_research_only
walleye,9.0,0.925000,available,hypothetical_research_only
walleye,9.1,0.927500,available,hypothetical_research_only
walleye,9.2,0.930000,available,hypothetical_research_only
walleye,9.3,0.932500,available,hypothetical_research_only
walleye,9.4,0.935000,available,hypothetical_research_only
walleye,9.5,0.937500,available,hypothetical_research_only
walleye,9.6,0.940000,available,hypothetical_research_only
walleye,9.7,0.942500,available,hypothetical_research_only
walleye,9.8,0.945000,available,hypothetical_research_only
walleye,9.9,0.947500,available,hypothetical_research_only
walleye,10.0,0.950000,available,hypothetical_research_only
walleye,10.1,0.952500,available,hypothetical_research_only
walleye,10.2,0.955000,available,hypothetical_research_only
walleye,10.3,0.957500,available,hypothetical_research_only
walleye,10.4,0.960000,available,hypothetical_research_only
walleye,10.5,0.962500,available,hypothetical_research_only
walleye,10.6,0.965000,available,hypothetical_research_only
walleye,10.7,0.967500,available,hypothetical_research_only
walleye,10.8,0.970000,available,hypothetical_research_only
walleye,10.9,0.972500,available,hypothetical_research_only
walleye,11.0,0.975000,available,hypothetical_research_only
walleye,11.1,0.977500,available,hypothetical_research_only
walleye,11.2,0.980000,available,hypothetical_research_only
walleye,11.3,0.982500,available,hypothetical_research_only
walleye,11.4,0.985000,available,hypothetical_research_only
walleye,11.5,0.987500,available,hypothetical_research_only
walleye,11.6,0.990000,available,hypothetical_research_only
walleye,11.7,0.992500,available,hypothetical_research_only
walleye,11.8,0.995000,available,hypothetical_research_only
walleye,11.9,0.997500,available,hypothetical_research_only
walleye,12.0,1.000000,available,hypothetical_research_only
walleye,12.1,1.000000,available,hypothetical_research_only
walleye,12.2,1.000000,available,hypothetical_research_only
walleye,12.3,1.000000,available,hypothetical_research_only
walleye,12.4,1.000000,available,hypothetical_research_only
walleye,12.5,1.000000,available,hypothetical_research_only
walleye,12.6,1.000000,available,hypothetical_research_only
walleye,12.7,1.000000,available,hypothetical_research_only
walleye,12.8,1.000000,available,hypothetical_research_only
walleye,12.9,1.000000,available,hypothetical_research_only
walleye,13.0,1.000000,available,hypothetical_research_only
walleye,13.1,1.000000,available,hypothetical_research_only
walleye,13.2,1.000000,available,hypothetical_research_only
walleye,13.3,1.000000,available,hypothetical_research_only
walleye,13.4,1.000000,available,hypothetical_research_only
walleye,13.5,1.000000,available,hypothetical_research_only
walleye,13.6,1.000000,available,hypothetical_research_only
walleye,13.7,1.000000,available,hypothetical_research_only
walleye,13.8,1.000000,available,hypothetical_research_only
walleye,13.9,1.000000,available,hypothetical_research_only
walleye,14.0,1.000000,available,hypothetical_research_only
walleye,14.1,1.000000,available,hypothetical_research_only
walleye,14.2,1.000000,available,hypothetical_research_only
walleye,14.3,1.000000,available,hypothetical_research_only
walleye,14.4,1.000000,available,hypothetical_research_only
walleye,14.5,1.000000,available,hypothetical_research_only
walleye,14.6,1.000000,available,hypothetical_research_only
walleye,14.7,1.000000,available,hypothetical_research_only
walleye,14.8,1.000000,available,hypothetical_research_only
walleye,14.9,1.000000,available,hypothetical_research_only
walleye,15.0,1.000000,available,hypothetical_research_only
walleye,15.1,1.000000,available,hypothetical_research_only
walleye,15.2,1.000000,available,hypothetical_research_only
walleye,15.3,1.000000,available,hypothetical_research_only
walleye,15.4,1.000000,available,hypothetical_research_only
walleye,15.5,1.000000,available,hypothetical_research_only
walleye,15.6,1.000000,available,hypothetical_research_only
walleye,15.7,1.000000,available,hypothetical_research_only
walleye,15.8,1.000000,available,hypothetical_research_only
walleye,15.9,1.000000,available,hypothetical_research_only
walleye,16.0,1.000000,available,hypothetical_research_only
walleye,16.1,1.000000,available,hypothetical_research_only
walleye,16.2,1.000000,available,hypothetical_research_only
walleye,16.3,1.000000,available,hypothetical_research_only
walleye,16.4,1.000000,available,hypothetical_research_only
walleye,16.5,1.000000,available,hypothetical_research_only
walleye,16.6,1.000000,available,hypothetical_research_only
walleye,16.7,1.000000,available,hypothetical_research_only
walleye,16.8,1.000000,available,hypothetical_research_only
walleye,16.9,1.000000,available,hypothetical_research_only
walleye,17.0,1.000000,available,hypothetical_research_only
walleye,17.1,1.000000,available,hypothetical_research_only
walleye,17.2,1.000000,available,hypothetical_research_only
walleye,17.3,1.000000,available,hypothetical_research_only
walleye,17.4,1.000000,available,hypothetical_research_only
walleye,17.5,1.000000,available,hypothetical_research_only
walleye,17.6,1.000000,available,hypothetical_research_only
walleye,17.7,1.000000,available,hypothetical_research_only
walleye,17.8,1.000000,available,hypothetical_research_only
walleye,17.9,1.000000,available,hypothetical_research_only
walleye,18.0,1.000000,available,hypothetical_research_only
walleye,18.1,1.000000,available,hypothetical_research_only
walleye,18.2,1.000000,available,hypothetical_research_only
walleye,18.3,1.000000,available,hypothetical_research_only
walleye,18.4,1.000000,available,hypothetical_research_only
walleye,18.5,1.000000,available,hypothetical_research_only
walleye,18.6,1.000000,available,hypothetical_research_only
walleye,18.7,1.000000,available,hypothetical_research_only
walleye,18.8,1.000000,available,hypothetical_research_only
walleye,18.9,1.000000,available,hypothetical_research_only
walleye,19.0,1.000000,available,hypothetical_research_only
walleye,19.1,1.000000,available,hypothetical_research_only
walleye,19.2,1.000000,available,hypothetical_research_only
walleye,19.3,1.000000,available,hypothetical_research_only
walleye,19.4,1.000000,available,hypothetical_research_only
walleye,19.5,1.000000,available,hypothetical_research_only
walleye,19.6,1.000000,available,hypothetical_research_only
walleye,19.7,1.000000,available,hypothetical_research_only
walleye,19.8,1.000000,available,hypothetical_research_only
walleye,19.9,1.000000,available,hypothetical_research_only
walleye,20.0,1.000000,available,hypothetical_research_only
walleye,20.1,0.996667,available,hypothetical_research_only
walleye,20.2,0.993333,available,hypothetical_research_only
walleye,20.3,0.990000,available,hypothetical_research_only
walleye,20.4,0.986667,available,hypothetical_research_only
walleye,20.5,0.983333,available,hypothetical_research_only
walleye,20.6,0.980000,available,hypothetical_research_only
walleye,20.7,0.976667,available,hypothetical_research_only
walleye,20.8,0.973333,available,hypothetical_research_only
walleye,20.9,0.970000,available,hypothetical_research_only
walleye,21.0,0.966667,available,hypothetical_research_only
walleye,21.1,0.963333,available,hypothetical_research_only
walleye,21.2,0.960000,available,hypothetical_research_only
walleye,21.3,0.956667,available,hypothetical_research_only
walleye,21.4,0.953333,available,hypothetical_research_only
walleye,21.5,0.950000,available,hypothetical_research_only
walleye,21.6,0.946667,available,hypothetical_research_only
walleye,21.7,0.943333,available,hypothetical_research_only
walleye,21.8,0.940000,available,hypothetical_research_only
walleye,21.9,0.936667,available,hypothetical_research_only
walleye,22.0,0.933333,available,hypothetical_research_only
walleye,22.1,0.930000,available,hypothetical_research_only
walleye,22.2,0.926667,available,hypothetical_research_only
walleye,22.3,0.923333,available,hypothetical_research_only
walleye,22.4,0.920000,available,hypothetical_research_only
walleye,22.5,0.916667,available,hypothetical_research_only
walleye,22.6,0.913333,available,hypothetical_research_only
walleye,22.7,0.910000,available,hypothetical_research_only
walleye,22.8,0.906667,available,hypothetical_research_only
walleye,22.9,0.903333,available,hypothetical_research_only
walleye,23.0,0.900000,available,hypothetical_research_only
walleye,23.1,0.893333,available,hypothetical_research_only
walleye,23.2,0.886667,available,hypothetical_research_only
walleye,23.3,0.880000,available,hypothetical_research_only
walleye,23.4,0.873333,available,hypothetical_research_only
walleye,23.5,0.866667,available,hypothetical_research_only
walleye,23.6,0.860000,available,hypothetical_research_only
walleye,23.7,0.853333,available,hypothetical_research_only
walleye,23.8,0.846667,available,hypothetical_research_only
walleye,23.9,0.840000,available,hypothetical_research_only
walleye,24.0,0.833333,available,hypothetical_research_only
walleye,24.1,0.826667,available,hypothetical_research_only
walleye,24.2,0.820000,available,hypothetical_research_only
walleye,24.3,0.813333,available,hypothetical_research_only
walleye,24.4,0.806667,available,hypothetical_research_only
walleye,24.5,0.800000,available,hypothetical_research_only
walleye,24.6,0.793333,available,hypothetical_research_only
walleye,24.7,0.786667,available,hypothetical_research_only
walleye,24.8,0.780000,available,hypothetical_research_only
walleye,24.9,0.773333,available,hypothetical_research_only
walleye,25.0,0.766667,available,hypothetical_research_only
walleye,25.1,0.760000,available,hypothetical_research_only
walleye,25.2,0.753333,available,hypothetical_research_only
walleye,25.3,0.746667,available,hypothetical_research_only
walleye,25.4,0.740000,available,hypothetical_research_only
walleye,25.5,0.733333,available,hypothetical_research_only
walleye,25.6,0.726667,available,hypothetical_research_only
walleye,25.7,0.720000,available,hypothetical_research_only
walleye,25.8,0.713333,available,hypothetical_research_only
walleye,25.9,0.706667,available,hypothetical_research_only
walleye,26.0,0.700000,available,hypothetical_research_only
walleye,26.1,0.690000,available,hypothetical_research_only
walleye,26.2,0.680000,available,hypothetical_research_only
walleye,26.3,0.670000,available,hypothetical_research_only
walleye,26.4,0.660000,available,hypothetical_research_only
walleye,26.5,0.650000,available,hypothetical_research_only
walleye,26.6,0.640000,available,hypothetical_research_only
walleye,26.7,0.630000,available,hypothetical_research_only
walleye,26.8,0.620000,available,hypothetical_research_only
walleye,26.9,0.610000,available,hypothetical_research_only
walleye,27.0,0.600000,available,hypothetical_research_only
walleye,27.1,0.590000,available,hypothetical_research_only
walleye,27.2,0.580000,available,hypothetical_research_only
walleye,27.3,0.570000,available,hypothetical_research_only
walleye,27.4,0.560000,available,hypothetical_research_only
walleye,27.5,0.550000,available,hypothetical_research_only
walleye,27.6,0.540000,available,hypothetical_research_only
walleye,27.7,0.530000,available,hypothetical_research_only
walleye,27.8,0.520000,available,hypothetical_research_only
walleye,27.9,0.510000,available,hypothetical_research_only
walleye,28.0,0.500000,available,hypothetical_research_only
walleye,28.1,0.490000,available,hypothetical_research_only
walleye,28.2,0.480000,available,hypothetical_research_only
walleye,28.3,0.470000,available,hypothetical_research_only
walleye,28.4,0.460000,available,hypothetical_research_only
walleye,28.5,0.450000,available,hypothetical_research_only
walleye,28.6,0.440000,available,hypothetical_research_only
walleye,28.7,0.430000,available,hypothetical_research_only
walleye,28.8,0.420000,available,hypothetical_research_only
walleye,28.9,0.410000,available,hypothetical_research_only
walleye,29.0,0.400000,available,hypothetical_research_only
walleye,29.1,0.393333,available,hypothetical_research_only
walleye,29.2,0.386667,available,hypothetical_research_only
walleye,29.3,0.380000,available,hypothetical_research_only
walleye,29.4,0.373333,available,hypothetical_research_only
walleye,29.5,0.366667,available,hypothetical_research_only
walleye,29.6,0.360000,available,hypothetical_research_only
walleye,29.7,0.353333,available,hypothetical_research_only
walleye,29.8,0.346667,available,hypothetical_research_only
walleye,29.9,0.340000,available,hypothetical_research_only
walleye,30.0,0.333333,available,hypothetical_research_only
walleye,30.1,0.326667,available,hypothetical_research_only
walleye,30.2,0.320000,available,hypothetical_research_only
walleye,30.3,0.313333,available,hypothetical_research_only
walleye,30.4,0.306667,available,hypothetical_research_only
walleye,30.5,0.300000,available,hypothetical_research_only
walleye,30.6,0.293333,available,hypothetical_research_only
walleye,30.7,0.286667,available,hypothetical_research_only
walleye,30.8,0.280000,available,hypothetical_research_only
walleye,30.9,0.273333,available,hypothetical_research_only
walleye,31.0,0.266667,available,hypothetical_research_only
walleye,31.1,0.260000,available,hypothetical_research_only
walleye,31.2,0.253333,available,hypothetical_research_only
walleye,31.3,0.246667,available,hypothetical_research_only
walleye,31.4,0.240000,available,hypothetical_research_only
walleye,31.5,0.233333,available,hypothetical_research_only
walleye,31.6,0.226667,available,hypothetical_research_only
walleye,31.7,0.220000,available,hypothetical_research_only
walleye,31.8,0.213333,available,hypothetical_research_only
walleye,31.9,0.206667,available,hypothetical_research_only
walleye,32.0,0.200000,available,hypothetical_research_only
smallmouth_bass,0.0,0.350000,available,hypothetical_research_only
smallmouth_bass,0.1,0.352500,available,hypothetical_research_only
smallmouth_bass,0.2,0.355000,available,hypothetical_research_only
smallmouth_bass,0.3,0.357500,available,hypothetical_research_only
smallmouth_bass,0.4,0.360000,available,hypothetical_research_only
smallmouth_bass,0.5,0.362500,available,hypothetical_research_only
smallmouth_bass,0.6,0.365000,available,hypothetical_research_only
smallmouth_bass,0.7,0.367500,available,hypothetical_research_only
smallmouth_bass,0.8,0.370000,available,hypothetical_research_only
smallmouth_bass,0.9,0.372500,available,hypothetical_research_only
smallmouth_bass,1.0,0.375000,available,hypothetical_research_only
smallmouth_bass,1.1,0.377500,available,hypothetical_research_only
smallmouth_bass,1.2,0.380000,available,hypothetical_research_only
smallmouth_bass,1.3,0.382500,available,hypothetical_research_only
smallmouth_bass,1.4,0.385000,available,hypothetical_research_only
smallmouth_bass,1.5,0.387500,available,hypothetical_research_only
smallmouth_bass,1.6,0.390000,available,hypothetical_research_only
smallmouth_bass,1.7,0.392500,available,hypothetical_research_only
smallmouth_bass,1.8,0.395000,available,hypothetical_research_only
smallmouth_bass,1.9,0.397500,available,hypothetical_research_only
smallmouth_bass,2.0,0.400000,available,hypothetical_research_only
smallmouth_bass,2.1,0.402500,available,hypothetical_research_only
smallmouth_bass,2.2,0.405000,available,hypothetical_research_only
smallmouth_bass,2.3,0.407500,available,hypothetical_research_only
smallmouth_bass,2.4,0.410000,available,hypothetical_research_only
smallmouth_bass,2.5,0.412500,available,hypothetical_research_only
smallmouth_bass,2.6,0.415000,available,hypothetical_research_only
smallmouth_bass,2.7,0.417500,available,hypothetical_research_only
smallmouth_bass,2.8,0.420000,available,hypothetical_research_only
smallmouth_bass,2.9,0.422500,available,hypothetical_research_only
smallmouth_bass,3.0,0.425000,available,hypothetical_research_only
smallmouth_bass,3.1,0.427500,available,hypothetical_research_only
smallmouth_bass,3.2,0.430000,available,hypothetical_research_only
smallmouth_bass,3.3,0.432500,available,hypothetical_research_only
smallmouth_bass,3.4,0.435000,available,hypothetical_research_only
smallmouth_bass,3.5,0.437500,available,hypothetical_research_only
smallmouth_bass,3.6,0.440000,available,hypothetical_research_only
smallmouth_bass,3.7,0.442500,available,hypothetical_research_only
smallmouth_bass,3.8,0.445000,available,hypothetical_research_only
smallmouth_bass,3.9,0.447500,available,hypothetical_research_only
smallmouth_bass,4.0,0.450000,available,hypothetical_research_only
smallmouth_bass,4.1,0.453750,available,hypothetical_research_only
smallmouth_bass,4.2,0.457500,available,hypothetical_research_only
smallmouth_bass,4.3,0.461250,available,hypothetical_research_only
smallmouth_bass,4.4,0.465000,available,hypothetical_research_only
smallmouth_bass,4.5,0.468750,available,hypothetical_research_only
smallmouth_bass,4.6,0.472500,available,hypothetical_research_only
smallmouth_bass,4.7,0.476250,available,hypothetical_research_only
smallmouth_bass,4.8,0.480000,available,hypothetical_research_only
smallmouth_bass,4.9,0.483750,available,hypothetical_research_only
smallmouth_bass,5.0,0.487500,available,hypothetical_research_only
smallmouth_bass,5.1,0.491250,available,hypothetical_research_only
smallmouth_bass,5.2,0.495000,available,hypothetical_research_only
smallmouth_bass,5.3,0.498750,available,hypothetical_research_only
smallmouth_bass,5.4,0.502500,available,hypothetical_research_only
smallmouth_bass,5.5,0.506250,available,hypothetical_research_only
smallmouth_bass,5.6,0.510000,available,hypothetical_research_only
smallmouth_bass,5.7,0.513750,available,hypothetical_research_only
smallmouth_bass,5.8,0.517500,available,hypothetical_research_only
smallmouth_bass,5.9,0.521250,available,hypothetical_research_only
smallmouth_bass,6.0,0.525000,available,hypothetical_research_only
smallmouth_bass,6.1,0.528750,available,hypothetical_research_only
smallmouth_bass,6.2,0.532500,available,hypothetical_research_only
smallmouth_bass,6.3,0.536250,available,hypothetical_research_only
smallmouth_bass,6.4,0.540000,available,hypothetical_research_only
smallmouth_bass,6.5,0.543750,available,hypothetical_research_only
smallmouth_bass,6.6,0.547500,available,hypothetical_research_only
smallmouth_bass,6.7,0.551250,available,hypothetical_research_only
smallmouth_bass,6.8,0.555000,available,hypothetical_research_only
smallmouth_bass,6.9,0.558750,available,hypothetical_research_only
smallmouth_bass,7.0,0.562500,available,hypothetical_research_only
smallmouth_bass,7.1,0.566250,available,hypothetical_research_only
smallmouth_bass,7.2,0.570000,available,hypothetical_research_only
smallmouth_bass,7.3,0.573750,available,hypothetical_research_only
smallmouth_bass,7.4,0.577500,available,hypothetical_research_only
smallmouth_bass,7.5,0.581250,available,hypothetical_research_only
smallmouth_bass,7.6,0.585000,available,hypothetical_research_only
smallmouth_bass,7.7,0.588750,available,hypothetical_research_only
smallmouth_bass,7.8,0.592500,available,hypothetical_research_only
smallmouth_bass,7.9,0.596250,available,hypothetical_research_only
smallmouth_bass,8.0,0.600000,available,hypothetical_research_only
smallmouth_bass,8.1,0.603750,available,hypothetical_research_only
smallmouth_bass,8.2,0.607500,available,hypothetical_research_only
smallmouth_bass,8.3,0.611250,available,hypothetical_research_only
smallmouth_bass,8.4,0.615000,available,hypothetical_research_only
smallmouth_bass,8.5,0.618750,available,hypothetical_research_only
smallmouth_bass,8.6,0.622500,available,hypothetical_research_only
smallmouth_bass,8.7,0.626250,available,hypothetical_research_only
smallmouth_bass,8.8,0.630000,available,hypothetical_research_only
smallmouth_bass,8.9,0.633750,available,hypothetical_research_only
smallmouth_bass,9.0,0.637500,available,hypothetical_research_only
smallmouth_bass,9.1,0.641250,available,hypothetical_research_only
smallmouth_bass,9.2,0.645000,available,hypothetical_research_only
smallmouth_bass,9.3,0.648750,available,hypothetical_research_only
smallmouth_bass,9.4,0.652500,available,hypothetical_research_only
smallmouth_bass,9.5,0.656250,available,hypothetical_research_only
smallmouth_bass,9.6,0.660000,available,hypothetical_research_only
smallmouth_bass,9.7,0.663750,available,hypothetical_research_only
smallmouth_bass,9.8,0.667500,available,hypothetical_research_only
smallmouth_bass,9.9,0.671250,available,hypothetical_research_only
smallmouth_bass,10.0,0.675000,available,hypothetical_research_only
smallmouth_bass,10.1,0.678750,available,hypothetical_research_only
smallmouth_bass,10.2,0.682500,available,hypothetical_research_only
smallmouth_bass,10.3,0.686250,available,hypothetical_research_only
smallmouth_bass,10.4,0.690000,available,hypothetical_research_only
smallmouth_bass,10.5,0.693750,available,hypothetical_research_only
smallmouth_bass,10.6,0.697500,available,hypothetical_research_only
smallmouth_bass,10.7,0.701250,available,hypothetical_research_only
smallmouth_bass,10.8,0.705000,available,hypothetical_research_only
smallmouth_bass,10.9,0.708750,available,hypothetical_research_only
smallmouth_bass,11.0,0.712500,available,hypothetical_research_only
smallmouth_bass,11.1,0.716250,available,hypothetical_research_only
smallmouth_bass,11.2,0.720000,available,hypothetical_research_only
smallmouth_bass,11.3,0.723750,available,hypothetical_research_only
smallmouth_bass,11.4,0.727500,available,hypothetical_research_only
smallmouth_bass,11.5,0.731250,available,hypothetical_research_only
smallmouth_bass,11.6,0.735000,available,hypothetical_research_only
smallmouth_bass,11.7,0.738750,available,hypothetical_research_only
smallmouth_bass,11.8,0.742500,available,hypothetical_research_only
smallmouth_bass,11.9,0.746250,available,hypothetical_research_only
smallmouth_bass,12.0,0.750000,available,hypothetical_research_only
smallmouth_bass,12.1,0.753750,available,hypothetical_research_only
smallmouth_bass,12.2,0.757500,available,hypothetical_research_only
smallmouth_bass,12.3,0.761250,available,hypothetical_research_only
smallmouth_bass,12.4,0.765000,available,hypothetical_research_only
smallmouth_bass,12.5,0.768750,available,hypothetical_research_only
smallmouth_bass,12.6,0.772500,available,hypothetical_research_only
smallmouth_bass,12.7,0.776250,available,hypothetical_research_only
smallmouth_bass,12.8,0.780000,available,hypothetical_research_only
smallmouth_bass,12.9,0.783750,available,hypothetical_research_only
smallmouth_bass,13.0,0.787500,available,hypothetical_research_only
smallmouth_bass,13.1,0.791250,available,hypothetical_research_only
smallmouth_bass,13.2,0.795000,available,hypothetical_research_only
smallmouth_bass,13.3,0.798750,available,hypothetical_research_only
smallmouth_bass,13.4,0.802500,available,hypothetical_research_only
smallmouth_bass,13.5,0.806250,available,hypothetical_research_only
smallmouth_bass,13.6,0.810000,available,hypothetical_research_only
smallmouth_bass,13.7,0.813750,available,hypothetical_research_only
smallmouth_bass,13.8,0.817500,available,hypothetical_research_only
smallmouth_bass,13.9,0.821250,available,hypothetical_research_only
smallmouth_bass,14.0,0.825000,available,hypothetical_research_only
smallmouth_bass,14.1,0.828750,available,hypothetical_research_only
smallmouth_bass,14.2,0.832500,available,hypothetical_research_only
smallmouth_bass,14.3,0.836250,available,hypothetical_research_only
smallmouth_bass,14.4,0.840000,available,hypothetical_research_only
smallmouth_bass,14.5,0.843750,available,hypothetical_research_only
smallmouth_bass,14.6,0.847500,available,hypothetical_research_only
smallmouth_bass,14.7,0.851250,available,hypothetical_research_only
smallmouth_bass,14.8,0.855000,available,hypothetical_research_only
smallmouth_bass,14.9,0.858750,available,hypothetical_research_only
smallmouth_bass,15.0,0.862500,available,hypothetical_research_only
smallmouth_bass,15.1,0.866250,available,hypothetical_research_only
smallmouth_bass,15.2,0.870000,available,hypothetical_research_only
smallmouth_bass,15.3,0.873750,available,hypothetical_research_only
smallmouth_bass,15.4,0.877500,available,hypothetical_research_only
smallmouth_bass,15.5,0.881250,available,hypothetical_research_only
smallmouth_bass,15.6,0.885000,available,hypothetical_research_only
smallmouth_bass,15.7,0.888750,available,hypothetical_research_only
smallmouth_bass,15.8,0.892500,available,hypothetical_research_only
smallmouth_bass,15.9,0.896250,available,hypothetical_research_only
smallmouth_bass,16.0,0.900000,available,hypothetical_research_only
smallmouth_bass,16.1,0.902500,available,hypothetical_research_only
smallmouth_bass,16.2,0.905000,available,hypothetical_research_only
smallmouth_bass,16.3,0.907500,available,hypothetical_research_only
smallmouth_bass,16.4,0.910000,available,hypothetical_research_only
smallmouth_bass,16.5,0.912500,available,hypothetical_research_only
smallmouth_bass,16.6,0.915000,available,hypothetical_research_only
smallmouth_bass,16.7,0.917500,available,hypothetical_research_only
smallmouth_bass,16.8,0.920000,available,hypothetical_research_only
smallmouth_bass,16.9,0.922500,available,hypothetical_research_only
smallmouth_bass,17.0,0.925000,available,hypothetical_research_only
smallmouth_bass,17.1,0.927500,available,hypothetical_research_only
smallmouth_bass,17.2,0.930000,available,hypothetical_research_only
smallmouth_bass,17.3,0.932500,available,hypothetical_research_only
smallmouth_bass,17.4,0.935000,available,hypothetical_research_only
smallmouth_bass,17.5,0.937500,available,hypothetical_research_only
smallmouth_bass,17.6,0.940000,available,hypothetical_research_only
smallmouth_bass,17.7,0.942500,available,hypothetical_research_only
smallmouth_bass,17.8,0.945000,available,hypothetical_research_only
smallmouth_bass,17.9,0.947500,available,hypothetical_research_only
smallmouth_bass,18.0,0.950000,available,hypothetical_research_only
smallmouth_bass,18.1,0.952500,available,hypothetical_research_only
smallmouth_bass,18.2,0.955000,available,hypothetical_research_only
smallmouth_bass,18.3,0.957500,available,hypothetical_research_only
smallmouth_bass,18.4,0.960000,available,hypothetical_research_only
smallmouth_bass,18.5,0.962500,available,hypothetical_research_only
smallmouth_bass,18.6,0.965000,available,hypothetical_research_only
smallmouth_bass,18.7,0.967500,available,hypothetical_research_only
smallmouth_bass,18.8,0.970000,available,hypothetical_research_only
smallmouth_bass,18.9,0.972500,available,hypothetical_research_only
smallmouth_bass,19.0,0.975000,available,hypothetical_research_only
smallmouth_bass,19.1,0.977500,available,hypothetical_research_only
smallmouth_bass,19.2,0.980000,available,hypothetical_research_only
smallmouth_bass,19.3,0.982500,available,hypothetical_research_only
smallmouth_bass,19.4,0.985000,available,hypothetical_research_only
smallmouth_bass,19.5,0.987500,available,hypothetical_research_only
smallmouth_bass,19.6,0.990000,available,hypothetical_research_only
smallmouth_bass,19.7,0.992500,available,hypothetical_research_only
smallmouth_bass,19.8,0.995000,available,hypothetical_research_only
smallmouth_bass,19.9,0.997500,available,hypothetical_research_only
smallmouth_bass,20.0,1.000000,available,hypothetical_research_only
smallmouth_bass,20.1,1.000000,available,hypothetical_research_only
smallmouth_bass,20.2,1.000000,available,hypothetical_research_only
smallmouth_bass,20.3,1.000000,available,hypothetical_research_only
smallmouth_bass,20.4,1.000000,available,hypothetical_research_only
smallmouth_bass,20.5,1.000000,available,hypothetical_research_only
smallmouth_bass,20.6,1.000000,available,hypothetical_research_only
smallmouth_bass,20.7,1.000000,available,hypothetical_research_only
smallmouth_bass,20.8,1.000000,available,hypothetical_research_only
smallmouth_bass,20.9,1.000000,available,hypothetical_research_only
smallmouth_bass,21.0,1.000000,available,hypothetical_research_only
smallmouth_bass,21.1,1.000000,available,hypothetical_research_only
smallmouth_bass,21.2,1.000000,available,hypothetical_research_only
smallmouth_bass,21.3,1.000000,available,hypothetical_research_only
smallmouth_bass,21.4,1.000000,available,hypothetical_research_only
smallmouth_bass,21.5,1.000000,available,hypothetical_research_only
smallmouth_bass,21.6,1.000000,available,hypothetical_research_only
smallmouth_bass,21.7,1.000000,available,hypothetical_research_only
smallmouth_bass,21.8,1.000000,available,hypothetical_research_only
smallmouth_bass,21.9,1.000000,available,hypothetical_research_only
smallmouth_bass,22.0,1.000000,available,hypothetical_research_only
smallmouth_bass,22.1,1.000000,available,hypothetical_research_only
smallmouth_bass,22.2,1.000000,available,hypothetical_research_only
smallmouth_bass,22.3,1.000000,available,hypothetical_research_only
smallmouth_bass,22.4,1.000000,available,hypothetical_research_only
smallmouth_bass,22.5,1.000000,available,hypothetical_research_only
smallmouth_bass,22.6,1.000000,available,hypothetical_research_only
smallmouth_bass,22.7,1.000000,available,hypothetical_research_only
smallmouth_bass,22.8,1.000000,available,hypothetical_research_only
smallmouth_bass,22.9,1.000000,available,hypothetical_research_only
smallmouth_bass,23.0,1.000000,available,hypothetical_research_only
smallmouth_bass,23.1,1.000000,available,hypothetical_research_only
smallmouth_bass,23.2,1.000000,available,hypothetical_research_only
smallmouth_bass,23.3,1.000000,available,hypothetical_research_only
smallmouth_bass,23.4,1.000000,available,hypothetical_research_only
smallmouth_bass,23.5,1.000000,available,hypothetical_research_only
smallmouth_bass,23.6,1.000000,available,hypothetical_research_only
smallmouth_bass,23.7,1.000000,available,hypothetical_research_only
smallmouth_bass,23.8,1.000000,available,hypothetical_research_only
smallmouth_bass,23.9,1.000000,available,hypothetical_research_only
smallmouth_bass,24.0,1.000000,available,hypothetical_research_only
smallmouth_bass,24.1,1.000000,available,hypothetical_research_only
smallmouth_bass,24.2,1.000000,available,hypothetical_research_only
smallmouth_bass,24.3,1.000000,available,hypothetical_research_only
smallmouth_bass,24.4,1.000000,available,hypothetical_research_only
smallmouth_bass,24.5,1.000000,available,hypothetical_research_only
smallmouth_bass,24.6,1.000000,available,hypothetical_research_only
smallmouth_bass,24.7,1.000000,available,hypothetical_research_only
smallmouth_bass,24.8,1.000000,available,hypothetical_research_only
smallmouth_bass,24.9,1.000000,available,hypothetical_research_only
smallmouth_bass,25.0,1.000000,available,hypothetical_research_only
smallmouth_bass,25.1,1.000000,available,hypothetical_research_only
smallmouth_bass,25.2,1.000000,available,hypothetical_research_only
smallmouth_bass,25.3,1.000000,available,hypothetical_research_only
smallmouth_bass,25.4,1.000000,available,hypothetical_research_only
smallmouth_bass,25.5,1.000000,available,hypothetical_research_only
smallmouth_bass,25.6,1.000000,available,hypothetical_research_only
smallmouth_bass,25.7,1.000000,available,hypothetical_research_only
smallmouth_bass,25.8,1.000000,available,hypothetical_research_only
smallmouth_bass,25.9,1.000000,available,hypothetical_research_only
smallmouth_bass,26.0,1.000000,available,hypothetical_research_only
smallmouth_bass,26.1,0.995000,available,hypothetical_research_only
smallmouth_bass,26.2,0.990000,available,hypothetical_research_only
smallmouth_bass,26.3,0.985000,available,hypothetical_research_only
smallmouth_bass,26.4,0.980000,available,hypothetical_research_only
smallmouth_bass,26.5,0.975000,available,hypothetical_research_only
smallmouth_bass,26.6,0.970000,available,hypothetical_research_only
smallmouth_bass,26.7,0.965000,available,hypothetical_research_only
smallmouth_bass,26.8,0.960000,available,hypothetical_research_only
smallmouth_bass,26.9,0.955000,available,hypothetical_research_only
smallmouth_bass,27.0,0.950000,available,hypothetical_research_only
smallmouth_bass,27.1,0.945000,available,hypothetical_research_only
smallmouth_bass,27.2,0.940000,available,hypothetical_research_only
smallmouth_bass,27.3,0.935000,available,hypothetical_research_only
smallmouth_bass,27.4,0.930000,available,hypothetical_research_only
smallmouth_bass,27.5,0.925000,available,hypothetical_research_only
smallmouth_bass,27.6,0.920000,available,hypothetical_research_only
smallmouth_bass,27.7,0.915000,available,hypothetical_research_only
smallmouth_bass,27.8,0.910000,available,hypothetical_research_only
smallmouth_bass,27.9,0.905000,available,hypothetical_research_only
smallmouth_bass,28.0,0.900000,available,hypothetical_research_only
smallmouth_bass,28.1,0.895000,available,hypothetical_research_only
smallmouth_bass,28.2,0.890000,available,hypothetical_research_only
smallmouth_bass,28.3,0.885000,available,hypothetical_research_only
smallmouth_bass,28.4,0.880000,available,hypothetical_research_only
smallmouth_bass,28.5,0.875000,available,hypothetical_research_only
smallmouth_bass,28.6,0.870000,available,hypothetical_research_only
smallmouth_bass,28.7,0.865000,available,hypothetical_research_only
smallmouth_bass,28.8,0.860000,available,hypothetical_research_only
smallmouth_bass,28.9,0.855000,available,hypothetical_research_only
smallmouth_bass,29.0,0.850000,available,hypothetical_research_only
smallmouth_bass,29.1,0.841667,available,hypothetical_research_only
smallmouth_bass,29.2,0.833333,available,hypothetical_research_only
smallmouth_bass,29.3,0.825000,available,hypothetical_research_only
smallmouth_bass,29.4,0.816667,available,hypothetical_research_only
smallmouth_bass,29.5,0.808333,available,hypothetical_research_only
smallmouth_bass,29.6,0.800000,available,hypothetical_research_only
smallmouth_bass,29.7,0.791667,available,hypothetical_research_only
smallmouth_bass,29.8,0.783333,available,hypothetical_research_only
smallmouth_bass,29.9,0.775000,available,hypothetical_research_only
smallmouth_bass,30.0,0.766667,available,hypothetical_research_only
smallmouth_bass,30.1,0.758333,available,hypothetical_research_only
smallmouth_bass,30.2,0.750000,available,hypothetical_research_only
smallmouth_bass,30.3,0.741667,available,hypothetical_research_only
smallmouth_bass,30.4,0.733333,available,hypothetical_research_only
smallmouth_bass,30.5,0.725000,available,hypothetical_research_only
smallmouth_bass,30.6,0.716667,available,hypothetical_research_only
smallmouth_bass,30.7,0.708333,available,hypothetical_research_only
smallmouth_bass,30.8,0.700000,available,hypothetical_research_only
smallmouth_bass,30.9,0.691667,available,hypothetical_research_only
smallmouth_bass,31.0,0.683333,available,hypothetical_research_only
smallmouth_bass,31.1,0.675000,available,hypothetical_research_only
smallmouth_bass,31.2,0.666667,available,hypothetical_research_only
smallmouth_bass,31.3,0.658333,available,hypothetical_research_only
smallmouth_bass,31.4,0.650000,available,hypothetical_research_only
smallmouth_bass,31.5,0.641667,available,hypothetical_research_only
smallmouth_bass,31.6,0.633333,available,hypothetical_research_only
smallmouth_bass,31.7,0.625000,available,hypothetical_research_only
smallmouth_bass,31.8,0.616667,available,hypothetical_research_only
smallmouth_bass,31.9,0.608333,available,hypothetical_research_only
smallmouth_bass,32.0,0.600000,available,hypothetical_research_only
freshwater_drum,0.0,0.300000,available,hypothetical_research_only
freshwater_drum,0.1,0.302500,available,hypothetical_research_only
freshwater_drum,0.2,0.305000,available,hypothetical_research_only
freshwater_drum,0.3,0.307500,available,hypothetical_research_only
freshwater_drum,0.4,0.310000,available,hypothetical_research_only
freshwater_drum,0.5,0.312500,available,hypothetical_research_only
freshwater_drum,0.6,0.315000,available,hypothetical_research_only
freshwater_drum,0.7,0.317500,available,hypothetical_research_only
freshwater_drum,0.8,0.320000,available,hypothetical_research_only
freshwater_drum,0.9,0.322500,available,hypothetical_research_only
freshwater_drum,1.0,0.325000,available,hypothetical_research_only
freshwater_drum,1.1,0.327500,available,hypothetical_research_only
freshwater_drum,1.2,0.330000,available,hypothetical_research_only
freshwater_drum,1.3,0.332500,available,hypothetical_research_only
freshwater_drum,1.4,0.335000,available,hypothetical_research_only
freshwater_drum,1.5,0.337500,available,hypothetical_research_only
freshwater_drum,1.6,0.340000,available,hypothetical_research_only
freshwater_drum,1.7,0.342500,available,hypothetical_research_only
freshwater_drum,1.8,0.345000,available,hypothetical_research_only
freshwater_drum,1.9,0.347500,available,hypothetical_research_only
freshwater_drum,2.0,0.350000,available,hypothetical_research_only
freshwater_drum,2.1,0.352500,available,hypothetical_research_only
freshwater_drum,2.2,0.355000,available,hypothetical_research_only
freshwater_drum,2.3,0.357500,available,hypothetical_research_only
freshwater_drum,2.4,0.360000,available,hypothetical_research_only
freshwater_drum,2.5,0.362500,available,hypothetical_research_only
freshwater_drum,2.6,0.365000,available,hypothetical_research_only
freshwater_drum,2.7,0.367500,available,hypothetical_research_only
freshwater_drum,2.8,0.370000,available,hypothetical_research_only
freshwater_drum,2.9,0.372500,available,hypothetical_research_only
freshwater_drum,3.0,0.375000,available,hypothetical_research_only
freshwater_drum,3.1,0.377500,available,hypothetical_research_only
freshwater_drum,3.2,0.380000,available,hypothetical_research_only
freshwater_drum,3.3,0.382500,available,hypothetical_research_only
freshwater_drum,3.4,0.385000,available,hypothetical_research_only
freshwater_drum,3.5,0.387500,available,hypothetical_research_only
freshwater_drum,3.6,0.390000,available,hypothetical_research_only
freshwater_drum,3.7,0.392500,available,hypothetical_research_only
freshwater_drum,3.8,0.395000,available,hypothetical_research_only
freshwater_drum,3.9,0.397500,available,hypothetical_research_only
freshwater_drum,4.0,0.400000,available,hypothetical_research_only
freshwater_drum,4.1,0.403750,available,hypothetical_research_only
freshwater_drum,4.2,0.407500,available,hypothetical_research_only
freshwater_drum,4.3,0.411250,available,hypothetical_research_only
freshwater_drum,4.4,0.415000,available,hypothetical_research_only
freshwater_drum,4.5,0.418750,available,hypothetical_research_only
freshwater_drum,4.6,0.422500,available,hypothetical_research_only
freshwater_drum,4.7,0.426250,available,hypothetical_research_only
freshwater_drum,4.8,0.430000,available,hypothetical_research_only
freshwater_drum,4.9,0.433750,available,hypothetical_research_only
freshwater_drum,5.0,0.437500,available,hypothetical_research_only
freshwater_drum,5.1,0.441250,available,hypothetical_research_only
freshwater_drum,5.2,0.445000,available,hypothetical_research_only
freshwater_drum,5.3,0.448750,available,hypothetical_research_only
freshwater_drum,5.4,0.452500,available,hypothetical_research_only
freshwater_drum,5.5,0.456250,available,hypothetical_research_only
freshwater_drum,5.6,0.460000,available,hypothetical_research_only
freshwater_drum,5.7,0.463750,available,hypothetical_research_only
freshwater_drum,5.8,0.467500,available,hypothetical_research_only
freshwater_drum,5.9,0.471250,available,hypothetical_research_only
freshwater_drum,6.0,0.475000,available,hypothetical_research_only
freshwater_drum,6.1,0.478750,available,hypothetical_research_only
freshwater_drum,6.2,0.482500,available,hypothetical_research_only
freshwater_drum,6.3,0.486250,available,hypothetical_research_only
freshwater_drum,6.4,0.490000,available,hypothetical_research_only
freshwater_drum,6.5,0.493750,available,hypothetical_research_only
freshwater_drum,6.6,0.497500,available,hypothetical_research_only
freshwater_drum,6.7,0.501250,available,hypothetical_research_only
freshwater_drum,6.8,0.505000,available,hypothetical_research_only
freshwater_drum,6.9,0.508750,available,hypothetical_research_only
freshwater_drum,7.0,0.512500,available,hypothetical_research_only
freshwater_drum,7.1,0.516250,available,hypothetical_research_only
freshwater_drum,7.2,0.520000,available,hypothetical_research_only
freshwater_drum,7.3,0.523750,available,hypothetical_research_only
freshwater_drum,7.4,0.527500,available,hypothetical_research_only
freshwater_drum,7.5,0.531250,available,hypothetical_research_only
freshwater_drum,7.6,0.535000,available,hypothetical_research_only
freshwater_drum,7.7,0.538750,available,hypothetical_research_only
freshwater_drum,7.8,0.542500,available,hypothetical_research_only
freshwater_drum,7.9,0.546250,available,hypothetical_research_only
freshwater_drum,8.0,0.550000,available,hypothetical_research_only
freshwater_drum,8.1,0.553750,available,hypothetical_research_only
freshwater_drum,8.2,0.557500,available,hypothetical_research_only
freshwater_drum,8.3,0.561250,available,hypothetical_research_only
freshwater_drum,8.4,0.565000,available,hypothetical_research_only
freshwater_drum,8.5,0.568750,available,hypothetical_research_only
freshwater_drum,8.6,0.572500,available,hypothetical_research_only
freshwater_drum,8.7,0.576250,available,hypothetical_research_only
freshwater_drum,8.8,0.580000,available,hypothetical_research_only
freshwater_drum,8.9,0.583750,available,hypothetical_research_only
freshwater_drum,9.0,0.587500,available,hypothetical_research_only
freshwater_drum,9.1,0.591250,available,hypothetical_research_only
freshwater_drum,9.2,0.595000,available,hypothetical_research_only
freshwater_drum,9.3,0.598750,available,hypothetical_research_only
freshwater_drum,9.4,0.602500,available,hypothetical_research_only
freshwater_drum,9.5,0.606250,available,hypothetical_research_only
freshwater_drum,9.6,0.610000,available,hypothetical_research_only
freshwater_drum,9.7,0.613750,available,hypothetical_research_only
freshwater_drum,9.8,0.617500,available,hypothetical_research_only
freshwater_drum,9.9,0.621250,available,hypothetical_research_only
freshwater_drum,10.0,0.625000,available,hypothetical_research_only
freshwater_drum,10.1,0.628750,available,hypothetical_research_only
freshwater_drum,10.2,0.632500,available,hypothetical_research_only
freshwater_drum,10.3,0.636250,available,hypothetical_research_only
freshwater_drum,10.4,0.640000,available,hypothetical_research_only
freshwater_drum,10.5,0.643750,available,hypothetical_research_only
freshwater_drum,10.6,0.647500,available,hypothetical_research_only
freshwater_drum,10.7,0.651250,available,hypothetical_research_only
freshwater_drum,10.8,0.655000,available,hypothetical_research_only
freshwater_drum,10.9,0.658750,available,hypothetical_research_only
freshwater_drum,11.0,0.662500,available,hypothetical_research_only
freshwater_drum,11.1,0.666250,available,hypothetical_research_only
freshwater_drum,11.2,0.670000,available,hypothetical_research_only
freshwater_drum,11.3,0.673750,available,hypothetical_research_only
freshwater_drum,11.4,0.677500,available,hypothetical_research_only
freshwater_drum,11.5,0.681250,available,hypothetical_research_only
freshwater_drum,11.6,0.685000,available,hypothetical_research_only
freshwater_drum,11.7,0.688750,available,hypothetical_research_only
freshwater_drum,11.8,0.692500,available,hypothetical_research_only
freshwater_drum,11.9,0.696250,available,hypothetical_research_only
freshwater_drum,12.0,0.700000,available,hypothetical_research_only
freshwater_drum,12.1,0.703750,available,hypothetical_research_only
freshwater_drum,12.2,0.707500,available,hypothetical_research_only
freshwater_drum,12.3,0.711250,available,hypothetical_research_only
freshwater_drum,12.4,0.715000,available,hypothetical_research_only
freshwater_drum,12.5,0.718750,available,hypothetical_research_only
freshwater_drum,12.6,0.722500,available,hypothetical_research_only
freshwater_drum,12.7,0.726250,available,hypothetical_research_only
freshwater_drum,12.8,0.730000,available,hypothetical_research_only
freshwater_drum,12.9,0.733750,available,hypothetical_research_only
freshwater_drum,13.0,0.737500,available,hypothetical_research_only
freshwater_drum,13.1,0.741250,available,hypothetical_research_only
freshwater_drum,13.2,0.745000,available,hypothetical_research_only
freshwater_drum,13.3,0.748750,available,hypothetical_research_only
freshwater_drum,13.4,0.752500,available,hypothetical_research_only
freshwater_drum,13.5,0.756250,available,hypothetical_research_only
freshwater_drum,13.6,0.760000,available,hypothetical_research_only
freshwater_drum,13.7,0.763750,available,hypothetical_research_only
freshwater_drum,13.8,0.767500,available,hypothetical_research_only
freshwater_drum,13.9,0.771250,available,hypothetical_research_only
freshwater_drum,14.0,0.775000,available,hypothetical_research_only
freshwater_drum,14.1,0.778750,available,hypothetical_research_only
freshwater_drum,14.2,0.782500,available,hypothetical_research_only
freshwater_drum,14.3,0.786250,available,hypothetical_research_only
freshwater_drum,14.4,0.790000,available,hypothetical_research_only
freshwater_drum,14.5,0.793750,available,hypothetical_research_only
freshwater_drum,14.6,0.797500,available,hypothetical_research_only
freshwater_drum,14.7,0.801250,available,hypothetical_research_only
freshwater_drum,14.8,0.805000,available,hypothetical_research_only
freshwater_drum,14.9,0.808750,available,hypothetical_research_only
freshwater_drum,15.0,0.812500,available,hypothetical_research_only
freshwater_drum,15.1,0.816250,available,hypothetical_research_only
freshwater_drum,15.2,0.820000,available,hypothetical_research_only
freshwater_drum,15.3,0.823750,available,hypothetical_research_only
freshwater_drum,15.4,0.827500,available,hypothetical_research_only
freshwater_drum,15.5,0.831250,available,hypothetical_research_only
freshwater_drum,15.6,0.835000,available,hypothetical_research_only
freshwater_drum,15.7,0.838750,available,hypothetical_research_only
freshwater_drum,15.8,0.842500,available,hypothetical_research_only
freshwater_drum,15.9,0.846250,available,hypothetical_research_only
freshwater_drum,16.0,0.850000,available,hypothetical_research_only
freshwater_drum,16.1,0.852500,available,hypothetical_research_only
freshwater_drum,16.2,0.855000,available,hypothetical_research_only
freshwater_drum,16.3,0.857500,available,hypothetical_research_only
freshwater_drum,16.4,0.860000,available,hypothetical_research_only
freshwater_drum,16.5,0.862500,available,hypothetical_research_only
freshwater_drum,16.6,0.865000,available,hypothetical_research_only
freshwater_drum,16.7,0.867500,available,hypothetical_research_only
freshwater_drum,16.8,0.870000,available,hypothetical_research_only
freshwater_drum,16.9,0.872500,available,hypothetical_research_only
freshwater_drum,17.0,0.875000,available,hypothetical_research_only
freshwater_drum,17.1,0.877500,available,hypothetical_research_only
freshwater_drum,17.2,0.880000,available,hypothetical_research_only
freshwater_drum,17.3,0.882500,available,hypothetical_research_only
freshwater_drum,17.4,0.885000,available,hypothetical_research_only
freshwater_drum,17.5,0.887500,available,hypothetical_research_only
freshwater_drum,17.6,0.890000,available,hypothetical_research_only
freshwater_drum,17.7,0.892500,available,hypothetical_research_only
freshwater_drum,17.8,0.895000,available,hypothetical_research_only
freshwater_drum,17.9,0.897500,available,hypothetical_research_only
freshwater_drum,18.0,0.900000,available,hypothetical_research_only
freshwater_drum,18.1,0.902500,available,hypothetical_research_only
freshwater_drum,18.2,0.905000,available,hypothetical_research_only
freshwater_drum,18.3,0.907500,available,hypothetical_research_only
freshwater_drum,18.4,0.910000,available,hypothetical_research_only
freshwater_drum,18.5,0.912500,available,hypothetical_research_only
freshwater_drum,18.6,0.915000,available,hypothetical_research_only
freshwater_drum,18.7,0.917500,available,hypothetical_research_only
freshwater_drum,18.8,0.920000,available,hypothetical_research_only
freshwater_drum,18.9,0.922500,available,hypothetical_research_only
freshwater_drum,19.0,0.925000,available,hypothetical_research_only
freshwater_drum,19.1,0.927500,available,hypothetical_research_only
freshwater_drum,19.2,0.930000,available,hypothetical_research_only
freshwater_drum,19.3,0.932500,available,hypothetical_research_only
freshwater_drum,19.4,0.935000,available,hypothetical_research_only
freshwater_drum,19.5,0.937500,available,hypothetical_research_only
freshwater_drum,19.6,0.940000,available,hypothetical_research_only
freshwater_drum,19.7,0.942500,available,hypothetical_research_only
freshwater_drum,19.8,0.945000,available,hypothetical_research_only
freshwater_drum,19.9,0.947500,available,hypothetical_research_only
freshwater_drum,20.0,0.950000,available,hypothetical_research_only
freshwater_drum,20.1,0.952500,available,hypothetical_research_only
freshwater_drum,20.2,0.955000,available,hypothetical_research_only
freshwater_drum,20.3,0.957500,available,hypothetical_research_only
freshwater_drum,20.4,0.960000,available,hypothetical_research_only
freshwater_drum,20.5,0.962500,available,hypothetical_research_only
freshwater_drum,20.6,0.965000,available,hypothetical_research_only
freshwater_drum,20.7,0.967500,available,hypothetical_research_only
freshwater_drum,20.8,0.970000,available,hypothetical_research_only
freshwater_drum,20.9,0.972500,available,hypothetical_research_only
freshwater_drum,21.0,0.975000,available,hypothetical_research_only
freshwater_drum,21.1,0.977500,available,hypothetical_research_only
freshwater_drum,21.2,0.980000,available,hypothetical_research_only
freshwater_drum,21.3,0.982500,available,hypothetical_research_only
freshwater_drum,21.4,0.985000,available,hypothetical_research_only
freshwater_drum,21.5,0.987500,available,hypothetical_research_only
freshwater_drum,21.6,0.990000,available,hypothetical_research_only
freshwater_drum,21.7,0.992500,available,hypothetical_research_only
freshwater_drum,21.8,0.995000,available,hypothetical_research_only
freshwater_drum,21.9,0.997500,available,hypothetical_research_only
freshwater_drum,22.0,1.000000,available,hypothetical_research_only
freshwater_drum,22.1,1.000000,available,hypothetical_research_only
freshwater_drum,22.2,1.000000,available,hypothetical_research_only
freshwater_drum,22.3,1.000000,available,hypothetical_research_only
freshwater_drum,22.4,1.000000,available,hypothetical_research_only
freshwater_drum,22.5,1.000000,available,hypothetical_research_only
freshwater_drum,22.6,1.000000,available,hypothetical_research_only
freshwater_drum,22.7,1.000000,available,hypothetical_research_only
freshwater_drum,22.8,1.000000,available,hypothetical_research_only
freshwater_drum,22.9,1.000000,available,hypothetical_research_only
freshwater_drum,23.0,1.000000,available,hypothetical_research_only
freshwater_drum,23.1,1.000000,available,hypothetical_research_only
freshwater_drum,23.2,1.000000,available,hypothetical_research_only
freshwater_drum,23.3,1.000000,available,hypothetical_research_only
freshwater_drum,23.4,1.000000,available,hypothetical_research_only
freshwater_drum,23.5,1.000000,available,hypothetical_research_only
freshwater_drum,23.6,1.000000,available,hypothetical_research_only
freshwater_drum,23.7,1.000000,available,hypothetical_research_only
freshwater_drum,23.8,1.000000,available,hypothetical_research_only
freshwater_drum,23.9,1.000000,available,hypothetical_research_only
freshwater_drum,24.0,1.000000,available,hypothetical_research_only
freshwater_drum,24.1,1.000000,available,hypothetical_research_only
freshwater_drum,24.2,1.000000,available,hypothetical_research_only
freshwater_drum,24.3,1.000000,available,hypothetical_research_only
freshwater_drum,24.4,1.000000,available,hypothetical_research_only
freshwater_drum,24.5,1.000000,available,hypothetical_research_only
freshwater_drum,24.6,1.000000,available,hypothetical_research_only
freshwater_drum,24.7,1.000000,available,hypothetical_research_only
freshwater_drum,24.8,1.000000,available,hypothetical_research_only
freshwater_drum,24.9,1.000000,available,hypothetical_research_only
freshwater_drum,25.0,1.000000,available,hypothetical_research_only
freshwater_drum,25.1,1.000000,available,hypothetical_research_only
freshwater_drum,25.2,1.000000,available,hypothetical_research_only
freshwater_drum,25.3,1.000000,available,hypothetical_research_only
freshwater_drum,25.4,1.000000,available,hypothetical_research_only
freshwater_drum,25.5,1.000000,available,hypothetical_research_only
freshwater_drum,25.6,1.000000,available,hypothetical_research_only
freshwater_drum,25.7,1.000000,available,hypothetical_research_only
freshwater_drum,25.8,1.000000,available,hypothetical_research_only
freshwater_drum,25.9,1.000000,available,hypothetical_research_only
freshwater_drum,26.0,1.000000,available,hypothetical_research_only
freshwater_drum,26.1,1.000000,available,hypothetical_research_only
freshwater_drum,26.2,1.000000,available,hypothetical_research_only
freshwater_drum,26.3,1.000000,available,hypothetical_research_only
freshwater_drum,26.4,1.000000,available,hypothetical_research_only
freshwater_drum,26.5,1.000000,available,hypothetical_research_only
freshwater_drum,26.6,1.000000,available,hypothetical_research_only
freshwater_drum,26.7,1.000000,available,hypothetical_research_only
freshwater_drum,26.8,1.000000,available,hypothetical_research_only
freshwater_drum,26.9,1.000000,available,hypothetical_research_only
freshwater_drum,27.0,1.000000,available,hypothetical_research_only
freshwater_drum,27.1,0.995000,available,hypothetical_research_only
freshwater_drum,27.2,0.990000,available,hypothetical_research_only
freshwater_drum,27.3,0.985000,available,hypothetical_research_only
freshwater_drum,27.4,0.980000,available,hypothetical_research_only
freshwater_drum,27.5,0.975000,available,hypothetical_research_only
freshwater_drum,27.6,0.970000,available,hypothetical_research_only
freshwater_drum,27.7,0.965000,available,hypothetical_research_only
freshwater_drum,27.8,0.960000,available,hypothetical_research_only
freshwater_drum,27.9,0.955000,available,hypothetical_research_only
freshwater_drum,28.0,0.950000,available,hypothetical_research_only
freshwater_drum,28.1,0.945000,available,hypothetical_research_only
freshwater_drum,28.2,0.940000,available,hypothetical_research_only
freshwater_drum,28.3,0.935000,available,hypothetical_research_only
freshwater_drum,28.4,0.930000,available,hypothetical_research_only
freshwater_drum,28.5,0.925000,available,hypothetical_research_only
freshwater_drum,28.6,0.920000,available,hypothetical_research_only
freshwater_drum,28.7,0.915000,available,hypothetical_research_only
freshwater_drum,28.8,0.910000,available,hypothetical_research_only
freshwater_drum,28.9,0.905000,available,hypothetical_research_only
freshwater_drum,29.0,0.900000,available,hypothetical_research_only
freshwater_drum,29.1,0.895000,available,hypothetical_research_only
freshwater_drum,29.2,0.890000,available,hypothetical_research_only
freshwater_drum,29.3,0.885000,available,hypothetical_research_only
freshwater_drum,29.4,0.880000,available,hypothetical_research_only
freshwater_drum,29.5,0.875000,available,hypothetical_research_only
freshwater_drum,29.6,0.870000,available,hypothetical_research_only
freshwater_drum,29.7,0.865000,available,hypothetical_research_only
freshwater_drum,29.8,0.860000,available,hypothetical_research_only
freshwater_drum,29.9,0.855000,available,hypothetical_research_only
freshwater_drum,30.0,0.850000,available,hypothetical_research_only
freshwater_drum,30.1,0.840000,available,hypothetical_research_only
freshwater_drum,30.2,0.830000,available,hypothetical_research_only
freshwater_drum,30.3,0.820000,available,hypothetical_research_only
freshwater_drum,30.4,0.810000,available,hypothetical_research_only
freshwater_drum,30.5,0.800000,available,hypothetical_research_only
freshwater_drum,30.6,0.790000,available,hypothetical_research_only
freshwater_drum,30.7,0.780000,available,hypothetical_research_only
freshwater_drum,30.8,0.770000,available,hypothetical_research_only
freshwater_drum,30.9,0.760000,available,hypothetical_research_only
freshwater_drum,31.0,0.750000,available,hypothetical_research_only
freshwater_drum,31.1,0.740000,available,hypothetical_research_only
freshwater_drum,31.2,0.730000,available,hypothetical_research_only
freshwater_drum,31.3,0.720000,available,hypothetical_research_only
freshwater_drum,31.4,0.710000,available,hypothetical_research_only
freshwater_drum,31.5,0.700000,available,hypothetical_research_only
freshwater_drum,31.6,0.690000,available,hypothetical_research_only
freshwater_drum,31.7,0.680000,available,hypothetical_research_only
freshwater_drum,31.8,0.670000,available,hypothetical_research_only
freshwater_drum,31.9,0.660000,available,hypothetical_research_only
freshwater_drum,32.0,0.650000,available,hypothetical_research_only
yellow_perch,0.0,0.650000,available,hypothetical_research_only
yellow_perch,0.1,0.653750,available,hypothetical_research_only
yellow_perch,0.2,0.657500,available,hypothetical_research_only
yellow_perch,0.3,0.661250,available,hypothetical_research_only
yellow_perch,0.4,0.665000,available,hypothetical_research_only
yellow_perch,0.5,0.668750,available,hypothetical_research_only
yellow_perch,0.6,0.672500,available,hypothetical_research_only
yellow_perch,0.7,0.676250,available,hypothetical_research_only
yellow_perch,0.8,0.680000,available,hypothetical_research_only
yellow_perch,0.9,0.683750,available,hypothetical_research_only
yellow_perch,1.0,0.687500,available,hypothetical_research_only
yellow_perch,1.1,0.691250,available,hypothetical_research_only
yellow_perch,1.2,0.695000,available,hypothetical_research_only
yellow_perch,1.3,0.698750,available,hypothetical_research_only
yellow_perch,1.4,0.702500,available,hypothetical_research_only
yellow_perch,1.5,0.706250,available,hypothetical_research_only
yellow_perch,1.6,0.710000,available,hypothetical_research_only
yellow_perch,1.7,0.713750,available,hypothetical_research_only
yellow_perch,1.8,0.717500,available,hypothetical_research_only
yellow_perch,1.9,0.721250,available,hypothetical_research_only
yellow_perch,2.0,0.725000,available,hypothetical_research_only
yellow_perch,2.1,0.728750,available,hypothetical_research_only
yellow_perch,2.2,0.732500,available,hypothetical_research_only
yellow_perch,2.3,0.736250,available,hypothetical_research_only
yellow_perch,2.4,0.740000,available,hypothetical_research_only
yellow_perch,2.5,0.743750,available,hypothetical_research_only
yellow_perch,2.6,0.747500,available,hypothetical_research_only
yellow_perch,2.7,0.751250,available,hypothetical_research_only
yellow_perch,2.8,0.755000,available,hypothetical_research_only
yellow_perch,2.9,0.758750,available,hypothetical_research_only
yellow_perch,3.0,0.762500,available,hypothetical_research_only
yellow_perch,3.1,0.766250,available,hypothetical_research_only
yellow_perch,3.2,0.770000,available,hypothetical_research_only
yellow_perch,3.3,0.773750,available,hypothetical_research_only
yellow_perch,3.4,0.777500,available,hypothetical_research_only
yellow_perch,3.5,0.781250,available,hypothetical_research_only
yellow_perch,3.6,0.785000,available,hypothetical_research_only
yellow_perch,3.7,0.788750,available,hypothetical_research_only
yellow_perch,3.8,0.792500,available,hypothetical_research_only
yellow_perch,3.9,0.796250,available,hypothetical_research_only
yellow_perch,4.0,0.800000,available,hypothetical_research_only
yellow_perch,4.1,0.802500,available,hypothetical_research_only
yellow_perch,4.2,0.805000,available,hypothetical_research_only
yellow_perch,4.3,0.807500,available,hypothetical_research_only
yellow_perch,4.4,0.810000,available,hypothetical_research_only
yellow_perch,4.5,0.812500,available,hypothetical_research_only
yellow_perch,4.6,0.815000,available,hypothetical_research_only
yellow_perch,4.7,0.817500,available,hypothetical_research_only
yellow_perch,4.8,0.820000,available,hypothetical_research_only
yellow_perch,4.9,0.822500,available,hypothetical_research_only
yellow_perch,5.0,0.825000,available,hypothetical_research_only
yellow_perch,5.1,0.827500,available,hypothetical_research_only
yellow_perch,5.2,0.830000,available,hypothetical_research_only
yellow_perch,5.3,0.832500,available,hypothetical_research_only
yellow_perch,5.4,0.835000,available,hypothetical_research_only
yellow_perch,5.5,0.837500,available,hypothetical_research_only
yellow_perch,5.6,0.840000,available,hypothetical_research_only
yellow_perch,5.7,0.842500,available,hypothetical_research_only
yellow_perch,5.8,0.845000,available,hypothetical_research_only
yellow_perch,5.9,0.847500,available,hypothetical_research_only
yellow_perch,6.0,0.850000,available,hypothetical_research_only
yellow_perch,6.1,0.852500,available,hypothetical_research_only
yellow_perch,6.2,0.855000,available,hypothetical_research_only
yellow_perch,6.3,0.857500,available,hypothetical_research_only
yellow_perch,6.4,0.860000,available,hypothetical_research_only
yellow_perch,6.5,0.862500,available,hypothetical_research_only
yellow_perch,6.6,0.865000,available,hypothetical_research_only
yellow_perch,6.7,0.867500,available,hypothetical_research_only
yellow_perch,6.8,0.870000,available,hypothetical_research_only
yellow_perch,6.9,0.872500,available,hypothetical_research_only
yellow_perch,7.0,0.875000,available,hypothetical_research_only
yellow_perch,7.1,0.877500,available,hypothetical_research_only
yellow_perch,7.2,0.880000,available,hypothetical_research_only
yellow_perch,7.3,0.882500,available,hypothetical_research_only
yellow_perch,7.4,0.885000,available,hypothetical_research_only
yellow_perch,7.5,0.887500,available,hypothetical_research_only
yellow_perch,7.6,0.890000,available,hypothetical_research_only
yellow_perch,7.7,0.892500,available,hypothetical_research_only
yellow_perch,7.8,0.895000,available,hypothetical_research_only
yellow_perch,7.9,0.897500,available,hypothetical_research_only
yellow_perch,8.0,0.900000,available,hypothetical_research_only
yellow_perch,8.1,0.901250,available,hypothetical_research_only
yellow_perch,8.2,0.902500,available,hypothetical_research_only
yellow_perch,8.3,0.903750,available,hypothetical_research_only
yellow_perch,8.4,0.905000,available,hypothetical_research_only
yellow_perch,8.5,0.906250,available,hypothetical_research_only
yellow_perch,8.6,0.907500,available,hypothetical_research_only
yellow_perch,8.7,0.908750,available,hypothetical_research_only
yellow_perch,8.8,0.910000,available,hypothetical_research_only
yellow_perch,8.9,0.911250,available,hypothetical_research_only
yellow_perch,9.0,0.912500,available,hypothetical_research_only
yellow_perch,9.1,0.913750,available,hypothetical_research_only
yellow_perch,9.2,0.915000,available,hypothetical_research_only
yellow_perch,9.3,0.916250,available,hypothetical_research_only
yellow_perch,9.4,0.917500,available,hypothetical_research_only
yellow_perch,9.5,0.918750,available,hypothetical_research_only
yellow_perch,9.6,0.920000,available,hypothetical_research_only
yellow_perch,9.7,0.921250,available,hypothetical_research_only
yellow_perch,9.8,0.922500,available,hypothetical_research_only
yellow_perch,9.9,0.923750,available,hypothetical_research_only
yellow_perch,10.0,0.925000,available,hypothetical_research_only
yellow_perch,10.1,0.926250,available,hypothetical_research_only
yellow_perch,10.2,0.927500,available,hypothetical_research_only
yellow_perch,10.3,0.928750,available,hypothetical_research_only
yellow_perch,10.4,0.930000,available,hypothetical_research_only
yellow_perch,10.5,0.931250,available,hypothetical_research_only
yellow_perch,10.6,0.932500,available,hypothetical_research_only
yellow_perch,10.7,0.933750,available,hypothetical_research_only
yellow_perch,10.8,0.935000,available,hypothetical_research_only
yellow_perch,10.9,0.936250,available,hypothetical_research_only
yellow_perch,11.0,0.937500,available,hypothetical_research_only
yellow_perch,11.1,0.938750,available,hypothetical_research_only
yellow_perch,11.2,0.940000,available,hypothetical_research_only
yellow_perch,11.3,0.941250,available,hypothetical_research_only
yellow_perch,11.4,0.942500,available,hypothetical_research_only
yellow_perch,11.5,0.943750,available,hypothetical_research_only
yellow_perch,11.6,0.945000,available,hypothetical_research_only
yellow_perch,11.7,0.946250,available,hypothetical_research_only
yellow_perch,11.8,0.947500,available,hypothetical_research_only
yellow_perch,11.9,0.948750,available,hypothetical_research_only
yellow_perch,12.0,0.950000,available,hypothetical_research_only
yellow_perch,12.1,0.951250,available,hypothetical_research_only
yellow_perch,12.2,0.952500,available,hypothetical_research_only
yellow_perch,12.3,0.953750,available,hypothetical_research_only
yellow_perch,12.4,0.955000,available,hypothetical_research_only
yellow_perch,12.5,0.956250,available,hypothetical_research_only
yellow_perch,12.6,0.957500,available,hypothetical_research_only
yellow_perch,12.7,0.958750,available,hypothetical_research_only
yellow_perch,12.8,0.960000,available,hypothetical_research_only
yellow_perch,12.9,0.961250,available,hypothetical_research_only
yellow_perch,13.0,0.962500,available,hypothetical_research_only
yellow_perch,13.1,0.963750,available,hypothetical_research_only
yellow_perch,13.2,0.965000,available,hypothetical_research_only
yellow_perch,13.3,0.966250,available,hypothetical_research_only
yellow_perch,13.4,0.967500,available,hypothetical_research_only
yellow_perch,13.5,0.968750,available,hypothetical_research_only
yellow_perch,13.6,0.970000,available,hypothetical_research_only
yellow_perch,13.7,0.971250,available,hypothetical_research_only
yellow_perch,13.8,0.972500,available,hypothetical_research_only
yellow_perch,13.9,0.973750,available,hypothetical_research_only
yellow_perch,14.0,0.975000,available,hypothetical_research_only
yellow_perch,14.1,0.976250,available,hypothetical_research_only
yellow_perch,14.2,0.977500,available,hypothetical_research_only
yellow_perch,14.3,0.978750,available,hypothetical_research_only
yellow_perch,14.4,0.980000,available,hypothetical_research_only
yellow_perch,14.5,0.981250,available,hypothetical_research_only
yellow_perch,14.6,0.982500,available,hypothetical_research_only
yellow_perch,14.7,0.983750,available,hypothetical_research_only
yellow_perch,14.8,0.985000,available,hypothetical_research_only
yellow_perch,14.9,0.986250,available,hypothetical_research_only
yellow_perch,15.0,0.987500,available,hypothetical_research_only
yellow_perch,15.1,0.988750,available,hypothetical_research_only
yellow_perch,15.2,0.990000,available,hypothetical_research_only
yellow_perch,15.3,0.991250,available,hypothetical_research_only
yellow_perch,15.4,0.992500,available,hypothetical_research_only
yellow_perch,15.5,0.993750,available,hypothetical_research_only
yellow_perch,15.6,0.995000,available,hypothetical_research_only
yellow_perch,15.7,0.996250,available,hypothetical_research_only
yellow_perch,15.8,0.997500,available,hypothetical_research_only
yellow_perch,15.9,0.998750,available,hypothetical_research_only
yellow_perch,16.0,1.000000,available,hypothetical_research_only
yellow_perch,16.1,1.000000,available,hypothetical_research_only
yellow_perch,16.2,1.000000,available,hypothetical_research_only
yellow_perch,16.3,1.000000,available,hypothetical_research_only
yellow_perch,16.4,1.000000,available,hypothetical_research_only
yellow_perch,16.5,1.000000,available,hypothetical_research_only
yellow_perch,16.6,1.000000,available,hypothetical_research_only
yellow_perch,16.7,1.000000,available,hypothetical_research_only
yellow_perch,16.8,1.000000,available,hypothetical_research_only
yellow_perch,16.9,1.000000,available,hypothetical_research_only
yellow_perch,17.0,1.000000,available,hypothetical_research_only
yellow_perch,17.1,1.000000,available,hypothetical_research_only
yellow_perch,17.2,1.000000,available,hypothetical_research_only
yellow_perch,17.3,1.000000,available,hypothetical_research_only
yellow_perch,17.4,1.000000,available,hypothetical_research_only
yellow_perch,17.5,1.000000,available,hypothetical_research_only
yellow_perch,17.6,1.000000,available,hypothetical_research_only
yellow_perch,17.7,1.000000,available,hypothetical_research_only
yellow_perch,17.8,1.000000,available,hypothetical_research_only
yellow_perch,17.9,1.000000,available,hypothetical_research_only
yellow_perch,18.0,1.000000,available,hypothetical_research_only
yellow_perch,18.1,1.000000,available,hypothetical_research_only
yellow_perch,18.2,1.000000,available,hypothetical_research_only
yellow_perch,18.3,1.000000,available,hypothetical_research_only
yellow_perch,18.4,1.000000,available,hypothetical_research_only
yellow_perch,18.5,1.000000,available,hypothetical_research_only
yellow_perch,18.6,1.000000,available,hypothetical_research_only
yellow_perch,18.7,1.000000,available,hypothetical_research_only
yellow_perch,18.8,1.000000,available,hypothetical_research_only
yellow_perch,18.9,1.000000,available,hypothetical_research_only
yellow_perch,19.0,1.000000,available,hypothetical_research_only
yellow_perch,19.1,1.000000,available,hypothetical_research_only
yellow_perch,19.2,1.000000,available,hypothetical_research_only
yellow_perch,19.3,1.000000,available,hypothetical_research_only
yellow_perch,19.4,1.000000,available,hypothetical_research_only
yellow_perch,19.5,1.000000,available,hypothetical_research_only
yellow_perch,19.6,1.000000,available,hypothetical_research_only
yellow_perch,19.7,1.000000,available,hypothetical_research_only
yellow_perch,19.8,1.000000,available,hypothetical_research_only
yellow_perch,19.9,1.000000,available,hypothetical_research_only
yellow_perch,20.0,1.000000,available,hypothetical_research_only
yellow_perch,20.1,1.000000,available,hypothetical_research_only
yellow_perch,20.2,1.000000,available,hypothetical_research_only
yellow_perch,20.3,1.000000,available,hypothetical_research_only
yellow_perch,20.4,1.000000,available,hypothetical_research_only
yellow_perch,20.5,1.000000,available,hypothetical_research_only
yellow_perch,20.6,1.000000,available,hypothetical_research_only
yellow_perch,20.7,1.000000,available,hypothetical_research_only
yellow_perch,20.8,1.000000,available,hypothetical_research_only
yellow_perch,20.9,1.000000,available,hypothetical_research_only
yellow_perch,21.0,1.000000,available,hypothetical_research_only
yellow_perch,21.1,0.995000,available,hypothetical_research_only
yellow_perch,21.2,0.990000,available,hypothetical_research_only
yellow_perch,21.3,0.985000,available,hypothetical_research_only
yellow_perch,21.4,0.980000,available,hypothetical_research_only
yellow_perch,21.5,0.975000,available,hypothetical_research_only
yellow_perch,21.6,0.970000,available,hypothetical_research_only
yellow_perch,21.7,0.965000,available,hypothetical_research_only
yellow_perch,21.8,0.960000,available,hypothetical_research_only
yellow_perch,21.9,0.955000,available,hypothetical_research_only
yellow_perch,22.0,0.950000,available,hypothetical_research_only
yellow_perch,22.1,0.945000,available,hypothetical_research_only
yellow_perch,22.2,0.940000,available,hypothetical_research_only
yellow_perch,22.3,0.935000,available,hypothetical_research_only
yellow_perch,22.4,0.930000,available,hypothetical_research_only
yellow_perch,22.5,0.925000,available,hypothetical_research_only
yellow_perch,22.6,0.920000,available,hypothetical_research_only
yellow_perch,22.7,0.915000,available,hypothetical_research_only
yellow_perch,22.8,0.910000,available,hypothetical_research_only
yellow_perch,22.9,0.905000,available,hypothetical_research_only
yellow_perch,23.0,0.900000,available,hypothetical_research_only
yellow_perch,23.1,0.895000,available,hypothetical_research_only
yellow_perch,23.2,0.890000,available,hypothetical_research_only
yellow_perch,23.3,0.885000,available,hypothetical_research_only
yellow_perch,23.4,0.880000,available,hypothetical_research_only
yellow_perch,23.5,0.875000,available,hypothetical_research_only
yellow_perch,23.6,0.870000,available,hypothetical_research_only
yellow_perch,23.7,0.865000,available,hypothetical_research_only
yellow_perch,23.8,0.860000,available,hypothetical_research_only
yellow_perch,23.9,0.855000,available,hypothetical_research_only
yellow_perch,24.0,0.850000,available,hypothetical_research_only
yellow_perch,24.1,0.843333,available,hypothetical_research_only
yellow_perch,24.2,0.836667,available,hypothetical_research_only
yellow_perch,24.3,0.830000,available,hypothetical_research_only
yellow_perch,24.4,0.823333,available,hypothetical_research_only
yellow_perch,24.5,0.816667,available,hypothetical_research_only
yellow_perch,24.6,0.810000,available,hypothetical_research_only
yellow_perch,24.7,0.803333,available,hypothetical_research_only
yellow_perch,24.8,0.796667,available,hypothetical_research_only
yellow_perch,24.9,0.790000,available,hypothetical_research_only
yellow_perch,25.0,0.783333,available,hypothetical_research_only
yellow_perch,25.1,0.776667,available,hypothetical_research_only
yellow_perch,25.2,0.770000,available,hypothetical_research_only
yellow_perch,25.3,0.763333,available,hypothetical_research_only
yellow_perch,25.4,0.756667,available,hypothetical_research_only
yellow_perch,25.5,0.750000,available,hypothetical_research_only
yellow_perch,25.6,0.743333,available,hypothetical_research_only
yellow_perch,25.7,0.736667,available,hypothetical_research_only
yellow_perch,25.8,0.730000,available,hypothetical_research_only
yellow_perch,25.9,0.723333,available,hypothetical_research_only
yellow_perch,26.0,0.716667,available,hypothetical_research_only
yellow_perch,26.1,0.710000,available,hypothetical_research_only
yellow_perch,26.2,0.703333,available,hypothetical_research_only
yellow_perch,26.3,0.696667,available,hypothetical_research_only
yellow_perch,26.4,0.690000,available,hypothetical_research_only
yellow_perch,26.5,0.683333,available,hypothetical_research_only
yellow_perch,26.6,0.676667,available,hypothetical_research_only
yellow_perch,26.7,0.670000,available,hypothetical_research_only
yellow_perch,26.8,0.663333,available,hypothetical_research_only
yellow_perch,26.9,0.656667,available,hypothetical_research_only
yellow_perch,27.0,0.650000,available,hypothetical_research_only
yellow_perch,27.1,0.640000,available,hypothetical_research_only
yellow_perch,27.2,0.630000,available,hypothetical_research_only
yellow_perch,27.3,0.620000,available,hypothetical_research_only
yellow_perch,27.4,0.610000,available,hypothetical_research_only
yellow_perch,27.5,0.600000,available,hypothetical_research_only
yellow_perch,27.6,0.590000,available,hypothetical_research_only
yellow_perch,27.7,0.580000,available,hypothetical_research_only
yellow_perch,27.8,0.570000,available,hypothetical_research_only
yellow_perch,27.9,0.560000,available,hypothetical_research_only
yellow_perch,28.0,0.550000,available,hypothetical_research_only
yellow_perch,28.1,0.540000,available,hypothetical_research_only
yellow_perch,28.2,0.530000,available,hypothetical_research_only
yellow_perch,28.3,0.520000,available,hypothetical_research_only
yellow_perch,28.4,0.510000,available,hypothetical_research_only
yellow_perch,28.5,0.500000,available,hypothetical_research_only
yellow_perch,28.6,0.490000,available,hypothetical_research_only
yellow_perch,28.7,0.480000,available,hypothetical_research_only
yellow_perch,28.8,0.470000,available,hypothetical_research_only
yellow_perch,28.9,0.460000,available,hypothetical_research_only
yellow_perch,29.0,0.450000,available,hypothetical_research_only
yellow_perch,29.1,0.440000,available,hypothetical_research_only
yellow_perch,29.2,0.430000,available,hypothetical_research_only
yellow_perch,29.3,0.420000,available,hypothetical_research_only
yellow_perch,29.4,0.410000,available,hypothetical_research_only
yellow_perch,29.5,0.400000,available,hypothetical_research_only
yellow_perch,29.6,0.390000,available,hypothetical_research_only
yellow_perch,29.7,0.380000,available,hypothetical_research_only
yellow_perch,29.8,0.370000,available,hypothetical_research_only
yellow_perch,29.9,0.360000,available,hypothetical_research_only
yellow_perch,30.0,0.350000,available,hypothetical_research_only
yellow_perch,30.1,0.342500,available,hypothetical_research_only
yellow_perch,30.2,0.335000,available,hypothetical_research_only
yellow_perch,30.3,0.327500,available,hypothetical_research_only
yellow_perch,30.4,0.320000,available,hypothetical_research_only
yellow_perch,30.5,0.312500,available,hypothetical_research_only
yellow_perch,30.6,0.305000,available,hypothetical_research_only
yellow_perch,30.7,0.297500,available,hypothetical_research_only
yellow_perch,30.8,0.290000,available,hypothetical_research_only
yellow_perch,30.9,0.282500,available,hypothetical_research_only
yellow_perch,31.0,0.275000,available,hypothetical_research_only
yellow_perch,31.1,0.267500,available,hypothetical_research_only
yellow_perch,31.2,0.260000,available,hypothetical_research_only
yellow_perch,31.3,0.252500,available,hypothetical_research_only
yellow_perch,31.4,0.245000,available,hypothetical_research_only
yellow_perch,31.5,0.237500,available,hypothetical_research_only
yellow_perch,31.6,0.230000,available,hypothetical_research_only
yellow_perch,31.7,0.222500,available,hypothetical_research_only
yellow_perch,31.8,0.215000,available,hypothetical_research_only
yellow_perch,31.9,0.207500,available,hypothetical_research_only
yellow_perch,32.0,0.200000,available,hypothetical_research_only
lake_whitefish,0.0,0.750000,available,hypothetical_research_only
lake_whitefish,0.1,0.755000,available,hypothetical_research_only
lake_whitefish,0.2,0.760000,available,hypothetical_research_only
lake_whitefish,0.3,0.765000,available,hypothetical_research_only
lake_whitefish,0.4,0.770000,available,hypothetical_research_only
lake_whitefish,0.5,0.775000,available,hypothetical_research_only
lake_whitefish,0.6,0.780000,available,hypothetical_research_only
lake_whitefish,0.7,0.785000,available,hypothetical_research_only
lake_whitefish,0.8,0.790000,available,hypothetical_research_only
lake_whitefish,0.9,0.795000,available,hypothetical_research_only
lake_whitefish,1.0,0.800000,available,hypothetical_research_only
lake_whitefish,1.1,0.805000,available,hypothetical_research_only
lake_whitefish,1.2,0.810000,available,hypothetical_research_only
lake_whitefish,1.3,0.815000,available,hypothetical_research_only
lake_whitefish,1.4,0.820000,available,hypothetical_research_only
lake_whitefish,1.5,0.825000,available,hypothetical_research_only
lake_whitefish,1.6,0.830000,available,hypothetical_research_only
lake_whitefish,1.7,0.835000,available,hypothetical_research_only
lake_whitefish,1.8,0.840000,available,hypothetical_research_only
lake_whitefish,1.9,0.845000,available,hypothetical_research_only
lake_whitefish,2.0,0.850000,available,hypothetical_research_only
lake_whitefish,2.1,0.855000,available,hypothetical_research_only
lake_whitefish,2.2,0.860000,available,hypothetical_research_only
lake_whitefish,2.3,0.865000,available,hypothetical_research_only
lake_whitefish,2.4,0.870000,available,hypothetical_research_only
lake_whitefish,2.5,0.875000,available,hypothetical_research_only
lake_whitefish,2.6,0.880000,available,hypothetical_research_only
lake_whitefish,2.7,0.885000,available,hypothetical_research_only
lake_whitefish,2.8,0.890000,available,hypothetical_research_only
lake_whitefish,2.9,0.895000,available,hypothetical_research_only
lake_whitefish,3.0,0.900000,available,hypothetical_research_only
lake_whitefish,3.1,0.903333,available,hypothetical_research_only
lake_whitefish,3.2,0.906667,available,hypothetical_research_only
lake_whitefish,3.3,0.910000,available,hypothetical_research_only
lake_whitefish,3.4,0.913333,available,hypothetical_research_only
lake_whitefish,3.5,0.916667,available,hypothetical_research_only
lake_whitefish,3.6,0.920000,available,hypothetical_research_only
lake_whitefish,3.7,0.923333,available,hypothetical_research_only
lake_whitefish,3.8,0.926667,available,hypothetical_research_only
lake_whitefish,3.9,0.930000,available,hypothetical_research_only
lake_whitefish,4.0,0.933333,available,hypothetical_research_only
lake_whitefish,4.1,0.936667,available,hypothetical_research_only
lake_whitefish,4.2,0.940000,available,hypothetical_research_only
lake_whitefish,4.3,0.943333,available,hypothetical_research_only
lake_whitefish,4.4,0.946667,available,hypothetical_research_only
lake_whitefish,4.5,0.950000,available,hypothetical_research_only
lake_whitefish,4.6,0.953333,available,hypothetical_research_only
lake_whitefish,4.7,0.956667,available,hypothetical_research_only
lake_whitefish,4.8,0.960000,available,hypothetical_research_only
lake_whitefish,4.9,0.963333,available,hypothetical_research_only
lake_whitefish,5.0,0.966667,available,hypothetical_research_only
lake_whitefish,5.1,0.970000,available,hypothetical_research_only
lake_whitefish,5.2,0.973333,available,hypothetical_research_only
lake_whitefish,5.3,0.976667,available,hypothetical_research_only
lake_whitefish,5.4,0.980000,available,hypothetical_research_only
lake_whitefish,5.5,0.983333,available,hypothetical_research_only
lake_whitefish,5.6,0.986667,available,hypothetical_research_only
lake_whitefish,5.7,0.990000,available,hypothetical_research_only
lake_whitefish,5.8,0.993333,available,hypothetical_research_only
lake_whitefish,5.9,0.996667,available,hypothetical_research_only
lake_whitefish,6.0,1.000000,available,hypothetical_research_only
lake_whitefish,6.1,1.000000,available,hypothetical_research_only
lake_whitefish,6.2,1.000000,available,hypothetical_research_only
lake_whitefish,6.3,1.000000,available,hypothetical_research_only
lake_whitefish,6.4,1.000000,available,hypothetical_research_only
lake_whitefish,6.5,1.000000,available,hypothetical_research_only
lake_whitefish,6.6,1.000000,available,hypothetical_research_only
lake_whitefish,6.7,1.000000,available,hypothetical_research_only
lake_whitefish,6.8,1.000000,available,hypothetical_research_only
lake_whitefish,6.9,1.000000,available,hypothetical_research_only
lake_whitefish,7.0,1.000000,available,hypothetical_research_only
lake_whitefish,7.1,1.000000,available,hypothetical_research_only
lake_whitefish,7.2,1.000000,available,hypothetical_research_only
lake_whitefish,7.3,1.000000,available,hypothetical_research_only
lake_whitefish,7.4,1.000000,available,hypothetical_research_only
lake_whitefish,7.5,1.000000,available,hypothetical_research_only
lake_whitefish,7.6,1.000000,available,hypothetical_research_only
lake_whitefish,7.7,1.000000,available,hypothetical_research_only
lake_whitefish,7.8,1.000000,available,hypothetical_research_only
lake_whitefish,7.9,1.000000,available,hypothetical_research_only
lake_whitefish,8.0,1.000000,available,hypothetical_research_only
lake_whitefish,8.1,1.000000,available,hypothetical_research_only
lake_whitefish,8.2,1.000000,available,hypothetical_research_only
lake_whitefish,8.3,1.000000,available,hypothetical_research_only
lake_whitefish,8.4,1.000000,available,hypothetical_research_only
lake_whitefish,8.5,1.000000,available,hypothetical_research_only
lake_whitefish,8.6,1.000000,available,hypothetical_research_only
lake_whitefish,8.7,1.000000,available,hypothetical_research_only
lake_whitefish,8.8,1.000000,available,hypothetical_research_only
lake_whitefish,8.9,1.000000,available,hypothetical_research_only
lake_whitefish,9.0,1.000000,available,hypothetical_research_only
lake_whitefish,9.1,1.000000,available,hypothetical_research_only
lake_whitefish,9.2,1.000000,available,hypothetical_research_only
lake_whitefish,9.3,1.000000,available,hypothetical_research_only
lake_whitefish,9.4,1.000000,available,hypothetical_research_only
lake_whitefish,9.5,1.000000,available,hypothetical_research_only
lake_whitefish,9.6,1.000000,available,hypothetical_research_only
lake_whitefish,9.7,1.000000,available,hypothetical_research_only
lake_whitefish,9.8,1.000000,available,hypothetical_research_only
lake_whitefish,9.9,1.000000,available,hypothetical_research_only
lake_whitefish,10.0,1.000000,available,hypothetical_research_only
lake_whitefish,10.1,1.000000,available,hypothetical_research_only
lake_whitefish,10.2,1.000000,available,hypothetical_research_only
lake_whitefish,10.3,1.000000,available,hypothetical_research_only
lake_whitefish,10.4,1.000000,available,hypothetical_research_only
lake_whitefish,10.5,1.000000,available,hypothetical_research_only
lake_whitefish,10.6,1.000000,available,hypothetical_research_only
lake_whitefish,10.7,1.000000,available,hypothetical_research_only
lake_whitefish,10.8,1.000000,available,hypothetical_research_only
lake_whitefish,10.9,1.000000,available,hypothetical_research_only
lake_whitefish,11.0,1.000000,available,hypothetical_research_only
lake_whitefish,11.1,1.000000,available,hypothetical_research_only
lake_whitefish,11.2,1.000000,available,hypothetical_research_only
lake_whitefish,11.3,1.000000,available,hypothetical_research_only
lake_whitefish,11.4,1.000000,available,hypothetical_research_only
lake_whitefish,11.5,1.000000,available,hypothetical_research_only
lake_whitefish,11.6,1.000000,available,hypothetical_research_only
lake_whitefish,11.7,1.000000,available,hypothetical_research_only
lake_whitefish,11.8,1.000000,available,hypothetical_research_only
lake_whitefish,11.9,1.000000,available,hypothetical_research_only
lake_whitefish,12.0,1.000000,available,hypothetical_research_only
lake_whitefish,12.1,0.996667,available,hypothetical_research_only
lake_whitefish,12.2,0.993333,available,hypothetical_research_only
lake_whitefish,12.3,0.990000,available,hypothetical_research_only
lake_whitefish,12.4,0.986667,available,hypothetical_research_only
lake_whitefish,12.5,0.983333,available,hypothetical_research_only
lake_whitefish,12.6,0.980000,available,hypothetical_research_only
lake_whitefish,12.7,0.976667,available,hypothetical_research_only
lake_whitefish,12.8,0.973333,available,hypothetical_research_only
lake_whitefish,12.9,0.970000,available,hypothetical_research_only
lake_whitefish,13.0,0.966667,available,hypothetical_research_only
lake_whitefish,13.1,0.963333,available,hypothetical_research_only
lake_whitefish,13.2,0.960000,available,hypothetical_research_only
lake_whitefish,13.3,0.956667,available,hypothetical_research_only
lake_whitefish,13.4,0.953333,available,hypothetical_research_only
lake_whitefish,13.5,0.950000,available,hypothetical_research_only
lake_whitefish,13.6,0.946667,available,hypothetical_research_only
lake_whitefish,13.7,0.943333,available,hypothetical_research_only
lake_whitefish,13.8,0.940000,available,hypothetical_research_only
lake_whitefish,13.9,0.936667,available,hypothetical_research_only
lake_whitefish,14.0,0.933333,available,hypothetical_research_only
lake_whitefish,14.1,0.930000,available,hypothetical_research_only
lake_whitefish,14.2,0.926667,available,hypothetical_research_only
lake_whitefish,14.3,0.923333,available,hypothetical_research_only
lake_whitefish,14.4,0.920000,available,hypothetical_research_only
lake_whitefish,14.5,0.916667,available,hypothetical_research_only
lake_whitefish,14.6,0.913333,available,hypothetical_research_only
lake_whitefish,14.7,0.910000,available,hypothetical_research_only
lake_whitefish,14.8,0.906667,available,hypothetical_research_only
lake_whitefish,14.9,0.903333,available,hypothetical_research_only
lake_whitefish,15.0,0.900000,available,hypothetical_research_only
lake_whitefish,15.1,0.891667,available,hypothetical_research_only
lake_whitefish,15.2,0.883333,available,hypothetical_research_only
lake_whitefish,15.3,0.875000,available,hypothetical_research_only
lake_whitefish,15.4,0.866667,available,hypothetical_research_only
lake_whitefish,15.5,0.858333,available,hypothetical_research_only
lake_whitefish,15.6,0.850000,available,hypothetical_research_only
lake_whitefish,15.7,0.841667,available,hypothetical_research_only
lake_whitefish,15.8,0.833333,available,hypothetical_research_only
lake_whitefish,15.9,0.825000,available,hypothetical_research_only
lake_whitefish,16.0,0.816667,available,hypothetical_research_only
lake_whitefish,16.1,0.808333,available,hypothetical_research_only
lake_whitefish,16.2,0.800000,available,hypothetical_research_only
lake_whitefish,16.3,0.791667,available,hypothetical_research_only
lake_whitefish,16.4,0.783333,available,hypothetical_research_only
lake_whitefish,16.5,0.775000,available,hypothetical_research_only
lake_whitefish,16.6,0.766667,available,hypothetical_research_only
lake_whitefish,16.7,0.758333,available,hypothetical_research_only
lake_whitefish,16.8,0.750000,available,hypothetical_research_only
lake_whitefish,16.9,0.741667,available,hypothetical_research_only
lake_whitefish,17.0,0.733333,available,hypothetical_research_only
lake_whitefish,17.1,0.725000,available,hypothetical_research_only
lake_whitefish,17.2,0.716667,available,hypothetical_research_only
lake_whitefish,17.3,0.708333,available,hypothetical_research_only
lake_whitefish,17.4,0.700000,available,hypothetical_research_only
lake_whitefish,17.5,0.691667,available,hypothetical_research_only
lake_whitefish,17.6,0.683333,available,hypothetical_research_only
lake_whitefish,17.7,0.675000,available,hypothetical_research_only
lake_whitefish,17.8,0.666667,available,hypothetical_research_only
lake_whitefish,17.9,0.658333,available,hypothetical_research_only
lake_whitefish,18.0,0.650000,available,hypothetical_research_only
lake_whitefish,18.1,0.641667,available,hypothetical_research_only
lake_whitefish,18.2,0.633333,available,hypothetical_research_only
lake_whitefish,18.3,0.625000,available,hypothetical_research_only
lake_whitefish,18.4,0.616667,available,hypothetical_research_only
lake_whitefish,18.5,0.608333,available,hypothetical_research_only
lake_whitefish,18.6,0.600000,available,hypothetical_research_only
lake_whitefish,18.7,0.591667,available,hypothetical_research_only
lake_whitefish,18.8,0.583333,available,hypothetical_research_only
lake_whitefish,18.9,0.575000,available,hypothetical_research_only
lake_whitefish,19.0,0.566667,available,hypothetical_research_only
lake_whitefish,19.1,0.558333,available,hypothetical_research_only
lake_whitefish,19.2,0.550000,available,hypothetical_research_only
lake_whitefish,19.3,0.541667,available,hypothetical_research_only
lake_whitefish,19.4,0.533333,available,hypothetical_research_only
lake_whitefish,19.5,0.525000,available,hypothetical_research_only
lake_whitefish,19.6,0.516667,available,hypothetical_research_only
lake_whitefish,19.7,0.508333,available,hypothetical_research_only
lake_whitefish,19.8,0.500000,available,hypothetical_research_only
lake_whitefish,19.9,0.491667,available,hypothetical_research_only
lake_whitefish,20.0,0.483333,available,hypothetical_research_only
lake_whitefish,20.1,0.475000,available,hypothetical_research_only
lake_whitefish,20.2,0.466667,available,hypothetical_research_only
lake_whitefish,20.3,0.458333,available,hypothetical_research_only
lake_whitefish,20.4,0.450000,available,hypothetical_research_only
lake_whitefish,20.5,0.441667,available,hypothetical_research_only
lake_whitefish,20.6,0.433333,available,hypothetical_research_only
lake_whitefish,20.7,0.425000,available,hypothetical_research_only
lake_whitefish,20.8,0.416667,available,hypothetical_research_only
lake_whitefish,20.9,0.408333,available,hypothetical_research_only
lake_whitefish,21.0,0.400000,available,hypothetical_research_only
lake_whitefish,21.1,0.393333,available,hypothetical_research_only
lake_whitefish,21.2,0.386667,available,hypothetical_research_only
lake_whitefish,21.3,0.380000,available,hypothetical_research_only
lake_whitefish,21.4,0.373333,available,hypothetical_research_only
lake_whitefish,21.5,0.366667,available,hypothetical_research_only
lake_whitefish,21.6,0.360000,available,hypothetical_research_only
lake_whitefish,21.7,0.353333,available,hypothetical_research_only
lake_whitefish,21.8,0.346667,available,hypothetical_research_only
lake_whitefish,21.9,0.340000,available,hypothetical_research_only
lake_whitefish,22.0,0.333333,available,hypothetical_research_only
lake_whitefish,22.1,0.326667,available,hypothetical_research_only
lake_whitefish,22.2,0.320000,available,hypothetical_research_only
lake_whitefish,22.3,0.313333,available,hypothetical_research_only
lake_whitefish,22.4,0.306667,available,hypothetical_research_only
lake_whitefish,22.5,0.300000,available,hypothetical_research_only
lake_whitefish,22.6,0.293333,available,hypothetical_research_only
lake_whitefish,22.7,0.286667,available,hypothetical_research_only
lake_whitefish,22.8,0.280000,available,hypothetical_research_only
lake_whitefish,22.9,0.273333,available,hypothetical_research_only
lake_whitefish,23.0,0.266667,available,hypothetical_research_only
lake_whitefish,23.1,0.260000,available,hypothetical_research_only
lake_whitefish,23.2,0.253333,available,hypothetical_research_only
lake_whitefish,23.3,0.246667,available,hypothetical_research_only
lake_whitefish,23.4,0.240000,available,hypothetical_research_only
lake_whitefish,23.5,0.233333,available,hypothetical_research_only
lake_whitefish,23.6,0.226667,available,hypothetical_research_only
lake_whitefish,23.7,0.220000,available,hypothetical_research_only
lake_whitefish,23.8,0.213333,available,hypothetical_research_only
lake_whitefish,23.9,0.206667,available,hypothetical_research_only
lake_whitefish,24.0,0.200000,available,hypothetical_research_only
lake_whitefish,24.1,0.195000,available,hypothetical_research_only
lake_whitefish,24.2,0.190000,available,hypothetical_research_only
lake_whitefish,24.3,0.185000,available,hypothetical_research_only
lake_whitefish,24.4,0.180000,available,hypothetical_research_only
lake_whitefish,24.5,0.175000,available,hypothetical_research_only
lake_whitefish,24.6,0.170000,available,hypothetical_research_only
lake_whitefish,24.7,0.165000,available,hypothetical_research_only
lake_whitefish,24.8,0.160000,available,hypothetical_research_only
lake_whitefish,24.9,0.155000,available,hypothetical_research_only
lake_whitefish,25.0,0.150000,available,hypothetical_research_only
lake_whitefish,25.1,0.145000,available,hypothetical_research_only
lake_whitefish,25.2,0.140000,available,hypothetical_research_only
lake_whitefish,25.3,0.135000,available,hypothetical_research_only
lake_whitefish,25.4,0.130000,available,hypothetical_research_only
lake_whitefish,25.5,0.125000,available,hypothetical_research_only
lake_whitefish,25.6,0.120000,available,hypothetical_research_only
lake_whitefish,25.7,0.115000,available,hypothetical_research_only
lake_whitefish,25.8,0.110000,available,hypothetical_research_only
lake_whitefish,25.9,0.105000,available,hypothetical_research_only
lake_whitefish,26.0,0.100000,available,hypothetical_research_only
lake_whitefish,26.1,,unavailable,hypothetical_research_only
lake_whitefish,26.2,,unavailable,hypothetical_research_only
lake_whitefish,26.3,,unavailable,hypothetical_research_only
lake_whitefish,26.4,,unavailable,hypothetical_research_only
lake_whitefish,26.5,,unavailable,hypothetical_research_only
lake_whitefish,26.6,,unavailable,hypothetical_research_only
lake_whitefish,26.7,,unavailable,hypothetical_research_only
lake_whitefish,26.8,,unavailable,hypothetical_research_only
lake_whitefish,26.9,,unavailable,hypothetical_research_only
lake_whitefish,27.0,,unavailable,hypothetical_research_only
lake_whitefish,27.1,,unavailable,hypothetical_research_only
lake_whitefish,27.2,,unavailable,hypothetical_research_only
lake_whitefish,27.3,,unavailable,hypothetical_research_only
lake_whitefish,27.4,,unavailable,hypothetical_research_only
lake_whitefish,27.5,,unavailable,hypothetical_research_only
lake_whitefish,27.6,,unavailable,hypothetical_research_only
lake_whitefish,27.7,,unavailable,hypothetical_research_only
lake_whitefish,27.8,,unavailable,hypothetical_research_only
lake_whitefish,27.9,,unavailable,hypothetical_research_only
lake_whitefish,28.0,,unavailable,hypothetical_research_only
lake_whitefish,28.1,,unavailable,hypothetical_research_only
lake_whitefish,28.2,,unavailable,hypothetical_research_only
lake_whitefish,28.3,,unavailable,hypothetical_research_only
lake_whitefish,28.4,,unavailable,hypothetical_research_only
lake_whitefish,28.5,,unavailable,hypothetical_research_only
lake_whitefish,28.6,,unavailable,hypothetical_research_only
lake_whitefish,28.7,,unavailable,hypothetical_research_only
lake_whitefish,28.8,,unavailable,hypothetical_research_only
lake_whitefish,28.9,,unavailable,hypothetical_research_only
lake_whitefish,29.0,,unavailable,hypothetical_research_only
lake_whitefish,29.1,,unavailable,hypothetical_research_only
lake_whitefish,29.2,,unavailable,hypothetical_research_only
lake_whitefish,29.3,,unavailable,hypothetical_research_only
lake_whitefish,29.4,,unavailable,hypothetical_research_only
lake_whitefish,29.5,,unavailable,hypothetical_research_only
lake_whitefish,29.6,,unavailable,hypothetical_research_only
lake_whitefish,29.7,,unavailable,hypothetical_research_only
lake_whitefish,29.8,,unavailable,hypothetical_research_only
lake_whitefish,29.9,,unavailable,hypothetical_research_only
lake_whitefish,30.0,,unavailable,hypothetical_research_only
lake_whitefish,30.1,,unavailable,hypothetical_research_only
lake_whitefish,30.2,,unavailable,hypothetical_research_only
lake_whitefish,30.3,,unavailable,hypothetical_research_only
lake_whitefish,30.4,,unavailable,hypothetical_research_only
lake_whitefish,30.5,,unavailable,hypothetical_research_only
lake_whitefish,30.6,,unavailable,hypothetical_research_only
lake_whitefish,30.7,,unavailable,hypothetical_research_only
lake_whitefish,30.8,,unavailable,hypothetical_research_only
lake_whitefish,30.9,,unavailable,hypothetical_research_only
lake_whitefish,31.0,,unavailable,hypothetical_research_only
lake_whitefish,31.1,,unavailable,hypothetical_research_only
lake_whitefish,31.2,,unavailable,hypothetical_research_only
lake_whitefish,31.3,,unavailable,hypothetical_research_only
lake_whitefish,31.4,,unavailable,hypothetical_research_only
lake_whitefish,31.5,,unavailable,hypothetical_research_only
lake_whitefish,31.6,,unavailable,hypothetical_research_only
lake_whitefish,31.7,,unavailable,hypothetical_research_only
lake_whitefish,31.8,,unavailable,hypothetical_research_only
lake_whitefish,31.9,,unavailable,hypothetical_research_only
lake_whitefish,32.0,,unavailable,hypothetical_research_only
round_whitefish,0.0,0.750000,available,hypothetical_research_only
round_whitefish,0.1,0.755000,available,hypothetical_research_only
round_whitefish,0.2,0.760000,available,hypothetical_research_only
round_whitefish,0.3,0.765000,available,hypothetical_research_only
round_whitefish,0.4,0.770000,available,hypothetical_research_only
round_whitefish,0.5,0.775000,available,hypothetical_research_only
round_whitefish,0.6,0.780000,available,hypothetical_research_only
round_whitefish,0.7,0.785000,available,hypothetical_research_only
round_whitefish,0.8,0.790000,available,hypothetical_research_only
round_whitefish,0.9,0.795000,available,hypothetical_research_only
round_whitefish,1.0,0.800000,available,hypothetical_research_only
round_whitefish,1.1,0.805000,available,hypothetical_research_only
round_whitefish,1.2,0.810000,available,hypothetical_research_only
round_whitefish,1.3,0.815000,available,hypothetical_research_only
round_whitefish,1.4,0.820000,available,hypothetical_research_only
round_whitefish,1.5,0.825000,available,hypothetical_research_only
round_whitefish,1.6,0.830000,available,hypothetical_research_only
round_whitefish,1.7,0.835000,available,hypothetical_research_only
round_whitefish,1.8,0.840000,available,hypothetical_research_only
round_whitefish,1.9,0.845000,available,hypothetical_research_only
round_whitefish,2.0,0.850000,available,hypothetical_research_only
round_whitefish,2.1,0.855000,available,hypothetical_research_only
round_whitefish,2.2,0.860000,available,hypothetical_research_only
round_whitefish,2.3,0.865000,available,hypothetical_research_only
round_whitefish,2.4,0.870000,available,hypothetical_research_only
round_whitefish,2.5,0.875000,available,hypothetical_research_only
round_whitefish,2.6,0.880000,available,hypothetical_research_only
round_whitefish,2.7,0.885000,available,hypothetical_research_only
round_whitefish,2.8,0.890000,available,hypothetical_research_only
round_whitefish,2.9,0.895000,available,hypothetical_research_only
round_whitefish,3.0,0.900000,available,hypothetical_research_only
round_whitefish,3.1,0.903333,available,hypothetical_research_only
round_whitefish,3.2,0.906667,available,hypothetical_research_only
round_whitefish,3.3,0.910000,available,hypothetical_research_only
round_whitefish,3.4,0.913333,available,hypothetical_research_only
round_whitefish,3.5,0.916667,available,hypothetical_research_only
round_whitefish,3.6,0.920000,available,hypothetical_research_only
round_whitefish,3.7,0.923333,available,hypothetical_research_only
round_whitefish,3.8,0.926667,available,hypothetical_research_only
round_whitefish,3.9,0.930000,available,hypothetical_research_only
round_whitefish,4.0,0.933333,available,hypothetical_research_only
round_whitefish,4.1,0.936667,available,hypothetical_research_only
round_whitefish,4.2,0.940000,available,hypothetical_research_only
round_whitefish,4.3,0.943333,available,hypothetical_research_only
round_whitefish,4.4,0.946667,available,hypothetical_research_only
round_whitefish,4.5,0.950000,available,hypothetical_research_only
round_whitefish,4.6,0.953333,available,hypothetical_research_only
round_whitefish,4.7,0.956667,available,hypothetical_research_only
round_whitefish,4.8,0.960000,available,hypothetical_research_only
round_whitefish,4.9,0.963333,available,hypothetical_research_only
round_whitefish,5.0,0.966667,available,hypothetical_research_only
round_whitefish,5.1,0.970000,available,hypothetical_research_only
round_whitefish,5.2,0.973333,available,hypothetical_research_only
round_whitefish,5.3,0.976667,available,hypothetical_research_only
round_whitefish,5.4,0.980000,available,hypothetical_research_only
round_whitefish,5.5,0.983333,available,hypothetical_research_only
round_whitefish,5.6,0.986667,available,hypothetical_research_only
round_whitefish,5.7,0.990000,available,hypothetical_research_only
round_whitefish,5.8,0.993333,available,hypothetical_research_only
round_whitefish,5.9,0.996667,available,hypothetical_research_only
round_whitefish,6.0,1.000000,available,hypothetical_research_only
round_whitefish,6.1,1.000000,available,hypothetical_research_only
round_whitefish,6.2,1.000000,available,hypothetical_research_only
round_whitefish,6.3,1.000000,available,hypothetical_research_only
round_whitefish,6.4,1.000000,available,hypothetical_research_only
round_whitefish,6.5,1.000000,available,hypothetical_research_only
round_whitefish,6.6,1.000000,available,hypothetical_research_only
round_whitefish,6.7,1.000000,available,hypothetical_research_only
round_whitefish,6.8,1.000000,available,hypothetical_research_only
round_whitefish,6.9,1.000000,available,hypothetical_research_only
round_whitefish,7.0,1.000000,available,hypothetical_research_only
round_whitefish,7.1,1.000000,available,hypothetical_research_only
round_whitefish,7.2,1.000000,available,hypothetical_research_only
round_whitefish,7.3,1.000000,available,hypothetical_research_only
round_whitefish,7.4,1.000000,available,hypothetical_research_only
round_whitefish,7.5,1.000000,available,hypothetical_research_only
round_whitefish,7.6,1.000000,available,hypothetical_research_only
round_whitefish,7.7,1.000000,available,hypothetical_research_only
round_whitefish,7.8,1.000000,available,hypothetical_research_only
round_whitefish,7.9,1.000000,available,hypothetical_research_only
round_whitefish,8.0,1.000000,available,hypothetical_research_only
round_whitefish,8.1,1.000000,available,hypothetical_research_only
round_whitefish,8.2,1.000000,available,hypothetical_research_only
round_whitefish,8.3,1.000000,available,hypothetical_research_only
round_whitefish,8.4,1.000000,available,hypothetical_research_only
round_whitefish,8.5,1.000000,available,hypothetical_research_only
round_whitefish,8.6,1.000000,available,hypothetical_research_only
round_whitefish,8.7,1.000000,available,hypothetical_research_only
round_whitefish,8.8,1.000000,available,hypothetical_research_only
round_whitefish,8.9,1.000000,available,hypothetical_research_only
round_whitefish,9.0,1.000000,available,hypothetical_research_only
round_whitefish,9.1,1.000000,available,hypothetical_research_only
round_whitefish,9.2,1.000000,available,hypothetical_research_only
round_whitefish,9.3,1.000000,available,hypothetical_research_only
round_whitefish,9.4,1.000000,available,hypothetical_research_only
round_whitefish,9.5,1.000000,available,hypothetical_research_only
round_whitefish,9.6,1.000000,available,hypothetical_research_only
round_whitefish,9.7,1.000000,available,hypothetical_research_only
round_whitefish,9.8,1.000000,available,hypothetical_research_only
round_whitefish,9.9,1.000000,available,hypothetical_research_only
round_whitefish,10.0,1.000000,available,hypothetical_research_only
round_whitefish,10.1,0.996250,available,hypothetical_research_only
round_whitefish,10.2,0.992500,available,hypothetical_research_only
round_whitefish,10.3,0.988750,available,hypothetical_research_only
round_whitefish,10.4,0.985000,available,hypothetical_research_only
round_whitefish,10.5,0.981250,available,hypothetical_research_only
round_whitefish,10.6,0.977500,available,hypothetical_research_only
round_whitefish,10.7,0.973750,available,hypothetical_research_only
round_whitefish,10.8,0.970000,available,hypothetical_research_only
round_whitefish,10.9,0.966250,available,hypothetical_research_only
round_whitefish,11.0,0.962500,available,hypothetical_research_only
round_whitefish,11.1,0.958750,available,hypothetical_research_only
round_whitefish,11.2,0.955000,available,hypothetical_research_only
round_whitefish,11.3,0.951250,available,hypothetical_research_only
round_whitefish,11.4,0.947500,available,hypothetical_research_only
round_whitefish,11.5,0.943750,available,hypothetical_research_only
round_whitefish,11.6,0.940000,available,hypothetical_research_only
round_whitefish,11.7,0.936250,available,hypothetical_research_only
round_whitefish,11.8,0.932500,available,hypothetical_research_only
round_whitefish,11.9,0.928750,available,hypothetical_research_only
round_whitefish,12.0,0.925000,available,hypothetical_research_only
round_whitefish,12.1,0.921250,available,hypothetical_research_only
round_whitefish,12.2,0.917500,available,hypothetical_research_only
round_whitefish,12.3,0.913750,available,hypothetical_research_only
round_whitefish,12.4,0.910000,available,hypothetical_research_only
round_whitefish,12.5,0.906250,available,hypothetical_research_only
round_whitefish,12.6,0.902500,available,hypothetical_research_only
round_whitefish,12.7,0.898750,available,hypothetical_research_only
round_whitefish,12.8,0.895000,available,hypothetical_research_only
round_whitefish,12.9,0.891250,available,hypothetical_research_only
round_whitefish,13.0,0.887500,available,hypothetical_research_only
round_whitefish,13.1,0.883750,available,hypothetical_research_only
round_whitefish,13.2,0.880000,available,hypothetical_research_only
round_whitefish,13.3,0.876250,available,hypothetical_research_only
round_whitefish,13.4,0.872500,available,hypothetical_research_only
round_whitefish,13.5,0.868750,available,hypothetical_research_only
round_whitefish,13.6,0.865000,available,hypothetical_research_only
round_whitefish,13.7,0.861250,available,hypothetical_research_only
round_whitefish,13.8,0.857500,available,hypothetical_research_only
round_whitefish,13.9,0.853750,available,hypothetical_research_only
round_whitefish,14.0,0.850000,available,hypothetical_research_only
round_whitefish,14.1,0.842500,available,hypothetical_research_only
round_whitefish,14.2,0.835000,available,hypothetical_research_only
round_whitefish,14.3,0.827500,available,hypothetical_research_only
round_whitefish,14.4,0.820000,available,hypothetical_research_only
round_whitefish,14.5,0.812500,available,hypothetical_research_only
round_whitefish,14.6,0.805000,available,hypothetical_research_only
round_whitefish,14.7,0.797500,available,hypothetical_research_only
round_whitefish,14.8,0.790000,available,hypothetical_research_only
round_whitefish,14.9,0.782500,available,hypothetical_research_only
round_whitefish,15.0,0.775000,available,hypothetical_research_only
round_whitefish,15.1,0.767500,available,hypothetical_research_only
round_whitefish,15.2,0.760000,available,hypothetical_research_only
round_whitefish,15.3,0.752500,available,hypothetical_research_only
round_whitefish,15.4,0.745000,available,hypothetical_research_only
round_whitefish,15.5,0.737500,available,hypothetical_research_only
round_whitefish,15.6,0.730000,available,hypothetical_research_only
round_whitefish,15.7,0.722500,available,hypothetical_research_only
round_whitefish,15.8,0.715000,available,hypothetical_research_only
round_whitefish,15.9,0.707500,available,hypothetical_research_only
round_whitefish,16.0,0.700000,available,hypothetical_research_only
round_whitefish,16.1,0.692500,available,hypothetical_research_only
round_whitefish,16.2,0.685000,available,hypothetical_research_only
round_whitefish,16.3,0.677500,available,hypothetical_research_only
round_whitefish,16.4,0.670000,available,hypothetical_research_only
round_whitefish,16.5,0.662500,available,hypothetical_research_only
round_whitefish,16.6,0.655000,available,hypothetical_research_only
round_whitefish,16.7,0.647500,available,hypothetical_research_only
round_whitefish,16.8,0.640000,available,hypothetical_research_only
round_whitefish,16.9,0.632500,available,hypothetical_research_only
round_whitefish,17.0,0.625000,available,hypothetical_research_only
round_whitefish,17.1,0.617500,available,hypothetical_research_only
round_whitefish,17.2,0.610000,available,hypothetical_research_only
round_whitefish,17.3,0.602500,available,hypothetical_research_only
round_whitefish,17.4,0.595000,available,hypothetical_research_only
round_whitefish,17.5,0.587500,available,hypothetical_research_only
round_whitefish,17.6,0.580000,available,hypothetical_research_only
round_whitefish,17.7,0.572500,available,hypothetical_research_only
round_whitefish,17.8,0.565000,available,hypothetical_research_only
round_whitefish,17.9,0.557500,available,hypothetical_research_only
round_whitefish,18.0,0.550000,available,hypothetical_research_only
round_whitefish,18.1,0.542500,available,hypothetical_research_only
round_whitefish,18.2,0.535000,available,hypothetical_research_only
round_whitefish,18.3,0.527500,available,hypothetical_research_only
round_whitefish,18.4,0.520000,available,hypothetical_research_only
round_whitefish,18.5,0.512500,available,hypothetical_research_only
round_whitefish,18.6,0.505000,available,hypothetical_research_only
round_whitefish,18.7,0.497500,available,hypothetical_research_only
round_whitefish,18.8,0.490000,available,hypothetical_research_only
round_whitefish,18.9,0.482500,available,hypothetical_research_only
round_whitefish,19.0,0.475000,available,hypothetical_research_only
round_whitefish,19.1,0.467500,available,hypothetical_research_only
round_whitefish,19.2,0.460000,available,hypothetical_research_only
round_whitefish,19.3,0.452500,available,hypothetical_research_only
round_whitefish,19.4,0.445000,available,hypothetical_research_only
round_whitefish,19.5,0.437500,available,hypothetical_research_only
round_whitefish,19.6,0.430000,available,hypothetical_research_only
round_whitefish,19.7,0.422500,available,hypothetical_research_only
round_whitefish,19.8,0.415000,available,hypothetical_research_only
round_whitefish,19.9,0.407500,available,hypothetical_research_only
round_whitefish,20.0,0.400000,available,hypothetical_research_only
round_whitefish,20.1,0.392500,available,hypothetical_research_only
round_whitefish,20.2,0.385000,available,hypothetical_research_only
round_whitefish,20.3,0.377500,available,hypothetical_research_only
round_whitefish,20.4,0.370000,available,hypothetical_research_only
round_whitefish,20.5,0.362500,available,hypothetical_research_only
round_whitefish,20.6,0.355000,available,hypothetical_research_only
round_whitefish,20.7,0.347500,available,hypothetical_research_only
round_whitefish,20.8,0.340000,available,hypothetical_research_only
round_whitefish,20.9,0.332500,available,hypothetical_research_only
round_whitefish,21.0,0.325000,available,hypothetical_research_only
round_whitefish,21.1,0.317500,available,hypothetical_research_only
round_whitefish,21.2,0.310000,available,hypothetical_research_only
round_whitefish,21.3,0.302500,available,hypothetical_research_only
round_whitefish,21.4,0.295000,available,hypothetical_research_only
round_whitefish,21.5,0.287500,available,hypothetical_research_only
round_whitefish,21.6,0.280000,available,hypothetical_research_only
round_whitefish,21.7,0.272500,available,hypothetical_research_only
round_whitefish,21.8,0.265000,available,hypothetical_research_only
round_whitefish,21.9,0.257500,available,hypothetical_research_only
round_whitefish,22.0,0.250000,available,hypothetical_research_only
round_whitefish,22.1,0.246250,available,hypothetical_research_only
round_whitefish,22.2,0.242500,available,hypothetical_research_only
round_whitefish,22.3,0.238750,available,hypothetical_research_only
round_whitefish,22.4,0.235000,available,hypothetical_research_only
round_whitefish,22.5,0.231250,available,hypothetical_research_only
round_whitefish,22.6,0.227500,available,hypothetical_research_only
round_whitefish,22.7,0.223750,available,hypothetical_research_only
round_whitefish,22.8,0.220000,available,hypothetical_research_only
round_whitefish,22.9,0.216250,available,hypothetical_research_only
round_whitefish,23.0,0.212500,available,hypothetical_research_only
round_whitefish,23.1,0.208750,available,hypothetical_research_only
round_whitefish,23.2,0.205000,available,hypothetical_research_only
round_whitefish,23.3,0.201250,available,hypothetical_research_only
round_whitefish,23.4,0.197500,available,hypothetical_research_only
round_whitefish,23.5,0.193750,available,hypothetical_research_only
round_whitefish,23.6,0.190000,available,hypothetical_research_only
round_whitefish,23.7,0.186250,available,hypothetical_research_only
round_whitefish,23.8,0.182500,available,hypothetical_research_only
round_whitefish,23.9,0.178750,available,hypothetical_research_only
round_whitefish,24.0,0.175000,available,hypothetical_research_only
round_whitefish,24.1,0.171250,available,hypothetical_research_only
round_whitefish,24.2,0.167500,available,hypothetical_research_only
round_whitefish,24.3,0.163750,available,hypothetical_research_only
round_whitefish,24.4,0.160000,available,hypothetical_research_only
round_whitefish,24.5,0.156250,available,hypothetical_research_only
round_whitefish,24.6,0.152500,available,hypothetical_research_only
round_whitefish,24.7,0.148750,available,hypothetical_research_only
round_whitefish,24.8,0.145000,available,hypothetical_research_only
round_whitefish,24.9,0.141250,available,hypothetical_research_only
round_whitefish,25.0,0.137500,available,hypothetical_research_only
round_whitefish,25.1,0.133750,available,hypothetical_research_only
round_whitefish,25.2,0.130000,available,hypothetical_research_only
round_whitefish,25.3,0.126250,available,hypothetical_research_only
round_whitefish,25.4,0.122500,available,hypothetical_research_only
round_whitefish,25.5,0.118750,available,hypothetical_research_only
round_whitefish,25.6,0.115000,available,hypothetical_research_only
round_whitefish,25.7,0.111250,available,hypothetical_research_only
round_whitefish,25.8,0.107500,available,hypothetical_research_only
round_whitefish,25.9,0.103750,available,hypothetical_research_only
round_whitefish,26.0,0.100000,available,hypothetical_research_only
round_whitefish,26.1,,unavailable,hypothetical_research_only
round_whitefish,26.2,,unavailable,hypothetical_research_only
round_whitefish,26.3,,unavailable,hypothetical_research_only
round_whitefish,26.4,,unavailable,hypothetical_research_only
round_whitefish,26.5,,unavailable,hypothetical_research_only
round_whitefish,26.6,,unavailable,hypothetical_research_only
round_whitefish,26.7,,unavailable,hypothetical_research_only
round_whitefish,26.8,,unavailable,hypothetical_research_only
round_whitefish,26.9,,unavailable,hypothetical_research_only
round_whitefish,27.0,,unavailable,hypothetical_research_only
round_whitefish,27.1,,unavailable,hypothetical_research_only
round_whitefish,27.2,,unavailable,hypothetical_research_only
round_whitefish,27.3,,unavailable,hypothetical_research_only
round_whitefish,27.4,,unavailable,hypothetical_research_only
round_whitefish,27.5,,unavailable,hypothetical_research_only
round_whitefish,27.6,,unavailable,hypothetical_research_only
round_whitefish,27.7,,unavailable,hypothetical_research_only
round_whitefish,27.8,,unavailable,hypothetical_research_only
round_whitefish,27.9,,unavailable,hypothetical_research_only
round_whitefish,28.0,,unavailable,hypothetical_research_only
round_whitefish,28.1,,unavailable,hypothetical_research_only
round_whitefish,28.2,,unavailable,hypothetical_research_only
round_whitefish,28.3,,unavailable,hypothetical_research_only
round_whitefish,28.4,,unavailable,hypothetical_research_only
round_whitefish,28.5,,unavailable,hypothetical_research_only
round_whitefish,28.6,,unavailable,hypothetical_research_only
round_whitefish,28.7,,unavailable,hypothetical_research_only
round_whitefish,28.8,,unavailable,hypothetical_research_only
round_whitefish,28.9,,unavailable,hypothetical_research_only
round_whitefish,29.0,,unavailable,hypothetical_research_only
round_whitefish,29.1,,unavailable,hypothetical_research_only
round_whitefish,29.2,,unavailable,hypothetical_research_only
round_whitefish,29.3,,unavailable,hypothetical_research_only
round_whitefish,29.4,,unavailable,hypothetical_research_only
round_whitefish,29.5,,unavailable,hypothetical_research_only
round_whitefish,29.6,,unavailable,hypothetical_research_only
round_whitefish,29.7,,unavailable,hypothetical_research_only
round_whitefish,29.8,,unavailable,hypothetical_research_only
round_whitefish,29.9,,unavailable,hypothetical_research_only
round_whitefish,30.0,,unavailable,hypothetical_research_only
round_whitefish,30.1,,unavailable,hypothetical_research_only
round_whitefish,30.2,,unavailable,hypothetical_research_only
round_whitefish,30.3,,unavailable,hypothetical_research_only
round_whitefish,30.4,,unavailable,hypothetical_research_only
round_whitefish,30.5,,unavailable,hypothetical_research_only
round_whitefish,30.6,,unavailable,hypothetical_research_only
round_whitefish,30.7,,unavailable,hypothetical_research_only
round_whitefish,30.8,,unavailable,hypothetical_research_only
round_whitefish,30.9,,unavailable,hypothetical_research_only
round_whitefish,31.0,,unavailable,hypothetical_research_only
round_whitefish,31.1,,unavailable,hypothetical_research_only
round_whitefish,31.2,,unavailable,hypothetical_research_only
round_whitefish,31.3,,unavailable,hypothetical_research_only
round_whitefish,31.4,,unavailable,hypothetical_research_only
round_whitefish,31.5,,unavailable,hypothetical_research_only
round_whitefish,31.6,,unavailable,hypothetical_research_only
round_whitefish,31.7,,unavailable,hypothetical_research_only
round_whitefish,31.8,,unavailable,hypothetical_research_only
round_whitefish,31.9,,unavailable,hypothetical_research_only
round_whitefish,32.0,,unavailable,hypothetical_research_only
channel_catfish,0.0,0.400000,available,hypothetical_research_only
channel_catfish,0.1,0.402500,available,hypothetical_research_only
channel_catfish,0.2,0.405000,available,hypothetical_research_only
channel_catfish,0.3,0.407500,available,hypothetical_research_only
channel_catfish,0.4,0.410000,available,hypothetical_research_only
channel_catfish,0.5,0.412500,available,hypothetical_research_only
channel_catfish,0.6,0.415000,available,hypothetical_research_only
channel_catfish,0.7,0.417500,available,hypothetical_research_only
channel_catfish,0.8,0.420000,available,hypothetical_research_only
channel_catfish,0.9,0.422500,available,hypothetical_research_only
channel_catfish,1.0,0.425000,available,hypothetical_research_only
channel_catfish,1.1,0.427500,available,hypothetical_research_only
channel_catfish,1.2,0.430000,available,hypothetical_research_only
channel_catfish,1.3,0.432500,available,hypothetical_research_only
channel_catfish,1.4,0.435000,available,hypothetical_research_only
channel_catfish,1.5,0.437500,available,hypothetical_research_only
channel_catfish,1.6,0.440000,available,hypothetical_research_only
channel_catfish,1.7,0.442500,available,hypothetical_research_only
channel_catfish,1.8,0.445000,available,hypothetical_research_only
channel_catfish,1.9,0.447500,available,hypothetical_research_only
channel_catfish,2.0,0.450000,available,hypothetical_research_only
channel_catfish,2.1,0.452500,available,hypothetical_research_only
channel_catfish,2.2,0.455000,available,hypothetical_research_only
channel_catfish,2.3,0.457500,available,hypothetical_research_only
channel_catfish,2.4,0.460000,available,hypothetical_research_only
channel_catfish,2.5,0.462500,available,hypothetical_research_only
channel_catfish,2.6,0.465000,available,hypothetical_research_only
channel_catfish,2.7,0.467500,available,hypothetical_research_only
channel_catfish,2.8,0.470000,available,hypothetical_research_only
channel_catfish,2.9,0.472500,available,hypothetical_research_only
channel_catfish,3.0,0.475000,available,hypothetical_research_only
channel_catfish,3.1,0.477500,available,hypothetical_research_only
channel_catfish,3.2,0.480000,available,hypothetical_research_only
channel_catfish,3.3,0.482500,available,hypothetical_research_only
channel_catfish,3.4,0.485000,available,hypothetical_research_only
channel_catfish,3.5,0.487500,available,hypothetical_research_only
channel_catfish,3.6,0.490000,available,hypothetical_research_only
channel_catfish,3.7,0.492500,available,hypothetical_research_only
channel_catfish,3.8,0.495000,available,hypothetical_research_only
channel_catfish,3.9,0.497500,available,hypothetical_research_only
channel_catfish,4.0,0.500000,available,hypothetical_research_only
channel_catfish,4.1,0.503750,available,hypothetical_research_only
channel_catfish,4.2,0.507500,available,hypothetical_research_only
channel_catfish,4.3,0.511250,available,hypothetical_research_only
channel_catfish,4.4,0.515000,available,hypothetical_research_only
channel_catfish,4.5,0.518750,available,hypothetical_research_only
channel_catfish,4.6,0.522500,available,hypothetical_research_only
channel_catfish,4.7,0.526250,available,hypothetical_research_only
channel_catfish,4.8,0.530000,available,hypothetical_research_only
channel_catfish,4.9,0.533750,available,hypothetical_research_only
channel_catfish,5.0,0.537500,available,hypothetical_research_only
channel_catfish,5.1,0.541250,available,hypothetical_research_only
channel_catfish,5.2,0.545000,available,hypothetical_research_only
channel_catfish,5.3,0.548750,available,hypothetical_research_only
channel_catfish,5.4,0.552500,available,hypothetical_research_only
channel_catfish,5.5,0.556250,available,hypothetical_research_only
channel_catfish,5.6,0.560000,available,hypothetical_research_only
channel_catfish,5.7,0.563750,available,hypothetical_research_only
channel_catfish,5.8,0.567500,available,hypothetical_research_only
channel_catfish,5.9,0.571250,available,hypothetical_research_only
channel_catfish,6.0,0.575000,available,hypothetical_research_only
channel_catfish,6.1,0.578750,available,hypothetical_research_only
channel_catfish,6.2,0.582500,available,hypothetical_research_only
channel_catfish,6.3,0.586250,available,hypothetical_research_only
channel_catfish,6.4,0.590000,available,hypothetical_research_only
channel_catfish,6.5,0.593750,available,hypothetical_research_only
channel_catfish,6.6,0.597500,available,hypothetical_research_only
channel_catfish,6.7,0.601250,available,hypothetical_research_only
channel_catfish,6.8,0.605000,available,hypothetical_research_only
channel_catfish,6.9,0.608750,available,hypothetical_research_only
channel_catfish,7.0,0.612500,available,hypothetical_research_only
channel_catfish,7.1,0.616250,available,hypothetical_research_only
channel_catfish,7.2,0.620000,available,hypothetical_research_only
channel_catfish,7.3,0.623750,available,hypothetical_research_only
channel_catfish,7.4,0.627500,available,hypothetical_research_only
channel_catfish,7.5,0.631250,available,hypothetical_research_only
channel_catfish,7.6,0.635000,available,hypothetical_research_only
channel_catfish,7.7,0.638750,available,hypothetical_research_only
channel_catfish,7.8,0.642500,available,hypothetical_research_only
channel_catfish,7.9,0.646250,available,hypothetical_research_only
channel_catfish,8.0,0.650000,available,hypothetical_research_only
channel_catfish,8.1,0.653750,available,hypothetical_research_only
channel_catfish,8.2,0.657500,available,hypothetical_research_only
channel_catfish,8.3,0.661250,available,hypothetical_research_only
channel_catfish,8.4,0.665000,available,hypothetical_research_only
channel_catfish,8.5,0.668750,available,hypothetical_research_only
channel_catfish,8.6,0.672500,available,hypothetical_research_only
channel_catfish,8.7,0.676250,available,hypothetical_research_only
channel_catfish,8.8,0.680000,available,hypothetical_research_only
channel_catfish,8.9,0.683750,available,hypothetical_research_only
channel_catfish,9.0,0.687500,available,hypothetical_research_only
channel_catfish,9.1,0.691250,available,hypothetical_research_only
channel_catfish,9.2,0.695000,available,hypothetical_research_only
channel_catfish,9.3,0.698750,available,hypothetical_research_only
channel_catfish,9.4,0.702500,available,hypothetical_research_only
channel_catfish,9.5,0.706250,available,hypothetical_research_only
channel_catfish,9.6,0.710000,available,hypothetical_research_only
channel_catfish,9.7,0.713750,available,hypothetical_research_only
channel_catfish,9.8,0.717500,available,hypothetical_research_only
channel_catfish,9.9,0.721250,available,hypothetical_research_only
channel_catfish,10.0,0.725000,available,hypothetical_research_only
channel_catfish,10.1,0.728750,available,hypothetical_research_only
channel_catfish,10.2,0.732500,available,hypothetical_research_only
channel_catfish,10.3,0.736250,available,hypothetical_research_only
channel_catfish,10.4,0.740000,available,hypothetical_research_only
channel_catfish,10.5,0.743750,available,hypothetical_research_only
channel_catfish,10.6,0.747500,available,hypothetical_research_only
channel_catfish,10.7,0.751250,available,hypothetical_research_only
channel_catfish,10.8,0.755000,available,hypothetical_research_only
channel_catfish,10.9,0.758750,available,hypothetical_research_only
channel_catfish,11.0,0.762500,available,hypothetical_research_only
channel_catfish,11.1,0.766250,available,hypothetical_research_only
channel_catfish,11.2,0.770000,available,hypothetical_research_only
channel_catfish,11.3,0.773750,available,hypothetical_research_only
channel_catfish,11.4,0.777500,available,hypothetical_research_only
channel_catfish,11.5,0.781250,available,hypothetical_research_only
channel_catfish,11.6,0.785000,available,hypothetical_research_only
channel_catfish,11.7,0.788750,available,hypothetical_research_only
channel_catfish,11.8,0.792500,available,hypothetical_research_only
channel_catfish,11.9,0.796250,available,hypothetical_research_only
channel_catfish,12.0,0.800000,available,hypothetical_research_only
channel_catfish,12.1,0.802500,available,hypothetical_research_only
channel_catfish,12.2,0.805000,available,hypothetical_research_only
channel_catfish,12.3,0.807500,available,hypothetical_research_only
channel_catfish,12.4,0.810000,available,hypothetical_research_only
channel_catfish,12.5,0.812500,available,hypothetical_research_only
channel_catfish,12.6,0.815000,available,hypothetical_research_only
channel_catfish,12.7,0.817500,available,hypothetical_research_only
channel_catfish,12.8,0.820000,available,hypothetical_research_only
channel_catfish,12.9,0.822500,available,hypothetical_research_only
channel_catfish,13.0,0.825000,available,hypothetical_research_only
channel_catfish,13.1,0.827500,available,hypothetical_research_only
channel_catfish,13.2,0.830000,available,hypothetical_research_only
channel_catfish,13.3,0.832500,available,hypothetical_research_only
channel_catfish,13.4,0.835000,available,hypothetical_research_only
channel_catfish,13.5,0.837500,available,hypothetical_research_only
channel_catfish,13.6,0.840000,available,hypothetical_research_only
channel_catfish,13.7,0.842500,available,hypothetical_research_only
channel_catfish,13.8,0.845000,available,hypothetical_research_only
channel_catfish,13.9,0.847500,available,hypothetical_research_only
channel_catfish,14.0,0.850000,available,hypothetical_research_only
channel_catfish,14.1,0.852500,available,hypothetical_research_only
channel_catfish,14.2,0.855000,available,hypothetical_research_only
channel_catfish,14.3,0.857500,available,hypothetical_research_only
channel_catfish,14.4,0.860000,available,hypothetical_research_only
channel_catfish,14.5,0.862500,available,hypothetical_research_only
channel_catfish,14.6,0.865000,available,hypothetical_research_only
channel_catfish,14.7,0.867500,available,hypothetical_research_only
channel_catfish,14.8,0.870000,available,hypothetical_research_only
channel_catfish,14.9,0.872500,available,hypothetical_research_only
channel_catfish,15.0,0.875000,available,hypothetical_research_only
channel_catfish,15.1,0.877500,available,hypothetical_research_only
channel_catfish,15.2,0.880000,available,hypothetical_research_only
channel_catfish,15.3,0.882500,available,hypothetical_research_only
channel_catfish,15.4,0.885000,available,hypothetical_research_only
channel_catfish,15.5,0.887500,available,hypothetical_research_only
channel_catfish,15.6,0.890000,available,hypothetical_research_only
channel_catfish,15.7,0.892500,available,hypothetical_research_only
channel_catfish,15.8,0.895000,available,hypothetical_research_only
channel_catfish,15.9,0.897500,available,hypothetical_research_only
channel_catfish,16.0,0.900000,available,hypothetical_research_only
channel_catfish,16.1,0.901250,available,hypothetical_research_only
channel_catfish,16.2,0.902500,available,hypothetical_research_only
channel_catfish,16.3,0.903750,available,hypothetical_research_only
channel_catfish,16.4,0.905000,available,hypothetical_research_only
channel_catfish,16.5,0.906250,available,hypothetical_research_only
channel_catfish,16.6,0.907500,available,hypothetical_research_only
channel_catfish,16.7,0.908750,available,hypothetical_research_only
channel_catfish,16.8,0.910000,available,hypothetical_research_only
channel_catfish,16.9,0.911250,available,hypothetical_research_only
channel_catfish,17.0,0.912500,available,hypothetical_research_only
channel_catfish,17.1,0.913750,available,hypothetical_research_only
channel_catfish,17.2,0.915000,available,hypothetical_research_only
channel_catfish,17.3,0.916250,available,hypothetical_research_only
channel_catfish,17.4,0.917500,available,hypothetical_research_only
channel_catfish,17.5,0.918750,available,hypothetical_research_only
channel_catfish,17.6,0.920000,available,hypothetical_research_only
channel_catfish,17.7,0.921250,available,hypothetical_research_only
channel_catfish,17.8,0.922500,available,hypothetical_research_only
channel_catfish,17.9,0.923750,available,hypothetical_research_only
channel_catfish,18.0,0.925000,available,hypothetical_research_only
channel_catfish,18.1,0.926250,available,hypothetical_research_only
channel_catfish,18.2,0.927500,available,hypothetical_research_only
channel_catfish,18.3,0.928750,available,hypothetical_research_only
channel_catfish,18.4,0.930000,available,hypothetical_research_only
channel_catfish,18.5,0.931250,available,hypothetical_research_only
channel_catfish,18.6,0.932500,available,hypothetical_research_only
channel_catfish,18.7,0.933750,available,hypothetical_research_only
channel_catfish,18.8,0.935000,available,hypothetical_research_only
channel_catfish,18.9,0.936250,available,hypothetical_research_only
channel_catfish,19.0,0.937500,available,hypothetical_research_only
channel_catfish,19.1,0.938750,available,hypothetical_research_only
channel_catfish,19.2,0.940000,available,hypothetical_research_only
channel_catfish,19.3,0.941250,available,hypothetical_research_only
channel_catfish,19.4,0.942500,available,hypothetical_research_only
channel_catfish,19.5,0.943750,available,hypothetical_research_only
channel_catfish,19.6,0.945000,available,hypothetical_research_only
channel_catfish,19.7,0.946250,available,hypothetical_research_only
channel_catfish,19.8,0.947500,available,hypothetical_research_only
channel_catfish,19.9,0.948750,available,hypothetical_research_only
channel_catfish,20.0,0.950000,available,hypothetical_research_only
channel_catfish,20.1,0.951250,available,hypothetical_research_only
channel_catfish,20.2,0.952500,available,hypothetical_research_only
channel_catfish,20.3,0.953750,available,hypothetical_research_only
channel_catfish,20.4,0.955000,available,hypothetical_research_only
channel_catfish,20.5,0.956250,available,hypothetical_research_only
channel_catfish,20.6,0.957500,available,hypothetical_research_only
channel_catfish,20.7,0.958750,available,hypothetical_research_only
channel_catfish,20.8,0.960000,available,hypothetical_research_only
channel_catfish,20.9,0.961250,available,hypothetical_research_only
channel_catfish,21.0,0.962500,available,hypothetical_research_only
channel_catfish,21.1,0.963750,available,hypothetical_research_only
channel_catfish,21.2,0.965000,available,hypothetical_research_only
channel_catfish,21.3,0.966250,available,hypothetical_research_only
channel_catfish,21.4,0.967500,available,hypothetical_research_only
channel_catfish,21.5,0.968750,available,hypothetical_research_only
channel_catfish,21.6,0.970000,available,hypothetical_research_only
channel_catfish,21.7,0.971250,available,hypothetical_research_only
channel_catfish,21.8,0.972500,available,hypothetical_research_only
channel_catfish,21.9,0.973750,available,hypothetical_research_only
channel_catfish,22.0,0.975000,available,hypothetical_research_only
channel_catfish,22.1,0.976250,available,hypothetical_research_only
channel_catfish,22.2,0.977500,available,hypothetical_research_only
channel_catfish,22.3,0.978750,available,hypothetical_research_only
channel_catfish,22.4,0.980000,available,hypothetical_research_only
channel_catfish,22.5,0.981250,available,hypothetical_research_only
channel_catfish,22.6,0.982500,available,hypothetical_research_only
channel_catfish,22.7,0.983750,available,hypothetical_research_only
channel_catfish,22.8,0.985000,available,hypothetical_research_only
channel_catfish,22.9,0.986250,available,hypothetical_research_only
channel_catfish,23.0,0.987500,available,hypothetical_research_only
channel_catfish,23.1,0.988750,available,hypothetical_research_only
channel_catfish,23.2,0.990000,available,hypothetical_research_only
channel_catfish,23.3,0.991250,available,hypothetical_research_only
channel_catfish,23.4,0.992500,available,hypothetical_research_only
channel_catfish,23.5,0.993750,available,hypothetical_research_only
channel_catfish,23.6,0.995000,available,hypothetical_research_only
channel_catfish,23.7,0.996250,available,hypothetical_research_only
channel_catfish,23.8,0.997500,available,hypothetical_research_only
channel_catfish,23.9,0.998750,available,hypothetical_research_only
channel_catfish,24.0,1.000000,available,hypothetical_research_only
channel_catfish,24.1,1.000000,available,hypothetical_research_only
channel_catfish,24.2,1.000000,available,hypothetical_research_only
channel_catfish,24.3,1.000000,available,hypothetical_research_only
channel_catfish,24.4,1.000000,available,hypothetical_research_only
channel_catfish,24.5,1.000000,available,hypothetical_research_only
channel_catfish,24.6,1.000000,available,hypothetical_research_only
channel_catfish,24.7,1.000000,available,hypothetical_research_only
channel_catfish,24.8,1.000000,available,hypothetical_research_only
channel_catfish,24.9,1.000000,available,hypothetical_research_only
channel_catfish,25.0,1.000000,available,hypothetical_research_only
channel_catfish,25.1,1.000000,available,hypothetical_research_only
channel_catfish,25.2,1.000000,available,hypothetical_research_only
channel_catfish,25.3,1.000000,available,hypothetical_research_only
channel_catfish,25.4,1.000000,available,hypothetical_research_only
channel_catfish,25.5,1.000000,available,hypothetical_research_only
channel_catfish,25.6,1.000000,available,hypothetical_research_only
channel_catfish,25.7,1.000000,available,hypothetical_research_only
channel_catfish,25.8,1.000000,available,hypothetical_research_only
channel_catfish,25.9,1.000000,available,hypothetical_research_only
channel_catfish,26.0,1.000000,available,hypothetical_research_only
channel_catfish,26.1,1.000000,available,hypothetical_research_only
channel_catfish,26.2,1.000000,available,hypothetical_research_only
channel_catfish,26.3,1.000000,available,hypothetical_research_only
channel_catfish,26.4,1.000000,available,hypothetical_research_only
channel_catfish,26.5,1.000000,available,hypothetical_research_only
channel_catfish,26.6,1.000000,available,hypothetical_research_only
channel_catfish,26.7,1.000000,available,hypothetical_research_only
channel_catfish,26.8,1.000000,available,hypothetical_research_only
channel_catfish,26.9,1.000000,available,hypothetical_research_only
channel_catfish,27.0,1.000000,available,hypothetical_research_only
channel_catfish,27.1,1.000000,available,hypothetical_research_only
channel_catfish,27.2,1.000000,available,hypothetical_research_only
channel_catfish,27.3,1.000000,available,hypothetical_research_only
channel_catfish,27.4,1.000000,available,hypothetical_research_only
channel_catfish,27.5,1.000000,available,hypothetical_research_only
channel_catfish,27.6,1.000000,available,hypothetical_research_only
channel_catfish,27.7,1.000000,available,hypothetical_research_only
channel_catfish,27.8,1.000000,available,hypothetical_research_only
channel_catfish,27.9,1.000000,available,hypothetical_research_only
channel_catfish,28.0,1.000000,available,hypothetical_research_only
channel_catfish,28.1,0.995000,available,hypothetical_research_only
channel_catfish,28.2,0.990000,available,hypothetical_research_only
channel_catfish,28.3,0.985000,available,hypothetical_research_only
channel_catfish,28.4,0.980000,available,hypothetical_research_only
channel_catfish,28.5,0.975000,available,hypothetical_research_only
channel_catfish,28.6,0.970000,available,hypothetical_research_only
channel_catfish,28.7,0.965000,available,hypothetical_research_only
channel_catfish,28.8,0.960000,available,hypothetical_research_only
channel_catfish,28.9,0.955000,available,hypothetical_research_only
channel_catfish,29.0,0.950000,available,hypothetical_research_only
channel_catfish,29.1,0.945000,available,hypothetical_research_only
channel_catfish,29.2,0.940000,available,hypothetical_research_only
channel_catfish,29.3,0.935000,available,hypothetical_research_only
channel_catfish,29.4,0.930000,available,hypothetical_research_only
channel_catfish,29.5,0.925000,available,hypothetical_research_only
channel_catfish,29.6,0.920000,available,hypothetical_research_only
channel_catfish,29.7,0.915000,available,hypothetical_research_only
channel_catfish,29.8,0.910000,available,hypothetical_research_only
channel_catfish,29.9,0.905000,available,hypothetical_research_only
channel_catfish,30.0,0.900000,available,hypothetical_research_only
channel_catfish,30.1,0.892500,available,hypothetical_research_only
channel_catfish,30.2,0.885000,available,hypothetical_research_only
channel_catfish,30.3,0.877500,available,hypothetical_research_only
channel_catfish,30.4,0.870000,available,hypothetical_research_only
channel_catfish,30.5,0.862500,available,hypothetical_research_only
channel_catfish,30.6,0.855000,available,hypothetical_research_only
channel_catfish,30.7,0.847500,available,hypothetical_research_only
channel_catfish,30.8,0.840000,available,hypothetical_research_only
channel_catfish,30.9,0.832500,available,hypothetical_research_only
channel_catfish,31.0,0.825000,available,hypothetical_research_only
channel_catfish,31.1,0.817500,available,hypothetical_research_only
channel_catfish,31.2,0.810000,available,hypothetical_research_only
channel_catfish,31.3,0.802500,available,hypothetical_research_only
channel_catfish,31.4,0.795000,available,hypothetical_research_only
channel_catfish,31.5,0.787500,available,hypothetical_research_only
channel_catfish,31.6,0.780000,available,hypothetical_research_only
channel_catfish,31.7,0.772500,available,hypothetical_research_only
channel_catfish,31.8,0.765000,available,hypothetical_research_only
channel_catfish,31.9,0.757500,available,hypothetical_research_only
channel_catfish,32.0,0.750000,available,hypothetical_research_only
largemouth_bass,0.0,0.350000,available,hypothetical_research_only
largemouth_bass,0.1,0.352500,available,hypothetical_research_only
largemouth_bass,0.2,0.355000,available,hypothetical_research_only
largemouth_bass,0.3,0.357500,available,hypothetical_research_only
largemouth_bass,0.4,0.360000,available,hypothetical_research_only
largemouth_bass,0.5,0.362500,available,hypothetical_research_only
largemouth_bass,0.6,0.365000,available,hypothetical_research_only
largemouth_bass,0.7,0.367500,available,hypothetical_research_only
largemouth_bass,0.8,0.370000,available,hypothetical_research_only
largemouth_bass,0.9,0.372500,available,hypothetical_research_only
largemouth_bass,1.0,0.375000,available,hypothetical_research_only
largemouth_bass,1.1,0.377500,available,hypothetical_research_only
largemouth_bass,1.2,0.380000,available,hypothetical_research_only
largemouth_bass,1.3,0.382500,available,hypothetical_research_only
largemouth_bass,1.4,0.385000,available,hypothetical_research_only
largemouth_bass,1.5,0.387500,available,hypothetical_research_only
largemouth_bass,1.6,0.390000,available,hypothetical_research_only
largemouth_bass,1.7,0.392500,available,hypothetical_research_only
largemouth_bass,1.8,0.395000,available,hypothetical_research_only
largemouth_bass,1.9,0.397500,available,hypothetical_research_only
largemouth_bass,2.0,0.400000,available,hypothetical_research_only
largemouth_bass,2.1,0.402500,available,hypothetical_research_only
largemouth_bass,2.2,0.405000,available,hypothetical_research_only
largemouth_bass,2.3,0.407500,available,hypothetical_research_only
largemouth_bass,2.4,0.410000,available,hypothetical_research_only
largemouth_bass,2.5,0.412500,available,hypothetical_research_only
largemouth_bass,2.6,0.415000,available,hypothetical_research_only
largemouth_bass,2.7,0.417500,available,hypothetical_research_only
largemouth_bass,2.8,0.420000,available,hypothetical_research_only
largemouth_bass,2.9,0.422500,available,hypothetical_research_only
largemouth_bass,3.0,0.425000,available,hypothetical_research_only
largemouth_bass,3.1,0.427500,available,hypothetical_research_only
largemouth_bass,3.2,0.430000,available,hypothetical_research_only
largemouth_bass,3.3,0.432500,available,hypothetical_research_only
largemouth_bass,3.4,0.435000,available,hypothetical_research_only
largemouth_bass,3.5,0.437500,available,hypothetical_research_only
largemouth_bass,3.6,0.440000,available,hypothetical_research_only
largemouth_bass,3.7,0.442500,available,hypothetical_research_only
largemouth_bass,3.8,0.445000,available,hypothetical_research_only
largemouth_bass,3.9,0.447500,available,hypothetical_research_only
largemouth_bass,4.0,0.450000,available,hypothetical_research_only
largemouth_bass,4.1,0.453750,available,hypothetical_research_only
largemouth_bass,4.2,0.457500,available,hypothetical_research_only
largemouth_bass,4.3,0.461250,available,hypothetical_research_only
largemouth_bass,4.4,0.465000,available,hypothetical_research_only
largemouth_bass,4.5,0.468750,available,hypothetical_research_only
largemouth_bass,4.6,0.472500,available,hypothetical_research_only
largemouth_bass,4.7,0.476250,available,hypothetical_research_only
largemouth_bass,4.8,0.480000,available,hypothetical_research_only
largemouth_bass,4.9,0.483750,available,hypothetical_research_only
largemouth_bass,5.0,0.487500,available,hypothetical_research_only
largemouth_bass,5.1,0.491250,available,hypothetical_research_only
largemouth_bass,5.2,0.495000,available,hypothetical_research_only
largemouth_bass,5.3,0.498750,available,hypothetical_research_only
largemouth_bass,5.4,0.502500,available,hypothetical_research_only
largemouth_bass,5.5,0.506250,available,hypothetical_research_only
largemouth_bass,5.6,0.510000,available,hypothetical_research_only
largemouth_bass,5.7,0.513750,available,hypothetical_research_only
largemouth_bass,5.8,0.517500,available,hypothetical_research_only
largemouth_bass,5.9,0.521250,available,hypothetical_research_only
largemouth_bass,6.0,0.525000,available,hypothetical_research_only
largemouth_bass,6.1,0.528750,available,hypothetical_research_only
largemouth_bass,6.2,0.532500,available,hypothetical_research_only
largemouth_bass,6.3,0.536250,available,hypothetical_research_only
largemouth_bass,6.4,0.540000,available,hypothetical_research_only
largemouth_bass,6.5,0.543750,available,hypothetical_research_only
largemouth_bass,6.6,0.547500,available,hypothetical_research_only
largemouth_bass,6.7,0.551250,available,hypothetical_research_only
largemouth_bass,6.8,0.555000,available,hypothetical_research_only
largemouth_bass,6.9,0.558750,available,hypothetical_research_only
largemouth_bass,7.0,0.562500,available,hypothetical_research_only
largemouth_bass,7.1,0.566250,available,hypothetical_research_only
largemouth_bass,7.2,0.570000,available,hypothetical_research_only
largemouth_bass,7.3,0.573750,available,hypothetical_research_only
largemouth_bass,7.4,0.577500,available,hypothetical_research_only
largemouth_bass,7.5,0.581250,available,hypothetical_research_only
largemouth_bass,7.6,0.585000,available,hypothetical_research_only
largemouth_bass,7.7,0.588750,available,hypothetical_research_only
largemouth_bass,7.8,0.592500,available,hypothetical_research_only
largemouth_bass,7.9,0.596250,available,hypothetical_research_only
largemouth_bass,8.0,0.600000,available,hypothetical_research_only
largemouth_bass,8.1,0.603750,available,hypothetical_research_only
largemouth_bass,8.2,0.607500,available,hypothetical_research_only
largemouth_bass,8.3,0.611250,available,hypothetical_research_only
largemouth_bass,8.4,0.615000,available,hypothetical_research_only
largemouth_bass,8.5,0.618750,available,hypothetical_research_only
largemouth_bass,8.6,0.622500,available,hypothetical_research_only
largemouth_bass,8.7,0.626250,available,hypothetical_research_only
largemouth_bass,8.8,0.630000,available,hypothetical_research_only
largemouth_bass,8.9,0.633750,available,hypothetical_research_only
largemouth_bass,9.0,0.637500,available,hypothetical_research_only
largemouth_bass,9.1,0.641250,available,hypothetical_research_only
largemouth_bass,9.2,0.645000,available,hypothetical_research_only
largemouth_bass,9.3,0.648750,available,hypothetical_research_only
largemouth_bass,9.4,0.652500,available,hypothetical_research_only
largemouth_bass,9.5,0.656250,available,hypothetical_research_only
largemouth_bass,9.6,0.660000,available,hypothetical_research_only
largemouth_bass,9.7,0.663750,available,hypothetical_research_only
largemouth_bass,9.8,0.667500,available,hypothetical_research_only
largemouth_bass,9.9,0.671250,available,hypothetical_research_only
largemouth_bass,10.0,0.675000,available,hypothetical_research_only
largemouth_bass,10.1,0.678750,available,hypothetical_research_only
largemouth_bass,10.2,0.682500,available,hypothetical_research_only
largemouth_bass,10.3,0.686250,available,hypothetical_research_only
largemouth_bass,10.4,0.690000,available,hypothetical_research_only
largemouth_bass,10.5,0.693750,available,hypothetical_research_only
largemouth_bass,10.6,0.697500,available,hypothetical_research_only
largemouth_bass,10.7,0.701250,available,hypothetical_research_only
largemouth_bass,10.8,0.705000,available,hypothetical_research_only
largemouth_bass,10.9,0.708750,available,hypothetical_research_only
largemouth_bass,11.0,0.712500,available,hypothetical_research_only
largemouth_bass,11.1,0.716250,available,hypothetical_research_only
largemouth_bass,11.2,0.720000,available,hypothetical_research_only
largemouth_bass,11.3,0.723750,available,hypothetical_research_only
largemouth_bass,11.4,0.727500,available,hypothetical_research_only
largemouth_bass,11.5,0.731250,available,hypothetical_research_only
largemouth_bass,11.6,0.735000,available,hypothetical_research_only
largemouth_bass,11.7,0.738750,available,hypothetical_research_only
largemouth_bass,11.8,0.742500,available,hypothetical_research_only
largemouth_bass,11.9,0.746250,available,hypothetical_research_only
largemouth_bass,12.0,0.750000,available,hypothetical_research_only
largemouth_bass,12.1,0.753750,available,hypothetical_research_only
largemouth_bass,12.2,0.757500,available,hypothetical_research_only
largemouth_bass,12.3,0.761250,available,hypothetical_research_only
largemouth_bass,12.4,0.765000,available,hypothetical_research_only
largemouth_bass,12.5,0.768750,available,hypothetical_research_only
largemouth_bass,12.6,0.772500,available,hypothetical_research_only
largemouth_bass,12.7,0.776250,available,hypothetical_research_only
largemouth_bass,12.8,0.780000,available,hypothetical_research_only
largemouth_bass,12.9,0.783750,available,hypothetical_research_only
largemouth_bass,13.0,0.787500,available,hypothetical_research_only
largemouth_bass,13.1,0.791250,available,hypothetical_research_only
largemouth_bass,13.2,0.795000,available,hypothetical_research_only
largemouth_bass,13.3,0.798750,available,hypothetical_research_only
largemouth_bass,13.4,0.802500,available,hypothetical_research_only
largemouth_bass,13.5,0.806250,available,hypothetical_research_only
largemouth_bass,13.6,0.810000,available,hypothetical_research_only
largemouth_bass,13.7,0.813750,available,hypothetical_research_only
largemouth_bass,13.8,0.817500,available,hypothetical_research_only
largemouth_bass,13.9,0.821250,available,hypothetical_research_only
largemouth_bass,14.0,0.825000,available,hypothetical_research_only
largemouth_bass,14.1,0.828750,available,hypothetical_research_only
largemouth_bass,14.2,0.832500,available,hypothetical_research_only
largemouth_bass,14.3,0.836250,available,hypothetical_research_only
largemouth_bass,14.4,0.840000,available,hypothetical_research_only
largemouth_bass,14.5,0.843750,available,hypothetical_research_only
largemouth_bass,14.6,0.847500,available,hypothetical_research_only
largemouth_bass,14.7,0.851250,available,hypothetical_research_only
largemouth_bass,14.8,0.855000,available,hypothetical_research_only
largemouth_bass,14.9,0.858750,available,hypothetical_research_only
largemouth_bass,15.0,0.862500,available,hypothetical_research_only
largemouth_bass,15.1,0.866250,available,hypothetical_research_only
largemouth_bass,15.2,0.870000,available,hypothetical_research_only
largemouth_bass,15.3,0.873750,available,hypothetical_research_only
largemouth_bass,15.4,0.877500,available,hypothetical_research_only
largemouth_bass,15.5,0.881250,available,hypothetical_research_only
largemouth_bass,15.6,0.885000,available,hypothetical_research_only
largemouth_bass,15.7,0.888750,available,hypothetical_research_only
largemouth_bass,15.8,0.892500,available,hypothetical_research_only
largemouth_bass,15.9,0.896250,available,hypothetical_research_only
largemouth_bass,16.0,0.900000,available,hypothetical_research_only
largemouth_bass,16.1,0.902000,available,hypothetical_research_only
largemouth_bass,16.2,0.904000,available,hypothetical_research_only
largemouth_bass,16.3,0.906000,available,hypothetical_research_only
largemouth_bass,16.4,0.908000,available,hypothetical_research_only
largemouth_bass,16.5,0.910000,available,hypothetical_research_only
largemouth_bass,16.6,0.912000,available,hypothetical_research_only
largemouth_bass,16.7,0.914000,available,hypothetical_research_only
largemouth_bass,16.8,0.916000,available,hypothetical_research_only
largemouth_bass,16.9,0.918000,available,hypothetical_research_only
largemouth_bass,17.0,0.920000,available,hypothetical_research_only
largemouth_bass,17.1,0.922000,available,hypothetical_research_only
largemouth_bass,17.2,0.924000,available,hypothetical_research_only
largemouth_bass,17.3,0.926000,available,hypothetical_research_only
largemouth_bass,17.4,0.928000,available,hypothetical_research_only
largemouth_bass,17.5,0.930000,available,hypothetical_research_only
largemouth_bass,17.6,0.932000,available,hypothetical_research_only
largemouth_bass,17.7,0.934000,available,hypothetical_research_only
largemouth_bass,17.8,0.936000,available,hypothetical_research_only
largemouth_bass,17.9,0.938000,available,hypothetical_research_only
largemouth_bass,18.0,0.940000,available,hypothetical_research_only
largemouth_bass,18.1,0.942000,available,hypothetical_research_only
largemouth_bass,18.2,0.944000,available,hypothetical_research_only
largemouth_bass,18.3,0.946000,available,hypothetical_research_only
largemouth_bass,18.4,0.948000,available,hypothetical_research_only
largemouth_bass,18.5,0.950000,available,hypothetical_research_only
largemouth_bass,18.6,0.952000,available,hypothetical_research_only
largemouth_bass,18.7,0.954000,available,hypothetical_research_only
largemouth_bass,18.8,0.956000,available,hypothetical_research_only
largemouth_bass,18.9,0.958000,available,hypothetical_research_only
largemouth_bass,19.0,0.960000,available,hypothetical_research_only
largemouth_bass,19.1,0.962000,available,hypothetical_research_only
largemouth_bass,19.2,0.964000,available,hypothetical_research_only
largemouth_bass,19.3,0.966000,available,hypothetical_research_only
largemouth_bass,19.4,0.968000,available,hypothetical_research_only
largemouth_bass,19.5,0.970000,available,hypothetical_research_only
largemouth_bass,19.6,0.972000,available,hypothetical_research_only
largemouth_bass,19.7,0.974000,available,hypothetical_research_only
largemouth_bass,19.8,0.976000,available,hypothetical_research_only
largemouth_bass,19.9,0.978000,available,hypothetical_research_only
largemouth_bass,20.0,0.980000,available,hypothetical_research_only
largemouth_bass,20.1,0.982000,available,hypothetical_research_only
largemouth_bass,20.2,0.984000,available,hypothetical_research_only
largemouth_bass,20.3,0.986000,available,hypothetical_research_only
largemouth_bass,20.4,0.988000,available,hypothetical_research_only
largemouth_bass,20.5,0.990000,available,hypothetical_research_only
largemouth_bass,20.6,0.992000,available,hypothetical_research_only
largemouth_bass,20.7,0.994000,available,hypothetical_research_only
largemouth_bass,20.8,0.996000,available,hypothetical_research_only
largemouth_bass,20.9,0.998000,available,hypothetical_research_only
largemouth_bass,21.0,1.000000,available,hypothetical_research_only
largemouth_bass,21.1,1.000000,available,hypothetical_research_only
largemouth_bass,21.2,1.000000,available,hypothetical_research_only
largemouth_bass,21.3,1.000000,available,hypothetical_research_only
largemouth_bass,21.4,1.000000,available,hypothetical_research_only
largemouth_bass,21.5,1.000000,available,hypothetical_research_only
largemouth_bass,21.6,1.000000,available,hypothetical_research_only
largemouth_bass,21.7,1.000000,available,hypothetical_research_only
largemouth_bass,21.8,1.000000,available,hypothetical_research_only
largemouth_bass,21.9,1.000000,available,hypothetical_research_only
largemouth_bass,22.0,1.000000,available,hypothetical_research_only
largemouth_bass,22.1,1.000000,available,hypothetical_research_only
largemouth_bass,22.2,1.000000,available,hypothetical_research_only
largemouth_bass,22.3,1.000000,available,hypothetical_research_only
largemouth_bass,22.4,1.000000,available,hypothetical_research_only
largemouth_bass,22.5,1.000000,available,hypothetical_research_only
largemouth_bass,22.6,1.000000,available,hypothetical_research_only
largemouth_bass,22.7,1.000000,available,hypothetical_research_only
largemouth_bass,22.8,1.000000,available,hypothetical_research_only
largemouth_bass,22.9,1.000000,available,hypothetical_research_only
largemouth_bass,23.0,1.000000,available,hypothetical_research_only
largemouth_bass,23.1,1.000000,available,hypothetical_research_only
largemouth_bass,23.2,1.000000,available,hypothetical_research_only
largemouth_bass,23.3,1.000000,available,hypothetical_research_only
largemouth_bass,23.4,1.000000,available,hypothetical_research_only
largemouth_bass,23.5,1.000000,available,hypothetical_research_only
largemouth_bass,23.6,1.000000,available,hypothetical_research_only
largemouth_bass,23.7,1.000000,available,hypothetical_research_only
largemouth_bass,23.8,1.000000,available,hypothetical_research_only
largemouth_bass,23.9,1.000000,available,hypothetical_research_only
largemouth_bass,24.0,1.000000,available,hypothetical_research_only
largemouth_bass,24.1,1.000000,available,hypothetical_research_only
largemouth_bass,24.2,1.000000,available,hypothetical_research_only
largemouth_bass,24.3,1.000000,available,hypothetical_research_only
largemouth_bass,24.4,1.000000,available,hypothetical_research_only
largemouth_bass,24.5,1.000000,available,hypothetical_research_only
largemouth_bass,24.6,1.000000,available,hypothetical_research_only
largemouth_bass,24.7,1.000000,available,hypothetical_research_only
largemouth_bass,24.8,1.000000,available,hypothetical_research_only
largemouth_bass,24.9,1.000000,available,hypothetical_research_only
largemouth_bass,25.0,1.000000,available,hypothetical_research_only
largemouth_bass,25.1,1.000000,available,hypothetical_research_only
largemouth_bass,25.2,1.000000,available,hypothetical_research_only
largemouth_bass,25.3,1.000000,available,hypothetical_research_only
largemouth_bass,25.4,1.000000,available,hypothetical_research_only
largemouth_bass,25.5,1.000000,available,hypothetical_research_only
largemouth_bass,25.6,1.000000,available,hypothetical_research_only
largemouth_bass,25.7,1.000000,available,hypothetical_research_only
largemouth_bass,25.8,1.000000,available,hypothetical_research_only
largemouth_bass,25.9,1.000000,available,hypothetical_research_only
largemouth_bass,26.0,1.000000,available,hypothetical_research_only
largemouth_bass,26.1,1.000000,available,hypothetical_research_only
largemouth_bass,26.2,1.000000,available,hypothetical_research_only
largemouth_bass,26.3,1.000000,available,hypothetical_research_only
largemouth_bass,26.4,1.000000,available,hypothetical_research_only
largemouth_bass,26.5,1.000000,available,hypothetical_research_only
largemouth_bass,26.6,1.000000,available,hypothetical_research_only
largemouth_bass,26.7,1.000000,available,hypothetical_research_only
largemouth_bass,26.8,1.000000,available,hypothetical_research_only
largemouth_bass,26.9,1.000000,available,hypothetical_research_only
largemouth_bass,27.0,1.000000,available,hypothetical_research_only
largemouth_bass,27.1,1.000000,available,hypothetical_research_only
largemouth_bass,27.2,1.000000,available,hypothetical_research_only
largemouth_bass,27.3,1.000000,available,hypothetical_research_only
largemouth_bass,27.4,1.000000,available,hypothetical_research_only
largemouth_bass,27.5,1.000000,available,hypothetical_research_only
largemouth_bass,27.6,1.000000,available,hypothetical_research_only
largemouth_bass,27.7,1.000000,available,hypothetical_research_only
largemouth_bass,27.8,1.000000,available,hypothetical_research_only
largemouth_bass,27.9,1.000000,available,hypothetical_research_only
largemouth_bass,28.0,1.000000,available,hypothetical_research_only
largemouth_bass,28.1,0.995000,available,hypothetical_research_only
largemouth_bass,28.2,0.990000,available,hypothetical_research_only
largemouth_bass,28.3,0.985000,available,hypothetical_research_only
largemouth_bass,28.4,0.980000,available,hypothetical_research_only
largemouth_bass,28.5,0.975000,available,hypothetical_research_only
largemouth_bass,28.6,0.970000,available,hypothetical_research_only
largemouth_bass,28.7,0.965000,available,hypothetical_research_only
largemouth_bass,28.8,0.960000,available,hypothetical_research_only
largemouth_bass,28.9,0.955000,available,hypothetical_research_only
largemouth_bass,29.0,0.950000,available,hypothetical_research_only
largemouth_bass,29.1,0.945000,available,hypothetical_research_only
largemouth_bass,29.2,0.940000,available,hypothetical_research_only
largemouth_bass,29.3,0.935000,available,hypothetical_research_only
largemouth_bass,29.4,0.930000,available,hypothetical_research_only
largemouth_bass,29.5,0.925000,available,hypothetical_research_only
largemouth_bass,29.6,0.920000,available,hypothetical_research_only
largemouth_bass,29.7,0.915000,available,hypothetical_research_only
largemouth_bass,29.8,0.910000,available,hypothetical_research_only
largemouth_bass,29.9,0.905000,available,hypothetical_research_only
largemouth_bass,30.0,0.900000,available,hypothetical_research_only
largemouth_bass,30.1,0.890000,available,hypothetical_research_only
largemouth_bass,30.2,0.880000,available,hypothetical_research_only
largemouth_bass,30.3,0.870000,available,hypothetical_research_only
largemouth_bass,30.4,0.860000,available,hypothetical_research_only
largemouth_bass,30.5,0.850000,available,hypothetical_research_only
largemouth_bass,30.6,0.840000,available,hypothetical_research_only
largemouth_bass,30.7,0.830000,available,hypothetical_research_only
largemouth_bass,30.8,0.820000,available,hypothetical_research_only
largemouth_bass,30.9,0.810000,available,hypothetical_research_only
largemouth_bass,31.0,0.800000,available,hypothetical_research_only
largemouth_bass,31.1,0.790000,available,hypothetical_research_only
largemouth_bass,31.2,0.780000,available,hypothetical_research_only
largemouth_bass,31.3,0.770000,available,hypothetical_research_only
largemouth_bass,31.4,0.760000,available,hypothetical_research_only
largemouth_bass,31.5,0.750000,available,hypothetical_research_only
largemouth_bass,31.6,0.740000,available,hypothetical_research_only
largemouth_bass,31.7,0.730000,available,hypothetical_research_only
largemouth_bass,31.8,0.720000,available,hypothetical_research_only
largemouth_bass,31.9,0.710000,available,hypothetical_research_only
largemouth_bass,32.0,0.700000,available,hypothetical_research_only
