cityId,speciesId,week,midpointDate,scenarioTemperatureC,seasonalRating,thermalFit,hypotheticalScore,status
ludington_mi,smallmouth_bass,1,2025-01-04,2,1.500000,0.400000,1.300000,hypothetical_research_only
ludington_mi,smallmouth_bass,1,2025-01-04,6,1.500000,0.525000,1.346875,hypothetical_research_only
ludington_mi,smallmouth_bass,1,2025-01-04,10,1.500000,0.675000,1.403125,hypothetical_research_only
ludington_mi,smallmouth_bass,1,2025-01-04,14,1.500000,0.825000,1.459375,hypothetical_research_only
ludington_mi,smallmouth_bass,1,2025-01-04,18,1.500000,0.950000,1.506250,hypothetical_research_only
ludington_mi,smallmouth_bass,1,2025-01-04,22,1.500000,1.000000,1.525000,hypothetical_research_only
ludington_mi,smallmouth_bass,1,2025-01-04,26,1.500000,1.000000,1.525000,hypothetical_research_only
ludington_mi,smallmouth_bass,1,2025-01-04,30,1.500000,0.766667,1.437500,hypothetical_research_only
ludington_mi,smallmouth_bass,2,2025-01-11,2,1.500000,0.400000,1.300000,hypothetical_research_only
ludington_mi,smallmouth_bass,2,2025-01-11,6,1.500000,0.525000,1.346875,hypothetical_research_only
ludington_mi,smallmouth_bass,2,2025-01-11,10,1.500000,0.675000,1.403125,hypothetical_research_only
ludington_mi,smallmouth_bass,2,2025-01-11,14,1.500000,0.825000,1.459375,hypothetical_research_only
ludington_mi,smallmouth_bass,2,2025-01-11,18,1.500000,0.950000,1.506250,hypothetical_research_only
ludington_mi,smallmouth_bass,2,2025-01-11,22,1.500000,1.000000,1.525000,hypothetical_research_only
ludington_mi,smallmouth_bass,2,2025-01-11,26,1.500000,1.000000,1.525000,hypothetical_research_only
ludington_mi,smallmouth_bass,2,2025-01-11,30,1.500000,0.766667,1.437500,hypothetical_research_only
ludington_mi,smallmouth_bass,3,2025-01-18,2,1.500000,0.400000,1.300000,hypothetical_research_only
ludington_mi,smallmouth_bass,3,2025-01-18,6,1.500000,0.525000,1.346875,hypothetical_research_only
ludington_mi,smallmouth_bass,3,2025-01-18,10,1.500000,0.675000,1.403125,hypothetical_research_only
ludington_mi,smallmouth_bass,3,2025-01-18,14,1.500000,0.825000,1.459375,hypothetical_research_only
ludington_mi,smallmouth_bass,3,2025-01-18,18,1.500000,0.950000,1.506250,hypothetical_research_only
ludington_mi,smallmouth_bass,3,2025-01-18,22,1.500000,1.000000,1.525000,hypothetical_research_only
ludington_mi,smallmouth_bass,3,2025-01-18,26,1.500000,1.000000,1.525000,hypothetical_research_only
ludington_mi,smallmouth_bass,3,2025-01-18,30,1.500000,0.766667,1.437500,hypothetical_research_only
ludington_mi,smallmouth_bass,4,2025-01-25,2,1.500000,0.400000,1.300000,hypothetical_research_only
ludington_mi,smallmouth_bass,4,2025-01-25,6,1.500000,0.525000,1.346875,hypothetical_research_only
ludington_mi,smallmouth_bass,4,2025-01-25,10,1.500000,0.675000,1.403125,hypothetical_research_only
ludington_mi,smallmouth_bass,4,2025-01-25,14,1.500000,0.825000,1.459375,hypothetical_research_only
ludington_mi,smallmouth_bass,4,2025-01-25,18,1.500000,0.950000,1.506250,hypothetical_research_only
ludington_mi,smallmouth_bass,4,2025-01-25,22,1.500000,1.000000,1.525000,hypothetical_research_only
ludington_mi,smallmouth_bass,4,2025-01-25,26,1.500000,1.000000,1.525000,hypothetical_research_only
ludington_mi,smallmouth_bass,4,2025-01-25,30,1.500000,0.766667,1.437500,hypothetical_research_only
ludington_mi,smallmouth_bass,5,2025-02-01,2,1.500000,0.400000,1.300000,hypothetical_research_only
ludington_mi,smallmouth_bass,5,2025-02-01,6,1.500000,0.525000,1.346875,hypothetical_research_only
ludington_mi,smallmouth_bass,5,2025-02-01,10,1.500000,0.675000,1.403125,hypothetical_research_only
ludington_mi,smallmouth_bass,5,2025-02-01,14,1.500000,0.825000,1.459375,hypothetical_research_only
ludington_mi,smallmouth_bass,5,2025-02-01,18,1.500000,0.950000,1.506250,hypothetical_research_only
ludington_mi,smallmouth_bass,5,2025-02-01,22,1.500000,1.000000,1.525000,hypothetical_research_only
ludington_mi,smallmouth_bass,5,2025-02-01,26,1.500000,1.000000,1.525000,hypothetical_research_only
ludington_mi,smallmouth_bass,5,2025-02-01,30,1.500000,0.766667,1.437500,hypothetical_research_only
ludington_mi,smallmouth_bass,6,2025-02-08,2,1.500000,0.400000,1.300000,hypothetical_research_only
ludington_mi,smallmouth_bass,6,2025-02-08,6,1.500000,0.525000,1.346875,hypothetical_research_only
ludington_mi,smallmouth_bass,6,2025-02-08,10,1.500000,0.675000,1.403125,hypothetical_research_only
ludington_mi,smallmouth_bass,6,2025-02-08,14,1.500000,0.825000,1.459375,hypothetical_research_only
ludington_mi,smallmouth_bass,6,2025-02-08,18,1.500000,0.950000,1.506250,hypothetical_research_only
ludington_mi,smallmouth_bass,6,2025-02-08,22,1.500000,1.000000,1.525000,hypothetical_research_only
ludington_mi,smallmouth_bass,6,2025-02-08,26,1.500000,1.000000,1.525000,hypothetical_research_only
ludington_mi,smallmouth_bass,6,2025-02-08,30,1.500000,0.766667,1.437500,hypothetical_research_only
ludington_mi,smallmouth_bass,7,2025-02-15,2,1.500000,0.400000,1.300000,hypothetical_research_only
ludington_mi,smallmouth_bass,7,2025-02-15,6,1.500000,0.525000,1.346875,hypothetical_research_only
ludington_mi,smallmouth_bass,7,2025-02-15,10,1.500000,0.675000,1.403125,hypothetical_research_only
ludington_mi,smallmouth_bass,7,2025-02-15,14,1.500000,0.825000,1.459375,hypothetical_research_only
ludington_mi,smallmouth_bass,7,2025-02-15,18,1.500000,0.950000,1.506250,hypothetical_research_only
ludington_mi,smallmouth_bass,7,2025-02-15,22,1.500000,1.000000,1.525000,hypothetical_research_only
ludington_mi,smallmouth_bass,7,2025-02-15,26,1.500000,1.000000,1.525000,hypothetical_research_only
ludington_mi,smallmouth_bass,7,2025-02-15,30,1.500000,0.766667,1.437500,hypothetical_research_only
ludington_mi,smallmouth_bass,8,2025-02-22,2,1.500000,0.400000,1.300000,hypothetical_research_only
ludington_mi,smallmouth_bass,8,2025-02-22,6,1.500000,0.525000,1.346875,hypothetical_research_only
ludington_mi,smallmouth_bass,8,2025-02-22,10,1.500000,0.675000,1.403125,hypothetical_research_only
ludington_mi,smallmouth_bass,8,2025-02-22,14,1.500000,0.825000,1.459375,hypothetical_research_only
ludington_mi,smallmouth_bass,8,2025-02-22,18,1.500000,0.950000,1.506250,hypothetical_research_only
ludington_mi,smallmouth_bass,8,2025-02-22,22,1.500000,1.000000,1.525000,hypothetical_research_only
ludington_mi,smallmouth_bass,8,2025-02-22,26,1.500000,1.000000,1.525000,hypothetical_research_only
ludington_mi,smallmouth_bass,8,2025-02-22,30,1.500000,0.766667,1.437500,hypothetical_research_only
ludington_mi,smallmouth_bass,9,2025-03-01,2,1.500000,0.400000,1.300000,hypothetical_research_only
ludington_mi,smallmouth_bass,9,2025-03-01,6,1.500000,0.525000,1.346875,hypothetical_research_only
ludington_mi,smallmouth_bass,9,2025-03-01,10,1.500000,0.675000,1.403125,hypothetical_research_only
ludington_mi,smallmouth_bass,9,2025-03-01,14,1.500000,0.825000,1.459375,hypothetical_research_only
ludington_mi,smallmouth_bass,9,2025-03-01,18,1.500000,0.950000,1.506250,hypothetical_research_only
ludington_mi,smallmouth_bass,9,2025-03-01,22,1.500000,1.000000,1.525000,hypothetical_research_only
ludington_mi,smallmouth_bass,9,2025-03-01,26,1.500000,1.000000,1.525000,hypothetical_research_only
ludington_mi,smallmouth_bass,9,2025-03-01,30,1.500000,0.766667,1.437500,hypothetical_research_only
ludington_mi,smallmouth_bass,10,2025-03-08,2,1.500000,0.400000,1.300000,hypothetical_research_only
ludington_mi,smallmouth_bass,10,2025-03-08,6,1.500000,0.525000,1.346875,hypothetical_research_only
ludington_mi,smallmouth_bass,10,2025-03-08,10,1.500000,0.675000,1.403125,hypothetical_research_only
ludington_mi,smallmouth_bass,10,2025-03-08,14,1.500000,0.825000,1.459375,hypothetical_research_only
ludington_mi,smallmouth_bass,10,2025-03-08,18,1.500000,0.950000,1.506250,hypothetical_research_only
ludington_mi,smallmouth_bass,10,2025-03-08,22,1.500000,1.000000,1.525000,hypothetical_research_only
ludington_mi,smallmouth_bass,10,2025-03-08,26,1.500000,1.000000,1.525000,hypothetical_research_only
ludington_mi,smallmouth_bass,10,2025-03-08,30,1.500000,0.766667,1.437500,hypothetical_research_only
ludington_mi,smallmouth_bass,11,2025-03-15,2,1.500000,0.400000,1.300000,hypothetical_research_only
ludington_mi,smallmouth_bass,11,2025-03-15,6,1.500000,0.525000,1.346875,hypothetical_research_only
ludington_mi,smallmouth_bass,11,2025-03-15,10,1.500000,0.675000,1.403125,hypothetical_research_only
ludington_mi,smallmouth_bass,11,2025-03-15,14,1.500000,0.825000,1.459375,hypothetical_research_only
ludington_mi,smallmouth_bass,11,2025-03-15,18,1.500000,0.950000,1.506250,hypothetical_research_only
ludington_mi,smallmouth_bass,11,2025-03-15,22,1.500000,1.000000,1.525000,hypothetical_research_only
ludington_mi,smallmouth_bass,11,2025-03-15,26,1.500000,1.000000,1.525000,hypothetical_research_only
ludington_mi,smallmouth_bass,11,2025-03-15,30,1.500000,0.766667,1.437500,hypothetical_research_only
ludington_mi,smallmouth_bass,12,2025-03-22,2,1.500000,0.400000,1.300000,hypothetical_research_only
ludington_mi,smallmouth_bass,12,2025-03-22,6,1.500000,0.525000,1.346875,hypothetical_research_only
ludington_mi,smallmouth_bass,12,2025-03-22,10,1.500000,0.675000,1.403125,hypothetical_research_only
ludington_mi,smallmouth_bass,12,2025-03-22,14,1.500000,0.825000,1.459375,hypothetical_research_only
ludington_mi,smallmouth_bass,12,2025-03-22,18,1.500000,0.950000,1.506250,hypothetical_research_only
ludington_mi,smallmouth_bass,12,2025-03-22,22,1.500000,1.000000,1.525000,hypothetical_research_only
ludington_mi,smallmouth_bass,12,2025-03-22,26,1.500000,1.000000,1.525000,hypothetical_research_only
ludington_mi,smallmouth_bass,12,2025-03-22,30,1.500000,0.766667,1.437500,hypothetical_research_only
ludington_mi,smallmouth_bass,13,2025-03-29,2,1.500000,0.400000,1.300000,hypothetical_research_only
ludington_mi,smallmouth_bass,13,2025-03-29,6,1.500000,0.525000,1.346875,hypothetical_research_only
ludington_mi,smallmouth_bass,13,2025-03-29,10,1.500000,0.675000,1.403125,hypothetical_research_only
ludington_mi,smallmouth_bass,13,2025-03-29,14,1.500000,0.825000,1.459375,hypothetical_research_only
ludington_mi,smallmouth_bass,13,2025-03-29,18,1.500000,0.950000,1.506250,hypothetical_research_only
ludington_mi,smallmouth_bass,13,2025-03-29,22,1.500000,1.000000,1.525000,hypothetical_research_only
ludington_mi,smallmouth_bass,13,2025-03-29,26,1.500000,1.000000,1.525000,hypothetical_research_only
ludington_mi,smallmouth_bass,13,2025-03-29,30,1.500000,0.766667,1.437500,hypothetical_research_only
ludington_mi,smallmouth_bass,14,2025-04-05,2,1.500000,0.400000,1.300000,hypothetical_research_only
ludington_mi,smallmouth_bass,14,2025-04-05,6,1.500000,0.525000,1.346875,hypothetical_research_only
ludington_mi,smallmouth_bass,14,2025-04-05,10,1.500000,0.675000,1.403125,hypothetical_research_only
ludington_mi,smallmouth_bass,14,2025-04-05,14,1.500000,0.825000,1.459375,hypothetical_research_only
ludington_mi,smallmouth_bass,14,2025-04-05,18,1.500000,0.950000,1.506250,hypothetical_research_only
ludington_mi,smallmouth_bass,14,2025-04-05,22,1.500000,1.000000,1.525000,hypothetical_research_only
ludington_mi,smallmouth_bass,14,2025-04-05,26,1.500000,1.000000,1.525000,hypothetical_research_only
ludington_mi,smallmouth_bass,14,2025-04-05,30,1.500000,0.766667,1.437500,hypothetical_research_only
ludington_mi,smallmouth_bass,15,2025-04-12,2,1.500000,0.400000,1.300000,hypothetical_research_only
ludington_mi,smallmouth_bass,15,2025-04-12,6,1.500000,0.525000,1.346875,hypothetical_research_only
ludington_mi,smallmouth_bass,15,2025-04-12,10,1.500000,0.675000,1.403125,hypothetical_research_only
ludington_mi,smallmouth_bass,15,2025-04-12,14,1.500000,0.825000,1.459375,hypothetical_research_only
ludington_mi,smallmouth_bass,15,2025-04-12,18,1.500000,0.950000,1.506250,hypothetical_research_only
ludington_mi,smallmouth_bass,15,2025-04-12,22,1.500000,1.000000,1.525000,hypothetical_research_only
ludington_mi,smallmouth_bass,15,2025-04-12,26,1.500000,1.000000,1.525000,hypothetical_research_only
ludington_mi,smallmouth_bass,15,2025-04-12,30,1.500000,0.766667,1.437500,hypothetical_research_only
ludington_mi,smallmouth_bass,16,2025-04-19,2,1.633333,0.400000,1.380000,hypothetical_research_only
ludington_mi,smallmouth_bass,16,2025-04-19,6,1.633333,0.525000,1.439375,hypothetical_research_only
ludington_mi,smallmouth_bass,16,2025-04-19,10,1.633333,0.675000,1.510625,hypothetical_research_only
ludington_mi,smallmouth_bass,16,2025-04-19,14,1.633333,0.825000,1.581875,hypothetical_research_only
ludington_mi,smallmouth_bass,16,2025-04-19,18,1.633333,0.950000,1.641250,hypothetical_research_only
ludington_mi,smallmouth_bass,16,2025-04-19,22,1.633333,1.000000,1.665000,hypothetical_research_only
ludington_mi,smallmouth_bass,16,2025-04-19,26,1.633333,1.000000,1.665000,hypothetical_research_only
ludington_mi,smallmouth_bass,16,2025-04-19,30,1.633333,0.766667,1.554167,hypothetical_research_only
ludington_mi,smallmouth_bass,17,2025-04-26,2,1.866667,0.400000,1.520000,hypothetical_research_only
ludington_mi,smallmouth_bass,17,2025-04-26,6,1.866667,0.525000,1.601250,hypothetical_research_only
ludington_mi,smallmouth_bass,17,2025-04-26,10,1.866667,0.675000,1.698750,hypothetical_research_only
ludington_mi,smallmouth_bass,17,2025-04-26,14,1.866667,0.825000,1.796250,hypothetical_research_only
ludington_mi,smallmouth_bass,17,2025-04-26,18,1.866667,0.950000,1.877500,hypothetical_research_only
ludington_mi,smallmouth_bass,17,2025-04-26,22,1.866667,1.000000,1.910000,hypothetical_research_only
ludington_mi,smallmouth_bass,17,2025-04-26,26,1.866667,1.000000,1.910000,hypothetical_research_only
ludington_mi,smallmouth_bass,17,2025-04-26,30,1.866667,0.766667,1.758333,hypothetical_research_only
ludington_mi,smallmouth_bass,18,2025-05-03,2,2.100000,0.400000,1.660000,hypothetical_research_only
ludington_mi,smallmouth_bass,18,2025-05-03,6,2.100000,0.525000,1.763125,hypothetical_research_only
ludington_mi,smallmouth_bass,18,2025-05-03,10,2.100000,0.675000,1.886875,hypothetical_research_only
ludington_mi,smallmouth_bass,18,2025-05-03,14,2.100000,0.825000,2.010625,hypothetical_research_only
ludington_mi,smallmouth_bass,18,2025-05-03,18,2.100000,0.950000,2.113750,hypothetical_research_only
ludington_mi,smallmouth_bass,18,2025-05-03,22,2.100000,1.000000,2.155000,hypothetical_research_only
ludington_mi,smallmouth_bass,18,2025-05-03,26,2.100000,1.000000,2.155000,hypothetical_research_only
ludington_mi,smallmouth_bass,18,2025-05-03,30,2.100000,0.766667,1.962500,hypothetical_research_only
ludington_mi,smallmouth_bass,19,2025-05-10,2,2.333333,0.400000,1.800000,hypothetical_research_only
ludington_mi,smallmouth_bass,19,2025-05-10,6,2.333333,0.525000,1.925000,hypothetical_research_only
ludington_mi,smallmouth_bass,19,2025-05-10,10,2.333333,0.675000,2.075000,hypothetical_research_only
ludington_mi,smallmouth_bass,19,2025-05-10,14,2.333333,0.825000,2.225000,hypothetical_research_only
ludington_mi,smallmouth_bass,19,2025-05-10,18,2.333333,0.950000,2.350000,hypothetical_research_only
ludington_mi,smallmouth_bass,19,2025-05-10,22,2.333333,1.000000,2.400000,hypothetical_research_only
ludington_mi,smallmouth_bass,19,2025-05-10,26,2.333333,1.000000,2.400000,hypothetical_research_only
ludington_mi,smallmouth_bass,19,2025-05-10,30,2.333333,0.766667,2.166667,hypothetical_research_only
ludington_mi,smallmouth_bass,20,2025-05-17,2,2.564516,0.400000,1.938710,hypothetical_research_only
ludington_mi,smallmouth_bass,20,2025-05-17,6,2.564516,0.525000,2.085383,hypothetical_research_only
ludington_mi,smallmouth_bass,20,2025-05-17,10,2.564516,0.675000,2.261391,hypothetical_research_only
ludington_mi,smallmouth_bass,20,2025-05-17,14,2.564516,0.825000,2.437399,hypothetical_research_only
ludington_mi,smallmouth_bass,20,2025-05-17,18,2.564516,0.950000,2.584073,hypothetical_research_only
ludington_mi,smallmouth_bass,20,2025-05-17,22,2.564516,1.000000,2.642742,hypothetical_research_only
ludington_mi,smallmouth_bass,20,2025-05-17,26,2.564516,1.000000,2.642742,hypothetical_research_only
ludington_mi,smallmouth_bass,20,2025-05-17,30,2.564516,0.766667,2.368952,hypothetical_research_only
ludington_mi,smallmouth_bass,21,2025-05-24,2,2.790323,0.400000,2.074194,hypothetical_research_only
ludington_mi,smallmouth_bass,21,2025-05-24,6,2.790323,0.525000,2.242036,hypothetical_research_only
ludington_mi,smallmouth_bass,21,2025-05-24,10,2.790323,0.675000,2.443448,hypothetical_research_only
ludington_mi,smallmouth_bass,21,2025-05-24,14,2.790323,0.825000,2.644859,hypothetical_research_only
ludington_mi,smallmouth_bass,21,2025-05-24,18,2.790323,0.950000,2.812702,hypothetical_research_only
ludington_mi,smallmouth_bass,21,2025-05-24,22,2.790323,1.000000,2.879839,hypothetical_research_only
ludington_mi,smallmouth_bass,21,2025-05-24,26,2.790323,1.000000,2.879839,hypothetical_research_only
ludington_mi,smallmouth_bass,21,2025-05-24,30,2.790323,0.766667,2.566532,hypothetical_research_only
ludington_mi,smallmouth_bass,22,2025-05-31,2,3.016129,0.400000,2.209677,hypothetical_research_only
ludington_mi,smallmouth_bass,22,2025-05-31,6,3.016129,0.525000,2.398690,hypothetical_research_only
ludington_mi,smallmouth_bass,22,2025-05-31,10,3.016129,0.675000,2.625504,hypothetical_research_only
ludington_mi,smallmouth_bass,22,2025-05-31,14,3.016129,0.825000,2.852319,hypothetical_research_only
ludington_mi,smallmouth_bass,22,2025-05-31,18,3.016129,0.950000,3.041331,hypothetical_research_only
ludington_mi,smallmouth_bass,22,2025-05-31,22,3.016129,1.000000,3.116935,hypothetical_research_only
ludington_mi,smallmouth_bass,22,2025-05-31,26,3.016129,1.000000,3.116935,hypothetical_research_only
ludington_mi,smallmouth_bass,22,2025-05-31,30,3.016129,0.766667,2.764113,hypothetical_research_only
ludington_mi,smallmouth_bass,23,2025-06-07,2,3.241935,0.400000,2.345161,hypothetical_research_only
ludington_mi,smallmouth_bass,23,2025-06-07,6,3.241935,0.525000,2.555343,hypothetical_research_only
ludington_mi,smallmouth_bass,23,2025-06-07,10,3.241935,0.675000,2.807560,hypothetical_research_only
ludington_mi,smallmouth_bass,23,2025-06-07,14,3.241935,0.825000,3.059778,hypothetical_research_only
ludington_mi,smallmouth_bass,23,2025-06-07,18,3.241935,0.950000,3.269960,hypothetical_research_only
ludington_mi,smallmouth_bass,23,2025-06-07,22,3.241935,1.000000,3.354032,hypothetical_research_only
ludington_mi,smallmouth_bass,23,2025-06-07,26,3.241935,1.000000,3.354032,hypothetical_research_only
ludington_mi,smallmouth_bass,23,2025-06-07,30,3.241935,0.766667,2.961694,hypothetical_research_only
ludington_mi,smallmouth_bass,24,2025-06-14,2,3.467742,0.400000,2.480645,hypothetical_research_only
ludington_mi,smallmouth_bass,24,2025-06-14,6,3.467742,0.525000,2.711996,hypothetical_research_only
ludington_mi,smallmouth_bass,24,2025-06-14,10,3.467742,0.675000,2.989617,hypothetical_research_only
ludington_mi,smallmouth_bass,24,2025-06-14,14,3.467742,0.825000,3.267238,hypothetical_research_only
ludington_mi,smallmouth_bass,24,2025-06-14,18,3.467742,0.950000,3.498589,hypothetical_research_only
ludington_mi,smallmouth_bass,24,2025-06-14,22,3.467742,1.000000,3.591129,hypothetical_research_only
ludington_mi,smallmouth_bass,24,2025-06-14,26,3.467742,1.000000,3.591129,hypothetical_research_only
ludington_mi,smallmouth_bass,24,2025-06-14,30,3.467742,0.766667,3.159274,hypothetical_research_only
ludington_mi,smallmouth_bass,25,2025-06-21,2,3.700000,0.400000,2.620000,hypothetical_research_only
ludington_mi,smallmouth_bass,25,2025-06-21,6,3.700000,0.525000,2.873125,hypothetical_research_only
ludington_mi,smallmouth_bass,25,2025-06-21,10,3.700000,0.675000,3.176875,hypothetical_research_only
ludington_mi,smallmouth_bass,25,2025-06-21,14,3.700000,0.825000,3.480625,hypothetical_research_only
ludington_mi,smallmouth_bass,25,2025-06-21,18,3.700000,0.950000,3.733750,hypothetical_research_only
ludington_mi,smallmouth_bass,25,2025-06-21,22,3.700000,1.000000,3.835000,hypothetical_research_only
ludington_mi,smallmouth_bass,25,2025-06-21,26,3.700000,1.000000,3.835000,hypothetical_research_only
ludington_mi,smallmouth_bass,25,2025-06-21,30,3.700000,0.766667,3.362500,hypothetical_research_only
ludington_mi,smallmouth_bass,26,2025-06-28,2,3.933333,0.400000,2.760000,hypothetical_research_only
ludington_mi,smallmouth_bass,26,2025-06-28,6,3.933333,0.525000,3.035000,hypothetical_research_only
ludington_mi,smallmouth_bass,26,2025-06-28,10,3.933333,0.675000,3.365000,hypothetical_research_only
ludington_mi,smallmouth_bass,26,2025-06-28,14,3.933333,0.825000,3.695000,hypothetical_research_only
ludington_mi,smallmouth_bass,26,2025-06-28,18,3.933333,0.950000,3.970000,hypothetical_research_only
ludington_mi,smallmouth_bass,26,2025-06-28,22,3.933333,1.000000,4.080000,hypothetical_research_only
ludington_mi,smallmouth_bass,26,2025-06-28,26,3.933333,1.000000,4.080000,hypothetical_research_only
ludington_mi,smallmouth_bass,26,2025-06-28,30,3.933333,0.766667,3.566667,hypothetical_research_only
ludington_mi,smallmouth_bass,27,2025-07-05,2,4.166667,0.400000,2.900000,hypothetical_research_only
ludington_mi,smallmouth_bass,27,2025-07-05,6,4.166667,0.525000,3.196875,hypothetical_research_only
ludington_mi,smallmouth_bass,27,2025-07-05,10,4.166667,0.675000,3.553125,hypothetical_research_only
ludington_mi,smallmouth_bass,27,2025-07-05,14,4.166667,0.825000,3.909375,hypothetical_research_only
ludington_mi,smallmouth_bass,27,2025-07-05,18,4.166667,0.950000,4.206250,hypothetical_research_only
ludington_mi,smallmouth_bass,27,2025-07-05,22,4.166667,1.000000,4.325000,hypothetical_research_only
ludington_mi,smallmouth_bass,27,2025-07-05,26,4.166667,1.000000,4.325000,hypothetical_research_only
ludington_mi,smallmouth_bass,27,2025-07-05,30,4.166667,0.766667,3.770833,hypothetical_research_only
ludington_mi,smallmouth_bass,28,2025-07-12,2,4.400000,0.400000,3.040000,hypothetical_research_only
ludington_mi,smallmouth_bass,28,2025-07-12,6,4.400000,0.525000,3.358750,hypothetical_research_only
ludington_mi,smallmouth_bass,28,2025-07-12,10,4.400000,0.675000,3.741250,hypothetical_research_only
ludington_mi,smallmouth_bass,28,2025-07-12,14,4.400000,0.825000,4.123750,hypothetical_research_only
ludington_mi,smallmouth_bass,28,2025-07-12,18,4.400000,0.950000,4.442500,hypothetical_research_only
ludington_mi,smallmouth_bass,28,2025-07-12,22,4.400000,1.000000,4.570000,hypothetical_research_only
ludington_mi,smallmouth_bass,28,2025-07-12,26,4.400000,1.000000,4.570000,hypothetical_research_only
ludington_mi,smallmouth_bass,28,2025-07-12,30,4.400000,0.766667,3.975000,hypothetical_research_only
ludington_mi,smallmouth_bass,29,2025-07-19,2,4.435484,0.400000,3.061290,hypothetical_research_only
ludington_mi,smallmouth_bass,29,2025-07-19,6,4.435484,0.525000,3.383367,hypothetical_research_only
ludington_mi,smallmouth_bass,29,2025-07-19,10,4.435484,0.675000,3.769859,hypothetical_research_only
ludington_mi,smallmouth_bass,29,2025-07-19,14,4.435484,0.825000,4.156351,hypothetical_research_only
ludington_mi,smallmouth_bass,29,2025-07-19,18,4.435484,0.950000,4.478427,hypothetical_research_only
ludington_mi,smallmouth_bass,29,2025-07-19,22,4.435484,1.000000,4.607258,hypothetical_research_only
ludington_mi,smallmouth_bass,29,2025-07-19,26,4.435484,1.000000,4.607258,hypothetical_research_only
ludington_mi,smallmouth_bass,29,2025-07-19,30,4.435484,0.766667,4.006048,hypothetical_research_only
ludington_mi,smallmouth_bass,30,2025-07-26,2,4.322581,0.400000,2.993548,hypothetical_research_only
ludington_mi,smallmouth_bass,30,2025-07-26,6,4.322581,0.525000,3.305040,hypothetical_research_only
ludington_mi,smallmouth_bass,30,2025-07-26,10,4.322581,0.675000,3.678831,hypothetical_research_only
ludington_mi,smallmouth_bass,30,2025-07-26,14,4.322581,0.825000,4.052621,hypothetical_research_only
ludington_mi,smallmouth_bass,30,2025-07-26,18,4.322581,0.950000,4.364113,hypothetical_research_only
ludington_mi,smallmouth_bass,30,2025-07-26,22,4.322581,1.000000,4.488710,hypothetical_research_only
ludington_mi,smallmouth_bass,30,2025-07-26,26,4.322581,1.000000,4.488710,hypothetical_research_only
ludington_mi,smallmouth_bass,30,2025-07-26,30,4.322581,0.766667,3.907258,hypothetical_research_only
ludington_mi,smallmouth_bass,31,2025-08-02,2,4.209677,0.400000,2.925806,hypothetical_research_only
ludington_mi,smallmouth_bass,31,2025-08-02,6,4.209677,0.525000,3.226714,hypothetical_research_only
ludington_mi,smallmouth_bass,31,2025-08-02,10,4.209677,0.675000,3.587802,hypothetical_research_only
ludington_mi,smallmouth_bass,31,2025-08-02,14,4.209677,0.825000,3.948891,hypothetical_research_only
ludington_mi,smallmouth_bass,31,2025-08-02,18,4.209677,0.950000,4.249798,hypothetical_research_only
ludington_mi,smallmouth_bass,31,2025-08-02,22,4.209677,1.000000,4.370161,hypothetical_research_only
ludington_mi,smallmouth_bass,31,2025-08-02,26,4.209677,1.000000,4.370161,hypothetical_research_only
ludington_mi,smallmouth_bass,31,2025-08-02,30,4.209677,0.766667,3.808468,hypothetical_research_only
ludington_mi,smallmouth_bass,32,2025-08-09,2,4.096774,0.400000,2.858065,hypothetical_research_only
ludington_mi,smallmouth_bass,32,2025-08-09,6,4.096774,0.525000,3.148387,hypothetical_research_only
ludington_mi,smallmouth_bass,32,2025-08-09,10,4.096774,0.675000,3.496774,hypothetical_research_only
ludington_mi,smallmouth_bass,32,2025-08-09,14,4.096774,0.825000,3.845161,hypothetical_research_only
ludington_mi,smallmouth_bass,32,2025-08-09,18,4.096774,0.950000,4.135484,hypothetical_research_only
ludington_mi,smallmouth_bass,32,2025-08-09,22,4.096774,1.000000,4.251613,hypothetical_research_only
ludington_mi,smallmouth_bass,32,2025-08-09,26,4.096774,1.000000,4.251613,hypothetical_research_only
ludington_mi,smallmouth_bass,32,2025-08-09,30,4.096774,0.766667,3.709677,hypothetical_research_only
ludington_mi,smallmouth_bass,33,2025-08-16,2,3.951613,0.400000,2.770968,hypothetical_research_only
ludington_mi,smallmouth_bass,33,2025-08-16,6,3.951613,0.525000,3.047681,hypothetical_research_only
ludington_mi,smallmouth_bass,33,2025-08-16,10,3.951613,0.675000,3.379738,hypothetical_research_only
ludington_mi,smallmouth_bass,33,2025-08-16,14,3.951613,0.825000,3.711794,hypothetical_research_only
ludington_mi,smallmouth_bass,33,2025-08-16,18,3.951613,0.950000,3.988508,hypothetical_research_only
ludington_mi,smallmouth_bass,33,2025-08-16,22,3.951613,1.000000,4.099194,hypothetical_research_only
ludington_mi,smallmouth_bass,33,2025-08-16,26,3.951613,1.000000,4.099194,hypothetical_research_only
ludington_mi,smallmouth_bass,33,2025-08-16,30,3.951613,0.766667,3.582661,hypothetical_research_only
ludington_mi,smallmouth_bass,34,2025-08-23,2,3.612903,0.400000,2.567742,hypothetical_research_only
ludington_mi,smallmouth_bass,34,2025-08-23,6,3.612903,0.525000,2.812702,hypothetical_research_only
ludington_mi,smallmouth_bass,34,2025-08-23,10,3.612903,0.675000,3.106653,hypothetical_research_only
ludington_mi,smallmouth_bass,34,2025-08-23,14,3.612903,0.825000,3.400605,hypothetical_research_only
ludington_mi,smallmouth_bass,34,2025-08-23,18,3.612903,0.950000,3.645565,hypothetical_research_only
ludington_mi,smallmouth_bass,34,2025-08-23,22,3.612903,1.000000,3.743548,hypothetical_research_only
ludington_mi,smallmouth_bass,34,2025-08-23,26,3.612903,1.000000,3.743548,hypothetical_research_only
ludington_mi,smallmouth_bass,34,2025-08-23,30,3.612903,0.766667,3.286290,hypothetical_research_only
ludington_mi,smallmouth_bass,35,2025-08-30,2,3.274194,0.400000,2.364516,hypothetical_research_only
ludington_mi,smallmouth_bass,35,2025-08-30,6,3.274194,0.525000,2.577722,hypothetical_research_only
ludington_mi,smallmouth_bass,35,2025-08-30,10,3.274194,0.675000,2.833569,hypothetical_research_only
ludington_mi,smallmouth_bass,35,2025-08-30,14,3.274194,0.825000,3.089415,hypothetical_research_only
ludington_mi,smallmouth_bass,35,2025-08-30,18,3.274194,0.950000,3.302621,hypothetical_research_only
ludington_mi,smallmouth_bass,35,2025-08-30,22,3.274194,1.000000,3.387903,hypothetical_research_only
ludington_mi,smallmouth_bass,35,2025-08-30,26,3.274194,1.000000,3.387903,hypothetical_research_only
ludington_mi,smallmouth_bass,35,2025-08-30,30,3.274194,0.766667,2.989919,hypothetical_research_only
ludington_mi,smallmouth_bass,36,2025-09-06,2,2.935484,0.400000,2.161290,hypothetical_research_only
ludington_mi,smallmouth_bass,36,2025-09-06,6,2.935484,0.525000,2.342742,hypothetical_research_only
ludington_mi,smallmouth_bass,36,2025-09-06,10,2.935484,0.675000,2.560484,hypothetical_research_only
ludington_mi,smallmouth_bass,36,2025-09-06,14,2.935484,0.825000,2.778226,hypothetical_research_only
ludington_mi,smallmouth_bass,36,2025-09-06,18,2.935484,0.950000,2.959677,hypothetical_research_only
ludington_mi,smallmouth_bass,36,2025-09-06,22,2.935484,1.000000,3.032258,hypothetical_research_only
ludington_mi,smallmouth_bass,36,2025-09-06,26,2.935484,1.000000,3.032258,hypothetical_research_only
ludington_mi,smallmouth_bass,36,2025-09-06,30,2.935484,0.766667,2.693548,hypothetical_research_only
ludington_mi,smallmouth_bass,37,2025-09-13,2,2.596774,0.400000,1.958065,hypothetical_research_only
ludington_mi,smallmouth_bass,37,2025-09-13,6,2.596774,0.525000,2.107762,hypothetical_research_only
ludington_mi,smallmouth_bass,37,2025-09-13,10,2.596774,0.675000,2.287399,hypothetical_research_only
ludington_mi,smallmouth_bass,37,2025-09-13,14,2.596774,0.825000,2.467036,hypothetical_research_only
ludington_mi,smallmouth_bass,37,2025-09-13,18,2.596774,0.950000,2.616734,hypothetical_research_only
ludington_mi,smallmouth_bass,37,2025-09-13,22,2.596774,1.000000,2.676613,hypothetical_research_only
ludington_mi,smallmouth_bass,37,2025-09-13,26,2.596774,1.000000,2.676613,hypothetical_research_only
ludington_mi,smallmouth_bass,37,2025-09-13,30,2.596774,0.766667,2.397177,hypothetical_research_only
ludington_mi,smallmouth_bass,38,2025-09-20,2,2.333333,0.400000,1.800000,hypothetical_research_only
ludington_mi,smallmouth_bass,38,2025-09-20,6,2.333333,0.525000,1.925000,hypothetical_research_only
ludington_mi,smallmouth_bass,38,2025-09-20,10,2.333333,0.675000,2.075000,hypothetical_research_only
ludington_mi,smallmouth_bass,38,2025-09-20,14,2.333333,0.825000,2.225000,hypothetical_research_only
ludington_mi,smallmouth_bass,38,2025-09-20,18,2.333333,0.950000,2.350000,hypothetical_research_only
ludington_mi,smallmouth_bass,38,2025-09-20,22,2.333333,1.000000,2.400000,hypothetical_research_only
ludington_mi,smallmouth_bass,38,2025-09-20,26,2.333333,1.000000,2.400000,hypothetical_research_only
ludington_mi,smallmouth_bass,38,2025-09-20,30,2.333333,0.766667,2.166667,hypothetical_research_only
ludington_mi,smallmouth_bass,39,2025-09-27,2,2.100000,0.400000,1.660000,hypothetical_research_only
ludington_mi,smallmouth_bass,39,2025-09-27,6,2.100000,0.525000,1.763125,hypothetical_research_only
ludington_mi,smallmouth_bass,39,2025-09-27,10,2.100000,0.675000,1.886875,hypothetical_research_only
ludington_mi,smallmouth_bass,39,2025-09-27,14,2.100000,0.825000,2.010625,hypothetical_research_only
ludington_mi,smallmouth_bass,39,2025-09-27,18,2.100000,0.950000,2.113750,hypothetical_research_only
ludington_mi,smallmouth_bass,39,2025-09-27,22,2.100000,1.000000,2.155000,hypothetical_research_only
ludington_mi,smallmouth_bass,39,2025-09-27,26,2.100000,1.000000,2.155000,hypothetical_research_only
ludington_mi,smallmouth_bass,39,2025-09-27,30,2.100000,0.766667,1.962500,hypothetical_research_only
ludington_mi,smallmouth_bass,40,2025-10-04,2,1.866667,0.400000,1.520000,hypothetical_research_only
ludington_mi,smallmouth_bass,40,2025-10-04,6,1.866667,0.525000,1.601250,hypothetical_research_only
ludington_mi,smallmouth_bass,40,2025-10-04,10,1.866667,0.675000,1.698750,hypothetical_research_only
ludington_mi,smallmouth_bass,40,2025-10-04,14,1.866667,0.825000,1.796250,hypothetical_research_only
ludington_mi,smallmouth_bass,40,2025-10-04,18,1.866667,0.950000,1.877500,hypothetical_research_only
ludington_mi,smallmouth_bass,40,2025-10-04,22,1.866667,1.000000,1.910000,hypothetical_research_only
ludington_mi,smallmouth_bass,40,2025-10-04,26,1.866667,1.000000,1.910000,hypothetical_research_only
ludington_mi,smallmouth_bass,40,2025-10-04,30,1.866667,0.766667,1.758333,hypothetical_research_only
ludington_mi,smallmouth_bass,41,2025-10-11,2,1.633333,0.400000,1.380000,hypothetical_research_only
ludington_mi,smallmouth_bass,41,2025-10-11,6,1.633333,0.525000,1.439375,hypothetical_research_only
ludington_mi,smallmouth_bass,41,2025-10-11,10,1.633333,0.675000,1.510625,hypothetical_research_only
ludington_mi,smallmouth_bass,41,2025-10-11,14,1.633333,0.825000,1.581875,hypothetical_research_only
ludington_mi,smallmouth_bass,41,2025-10-11,18,1.633333,0.950000,1.641250,hypothetical_research_only
ludington_mi,smallmouth_bass,41,2025-10-11,22,1.633333,1.000000,1.665000,hypothetical_research_only
ludington_mi,smallmouth_bass,41,2025-10-11,26,1.633333,1.000000,1.665000,hypothetical_research_only
ludington_mi,smallmouth_bass,41,2025-10-11,30,1.633333,0.766667,1.554167,hypothetical_research_only
ludington_mi,smallmouth_bass,42,2025-10-18,2,1.500000,0.400000,1.300000,hypothetical_research_only
ludington_mi,smallmouth_bass,42,2025-10-18,6,1.500000,0.525000,1.346875,hypothetical_research_only
ludington_mi,smallmouth_bass,42,2025-10-18,10,1.500000,0.675000,1.403125,hypothetical_research_only
ludington_mi,smallmouth_bass,42,2025-10-18,14,1.500000,0.825000,1.459375,hypothetical_research_only
ludington_mi,smallmouth_bass,42,2025-10-18,18,1.500000,0.950000,1.506250,hypothetical_research_only
ludington_mi,smallmouth_bass,42,2025-10-18,22,1.500000,1.000000,1.525000,hypothetical_research_only
ludington_mi,smallmouth_bass,42,2025-10-18,26,1.500000,1.000000,1.525000,hypothetical_research_only
ludington_mi,smallmouth_bass,42,2025-10-18,30,1.500000,0.766667,1.437500,hypothetical_research_only
ludington_mi,smallmouth_bass,43,2025-10-25,2,1.500000,0.400000,1.300000,hypothetical_research_only
ludington_mi,smallmouth_bass,43,2025-10-25,6,1.500000,0.525000,1.346875,hypothetical_research_only
ludington_mi,smallmouth_bass,43,2025-10-25,10,1.500000,0.675000,1.403125,hypothetical_research_only
ludington_mi,smallmouth_bass,43,2025-10-25,14,1.500000,0.825000,1.459375,hypothetical_research_only
ludington_mi,smallmouth_bass,43,2025-10-25,18,1.500000,0.950000,1.506250,hypothetical_research_only
ludington_mi,smallmouth_bass,43,2025-10-25,22,1.500000,1.000000,1.525000,hypothetical_research_only
ludington_mi,smallmouth_bass,43,2025-10-25,26,1.500000,1.000000,1.525000,hypothetical_research_only
ludington_mi,smallmouth_bass,43,2025-10-25,30,1.500000,0.766667,1.437500,hypothetical_research_only
ludington_mi,smallmouth_bass,44,2025-11-01,2,1.500000,0.400000,1.300000,hypothetical_research_only
ludington_mi,smallmouth_bass,44,2025-11-01,6,1.500000,0.525000,1.346875,hypothetical_research_only
ludington_mi,smallmouth_bass,44,2025-11-01,10,1.500000,0.675000,1.403125,hypothetical_research_only
ludington_mi,smallmouth_bass,44,2025-11-01,14,1.500000,0.825000,1.459375,hypothetical_research_only
ludington_mi,smallmouth_bass,44,2025-11-01,18,1.500000,0.950000,1.506250,hypothetical_research_only
ludington_mi,smallmouth_bass,44,2025-11-01,22,1.500000,1.000000,1.525000,hypothetical_research_only
ludington_mi,smallmouth_bass,44,2025-11-01,26,1.500000,1.000000,1.525000,hypothetical_research_only
ludington_mi,smallmouth_bass,44,2025-11-01,30,1.500000,0.766667,1.437500,hypothetical_research_only
ludington_mi,smallmouth_bass,45,2025-11-08,2,1.500000,0.400000,1.300000,hypothetical_research_only
ludington_mi,smallmouth_bass,45,2025-11-08,6,1.500000,0.525000,1.346875,hypothetical_research_only
ludington_mi,smallmouth_bass,45,2025-11-08,10,1.500000,0.675000,1.403125,hypothetical_research_only
ludington_mi,smallmouth_bass,45,2025-11-08,14,1.500000,0.825000,1.459375,hypothetical_research_only
ludington_mi,smallmouth_bass,45,2025-11-08,18,1.500000,0.950000,1.506250,hypothetical_research_only
ludington_mi,smallmouth_bass,45,2025-11-08,22,1.500000,1.000000,1.525000,hypothetical_research_only
ludington_mi,smallmouth_bass,45,2025-11-08,26,1.500000,1.000000,1.525000,hypothetical_research_only
ludington_mi,smallmouth_bass,45,2025-11-08,30,1.500000,0.766667,1.437500,hypothetical_research_only
ludington_mi,smallmouth_bass,46,2025-11-15,2,1.500000,0.400000,1.300000,hypothetical_research_only
ludington_mi,smallmouth_bass,46,2025-11-15,6,1.500000,0.525000,1.346875,hypothetical_research_only
ludington_mi,smallmouth_bass,46,2025-11-15,10,1.500000,0.675000,1.403125,hypothetical_research_only
ludington_mi,smallmouth_bass,46,2025-11-15,14,1.500000,0.825000,1.459375,hypothetical_research_only
ludington_mi,smallmouth_bass,46,2025-11-15,18,1.500000,0.950000,1.506250,hypothetical_research_only
ludington_mi,smallmouth_bass,46,2025-11-15,22,1.500000,1.000000,1.525000,hypothetical_research_only
ludington_mi,smallmouth_bass,46,2025-11-15,26,1.500000,1.000000,1.525000,hypothetical_research_only
ludington_mi,smallmouth_bass,46,2025-11-15,30,1.500000,0.766667,1.437500,hypothetical_research_only
ludington_mi,smallmouth_bass,47,2025-11-22,2,1.500000,0.400000,1.300000,hypothetical_research_only
ludington_mi,smallmouth_bass,47,2025-11-22,6,1.500000,0.525000,1.346875,hypothetical_research_only
ludington_mi,smallmouth_bass,47,2025-11-22,10,1.500000,0.675000,1.403125,hypothetical_research_only
ludington_mi,smallmouth_bass,47,2025-11-22,14,1.500000,0.825000,1.459375,hypothetical_research_only
ludington_mi,smallmouth_bass,47,2025-11-22,18,1.500000,0.950000,1.506250,hypothetical_research_only
ludington_mi,smallmouth_bass,47,2025-11-22,22,1.500000,1.000000,1.525000,hypothetical_research_only
ludington_mi,smallmouth_bass,47,2025-11-22,26,1.500000,1.000000,1.525000,hypothetical_research_only
ludington_mi,smallmouth_bass,47,2025-11-22,30,1.500000,0.766667,1.437500,hypothetical_research_only
ludington_mi,smallmouth_bass,48,2025-11-29,2,1.500000,0.400000,1.300000,hypothetical_research_only
ludington_mi,smallmouth_bass,48,2025-11-29,6,1.500000,0.525000,1.346875,hypothetical_research_only
ludington_mi,smallmouth_bass,48,2025-11-29,10,1.500000,0.675000,1.403125,hypothetical_research_only
ludington_mi,smallmouth_bass,48,2025-11-29,14,1.500000,0.825000,1.459375,hypothetical_research_only
ludington_mi,smallmouth_bass,48,2025-11-29,18,1.500000,0.950000,1.506250,hypothetical_research_only
ludington_mi,smallmouth_bass,48,2025-11-29,22,1.500000,1.000000,1.525000,hypothetical_research_only
ludington_mi,smallmouth_bass,48,2025-11-29,26,1.500000,1.000000,1.525000,hypothetical_research_only
ludington_mi,smallmouth_bass,48,2025-11-29,30,1.500000,0.766667,1.437500,hypothetical_research_only
ludington_mi,smallmouth_bass,49,2025-12-06,2,1.500000,0.400000,1.300000,hypothetical_research_only
ludington_mi,smallmouth_bass,49,2025-12-06,6,1.500000,0.525000,1.346875,hypothetical_research_only
ludington_mi,smallmouth_bass,49,2025-12-06,10,1.500000,0.675000,1.403125,hypothetical_research_only
ludington_mi,smallmouth_bass,49,2025-12-06,14,1.500000,0.825000,1.459375,hypothetical_research_only
ludington_mi,smallmouth_bass,49,2025-12-06,18,1.500000,0.950000,1.506250,hypothetical_research_only
ludington_mi,smallmouth_bass,49,2025-12-06,22,1.500000,1.000000,1.525000,hypothetical_research_only
ludington_mi,smallmouth_bass,49,2025-12-06,26,1.500000,1.000000,1.525000,hypothetical_research_only
ludington_mi,smallmouth_bass,49,2025-12-06,30,1.500000,0.766667,1.437500,hypothetical_research_only
ludington_mi,smallmouth_bass,50,2025-12-13,2,1.500000,0.400000,1.300000,hypothetical_research_only
ludington_mi,smallmouth_bass,50,2025-12-13,6,1.500000,0.525000,1.346875,hypothetical_research_only
ludington_mi,smallmouth_bass,50,2025-12-13,10,1.500000,0.675000,1.403125,hypothetical_research_only
ludington_mi,smallmouth_bass,50,2025-12-13,14,1.500000,0.825000,1.459375,hypothetical_research_only
ludington_mi,smallmouth_bass,50,2025-12-13,18,1.500000,0.950000,1.506250,hypothetical_research_only
ludington_mi,smallmouth_bass,50,2025-12-13,22,1.500000,1.000000,1.525000,hypothetical_research_only
ludington_mi,smallmouth_bass,50,2025-12-13,26,1.500000,1.000000,1.525000,hypothetical_research_only
ludington_mi,smallmouth_bass,50,2025-12-13,30,1.500000,0.766667,1.437500,hypothetical_research_only
ludington_mi,smallmouth_bass,51,2025-12-20,2,1.500000,0.400000,1.300000,hypothetical_research_only
ludington_mi,smallmouth_bass,51,2025-12-20,6,1.500000,0.525000,1.346875,hypothetical_research_only
ludington_mi,smallmouth_bass,51,2025-12-20,10,1.500000,0.675000,1.403125,hypothetical_research_only
ludington_mi,smallmouth_bass,51,2025-12-20,14,1.500000,0.825000,1.459375,hypothetical_research_only
ludington_mi,smallmouth_bass,51,2025-12-20,18,1.500000,0.950000,1.506250,hypothetical_research_only
ludington_mi,smallmouth_bass,51,2025-12-20,22,1.500000,1.000000,1.525000,hypothetical_research_only
ludington_mi,smallmouth_bass,51,2025-12-20,26,1.500000,1.000000,1.525000,hypothetical_research_only
ludington_mi,smallmouth_bass,51,2025-12-20,30,1.500000,0.766667,1.437500,hypothetical_research_only
ludington_mi,smallmouth_bass,52,2025-12-27,2,1.500000,0.400000,1.300000,hypothetical_research_only
ludington_mi,smallmouth_bass,52,2025-12-27,6,1.500000,0.525000,1.346875,hypothetical_research_only
ludington_mi,smallmouth_bass,52,2025-12-27,10,1.500000,0.675000,1.403125,hypothetical_research_only
ludington_mi,smallmouth_bass,52,2025-12-27,14,1.500000,0.825000,1.459375,hypothetical_research_only
ludington_mi,smallmouth_bass,52,2025-12-27,18,1.500000,0.950000,1.506250,hypothetical_research_only
ludington_mi,smallmouth_bass,52,2025-12-27,22,1.500000,1.000000,1.525000,hypothetical_research_only
ludington_mi,smallmouth_bass,52,2025-12-27,26,1.500000,1.000000,1.525000,hypothetical_research_only
ludington_mi,smallmouth_bass,52,2025-12-27,30,1.500000,0.766667,1.437500,hypothetical_research_only
ludington_mi,freshwater_drum,1,2025-01-04,2,1.500000,0.350000,1.281250,hypothetical_research_only
ludington_mi,freshwater_drum,1,2025-01-04,6,1.500000,0.475000,1.328125,hypothetical_research_only
ludington_mi,freshwater_drum,1,2025-01-04,10,1.500000,0.625000,1.384375,hypothetical_research_only
ludington_mi,freshwater_drum,1,2025-01-04,14,1.500000,0.775000,1.440625,hypothetical_research_only
ludington_mi,freshwater_drum,1,2025-01-04,18,1.500000,0.900000,1.487500,hypothetical_research_only
ludington_mi,freshwater_drum,1,2025-01-04,22,1.500000,1.000000,1.525000,hypothetical_research_only
ludington_mi,freshwater_drum,1,2025-01-04,26,1.500000,1.000000,1.525000,hypothetical_research_only
ludington_mi,freshwater_drum,1,2025-01-04,30,1.500000,0.850000,1.468750,hypothetical_research_only
ludington_mi,freshwater_drum,2,2025-01-11,2,1.500000,0.350000,1.281250,hypothetical_research_only
ludington_mi,freshwater_drum,2,2025-01-11,6,1.500000,0.475000,1.328125,hypothetical_research_only
ludington_mi,freshwater_drum,2,2025-01-11,10,1.500000,0.625000,1.384375,hypothetical_research_only
ludington_mi,freshwater_drum,2,2025-01-11,14,1.500000,0.775000,1.440625,hypothetical_research_only
ludington_mi,freshwater_drum,2,2025-01-11,18,1.500000,0.900000,1.487500,hypothetical_research_only
ludington_mi,freshwater_drum,2,2025-01-11,22,1.500000,1.000000,1.525000,hypothetical_research_only
ludington_mi,freshwater_drum,2,2025-01-11,26,1.500000,1.000000,1.525000,hypothetical_research_only
ludington_mi,freshwater_drum,2,2025-01-11,30,1.500000,0.850000,1.468750,hypothetical_research_only
ludington_mi,freshwater_drum,3,2025-01-18,2,1.500000,0.350000,1.281250,hypothetical_research_only
ludington_mi,freshwater_drum,3,2025-01-18,6,1.500000,0.475000,1.328125,hypothetical_research_only
ludington_mi,freshwater_drum,3,2025-01-18,10,1.500000,0.625000,1.384375,hypothetical_research_only
ludington_mi,freshwater_drum,3,2025-01-18,14,1.500000,0.775000,1.440625,hypothetical_research_only
ludington_mi,freshwater_drum,3,2025-01-18,18,1.500000,0.900000,1.487500,hypothetical_research_only
ludington_mi,freshwater_drum,3,2025-01-18,22,1.500000,1.000000,1.525000,hypothetical_research_only
ludington_mi,freshwater_drum,3,2025-01-18,26,1.500000,1.000000,1.525000,hypothetical_research_only
ludington_mi,freshwater_drum,3,2025-01-18,30,1.500000,0.850000,1.468750,hypothetical_research_only
ludington_mi,freshwater_drum,4,2025-01-25,2,1.500000,0.350000,1.281250,hypothetical_research_only
ludington_mi,freshwater_drum,4,2025-01-25,6,1.500000,0.475000,1.328125,hypothetical_research_only
ludington_mi,freshwater_drum,4,2025-01-25,10,1.500000,0.625000,1.384375,hypothetical_research_only
ludington_mi,freshwater_drum,4,2025-01-25,14,1.500000,0.775000,1.440625,hypothetical_research_only
ludington_mi,freshwater_drum,4,2025-01-25,18,1.500000,0.900000,1.487500,hypothetical_research_only
ludington_mi,freshwater_drum,4,2025-01-25,22,1.500000,1.000000,1.525000,hypothetical_research_only
ludington_mi,freshwater_drum,4,2025-01-25,26,1.500000,1.000000,1.525000,hypothetical_research_only
ludington_mi,freshwater_drum,4,2025-01-25,30,1.500000,0.850000,1.468750,hypothetical_research_only
ludington_mi,freshwater_drum,5,2025-02-01,2,1.500000,0.350000,1.281250,hypothetical_research_only
ludington_mi,freshwater_drum,5,2025-02-01,6,1.500000,0.475000,1.328125,hypothetical_research_only
ludington_mi,freshwater_drum,5,2025-02-01,10,1.500000,0.625000,1.384375,hypothetical_research_only
ludington_mi,freshwater_drum,5,2025-02-01,14,1.500000,0.775000,1.440625,hypothetical_research_only
ludington_mi,freshwater_drum,5,2025-02-01,18,1.500000,0.900000,1.487500,hypothetical_research_only
ludington_mi,freshwater_drum,5,2025-02-01,22,1.500000,1.000000,1.525000,hypothetical_research_only
ludington_mi,freshwater_drum,5,2025-02-01,26,1.500000,1.000000,1.525000,hypothetical_research_only
ludington_mi,freshwater_drum,5,2025-02-01,30,1.500000,0.850000,1.468750,hypothetical_research_only
ludington_mi,freshwater_drum,6,2025-02-08,2,1.500000,0.350000,1.281250,hypothetical_research_only
ludington_mi,freshwater_drum,6,2025-02-08,6,1.500000,0.475000,1.328125,hypothetical_research_only
ludington_mi,freshwater_drum,6,2025-02-08,10,1.500000,0.625000,1.384375,hypothetical_research_only
ludington_mi,freshwater_drum,6,2025-02-08,14,1.500000,0.775000,1.440625,hypothetical_research_only
ludington_mi,freshwater_drum,6,2025-02-08,18,1.500000,0.900000,1.487500,hypothetical_research_only
ludington_mi,freshwater_drum,6,2025-02-08,22,1.500000,1.000000,1.525000,hypothetical_research_only
ludington_mi,freshwater_drum,6,2025-02-08,26,1.500000,1.000000,1.525000,hypothetical_research_only
ludington_mi,freshwater_drum,6,2025-02-08,30,1.500000,0.850000,1.468750,hypothetical_research_only
ludington_mi,freshwater_drum,7,2025-02-15,2,1.500000,0.350000,1.281250,hypothetical_research_only
ludington_mi,freshwater_drum,7,2025-02-15,6,1.500000,0.475000,1.328125,hypothetical_research_only
ludington_mi,freshwater_drum,7,2025-02-15,10,1.500000,0.625000,1.384375,hypothetical_research_only
ludington_mi,freshwater_drum,7,2025-02-15,14,1.500000,0.775000,1.440625,hypothetical_research_only
ludington_mi,freshwater_drum,7,2025-02-15,18,1.500000,0.900000,1.487500,hypothetical_research_only
ludington_mi,freshwater_drum,7,2025-02-15,22,1.500000,1.000000,1.525000,hypothetical_research_only
ludington_mi,freshwater_drum,7,2025-02-15,26,1.500000,1.000000,1.525000,hypothetical_research_only
ludington_mi,freshwater_drum,7,2025-02-15,30,1.500000,0.850000,1.468750,hypothetical_research_only
ludington_mi,freshwater_drum,8,2025-02-22,2,1.500000,0.350000,1.281250,hypothetical_research_only
ludington_mi,freshwater_drum,8,2025-02-22,6,1.500000,0.475000,1.328125,hypothetical_research_only
ludington_mi,freshwater_drum,8,2025-02-22,10,1.500000,0.625000,1.384375,hypothetical_research_only
ludington_mi,freshwater_drum,8,2025-02-22,14,1.500000,0.775000,1.440625,hypothetical_research_only
ludington_mi,freshwater_drum,8,2025-02-22,18,1.500000,0.900000,1.487500,hypothetical_research_only
ludington_mi,freshwater_drum,8,2025-02-22,22,1.500000,1.000000,1.525000,hypothetical_research_only
ludington_mi,freshwater_drum,8,2025-02-22,26,1.500000,1.000000,1.525000,hypothetical_research_only
ludington_mi,freshwater_drum,8,2025-02-22,30,1.500000,0.850000,1.468750,hypothetical_research_only
ludington_mi,freshwater_drum,9,2025-03-01,2,1.500000,0.350000,1.281250,hypothetical_research_only
ludington_mi,freshwater_drum,9,2025-03-01,6,1.500000,0.475000,1.328125,hypothetical_research_only
ludington_mi,freshwater_drum,9,2025-03-01,10,1.500000,0.625000,1.384375,hypothetical_research_only
ludington_mi,freshwater_drum,9,2025-03-01,14,1.500000,0.775000,1.440625,hypothetical_research_only
ludington_mi,freshwater_drum,9,2025-03-01,18,1.500000,0.900000,1.487500,hypothetical_research_only
ludington_mi,freshwater_drum,9,2025-03-01,22,1.500000,1.000000,1.525000,hypothetical_research_only
ludington_mi,freshwater_drum,9,2025-03-01,26,1.500000,1.000000,1.525000,hypothetical_research_only
ludington_mi,freshwater_drum,9,2025-03-01,30,1.500000,0.850000,1.468750,hypothetical_research_only
ludington_mi,freshwater_drum,10,2025-03-08,2,1.500000,0.350000,1.281250,hypothetical_research_only
ludington_mi,freshwater_drum,10,2025-03-08,6,1.500000,0.475000,1.328125,hypothetical_research_only
ludington_mi,freshwater_drum,10,2025-03-08,10,1.500000,0.625000,1.384375,hypothetical_research_only
ludington_mi,freshwater_drum,10,2025-03-08,14,1.500000,0.775000,1.440625,hypothetical_research_only
ludington_mi,freshwater_drum,10,2025-03-08,18,1.500000,0.900000,1.487500,hypothetical_research_only
ludington_mi,freshwater_drum,10,2025-03-08,22,1.500000,1.000000,1.525000,hypothetical_research_only
ludington_mi,freshwater_drum,10,2025-03-08,26,1.500000,1.000000,1.525000,hypothetical_research_only
ludington_mi,freshwater_drum,10,2025-03-08,30,1.500000,0.850000,1.468750,hypothetical_research_only
ludington_mi,freshwater_drum,11,2025-03-15,2,1.500000,0.350000,1.281250,hypothetical_research_only
ludington_mi,freshwater_drum,11,2025-03-15,6,1.500000,0.475000,1.328125,hypothetical_research_only
ludington_mi,freshwater_drum,11,2025-03-15,10,1.500000,0.625000,1.384375,hypothetical_research_only
ludington_mi,freshwater_drum,11,2025-03-15,14,1.500000,0.775000,1.440625,hypothetical_research_only
ludington_mi,freshwater_drum,11,2025-03-15,18,1.500000,0.900000,1.487500,hypothetical_research_only
ludington_mi,freshwater_drum,11,2025-03-15,22,1.500000,1.000000,1.525000,hypothetical_research_only
ludington_mi,freshwater_drum,11,2025-03-15,26,1.500000,1.000000,1.525000,hypothetical_research_only
ludington_mi,freshwater_drum,11,2025-03-15,30,1.500000,0.850000,1.468750,hypothetical_research_only
ludington_mi,freshwater_drum,12,2025-03-22,2,1.500000,0.350000,1.281250,hypothetical_research_only
ludington_mi,freshwater_drum,12,2025-03-22,6,1.500000,0.475000,1.328125,hypothetical_research_only
ludington_mi,freshwater_drum,12,2025-03-22,10,1.500000,0.625000,1.384375,hypothetical_research_only
ludington_mi,freshwater_drum,12,2025-03-22,14,1.500000,0.775000,1.440625,hypothetical_research_only
ludington_mi,freshwater_drum,12,2025-03-22,18,1.500000,0.900000,1.487500,hypothetical_research_only
ludington_mi,freshwater_drum,12,2025-03-22,22,1.500000,1.000000,1.525000,hypothetical_research_only
ludington_mi,freshwater_drum,12,2025-03-22,26,1.500000,1.000000,1.525000,hypothetical_research_only
ludington_mi,freshwater_drum,12,2025-03-22,30,1.500000,0.850000,1.468750,hypothetical_research_only
ludington_mi,freshwater_drum,13,2025-03-29,2,1.500000,0.350000,1.281250,hypothetical_research_only
ludington_mi,freshwater_drum,13,2025-03-29,6,1.500000,0.475000,1.328125,hypothetical_research_only
ludington_mi,freshwater_drum,13,2025-03-29,10,1.500000,0.625000,1.384375,hypothetical_research_only
ludington_mi,freshwater_drum,13,2025-03-29,14,1.500000,0.775000,1.440625,hypothetical_research_only
ludington_mi,freshwater_drum,13,2025-03-29,18,1.500000,0.900000,1.487500,hypothetical_research_only
ludington_mi,freshwater_drum,13,2025-03-29,22,1.500000,1.000000,1.525000,hypothetical_research_only
ludington_mi,freshwater_drum,13,2025-03-29,26,1.500000,1.000000,1.525000,hypothetical_research_only
ludington_mi,freshwater_drum,13,2025-03-29,30,1.500000,0.850000,1.468750,hypothetical_research_only
ludington_mi,freshwater_drum,14,2025-04-05,2,1.500000,0.350000,1.281250,hypothetical_research_only
ludington_mi,freshwater_drum,14,2025-04-05,6,1.500000,0.475000,1.328125,hypothetical_research_only
ludington_mi,freshwater_drum,14,2025-04-05,10,1.500000,0.625000,1.384375,hypothetical_research_only
ludington_mi,freshwater_drum,14,2025-04-05,14,1.500000,0.775000,1.440625,hypothetical_research_only
ludington_mi,freshwater_drum,14,2025-04-05,18,1.500000,0.900000,1.487500,hypothetical_research_only
ludington_mi,freshwater_drum,14,2025-04-05,22,1.500000,1.000000,1.525000,hypothetical_research_only
ludington_mi,freshwater_drum,14,2025-04-05,26,1.500000,1.000000,1.525000,hypothetical_research_only
ludington_mi,freshwater_drum,14,2025-04-05,30,1.500000,0.850000,1.468750,hypothetical_research_only
ludington_mi,freshwater_drum,15,2025-04-12,2,1.500000,0.350000,1.281250,hypothetical_research_only
ludington_mi,freshwater_drum,15,2025-04-12,6,1.500000,0.475000,1.328125,hypothetical_research_only
ludington_mi,freshwater_drum,15,2025-04-12,10,1.500000,0.625000,1.384375,hypothetical_research_only
ludington_mi,freshwater_drum,15,2025-04-12,14,1.500000,0.775000,1.440625,hypothetical_research_only
ludington_mi,freshwater_drum,15,2025-04-12,18,1.500000,0.900000,1.487500,hypothetical_research_only
ludington_mi,freshwater_drum,15,2025-04-12,22,1.500000,1.000000,1.525000,hypothetical_research_only
ludington_mi,freshwater_drum,15,2025-04-12,26,1.500000,1.000000,1.525000,hypothetical_research_only
ludington_mi,freshwater_drum,15,2025-04-12,30,1.500000,0.850000,1.468750,hypothetical_research_only
ludington_mi,freshwater_drum,16,2025-04-19,2,1.566667,0.350000,1.318750,hypothetical_research_only
ludington_mi,freshwater_drum,16,2025-04-19,6,1.566667,0.475000,1.371875,hypothetical_research_only
ludington_mi,freshwater_drum,16,2025-04-19,10,1.566667,0.625000,1.435625,hypothetical_research_only
ludington_mi,freshwater_drum,16,2025-04-19,14,1.566667,0.775000,1.499375,hypothetical_research_only
ludington_mi,freshwater_drum,16,2025-04-19,18,1.566667,0.900000,1.552500,hypothetical_research_only
ludington_mi,freshwater_drum,16,2025-04-19,22,1.566667,1.000000,1.595000,hypothetical_research_only
ludington_mi,freshwater_drum,16,2025-04-19,26,1.566667,1.000000,1.595000,hypothetical_research_only
ludington_mi,freshwater_drum,16,2025-04-19,30,1.566667,0.850000,1.531250,hypothetical_research_only
ludington_mi,freshwater_drum,17,2025-04-26,2,1.683333,0.350000,1.384375,hypothetical_research_only
ludington_mi,freshwater_drum,17,2025-04-26,6,1.683333,0.475000,1.448438,hypothetical_research_only
ludington_mi,freshwater_drum,17,2025-04-26,10,1.683333,0.625000,1.525313,hypothetical_research_only
ludington_mi,freshwater_drum,17,2025-04-26,14,1.683333,0.775000,1.602187,hypothetical_research_only
ludington_mi,freshwater_drum,17,2025-04-26,18,1.683333,0.900000,1.666250,hypothetical_research_only
ludington_mi,freshwater_drum,17,2025-04-26,22,1.683333,1.000000,1.717500,hypothetical_research_only
ludington_mi,freshwater_drum,17,2025-04-26,26,1.683333,1.000000,1.717500,hypothetical_research_only
ludington_mi,freshwater_drum,17,2025-04-26,30,1.683333,0.850000,1.640625,hypothetical_research_only
ludington_mi,freshwater_drum,18,2025-05-03,2,1.800000,0.350000,1.450000,hypothetical_research_only
ludington_mi,freshwater_drum,18,2025-05-03,6,1.800000,0.475000,1.525000,hypothetical_research_only
ludington_mi,freshwater_drum,18,2025-05-03,10,1.800000,0.625000,1.615000,hypothetical_research_only
ludington_mi,freshwater_drum,18,2025-05-03,14,1.800000,0.775000,1.705000,hypothetical_research_only
ludington_mi,freshwater_drum,18,2025-05-03,18,1.800000,0.900000,1.780000,hypothetical_research_only
ludington_mi,freshwater_drum,18,2025-05-03,22,1.800000,1.000000,1.840000,hypothetical_research_only
ludington_mi,freshwater_drum,18,2025-05-03,26,1.800000,1.000000,1.840000,hypothetical_research_only
ludington_mi,freshwater_drum,18,2025-05-03,30,1.800000,0.850000,1.750000,hypothetical_research_only
ludington_mi,freshwater_drum,19,2025-05-10,2,1.916667,0.350000,1.515625,hypothetical_research_only
ludington_mi,freshwater_drum,19,2025-05-10,6,1.916667,0.475000,1.601563,hypothetical_research_only
ludington_mi,freshwater_drum,19,2025-05-10,10,1.916667,0.625000,1.704688,hypothetical_research_only
ludington_mi,freshwater_drum,19,2025-05-10,14,1.916667,0.775000,1.807812,hypothetical_research_only
ludington_mi,freshwater_drum,19,2025-05-10,18,1.916667,0.900000,1.893750,hypothetical_research_only
ludington_mi,freshwater_drum,19,2025-05-10,22,1.916667,1.000000,1.962500,hypothetical_research_only
ludington_mi,freshwater_drum,19,2025-05-10,26,1.916667,1.000000,1.962500,hypothetical_research_only
ludington_mi,freshwater_drum,19,2025-05-10,30,1.916667,0.850000,1.859375,hypothetical_research_only
ludington_mi,freshwater_drum,20,2025-05-17,2,2.000000,0.350000,1.562500,hypothetical_research_only
ludington_mi,freshwater_drum,20,2025-05-17,6,2.000000,0.475000,1.656250,hypothetical_research_only
ludington_mi,freshwater_drum,20,2025-05-17,10,2.000000,0.625000,1.768750,hypothetical_research_only
ludington_mi,freshwater_drum,20,2025-05-17,14,2.000000,0.775000,1.881250,hypothetical_research_only
ludington_mi,freshwater_drum,20,2025-05-17,18,2.000000,0.900000,1.975000,hypothetical_research_only
ludington_mi,freshwater_drum,20,2025-05-17,22,2.000000,1.000000,2.050000,hypothetical_research_only
ludington_mi,freshwater_drum,20,2025-05-17,26,2.000000,1.000000,2.050000,hypothetical_research_only
ludington_mi,freshwater_drum,20,2025-05-17,30,2.000000,0.850000,1.937500,hypothetical_research_only
ludington_mi,freshwater_drum,21,2025-05-24,2,2.000000,0.350000,1.562500,hypothetical_research_only
ludington_mi,freshwater_drum,21,2025-05-24,6,2.000000,0.475000,1.656250,hypothetical_research_only
ludington_mi,freshwater_drum,21,2025-05-24,10,2.000000,0.625000,1.768750,hypothetical_research_only
ludington_mi,freshwater_drum,21,2025-05-24,14,2.000000,0.775000,1.881250,hypothetical_research_only
ludington_mi,freshwater_drum,21,2025-05-24,18,2.000000,0.900000,1.975000,hypothetical_research_only
ludington_mi,freshwater_drum,21,2025-05-24,22,2.000000,1.000000,2.050000,hypothetical_research_only
ludington_mi,freshwater_drum,21,2025-05-24,26,2.000000,1.000000,2.050000,hypothetical_research_only
ludington_mi,freshwater_drum,21,2025-05-24,30,2.000000,0.850000,1.937500,hypothetical_research_only
ludington_mi,freshwater_drum,22,2025-05-31,2,2.000000,0.350000,1.562500,hypothetical_research_only
ludington_mi,freshwater_drum,22,2025-05-31,6,2.000000,0.475000,1.656250,hypothetical_research_only
ludington_mi,freshwater_drum,22,2025-05-31,10,2.000000,0.625000,1.768750,hypothetical_research_only
ludington_mi,freshwater_drum,22,2025-05-31,14,2.000000,0.775000,1.881250,hypothetical_research_only
ludington_mi,freshwater_drum,22,2025-05-31,18,2.000000,0.900000,1.975000,hypothetical_research_only
ludington_mi,freshwater_drum,22,2025-05-31,22,2.000000,1.000000,2.050000,hypothetical_research_only
ludington_mi,freshwater_drum,22,2025-05-31,26,2.000000,1.000000,2.050000,hypothetical_research_only
ludington_mi,freshwater_drum,22,2025-05-31,30,2.000000,0.850000,1.937500,hypothetical_research_only
ludington_mi,freshwater_drum,23,2025-06-07,2,2.000000,0.350000,1.562500,hypothetical_research_only
ludington_mi,freshwater_drum,23,2025-06-07,6,2.000000,0.475000,1.656250,hypothetical_research_only
ludington_mi,freshwater_drum,23,2025-06-07,10,2.000000,0.625000,1.768750,hypothetical_research_only
ludington_mi,freshwater_drum,23,2025-06-07,14,2.000000,0.775000,1.881250,hypothetical_research_only
ludington_mi,freshwater_drum,23,2025-06-07,18,2.000000,0.900000,1.975000,hypothetical_research_only
ludington_mi,freshwater_drum,23,2025-06-07,22,2.000000,1.000000,2.050000,hypothetical_research_only
ludington_mi,freshwater_drum,23,2025-06-07,26,2.000000,1.000000,2.050000,hypothetical_research_only
ludington_mi,freshwater_drum,23,2025-06-07,30,2.000000,0.850000,1.937500,hypothetical_research_only
ludington_mi,freshwater_drum,24,2025-06-14,2,2.000000,0.350000,1.562500,hypothetical_research_only
ludington_mi,freshwater_drum,24,2025-06-14,6,2.000000,0.475000,1.656250,hypothetical_research_only
ludington_mi,freshwater_drum,24,2025-06-14,10,2.000000,0.625000,1.768750,hypothetical_research_only
ludington_mi,freshwater_drum,24,2025-06-14,14,2.000000,0.775000,1.881250,hypothetical_research_only
ludington_mi,freshwater_drum,24,2025-06-14,18,2.000000,0.900000,1.975000,hypothetical_research_only
ludington_mi,freshwater_drum,24,2025-06-14,22,2.000000,1.000000,2.050000,hypothetical_research_only
ludington_mi,freshwater_drum,24,2025-06-14,26,2.000000,1.000000,2.050000,hypothetical_research_only
ludington_mi,freshwater_drum,24,2025-06-14,30,2.000000,0.850000,1.937500,hypothetical_research_only
ludington_mi,freshwater_drum,25,2025-06-21,2,2.500000,0.350000,1.843750,hypothetical_research_only
ludington_mi,freshwater_drum,25,2025-06-21,6,2.500000,0.475000,1.984375,hypothetical_research_only
ludington_mi,freshwater_drum,25,2025-06-21,10,2.500000,0.625000,2.153125,hypothetical_research_only
ludington_mi,freshwater_drum,25,2025-06-21,14,2.500000,0.775000,2.321875,hypothetical_research_only
ludington_mi,freshwater_drum,25,2025-06-21,18,2.500000,0.900000,2.462500,hypothetical_research_only
ludington_mi,freshwater_drum,25,2025-06-21,22,2.500000,1.000000,2.575000,hypothetical_research_only
ludington_mi,freshwater_drum,25,2025-06-21,26,2.500000,1.000000,2.575000,hypothetical_research_only
ludington_mi,freshwater_drum,25,2025-06-21,30,2.500000,0.850000,2.406250,hypothetical_research_only
ludington_mi,freshwater_drum,26,2025-06-28,2,3.083333,0.350000,2.171875,hypothetical_research_only
ludington_mi,freshwater_drum,26,2025-06-28,6,3.083333,0.475000,2.367188,hypothetical_research_only
ludington_mi,freshwater_drum,26,2025-06-28,10,3.083333,0.625000,2.601563,hypothetical_research_only
ludington_mi,freshwater_drum,26,2025-06-28,14,3.083333,0.775000,2.835938,hypothetical_research_only
ludington_mi,freshwater_drum,26,2025-06-28,18,3.083333,0.900000,3.031250,hypothetical_research_only
ludington_mi,freshwater_drum,26,2025-06-28,22,3.083333,1.000000,3.187500,hypothetical_research_only
ludington_mi,freshwater_drum,26,2025-06-28,26,3.083333,1.000000,3.187500,hypothetical_research_only
ludington_mi,freshwater_drum,26,2025-06-28,30,3.083333,0.850000,2.953125,hypothetical_research_only
ludington_mi,freshwater_drum,27,2025-07-05,2,3.666667,0.350000,2.500000,hypothetical_research_only
ludington_mi,freshwater_drum,27,2025-07-05,6,3.666667,0.475000,2.750000,hypothetical_research_only
ludington_mi,freshwater_drum,27,2025-07-05,10,3.666667,0.625000,3.050000,hypothetical_research_only
ludington_mi,freshwater_drum,27,2025-07-05,14,3.666667,0.775000,3.350000,hypothetical_research_only
ludington_mi,freshwater_drum,27,2025-07-05,18,3.666667,0.900000,3.600000,hypothetical_research_only
ludington_mi,freshwater_drum,27,2025-07-05,22,3.666667,1.000000,3.800000,hypothetical_research_only
ludington_mi,freshwater_drum,27,2025-07-05,26,3.666667,1.000000,3.800000,hypothetical_research_only
ludington_mi,freshwater_drum,27,2025-07-05,30,3.666667,0.850000,3.500000,hypothetical_research_only
ludington_mi,freshwater_drum,28,2025-07-12,2,4.250000,0.350000,2.828125,hypothetical_research_only
ludington_mi,freshwater_drum,28,2025-07-12,6,4.250000,0.475000,3.132813,hypothetical_research_only
ludington_mi,freshwater_drum,28,2025-07-12,10,4.250000,0.625000,3.498438,hypothetical_research_only
ludington_mi,freshwater_drum,28,2025-07-12,14,4.250000,0.775000,3.864062,hypothetical_research_only
ludington_mi,freshwater_drum,28,2025-07-12,18,4.250000,0.900000,4.168750,hypothetical_research_only
ludington_mi,freshwater_drum,28,2025-07-12,22,4.250000,1.000000,4.412500,hypothetical_research_only
ludington_mi,freshwater_drum,28,2025-07-12,26,4.250000,1.000000,4.412500,hypothetical_research_only
ludington_mi,freshwater_drum,28,2025-07-12,30,4.250000,0.850000,4.046875,hypothetical_research_only
ludington_mi,freshwater_drum,29,2025-07-19,2,4.370968,0.350000,2.896169,hypothetical_research_only
ludington_mi,freshwater_drum,29,2025-07-19,6,4.370968,0.475000,3.212198,hypothetical_research_only
ludington_mi,freshwater_drum,29,2025-07-19,10,4.370968,0.625000,3.591431,hypothetical_research_only
ludington_mi,freshwater_drum,29,2025-07-19,14,4.370968,0.775000,3.970665,hypothetical_research_only
ludington_mi,freshwater_drum,29,2025-07-19,18,4.370968,0.900000,4.286694,hypothetical_research_only
ludington_mi,freshwater_drum,29,2025-07-19,22,4.370968,1.000000,4.539516,hypothetical_research_only
ludington_mi,freshwater_drum,29,2025-07-19,26,4.370968,1.000000,4.539516,hypothetical_research_only
ludington_mi,freshwater_drum,29,2025-07-19,30,4.370968,0.850000,4.160282,hypothetical_research_only
ludington_mi,freshwater_drum,30,2025-07-26,2,4.145161,0.350000,2.769153,hypothetical_research_only
ludington_mi,freshwater_drum,30,2025-07-26,6,4.145161,0.475000,3.064012,hypothetical_research_only
ludington_mi,freshwater_drum,30,2025-07-26,10,4.145161,0.625000,3.417843,hypothetical_research_only
ludington_mi,freshwater_drum,30,2025-07-26,14,4.145161,0.775000,3.771673,hypothetical_research_only
ludington_mi,freshwater_drum,30,2025-07-26,18,4.145161,0.900000,4.066532,hypothetical_research_only
ludington_mi,freshwater_drum,30,2025-07-26,22,4.145161,1.000000,4.302419,hypothetical_research_only
ludington_mi,freshwater_drum,30,2025-07-26,26,4.145161,1.000000,4.302419,hypothetical_research_only
ludington_mi,freshwater_drum,30,2025-07-26,30,4.145161,0.850000,3.948589,hypothetical_research_only
ludington_mi,freshwater_drum,31,2025-08-02,2,3.919355,0.350000,2.642137,hypothetical_research_only
ludington_mi,freshwater_drum,31,2025-08-02,6,3.919355,0.475000,2.915827,hypothetical_research_only
ludington_mi,freshwater_drum,31,2025-08-02,10,3.919355,0.625000,3.244254,hypothetical_research_only
ludington_mi,freshwater_drum,31,2025-08-02,14,3.919355,0.775000,3.572681,hypothetical_research_only
ludington_mi,freshwater_drum,31,2025-08-02,18,3.919355,0.900000,3.846371,hypothetical_research_only
ludington_mi,freshwater_drum,31,2025-08-02,22,3.919355,1.000000,4.065323,hypothetical_research_only
ludington_mi,freshwater_drum,31,2025-08-02,26,3.919355,1.000000,4.065323,hypothetical_research_only
ludington_mi,freshwater_drum,31,2025-08-02,30,3.919355,0.850000,3.736895,hypothetical_research_only
ludington_mi,freshwater_drum,32,2025-08-09,2,3.693548,0.350000,2.515121,hypothetical_research_only
ludington_mi,freshwater_drum,32,2025-08-09,6,3.693548,0.475000,2.767641,hypothetical_research_only
ludington_mi,freshwater_drum,32,2025-08-09,10,3.693548,0.625000,3.070665,hypothetical_research_only
ludington_mi,freshwater_drum,32,2025-08-09,14,3.693548,0.775000,3.373690,hypothetical_research_only
ludington_mi,freshwater_drum,32,2025-08-09,18,3.693548,0.900000,3.626210,hypothetical_research_only
ludington_mi,freshwater_drum,32,2025-08-09,22,3.693548,1.000000,3.828226,hypothetical_research_only
ludington_mi,freshwater_drum,32,2025-08-09,26,3.693548,1.000000,3.828226,hypothetical_research_only
ludington_mi,freshwater_drum,32,2025-08-09,30,3.693548,0.850000,3.525202,hypothetical_research_only
ludington_mi,freshwater_drum,33,2025-08-16,2,3.451613,0.350000,2.379032,hypothetical_research_only
ludington_mi,freshwater_drum,33,2025-08-16,6,3.451613,0.475000,2.608871,hypothetical_research_only
ludington_mi,freshwater_drum,33,2025-08-16,10,3.451613,0.625000,2.884677,hypothetical_research_only
ludington_mi,freshwater_drum,33,2025-08-16,14,3.451613,0.775000,3.160484,hypothetical_research_only
ludington_mi,freshwater_drum,33,2025-08-16,18,3.451613,0.900000,3.390323,hypothetical_research_only
ludington_mi,freshwater_drum,33,2025-08-16,22,3.451613,1.000000,3.574194,hypothetical_research_only
ludington_mi,freshwater_drum,33,2025-08-16,26,3.451613,1.000000,3.574194,hypothetical_research_only
ludington_mi,freshwater_drum,33,2025-08-16,30,3.451613,0.850000,3.298387,hypothetical_research_only
ludington_mi,freshwater_drum,34,2025-08-23,2,3.112903,0.350000,2.188508,hypothetical_research_only
ludington_mi,freshwater_drum,34,2025-08-23,6,3.112903,0.475000,2.386593,hypothetical_research_only
ludington_mi,freshwater_drum,34,2025-08-23,10,3.112903,0.625000,2.624294,hypothetical_research_only
ludington_mi,freshwater_drum,34,2025-08-23,14,3.112903,0.775000,2.861996,hypothetical_research_only
ludington_mi,freshwater_drum,34,2025-08-23,18,3.112903,0.900000,3.060081,hypothetical_research_only
ludington_mi,freshwater_drum,34,2025-08-23,22,3.112903,1.000000,3.218548,hypothetical_research_only
ludington_mi,freshwater_drum,34,2025-08-23,26,3.112903,1.000000,3.218548,hypothetical_research_only
ludington_mi,freshwater_drum,34,2025-08-23,30,3.112903,0.850000,2.980847,hypothetical_research_only
ludington_mi,freshwater_drum,35,2025-08-30,2,2.774194,0.350000,1.997984,hypothetical_research_only
ludington_mi,freshwater_drum,35,2025-08-30,6,2.774194,0.475000,2.164315,hypothetical_research_only
ludington_mi,freshwater_drum,35,2025-08-30,10,2.774194,0.625000,2.363911,hypothetical_research_only
ludington_mi,freshwater_drum,35,2025-08-30,14,2.774194,0.775000,2.563508,hypothetical_research_only
ludington_mi,freshwater_drum,35,2025-08-30,18,2.774194,0.900000,2.729839,hypothetical_research_only
ludington_mi,freshwater_drum,35,2025-08-30,22,2.774194,1.000000,2.862903,hypothetical_research_only
ludington_mi,freshwater_drum,35,2025-08-30,26,2.774194,1.000000,2.862903,hypothetical_research_only
ludington_mi,freshwater_drum,35,2025-08-30,30,2.774194,0.850000,2.663306,hypothetical_research_only
ludington_mi,freshwater_drum,36,2025-09-06,2,2.435484,0.350000,1.807460,hypothetical_research_only
ludington_mi,freshwater_drum,36,2025-09-06,6,2.435484,0.475000,1.942036,hypothetical_research_only
ludington_mi,freshwater_drum,36,2025-09-06,10,2.435484,0.625000,2.103528,hypothetical_research_only
ludington_mi,freshwater_drum,36,2025-09-06,14,2.435484,0.775000,2.265020,hypothetical_research_only
ludington_mi,freshwater_drum,36,2025-09-06,18,2.435484,0.900000,2.399597,hypothetical_research_only
ludington_mi,freshwater_drum,36,2025-09-06,22,2.435484,1.000000,2.507258,hypothetical_research_only
ludington_mi,freshwater_drum,36,2025-09-06,26,2.435484,1.000000,2.507258,hypothetical_research_only
ludington_mi,freshwater_drum,36,2025-09-06,30,2.435484,0.850000,2.345766,hypothetical_research_only
ludington_mi,freshwater_drum,37,2025-09-13,2,2.096774,0.350000,1.616935,hypothetical_research_only
ludington_mi,freshwater_drum,37,2025-09-13,6,2.096774,0.475000,1.719758,hypothetical_research_only
ludington_mi,freshwater_drum,37,2025-09-13,10,2.096774,0.625000,1.843145,hypothetical_research_only
ludington_mi,freshwater_drum,37,2025-09-13,14,2.096774,0.775000,1.966532,hypothetical_research_only
ludington_mi,freshwater_drum,37,2025-09-13,18,2.096774,0.900000,2.069355,hypothetical_research_only
ludington_mi,freshwater_drum,37,2025-09-13,22,2.096774,1.000000,2.151613,hypothetical_research_only
ludington_mi,freshwater_drum,37,2025-09-13,26,2.096774,1.000000,2.151613,hypothetical_research_only
ludington_mi,freshwater_drum,37,2025-09-13,30,2.096774,0.850000,2.028226,hypothetical_research_only
ludington_mi,freshwater_drum,38,2025-09-20,2,1.916667,0.350000,1.515625,hypothetical_research_only
ludington_mi,freshwater_drum,38,2025-09-20,6,1.916667,0.475000,1.601563,hypothetical_research_only
ludington_mi,freshwater_drum,38,2025-09-20,10,1.916667,0.625000,1.704688,hypothetical_research_only
ludington_mi,freshwater_drum,38,2025-09-20,14,1.916667,0.775000,1.807812,hypothetical_research_only
ludington_mi,freshwater_drum,38,2025-09-20,18,1.916667,0.900000,1.893750,hypothetical_research_only
ludington_mi,freshwater_drum,38,2025-09-20,22,1.916667,1.000000,1.962500,hypothetical_research_only
ludington_mi,freshwater_drum,38,2025-09-20,26,1.916667,1.000000,1.962500,hypothetical_research_only
ludington_mi,freshwater_drum,38,2025-09-20,30,1.916667,0.850000,1.859375,hypothetical_research_only
ludington_mi,freshwater_drum,39,2025-09-27,2,1.800000,0.350000,1.450000,hypothetical_research_only
ludington_mi,freshwater_drum,39,2025-09-27,6,1.800000,0.475000,1.525000,hypothetical_research_only
ludington_mi,freshwater_drum,39,2025-09-27,10,1.800000,0.625000,1.615000,hypothetical_research_only
ludington_mi,freshwater_drum,39,2025-09-27,14,1.800000,0.775000,1.705000,hypothetical_research_only
ludington_mi,freshwater_drum,39,2025-09-27,18,1.800000,0.900000,1.780000,hypothetical_research_only
ludington_mi,freshwater_drum,39,2025-09-27,22,1.800000,1.000000,1.840000,hypothetical_research_only
ludington_mi,freshwater_drum,39,2025-09-27,26,1.800000,1.000000,1.840000,hypothetical_research_only
ludington_mi,freshwater_drum,39,2025-09-27,30,1.800000,0.850000,1.750000,hypothetical_research_only
ludington_mi,freshwater_drum,40,2025-10-04,2,1.683333,0.350000,1.384375,hypothetical_research_only
ludington_mi,freshwater_drum,40,2025-10-04,6,1.683333,0.475000,1.448438,hypothetical_research_only
ludington_mi,freshwater_drum,40,2025-10-04,10,1.683333,0.625000,1.525313,hypothetical_research_only
ludington_mi,freshwater_drum,40,2025-10-04,14,1.683333,0.775000,1.602187,hypothetical_research_only
ludington_mi,freshwater_drum,40,2025-10-04,18,1.683333,0.900000,1.666250,hypothetical_research_only
ludington_mi,freshwater_drum,40,2025-10-04,22,1.683333,1.000000,1.717500,hypothetical_research_only
ludington_mi,freshwater_drum,40,2025-10-04,26,1.683333,1.000000,1.717500,hypothetical_research_only
ludington_mi,freshwater_drum,40,2025-10-04,30,1.683333,0.850000,1.640625,hypothetical_research_only
ludington_mi,freshwater_drum,41,2025-10-11,2,1.566667,0.350000,1.318750,hypothetical_research_only
ludington_mi,freshwater_drum,41,2025-10-11,6,1.566667,0.475000,1.371875,hypothetical_research_only
ludington_mi,freshwater_drum,41,2025-10-11,10,1.566667,0.625000,1.435625,hypothetical_research_only
ludington_mi,freshwater_drum,41,2025-10-11,14,1.566667,0.775000,1.499375,hypothetical_research_only
ludington_mi,freshwater_drum,41,2025-10-11,18,1.566667,0.900000,1.552500,hypothetical_research_only
ludington_mi,freshwater_drum,41,2025-10-11,22,1.566667,1.000000,1.595000,hypothetical_research_only
ludington_mi,freshwater_drum,41,2025-10-11,26,1.566667,1.000000,1.595000,hypothetical_research_only
ludington_mi,freshwater_drum,41,2025-10-11,30,1.566667,0.850000,1.531250,hypothetical_research_only
ludington_mi,freshwater_drum,42,2025-10-18,2,1.500000,0.350000,1.281250,hypothetical_research_only
ludington_mi,freshwater_drum,42,2025-10-18,6,1.500000,0.475000,1.328125,hypothetical_research_only
ludington_mi,freshwater_drum,42,2025-10-18,10,1.500000,0.625000,1.384375,hypothetical_research_only
ludington_mi,freshwater_drum,42,2025-10-18,14,1.500000,0.775000,1.440625,hypothetical_research_only
ludington_mi,freshwater_drum,42,2025-10-18,18,1.500000,0.900000,1.487500,hypothetical_research_only
ludington_mi,freshwater_drum,42,2025-10-18,22,1.500000,1.000000,1.525000,hypothetical_research_only
ludington_mi,freshwater_drum,42,2025-10-18,26,1.500000,1.000000,1.525000,hypothetical_research_only
ludington_mi,freshwater_drum,42,2025-10-18,30,1.500000,0.850000,1.468750,hypothetical_research_only
ludington_mi,freshwater_drum,43,2025-10-25,2,1.500000,0.350000,1.281250,hypothetical_research_only
ludington_mi,freshwater_drum,43,2025-10-25,6,1.500000,0.475000,1.328125,hypothetical_research_only
ludington_mi,freshwater_drum,43,2025-10-25,10,1.500000,0.625000,1.384375,hypothetical_research_only
ludington_mi,freshwater_drum,43,2025-10-25,14,1.500000,0.775000,1.440625,hypothetical_research_only
ludington_mi,freshwater_drum,43,2025-10-25,18,1.500000,0.900000,1.487500,hypothetical_research_only
ludington_mi,freshwater_drum,43,2025-10-25,22,1.500000,1.000000,1.525000,hypothetical_research_only
ludington_mi,freshwater_drum,43,2025-10-25,26,1.500000,1.000000,1.525000,hypothetical_research_only
ludington_mi,freshwater_drum,43,2025-10-25,30,1.500000,0.850000,1.468750,hypothetical_research_only
ludington_mi,freshwater_drum,44,2025-11-01,2,1.500000,0.350000,1.281250,hypothetical_research_only
ludington_mi,freshwater_drum,44,2025-11-01,6,1.500000,0.475000,1.328125,hypothetical_research_only
ludington_mi,freshwater_drum,44,2025-11-01,10,1.500000,0.625000,1.384375,hypothetical_research_only
ludington_mi,freshwater_drum,44,2025-11-01,14,1.500000,0.775000,1.440625,hypothetical_research_only
ludington_mi,freshwater_drum,44,2025-11-01,18,1.500000,0.900000,1.487500,hypothetical_research_only
ludington_mi,freshwater_drum,44,2025-11-01,22,1.500000,1.000000,1.525000,hypothetical_research_only
ludington_mi,freshwater_drum,44,2025-11-01,26,1.500000,1.000000,1.525000,hypothetical_research_only
ludington_mi,freshwater_drum,44,2025-11-01,30,1.500000,0.850000,1.468750,hypothetical_research_only
ludington_mi,freshwater_drum,45,2025-11-08,2,1.500000,0.350000,1.281250,hypothetical_research_only
ludington_mi,freshwater_drum,45,2025-11-08,6,1.500000,0.475000,1.328125,hypothetical_research_only
ludington_mi,freshwater_drum,45,2025-11-08,10,1.500000,0.625000,1.384375,hypothetical_research_only
ludington_mi,freshwater_drum,45,2025-11-08,14,1.500000,0.775000,1.440625,hypothetical_research_only
ludington_mi,freshwater_drum,45,2025-11-08,18,1.500000,0.900000,1.487500,hypothetical_research_only
ludington_mi,freshwater_drum,45,2025-11-08,22,1.500000,1.000000,1.525000,hypothetical_research_only
ludington_mi,freshwater_drum,45,2025-11-08,26,1.500000,1.000000,1.525000,hypothetical_research_only
ludington_mi,freshwater_drum,45,2025-11-08,30,1.500000,0.850000,1.468750,hypothetical_research_only
ludington_mi,freshwater_drum,46,2025-11-15,2,1.500000,0.350000,1.281250,hypothetical_research_only
ludington_mi,freshwater_drum,46,2025-11-15,6,1.500000,0.475000,1.328125,hypothetical_research_only
ludington_mi,freshwater_drum,46,2025-11-15,10,1.500000,0.625000,1.384375,hypothetical_research_only
ludington_mi,freshwater_drum,46,2025-11-15,14,1.500000,0.775000,1.440625,hypothetical_research_only
ludington_mi,freshwater_drum,46,2025-11-15,18,1.500000,0.900000,1.487500,hypothetical_research_only
ludington_mi,freshwater_drum,46,2025-11-15,22,1.500000,1.000000,1.525000,hypothetical_research_only
ludington_mi,freshwater_drum,46,2025-11-15,26,1.500000,1.000000,1.525000,hypothetical_research_only
ludington_mi,freshwater_drum,46,2025-11-15,30,1.500000,0.850000,1.468750,hypothetical_research_only
ludington_mi,freshwater_drum,47,2025-11-22,2,1.500000,0.350000,1.281250,hypothetical_research_only
ludington_mi,freshwater_drum,47,2025-11-22,6,1.500000,0.475000,1.328125,hypothetical_research_only
ludington_mi,freshwater_drum,47,2025-11-22,10,1.500000,0.625000,1.384375,hypothetical_research_only
ludington_mi,freshwater_drum,47,2025-11-22,14,1.500000,0.775000,1.440625,hypothetical_research_only
ludington_mi,freshwater_drum,47,2025-11-22,18,1.500000,0.900000,1.487500,hypothetical_research_only
ludington_mi,freshwater_drum,47,2025-11-22,22,1.500000,1.000000,1.525000,hypothetical_research_only
ludington_mi,freshwater_drum,47,2025-11-22,26,1.500000,1.000000,1.525000,hypothetical_research_only
ludington_mi,freshwater_drum,47,2025-11-22,30,1.500000,0.850000,1.468750,hypothetical_research_only
ludington_mi,freshwater_drum,48,2025-11-29,2,1.500000,0.350000,1.281250,hypothetical_research_only
ludington_mi,freshwater_drum,48,2025-11-29,6,1.500000,0.475000,1.328125,hypothetical_research_only
ludington_mi,freshwater_drum,48,2025-11-29,10,1.500000,0.625000,1.384375,hypothetical_research_only
ludington_mi,freshwater_drum,48,2025-11-29,14,1.500000,0.775000,1.440625,hypothetical_research_only
ludington_mi,freshwater_drum,48,2025-11-29,18,1.500000,0.900000,1.487500,hypothetical_research_only
ludington_mi,freshwater_drum,48,2025-11-29,22,1.500000,1.000000,1.525000,hypothetical_research_only
ludington_mi,freshwater_drum,48,2025-11-29,26,1.500000,1.000000,1.525000,hypothetical_research_only
ludington_mi,freshwater_drum,48,2025-11-29,30,1.500000,0.850000,1.468750,hypothetical_research_only
ludington_mi,freshwater_drum,49,2025-12-06,2,1.500000,0.350000,1.281250,hypothetical_research_only
ludington_mi,freshwater_drum,49,2025-12-06,6,1.500000,0.475000,1.328125,hypothetical_research_only
ludington_mi,freshwater_drum,49,2025-12-06,10,1.500000,0.625000,1.384375,hypothetical_research_only
ludington_mi,freshwater_drum,49,2025-12-06,14,1.500000,0.775000,1.440625,hypothetical_research_only
ludington_mi,freshwater_drum,49,2025-12-06,18,1.500000,0.900000,1.487500,hypothetical_research_only
ludington_mi,freshwater_drum,49,2025-12-06,22,1.500000,1.000000,1.525000,hypothetical_research_only
ludington_mi,freshwater_drum,49,2025-12-06,26,1.500000,1.000000,1.525000,hypothetical_research_only
ludington_mi,freshwater_drum,49,2025-12-06,30,1.500000,0.850000,1.468750,hypothetical_research_only
ludington_mi,freshwater_drum,50,2025-12-13,2,1.500000,0.350000,1.281250,hypothetical_research_only
ludington_mi,freshwater_drum,50,2025-12-13,6,1.500000,0.475000,1.328125,hypothetical_research_only
ludington_mi,freshwater_drum,50,2025-12-13,10,1.500000,0.625000,1.384375,hypothetical_research_only
ludington_mi,freshwater_drum,50,2025-12-13,14,1.500000,0.775000,1.440625,hypothetical_research_only
ludington_mi,freshwater_drum,50,2025-12-13,18,1.500000,0.900000,1.487500,hypothetical_research_only
ludington_mi,freshwater_drum,50,2025-12-13,22,1.500000,1.000000,1.525000,hypothetical_research_only
ludington_mi,freshwater_drum,50,2025-12-13,26,1.500000,1.000000,1.525000,hypothetical_research_only
ludington_mi,freshwater_drum,50,2025-12-13,30,1.500000,0.850000,1.468750,hypothetical_research_only
ludington_mi,freshwater_drum,51,2025-12-20,2,1.500000,0.350000,1.281250,hypothetical_research_only
ludington_mi,freshwater_drum,51,2025-12-20,6,1.500000,0.475000,1.328125,hypothetical_research_only
ludington_mi,freshwater_drum,51,2025-12-20,10,1.500000,0.625000,1.384375,hypothetical_research_only
ludington_mi,freshwater_drum,51,2025-12-20,14,1.500000,0.775000,1.440625,hypothetical_research_only
ludington_mi,freshwater_drum,51,2025-12-20,18,1.500000,0.900000,1.487500,hypothetical_research_only
ludington_mi,freshwater_drum,51,2025-12-20,22,1.500000,1.000000,1.525000,hypothetical_research_only
ludington_mi,freshwater_drum,51,2025-12-20,26,1.500000,1.000000,1.525000,hypothetical_research_only
ludington_mi,freshwater_drum,51,2025-12-20,30,1.500000,0.850000,1.468750,hypothetical_research_only
ludington_mi,freshwater_drum,52,2025-12-27,2,1.500000,0.350000,1.281250,hypothetical_research_only
ludington_mi,freshwater_drum,52,2025-12-27,6,1.500000,0.475000,1.328125,hypothetical_research_only
ludington_mi,freshwater_drum,52,2025-12-27,10,1.500000,0.625000,1.384375,hypothetical_research_only
ludington_mi,freshwater_drum,52,2025-12-27,14,1.500000,0.775000,1.440625,hypothetical_research_only
ludington_mi,freshwater_drum,52,2025-12-27,18,1.500000,0.900000,1.487500,hypothetical_research_only
ludington_mi,freshwater_drum,52,2025-12-27,22,1.500000,1.000000,1.525000,hypothetical_research_only
ludington_mi,freshwater_drum,52,2025-12-27,26,1.500000,1.000000,1.525000,hypothetical_research_only
ludington_mi,freshwater_drum,52,2025-12-27,30,1.500000,0.850000,1.468750,hypothetical_research_only
ludington_mi,yellow_perch,1,2025-01-04,2,1.500000,0.725000,1.421875,hypothetical_research_only
ludington_mi,yellow_perch,1,2025-01-04,6,1.500000,0.850000,1.468750,hypothetical_research_only
ludington_mi,yellow_perch,1,2025-01-04,10,1.500000,0.925000,1.496875,hypothetical_research_only
ludington_mi,yellow_perch,1,2025-01-04,14,1.500000,0.975000,1.515625,hypothetical_research_only
ludington_mi,yellow_perch,1,2025-01-04,18,1.500000,1.000000,1.525000,hypothetical_research_only
ludington_mi,yellow_perch,1,2025-01-04,22,1.500000,0.950000,1.506250,hypothetical_research_only
ludington_mi,yellow_perch,1,2025-01-04,26,1.500000,0.716667,1.418750,hypothetical_research_only
ludington_mi,yellow_perch,1,2025-01-04,30,1.500000,0.350000,1.281250,hypothetical_research_only
ludington_mi,yellow_perch,2,2025-01-11,2,1.500000,0.725000,1.421875,hypothetical_research_only
ludington_mi,yellow_perch,2,2025-01-11,6,1.500000,0.850000,1.468750,hypothetical_research_only
ludington_mi,yellow_perch,2,2025-01-11,10,1.500000,0.925000,1.496875,hypothetical_research_only
ludington_mi,yellow_perch,2,2025-01-11,14,1.500000,0.975000,1.515625,hypothetical_research_only
ludington_mi,yellow_perch,2,2025-01-11,18,1.500000,1.000000,1.525000,hypothetical_research_only
ludington_mi,yellow_perch,2,2025-01-11,22,1.500000,0.950000,1.506250,hypothetical_research_only
ludington_mi,yellow_perch,2,2025-01-11,26,1.500000,0.716667,1.418750,hypothetical_research_only
ludington_mi,yellow_perch,2,2025-01-11,30,1.500000,0.350000,1.281250,hypothetical_research_only
ludington_mi,yellow_perch,3,2025-01-18,2,1.500000,0.725000,1.421875,hypothetical_research_only
ludington_mi,yellow_perch,3,2025-01-18,6,1.500000,0.850000,1.468750,hypothetical_research_only
ludington_mi,yellow_perch,3,2025-01-18,10,1.500000,0.925000,1.496875,hypothetical_research_only
ludington_mi,yellow_perch,3,2025-01-18,14,1.500000,0.975000,1.515625,hypothetical_research_only
ludington_mi,yellow_perch,3,2025-01-18,18,1.500000,1.000000,1.525000,hypothetical_research_only
ludington_mi,yellow_perch,3,2025-01-18,22,1.500000,0.950000,1.506250,hypothetical_research_only
ludington_mi,yellow_perch,3,2025-01-18,26,1.500000,0.716667,1.418750,hypothetical_research_only
ludington_mi,yellow_perch,3,2025-01-18,30,1.500000,0.350000,1.281250,hypothetical_research_only
ludington_mi,yellow_perch,4,2025-01-25,2,1.500000,0.725000,1.421875,hypothetical_research_only
ludington_mi,yellow_perch,4,2025-01-25,6,1.500000,0.850000,1.468750,hypothetical_research_only
ludington_mi,yellow_perch,4,2025-01-25,10,1.500000,0.925000,1.496875,hypothetical_research_only
ludington_mi,yellow_perch,4,2025-01-25,14,1.500000,0.975000,1.515625,hypothetical_research_only
ludington_mi,yellow_perch,4,2025-01-25,18,1.500000,1.000000,1.525000,hypothetical_research_only
ludington_mi,yellow_perch,4,2025-01-25,22,1.500000,0.950000,1.506250,hypothetical_research_only
ludington_mi,yellow_perch,4,2025-01-25,26,1.500000,0.716667,1.418750,hypothetical_research_only
ludington_mi,yellow_perch,4,2025-01-25,30,1.500000,0.350000,1.281250,hypothetical_research_only
ludington_mi,yellow_perch,5,2025-02-01,2,1.500000,0.725000,1.421875,hypothetical_research_only
ludington_mi,yellow_perch,5,2025-02-01,6,1.500000,0.850000,1.468750,hypothetical_research_only
ludington_mi,yellow_perch,5,2025-02-01,10,1.500000,0.925000,1.496875,hypothetical_research_only
ludington_mi,yellow_perch,5,2025-02-01,14,1.500000,0.975000,1.515625,hypothetical_research_only
ludington_mi,yellow_perch,5,2025-02-01,18,1.500000,1.000000,1.525000,hypothetical_research_only
ludington_mi,yellow_perch,5,2025-02-01,22,1.500000,0.950000,1.506250,hypothetical_research_only
ludington_mi,yellow_perch,5,2025-02-01,26,1.500000,0.716667,1.418750,hypothetical_research_only
ludington_mi,yellow_perch,5,2025-02-01,30,1.500000,0.350000,1.281250,hypothetical_research_only
ludington_mi,yellow_perch,6,2025-02-08,2,1.500000,0.725000,1.421875,hypothetical_research_only
ludington_mi,yellow_perch,6,2025-02-08,6,1.500000,0.850000,1.468750,hypothetical_research_only
ludington_mi,yellow_perch,6,2025-02-08,10,1.500000,0.925000,1.496875,hypothetical_research_only
ludington_mi,yellow_perch,6,2025-02-08,14,1.500000,0.975000,1.515625,hypothetical_research_only
ludington_mi,yellow_perch,6,2025-02-08,18,1.500000,1.000000,1.525000,hypothetical_research_only
ludington_mi,yellow_perch,6,2025-02-08,22,1.500000,0.950000,1.506250,hypothetical_research_only
ludington_mi,yellow_perch,6,2025-02-08,26,1.500000,0.716667,1.418750,hypothetical_research_only
ludington_mi,yellow_perch,6,2025-02-08,30,1.500000,0.350000,1.281250,hypothetical_research_only
ludington_mi,yellow_perch,7,2025-02-15,2,1.500000,0.725000,1.421875,hypothetical_research_only
ludington_mi,yellow_perch,7,2025-02-15,6,1.500000,0.850000,1.468750,hypothetical_research_only
ludington_mi,yellow_perch,7,2025-02-15,10,1.500000,0.925000,1.496875,hypothetical_research_only
ludington_mi,yellow_perch,7,2025-02-15,14,1.500000,0.975000,1.515625,hypothetical_research_only
ludington_mi,yellow_perch,7,2025-02-15,18,1.500000,1.000000,1.525000,hypothetical_research_only
ludington_mi,yellow_perch,7,2025-02-15,22,1.500000,0.950000,1.506250,hypothetical_research_only
ludington_mi,yellow_perch,7,2025-02-15,26,1.500000,0.716667,1.418750,hypothetical_research_only
ludington_mi,yellow_perch,7,2025-02-15,30,1.500000,0.350000,1.281250,hypothetical_research_only
ludington_mi,yellow_perch,8,2025-02-22,2,1.625000,0.725000,1.527344,hypothetical_research_only
ludington_mi,yellow_perch,8,2025-02-22,6,1.625000,0.850000,1.585938,hypothetical_research_only
ludington_mi,yellow_perch,8,2025-02-22,10,1.625000,0.925000,1.621094,hypothetical_research_only
ludington_mi,yellow_perch,8,2025-02-22,14,1.625000,0.975000,1.644531,hypothetical_research_only
ludington_mi,yellow_perch,8,2025-02-22,18,1.625000,1.000000,1.656250,hypothetical_research_only
ludington_mi,yellow_perch,8,2025-02-22,22,1.625000,0.950000,1.632813,hypothetical_research_only
ludington_mi,yellow_perch,8,2025-02-22,26,1.625000,0.716667,1.523438,hypothetical_research_only
ludington_mi,yellow_perch,8,2025-02-22,30,1.625000,0.350000,1.351563,hypothetical_research_only
ludington_mi,yellow_perch,9,2025-03-01,2,1.750000,0.725000,1.632813,hypothetical_research_only
ludington_mi,yellow_perch,9,2025-03-01,6,1.750000,0.850000,1.703125,hypothetical_research_only
ludington_mi,yellow_perch,9,2025-03-01,10,1.750000,0.925000,1.745313,hypothetical_research_only
ludington_mi,yellow_perch,9,2025-03-01,14,1.750000,0.975000,1.773438,hypothetical_research_only
ludington_mi,yellow_perch,9,2025-03-01,18,1.750000,1.000000,1.787500,hypothetical_research_only
ludington_mi,yellow_perch,9,2025-03-01,22,1.750000,0.950000,1.759375,hypothetical_research_only
ludington_mi,yellow_perch,9,2025-03-01,26,1.750000,0.716667,1.628125,hypothetical_research_only
ludington_mi,yellow_perch,9,2025-03-01,30,1.750000,0.350000,1.421875,hypothetical_research_only
ludington_mi,yellow_perch,10,2025-03-08,2,1.875000,0.725000,1.738281,hypothetical_research_only
ludington_mi,yellow_perch,10,2025-03-08,6,1.875000,0.850000,1.820313,hypothetical_research_only
ludington_mi,yellow_perch,10,2025-03-08,10,1.875000,0.925000,1.869531,hypothetical_research_only
ludington_mi,yellow_perch,10,2025-03-08,14,1.875000,0.975000,1.902344,hypothetical_research_only
ludington_mi,yellow_perch,10,2025-03-08,18,1.875000,1.000000,1.918750,hypothetical_research_only
ludington_mi,yellow_perch,10,2025-03-08,22,1.875000,0.950000,1.885937,hypothetical_research_only
ludington_mi,yellow_perch,10,2025-03-08,26,1.875000,0.716667,1.732812,hypothetical_research_only
ludington_mi,yellow_perch,10,2025-03-08,30,1.875000,0.350000,1.492188,hypothetical_research_only
ludington_mi,yellow_perch,11,2025-03-15,2,2.000000,0.725000,1.843750,hypothetical_research_only
ludington_mi,yellow_perch,11,2025-03-15,6,2.000000,0.850000,1.937500,hypothetical_research_only
ludington_mi,yellow_perch,11,2025-03-15,10,2.000000,0.925000,1.993750,hypothetical_research_only
ludington_mi,yellow_perch,11,2025-03-15,14,2.000000,0.975000,2.031250,hypothetical_research_only
ludington_mi,yellow_perch,11,2025-03-15,18,2.000000,1.000000,2.050000,hypothetical_research_only
ludington_mi,yellow_perch,11,2025-03-15,22,2.000000,0.950000,2.012500,hypothetical_research_only
ludington_mi,yellow_perch,11,2025-03-15,26,2.000000,0.716667,1.837500,hypothetical_research_only
ludington_mi,yellow_perch,11,2025-03-15,30,2.000000,0.350000,1.562500,hypothetical_research_only
ludington_mi,yellow_perch,12,2025-03-22,2,2.000000,0.725000,1.843750,hypothetical_research_only
ludington_mi,yellow_perch,12,2025-03-22,6,2.000000,0.850000,1.937500,hypothetical_research_only
ludington_mi,yellow_perch,12,2025-03-22,10,2.000000,0.925000,1.993750,hypothetical_research_only
ludington_mi,yellow_perch,12,2025-03-22,14,2.000000,0.975000,2.031250,hypothetical_research_only
ludington_mi,yellow_perch,12,2025-03-22,18,2.000000,1.000000,2.050000,hypothetical_research_only
ludington_mi,yellow_perch,12,2025-03-22,22,2.000000,0.950000,2.012500,hypothetical_research_only
ludington_mi,yellow_perch,12,2025-03-22,26,2.000000,0.716667,1.837500,hypothetical_research_only
ludington_mi,yellow_perch,12,2025-03-22,30,2.000000,0.350000,1.562500,hypothetical_research_only
ludington_mi,yellow_perch,13,2025-03-29,2,2.000000,0.725000,1.843750,hypothetical_research_only
ludington_mi,yellow_perch,13,2025-03-29,6,2.000000,0.850000,1.937500,hypothetical_research_only
ludington_mi,yellow_perch,13,2025-03-29,10,2.000000,0.925000,1.993750,hypothetical_research_only
ludington_mi,yellow_perch,13,2025-03-29,14,2.000000,0.975000,2.031250,hypothetical_research_only
ludington_mi,yellow_perch,13,2025-03-29,18,2.000000,1.000000,2.050000,hypothetical_research_only
ludington_mi,yellow_perch,13,2025-03-29,22,2.000000,0.950000,2.012500,hypothetical_research_only
ludington_mi,yellow_perch,13,2025-03-29,26,2.000000,0.716667,1.837500,hypothetical_research_only
ludington_mi,yellow_perch,13,2025-03-29,30,2.000000,0.350000,1.562500,hypothetical_research_only
ludington_mi,yellow_perch,14,2025-04-05,2,2.000000,0.725000,1.843750,hypothetical_research_only
ludington_mi,yellow_perch,14,2025-04-05,6,2.000000,0.850000,1.937500,hypothetical_research_only
ludington_mi,yellow_perch,14,2025-04-05,10,2.000000,0.925000,1.993750,hypothetical_research_only
ludington_mi,yellow_perch,14,2025-04-05,14,2.000000,0.975000,2.031250,hypothetical_research_only
ludington_mi,yellow_perch,14,2025-04-05,18,2.000000,1.000000,2.050000,hypothetical_research_only
ludington_mi,yellow_perch,14,2025-04-05,22,2.000000,0.950000,2.012500,hypothetical_research_only
ludington_mi,yellow_perch,14,2025-04-05,26,2.000000,0.716667,1.837500,hypothetical_research_only
ludington_mi,yellow_perch,14,2025-04-05,30,2.000000,0.350000,1.562500,hypothetical_research_only
ludington_mi,yellow_perch,15,2025-04-12,2,2.000000,0.725000,1.843750,hypothetical_research_only
ludington_mi,yellow_perch,15,2025-04-12,6,2.000000,0.850000,1.937500,hypothetical_research_only
ludington_mi,yellow_perch,15,2025-04-12,10,2.000000,0.925000,1.993750,hypothetical_research_only
ludington_mi,yellow_perch,15,2025-04-12,14,2.000000,0.975000,2.031250,hypothetical_research_only
ludington_mi,yellow_perch,15,2025-04-12,18,2.000000,1.000000,2.050000,hypothetical_research_only
ludington_mi,yellow_perch,15,2025-04-12,22,2.000000,0.950000,2.012500,hypothetical_research_only
ludington_mi,yellow_perch,15,2025-04-12,26,2.000000,0.716667,1.837500,hypothetical_research_only
ludington_mi,yellow_perch,15,2025-04-12,30,2.000000,0.350000,1.562500,hypothetical_research_only
ludington_mi,yellow_perch,16,2025-04-19,2,2.000000,0.725000,1.843750,hypothetical_research_only
ludington_mi,yellow_perch,16,2025-04-19,6,2.000000,0.850000,1.937500,hypothetical_research_only
ludington_mi,yellow_perch,16,2025-04-19,10,2.000000,0.925000,1.993750,hypothetical_research_only
ludington_mi,yellow_perch,16,2025-04-19,14,2.000000,0.975000,2.031250,hypothetical_research_only
ludington_mi,yellow_perch,16,2025-04-19,18,2.000000,1.000000,2.050000,hypothetical_research_only
ludington_mi,yellow_perch,16,2025-04-19,22,2.000000,0.950000,2.012500,hypothetical_research_only
ludington_mi,yellow_perch,16,2025-04-19,26,2.000000,0.716667,1.837500,hypothetical_research_only
ludington_mi,yellow_perch,16,2025-04-19,30,2.000000,0.350000,1.562500,hypothetical_research_only
ludington_mi,yellow_perch,17,2025-04-26,2,2.000000,0.725000,1.843750,hypothetical_research_only
ludington_mi,yellow_perch,17,2025-04-26,6,2.000000,0.850000,1.937500,hypothetical_research_only
ludington_mi,yellow_perch,17,2025-04-26,10,2.000000,0.925000,1.993750,hypothetical_research_only
ludington_mi,yellow_perch,17,2025-04-26,14,2.000000,0.975000,2.031250,hypothetical_research_only
ludington_mi,yellow_perch,17,2025-04-26,18,2.000000,1.000000,2.050000,hypothetical_research_only
ludington_mi,yellow_perch,17,2025-04-26,22,2.000000,0.950000,2.012500,hypothetical_research_only
ludington_mi,yellow_perch,17,2025-04-26,26,2.000000,0.716667,1.837500,hypothetical_research_only
ludington_mi,yellow_perch,17,2025-04-26,30,2.000000,0.350000,1.562500,hypothetical_research_only
ludington_mi,yellow_perch,18,2025-05-03,2,2.000000,0.725000,1.843750,hypothetical_research_only
ludington_mi,yellow_perch,18,2025-05-03,6,2.000000,0.850000,1.937500,hypothetical_research_only
ludington_mi,yellow_perch,18,2025-05-03,10,2.000000,0.925000,1.993750,hypothetical_research_only
ludington_mi,yellow_perch,18,2025-05-03,14,2.000000,0.975000,2.031250,hypothetical_research_only
ludington_mi,yellow_perch,18,2025-05-03,18,2.000000,1.000000,2.050000,hypothetical_research_only
ludington_mi,yellow_perch,18,2025-05-03,22,2.000000,0.950000,2.012500,hypothetical_research_only
ludington_mi,yellow_perch,18,2025-05-03,26,2.000000,0.716667,1.837500,hypothetical_research_only
ludington_mi,yellow_perch,18,2025-05-03,30,2.000000,0.350000,1.562500,hypothetical_research_only
ludington_mi,yellow_perch,19,2025-05-10,2,2.000000,0.725000,1.843750,hypothetical_research_only
ludington_mi,yellow_perch,19,2025-05-10,6,2.000000,0.850000,1.937500,hypothetical_research_only
ludington_mi,yellow_perch,19,2025-05-10,10,2.000000,0.925000,1.993750,hypothetical_research_only
ludington_mi,yellow_perch,19,2025-05-10,14,2.000000,0.975000,2.031250,hypothetical_research_only
ludington_mi,yellow_perch,19,2025-05-10,18,2.000000,1.000000,2.050000,hypothetical_research_only
ludington_mi,yellow_perch,19,2025-05-10,22,2.000000,0.950000,2.012500,hypothetical_research_only
ludington_mi,yellow_perch,19,2025-05-10,26,2.000000,0.716667,1.837500,hypothetical_research_only
ludington_mi,yellow_perch,19,2025-05-10,30,2.000000,0.350000,1.562500,hypothetical_research_only
ludington_mi,yellow_perch,20,2025-05-17,2,2.193548,0.725000,2.007056,hypothetical_research_only
ludington_mi,yellow_perch,20,2025-05-17,6,2.193548,0.850000,2.118952,hypothetical_research_only
ludington_mi,yellow_perch,20,2025-05-17,10,2.193548,0.925000,2.186089,hypothetical_research_only
ludington_mi,yellow_perch,20,2025-05-17,14,2.193548,0.975000,2.230847,hypothetical_research_only
ludington_mi,yellow_perch,20,2025-05-17,18,2.193548,1.000000,2.253226,hypothetical_research_only
ludington_mi,yellow_perch,20,2025-05-17,22,2.193548,0.950000,2.208468,hypothetical_research_only
ludington_mi,yellow_perch,20,2025-05-17,26,2.193548,0.716667,1.999597,hypothetical_research_only
ludington_mi,yellow_perch,20,2025-05-17,30,2.193548,0.350000,1.671371,hypothetical_research_only
ludington_mi,yellow_perch,21,2025-05-24,2,2.870968,0.725000,2.578629,hypothetical_research_only
ludington_mi,yellow_perch,21,2025-05-24,6,2.870968,0.850000,2.754032,hypothetical_research_only
ludington_mi,yellow_perch,21,2025-05-24,10,2.870968,0.925000,2.859274,hypothetical_research_only
ludington_mi,yellow_perch,21,2025-05-24,14,2.870968,0.975000,2.929435,hypothetical_research_only
ludington_mi,yellow_perch,21,2025-05-24,18,2.870968,1.000000,2.964516,hypothetical_research_only
ludington_mi,yellow_perch,21,2025-05-24,22,2.870968,0.950000,2.894355,hypothetical_research_only
ludington_mi,yellow_perch,21,2025-05-24,26,2.870968,0.716667,2.566935,hypothetical_research_only
ludington_mi,yellow_perch,21,2025-05-24,30,2.870968,0.350000,2.052419,hypothetical_research_only
ludington_mi,yellow_perch,22,2025-05-31,2,3.548387,0.725000,3.150202,hypothetical_research_only
ludington_mi,yellow_perch,22,2025-05-31,6,3.548387,0.850000,3.389113,hypothetical_research_only
ludington_mi,yellow_perch,22,2025-05-31,10,3.548387,0.925000,3.532460,hypothetical_research_only
ludington_mi,yellow_perch,22,2025-05-31,14,3.548387,0.975000,3.628024,hypothetical_research_only
ludington_mi,yellow_perch,22,2025-05-31,18,3.548387,1.000000,3.675806,hypothetical_research_only
ludington_mi,yellow_perch,22,2025-05-31,22,3.548387,0.950000,3.580242,hypothetical_research_only
ludington_mi,yellow_perch,22,2025-05-31,26,3.548387,0.716667,3.134274,hypothetical_research_only
ludington_mi,yellow_perch,22,2025-05-31,30,3.548387,0.350000,2.433468,hypothetical_research_only
ludington_mi,yellow_perch,23,2025-06-07,2,4.225806,0.725000,3.721774,hypothetical_research_only
ludington_mi,yellow_perch,23,2025-06-07,6,4.225806,0.850000,4.024194,hypothetical_research_only
ludington_mi,yellow_perch,23,2025-06-07,10,4.225806,0.925000,4.205645,hypothetical_research_only
ludington_mi,yellow_perch,23,2025-06-07,14,4.225806,0.975000,4.326613,hypothetical_research_only
ludington_mi,yellow_perch,23,2025-06-07,18,4.225806,1.000000,4.387097,hypothetical_research_only
ludington_mi,yellow_perch,23,2025-06-07,22,4.225806,0.950000,4.266129,hypothetical_research_only
ludington_mi,yellow_perch,23,2025-06-07,26,4.225806,0.716667,3.701613,hypothetical_research_only
ludington_mi,yellow_perch,23,2025-06-07,30,4.225806,0.350000,2.814516,hypothetical_research_only
ludington_mi,yellow_perch,24,2025-06-14,2,4.903226,0.725000,4.293347,hypothetical_research_only
ludington_mi,yellow_perch,24,2025-06-14,6,4.903226,0.850000,4.659274,hypothetical_research_only
ludington_mi,yellow_perch,24,2025-06-14,10,4.903226,0.925000,4.878831,hypothetical_research_only
ludington_mi,yellow_perch,24,2025-06-14,14,4.903226,0.975000,5.025202,hypothetical_research_only
ludington_mi,yellow_perch,24,2025-06-14,18,4.903226,1.000000,5.098387,hypothetical_research_only
ludington_mi,yellow_perch,24,2025-06-14,22,4.903226,0.950000,4.952016,hypothetical_research_only
ludington_mi,yellow_perch,24,2025-06-14,26,4.903226,0.716667,4.268952,hypothetical_research_only
ludington_mi,yellow_perch,24,2025-06-14,30,4.903226,0.350000,3.195565,hypothetical_research_only
ludington_mi,yellow_perch,25,2025-06-21,2,5.200000,0.725000,4.543750,hypothetical_research_only
ludington_mi,yellow_perch,25,2025-06-21,6,5.200000,0.850000,4.937500,hypothetical_research_only
ludington_mi,yellow_perch,25,2025-06-21,10,5.200000,0.925000,5.173750,hypothetical_research_only
ludington_mi,yellow_perch,25,2025-06-21,14,5.200000,0.975000,5.331250,hypothetical_research_only
ludington_mi,yellow_perch,25,2025-06-21,18,5.200000,1.000000,5.410000,hypothetical_research_only
ludington_mi,yellow_perch,25,2025-06-21,22,5.200000,0.950000,5.252500,hypothetical_research_only
ludington_mi,yellow_perch,25,2025-06-21,26,5.200000,0.716667,4.517500,hypothetical_research_only
ludington_mi,yellow_perch,25,2025-06-21,30,5.200000,0.350000,3.362500,hypothetical_research_only
ludington_mi,yellow_perch,26,2025-06-28,2,5.433333,0.725000,4.740625,hypothetical_research_only
ludington_mi,yellow_perch,26,2025-06-28,6,5.433333,0.850000,5.156250,hypothetical_research_only
ludington_mi,yellow_perch,26,2025-06-28,10,5.433333,0.925000,5.405625,hypothetical_research_only
ludington_mi,yellow_perch,26,2025-06-28,14,5.433333,0.975000,5.571875,hypothetical_research_only
ludington_mi,yellow_perch,26,2025-06-28,18,5.433333,1.000000,5.655000,hypothetical_research_only
ludington_mi,yellow_perch,26,2025-06-28,22,5.433333,0.950000,5.488750,hypothetical_research_only
ludington_mi,yellow_perch,26,2025-06-28,26,5.433333,0.716667,4.712917,hypothetical_research_only
ludington_mi,yellow_perch,26,2025-06-28,30,5.433333,0.350000,3.493750,hypothetical_research_only
ludington_mi,yellow_perch,27,2025-07-05,2,5.666667,0.725000,4.937500,hypothetical_research_only
ludington_mi,yellow_perch,27,2025-07-05,6,5.666667,0.850000,5.375000,hypothetical_research_only
ludington_mi,yellow_perch,27,2025-07-05,10,5.666667,0.925000,5.637500,hypothetical_research_only
ludington_mi,yellow_perch,27,2025-07-05,14,5.666667,0.975000,5.812500,hypothetical_research_only
ludington_mi,yellow_perch,27,2025-07-05,18,5.666667,1.000000,5.900000,hypothetical_research_only
ludington_mi,yellow_perch,27,2025-07-05,22,5.666667,0.950000,5.725000,hypothetical_research_only
ludington_mi,yellow_perch,27,2025-07-05,26,5.666667,0.716667,4.908333,hypothetical_research_only
ludington_mi,yellow_perch,27,2025-07-05,30,5.666667,0.350000,3.625000,hypothetical_research_only
ludington_mi,yellow_perch,28,2025-07-12,2,5.900000,0.725000,5.134375,hypothetical_research_only
ludington_mi,yellow_perch,28,2025-07-12,6,5.900000,0.850000,5.593750,hypothetical_research_only
ludington_mi,yellow_perch,28,2025-07-12,10,5.900000,0.925000,5.869375,hypothetical_research_only
ludington_mi,yellow_perch,28,2025-07-12,14,5.900000,0.975000,6.053125,hypothetical_research_only
ludington_mi,yellow_perch,28,2025-07-12,18,5.900000,1.000000,6.145000,hypothetical_research_only
ludington_mi,yellow_perch,28,2025-07-12,22,5.900000,0.950000,5.961250,hypothetical_research_only
ludington_mi,yellow_perch,28,2025-07-12,26,5.900000,0.716667,5.103750,hypothetical_research_only
ludington_mi,yellow_perch,28,2025-07-12,30,5.900000,0.350000,3.756250,hypothetical_research_only
ludington_mi,yellow_perch,29,2025-07-19,2,5.548387,0.725000,4.837702,hypothetical_research_only
ludington_mi,yellow_perch,29,2025-07-19,6,5.548387,0.850000,5.264113,hypothetical_research_only
ludington_mi,yellow_perch,29,2025-07-19,10,5.548387,0.925000,5.519960,hypothetical_research_only
ludington_mi,yellow_perch,29,2025-07-19,14,5.548387,0.975000,5.690524,hypothetical_research_only
ludington_mi,yellow_perch,29,2025-07-19,18,5.548387,1.000000,5.775806,hypothetical_research_only
ludington_mi,yellow_perch,29,2025-07-19,22,5.548387,0.950000,5.605242,hypothetical_research_only
ludington_mi,yellow_perch,29,2025-07-19,26,5.548387,0.716667,4.809274,hypothetical_research_only
ludington_mi,yellow_perch,29,2025-07-19,30,5.548387,0.350000,3.558468,hypothetical_research_only
ludington_mi,yellow_perch,30,2025-07-26,2,4.758065,0.725000,4.170867,hypothetical_research_only
ludington_mi,yellow_perch,30,2025-07-26,6,4.758065,0.850000,4.523185,hypothetical_research_only
ludington_mi,yellow_perch,30,2025-07-26,10,4.758065,0.925000,4.734577,hypothetical_research_only
ludington_mi,yellow_perch,30,2025-07-26,14,4.758065,0.975000,4.875504,hypothetical_research_only
ludington_mi,yellow_perch,30,2025-07-26,18,4.758065,1.000000,4.945968,hypothetical_research_only
ludington_mi,yellow_perch,30,2025-07-26,22,4.758065,0.950000,4.805040,hypothetical_research_only
ludington_mi,yellow_perch,30,2025-07-26,26,4.758065,0.716667,4.147379,hypothetical_research_only
ludington_mi,yellow_perch,30,2025-07-26,30,4.758065,0.350000,3.113911,hypothetical_research_only
ludington_mi,yellow_perch,31,2025-08-02,2,3.967742,0.725000,3.504032,hypothetical_research_only
ludington_mi,yellow_perch,31,2025-08-02,6,3.967742,0.850000,3.782258,hypothetical_research_only
ludington_mi,yellow_perch,31,2025-08-02,10,3.967742,0.925000,3.949194,hypothetical_research_only
ludington_mi,yellow_perch,31,2025-08-02,14,3.967742,0.975000,4.060484,hypothetical_research_only
ludington_mi,yellow_perch,31,2025-08-02,18,3.967742,1.000000,4.116129,hypothetical_research_only
ludington_mi,yellow_perch,31,2025-08-02,22,3.967742,0.950000,4.004839,hypothetical_research_only
ludington_mi,yellow_perch,31,2025-08-02,26,3.967742,0.716667,3.485484,hypothetical_research_only
ludington_mi,yellow_perch,31,2025-08-02,30,3.967742,0.350000,2.669355,hypothetical_research_only
ludington_mi,yellow_perch,32,2025-08-09,2,3.177419,0.725000,2.837198,hypothetical_research_only
ludington_mi,yellow_perch,32,2025-08-09,6,3.177419,0.850000,3.041331,hypothetical_research_only
ludington_mi,yellow_perch,32,2025-08-09,10,3.177419,0.925000,3.163810,hypothetical_research_only
ludington_mi,yellow_perch,32,2025-08-09,14,3.177419,0.975000,3.245464,hypothetical_research_only
ludington_mi,yellow_perch,32,2025-08-09,18,3.177419,1.000000,3.286290,hypothetical_research_only
ludington_mi,yellow_perch,32,2025-08-09,22,3.177419,0.950000,3.204637,hypothetical_research_only
ludington_mi,yellow_perch,32,2025-08-09,26,3.177419,0.716667,2.823589,hypothetical_research_only
ludington_mi,yellow_perch,32,2025-08-09,30,3.177419,0.350000,2.224798,hypothetical_research_only
ludington_mi,yellow_perch,33,2025-08-16,2,2.483871,0.725000,2.252016,hypothetical_research_only
ludington_mi,yellow_perch,33,2025-08-16,6,2.483871,0.850000,2.391129,hypothetical_research_only
ludington_mi,yellow_perch,33,2025-08-16,10,2.483871,0.925000,2.474597,hypothetical_research_only
ludington_mi,yellow_perch,33,2025-08-16,14,2.483871,0.975000,2.530242,hypothetical_research_only
ludington_mi,yellow_perch,33,2025-08-16,18,2.483871,1.000000,2.558065,hypothetical_research_only
ludington_mi,yellow_perch,33,2025-08-16,22,2.483871,0.950000,2.502419,hypothetical_research_only
ludington_mi,yellow_perch,33,2025-08-16,26,2.483871,0.716667,2.242742,hypothetical_research_only
ludington_mi,yellow_perch,33,2025-08-16,30,2.483871,0.350000,1.834677,hypothetical_research_only
ludington_mi,yellow_perch,34,2025-08-23,2,2.370968,0.725000,2.156754,hypothetical_research_only
ludington_mi,yellow_perch,34,2025-08-23,6,2.370968,0.850000,2.285282,hypothetical_research_only
ludington_mi,yellow_perch,34,2025-08-23,10,2.370968,0.925000,2.362399,hypothetical_research_only
ludington_mi,yellow_perch,34,2025-08-23,14,2.370968,0.975000,2.413810,hypothetical_research_only
ludington_mi,yellow_perch,34,2025-08-23,18,2.370968,1.000000,2.439516,hypothetical_research_only
ludington_mi,yellow_perch,34,2025-08-23,22,2.370968,0.950000,2.388105,hypothetical_research_only
ludington_mi,yellow_perch,34,2025-08-23,26,2.370968,0.716667,2.148185,hypothetical_research_only
ludington_mi,yellow_perch,34,2025-08-23,30,2.370968,0.350000,1.771169,hypothetical_research_only
ludington_mi,yellow_perch,35,2025-08-30,2,2.258065,0.725000,2.061492,hypothetical_research_only
ludington_mi,yellow_perch,35,2025-08-30,6,2.258065,0.850000,2.179435,hypothetical_research_only
ludington_mi,yellow_perch,35,2025-08-30,10,2.258065,0.925000,2.250202,hypothetical_research_only
ludington_mi,yellow_perch,35,2025-08-30,14,2.258065,0.975000,2.297379,hypothetical_research_only
ludington_mi,yellow_perch,35,2025-08-30,18,2.258065,1.000000,2.320968,hypothetical_research_only
ludington_mi,yellow_perch,35,2025-08-30,22,2.258065,0.950000,2.273790,hypothetical_research_only
ludington_mi,yellow_perch,35,2025-08-30,26,2.258065,0.716667,2.053629,hypothetical_research_only
ludington_mi,yellow_perch,35,2025-08-30,30,2.258065,0.350000,1.707661,hypothetical_research_only
ludington_mi,yellow_perch,36,2025-09-06,2,2.145161,0.725000,1.966230,hypothetical_research_only
ludington_mi,yellow_perch,36,2025-09-06,6,2.145161,0.850000,2.073589,hypothetical_research_only
ludington_mi,yellow_perch,36,2025-09-06,10,2.145161,0.925000,2.138004,hypothetical_research_only
ludington_mi,yellow_perch,36,2025-09-06,14,2.145161,0.975000,2.180948,hypothetical_research_only
ludington_mi,yellow_perch,36,2025-09-06,18,2.145161,1.000000,2.202419,hypothetical_research_only
ludington_mi,yellow_perch,36,2025-09-06,22,2.145161,0.950000,2.159476,hypothetical_research_only
ludington_mi,yellow_perch,36,2025-09-06,26,2.145161,0.716667,1.959073,hypothetical_research_only
ludington_mi,yellow_perch,36,2025-09-06,30,2.145161,0.350000,1.644153,hypothetical_research_only
ludington_mi,yellow_perch,37,2025-09-13,2,2.032258,0.725000,1.870968,hypothetical_research_only
ludington_mi,yellow_perch,37,2025-09-13,6,2.032258,0.850000,1.967742,hypothetical_research_only
ludington_mi,yellow_perch,37,2025-09-13,10,2.032258,0.925000,2.025806,hypothetical_research_only
ludington_mi,yellow_perch,37,2025-09-13,14,2.032258,0.975000,2.064516,hypothetical_research_only
ludington_mi,yellow_perch,37,2025-09-13,18,2.032258,1.000000,2.083871,hypothetical_research_only
ludington_mi,yellow_perch,37,2025-09-13,22,2.032258,0.950000,2.045161,hypothetical_research_only
ludington_mi,yellow_perch,37,2025-09-13,26,2.032258,0.716667,1.864516,hypothetical_research_only
ludington_mi,yellow_perch,37,2025-09-13,30,2.032258,0.350000,1.580645,hypothetical_research_only
ludington_mi,yellow_perch,38,2025-09-20,2,1.916667,0.725000,1.773438,hypothetical_research_only
ludington_mi,yellow_perch,38,2025-09-20,6,1.916667,0.850000,1.859375,hypothetical_research_only
ludington_mi,yellow_perch,38,2025-09-20,10,1.916667,0.925000,1.910938,hypothetical_research_only
ludington_mi,yellow_perch,38,2025-09-20,14,1.916667,0.975000,1.945313,hypothetical_research_only
ludington_mi,yellow_perch,38,2025-09-20,18,1.916667,1.000000,1.962500,hypothetical_research_only
ludington_mi,yellow_perch,38,2025-09-20,22,1.916667,0.950000,1.928125,hypothetical_research_only
ludington_mi,yellow_perch,38,2025-09-20,26,1.916667,0.716667,1.767708,hypothetical_research_only
ludington_mi,yellow_perch,38,2025-09-20,30,1.916667,0.350000,1.515625,hypothetical_research_only
ludington_mi,yellow_perch,39,2025-09-27,2,1.800000,0.725000,1.675000,hypothetical_research_only
ludington_mi,yellow_perch,39,2025-09-27,6,1.800000,0.850000,1.750000,hypothetical_research_only
ludington_mi,yellow_perch,39,2025-09-27,10,1.800000,0.925000,1.795000,hypothetical_research_only
ludington_mi,yellow_perch,39,2025-09-27,14,1.800000,0.975000,1.825000,hypothetical_research_only
ludington_mi,yellow_perch,39,2025-09-27,18,1.800000,1.000000,1.840000,hypothetical_research_only
ludington_mi,yellow_perch,39,2025-09-27,22,1.800000,0.950000,1.810000,hypothetical_research_only
ludington_mi,yellow_perch,39,2025-09-27,26,1.800000,0.716667,1.670000,hypothetical_research_only
ludington_mi,yellow_perch,39,2025-09-27,30,1.800000,0.350000,1.450000,hypothetical_research_only
ludington_mi,yellow_perch,40,2025-10-04,2,1.683333,0.725000,1.576563,hypothetical_research_only
ludington_mi,yellow_perch,40,2025-10-04,6,1.683333,0.850000,1.640625,hypothetical_research_only
ludington_mi,yellow_perch,40,2025-10-04,10,1.683333,0.925000,1.679063,hypothetical_research_only
ludington_mi,yellow_perch,40,2025-10-04,14,1.683333,0.975000,1.704687,hypothetical_research_only
ludington_mi,yellow_perch,40,2025-10-04,18,1.683333,1.000000,1.717500,hypothetical_research_only
ludington_mi,yellow_perch,40,2025-10-04,22,1.683333,0.950000,1.691875,hypothetical_research_only
ludington_mi,yellow_perch,40,2025-10-04,26,1.683333,0.716667,1.572292,hypothetical_research_only
ludington_mi,yellow_perch,40,2025-10-04,30,1.683333,0.350000,1.384375,hypothetical_research_only
ludington_mi,yellow_perch,41,2025-10-11,2,1.566667,0.725000,1.478125,hypothetical_research_only
ludington_mi,yellow_perch,41,2025-10-11,6,1.566667,0.850000,1.531250,hypothetical_research_only
ludington_mi,yellow_perch,41,2025-10-11,10,1.566667,0.925000,1.563125,hypothetical_research_only
ludington_mi,yellow_perch,41,2025-10-11,14,1.566667,0.975000,1.584375,hypothetical_research_only
ludington_mi,yellow_perch,41,2025-10-11,18,1.566667,1.000000,1.595000,hypothetical_research_only
ludington_mi,yellow_perch,41,2025-10-11,22,1.566667,0.950000,1.573750,hypothetical_research_only
ludington_mi,yellow_perch,41,2025-10-11,26,1.566667,0.716667,1.474583,hypothetical_research_only
ludington_mi,yellow_perch,41,2025-10-11,30,1.566667,0.350000,1.318750,hypothetical_research_only
ludington_mi,yellow_perch,42,2025-10-18,2,1.500000,0.725000,1.421875,hypothetical_research_only
ludington_mi,yellow_perch,42,2025-10-18,6,1.500000,0.850000,1.468750,hypothetical_research_only
ludington_mi,yellow_perch,42,2025-10-18,10,1.500000,0.925000,1.496875,hypothetical_research_only
ludington_mi,yellow_perch,42,2025-10-18,14,1.500000,0.975000,1.515625,hypothetical_research_only
ludington_mi,yellow_perch,42,2025-10-18,18,1.500000,1.000000,1.525000,hypothetical_research_only
ludington_mi,yellow_perch,42,2025-10-18,22,1.500000,0.950000,1.506250,hypothetical_research_only
ludington_mi,yellow_perch,42,2025-10-18,26,1.500000,0.716667,1.418750,hypothetical_research_only
ludington_mi,yellow_perch,42,2025-10-18,30,1.500000,0.350000,1.281250,hypothetical_research_only
ludington_mi,yellow_perch,43,2025-10-25,2,1.500000,0.725000,1.421875,hypothetical_research_only
ludington_mi,yellow_perch,43,2025-10-25,6,1.500000,0.850000,1.468750,hypothetical_research_only
ludington_mi,yellow_perch,43,2025-10-25,10,1.500000,0.925000,1.496875,hypothetical_research_only
ludington_mi,yellow_perch,43,2025-10-25,14,1.500000,0.975000,1.515625,hypothetical_research_only
ludington_mi,yellow_perch,43,2025-10-25,18,1.500000,1.000000,1.525000,hypothetical_research_only
ludington_mi,yellow_perch,43,2025-10-25,22,1.500000,0.950000,1.506250,hypothetical_research_only
ludington_mi,yellow_perch,43,2025-10-25,26,1.500000,0.716667,1.418750,hypothetical_research_only
ludington_mi,yellow_perch,43,2025-10-25,30,1.500000,0.350000,1.281250,hypothetical_research_only
ludington_mi,yellow_perch,44,2025-11-01,2,1.500000,0.725000,1.421875,hypothetical_research_only
ludington_mi,yellow_perch,44,2025-11-01,6,1.500000,0.850000,1.468750,hypothetical_research_only
ludington_mi,yellow_perch,44,2025-11-01,10,1.500000,0.925000,1.496875,hypothetical_research_only
ludington_mi,yellow_perch,44,2025-11-01,14,1.500000,0.975000,1.515625,hypothetical_research_only
ludington_mi,yellow_perch,44,2025-11-01,18,1.500000,1.000000,1.525000,hypothetical_research_only
ludington_mi,yellow_perch,44,2025-11-01,22,1.500000,0.950000,1.506250,hypothetical_research_only
ludington_mi,yellow_perch,44,2025-11-01,26,1.500000,0.716667,1.418750,hypothetical_research_only
ludington_mi,yellow_perch,44,2025-11-01,30,1.500000,0.350000,1.281250,hypothetical_research_only
ludington_mi,yellow_perch,45,2025-11-08,2,1.500000,0.725000,1.421875,hypothetical_research_only
ludington_mi,yellow_perch,45,2025-11-08,6,1.500000,0.850000,1.468750,hypothetical_research_only
ludington_mi,yellow_perch,45,2025-11-08,10,1.500000,0.925000,1.496875,hypothetical_research_only
ludington_mi,yellow_perch,45,2025-11-08,14,1.500000,0.975000,1.515625,hypothetical_research_only
ludington_mi,yellow_perch,45,2025-11-08,18,1.500000,1.000000,1.525000,hypothetical_research_only
ludington_mi,yellow_perch,45,2025-11-08,22,1.500000,0.950000,1.506250,hypothetical_research_only
ludington_mi,yellow_perch,45,2025-11-08,26,1.500000,0.716667,1.418750,hypothetical_research_only
ludington_mi,yellow_perch,45,2025-11-08,30,1.500000,0.350000,1.281250,hypothetical_research_only
ludington_mi,yellow_perch,46,2025-11-15,2,1.500000,0.725000,1.421875,hypothetical_research_only
ludington_mi,yellow_perch,46,2025-11-15,6,1.500000,0.850000,1.468750,hypothetical_research_only
ludington_mi,yellow_perch,46,2025-11-15,10,1.500000,0.925000,1.496875,hypothetical_research_only
ludington_mi,yellow_perch,46,2025-11-15,14,1.500000,0.975000,1.515625,hypothetical_research_only
ludington_mi,yellow_perch,46,2025-11-15,18,1.500000,1.000000,1.525000,hypothetical_research_only
ludington_mi,yellow_perch,46,2025-11-15,22,1.500000,0.950000,1.506250,hypothetical_research_only
ludington_mi,yellow_perch,46,2025-11-15,26,1.500000,0.716667,1.418750,hypothetical_research_only
ludington_mi,yellow_perch,46,2025-11-15,30,1.500000,0.350000,1.281250,hypothetical_research_only
ludington_mi,yellow_perch,47,2025-11-22,2,1.500000,0.725000,1.421875,hypothetical_research_only
ludington_mi,yellow_perch,47,2025-11-22,6,1.500000,0.850000,1.468750,hypothetical_research_only
ludington_mi,yellow_perch,47,2025-11-22,10,1.500000,0.925000,1.496875,hypothetical_research_only
ludington_mi,yellow_perch,47,2025-11-22,14,1.500000,0.975000,1.515625,hypothetical_research_only
ludington_mi,yellow_perch,47,2025-11-22,18,1.500000,1.000000,1.525000,hypothetical_research_only
ludington_mi,yellow_perch,47,2025-11-22,22,1.500000,0.950000,1.506250,hypothetical_research_only
ludington_mi,yellow_perch,47,2025-11-22,26,1.500000,0.716667,1.418750,hypothetical_research_only
ludington_mi,yellow_perch,47,2025-11-22,30,1.500000,0.350000,1.281250,hypothetical_research_only
ludington_mi,yellow_perch,48,2025-11-29,2,1.500000,0.725000,1.421875,hypothetical_research_only
ludington_mi,yellow_perch,48,2025-11-29,6,1.500000,0.850000,1.468750,hypothetical_research_only
ludington_mi,yellow_perch,48,2025-11-29,10,1.500000,0.925000,1.496875,hypothetical_research_only
ludington_mi,yellow_perch,48,2025-11-29,14,1.500000,0.975000,1.515625,hypothetical_research_only
ludington_mi,yellow_perch,48,2025-11-29,18,1.500000,1.000000,1.525000,hypothetical_research_only
ludington_mi,yellow_perch,48,2025-11-29,22,1.500000,0.950000,1.506250,hypothetical_research_only
ludington_mi,yellow_perch,48,2025-11-29,26,1.500000,0.716667,1.418750,hypothetical_research_only
ludington_mi,yellow_perch,48,2025-11-29,30,1.500000,0.350000,1.281250,hypothetical_research_only
ludington_mi,yellow_perch,49,2025-12-06,2,1.500000,0.725000,1.421875,hypothetical_research_only
ludington_mi,yellow_perch,49,2025-12-06,6,1.500000,0.850000,1.468750,hypothetical_research_only
ludington_mi,yellow_perch,49,2025-12-06,10,1.500000,0.925000,1.496875,hypothetical_research_only
ludington_mi,yellow_perch,49,2025-12-06,14,1.500000,0.975000,1.515625,hypothetical_research_only
ludington_mi,yellow_perch,49,2025-12-06,18,1.500000,1.000000,1.525000,hypothetical_research_only
ludington_mi,yellow_perch,49,2025-12-06,22,1.500000,0.950000,1.506250,hypothetical_research_only
ludington_mi,yellow_perch,49,2025-12-06,26,1.500000,0.716667,1.418750,hypothetical_research_only
ludington_mi,yellow_perch,49,2025-12-06,30,1.500000,0.350000,1.281250,hypothetical_research_only
ludington_mi,yellow_perch,50,2025-12-13,2,1.500000,0.725000,1.421875,hypothetical_research_only
ludington_mi,yellow_perch,50,2025-12-13,6,1.500000,0.850000,1.468750,hypothetical_research_only
ludington_mi,yellow_perch,50,2025-12-13,10,1.500000,0.925000,1.496875,hypothetical_research_only
ludington_mi,yellow_perch,50,2025-12-13,14,1.500000,0.975000,1.515625,hypothetical_research_only
ludington_mi,yellow_perch,50,2025-12-13,18,1.500000,1.000000,1.525000,hypothetical_research_only
ludington_mi,yellow_perch,50,2025-12-13,22,1.500000,0.950000,1.506250,hypothetical_research_only
ludington_mi,yellow_perch,50,2025-12-13,26,1.500000,0.716667,1.418750,hypothetical_research_only
ludington_mi,yellow_perch,50,2025-12-13,30,1.500000,0.350000,1.281250,hypothetical_research_only
ludington_mi,yellow_perch,51,2025-12-20,2,1.500000,0.725000,1.421875,hypothetical_research_only
ludington_mi,yellow_perch,51,2025-12-20,6,1.500000,0.850000,1.468750,hypothetical_research_only
ludington_mi,yellow_perch,51,2025-12-20,10,1.500000,0.925000,1.496875,hypothetical_research_only
ludington_mi,yellow_perch,51,2025-12-20,14,1.500000,0.975000,1.515625,hypothetical_research_only
ludington_mi,yellow_perch,51,2025-12-20,18,1.500000,1.000000,1.525000,hypothetical_research_only
ludington_mi,yellow_perch,51,2025-12-20,22,1.500000,0.950000,1.506250,hypothetical_research_only
ludington_mi,yellow_perch,51,2025-12-20,26,1.500000,0.716667,1.418750,hypothetical_research_only
ludington_mi,yellow_perch,51,2025-12-20,30,1.500000,0.350000,1.281250,hypothetical_research_only
ludington_mi,yellow_perch,52,2025-12-27,2,1.500000,0.725000,1.421875,hypothetical_research_only
ludington_mi,yellow_perch,52,2025-12-27,6,1.500000,0.850000,1.468750,hypothetical_research_only
ludington_mi,yellow_perch,52,2025-12-27,10,1.500000,0.925000,1.496875,hypothetical_research_only
ludington_mi,yellow_perch,52,2025-12-27,14,1.500000,0.975000,1.515625,hypothetical_research_only
ludington_mi,yellow_perch,52,2025-12-27,18,1.500000,1.000000,1.525000,hypothetical_research_only
ludington_mi,yellow_perch,52,2025-12-27,22,1.500000,0.950000,1.506250,hypothetical_research_only
ludington_mi,yellow_perch,52,2025-12-27,26,1.500000,0.716667,1.418750,hypothetical_research_only
ludington_mi,yellow_perch,52,2025-12-27,30,1.500000,0.350000,1.281250,hypothetical_research_only
grand_haven_mi,smallmouth_bass,1,2025-01-04,2,1.500000,0.400000,1.300000,hypothetical_research_only
grand_haven_mi,smallmouth_bass,1,2025-01-04,6,1.500000,0.525000,1.346875,hypothetical_research_only
grand_haven_mi,smallmouth_bass,1,2025-01-04,10,1.500000,0.675000,1.403125,hypothetical_research_only
grand_haven_mi,smallmouth_bass,1,2025-01-04,14,1.500000,0.825000,1.459375,hypothetical_research_only
grand_haven_mi,smallmouth_bass,1,2025-01-04,18,1.500000,0.950000,1.506250,hypothetical_research_only
grand_haven_mi,smallmouth_bass,1,2025-01-04,22,1.500000,1.000000,1.525000,hypothetical_research_only
grand_haven_mi,smallmouth_bass,1,2025-01-04,26,1.500000,1.000000,1.525000,hypothetical_research_only
grand_haven_mi,smallmouth_bass,1,2025-01-04,30,1.500000,0.766667,1.437500,hypothetical_research_only
grand_haven_mi,smallmouth_bass,2,2025-01-11,2,1.500000,0.400000,1.300000,hypothetical_research_only
grand_haven_mi,smallmouth_bass,2,2025-01-11,6,1.500000,0.525000,1.346875,hypothetical_research_only
grand_haven_mi,smallmouth_bass,2,2025-01-11,10,1.500000,0.675000,1.403125,hypothetical_research_only
grand_haven_mi,smallmouth_bass,2,2025-01-11,14,1.500000,0.825000,1.459375,hypothetical_research_only
grand_haven_mi,smallmouth_bass,2,2025-01-11,18,1.500000,0.950000,1.506250,hypothetical_research_only
grand_haven_mi,smallmouth_bass,2,2025-01-11,22,1.500000,1.000000,1.525000,hypothetical_research_only
grand_haven_mi,smallmouth_bass,2,2025-01-11,26,1.500000,1.000000,1.525000,hypothetical_research_only
grand_haven_mi,smallmouth_bass,2,2025-01-11,30,1.500000,0.766667,1.437500,hypothetical_research_only
grand_haven_mi,smallmouth_bass,3,2025-01-18,2,1.500000,0.400000,1.300000,hypothetical_research_only
grand_haven_mi,smallmouth_bass,3,2025-01-18,6,1.500000,0.525000,1.346875,hypothetical_research_only
grand_haven_mi,smallmouth_bass,3,2025-01-18,10,1.500000,0.675000,1.403125,hypothetical_research_only
grand_haven_mi,smallmouth_bass,3,2025-01-18,14,1.500000,0.825000,1.459375,hypothetical_research_only
grand_haven_mi,smallmouth_bass,3,2025-01-18,18,1.500000,0.950000,1.506250,hypothetical_research_only
grand_haven_mi,smallmouth_bass,3,2025-01-18,22,1.500000,1.000000,1.525000,hypothetical_research_only
grand_haven_mi,smallmouth_bass,3,2025-01-18,26,1.500000,1.000000,1.525000,hypothetical_research_only
grand_haven_mi,smallmouth_bass,3,2025-01-18,30,1.500000,0.766667,1.437500,hypothetical_research_only
grand_haven_mi,smallmouth_bass,4,2025-01-25,2,1.500000,0.400000,1.300000,hypothetical_research_only
grand_haven_mi,smallmouth_bass,4,2025-01-25,6,1.500000,0.525000,1.346875,hypothetical_research_only
grand_haven_mi,smallmouth_bass,4,2025-01-25,10,1.500000,0.675000,1.403125,hypothetical_research_only
grand_haven_mi,smallmouth_bass,4,2025-01-25,14,1.500000,0.825000,1.459375,hypothetical_research_only
grand_haven_mi,smallmouth_bass,4,2025-01-25,18,1.500000,0.950000,1.506250,hypothetical_research_only
grand_haven_mi,smallmouth_bass,4,2025-01-25,22,1.500000,1.000000,1.525000,hypothetical_research_only
grand_haven_mi,smallmouth_bass,4,2025-01-25,26,1.500000,1.000000,1.525000,hypothetical_research_only
grand_haven_mi,smallmouth_bass,4,2025-01-25,30,1.500000,0.766667,1.437500,hypothetical_research_only
grand_haven_mi,smallmouth_bass,5,2025-02-01,2,1.500000,0.400000,1.300000,hypothetical_research_only
grand_haven_mi,smallmouth_bass,5,2025-02-01,6,1.500000,0.525000,1.346875,hypothetical_research_only
grand_haven_mi,smallmouth_bass,5,2025-02-01,10,1.500000,0.675000,1.403125,hypothetical_research_only
grand_haven_mi,smallmouth_bass,5,2025-02-01,14,1.500000,0.825000,1.459375,hypothetical_research_only
grand_haven_mi,smallmouth_bass,5,2025-02-01,18,1.500000,0.950000,1.506250,hypothetical_research_only
grand_haven_mi,smallmouth_bass,5,2025-02-01,22,1.500000,1.000000,1.525000,hypothetical_research_only
grand_haven_mi,smallmouth_bass,5,2025-02-01,26,1.500000,1.000000,1.525000,hypothetical_research_only
grand_haven_mi,smallmouth_bass,5,2025-02-01,30,1.500000,0.766667,1.437500,hypothetical_research_only
grand_haven_mi,smallmouth_bass,6,2025-02-08,2,1.500000,0.400000,1.300000,hypothetical_research_only
grand_haven_mi,smallmouth_bass,6,2025-02-08,6,1.500000,0.525000,1.346875,hypothetical_research_only
grand_haven_mi,smallmouth_bass,6,2025-02-08,10,1.500000,0.675000,1.403125,hypothetical_research_only
grand_haven_mi,smallmouth_bass,6,2025-02-08,14,1.500000,0.825000,1.459375,hypothetical_research_only
grand_haven_mi,smallmouth_bass,6,2025-02-08,18,1.500000,0.950000,1.506250,hypothetical_research_only
grand_haven_mi,smallmouth_bass,6,2025-02-08,22,1.500000,1.000000,1.525000,hypothetical_research_only
grand_haven_mi,smallmouth_bass,6,2025-02-08,26,1.500000,1.000000,1.525000,hypothetical_research_only
grand_haven_mi,smallmouth_bass,6,2025-02-08,30,1.500000,0.766667,1.437500,hypothetical_research_only
grand_haven_mi,smallmouth_bass,7,2025-02-15,2,1.500000,0.400000,1.300000,hypothetical_research_only
grand_haven_mi,smallmouth_bass,7,2025-02-15,6,1.500000,0.525000,1.346875,hypothetical_research_only
grand_haven_mi,smallmouth_bass,7,2025-02-15,10,1.500000,0.675000,1.403125,hypothetical_research_only
grand_haven_mi,smallmouth_bass,7,2025-02-15,14,1.500000,0.825000,1.459375,hypothetical_research_only
grand_haven_mi,smallmouth_bass,7,2025-02-15,18,1.500000,0.950000,1.506250,hypothetical_research_only
grand_haven_mi,smallmouth_bass,7,2025-02-15,22,1.500000,1.000000,1.525000,hypothetical_research_only
grand_haven_mi,smallmouth_bass,7,2025-02-15,26,1.500000,1.000000,1.525000,hypothetical_research_only
grand_haven_mi,smallmouth_bass,7,2025-02-15,30,1.500000,0.766667,1.437500,hypothetical_research_only
grand_haven_mi,smallmouth_bass,8,2025-02-22,2,1.500000,0.400000,1.300000,hypothetical_research_only
grand_haven_mi,smallmouth_bass,8,2025-02-22,6,1.500000,0.525000,1.346875,hypothetical_research_only
grand_haven_mi,smallmouth_bass,8,2025-02-22,10,1.500000,0.675000,1.403125,hypothetical_research_only
grand_haven_mi,smallmouth_bass,8,2025-02-22,14,1.500000,0.825000,1.459375,hypothetical_research_only
grand_haven_mi,smallmouth_bass,8,2025-02-22,18,1.500000,0.950000,1.506250,hypothetical_research_only
grand_haven_mi,smallmouth_bass,8,2025-02-22,22,1.500000,1.000000,1.525000,hypothetical_research_only
grand_haven_mi,smallmouth_bass,8,2025-02-22,26,1.500000,1.000000,1.525000,hypothetical_research_only
grand_haven_mi,smallmouth_bass,8,2025-02-22,30,1.500000,0.766667,1.437500,hypothetical_research_only
grand_haven_mi,smallmouth_bass,9,2025-03-01,2,1.500000,0.400000,1.300000,hypothetical_research_only
grand_haven_mi,smallmouth_bass,9,2025-03-01,6,1.500000,0.525000,1.346875,hypothetical_research_only
grand_haven_mi,smallmouth_bass,9,2025-03-01,10,1.500000,0.675000,1.403125,hypothetical_research_only
grand_haven_mi,smallmouth_bass,9,2025-03-01,14,1.500000,0.825000,1.459375,hypothetical_research_only
grand_haven_mi,smallmouth_bass,9,2025-03-01,18,1.500000,0.950000,1.506250,hypothetical_research_only
grand_haven_mi,smallmouth_bass,9,2025-03-01,22,1.500000,1.000000,1.525000,hypothetical_research_only
grand_haven_mi,smallmouth_bass,9,2025-03-01,26,1.500000,1.000000,1.525000,hypothetical_research_only
grand_haven_mi,smallmouth_bass,9,2025-03-01,30,1.500000,0.766667,1.437500,hypothetical_research_only
grand_haven_mi,smallmouth_bass,10,2025-03-08,2,1.500000,0.400000,1.300000,hypothetical_research_only
grand_haven_mi,smallmouth_bass,10,2025-03-08,6,1.500000,0.525000,1.346875,hypothetical_research_only
grand_haven_mi,smallmouth_bass,10,2025-03-08,10,1.500000,0.675000,1.403125,hypothetical_research_only
grand_haven_mi,smallmouth_bass,10,2025-03-08,14,1.500000,0.825000,1.459375,hypothetical_research_only
grand_haven_mi,smallmouth_bass,10,2025-03-08,18,1.500000,0.950000,1.506250,hypothetical_research_only
grand_haven_mi,smallmouth_bass,10,2025-03-08,22,1.500000,1.000000,1.525000,hypothetical_research_only
grand_haven_mi,smallmouth_bass,10,2025-03-08,26,1.500000,1.000000,1.525000,hypothetical_research_only
grand_haven_mi,smallmouth_bass,10,2025-03-08,30,1.500000,0.766667,1.437500,hypothetical_research_only
grand_haven_mi,smallmouth_bass,11,2025-03-15,2,1.500000,0.400000,1.300000,hypothetical_research_only
grand_haven_mi,smallmouth_bass,11,2025-03-15,6,1.500000,0.525000,1.346875,hypothetical_research_only
grand_haven_mi,smallmouth_bass,11,2025-03-15,10,1.500000,0.675000,1.403125,hypothetical_research_only
grand_haven_mi,smallmouth_bass,11,2025-03-15,14,1.500000,0.825000,1.459375,hypothetical_research_only
grand_haven_mi,smallmouth_bass,11,2025-03-15,18,1.500000,0.950000,1.506250,hypothetical_research_only
grand_haven_mi,smallmouth_bass,11,2025-03-15,22,1.500000,1.000000,1.525000,hypothetical_research_only
grand_haven_mi,smallmouth_bass,11,2025-03-15,26,1.500000,1.000000,1.525000,hypothetical_research_only
grand_haven_mi,smallmouth_bass,11,2025-03-15,30,1.500000,0.766667,1.437500,hypothetical_research_only
grand_haven_mi,smallmouth_bass,12,2025-03-22,2,1.612903,0.400000,1.367742,hypothetical_research_only
grand_haven_mi,smallmouth_bass,12,2025-03-22,6,1.612903,0.525000,1.425202,hypothetical_research_only
grand_haven_mi,smallmouth_bass,12,2025-03-22,10,1.612903,0.675000,1.494153,hypothetical_research_only
grand_haven_mi,smallmouth_bass,12,2025-03-22,14,1.612903,0.825000,1.563105,hypothetical_research_only
grand_haven_mi,smallmouth_bass,12,2025-03-22,18,1.612903,0.950000,1.620565,hypothetical_research_only
grand_haven_mi,smallmouth_bass,12,2025-03-22,22,1.612903,1.000000,1.643548,hypothetical_research_only
grand_haven_mi,smallmouth_bass,12,2025-03-22,26,1.612903,1.000000,1.643548,hypothetical_research_only
grand_haven_mi,smallmouth_bass,12,2025-03-22,30,1.612903,0.766667,1.536290,hypothetical_research_only
grand_haven_mi,smallmouth_bass,13,2025-03-29,2,1.725806,0.400000,1.435484,hypothetical_research_only
grand_haven_mi,smallmouth_bass,13,2025-03-29,6,1.725806,0.525000,1.503528,hypothetical_research_only
grand_haven_mi,smallmouth_bass,13,2025-03-29,10,1.725806,0.675000,1.585181,hypothetical_research_only
grand_haven_mi,smallmouth_bass,13,2025-03-29,14,1.725806,0.825000,1.666835,hypothetical_research_only
grand_haven_mi,smallmouth_bass,13,2025-03-29,18,1.725806,0.950000,1.734879,hypothetical_research_only
grand_haven_mi,smallmouth_bass,13,2025-03-29,22,1.725806,1.000000,1.762097,hypothetical_research_only
grand_haven_mi,smallmouth_bass,13,2025-03-29,26,1.725806,1.000000,1.762097,hypothetical_research_only
grand_haven_mi,smallmouth_bass,13,2025-03-29,30,1.725806,0.766667,1.635081,hypothetical_research_only
grand_haven_mi,smallmouth_bass,14,2025-04-05,2,1.838710,0.400000,1.503226,hypothetical_research_only
grand_haven_mi,smallmouth_bass,14,2025-04-05,6,1.838710,0.525000,1.581855,hypothetical_research_only
grand_haven_mi,smallmouth_bass,14,2025-04-05,10,1.838710,0.675000,1.676210,hypothetical_research_only
grand_haven_mi,smallmouth_bass,14,2025-04-05,14,1.838710,0.825000,1.770565,hypothetical_research_only
grand_haven_mi,smallmouth_bass,14,2025-04-05,18,1.838710,0.950000,1.849194,hypothetical_research_only
grand_haven_mi,smallmouth_bass,14,2025-04-05,22,1.838710,1.000000,1.880645,hypothetical_research_only
grand_haven_mi,smallmouth_bass,14,2025-04-05,26,1.838710,1.000000,1.880645,hypothetical_research_only
grand_haven_mi,smallmouth_bass,14,2025-04-05,30,1.838710,0.766667,1.733871,hypothetical_research_only
grand_haven_mi,smallmouth_bass,15,2025-04-12,2,1.951613,0.400000,1.570968,hypothetical_research_only
grand_haven_mi,smallmouth_bass,15,2025-04-12,6,1.951613,0.525000,1.660181,hypothetical_research_only
grand_haven_mi,smallmouth_bass,15,2025-04-12,10,1.951613,0.675000,1.767238,hypothetical_research_only
grand_haven_mi,smallmouth_bass,15,2025-04-12,14,1.951613,0.825000,1.874294,hypothetical_research_only
grand_haven_mi,smallmouth_bass,15,2025-04-12,18,1.951613,0.950000,1.963508,hypothetical_research_only
grand_haven_mi,smallmouth_bass,15,2025-04-12,22,1.951613,1.000000,1.999194,hypothetical_research_only
grand_haven_mi,smallmouth_bass,15,2025-04-12,26,1.951613,1.000000,1.999194,hypothetical_research_only
grand_haven_mi,smallmouth_bass,15,2025-04-12,30,1.951613,0.766667,1.832661,hypothetical_research_only
grand_haven_mi,smallmouth_bass,16,2025-04-19,2,2.066667,0.400000,1.640000,hypothetical_research_only
grand_haven_mi,smallmouth_bass,16,2025-04-19,6,2.066667,0.525000,1.740000,hypothetical_research_only
grand_haven_mi,smallmouth_bass,16,2025-04-19,10,2.066667,0.675000,1.860000,hypothetical_research_only
grand_haven_mi,smallmouth_bass,16,2025-04-19,14,2.066667,0.825000,1.980000,hypothetical_research_only
grand_haven_mi,smallmouth_bass,16,2025-04-19,18,2.066667,0.950000,2.080000,hypothetical_research_only
grand_haven_mi,smallmouth_bass,16,2025-04-19,22,2.066667,1.000000,2.120000,hypothetical_research_only
grand_haven_mi,smallmouth_bass,16,2025-04-19,26,2.066667,1.000000,2.120000,hypothetical_research_only
grand_haven_mi,smallmouth_bass,16,2025-04-19,30,2.066667,0.766667,1.933333,hypothetical_research_only
grand_haven_mi,smallmouth_bass,17,2025-04-26,2,2.183333,0.400000,1.710000,hypothetical_research_only
grand_haven_mi,smallmouth_bass,17,2025-04-26,6,2.183333,0.525000,1.820937,hypothetical_research_only
grand_haven_mi,smallmouth_bass,17,2025-04-26,10,2.183333,0.675000,1.954063,hypothetical_research_only
grand_haven_mi,smallmouth_bass,17,2025-04-26,14,2.183333,0.825000,2.087187,hypothetical_research_only
grand_haven_mi,smallmouth_bass,17,2025-04-26,18,2.183333,0.950000,2.198125,hypothetical_research_only
grand_haven_mi,smallmouth_bass,17,2025-04-26,22,2.183333,1.000000,2.242500,hypothetical_research_only
grand_haven_mi,smallmouth_bass,17,2025-04-26,26,2.183333,1.000000,2.242500,hypothetical_research_only
grand_haven_mi,smallmouth_bass,17,2025-04-26,30,2.183333,0.766667,2.035417,hypothetical_research_only
grand_haven_mi,smallmouth_bass,18,2025-05-03,2,2.300000,0.400000,1.780000,hypothetical_research_only
grand_haven_mi,smallmouth_bass,18,2025-05-03,6,2.300000,0.525000,1.901875,hypothetical_research_only
grand_haven_mi,smallmouth_bass,18,2025-05-03,10,2.300000,0.675000,2.048125,hypothetical_research_only
grand_haven_mi,smallmouth_bass,18,2025-05-03,14,2.300000,0.825000,2.194375,hypothetical_research_only
grand_haven_mi,smallmouth_bass,18,2025-05-03,18,2.300000,0.950000,2.316250,hypothetical_research_only
grand_haven_mi,smallmouth_bass,18,2025-05-03,22,2.300000,1.000000,2.365000,hypothetical_research_only
grand_haven_mi,smallmouth_bass,18,2025-05-03,26,2.300000,1.000000,2.365000,hypothetical_research_only
grand_haven_mi,smallmouth_bass,18,2025-05-03,30,2.300000,0.766667,2.137500,hypothetical_research_only
grand_haven_mi,smallmouth_bass,19,2025-05-10,2,2.416667,0.400000,1.850000,hypothetical_research_only
grand_haven_mi,smallmouth_bass,19,2025-05-10,6,2.416667,0.525000,1.982813,hypothetical_research_only
grand_haven_mi,smallmouth_bass,19,2025-05-10,10,2.416667,0.675000,2.142188,hypothetical_research_only
grand_haven_mi,smallmouth_bass,19,2025-05-10,14,2.416667,0.825000,2.301562,hypothetical_research_only
grand_haven_mi,smallmouth_bass,19,2025-05-10,18,2.416667,0.950000,2.434375,hypothetical_research_only
grand_haven_mi,smallmouth_bass,19,2025-05-10,22,2.416667,1.000000,2.487500,hypothetical_research_only
grand_haven_mi,smallmouth_bass,19,2025-05-10,26,2.416667,1.000000,2.487500,hypothetical_research_only
grand_haven_mi,smallmouth_bass,19,2025-05-10,30,2.416667,0.766667,2.239583,hypothetical_research_only
grand_haven_mi,smallmouth_bass,20,2025-05-17,2,2.564516,0.400000,1.938710,hypothetical_research_only
grand_haven_mi,smallmouth_bass,20,2025-05-17,6,2.564516,0.525000,2.085383,hypothetical_research_only
grand_haven_mi,smallmouth_bass,20,2025-05-17,10,2.564516,0.675000,2.261391,hypothetical_research_only
grand_haven_mi,smallmouth_bass,20,2025-05-17,14,2.564516,0.825000,2.437399,hypothetical_research_only
grand_haven_mi,smallmouth_bass,20,2025-05-17,18,2.564516,0.950000,2.584073,hypothetical_research_only
grand_haven_mi,smallmouth_bass,20,2025-05-17,22,2.564516,1.000000,2.642742,hypothetical_research_only
grand_haven_mi,smallmouth_bass,20,2025-05-17,26,2.564516,1.000000,2.642742,hypothetical_research_only
grand_haven_mi,smallmouth_bass,20,2025-05-17,30,2.564516,0.766667,2.368952,hypothetical_research_only
grand_haven_mi,smallmouth_bass,21,2025-05-24,2,2.790323,0.400000,2.074194,hypothetical_research_only
grand_haven_mi,smallmouth_bass,21,2025-05-24,6,2.790323,0.525000,2.242036,hypothetical_research_only
grand_haven_mi,smallmouth_bass,21,2025-05-24,10,2.790323,0.675000,2.443448,hypothetical_research_only
grand_haven_mi,smallmouth_bass,21,2025-05-24,14,2.790323,0.825000,2.644859,hypothetical_research_only
grand_haven_mi,smallmouth_bass,21,2025-05-24,18,2.790323,0.950000,2.812702,hypothetical_research_only
grand_haven_mi,smallmouth_bass,21,2025-05-24,22,2.790323,1.000000,2.879839,hypothetical_research_only
grand_haven_mi,smallmouth_bass,21,2025-05-24,26,2.790323,1.000000,2.879839,hypothetical_research_only
grand_haven_mi,smallmouth_bass,21,2025-05-24,30,2.790323,0.766667,2.566532,hypothetical_research_only
grand_haven_mi,smallmouth_bass,22,2025-05-31,2,3.016129,0.400000,2.209677,hypothetical_research_only
grand_haven_mi,smallmouth_bass,22,2025-05-31,6,3.016129,0.525000,2.398690,hypothetical_research_only
grand_haven_mi,smallmouth_bass,22,2025-05-31,10,3.016129,0.675000,2.625504,hypothetical_research_only
grand_haven_mi,smallmouth_bass,22,2025-05-31,14,3.016129,0.825000,2.852319,hypothetical_research_only
grand_haven_mi,smallmouth_bass,22,2025-05-31,18,3.016129,0.950000,3.041331,hypothetical_research_only
grand_haven_mi,smallmouth_bass,22,2025-05-31,22,3.016129,1.000000,3.116935,hypothetical_research_only
grand_haven_mi,smallmouth_bass,22,2025-05-31,26,3.016129,1.000000,3.116935,hypothetical_research_only
grand_haven_mi,smallmouth_bass,22,2025-05-31,30,3.016129,0.766667,2.764113,hypothetical_research_only
grand_haven_mi,smallmouth_bass,23,2025-06-07,2,3.241935,0.400000,2.345161,hypothetical_research_only
grand_haven_mi,smallmouth_bass,23,2025-06-07,6,3.241935,0.525000,2.555343,hypothetical_research_only
grand_haven_mi,smallmouth_bass,23,2025-06-07,10,3.241935,0.675000,2.807560,hypothetical_research_only
grand_haven_mi,smallmouth_bass,23,2025-06-07,14,3.241935,0.825000,3.059778,hypothetical_research_only
grand_haven_mi,smallmouth_bass,23,2025-06-07,18,3.241935,0.950000,3.269960,hypothetical_research_only
grand_haven_mi,smallmouth_bass,23,2025-06-07,22,3.241935,1.000000,3.354032,hypothetical_research_only
grand_haven_mi,smallmouth_bass,23,2025-06-07,26,3.241935,1.000000,3.354032,hypothetical_research_only
grand_haven_mi,smallmouth_bass,23,2025-06-07,30,3.241935,0.766667,2.961694,hypothetical_research_only
grand_haven_mi,smallmouth_bass,24,2025-06-14,2,3.467742,0.400000,2.480645,hypothetical_research_only
grand_haven_mi,smallmouth_bass,24,2025-06-14,6,3.467742,0.525000,2.711996,hypothetical_research_only
grand_haven_mi,smallmouth_bass,24,2025-06-14,10,3.467742,0.675000,2.989617,hypothetical_research_only
grand_haven_mi,smallmouth_bass,24,2025-06-14,14,3.467742,0.825000,3.267238,hypothetical_research_only
grand_haven_mi,smallmouth_bass,24,2025-06-14,18,3.467742,0.950000,3.498589,hypothetical_research_only
grand_haven_mi,smallmouth_bass,24,2025-06-14,22,3.467742,1.000000,3.591129,hypothetical_research_only
grand_haven_mi,smallmouth_bass,24,2025-06-14,26,3.467742,1.000000,3.591129,hypothetical_research_only
grand_haven_mi,smallmouth_bass,24,2025-06-14,30,3.467742,0.766667,3.159274,hypothetical_research_only
grand_haven_mi,smallmouth_bass,25,2025-06-21,2,3.600000,0.400000,2.560000,hypothetical_research_only
grand_haven_mi,smallmouth_bass,25,2025-06-21,6,3.600000,0.525000,2.803750,hypothetical_research_only
grand_haven_mi,smallmouth_bass,25,2025-06-21,10,3.600000,0.675000,3.096250,hypothetical_research_only
grand_haven_mi,smallmouth_bass,25,2025-06-21,14,3.600000,0.825000,3.388750,hypothetical_research_only
grand_haven_mi,smallmouth_bass,25,2025-06-21,18,3.600000,0.950000,3.632500,hypothetical_research_only
grand_haven_mi,smallmouth_bass,25,2025-06-21,22,3.600000,1.000000,3.730000,hypothetical_research_only
grand_haven_mi,smallmouth_bass,25,2025-06-21,26,3.600000,1.000000,3.730000,hypothetical_research_only
grand_haven_mi,smallmouth_bass,25,2025-06-21,30,3.600000,0.766667,3.275000,hypothetical_research_only
grand_haven_mi,smallmouth_bass,26,2025-06-28,2,3.716667,0.400000,2.630000,hypothetical_research_only
grand_haven_mi,smallmouth_bass,26,2025-06-28,6,3.716667,0.525000,2.884688,hypothetical_research_only
grand_haven_mi,smallmouth_bass,26,2025-06-28,10,3.716667,0.675000,3.190313,hypothetical_research_only
grand_haven_mi,smallmouth_bass,26,2025-06-28,14,3.716667,0.825000,3.495938,hypothetical_research_only
grand_haven_mi,smallmouth_bass,26,2025-06-28,18,3.716667,0.950000,3.750625,hypothetical_research_only
grand_haven_mi,smallmouth_bass,26,2025-06-28,22,3.716667,1.000000,3.852500,hypothetical_research_only
grand_haven_mi,smallmouth_bass,26,2025-06-28,26,3.716667,1.000000,3.852500,hypothetical_research_only
grand_haven_mi,smallmouth_bass,26,2025-06-28,30,3.716667,0.766667,3.377083,hypothetical_research_only
grand_haven_mi,smallmouth_bass,27,2025-07-05,2,3.833333,0.400000,2.700000,hypothetical_research_only
grand_haven_mi,smallmouth_bass,27,2025-07-05,6,3.833333,0.525000,2.965625,hypothetical_research_only
grand_haven_mi,smallmouth_bass,27,2025-07-05,10,3.833333,0.675000,3.284375,hypothetical_research_only
grand_haven_mi,smallmouth_bass,27,2025-07-05,14,3.833333,0.825000,3.603125,hypothetical_research_only
grand_haven_mi,smallmouth_bass,27,2025-07-05,18,3.833333,0.950000,3.868750,hypothetical_research_only
grand_haven_mi,smallmouth_bass,27,2025-07-05,22,3.833333,1.000000,3.975000,hypothetical_research_only
grand_haven_mi,smallmouth_bass,27,2025-07-05,26,3.833333,1.000000,3.975000,hypothetical_research_only
grand_haven_mi,smallmouth_bass,27,2025-07-05,30,3.833333,0.766667,3.479167,hypothetical_research_only
grand_haven_mi,smallmouth_bass,28,2025-07-12,2,3.950000,0.400000,2.770000,hypothetical_research_only
grand_haven_mi,smallmouth_bass,28,2025-07-12,6,3.950000,0.525000,3.046563,hypothetical_research_only
grand_haven_mi,smallmouth_bass,28,2025-07-12,10,3.950000,0.675000,3.378438,hypothetical_research_only
grand_haven_mi,smallmouth_bass,28,2025-07-12,14,3.950000,0.825000,3.710313,hypothetical_research_only
grand_haven_mi,smallmouth_bass,28,2025-07-12,18,3.950000,0.950000,3.986875,hypothetical_research_only
grand_haven_mi,smallmouth_bass,28,2025-07-12,22,3.950000,1.000000,4.097500,hypothetical_research_only
grand_haven_mi,smallmouth_bass,28,2025-07-12,26,3.950000,1.000000,4.097500,hypothetical_research_only
grand_haven_mi,smallmouth_bass,28,2025-07-12,30,3.950000,0.766667,3.581250,hypothetical_research_only
grand_haven_mi,smallmouth_bass,29,2025-07-19,2,4.129032,0.400000,2.877419,hypothetical_research_only
grand_haven_mi,smallmouth_bass,29,2025-07-19,6,4.129032,0.525000,3.170766,hypothetical_research_only
grand_haven_mi,smallmouth_bass,29,2025-07-19,10,4.129032,0.675000,3.522782,hypothetical_research_only
grand_haven_mi,smallmouth_bass,29,2025-07-19,14,4.129032,0.825000,3.874798,hypothetical_research_only
grand_haven_mi,smallmouth_bass,29,2025-07-19,18,4.129032,0.950000,4.168145,hypothetical_research_only
grand_haven_mi,smallmouth_bass,29,2025-07-19,22,4.129032,1.000000,4.285484,hypothetical_research_only
grand_haven_mi,smallmouth_bass,29,2025-07-19,26,4.129032,1.000000,4.285484,hypothetical_research_only
grand_haven_mi,smallmouth_bass,29,2025-07-19,30,4.129032,0.766667,3.737903,hypothetical_research_only
grand_haven_mi,smallmouth_bass,30,2025-07-26,2,4.354839,0.400000,3.012903,hypothetical_research_only
grand_haven_mi,smallmouth_bass,30,2025-07-26,6,4.354839,0.525000,3.327419,hypothetical_research_only
grand_haven_mi,smallmouth_bass,30,2025-07-26,10,4.354839,0.675000,3.704839,hypothetical_research_only
grand_haven_mi,smallmouth_bass,30,2025-07-26,14,4.354839,0.825000,4.082258,hypothetical_research_only
grand_haven_mi,smallmouth_bass,30,2025-07-26,18,4.354839,0.950000,4.396774,hypothetical_research_only
grand_haven_mi,smallmouth_bass,30,2025-07-26,22,4.354839,1.000000,4.522581,hypothetical_research_only
grand_haven_mi,smallmouth_bass,30,2025-07-26,26,4.354839,1.000000,4.522581,hypothetical_research_only
grand_haven_mi,smallmouth_bass,30,2025-07-26,30,4.354839,0.766667,3.935484,hypothetical_research_only
grand_haven_mi,smallmouth_bass,31,2025-08-02,2,4.580645,0.400000,3.148387,hypothetical_research_only
grand_haven_mi,smallmouth_bass,31,2025-08-02,6,4.580645,0.525000,3.484073,hypothetical_research_only
grand_haven_mi,smallmouth_bass,31,2025-08-02,10,4.580645,0.675000,3.886895,hypothetical_research_only
grand_haven_mi,smallmouth_bass,31,2025-08-02,14,4.580645,0.825000,4.289718,hypothetical_research_only
grand_haven_mi,smallmouth_bass,31,2025-08-02,18,4.580645,0.950000,4.625403,hypothetical_research_only
grand_haven_mi,smallmouth_bass,31,2025-08-02,22,4.580645,1.000000,4.759677,hypothetical_research_only
grand_haven_mi,smallmouth_bass,31,2025-08-02,26,4.580645,1.000000,4.759677,hypothetical_research_only
grand_haven_mi,smallmouth_bass,31,2025-08-02,30,4.580645,0.766667,4.133065,hypothetical_research_only
grand_haven_mi,smallmouth_bass,32,2025-08-09,2,4.806452,0.400000,3.283871,hypothetical_research_only
grand_haven_mi,smallmouth_bass,32,2025-08-09,6,4.806452,0.525000,3.640726,hypothetical_research_only
grand_haven_mi,smallmouth_bass,32,2025-08-09,10,4.806452,0.675000,4.068952,hypothetical_research_only
grand_haven_mi,smallmouth_bass,32,2025-08-09,14,4.806452,0.825000,4.497177,hypothetical_research_only
grand_haven_mi,smallmouth_bass,32,2025-08-09,18,4.806452,0.950000,4.854032,hypothetical_research_only
grand_haven_mi,smallmouth_bass,32,2025-08-09,22,4.806452,1.000000,4.996774,hypothetical_research_only
grand_haven_mi,smallmouth_bass,32,2025-08-09,26,4.806452,1.000000,4.996774,hypothetical_research_only
grand_haven_mi,smallmouth_bass,32,2025-08-09,30,4.806452,0.766667,4.330645,hypothetical_research_only
grand_haven_mi,smallmouth_bass,33,2025-08-16,2,4.919355,0.400000,3.351613,hypothetical_research_only
grand_haven_mi,smallmouth_bass,33,2025-08-16,6,4.919355,0.525000,3.719052,hypothetical_research_only
grand_haven_mi,smallmouth_bass,33,2025-08-16,10,4.919355,0.675000,4.159980,hypothetical_research_only
grand_haven_mi,smallmouth_bass,33,2025-08-16,14,4.919355,0.825000,4.600907,hypothetical_research_only
grand_haven_mi,smallmouth_bass,33,2025-08-16,18,4.919355,0.950000,4.968347,hypothetical_research_only
grand_haven_mi,smallmouth_bass,33,2025-08-16,22,4.919355,1.000000,5.115323,hypothetical_research_only
grand_haven_mi,smallmouth_bass,33,2025-08-16,26,4.919355,1.000000,5.115323,hypothetical_research_only
grand_haven_mi,smallmouth_bass,33,2025-08-16,30,4.919355,0.766667,4.429435,hypothetical_research_only
grand_haven_mi,smallmouth_bass,34,2025-08-23,2,4.354839,0.400000,3.012903,hypothetical_research_only
grand_haven_mi,smallmouth_bass,34,2025-08-23,6,4.354839,0.525000,3.327419,hypothetical_research_only
grand_haven_mi,smallmouth_bass,34,2025-08-23,10,4.354839,0.675000,3.704839,hypothetical_research_only
grand_haven_mi,smallmouth_bass,34,2025-08-23,14,4.354839,0.825000,4.082258,hypothetical_research_only
grand_haven_mi,smallmouth_bass,34,2025-08-23,18,4.354839,0.950000,4.396774,hypothetical_research_only
grand_haven_mi,smallmouth_bass,34,2025-08-23,22,4.354839,1.000000,4.522581,hypothetical_research_only
grand_haven_mi,smallmouth_bass,34,2025-08-23,26,4.354839,1.000000,4.522581,hypothetical_research_only
grand_haven_mi,smallmouth_bass,34,2025-08-23,30,4.354839,0.766667,3.935484,hypothetical_research_only
grand_haven_mi,smallmouth_bass,35,2025-08-30,2,3.790323,0.400000,2.674194,hypothetical_research_only
grand_haven_mi,smallmouth_bass,35,2025-08-30,6,3.790323,0.525000,2.935786,hypothetical_research_only
grand_haven_mi,smallmouth_bass,35,2025-08-30,10,3.790323,0.675000,3.249698,hypothetical_research_only
grand_haven_mi,smallmouth_bass,35,2025-08-30,14,3.790323,0.825000,3.563609,hypothetical_research_only
grand_haven_mi,smallmouth_bass,35,2025-08-30,18,3.790323,0.950000,3.825202,hypothetical_research_only
grand_haven_mi,smallmouth_bass,35,2025-08-30,22,3.790323,1.000000,3.929839,hypothetical_research_only
grand_haven_mi,smallmouth_bass,35,2025-08-30,26,3.790323,1.000000,3.929839,hypothetical_research_only
grand_haven_mi,smallmouth_bass,35,2025-08-30,30,3.790323,0.766667,3.441532,hypothetical_research_only
grand_haven_mi,smallmouth_bass,36,2025-09-06,2,3.225806,0.400000,2.335484,hypothetical_research_only
grand_haven_mi,smallmouth_bass,36,2025-09-06,6,3.225806,0.525000,2.544153,hypothetical_research_only
grand_haven_mi,smallmouth_bass,36,2025-09-06,10,3.225806,0.675000,2.794556,hypothetical_research_only
grand_haven_mi,smallmouth_bass,36,2025-09-06,14,3.225806,0.825000,3.044960,hypothetical_research_only
grand_haven_mi,smallmouth_bass,36,2025-09-06,18,3.225806,0.950000,3.253629,hypothetical_research_only
grand_haven_mi,smallmouth_bass,36,2025-09-06,22,3.225806,1.000000,3.337097,hypothetical_research_only
grand_haven_mi,smallmouth_bass,36,2025-09-06,26,3.225806,1.000000,3.337097,hypothetical_research_only
grand_haven_mi,smallmouth_bass,36,2025-09-06,30,3.225806,0.766667,2.947581,hypothetical_research_only
grand_haven_mi,smallmouth_bass,37,2025-09-13,2,2.661290,0.400000,1.996774,hypothetical_research_only
grand_haven_mi,smallmouth_bass,37,2025-09-13,6,2.661290,0.525000,2.152520,hypothetical_research_only
grand_haven_mi,smallmouth_bass,37,2025-09-13,10,2.661290,0.675000,2.339415,hypothetical_research_only
grand_haven_mi,smallmouth_bass,37,2025-09-13,14,2.661290,0.825000,2.526310,hypothetical_research_only
grand_haven_mi,smallmouth_bass,37,2025-09-13,18,2.661290,0.950000,2.682056,hypothetical_research_only
grand_haven_mi,smallmouth_bass,37,2025-09-13,22,2.661290,1.000000,2.744355,hypothetical_research_only
grand_haven_mi,smallmouth_bass,37,2025-09-13,26,2.661290,1.000000,2.744355,hypothetical_research_only
grand_haven_mi,smallmouth_bass,37,2025-09-13,30,2.661290,0.766667,2.453629,hypothetical_research_only
grand_haven_mi,smallmouth_bass,38,2025-09-20,2,2.333333,0.400000,1.800000,hypothetical_research_only
grand_haven_mi,smallmouth_bass,38,2025-09-20,6,2.333333,0.525000,1.925000,hypothetical_research_only
grand_haven_mi,smallmouth_bass,38,2025-09-20,10,2.333333,0.675000,2.075000,hypothetical_research_only
grand_haven_mi,smallmouth_bass,38,2025-09-20,14,2.333333,0.825000,2.225000,hypothetical_research_only
grand_haven_mi,smallmouth_bass,38,2025-09-20,18,2.333333,0.950000,2.350000,hypothetical_research_only
grand_haven_mi,smallmouth_bass,38,2025-09-20,22,2.333333,1.000000,2.400000,hypothetical_research_only
grand_haven_mi,smallmouth_bass,38,2025-09-20,26,2.333333,1.000000,2.400000,hypothetical_research_only
grand_haven_mi,smallmouth_bass,38,2025-09-20,30,2.333333,0.766667,2.166667,hypothetical_research_only
grand_haven_mi,smallmouth_bass,39,2025-09-27,2,2.100000,0.400000,1.660000,hypothetical_research_only
grand_haven_mi,smallmouth_bass,39,2025-09-27,6,2.100000,0.525000,1.763125,hypothetical_research_only
grand_haven_mi,smallmouth_bass,39,2025-09-27,10,2.100000,0.675000,1.886875,hypothetical_research_only
grand_haven_mi,smallmouth_bass,39,2025-09-27,14,2.100000,0.825000,2.010625,hypothetical_research_only
grand_haven_mi,smallmouth_bass,39,2025-09-27,18,2.100000,0.950000,2.113750,hypothetical_research_only
grand_haven_mi,smallmouth_bass,39,2025-09-27,22,2.100000,1.000000,2.155000,hypothetical_research_only
grand_haven_mi,smallmouth_bass,39,2025-09-27,26,2.100000,1.000000,2.155000,hypothetical_research_only
grand_haven_mi,smallmouth_bass,39,2025-09-27,30,2.100000,0.766667,1.962500,hypothetical_research_only
grand_haven_mi,smallmouth_bass,40,2025-10-04,2,1.866667,0.400000,1.520000,hypothetical_research_only
grand_haven_mi,smallmouth_bass,40,2025-10-04,6,1.866667,0.525000,1.601250,hypothetical_research_only
grand_haven_mi,smallmouth_bass,40,2025-10-04,10,1.866667,0.675000,1.698750,hypothetical_research_only
grand_haven_mi,smallmouth_bass,40,2025-10-04,14,1.866667,0.825000,1.796250,hypothetical_research_only
grand_haven_mi,smallmouth_bass,40,2025-10-04,18,1.866667,0.950000,1.877500,hypothetical_research_only
grand_haven_mi,smallmouth_bass,40,2025-10-04,22,1.866667,1.000000,1.910000,hypothetical_research_only
grand_haven_mi,smallmouth_bass,40,2025-10-04,26,1.866667,1.000000,1.910000,hypothetical_research_only
grand_haven_mi,smallmouth_bass,40,2025-10-04,30,1.866667,0.766667,1.758333,hypothetical_research_only
grand_haven_mi,smallmouth_bass,41,2025-10-11,2,1.633333,0.400000,1.380000,hypothetical_research_only
grand_haven_mi,smallmouth_bass,41,2025-10-11,6,1.633333,0.525000,1.439375,hypothetical_research_only
grand_haven_mi,smallmouth_bass,41,2025-10-11,10,1.633333,0.675000,1.510625,hypothetical_research_only
grand_haven_mi,smallmouth_bass,41,2025-10-11,14,1.633333,0.825000,1.581875,hypothetical_research_only
grand_haven_mi,smallmouth_bass,41,2025-10-11,18,1.633333,0.950000,1.641250,hypothetical_research_only
grand_haven_mi,smallmouth_bass,41,2025-10-11,22,1.633333,1.000000,1.665000,hypothetical_research_only
grand_haven_mi,smallmouth_bass,41,2025-10-11,26,1.633333,1.000000,1.665000,hypothetical_research_only
grand_haven_mi,smallmouth_bass,41,2025-10-11,30,1.633333,0.766667,1.554167,hypothetical_research_only
grand_haven_mi,smallmouth_bass,42,2025-10-18,2,1.500000,0.400000,1.300000,hypothetical_research_only
grand_haven_mi,smallmouth_bass,42,2025-10-18,6,1.500000,0.525000,1.346875,hypothetical_research_only
grand_haven_mi,smallmouth_bass,42,2025-10-18,10,1.500000,0.675000,1.403125,hypothetical_research_only
grand_haven_mi,smallmouth_bass,42,2025-10-18,14,1.500000,0.825000,1.459375,hypothetical_research_only
grand_haven_mi,smallmouth_bass,42,2025-10-18,18,1.500000,0.950000,1.506250,hypothetical_research_only
grand_haven_mi,smallmouth_bass,42,2025-10-18,22,1.500000,1.000000,1.525000,hypothetical_research_only
grand_haven_mi,smallmouth_bass,42,2025-10-18,26,1.500000,1.000000,1.525000,hypothetical_research_only
grand_haven_mi,smallmouth_bass,42,2025-10-18,30,1.500000,0.766667,1.437500,hypothetical_research_only
grand_haven_mi,smallmouth_bass,43,2025-10-25,2,1.500000,0.400000,1.300000,hypothetical_research_only
grand_haven_mi,smallmouth_bass,43,2025-10-25,6,1.500000,0.525000,1.346875,hypothetical_research_only
grand_haven_mi,smallmouth_bass,43,2025-10-25,10,1.500000,0.675000,1.403125,hypothetical_research_only
grand_haven_mi,smallmouth_bass,43,2025-10-25,14,1.500000,0.825000,1.459375,hypothetical_research_only
grand_haven_mi,smallmouth_bass,43,2025-10-25,18,1.500000,0.950000,1.506250,hypothetical_research_only
grand_haven_mi,smallmouth_bass,43,2025-10-25,22,1.500000,1.000000,1.525000,hypothetical_research_only
grand_haven_mi,smallmouth_bass,43,2025-10-25,26,1.500000,1.000000,1.525000,hypothetical_research_only
grand_haven_mi,smallmouth_bass,43,2025-10-25,30,1.500000,0.766667,1.437500,hypothetical_research_only
grand_haven_mi,smallmouth_bass,44,2025-11-01,2,1.500000,0.400000,1.300000,hypothetical_research_only
grand_haven_mi,smallmouth_bass,44,2025-11-01,6,1.500000,0.525000,1.346875,hypothetical_research_only
grand_haven_mi,smallmouth_bass,44,2025-11-01,10,1.500000,0.675000,1.403125,hypothetical_research_only
grand_haven_mi,smallmouth_bass,44,2025-11-01,14,1.500000,0.825000,1.459375,hypothetical_research_only
grand_haven_mi,smallmouth_bass,44,2025-11-01,18,1.500000,0.950000,1.506250,hypothetical_research_only
grand_haven_mi,smallmouth_bass,44,2025-11-01,22,1.500000,1.000000,1.525000,hypothetical_research_only
grand_haven_mi,smallmouth_bass,44,2025-11-01,26,1.500000,1.000000,1.525000,hypothetical_research_only
grand_haven_mi,smallmouth_bass,44,2025-11-01,30,1.500000,0.766667,1.437500,hypothetical_research_only
grand_haven_mi,smallmouth_bass,45,2025-11-08,2,1.500000,0.400000,1.300000,hypothetical_research_only
grand_haven_mi,smallmouth_bass,45,2025-11-08,6,1.500000,0.525000,1.346875,hypothetical_research_only
grand_haven_mi,smallmouth_bass,45,2025-11-08,10,1.500000,0.675000,1.403125,hypothetical_research_only
grand_haven_mi,smallmouth_bass,45,2025-11-08,14,1.500000,0.825000,1.459375,hypothetical_research_only
grand_haven_mi,smallmouth_bass,45,2025-11-08,18,1.500000,0.950000,1.506250,hypothetical_research_only
grand_haven_mi,smallmouth_bass,45,2025-11-08,22,1.500000,1.000000,1.525000,hypothetical_research_only
grand_haven_mi,smallmouth_bass,45,2025-11-08,26,1.500000,1.000000,1.525000,hypothetical_research_only
grand_haven_mi,smallmouth_bass,45,2025-11-08,30,1.500000,0.766667,1.437500,hypothetical_research_only
grand_haven_mi,smallmouth_bass,46,2025-11-15,2,1.500000,0.400000,1.300000,hypothetical_research_only
grand_haven_mi,smallmouth_bass,46,2025-11-15,6,1.500000,0.525000,1.346875,hypothetical_research_only
grand_haven_mi,smallmouth_bass,46,2025-11-15,10,1.500000,0.675000,1.403125,hypothetical_research_only
grand_haven_mi,smallmouth_bass,46,2025-11-15,14,1.500000,0.825000,1.459375,hypothetical_research_only
grand_haven_mi,smallmouth_bass,46,2025-11-15,18,1.500000,0.950000,1.506250,hypothetical_research_only
grand_haven_mi,smallmouth_bass,46,2025-11-15,22,1.500000,1.000000,1.525000,hypothetical_research_only
grand_haven_mi,smallmouth_bass,46,2025-11-15,26,1.500000,1.000000,1.525000,hypothetical_research_only
grand_haven_mi,smallmouth_bass,46,2025-11-15,30,1.500000,0.766667,1.437500,hypothetical_research_only
grand_haven_mi,smallmouth_bass,47,2025-11-22,2,1.500000,0.400000,1.300000,hypothetical_research_only
grand_haven_mi,smallmouth_bass,47,2025-11-22,6,1.500000,0.525000,1.346875,hypothetical_research_only
grand_haven_mi,smallmouth_bass,47,2025-11-22,10,1.500000,0.675000,1.403125,hypothetical_research_only
grand_haven_mi,smallmouth_bass,47,2025-11-22,14,1.500000,0.825000,1.459375,hypothetical_research_only
grand_haven_mi,smallmouth_bass,47,2025-11-22,18,1.500000,0.950000,1.506250,hypothetical_research_only
grand_haven_mi,smallmouth_bass,47,2025-11-22,22,1.500000,1.000000,1.525000,hypothetical_research_only
grand_haven_mi,smallmouth_bass,47,2025-11-22,26,1.500000,1.000000,1.525000,hypothetical_research_only
grand_haven_mi,smallmouth_bass,47,2025-11-22,30,1.500000,0.766667,1.437500,hypothetical_research_only
grand_haven_mi,smallmouth_bass,48,2025-11-29,2,1.500000,0.400000,1.300000,hypothetical_research_only
grand_haven_mi,smallmouth_bass,48,2025-11-29,6,1.500000,0.525000,1.346875,hypothetical_research_only
grand_haven_mi,smallmouth_bass,48,2025-11-29,10,1.500000,0.675000,1.403125,hypothetical_research_only
grand_haven_mi,smallmouth_bass,48,2025-11-29,14,1.500000,0.825000,1.459375,hypothetical_research_only
grand_haven_mi,smallmouth_bass,48,2025-11-29,18,1.500000,0.950000,1.506250,hypothetical_research_only
grand_haven_mi,smallmouth_bass,48,2025-11-29,22,1.500000,1.000000,1.525000,hypothetical_research_only
grand_haven_mi,smallmouth_bass,48,2025-11-29,26,1.500000,1.000000,1.525000,hypothetical_research_only
grand_haven_mi,smallmouth_bass,48,2025-11-29,30,1.500000,0.766667,1.437500,hypothetical_research_only
grand_haven_mi,smallmouth_bass,49,2025-12-06,2,1.500000,0.400000,1.300000,hypothetical_research_only
grand_haven_mi,smallmouth_bass,49,2025-12-06,6,1.500000,0.525000,1.346875,hypothetical_research_only
grand_haven_mi,smallmouth_bass,49,2025-12-06,10,1.500000,0.675000,1.403125,hypothetical_research_only
grand_haven_mi,smallmouth_bass,49,2025-12-06,14,1.500000,0.825000,1.459375,hypothetical_research_only
grand_haven_mi,smallmouth_bass,49,2025-12-06,18,1.500000,0.950000,1.506250,hypothetical_research_only
grand_haven_mi,smallmouth_bass,49,2025-12-06,22,1.500000,1.000000,1.525000,hypothetical_research_only
grand_haven_mi,smallmouth_bass,49,2025-12-06,26,1.500000,1.000000,1.525000,hypothetical_research_only
grand_haven_mi,smallmouth_bass,49,2025-12-06,30,1.500000,0.766667,1.437500,hypothetical_research_only
grand_haven_mi,smallmouth_bass,50,2025-12-13,2,1.500000,0.400000,1.300000,hypothetical_research_only
grand_haven_mi,smallmouth_bass,50,2025-12-13,6,1.500000,0.525000,1.346875,hypothetical_research_only
grand_haven_mi,smallmouth_bass,50,2025-12-13,10,1.500000,0.675000,1.403125,hypothetical_research_only
grand_haven_mi,smallmouth_bass,50,2025-12-13,14,1.500000,0.825000,1.459375,hypothetical_research_only
grand_haven_mi,smallmouth_bass,50,2025-12-13,18,1.500000,0.950000,1.506250,hypothetical_research_only
grand_haven_mi,smallmouth_bass,50,2025-12-13,22,1.500000,1.000000,1.525000,hypothetical_research_only
grand_haven_mi,smallmouth_bass,50,2025-12-13,26,1.500000,1.000000,1.525000,hypothetical_research_only
grand_haven_mi,smallmouth_bass,50,2025-12-13,30,1.500000,0.766667,1.437500,hypothetical_research_only
grand_haven_mi,smallmouth_bass,51,2025-12-20,2,1.500000,0.400000,1.300000,hypothetical_research_only
grand_haven_mi,smallmouth_bass,51,2025-12-20,6,1.500000,0.525000,1.346875,hypothetical_research_only
grand_haven_mi,smallmouth_bass,51,2025-12-20,10,1.500000,0.675000,1.403125,hypothetical_research_only
grand_haven_mi,smallmouth_bass,51,2025-12-20,14,1.500000,0.825000,1.459375,hypothetical_research_only
grand_haven_mi,smallmouth_bass,51,2025-12-20,18,1.500000,0.950000,1.506250,hypothetical_research_only
grand_haven_mi,smallmouth_bass,51,2025-12-20,22,1.500000,1.000000,1.525000,hypothetical_research_only
grand_haven_mi,smallmouth_bass,51,2025-12-20,26,1.500000,1.000000,1.525000,hypothetical_research_only
grand_haven_mi,smallmouth_bass,51,2025-12-20,30,1.500000,0.766667,1.437500,hypothetical_research_only
grand_haven_mi,smallmouth_bass,52,2025-12-27,2,1.500000,0.400000,1.300000,hypothetical_research_only
grand_haven_mi,smallmouth_bass,52,2025-12-27,6,1.500000,0.525000,1.346875,hypothetical_research_only
grand_haven_mi,smallmouth_bass,52,2025-12-27,10,1.500000,0.675000,1.403125,hypothetical_research_only
grand_haven_mi,smallmouth_bass,52,2025-12-27,14,1.500000,0.825000,1.459375,hypothetical_research_only
grand_haven_mi,smallmouth_bass,52,2025-12-27,18,1.500000,0.950000,1.506250,hypothetical_research_only
grand_haven_mi,smallmouth_bass,52,2025-12-27,22,1.500000,1.000000,1.525000,hypothetical_research_only
grand_haven_mi,smallmouth_bass,52,2025-12-27,26,1.500000,1.000000,1.525000,hypothetical_research_only
grand_haven_mi,smallmouth_bass,52,2025-12-27,30,1.500000,0.766667,1.437500,hypothetical_research_only
grand_haven_mi,freshwater_drum,1,2025-01-04,2,1.500000,0.350000,1.281250,hypothetical_research_only
grand_haven_mi,freshwater_drum,1,2025-01-04,6,1.500000,0.475000,1.328125,hypothetical_research_only
grand_haven_mi,freshwater_drum,1,2025-01-04,10,1.500000,0.625000,1.384375,hypothetical_research_only
grand_haven_mi,freshwater_drum,1,2025-01-04,14,1.500000,0.775000,1.440625,hypothetical_research_only
grand_haven_mi,freshwater_drum,1,2025-01-04,18,1.500000,0.900000,1.487500,hypothetical_research_only
grand_haven_mi,freshwater_drum,1,2025-01-04,22,1.500000,1.000000,1.525000,hypothetical_research_only
grand_haven_mi,freshwater_drum,1,2025-01-04,26,1.500000,1.000000,1.525000,hypothetical_research_only
grand_haven_mi,freshwater_drum,1,2025-01-04,30,1.500000,0.850000,1.468750,hypothetical_research_only
grand_haven_mi,freshwater_drum,2,2025-01-11,2,1.500000,0.350000,1.281250,hypothetical_research_only
grand_haven_mi,freshwater_drum,2,2025-01-11,6,1.500000,0.475000,1.328125,hypothetical_research_only
grand_haven_mi,freshwater_drum,2,2025-01-11,10,1.500000,0.625000,1.384375,hypothetical_research_only
grand_haven_mi,freshwater_drum,2,2025-01-11,14,1.500000,0.775000,1.440625,hypothetical_research_only
grand_haven_mi,freshwater_drum,2,2025-01-11,18,1.500000,0.900000,1.487500,hypothetical_research_only
grand_haven_mi,freshwater_drum,2,2025-01-11,22,1.500000,1.000000,1.525000,hypothetical_research_only
grand_haven_mi,freshwater_drum,2,2025-01-11,26,1.500000,1.000000,1.525000,hypothetical_research_only
grand_haven_mi,freshwater_drum,2,2025-01-11,30,1.500000,0.850000,1.468750,hypothetical_research_only
grand_haven_mi,freshwater_drum,3,2025-01-18,2,1.500000,0.350000,1.281250,hypothetical_research_only
grand_haven_mi,freshwater_drum,3,2025-01-18,6,1.500000,0.475000,1.328125,hypothetical_research_only
grand_haven_mi,freshwater_drum,3,2025-01-18,10,1.500000,0.625000,1.384375,hypothetical_research_only
grand_haven_mi,freshwater_drum,3,2025-01-18,14,1.500000,0.775000,1.440625,hypothetical_research_only
grand_haven_mi,freshwater_drum,3,2025-01-18,18,1.500000,0.900000,1.487500,hypothetical_research_only
grand_haven_mi,freshwater_drum,3,2025-01-18,22,1.500000,1.000000,1.525000,hypothetical_research_only
grand_haven_mi,freshwater_drum,3,2025-01-18,26,1.500000,1.000000,1.525000,hypothetical_research_only
grand_haven_mi,freshwater_drum,3,2025-01-18,30,1.500000,0.850000,1.468750,hypothetical_research_only
grand_haven_mi,freshwater_drum,4,2025-01-25,2,1.500000,0.350000,1.281250,hypothetical_research_only
grand_haven_mi,freshwater_drum,4,2025-01-25,6,1.500000,0.475000,1.328125,hypothetical_research_only
grand_haven_mi,freshwater_drum,4,2025-01-25,10,1.500000,0.625000,1.384375,hypothetical_research_only
grand_haven_mi,freshwater_drum,4,2025-01-25,14,1.500000,0.775000,1.440625,hypothetical_research_only
grand_haven_mi,freshwater_drum,4,2025-01-25,18,1.500000,0.900000,1.487500,hypothetical_research_only
grand_haven_mi,freshwater_drum,4,2025-01-25,22,1.500000,1.000000,1.525000,hypothetical_research_only
grand_haven_mi,freshwater_drum,4,2025-01-25,26,1.500000,1.000000,1.525000,hypothetical_research_only
grand_haven_mi,freshwater_drum,4,2025-01-25,30,1.500000,0.850000,1.468750,hypothetical_research_only
grand_haven_mi,freshwater_drum,5,2025-02-01,2,1.500000,0.350000,1.281250,hypothetical_research_only
grand_haven_mi,freshwater_drum,5,2025-02-01,6,1.500000,0.475000,1.328125,hypothetical_research_only
grand_haven_mi,freshwater_drum,5,2025-02-01,10,1.500000,0.625000,1.384375,hypothetical_research_only
grand_haven_mi,freshwater_drum,5,2025-02-01,14,1.500000,0.775000,1.440625,hypothetical_research_only
grand_haven_mi,freshwater_drum,5,2025-02-01,18,1.500000,0.900000,1.487500,hypothetical_research_only
grand_haven_mi,freshwater_drum,5,2025-02-01,22,1.500000,1.000000,1.525000,hypothetical_research_only
grand_haven_mi,freshwater_drum,5,2025-02-01,26,1.500000,1.000000,1.525000,hypothetical_research_only
grand_haven_mi,freshwater_drum,5,2025-02-01,30,1.500000,0.850000,1.468750,hypothetical_research_only
grand_haven_mi,freshwater_drum,6,2025-02-08,2,1.500000,0.350000,1.281250,hypothetical_research_only
grand_haven_mi,freshwater_drum,6,2025-02-08,6,1.500000,0.475000,1.328125,hypothetical_research_only
grand_haven_mi,freshwater_drum,6,2025-02-08,10,1.500000,0.625000,1.384375,hypothetical_research_only
grand_haven_mi,freshwater_drum,6,2025-02-08,14,1.500000,0.775000,1.440625,hypothetical_research_only
grand_haven_mi,freshwater_drum,6,2025-02-08,18,1.500000,0.900000,1.487500,hypothetical_research_only
grand_haven_mi,freshwater_drum,6,2025-02-08,22,1.500000,1.000000,1.525000,hypothetical_research_only
grand_haven_mi,freshwater_drum,6,2025-02-08,26,1.500000,1.000000,1.525000,hypothetical_research_only
grand_haven_mi,freshwater_drum,6,2025-02-08,30,1.500000,0.850000,1.468750,hypothetical_research_only
grand_haven_mi,freshwater_drum,7,2025-02-15,2,1.500000,0.350000,1.281250,hypothetical_research_only
grand_haven_mi,freshwater_drum,7,2025-02-15,6,1.500000,0.475000,1.328125,hypothetical_research_only
grand_haven_mi,freshwater_drum,7,2025-02-15,10,1.500000,0.625000,1.384375,hypothetical_research_only
grand_haven_mi,freshwater_drum,7,2025-02-15,14,1.500000,0.775000,1.440625,hypothetical_research_only
grand_haven_mi,freshwater_drum,7,2025-02-15,18,1.500000,0.900000,1.487500,hypothetical_research_only
grand_haven_mi,freshwater_drum,7,2025-02-15,22,1.500000,1.000000,1.525000,hypothetical_research_only
grand_haven_mi,freshwater_drum,7,2025-02-15,26,1.500000,1.000000,1.525000,hypothetical_research_only
grand_haven_mi,freshwater_drum,7,2025-02-15,30,1.500000,0.850000,1.468750,hypothetical_research_only
grand_haven_mi,freshwater_drum,8,2025-02-22,2,1.500000,0.350000,1.281250,hypothetical_research_only
grand_haven_mi,freshwater_drum,8,2025-02-22,6,1.500000,0.475000,1.328125,hypothetical_research_only
grand_haven_mi,freshwater_drum,8,2025-02-22,10,1.500000,0.625000,1.384375,hypothetical_research_only
grand_haven_mi,freshwater_drum,8,2025-02-22,14,1.500000,0.775000,1.440625,hypothetical_research_only
grand_haven_mi,freshwater_drum,8,2025-02-22,18,1.500000,0.900000,1.487500,hypothetical_research_only
grand_haven_mi,freshwater_drum,8,2025-02-22,22,1.500000,1.000000,1.525000,hypothetical_research_only
grand_haven_mi,freshwater_drum,8,2025-02-22,26,1.500000,1.000000,1.525000,hypothetical_research_only
grand_haven_mi,freshwater_drum,8,2025-02-22,30,1.500000,0.850000,1.468750,hypothetical_research_only
grand_haven_mi,freshwater_drum,9,2025-03-01,2,1.500000,0.350000,1.281250,hypothetical_research_only
grand_haven_mi,freshwater_drum,9,2025-03-01,6,1.500000,0.475000,1.328125,hypothetical_research_only
grand_haven_mi,freshwater_drum,9,2025-03-01,10,1.500000,0.625000,1.384375,hypothetical_research_only
grand_haven_mi,freshwater_drum,9,2025-03-01,14,1.500000,0.775000,1.440625,hypothetical_research_only
grand_haven_mi,freshwater_drum,9,2025-03-01,18,1.500000,0.900000,1.487500,hypothetical_research_only
grand_haven_mi,freshwater_drum,9,2025-03-01,22,1.500000,1.000000,1.525000,hypothetical_research_only
grand_haven_mi,freshwater_drum,9,2025-03-01,26,1.500000,1.000000,1.525000,hypothetical_research_only
grand_haven_mi,freshwater_drum,9,2025-03-01,30,1.500000,0.850000,1.468750,hypothetical_research_only
grand_haven_mi,freshwater_drum,10,2025-03-08,2,1.500000,0.350000,1.281250,hypothetical_research_only
grand_haven_mi,freshwater_drum,10,2025-03-08,6,1.500000,0.475000,1.328125,hypothetical_research_only
grand_haven_mi,freshwater_drum,10,2025-03-08,10,1.500000,0.625000,1.384375,hypothetical_research_only
grand_haven_mi,freshwater_drum,10,2025-03-08,14,1.500000,0.775000,1.440625,hypothetical_research_only
grand_haven_mi,freshwater_drum,10,2025-03-08,18,1.500000,0.900000,1.487500,hypothetical_research_only
grand_haven_mi,freshwater_drum,10,2025-03-08,22,1.500000,1.000000,1.525000,hypothetical_research_only
grand_haven_mi,freshwater_drum,10,2025-03-08,26,1.500000,1.000000,1.525000,hypothetical_research_only
grand_haven_mi,freshwater_drum,10,2025-03-08,30,1.500000,0.850000,1.468750,hypothetical_research_only
grand_haven_mi,freshwater_drum,11,2025-03-15,2,1.500000,0.350000,1.281250,hypothetical_research_only
grand_haven_mi,freshwater_drum,11,2025-03-15,6,1.500000,0.475000,1.328125,hypothetical_research_only
grand_haven_mi,freshwater_drum,11,2025-03-15,10,1.500000,0.625000,1.384375,hypothetical_research_only
grand_haven_mi,freshwater_drum,11,2025-03-15,14,1.500000,0.775000,1.440625,hypothetical_research_only
grand_haven_mi,freshwater_drum,11,2025-03-15,18,1.500000,0.900000,1.487500,hypothetical_research_only
grand_haven_mi,freshwater_drum,11,2025-03-15,22,1.500000,1.000000,1.525000,hypothetical_research_only
grand_haven_mi,freshwater_drum,11,2025-03-15,26,1.500000,1.000000,1.525000,hypothetical_research_only
grand_haven_mi,freshwater_drum,11,2025-03-15,30,1.500000,0.850000,1.468750,hypothetical_research_only
grand_haven_mi,freshwater_drum,12,2025-03-22,2,1.725806,0.350000,1.408266,hypothetical_research_only
grand_haven_mi,freshwater_drum,12,2025-03-22,6,1.725806,0.475000,1.476310,hypothetical_research_only
grand_haven_mi,freshwater_drum,12,2025-03-22,10,1.725806,0.625000,1.557964,hypothetical_research_only
grand_haven_mi,freshwater_drum,12,2025-03-22,14,1.725806,0.775000,1.639617,hypothetical_research_only
grand_haven_mi,freshwater_drum,12,2025-03-22,18,1.725806,0.900000,1.707661,hypothetical_research_only
grand_haven_mi,freshwater_drum,12,2025-03-22,22,1.725806,1.000000,1.762097,hypothetical_research_only
grand_haven_mi,freshwater_drum,12,2025-03-22,26,1.725806,1.000000,1.762097,hypothetical_research_only
grand_haven_mi,freshwater_drum,12,2025-03-22,30,1.725806,0.850000,1.680444,hypothetical_research_only
grand_haven_mi,freshwater_drum,13,2025-03-29,2,1.951613,0.350000,1.535282,hypothetical_research_only
grand_haven_mi,freshwater_drum,13,2025-03-29,6,1.951613,0.475000,1.624496,hypothetical_research_only
grand_haven_mi,freshwater_drum,13,2025-03-29,10,1.951613,0.625000,1.731552,hypothetical_research_only
grand_haven_mi,freshwater_drum,13,2025-03-29,14,1.951613,0.775000,1.838609,hypothetical_research_only
grand_haven_mi,freshwater_drum,13,2025-03-29,18,1.951613,0.900000,1.927823,hypothetical_research_only
grand_haven_mi,freshwater_drum,13,2025-03-29,22,1.951613,1.000000,1.999194,hypothetical_research_only
grand_haven_mi,freshwater_drum,13,2025-03-29,26,1.951613,1.000000,1.999194,hypothetical_research_only
grand_haven_mi,freshwater_drum,13,2025-03-29,30,1.951613,0.850000,1.892137,hypothetical_research_only
grand_haven_mi,freshwater_drum,14,2025-04-05,2,2.177419,0.350000,1.662298,hypothetical_research_only
grand_haven_mi,freshwater_drum,14,2025-04-05,6,2.177419,0.475000,1.772681,hypothetical_research_only
grand_haven_mi,freshwater_drum,14,2025-04-05,10,2.177419,0.625000,1.905141,hypothetical_research_only
grand_haven_mi,freshwater_drum,14,2025-04-05,14,2.177419,0.775000,2.037601,hypothetical_research_only
grand_haven_mi,freshwater_drum,14,2025-04-05,18,2.177419,0.900000,2.147984,hypothetical_research_only
grand_haven_mi,freshwater_drum,14,2025-04-05,22,2.177419,1.000000,2.236290,hypothetical_research_only
grand_haven_mi,freshwater_drum,14,2025-04-05,26,2.177419,1.000000,2.236290,hypothetical_research_only
grand_haven_mi,freshwater_drum,14,2025-04-05,30,2.177419,0.850000,2.103831,hypothetical_research_only
grand_haven_mi,freshwater_drum,15,2025-04-12,2,2.403226,0.350000,1.789315,hypothetical_research_only
grand_haven_mi,freshwater_drum,15,2025-04-12,6,2.403226,0.475000,1.920867,hypothetical_research_only
grand_haven_mi,freshwater_drum,15,2025-04-12,10,2.403226,0.625000,2.078730,hypothetical_research_only
grand_haven_mi,freshwater_drum,15,2025-04-12,14,2.403226,0.775000,2.236593,hypothetical_research_only
grand_haven_mi,freshwater_drum,15,2025-04-12,18,2.403226,0.900000,2.368145,hypothetical_research_only
grand_haven_mi,freshwater_drum,15,2025-04-12,22,2.403226,1.000000,2.473387,hypothetical_research_only
grand_haven_mi,freshwater_drum,15,2025-04-12,26,2.403226,1.000000,2.473387,hypothetical_research_only
grand_haven_mi,freshwater_drum,15,2025-04-12,30,2.403226,0.850000,2.315524,hypothetical_research_only
grand_haven_mi,freshwater_drum,16,2025-04-19,2,3.033333,0.350000,2.143750,hypothetical_research_only
grand_haven_mi,freshwater_drum,16,2025-04-19,6,3.033333,0.475000,2.334375,hypothetical_research_only
grand_haven_mi,freshwater_drum,16,2025-04-19,10,3.033333,0.625000,2.563125,hypothetical_research_only
grand_haven_mi,freshwater_drum,16,2025-04-19,14,3.033333,0.775000,2.791875,hypothetical_research_only
grand_haven_mi,freshwater_drum,16,2025-04-19,18,3.033333,0.900000,2.982500,hypothetical_research_only
grand_haven_mi,freshwater_drum,16,2025-04-19,22,3.033333,1.000000,3.135000,hypothetical_research_only
grand_haven_mi,freshwater_drum,16,2025-04-19,26,3.033333,1.000000,3.135000,hypothetical_research_only
grand_haven_mi,freshwater_drum,16,2025-04-19,30,3.033333,0.850000,2.906250,hypothetical_research_only
grand_haven_mi,freshwater_drum,17,2025-04-26,2,3.966667,0.350000,2.668750,hypothetical_research_only
grand_haven_mi,freshwater_drum,17,2025-04-26,6,3.966667,0.475000,2.946875,hypothetical_research_only
grand_haven_mi,freshwater_drum,17,2025-04-26,10,3.966667,0.625000,3.280625,hypothetical_research_only
grand_haven_mi,freshwater_drum,17,2025-04-26,14,3.966667,0.775000,3.614375,hypothetical_research_only
grand_haven_mi,freshwater_drum,17,2025-04-26,18,3.966667,0.900000,3.892500,hypothetical_research_only
grand_haven_mi,freshwater_drum,17,2025-04-26,22,3.966667,1.000000,4.115000,hypothetical_research_only
grand_haven_mi,freshwater_drum,17,2025-04-26,26,3.966667,1.000000,4.115000,hypothetical_research_only
grand_haven_mi,freshwater_drum,17,2025-04-26,30,3.966667,0.850000,3.781250,hypothetical_research_only
grand_haven_mi,freshwater_drum,18,2025-05-03,2,4.900000,0.350000,3.193750,hypothetical_research_only
grand_haven_mi,freshwater_drum,18,2025-05-03,6,4.900000,0.475000,3.559375,hypothetical_research_only
grand_haven_mi,freshwater_drum,18,2025-05-03,10,4.900000,0.625000,3.998125,hypothetical_research_only
grand_haven_mi,freshwater_drum,18,2025-05-03,14,4.900000,0.775000,4.436875,hypothetical_research_only
grand_haven_mi,freshwater_drum,18,2025-05-03,18,4.900000,0.900000,4.802500,hypothetical_research_only
grand_haven_mi,freshwater_drum,18,2025-05-03,22,4.900000,1.000000,5.095000,hypothetical_research_only
grand_haven_mi,freshwater_drum,18,2025-05-03,26,4.900000,1.000000,5.095000,hypothetical_research_only
grand_haven_mi,freshwater_drum,18,2025-05-03,30,4.900000,0.850000,4.656250,hypothetical_research_only
grand_haven_mi,freshwater_drum,19,2025-05-10,2,5.833333,0.350000,3.718750,hypothetical_research_only
grand_haven_mi,freshwater_drum,19,2025-05-10,6,5.833333,0.475000,4.171875,hypothetical_research_only
grand_haven_mi,freshwater_drum,19,2025-05-10,10,5.833333,0.625000,4.715625,hypothetical_research_only
grand_haven_mi,freshwater_drum,19,2025-05-10,14,5.833333,0.775000,5.259375,hypothetical_research_only
grand_haven_mi,freshwater_drum,19,2025-05-10,18,5.833333,0.900000,5.712500,hypothetical_research_only
grand_haven_mi,freshwater_drum,19,2025-05-10,22,5.833333,1.000000,6.075000,hypothetical_research_only
grand_haven_mi,freshwater_drum,19,2025-05-10,26,5.833333,1.000000,6.075000,hypothetical_research_only
grand_haven_mi,freshwater_drum,19,2025-05-10,30,5.833333,0.850000,5.531250,hypothetical_research_only
grand_haven_mi,freshwater_drum,20,2025-05-17,2,6.532258,0.350000,4.111895,hypothetical_research_only
grand_haven_mi,freshwater_drum,20,2025-05-17,6,6.532258,0.475000,4.630544,hypothetical_research_only
grand_haven_mi,freshwater_drum,20,2025-05-17,10,6.532258,0.625000,5.252923,hypothetical_research_only
grand_haven_mi,freshwater_drum,20,2025-05-17,14,6.532258,0.775000,5.875302,hypothetical_research_only
grand_haven_mi,freshwater_drum,20,2025-05-17,18,6.532258,0.900000,6.393952,hypothetical_research_only
grand_haven_mi,freshwater_drum,20,2025-05-17,22,6.532258,1.000000,6.808871,hypothetical_research_only
grand_haven_mi,freshwater_drum,20,2025-05-17,26,6.532258,1.000000,6.808871,hypothetical_research_only
grand_haven_mi,freshwater_drum,20,2025-05-17,30,6.532258,0.850000,6.186492,hypothetical_research_only
grand_haven_mi,freshwater_drum,21,2025-05-24,2,6.645161,0.350000,4.175403,hypothetical_research_only
grand_haven_mi,freshwater_drum,21,2025-05-24,6,6.645161,0.475000,4.704637,hypothetical_research_only
grand_haven_mi,freshwater_drum,21,2025-05-24,10,6.645161,0.625000,5.339718,hypothetical_research_only
grand_haven_mi,freshwater_drum,21,2025-05-24,14,6.645161,0.775000,5.974798,hypothetical_research_only
grand_haven_mi,freshwater_drum,21,2025-05-24,18,6.645161,0.900000,6.504032,hypothetical_research_only
grand_haven_mi,freshwater_drum,21,2025-05-24,22,6.645161,1.000000,6.927419,hypothetical_research_only
grand_haven_mi,freshwater_drum,21,2025-05-24,26,6.645161,1.000000,6.927419,hypothetical_research_only
grand_haven_mi,freshwater_drum,21,2025-05-24,30,6.645161,0.850000,6.292339,hypothetical_research_only
grand_haven_mi,freshwater_drum,22,2025-05-31,2,6.758065,0.350000,4.238911,hypothetical_research_only
grand_haven_mi,freshwater_drum,22,2025-05-31,6,6.758065,0.475000,4.778730,hypothetical_research_only
grand_haven_mi,freshwater_drum,22,2025-05-31,10,6.758065,0.625000,5.426512,hypothetical_research_only
grand_haven_mi,freshwater_drum,22,2025-05-31,14,6.758065,0.775000,6.074294,hypothetical_research_only
grand_haven_mi,freshwater_drum,22,2025-05-31,18,6.758065,0.900000,6.614113,hypothetical_research_only
grand_haven_mi,freshwater_drum,22,2025-05-31,22,6.758065,1.000000,7.045968,hypothetical_research_only
grand_haven_mi,freshwater_drum,22,2025-05-31,26,6.758065,1.000000,7.045968,hypothetical_research_only
grand_haven_mi,freshwater_drum,22,2025-05-31,30,6.758065,0.850000,6.398185,hypothetical_research_only
grand_haven_mi,freshwater_drum,23,2025-06-07,2,6.870968,0.350000,4.302419,hypothetical_research_only
grand_haven_mi,freshwater_drum,23,2025-06-07,6,6.870968,0.475000,4.852823,hypothetical_research_only
grand_haven_mi,freshwater_drum,23,2025-06-07,10,6.870968,0.625000,5.513306,hypothetical_research_only
grand_haven_mi,freshwater_drum,23,2025-06-07,14,6.870968,0.775000,6.173790,hypothetical_research_only
grand_haven_mi,freshwater_drum,23,2025-06-07,18,6.870968,0.900000,6.724194,hypothetical_research_only
grand_haven_mi,freshwater_drum,23,2025-06-07,22,6.870968,1.000000,7.164516,hypothetical_research_only
grand_haven_mi,freshwater_drum,23,2025-06-07,26,6.870968,1.000000,7.164516,hypothetical_research_only
grand_haven_mi,freshwater_drum,23,2025-06-07,30,6.870968,0.850000,6.504032,hypothetical_research_only
grand_haven_mi,freshwater_drum,24,2025-06-14,2,6.983871,0.350000,4.365927,hypothetical_research_only
grand_haven_mi,freshwater_drum,24,2025-06-14,6,6.983871,0.475000,4.926915,hypothetical_research_only
grand_haven_mi,freshwater_drum,24,2025-06-14,10,6.983871,0.625000,5.600101,hypothetical_research_only
grand_haven_mi,freshwater_drum,24,2025-06-14,14,6.983871,0.775000,6.273286,hypothetical_research_only
grand_haven_mi,freshwater_drum,24,2025-06-14,18,6.983871,0.900000,6.834274,hypothetical_research_only
grand_haven_mi,freshwater_drum,24,2025-06-14,22,6.983871,1.000000,7.283065,hypothetical_research_only
grand_haven_mi,freshwater_drum,24,2025-06-14,26,6.983871,1.000000,7.283065,hypothetical_research_only
grand_haven_mi,freshwater_drum,24,2025-06-14,30,6.983871,0.850000,6.609879,hypothetical_research_only
grand_haven_mi,freshwater_drum,25,2025-06-21,2,6.900000,0.350000,4.318750,hypothetical_research_only
grand_haven_mi,freshwater_drum,25,2025-06-21,6,6.900000,0.475000,4.871875,hypothetical_research_only
grand_haven_mi,freshwater_drum,25,2025-06-21,10,6.900000,0.625000,5.535625,hypothetical_research_only
grand_haven_mi,freshwater_drum,25,2025-06-21,14,6.900000,0.775000,6.199375,hypothetical_research_only
grand_haven_mi,freshwater_drum,25,2025-06-21,18,6.900000,0.900000,6.752500,hypothetical_research_only
grand_haven_mi,freshwater_drum,25,2025-06-21,22,6.900000,1.000000,7.195000,hypothetical_research_only
grand_haven_mi,freshwater_drum,25,2025-06-21,26,6.900000,1.000000,7.195000,hypothetical_research_only
grand_haven_mi,freshwater_drum,25,2025-06-21,30,6.900000,0.850000,6.531250,hypothetical_research_only
grand_haven_mi,freshwater_drum,26,2025-06-28,2,6.783333,0.350000,4.253125,hypothetical_research_only
grand_haven_mi,freshwater_drum,26,2025-06-28,6,6.783333,0.475000,4.795312,hypothetical_research_only
grand_haven_mi,freshwater_drum,26,2025-06-28,10,6.783333,0.625000,5.445938,hypothetical_research_only
grand_haven_mi,freshwater_drum,26,2025-06-28,14,6.783333,0.775000,6.096562,hypothetical_research_only
grand_haven_mi,freshwater_drum,26,2025-06-28,18,6.783333,0.900000,6.638750,hypothetical_research_only
grand_haven_mi,freshwater_drum,26,2025-06-28,22,6.783333,1.000000,7.072500,hypothetical_research_only
grand_haven_mi,freshwater_drum,26,2025-06-28,26,6.783333,1.000000,7.072500,hypothetical_research_only
grand_haven_mi,freshwater_drum,26,2025-06-28,30,6.783333,0.850000,6.421875,hypothetical_research_only
grand_haven_mi,freshwater_drum,27,2025-07-05,2,6.666667,0.350000,4.187500,hypothetical_research_only
grand_haven_mi,freshwater_drum,27,2025-07-05,6,6.666667,0.475000,4.718750,hypothetical_research_only
grand_haven_mi,freshwater_drum,27,2025-07-05,10,6.666667,0.625000,5.356250,hypothetical_research_only
grand_haven_mi,freshwater_drum,27,2025-07-05,14,6.666667,0.775000,5.993750,hypothetical_research_only
grand_haven_mi,freshwater_drum,27,2025-07-05,18,6.666667,0.900000,6.525000,hypothetical_research_only
grand_haven_mi,freshwater_drum,27,2025-07-05,22,6.666667,1.000000,6.950000,hypothetical_research_only
grand_haven_mi,freshwater_drum,27,2025-07-05,26,6.666667,1.000000,6.950000,hypothetical_research_only
grand_haven_mi,freshwater_drum,27,2025-07-05,30,6.666667,0.850000,6.312500,hypothetical_research_only
grand_haven_mi,freshwater_drum,28,2025-07-12,2,6.550000,0.350000,4.121875,hypothetical_research_only
grand_haven_mi,freshwater_drum,28,2025-07-12,6,6.550000,0.475000,4.642188,hypothetical_research_only
grand_haven_mi,freshwater_drum,28,2025-07-12,10,6.550000,0.625000,5.266563,hypothetical_research_only
grand_haven_mi,freshwater_drum,28,2025-07-12,14,6.550000,0.775000,5.890937,hypothetical_research_only
grand_haven_mi,freshwater_drum,28,2025-07-12,18,6.550000,0.900000,6.411250,hypothetical_research_only
grand_haven_mi,freshwater_drum,28,2025-07-12,22,6.550000,1.000000,6.827500,hypothetical_research_only
grand_haven_mi,freshwater_drum,28,2025-07-12,26,6.550000,1.000000,6.827500,hypothetical_research_only
grand_haven_mi,freshwater_drum,28,2025-07-12,30,6.550000,0.850000,6.203125,hypothetical_research_only
grand_haven_mi,freshwater_drum,29,2025-07-19,2,6.500000,0.350000,4.093750,hypothetical_research_only
grand_haven_mi,freshwater_drum,29,2025-07-19,6,6.500000,0.475000,4.609375,hypothetical_research_only
grand_haven_mi,freshwater_drum,29,2025-07-19,10,6.500000,0.625000,5.228125,hypothetical_research_only
grand_haven_mi,freshwater_drum,29,2025-07-19,14,6.500000,0.775000,5.846875,hypothetical_research_only
grand_haven_mi,freshwater_drum,29,2025-07-19,18,6.500000,0.900000,6.362500,hypothetical_research_only
grand_haven_mi,freshwater_drum,29,2025-07-19,22,6.500000,1.000000,6.775000,hypothetical_research_only
grand_haven_mi,freshwater_drum,29,2025-07-19,26,6.500000,1.000000,6.775000,hypothetical_research_only
grand_haven_mi,freshwater_drum,29,2025-07-19,30,6.500000,0.850000,6.156250,hypothetical_research_only
grand_haven_mi,freshwater_drum,30,2025-07-26,2,6.500000,0.350000,4.093750,hypothetical_research_only
grand_haven_mi,freshwater_drum,30,2025-07-26,6,6.500000,0.475000,4.609375,hypothetical_research_only
grand_haven_mi,freshwater_drum,30,2025-07-26,10,6.500000,0.625000,5.228125,hypothetical_research_only
grand_haven_mi,freshwater_drum,30,2025-07-26,14,6.500000,0.775000,5.846875,hypothetical_research_only
grand_haven_mi,freshwater_drum,30,2025-07-26,18,6.500000,0.900000,6.362500,hypothetical_research_only
grand_haven_mi,freshwater_drum,30,2025-07-26,22,6.500000,1.000000,6.775000,hypothetical_research_only
grand_haven_mi,freshwater_drum,30,2025-07-26,26,6.500000,1.000000,6.775000,hypothetical_research_only
grand_haven_mi,freshwater_drum,30,2025-07-26,30,6.500000,0.850000,6.156250,hypothetical_research_only
grand_haven_mi,freshwater_drum,31,2025-08-02,2,6.500000,0.350000,4.093750,hypothetical_research_only
grand_haven_mi,freshwater_drum,31,2025-08-02,6,6.500000,0.475000,4.609375,hypothetical_research_only
grand_haven_mi,freshwater_drum,31,2025-08-02,10,6.500000,0.625000,5.228125,hypothetical_research_only
grand_haven_mi,freshwater_drum,31,2025-08-02,14,6.500000,0.775000,5.846875,hypothetical_research_only
grand_haven_mi,freshwater_drum,31,2025-08-02,18,6.500000,0.900000,6.362500,hypothetical_research_only
grand_haven_mi,freshwater_drum,31,2025-08-02,22,6.500000,1.000000,6.775000,hypothetical_research_only
grand_haven_mi,freshwater_drum,31,2025-08-02,26,6.500000,1.000000,6.775000,hypothetical_research_only
grand_haven_mi,freshwater_drum,31,2025-08-02,30,6.500000,0.850000,6.156250,hypothetical_research_only
grand_haven_mi,freshwater_drum,32,2025-08-09,2,6.500000,0.350000,4.093750,hypothetical_research_only
grand_haven_mi,freshwater_drum,32,2025-08-09,6,6.500000,0.475000,4.609375,hypothetical_research_only
grand_haven_mi,freshwater_drum,32,2025-08-09,10,6.500000,0.625000,5.228125,hypothetical_research_only
grand_haven_mi,freshwater_drum,32,2025-08-09,14,6.500000,0.775000,5.846875,hypothetical_research_only
grand_haven_mi,freshwater_drum,32,2025-08-09,18,6.500000,0.900000,6.362500,hypothetical_research_only
grand_haven_mi,freshwater_drum,32,2025-08-09,22,6.500000,1.000000,6.775000,hypothetical_research_only
grand_haven_mi,freshwater_drum,32,2025-08-09,26,6.500000,1.000000,6.775000,hypothetical_research_only
grand_haven_mi,freshwater_drum,32,2025-08-09,30,6.500000,0.850000,6.156250,hypothetical_research_only
grand_haven_mi,freshwater_drum,33,2025-08-16,2,6.435484,0.350000,4.057460,hypothetical_research_only
grand_haven_mi,freshwater_drum,33,2025-08-16,6,6.435484,0.475000,4.567036,hypothetical_research_only
grand_haven_mi,freshwater_drum,33,2025-08-16,10,6.435484,0.625000,5.178528,hypothetical_research_only
grand_haven_mi,freshwater_drum,33,2025-08-16,14,6.435484,0.775000,5.790020,hypothetical_research_only
grand_haven_mi,freshwater_drum,33,2025-08-16,18,6.435484,0.900000,6.299597,hypothetical_research_only
grand_haven_mi,freshwater_drum,33,2025-08-16,22,6.435484,1.000000,6.707258,hypothetical_research_only
grand_haven_mi,freshwater_drum,33,2025-08-16,26,6.435484,1.000000,6.707258,hypothetical_research_only
grand_haven_mi,freshwater_drum,33,2025-08-16,30,6.435484,0.850000,6.095766,hypothetical_research_only
grand_haven_mi,freshwater_drum,34,2025-08-23,2,5.983871,0.350000,3.803427,hypothetical_research_only
grand_haven_mi,freshwater_drum,34,2025-08-23,6,5.983871,0.475000,4.270665,hypothetical_research_only
grand_haven_mi,freshwater_drum,34,2025-08-23,10,5.983871,0.625000,4.831351,hypothetical_research_only
grand_haven_mi,freshwater_drum,34,2025-08-23,14,5.983871,0.775000,5.392036,hypothetical_research_only
grand_haven_mi,freshwater_drum,34,2025-08-23,18,5.983871,0.900000,5.859274,hypothetical_research_only
grand_haven_mi,freshwater_drum,34,2025-08-23,22,5.983871,1.000000,6.233065,hypothetical_research_only
grand_haven_mi,freshwater_drum,34,2025-08-23,26,5.983871,1.000000,6.233065,hypothetical_research_only
grand_haven_mi,freshwater_drum,34,2025-08-23,30,5.983871,0.850000,5.672379,hypothetical_research_only
grand_haven_mi,freshwater_drum,35,2025-08-30,2,5.532258,0.350000,3.549395,hypothetical_research_only
grand_haven_mi,freshwater_drum,35,2025-08-30,6,5.532258,0.475000,3.974294,hypothetical_research_only
grand_haven_mi,freshwater_drum,35,2025-08-30,10,5.532258,0.625000,4.484173,hypothetical_research_only
grand_haven_mi,freshwater_drum,35,2025-08-30,14,5.532258,0.775000,4.994052,hypothetical_research_only
grand_haven_mi,freshwater_drum,35,2025-08-30,18,5.532258,0.900000,5.418952,hypothetical_research_only
grand_haven_mi,freshwater_drum,35,2025-08-30,22,5.532258,1.000000,5.758871,hypothetical_research_only
grand_haven_mi,freshwater_drum,35,2025-08-30,26,5.532258,1.000000,5.758871,hypothetical_research_only
grand_haven_mi,freshwater_drum,35,2025-08-30,30,5.532258,0.850000,5.248992,hypothetical_research_only
grand_haven_mi,freshwater_drum,36,2025-09-06,2,5.080645,0.350000,3.295363,hypothetical_research_only
grand_haven_mi,freshwater_drum,36,2025-09-06,6,5.080645,0.475000,3.677923,hypothetical_research_only
grand_haven_mi,freshwater_drum,36,2025-09-06,10,5.080645,0.625000,4.136996,hypothetical_research_only
grand_haven_mi,freshwater_drum,36,2025-09-06,14,5.080645,0.775000,4.596069,hypothetical_research_only
grand_haven_mi,freshwater_drum,36,2025-09-06,18,5.080645,0.900000,4.978629,hypothetical_research_only
grand_haven_mi,freshwater_drum,36,2025-09-06,22,5.080645,1.000000,5.284677,hypothetical_research_only
grand_haven_mi,freshwater_drum,36,2025-09-06,26,5.080645,1.000000,5.284677,hypothetical_research_only
grand_haven_mi,freshwater_drum,36,2025-09-06,30,5.080645,0.850000,4.825605,hypothetical_research_only
grand_haven_mi,freshwater_drum,37,2025-09-13,2,4.629032,0.350000,3.041331,hypothetical_research_only
grand_haven_mi,freshwater_drum,37,2025-09-13,6,4.629032,0.475000,3.381552,hypothetical_research_only
grand_haven_mi,freshwater_drum,37,2025-09-13,10,4.629032,0.625000,3.789819,hypothetical_research_only
grand_haven_mi,freshwater_drum,37,2025-09-13,14,4.629032,0.775000,4.198085,hypothetical_research_only
grand_haven_mi,freshwater_drum,37,2025-09-13,18,4.629032,0.900000,4.538306,hypothetical_research_only
grand_haven_mi,freshwater_drum,37,2025-09-13,22,4.629032,1.000000,4.810484,hypothetical_research_only
grand_haven_mi,freshwater_drum,37,2025-09-13,26,4.629032,1.000000,4.810484,hypothetical_research_only
grand_haven_mi,freshwater_drum,37,2025-09-13,30,4.629032,0.850000,4.402218,hypothetical_research_only
grand_haven_mi,freshwater_drum,38,2025-09-20,2,4.166667,0.350000,2.781250,hypothetical_research_only
grand_haven_mi,freshwater_drum,38,2025-09-20,6,4.166667,0.475000,3.078125,hypothetical_research_only
grand_haven_mi,freshwater_drum,38,2025-09-20,10,4.166667,0.625000,3.434375,hypothetical_research_only
grand_haven_mi,freshwater_drum,38,2025-09-20,14,4.166667,0.775000,3.790625,hypothetical_research_only
grand_haven_mi,freshwater_drum,38,2025-09-20,18,4.166667,0.900000,4.087500,hypothetical_research_only
grand_haven_mi,freshwater_drum,38,2025-09-20,22,4.166667,1.000000,4.325000,hypothetical_research_only
grand_haven_mi,freshwater_drum,38,2025-09-20,26,4.166667,1.000000,4.325000,hypothetical_research_only
grand_haven_mi,freshwater_drum,38,2025-09-20,30,4.166667,0.850000,3.968750,hypothetical_research_only
grand_haven_mi,freshwater_drum,39,2025-09-27,2,3.700000,0.350000,2.518750,hypothetical_research_only
grand_haven_mi,freshwater_drum,39,2025-09-27,6,3.700000,0.475000,2.771875,hypothetical_research_only
grand_haven_mi,freshwater_drum,39,2025-09-27,10,3.700000,0.625000,3.075625,hypothetical_research_only
grand_haven_mi,freshwater_drum,39,2025-09-27,14,3.700000,0.775000,3.379375,hypothetical_research_only
grand_haven_mi,freshwater_drum,39,2025-09-27,18,3.700000,0.900000,3.632500,hypothetical_research_only
grand_haven_mi,freshwater_drum,39,2025-09-27,22,3.700000,1.000000,3.835000,hypothetical_research_only
grand_haven_mi,freshwater_drum,39,2025-09-27,26,3.700000,1.000000,3.835000,hypothetical_research_only
grand_haven_mi,freshwater_drum,39,2025-09-27,30,3.700000,0.850000,3.531250,hypothetical_research_only
grand_haven_mi,freshwater_drum,40,2025-10-04,2,3.233333,0.350000,2.256250,hypothetical_research_only
grand_haven_mi,freshwater_drum,40,2025-10-04,6,3.233333,0.475000,2.465625,hypothetical_research_only
grand_haven_mi,freshwater_drum,40,2025-10-04,10,3.233333,0.625000,2.716875,hypothetical_research_only
grand_haven_mi,freshwater_drum,40,2025-10-04,14,3.233333,0.775000,2.968125,hypothetical_research_only
grand_haven_mi,freshwater_drum,40,2025-10-04,18,3.233333,0.900000,3.177500,hypothetical_research_only
grand_haven_mi,freshwater_drum,40,2025-10-04,22,3.233333,1.000000,3.345000,hypothetical_research_only
grand_haven_mi,freshwater_drum,40,2025-10-04,26,3.233333,1.000000,3.345000,hypothetical_research_only
grand_haven_mi,freshwater_drum,40,2025-10-04,30,3.233333,0.850000,3.093750,hypothetical_research_only
grand_haven_mi,freshwater_drum,41,2025-10-11,2,2.766667,0.350000,1.993750,hypothetical_research_only
grand_haven_mi,freshwater_drum,41,2025-10-11,6,2.766667,0.475000,2.159375,hypothetical_research_only
grand_haven_mi,freshwater_drum,41,2025-10-11,10,2.766667,0.625000,2.358125,hypothetical_research_only
grand_haven_mi,freshwater_drum,41,2025-10-11,14,2.766667,0.775000,2.556875,hypothetical_research_only
grand_haven_mi,freshwater_drum,41,2025-10-11,18,2.766667,0.900000,2.722500,hypothetical_research_only
grand_haven_mi,freshwater_drum,41,2025-10-11,22,2.766667,1.000000,2.855000,hypothetical_research_only
grand_haven_mi,freshwater_drum,41,2025-10-11,26,2.766667,1.000000,2.855000,hypothetical_research_only
grand_haven_mi,freshwater_drum,41,2025-10-11,30,2.766667,0.850000,2.656250,hypothetical_research_only
grand_haven_mi,freshwater_drum,42,2025-10-18,2,2.403226,0.350000,1.789315,hypothetical_research_only
grand_haven_mi,freshwater_drum,42,2025-10-18,6,2.403226,0.475000,1.920867,hypothetical_research_only
grand_haven_mi,freshwater_drum,42,2025-10-18,10,2.403226,0.625000,2.078730,hypothetical_research_only
grand_haven_mi,freshwater_drum,42,2025-10-18,14,2.403226,0.775000,2.236593,hypothetical_research_only
grand_haven_mi,freshwater_drum,42,2025-10-18,18,2.403226,0.900000,2.368145,hypothetical_research_only
grand_haven_mi,freshwater_drum,42,2025-10-18,22,2.403226,1.000000,2.473387,hypothetical_research_only
grand_haven_mi,freshwater_drum,42,2025-10-18,26,2.403226,1.000000,2.473387,hypothetical_research_only
grand_haven_mi,freshwater_drum,42,2025-10-18,30,2.403226,0.850000,2.315524,hypothetical_research_only
grand_haven_mi,freshwater_drum,43,2025-10-25,2,2.177419,0.350000,1.662298,hypothetical_research_only
grand_haven_mi,freshwater_drum,43,2025-10-25,6,2.177419,0.475000,1.772681,hypothetical_research_only
grand_haven_mi,freshwater_drum,43,2025-10-25,10,2.177419,0.625000,1.905141,hypothetical_research_only
grand_haven_mi,freshwater_drum,43,2025-10-25,14,2.177419,0.775000,2.037601,hypothetical_research_only
grand_haven_mi,freshwater_drum,43,2025-10-25,18,2.177419,0.900000,2.147984,hypothetical_research_only
grand_haven_mi,freshwater_drum,43,2025-10-25,22,2.177419,1.000000,2.236290,hypothetical_research_only
grand_haven_mi,freshwater_drum,43,2025-10-25,26,2.177419,1.000000,2.236290,hypothetical_research_only
grand_haven_mi,freshwater_drum,43,2025-10-25,30,2.177419,0.850000,2.103831,hypothetical_research_only
grand_haven_mi,freshwater_drum,44,2025-11-01,2,1.951613,0.350000,1.535282,hypothetical_research_only
grand_haven_mi,freshwater_drum,44,2025-11-01,6,1.951613,0.475000,1.624496,hypothetical_research_only
grand_haven_mi,freshwater_drum,44,2025-11-01,10,1.951613,0.625000,1.731552,hypothetical_research_only
grand_haven_mi,freshwater_drum,44,2025-11-01,14,1.951613,0.775000,1.838609,hypothetical_research_only
grand_haven_mi,freshwater_drum,44,2025-11-01,18,1.951613,0.900000,1.927823,hypothetical_research_only
grand_haven_mi,freshwater_drum,44,2025-11-01,22,1.951613,1.000000,1.999194,hypothetical_research_only
grand_haven_mi,freshwater_drum,44,2025-11-01,26,1.951613,1.000000,1.999194,hypothetical_research_only
grand_haven_mi,freshwater_drum,44,2025-11-01,30,1.951613,0.850000,1.892137,hypothetical_research_only
grand_haven_mi,freshwater_drum,45,2025-11-08,2,1.725806,0.350000,1.408266,hypothetical_research_only
grand_haven_mi,freshwater_drum,45,2025-11-08,6,1.725806,0.475000,1.476310,hypothetical_research_only
grand_haven_mi,freshwater_drum,45,2025-11-08,10,1.725806,0.625000,1.557964,hypothetical_research_only
grand_haven_mi,freshwater_drum,45,2025-11-08,14,1.725806,0.775000,1.639617,hypothetical_research_only
grand_haven_mi,freshwater_drum,45,2025-11-08,18,1.725806,0.900000,1.707661,hypothetical_research_only
grand_haven_mi,freshwater_drum,45,2025-11-08,22,1.725806,1.000000,1.762097,hypothetical_research_only
grand_haven_mi,freshwater_drum,45,2025-11-08,26,1.725806,1.000000,1.762097,hypothetical_research_only
grand_haven_mi,freshwater_drum,45,2025-11-08,30,1.725806,0.850000,1.680444,hypothetical_research_only
grand_haven_mi,freshwater_drum,46,2025-11-15,2,1.500000,0.350000,1.281250,hypothetical_research_only
grand_haven_mi,freshwater_drum,46,2025-11-15,6,1.500000,0.475000,1.328125,hypothetical_research_only
grand_haven_mi,freshwater_drum,46,2025-11-15,10,1.500000,0.625000,1.384375,hypothetical_research_only
grand_haven_mi,freshwater_drum,46,2025-11-15,14,1.500000,0.775000,1.440625,hypothetical_research_only
grand_haven_mi,freshwater_drum,46,2025-11-15,18,1.500000,0.900000,1.487500,hypothetical_research_only
grand_haven_mi,freshwater_drum,46,2025-11-15,22,1.500000,1.000000,1.525000,hypothetical_research_only
grand_haven_mi,freshwater_drum,46,2025-11-15,26,1.500000,1.000000,1.525000,hypothetical_research_only
grand_haven_mi,freshwater_drum,46,2025-11-15,30,1.500000,0.850000,1.468750,hypothetical_research_only
grand_haven_mi,freshwater_drum,47,2025-11-22,2,1.500000,0.350000,1.281250,hypothetical_research_only
grand_haven_mi,freshwater_drum,47,2025-11-22,6,1.500000,0.475000,1.328125,hypothetical_research_only
grand_haven_mi,freshwater_drum,47,2025-11-22,10,1.500000,0.625000,1.384375,hypothetical_research_only
grand_haven_mi,freshwater_drum,47,2025-11-22,14,1.500000,0.775000,1.440625,hypothetical_research_only
grand_haven_mi,freshwater_drum,47,2025-11-22,18,1.500000,0.900000,1.487500,hypothetical_research_only
grand_haven_mi,freshwater_drum,47,2025-11-22,22,1.500000,1.000000,1.525000,hypothetical_research_only
grand_haven_mi,freshwater_drum,47,2025-11-22,26,1.500000,1.000000,1.525000,hypothetical_research_only
grand_haven_mi,freshwater_drum,47,2025-11-22,30,1.500000,0.850000,1.468750,hypothetical_research_only
grand_haven_mi,freshwater_drum,48,2025-11-29,2,1.500000,0.350000,1.281250,hypothetical_research_only
grand_haven_mi,freshwater_drum,48,2025-11-29,6,1.500000,0.475000,1.328125,hypothetical_research_only
grand_haven_mi,freshwater_drum,48,2025-11-29,10,1.500000,0.625000,1.384375,hypothetical_research_only
grand_haven_mi,freshwater_drum,48,2025-11-29,14,1.500000,0.775000,1.440625,hypothetical_research_only
grand_haven_mi,freshwater_drum,48,2025-11-29,18,1.500000,0.900000,1.487500,hypothetical_research_only
grand_haven_mi,freshwater_drum,48,2025-11-29,22,1.500000,1.000000,1.525000,hypothetical_research_only
grand_haven_mi,freshwater_drum,48,2025-11-29,26,1.500000,1.000000,1.525000,hypothetical_research_only
grand_haven_mi,freshwater_drum,48,2025-11-29,30,1.500000,0.850000,1.468750,hypothetical_research_only
grand_haven_mi,freshwater_drum,49,2025-12-06,2,1.500000,0.350000,1.281250,hypothetical_research_only
grand_haven_mi,freshwater_drum,49,2025-12-06,6,1.500000,0.475000,1.328125,hypothetical_research_only
grand_haven_mi,freshwater_drum,49,2025-12-06,10,1.500000,0.625000,1.384375,hypothetical_research_only
grand_haven_mi,freshwater_drum,49,2025-12-06,14,1.500000,0.775000,1.440625,hypothetical_research_only
grand_haven_mi,freshwater_drum,49,2025-12-06,18,1.500000,0.900000,1.487500,hypothetical_research_only
grand_haven_mi,freshwater_drum,49,2025-12-06,22,1.500000,1.000000,1.525000,hypothetical_research_only
grand_haven_mi,freshwater_drum,49,2025-12-06,26,1.500000,1.000000,1.525000,hypothetical_research_only
grand_haven_mi,freshwater_drum,49,2025-12-06,30,1.500000,0.850000,1.468750,hypothetical_research_only
grand_haven_mi,freshwater_drum,50,2025-12-13,2,1.500000,0.350000,1.281250,hypothetical_research_only
grand_haven_mi,freshwater_drum,50,2025-12-13,6,1.500000,0.475000,1.328125,hypothetical_research_only
grand_haven_mi,freshwater_drum,50,2025-12-13,10,1.500000,0.625000,1.384375,hypothetical_research_only
grand_haven_mi,freshwater_drum,50,2025-12-13,14,1.500000,0.775000,1.440625,hypothetical_research_only
grand_haven_mi,freshwater_drum,50,2025-12-13,18,1.500000,0.900000,1.487500,hypothetical_research_only
grand_haven_mi,freshwater_drum,50,2025-12-13,22,1.500000,1.000000,1.525000,hypothetical_research_only
grand_haven_mi,freshwater_drum,50,2025-12-13,26,1.500000,1.000000,1.525000,hypothetical_research_only
grand_haven_mi,freshwater_drum,50,2025-12-13,30,1.500000,0.850000,1.468750,hypothetical_research_only
grand_haven_mi,freshwater_drum,51,2025-12-20,2,1.500000,0.350000,1.281250,hypothetical_research_only
grand_haven_mi,freshwater_drum,51,2025-12-20,6,1.500000,0.475000,1.328125,hypothetical_research_only
grand_haven_mi,freshwater_drum,51,2025-12-20,10,1.500000,0.625000,1.384375,hypothetical_research_only
grand_haven_mi,freshwater_drum,51,2025-12-20,14,1.500000,0.775000,1.440625,hypothetical_research_only
grand_haven_mi,freshwater_drum,51,2025-12-20,18,1.500000,0.900000,1.487500,hypothetical_research_only
grand_haven_mi,freshwater_drum,51,2025-12-20,22,1.500000,1.000000,1.525000,hypothetical_research_only
grand_haven_mi,freshwater_drum,51,2025-12-20,26,1.500000,1.000000,1.525000,hypothetical_research_only
grand_haven_mi,freshwater_drum,51,2025-12-20,30,1.500000,0.850000,1.468750,hypothetical_research_only
grand_haven_mi,freshwater_drum,52,2025-12-27,2,1.500000,0.350000,1.281250,hypothetical_research_only
grand_haven_mi,freshwater_drum,52,2025-12-27,6,1.500000,0.475000,1.328125,hypothetical_research_only
grand_haven_mi,freshwater_drum,52,2025-12-27,10,1.500000,0.625000,1.384375,hypothetical_research_only
grand_haven_mi,freshwater_drum,52,2025-12-27,14,1.500000,0.775000,1.440625,hypothetical_research_only
grand_haven_mi,freshwater_drum,52,2025-12-27,18,1.500000,0.900000,1.487500,hypothetical_research_only
grand_haven_mi,freshwater_drum,52,2025-12-27,22,1.500000,1.000000,1.525000,hypothetical_research_only
grand_haven_mi,freshwater_drum,52,2025-12-27,26,1.500000,1.000000,1.525000,hypothetical_research_only
grand_haven_mi,freshwater_drum,52,2025-12-27,30,1.500000,0.850000,1.468750,hypothetical_research_only
grand_haven_mi,lake_whitefish,1,2025-01-04,2,2.177419,0.850000,2.103831,hypothetical_research_only
grand_haven_mi,lake_whitefish,1,2025-01-04,6,2.177419,1.000000,2.236290,hypothetical_research_only
grand_haven_mi,lake_whitefish,1,2025-01-04,10,2.177419,1.000000,2.236290,hypothetical_research_only
grand_haven_mi,lake_whitefish,1,2025-01-04,14,2.177419,0.933333,2.177419,hypothetical_research_only
grand_haven_mi,lake_whitefish,1,2025-01-04,18,2.177419,0.650000,1.927218,hypothetical_research_only
grand_haven_mi,lake_whitefish,1,2025-01-04,22,2.177419,0.333333,1.647581,hypothetical_research_only
grand_haven_mi,lake_whitefish,1,2025-01-04,26,2.177419,0.100000,1.441532,hypothetical_research_only
grand_haven_mi,lake_whitefish,1,2025-01-04,30,2.177419,,,out_of_domain
grand_haven_mi,lake_whitefish,2,2025-01-11,2,2.064516,0.850000,1.997984,hypothetical_research_only
grand_haven_mi,lake_whitefish,2,2025-01-11,6,2.064516,1.000000,2.117742,hypothetical_research_only
grand_haven_mi,lake_whitefish,2,2025-01-11,10,2.064516,1.000000,2.117742,hypothetical_research_only
grand_haven_mi,lake_whitefish,2,2025-01-11,14,2.064516,0.933333,2.064516,hypothetical_research_only
grand_haven_mi,lake_whitefish,2,2025-01-11,18,2.064516,0.650000,1.838306,hypothetical_research_only
grand_haven_mi,lake_whitefish,2,2025-01-11,22,2.064516,0.333333,1.585484,hypothetical_research_only
grand_haven_mi,lake_whitefish,2,2025-01-11,26,2.064516,0.100000,1.399194,hypothetical_research_only
grand_haven_mi,lake_whitefish,2,2025-01-11,30,2.064516,,,out_of_domain
grand_haven_mi,lake_whitefish,3,2025-01-18,2,1.951613,0.850000,1.892137,hypothetical_research_only
grand_haven_mi,lake_whitefish,3,2025-01-18,6,1.951613,1.000000,1.999194,hypothetical_research_only
grand_haven_mi,lake_whitefish,3,2025-01-18,10,1.951613,1.000000,1.999194,hypothetical_research_only
grand_haven_mi,lake_whitefish,3,2025-01-18,14,1.951613,0.933333,1.951613,hypothetical_research_only
grand_haven_mi,lake_whitefish,3,2025-01-18,18,1.951613,0.650000,1.749395,hypothetical_research_only
grand_haven_mi,lake_whitefish,3,2025-01-18,22,1.951613,0.333333,1.523387,hypothetical_research_only
grand_haven_mi,lake_whitefish,3,2025-01-18,26,1.951613,0.100000,1.356855,hypothetical_research_only
grand_haven_mi,lake_whitefish,3,2025-01-18,30,1.951613,,,out_of_domain
grand_haven_mi,lake_whitefish,4,2025-01-25,2,1.838710,0.850000,1.786290,hypothetical_research_only
grand_haven_mi,lake_whitefish,4,2025-01-25,6,1.838710,1.000000,1.880645,hypothetical_research_only
grand_haven_mi,lake_whitefish,4,2025-01-25,10,1.838710,1.000000,1.880645,hypothetical_research_only
grand_haven_mi,lake_whitefish,4,2025-01-25,14,1.838710,0.933333,1.838710,hypothetical_research_only
grand_haven_mi,lake_whitefish,4,2025-01-25,18,1.838710,0.650000,1.660484,hypothetical_research_only
grand_haven_mi,lake_whitefish,4,2025-01-25,22,1.838710,0.333333,1.461290,hypothetical_research_only
grand_haven_mi,lake_whitefish,4,2025-01-25,26,1.838710,0.100000,1.314516,hypothetical_research_only
grand_haven_mi,lake_whitefish,4,2025-01-25,30,1.838710,,,out_of_domain
grand_haven_mi,lake_whitefish,5,2025-02-01,2,1.725806,0.850000,1.680444,hypothetical_research_only
grand_haven_mi,lake_whitefish,5,2025-02-01,6,1.725806,1.000000,1.762097,hypothetical_research_only
grand_haven_mi,lake_whitefish,5,2025-02-01,10,1.725806,1.000000,1.762097,hypothetical_research_only
grand_haven_mi,lake_whitefish,5,2025-02-01,14,1.725806,0.933333,1.725806,hypothetical_research_only
grand_haven_mi,lake_whitefish,5,2025-02-01,18,1.725806,0.650000,1.571573,hypothetical_research_only
grand_haven_mi,lake_whitefish,5,2025-02-01,22,1.725806,0.333333,1.399194,hypothetical_research_only
grand_haven_mi,lake_whitefish,5,2025-02-01,26,1.725806,0.100000,1.272177,hypothetical_research_only
grand_haven_mi,lake_whitefish,5,2025-02-01,30,1.725806,,,out_of_domain
grand_haven_mi,lake_whitefish,6,2025-02-08,2,1.612903,0.850000,1.574597,hypothetical_research_only
grand_haven_mi,lake_whitefish,6,2025-02-08,6,1.612903,1.000000,1.643548,hypothetical_research_only
grand_haven_mi,lake_whitefish,6,2025-02-08,10,1.612903,1.000000,1.643548,hypothetical_research_only
grand_haven_mi,lake_whitefish,6,2025-02-08,14,1.612903,0.933333,1.612903,hypothetical_research_only
grand_haven_mi,lake_whitefish,6,2025-02-08,18,1.612903,0.650000,1.482661,hypothetical_research_only
grand_haven_mi,lake_whitefish,6,2025-02-08,22,1.612903,0.333333,1.337097,hypothetical_research_only
grand_haven_mi,lake_whitefish,6,2025-02-08,26,1.612903,0.100000,1.229839,hypothetical_research_only
grand_haven_mi,lake_whitefish,6,2025-02-08,30,1.612903,,,out_of_domain
grand_haven_mi,lake_whitefish,7,2025-02-15,2,1.500000,0.850000,1.468750,hypothetical_research_only
grand_haven_mi,lake_whitefish,7,2025-02-15,6,1.500000,1.000000,1.525000,hypothetical_research_only
grand_haven_mi,lake_whitefish,7,2025-02-15,10,1.500000,1.000000,1.525000,hypothetical_research_only
grand_haven_mi,lake_whitefish,7,2025-02-15,14,1.500000,0.933333,1.500000,hypothetical_research_only
grand_haven_mi,lake_whitefish,7,2025-02-15,18,1.500000,0.650000,1.393750,hypothetical_research_only
grand_haven_mi,lake_whitefish,7,2025-02-15,22,1.500000,0.333333,1.275000,hypothetical_research_only
grand_haven_mi,lake_whitefish,7,2025-02-15,26,1.500000,0.100000,1.187500,hypothetical_research_only
grand_haven_mi,lake_whitefish,7,2025-02-15,30,1.500000,,,out_of_domain
grand_haven_mi,lake_whitefish,8,2025-02-22,2,1.500000,0.850000,1.468750,hypothetical_research_only
grand_haven_mi,lake_whitefish,8,2025-02-22,6,1.500000,1.000000,1.525000,hypothetical_research_only
grand_haven_mi,lake_whitefish,8,2025-02-22,10,1.500000,1.000000,1.525000,hypothetical_research_only
grand_haven_mi,lake_whitefish,8,2025-02-22,14,1.500000,0.933333,1.500000,hypothetical_research_only
grand_haven_mi,lake_whitefish,8,2025-02-22,18,1.500000,0.650000,1.393750,hypothetical_research_only
grand_haven_mi,lake_whitefish,8,2025-02-22,22,1.500000,0.333333,1.275000,hypothetical_research_only
grand_haven_mi,lake_whitefish,8,2025-02-22,26,1.500000,0.100000,1.187500,hypothetical_research_only
grand_haven_mi,lake_whitefish,8,2025-02-22,30,1.500000,,,out_of_domain
grand_haven_mi,lake_whitefish,9,2025-03-01,2,1.500000,0.850000,1.468750,hypothetical_research_only
grand_haven_mi,lake_whitefish,9,2025-03-01,6,1.500000,1.000000,1.525000,hypothetical_research_only
grand_haven_mi,lake_whitefish,9,2025-03-01,10,1.500000,1.000000,1.525000,hypothetical_research_only
grand_haven_mi,lake_whitefish,9,2025-03-01,14,1.500000,0.933333,1.500000,hypothetical_research_only
grand_haven_mi,lake_whitefish,9,2025-03-01,18,1.500000,0.650000,1.393750,hypothetical_research_only
grand_haven_mi,lake_whitefish,9,2025-03-01,22,1.500000,0.333333,1.275000,hypothetical_research_only
grand_haven_mi,lake_whitefish,9,2025-03-01,26,1.500000,0.100000,1.187500,hypothetical_research_only
grand_haven_mi,lake_whitefish,9,2025-03-01,30,1.500000,,,out_of_domain
grand_haven_mi,lake_whitefish,10,2025-03-08,2,1.500000,0.850000,1.468750,hypothetical_research_only
grand_haven_mi,lake_whitefish,10,2025-03-08,6,1.500000,1.000000,1.525000,hypothetical_research_only
grand_haven_mi,lake_whitefish,10,2025-03-08,10,1.500000,1.000000,1.525000,hypothetical_research_only
grand_haven_mi,lake_whitefish,10,2025-03-08,14,1.500000,0.933333,1.500000,hypothetical_research_only
grand_haven_mi,lake_whitefish,10,2025-03-08,18,1.500000,0.650000,1.393750,hypothetical_research_only
grand_haven_mi,lake_whitefish,10,2025-03-08,22,1.500000,0.333333,1.275000,hypothetical_research_only
grand_haven_mi,lake_whitefish,10,2025-03-08,26,1.500000,0.100000,1.187500,hypothetical_research_only
grand_haven_mi,lake_whitefish,10,2025-03-08,30,1.500000,,,out_of_domain
grand_haven_mi,lake_whitefish,11,2025-03-15,2,1.500000,0.850000,1.468750,hypothetical_research_only
grand_haven_mi,lake_whitefish,11,2025-03-15,6,1.500000,1.000000,1.525000,hypothetical_research_only
grand_haven_mi,lake_whitefish,11,2025-03-15,10,1.500000,1.000000,1.525000,hypothetical_research_only
grand_haven_mi,lake_whitefish,11,2025-03-15,14,1.500000,0.933333,1.500000,hypothetical_research_only
grand_haven_mi,lake_whitefish,11,2025-03-15,18,1.500000,0.650000,1.393750,hypothetical_research_only
grand_haven_mi,lake_whitefish,11,2025-03-15,22,1.500000,0.333333,1.275000,hypothetical_research_only
grand_haven_mi,lake_whitefish,11,2025-03-15,26,1.500000,0.100000,1.187500,hypothetical_research_only
grand_haven_mi,lake_whitefish,11,2025-03-15,30,1.500000,,,out_of_domain
grand_haven_mi,lake_whitefish,12,2025-03-22,2,1.725806,0.850000,1.680444,hypothetical_research_only
grand_haven_mi,lake_whitefish,12,2025-03-22,6,1.725806,1.000000,1.762097,hypothetical_research_only
grand_haven_mi,lake_whitefish,12,2025-03-22,10,1.725806,1.000000,1.762097,hypothetical_research_only
grand_haven_mi,lake_whitefish,12,2025-03-22,14,1.725806,0.933333,1.725806,hypothetical_research_only
grand_haven_mi,lake_whitefish,12,2025-03-22,18,1.725806,0.650000,1.571573,hypothetical_research_only
grand_haven_mi,lake_whitefish,12,2025-03-22,22,1.725806,0.333333,1.399194,hypothetical_research_only
grand_haven_mi,lake_whitefish,12,2025-03-22,26,1.725806,0.100000,1.272177,hypothetical_research_only
grand_haven_mi,lake_whitefish,12,2025-03-22,30,1.725806,,,out_of_domain
grand_haven_mi,lake_whitefish,13,2025-03-29,2,1.951613,0.850000,1.892137,hypothetical_research_only
grand_haven_mi,lake_whitefish,13,2025-03-29,6,1.951613,1.000000,1.999194,hypothetical_research_only
grand_haven_mi,lake_whitefish,13,2025-03-29,10,1.951613,1.000000,1.999194,hypothetical_research_only
grand_haven_mi,lake_whitefish,13,2025-03-29,14,1.951613,0.933333,1.951613,hypothetical_research_only
grand_haven_mi,lake_whitefish,13,2025-03-29,18,1.951613,0.650000,1.749395,hypothetical_research_only
grand_haven_mi,lake_whitefish,13,2025-03-29,22,1.951613,0.333333,1.523387,hypothetical_research_only
grand_haven_mi,lake_whitefish,13,2025-03-29,26,1.951613,0.100000,1.356855,hypothetical_research_only
grand_haven_mi,lake_whitefish,13,2025-03-29,30,1.951613,,,out_of_domain
grand_haven_mi,lake_whitefish,14,2025-04-05,2,2.177419,0.850000,2.103831,hypothetical_research_only
grand_haven_mi,lake_whitefish,14,2025-04-05,6,2.177419,1.000000,2.236290,hypothetical_research_only
grand_haven_mi,lake_whitefish,14,2025-04-05,10,2.177419,1.000000,2.236290,hypothetical_research_only
grand_haven_mi,lake_whitefish,14,2025-04-05,14,2.177419,0.933333,2.177419,hypothetical_research_only
grand_haven_mi,lake_whitefish,14,2025-04-05,18,2.177419,0.650000,1.927218,hypothetical_research_only
grand_haven_mi,lake_whitefish,14,2025-04-05,22,2.177419,0.333333,1.647581,hypothetical_research_only
grand_haven_mi,lake_whitefish,14,2025-04-05,26,2.177419,0.100000,1.441532,hypothetical_research_only
grand_haven_mi,lake_whitefish,14,2025-04-05,30,2.177419,,,out_of_domain
grand_haven_mi,lake_whitefish,15,2025-04-12,2,2.403226,0.850000,2.315524,hypothetical_research_only
grand_haven_mi,lake_whitefish,15,2025-04-12,6,2.403226,1.000000,2.473387,hypothetical_research_only
grand_haven_mi,lake_whitefish,15,2025-04-12,10,2.403226,1.000000,2.473387,hypothetical_research_only
grand_haven_mi,lake_whitefish,15,2025-04-12,14,2.403226,0.933333,2.403226,hypothetical_research_only
grand_haven_mi,lake_whitefish,15,2025-04-12,18,2.403226,0.650000,2.105040,hypothetical_research_only
grand_haven_mi,lake_whitefish,15,2025-04-12,22,2.403226,0.333333,1.771774,hypothetical_research_only
grand_haven_mi,lake_whitefish,15,2025-04-12,26,2.403226,0.100000,1.526210,hypothetical_research_only
grand_haven_mi,lake_whitefish,15,2025-04-12,30,2.403226,,,out_of_domain
grand_haven_mi,lake_whitefish,16,2025-04-19,2,2.366667,0.850000,2.281250,hypothetical_research_only
grand_haven_mi,lake_whitefish,16,2025-04-19,6,2.366667,1.000000,2.435000,hypothetical_research_only
grand_haven_mi,lake_whitefish,16,2025-04-19,10,2.366667,1.000000,2.435000,hypothetical_research_only
grand_haven_mi,lake_whitefish,16,2025-04-19,14,2.366667,0.933333,2.366667,hypothetical_research_only
grand_haven_mi,lake_whitefish,16,2025-04-19,18,2.366667,0.650000,2.076250,hypothetical_research_only
grand_haven_mi,lake_whitefish,16,2025-04-19,22,2.366667,0.333333,1.751667,hypothetical_research_only
grand_haven_mi,lake_whitefish,16,2025-04-19,26,2.366667,0.100000,1.512500,hypothetical_research_only
grand_haven_mi,lake_whitefish,16,2025-04-19,30,2.366667,,,out_of_domain
grand_haven_mi,lake_whitefish,17,2025-04-26,2,2.133333,0.850000,2.062500,hypothetical_research_only
grand_haven_mi,lake_whitefish,17,2025-04-26,6,2.133333,1.000000,2.190000,hypothetical_research_only
grand_haven_mi,lake_whitefish,17,2025-04-26,10,2.133333,1.000000,2.190000,hypothetical_research_only
grand_haven_mi,lake_whitefish,17,2025-04-26,14,2.133333,0.933333,2.133333,hypothetical_research_only
grand_haven_mi,lake_whitefish,17,2025-04-26,18,2.133333,0.650000,1.892500,hypothetical_research_only
grand_haven_mi,lake_whitefish,17,2025-04-26,22,2.133333,0.333333,1.623333,hypothetical_research_only
grand_haven_mi,lake_whitefish,17,2025-04-26,26,2.133333,0.100000,1.425000,hypothetical_research_only
grand_haven_mi,lake_whitefish,17,2025-04-26,30,2.133333,,,out_of_domain
grand_haven_mi,lake_whitefish,18,2025-05-03,2,1.900000,0.850000,1.843750,hypothetical_research_only
grand_haven_mi,lake_whitefish,18,2025-05-03,6,1.900000,1.000000,1.945000,hypothetical_research_only
grand_haven_mi,lake_whitefish,18,2025-05-03,10,1.900000,1.000000,1.945000,hypothetical_research_only
grand_haven_mi,lake_whitefish,18,2025-05-03,14,1.900000,0.933333,1.900000,hypothetical_research_only
grand_haven_mi,lake_whitefish,18,2025-05-03,18,1.900000,0.650000,1.708750,hypothetical_research_only
grand_haven_mi,lake_whitefish,18,2025-05-03,22,1.900000,0.333333,1.495000,hypothetical_research_only
grand_haven_mi,lake_whitefish,18,2025-05-03,26,1.900000,0.100000,1.337500,hypothetical_research_only
grand_haven_mi,lake_whitefish,18,2025-05-03,30,1.900000,,,out_of_domain
grand_haven_mi,lake_whitefish,19,2025-05-10,2,1.666667,0.850000,1.625000,hypothetical_research_only
grand_haven_mi,lake_whitefish,19,2025-05-10,6,1.666667,1.000000,1.700000,hypothetical_research_only
grand_haven_mi,lake_whitefish,19,2025-05-10,10,1.666667,1.000000,1.700000,hypothetical_research_only
grand_haven_mi,lake_whitefish,19,2025-05-10,14,1.666667,0.933333,1.666667,hypothetical_research_only
grand_haven_mi,lake_whitefish,19,2025-05-10,18,1.666667,0.650000,1.525000,hypothetical_research_only
grand_haven_mi,lake_whitefish,19,2025-05-10,22,1.666667,0.333333,1.366667,hypothetical_research_only
grand_haven_mi,lake_whitefish,19,2025-05-10,26,1.666667,0.100000,1.250000,hypothetical_research_only
grand_haven_mi,lake_whitefish,19,2025-05-10,30,1.666667,,,out_of_domain
grand_haven_mi,lake_whitefish,20,2025-05-17,2,1.467742,0.850000,1.438508,hypothetical_research_only
grand_haven_mi,lake_whitefish,20,2025-05-17,6,1.467742,1.000000,1.491129,hypothetical_research_only
grand_haven_mi,lake_whitefish,20,2025-05-17,10,1.467742,1.000000,1.491129,hypothetical_research_only
grand_haven_mi,lake_whitefish,20,2025-05-17,14,1.467742,0.933333,1.467742,hypothetical_research_only
grand_haven_mi,lake_whitefish,20,2025-05-17,18,1.467742,0.650000,1.368347,hypothetical_research_only
grand_haven_mi,lake_whitefish,20,2025-05-17,22,1.467742,0.333333,1.257258,hypothetical_research_only
grand_haven_mi,lake_whitefish,20,2025-05-17,26,1.467742,0.100000,1.175403,hypothetical_research_only
grand_haven_mi,lake_whitefish,20,2025-05-17,30,1.467742,,,out_of_domain
grand_haven_mi,lake_whitefish,21,2025-05-24,2,1.354839,0.850000,1.332661,hypothetical_research_only
grand_haven_mi,lake_whitefish,21,2025-05-24,6,1.354839,1.000000,1.372581,hypothetical_research_only
grand_haven_mi,lake_whitefish,21,2025-05-24,10,1.354839,1.000000,1.372581,hypothetical_research_only
grand_haven_mi,lake_whitefish,21,2025-05-24,14,1.354839,0.933333,1.354839,hypothetical_research_only
grand_haven_mi,lake_whitefish,21,2025-05-24,18,1.354839,0.650000,1.279435,hypothetical_research_only
grand_haven_mi,lake_whitefish,21,2025-05-24,22,1.354839,0.333333,1.195161,hypothetical_research_only
grand_haven_mi,lake_whitefish,21,2025-05-24,26,1.354839,0.100000,1.133065,hypothetical_research_only
grand_haven_mi,lake_whitefish,21,2025-05-24,30,1.354839,,,out_of_domain
grand_haven_mi,lake_whitefish,22,2025-05-31,2,1.241935,0.850000,1.226815,hypothetical_research_only
grand_haven_mi,lake_whitefish,22,2025-05-31,6,1.241935,1.000000,1.254032,hypothetical_research_only
grand_haven_mi,lake_whitefish,22,2025-05-31,10,1.241935,1.000000,1.254032,hypothetical_research_only
grand_haven_mi,lake_whitefish,22,2025-05-31,14,1.241935,0.933333,1.241935,hypothetical_research_only
grand_haven_mi,lake_whitefish,22,2025-05-31,18,1.241935,0.650000,1.190524,hypothetical_research_only
grand_haven_mi,lake_whitefish,22,2025-05-31,22,1.241935,0.333333,1.133065,hypothetical_research_only
grand_haven_mi,lake_whitefish,22,2025-05-31,26,1.241935,0.100000,1.090726,hypothetical_research_only
grand_haven_mi,lake_whitefish,22,2025-05-31,30,1.241935,,,out_of_domain
grand_haven_mi,lake_whitefish,23,2025-06-07,2,1.129032,0.850000,1.120968,hypothetical_research_only
grand_haven_mi,lake_whitefish,23,2025-06-07,6,1.129032,1.000000,1.135484,hypothetical_research_only
grand_haven_mi,lake_whitefish,23,2025-06-07,10,1.129032,1.000000,1.135484,hypothetical_research_only
grand_haven_mi,lake_whitefish,23,2025-06-07,14,1.129032,0.933333,1.129032,hypothetical_research_only
grand_haven_mi,lake_whitefish,23,2025-06-07,18,1.129032,0.650000,1.101613,hypothetical_research_only
grand_haven_mi,lake_whitefish,23,2025-06-07,22,1.129032,0.333333,1.070968,hypothetical_research_only
grand_haven_mi,lake_whitefish,23,2025-06-07,26,1.129032,0.100000,1.048387,hypothetical_research_only
grand_haven_mi,lake_whitefish,23,2025-06-07,30,1.129032,,,out_of_domain
grand_haven_mi,lake_whitefish,24,2025-06-14,2,1.016129,0.850000,1.015121,hypothetical_research_only
grand_haven_mi,lake_whitefish,24,2025-06-14,6,1.016129,1.000000,1.016935,hypothetical_research_only
grand_haven_mi,lake_whitefish,24,2025-06-14,10,1.016129,1.000000,1.016935,hypothetical_research_only
grand_haven_mi,lake_whitefish,24,2025-06-14,14,1.016129,0.933333,1.016129,hypothetical_research_only
grand_haven_mi,lake_whitefish,24,2025-06-14,18,1.016129,0.650000,1.012702,hypothetical_research_only
grand_haven_mi,lake_whitefish,24,2025-06-14,22,1.016129,0.333333,1.008871,hypothetical_research_only
grand_haven_mi,lake_whitefish,24,2025-06-14,26,1.016129,0.100000,1.006048,hypothetical_research_only
grand_haven_mi,lake_whitefish,24,2025-06-14,30,1.016129,,,out_of_domain
grand_haven_mi,lake_whitefish,25,2025-06-21,2,1.000000,0.850000,1.000000,hypothetical_research_only
grand_haven_mi,lake_whitefish,25,2025-06-21,6,1.000000,1.000000,1.000000,hypothetical_research_only
grand_haven_mi,lake_whitefish,25,2025-06-21,10,1.000000,1.000000,1.000000,hypothetical_research_only
grand_haven_mi,lake_whitefish,25,2025-06-21,14,1.000000,0.933333,1.000000,hypothetical_research_only
grand_haven_mi,lake_whitefish,25,2025-06-21,18,1.000000,0.650000,1.000000,hypothetical_research_only
grand_haven_mi,lake_whitefish,25,2025-06-21,22,1.000000,0.333333,1.000000,hypothetical_research_only
grand_haven_mi,lake_whitefish,25,2025-06-21,26,1.000000,0.100000,1.000000,hypothetical_research_only
grand_haven_mi,lake_whitefish,25,2025-06-21,30,1.000000,,,out_of_domain
grand_haven_mi,lake_whitefish,26,2025-06-28,2,1.000000,0.850000,1.000000,hypothetical_research_only
grand_haven_mi,lake_whitefish,26,2025-06-28,6,1.000000,1.000000,1.000000,hypothetical_research_only
grand_haven_mi,lake_whitefish,26,2025-06-28,10,1.000000,1.000000,1.000000,hypothetical_research_only
grand_haven_mi,lake_whitefish,26,2025-06-28,14,1.000000,0.933333,1.000000,hypothetical_research_only
grand_haven_mi,lake_whitefish,26,2025-06-28,18,1.000000,0.650000,1.000000,hypothetical_research_only
grand_haven_mi,lake_whitefish,26,2025-06-28,22,1.000000,0.333333,1.000000,hypothetical_research_only
grand_haven_mi,lake_whitefish,26,2025-06-28,26,1.000000,0.100000,1.000000,hypothetical_research_only
grand_haven_mi,lake_whitefish,26,2025-06-28,30,1.000000,,,out_of_domain
grand_haven_mi,lake_whitefish,27,2025-07-05,2,1.000000,0.850000,1.000000,hypothetical_research_only
grand_haven_mi,lake_whitefish,27,2025-07-05,6,1.000000,1.000000,1.000000,hypothetical_research_only
grand_haven_mi,lake_whitefish,27,2025-07-05,10,1.000000,1.000000,1.000000,hypothetical_research_only
grand_haven_mi,lake_whitefish,27,2025-07-05,14,1.000000,0.933333,1.000000,hypothetical_research_only
grand_haven_mi,lake_whitefish,27,2025-07-05,18,1.000000,0.650000,1.000000,hypothetical_research_only
grand_haven_mi,lake_whitefish,27,2025-07-05,22,1.000000,0.333333,1.000000,hypothetical_research_only
grand_haven_mi,lake_whitefish,27,2025-07-05,26,1.000000,0.100000,1.000000,hypothetical_research_only
grand_haven_mi,lake_whitefish,27,2025-07-05,30,1.000000,,,out_of_domain
grand_haven_mi,lake_whitefish,28,2025-07-12,2,1.000000,0.850000,1.000000,hypothetical_research_only
grand_haven_mi,lake_whitefish,28,2025-07-12,6,1.000000,1.000000,1.000000,hypothetical_research_only
grand_haven_mi,lake_whitefish,28,2025-07-12,10,1.000000,1.000000,1.000000,hypothetical_research_only
grand_haven_mi,lake_whitefish,28,2025-07-12,14,1.000000,0.933333,1.000000,hypothetical_research_only
grand_haven_mi,lake_whitefish,28,2025-07-12,18,1.000000,0.650000,1.000000,hypothetical_research_only
grand_haven_mi,lake_whitefish,28,2025-07-12,22,1.000000,0.333333,1.000000,hypothetical_research_only
grand_haven_mi,lake_whitefish,28,2025-07-12,26,1.000000,0.100000,1.000000,hypothetical_research_only
grand_haven_mi,lake_whitefish,28,2025-07-12,30,1.000000,,,out_of_domain
grand_haven_mi,lake_whitefish,29,2025-07-19,2,1.000000,0.850000,1.000000,hypothetical_research_only
grand_haven_mi,lake_whitefish,29,2025-07-19,6,1.000000,1.000000,1.000000,hypothetical_research_only
grand_haven_mi,lake_whitefish,29,2025-07-19,10,1.000000,1.000000,1.000000,hypothetical_research_only
grand_haven_mi,lake_whitefish,29,2025-07-19,14,1.000000,0.933333,1.000000,hypothetical_research_only
grand_haven_mi,lake_whitefish,29,2025-07-19,18,1.000000,0.650000,1.000000,hypothetical_research_only
grand_haven_mi,lake_whitefish,29,2025-07-19,22,1.000000,0.333333,1.000000,hypothetical_research_only
grand_haven_mi,lake_whitefish,29,2025-07-19,26,1.000000,0.100000,1.000000,hypothetical_research_only
grand_haven_mi,lake_whitefish,29,2025-07-19,30,1.000000,,,out_of_domain
grand_haven_mi,lake_whitefish,30,2025-07-26,2,1.000000,0.850000,1.000000,hypothetical_research_only
grand_haven_mi,lake_whitefish,30,2025-07-26,6,1.000000,1.000000,1.000000,hypothetical_research_only
grand_haven_mi,lake_whitefish,30,2025-07-26,10,1.000000,1.000000,1.000000,hypothetical_research_only
grand_haven_mi,lake_whitefish,30,2025-07-26,14,1.000000,0.933333,1.000000,hypothetical_research_only
grand_haven_mi,lake_whitefish,30,2025-07-26,18,1.000000,0.650000,1.000000,hypothetical_research_only
grand_haven_mi,lake_whitefish,30,2025-07-26,22,1.000000,0.333333,1.000000,hypothetical_research_only
grand_haven_mi,lake_whitefish,30,2025-07-26,26,1.000000,0.100000,1.000000,hypothetical_research_only
grand_haven_mi,lake_whitefish,30,2025-07-26,30,1.000000,,,out_of_domain
grand_haven_mi,lake_whitefish,31,2025-08-02,2,1.000000,0.850000,1.000000,hypothetical_research_only
grand_haven_mi,lake_whitefish,31,2025-08-02,6,1.000000,1.000000,1.000000,hypothetical_research_only
grand_haven_mi,lake_whitefish,31,2025-08-02,10,1.000000,1.000000,1.000000,hypothetical_research_only
grand_haven_mi,lake_whitefish,31,2025-08-02,14,1.000000,0.933333,1.000000,hypothetical_research_only
grand_haven_mi,lake_whitefish,31,2025-08-02,18,1.000000,0.650000,1.000000,hypothetical_research_only
grand_haven_mi,lake_whitefish,31,2025-08-02,22,1.000000,0.333333,1.000000,hypothetical_research_only
grand_haven_mi,lake_whitefish,31,2025-08-02,26,1.000000,0.100000,1.000000,hypothetical_research_only
grand_haven_mi,lake_whitefish,31,2025-08-02,30,1.000000,,,out_of_domain
grand_haven_mi,lake_whitefish,32,2025-08-09,2,1.000000,0.850000,1.000000,hypothetical_research_only
grand_haven_mi,lake_whitefish,32,2025-08-09,6,1.000000,1.000000,1.000000,hypothetical_research_only
grand_haven_mi,lake_whitefish,32,2025-08-09,10,1.000000,1.000000,1.000000,hypothetical_research_only
grand_haven_mi,lake_whitefish,32,2025-08-09,14,1.000000,0.933333,1.000000,hypothetical_research_only
grand_haven_mi,lake_whitefish,32,2025-08-09,18,1.000000,0.650000,1.000000,hypothetical_research_only
grand_haven_mi,lake_whitefish,32,2025-08-09,22,1.000000,0.333333,1.000000,hypothetical_research_only
grand_haven_mi,lake_whitefish,32,2025-08-09,26,1.000000,0.100000,1.000000,hypothetical_research_only
grand_haven_mi,lake_whitefish,32,2025-08-09,30,1.000000,,,out_of_domain
grand_haven_mi,lake_whitefish,33,2025-08-16,2,1.000000,0.850000,1.000000,hypothetical_research_only
grand_haven_mi,lake_whitefish,33,2025-08-16,6,1.000000,1.000000,1.000000,hypothetical_research_only
grand_haven_mi,lake_whitefish,33,2025-08-16,10,1.000000,1.000000,1.000000,hypothetical_research_only
grand_haven_mi,lake_whitefish,33,2025-08-16,14,1.000000,0.933333,1.000000,hypothetical_research_only
grand_haven_mi,lake_whitefish,33,2025-08-16,18,1.000000,0.650000,1.000000,hypothetical_research_only
grand_haven_mi,lake_whitefish,33,2025-08-16,22,1.000000,0.333333,1.000000,hypothetical_research_only
grand_haven_mi,lake_whitefish,33,2025-08-16,26,1.000000,0.100000,1.000000,hypothetical_research_only
grand_haven_mi,lake_whitefish,33,2025-08-16,30,1.000000,,,out_of_domain
grand_haven_mi,lake_whitefish,34,2025-08-23,2,1.000000,0.850000,1.000000,hypothetical_research_only
grand_haven_mi,lake_whitefish,34,2025-08-23,6,1.000000,1.000000,1.000000,hypothetical_research_only
grand_haven_mi,lake_whitefish,34,2025-08-23,10,1.000000,1.000000,1.000000,hypothetical_research_only
grand_haven_mi,lake_whitefish,34,2025-08-23,14,1.000000,0.933333,1.000000,hypothetical_research_only
grand_haven_mi,lake_whitefish,34,2025-08-23,18,1.000000,0.650000,1.000000,hypothetical_research_only
grand_haven_mi,lake_whitefish,34,2025-08-23,22,1.000000,0.333333,1.000000,hypothetical_research_only
grand_haven_mi,lake_whitefish,34,2025-08-23,26,1.000000,0.100000,1.000000,hypothetical_research_only
grand_haven_mi,lake_whitefish,34,2025-08-23,30,1.000000,,,out_of_domain
grand_haven_mi,lake_whitefish,35,2025-08-30,2,1.000000,0.850000,1.000000,hypothetical_research_only
grand_haven_mi,lake_whitefish,35,2025-08-30,6,1.000000,1.000000,1.000000,hypothetical_research_only
grand_haven_mi,lake_whitefish,35,2025-08-30,10,1.000000,1.000000,1.000000,hypothetical_research_only
grand_haven_mi,lake_whitefish,35,2025-08-30,14,1.000000,0.933333,1.000000,hypothetical_research_only
grand_haven_mi,lake_whitefish,35,2025-08-30,18,1.000000,0.650000,1.000000,hypothetical_research_only
grand_haven_mi,lake_whitefish,35,2025-08-30,22,1.000000,0.333333,1.000000,hypothetical_research_only
grand_haven_mi,lake_whitefish,35,2025-08-30,26,1.000000,0.100000,1.000000,hypothetical_research_only
grand_haven_mi,lake_whitefish,35,2025-08-30,30,1.000000,,,out_of_domain
grand_haven_mi,lake_whitefish,36,2025-09-06,2,1.000000,0.850000,1.000000,hypothetical_research_only
grand_haven_mi,lake_whitefish,36,2025-09-06,6,1.000000,1.000000,1.000000,hypothetical_research_only
grand_haven_mi,lake_whitefish,36,2025-09-06,10,1.000000,1.000000,1.000000,hypothetical_research_only
grand_haven_mi,lake_whitefish,36,2025-09-06,14,1.000000,0.933333,1.000000,hypothetical_research_only
grand_haven_mi,lake_whitefish,36,2025-09-06,18,1.000000,0.650000,1.000000,hypothetical_research_only
grand_haven_mi,lake_whitefish,36,2025-09-06,22,1.000000,0.333333,1.000000,hypothetical_research_only
grand_haven_mi,lake_whitefish,36,2025-09-06,26,1.000000,0.100000,1.000000,hypothetical_research_only
grand_haven_mi,lake_whitefish,36,2025-09-06,30,1.000000,,,out_of_domain
grand_haven_mi,lake_whitefish,37,2025-09-13,2,1.000000,0.850000,1.000000,hypothetical_research_only
grand_haven_mi,lake_whitefish,37,2025-09-13,6,1.000000,1.000000,1.000000,hypothetical_research_only
grand_haven_mi,lake_whitefish,37,2025-09-13,10,1.000000,1.000000,1.000000,hypothetical_research_only
grand_haven_mi,lake_whitefish,37,2025-09-13,14,1.000000,0.933333,1.000000,hypothetical_research_only
grand_haven_mi,lake_whitefish,37,2025-09-13,18,1.000000,0.650000,1.000000,hypothetical_research_only
grand_haven_mi,lake_whitefish,37,2025-09-13,22,1.000000,0.333333,1.000000,hypothetical_research_only
grand_haven_mi,lake_whitefish,37,2025-09-13,26,1.000000,0.100000,1.000000,hypothetical_research_only
grand_haven_mi,lake_whitefish,37,2025-09-13,30,1.000000,,,out_of_domain
grand_haven_mi,lake_whitefish,38,2025-09-20,2,1.166667,0.850000,1.156250,hypothetical_research_only
grand_haven_mi,lake_whitefish,38,2025-09-20,6,1.166667,1.000000,1.175000,hypothetical_research_only
grand_haven_mi,lake_whitefish,38,2025-09-20,10,1.166667,1.000000,1.175000,hypothetical_research_only
grand_haven_mi,lake_whitefish,38,2025-09-20,14,1.166667,0.933333,1.166667,hypothetical_research_only
grand_haven_mi,lake_whitefish,38,2025-09-20,18,1.166667,0.650000,1.131250,hypothetical_research_only
grand_haven_mi,lake_whitefish,38,2025-09-20,22,1.166667,0.333333,1.091667,hypothetical_research_only
grand_haven_mi,lake_whitefish,38,2025-09-20,26,1.166667,0.100000,1.062500,hypothetical_research_only
grand_haven_mi,lake_whitefish,38,2025-09-20,30,1.166667,,,out_of_domain
grand_haven_mi,lake_whitefish,39,2025-09-27,2,1.400000,0.850000,1.375000,hypothetical_research_only
grand_haven_mi,lake_whitefish,39,2025-09-27,6,1.400000,1.000000,1.420000,hypothetical_research_only
grand_haven_mi,lake_whitefish,39,2025-09-27,10,1.400000,1.000000,1.420000,hypothetical_research_only
grand_haven_mi,lake_whitefish,39,2025-09-27,14,1.400000,0.933333,1.400000,hypothetical_research_only
grand_haven_mi,lake_whitefish,39,2025-09-27,18,1.400000,0.650000,1.315000,hypothetical_research_only
grand_haven_mi,lake_whitefish,39,2025-09-27,22,1.400000,0.333333,1.220000,hypothetical_research_only
grand_haven_mi,lake_whitefish,39,2025-09-27,26,1.400000,0.100000,1.150000,hypothetical_research_only
grand_haven_mi,lake_whitefish,39,2025-09-27,30,1.400000,,,out_of_domain
grand_haven_mi,lake_whitefish,40,2025-10-04,2,1.633333,0.850000,1.593750,hypothetical_research_only
grand_haven_mi,lake_whitefish,40,2025-10-04,6,1.633333,1.000000,1.665000,hypothetical_research_only
grand_haven_mi,lake_whitefish,40,2025-10-04,10,1.633333,1.000000,1.665000,hypothetical_research_only
grand_haven_mi,lake_whitefish,40,2025-10-04,14,1.633333,0.933333,1.633333,hypothetical_research_only
grand_haven_mi,lake_whitefish,40,2025-10-04,18,1.633333,0.650000,1.498750,hypothetical_research_only
grand_haven_mi,lake_whitefish,40,2025-10-04,22,1.633333,0.333333,1.348333,hypothetical_research_only
grand_haven_mi,lake_whitefish,40,2025-10-04,26,1.633333,0.100000,1.237500,hypothetical_research_only
grand_haven_mi,lake_whitefish,40,2025-10-04,30,1.633333,,,out_of_domain
grand_haven_mi,lake_whitefish,41,2025-10-11,2,1.866667,0.850000,1.812500,hypothetical_research_only
grand_haven_mi,lake_whitefish,41,2025-10-11,6,1.866667,1.000000,1.910000,hypothetical_research_only
grand_haven_mi,lake_whitefish,41,2025-10-11,10,1.866667,1.000000,1.910000,hypothetical_research_only
grand_haven_mi,lake_whitefish,41,2025-10-11,14,1.866667,0.933333,1.866667,hypothetical_research_only
grand_haven_mi,lake_whitefish,41,2025-10-11,18,1.866667,0.650000,1.682500,hypothetical_research_only
grand_haven_mi,lake_whitefish,41,2025-10-11,22,1.866667,0.333333,1.476667,hypothetical_research_only
grand_haven_mi,lake_whitefish,41,2025-10-11,26,1.866667,0.100000,1.325000,hypothetical_research_only
grand_haven_mi,lake_whitefish,41,2025-10-11,30,1.866667,,,out_of_domain
grand_haven_mi,lake_whitefish,42,2025-10-18,2,2.145161,0.850000,2.073589,hypothetical_research_only
grand_haven_mi,lake_whitefish,42,2025-10-18,6,2.145161,1.000000,2.202419,hypothetical_research_only
grand_haven_mi,lake_whitefish,42,2025-10-18,10,2.145161,1.000000,2.202419,hypothetical_research_only
grand_haven_mi,lake_whitefish,42,2025-10-18,14,2.145161,0.933333,2.145161,hypothetical_research_only
grand_haven_mi,lake_whitefish,42,2025-10-18,18,2.145161,0.650000,1.901815,hypothetical_research_only
grand_haven_mi,lake_whitefish,42,2025-10-18,22,2.145161,0.333333,1.629839,hypothetical_research_only
grand_haven_mi,lake_whitefish,42,2025-10-18,26,2.145161,0.100000,1.429435,hypothetical_research_only
grand_haven_mi,lake_whitefish,42,2025-10-18,30,2.145161,,,out_of_domain
grand_haven_mi,lake_whitefish,43,2025-10-25,2,2.483871,0.850000,2.391129,hypothetical_research_only
grand_haven_mi,lake_whitefish,43,2025-10-25,6,2.483871,1.000000,2.558065,hypothetical_research_only
grand_haven_mi,lake_whitefish,43,2025-10-25,10,2.483871,1.000000,2.558065,hypothetical_research_only
grand_haven_mi,lake_whitefish,43,2025-10-25,14,2.483871,0.933333,2.483871,hypothetical_research_only
grand_haven_mi,lake_whitefish,43,2025-10-25,18,2.483871,0.650000,2.168548,hypothetical_research_only
grand_haven_mi,lake_whitefish,43,2025-10-25,22,2.483871,0.333333,1.816129,hypothetical_research_only
grand_haven_mi,lake_whitefish,43,2025-10-25,26,2.483871,0.100000,1.556452,hypothetical_research_only
grand_haven_mi,lake_whitefish,43,2025-10-25,30,2.483871,,,out_of_domain
grand_haven_mi,lake_whitefish,44,2025-11-01,2,2.822581,0.850000,2.708669,hypothetical_research_only
grand_haven_mi,lake_whitefish,44,2025-11-01,6,2.822581,1.000000,2.913710,hypothetical_research_only
grand_haven_mi,lake_whitefish,44,2025-11-01,10,2.822581,1.000000,2.913710,hypothetical_research_only
grand_haven_mi,lake_whitefish,44,2025-11-01,14,2.822581,0.933333,2.822581,hypothetical_research_only
grand_haven_mi,lake_whitefish,44,2025-11-01,18,2.822581,0.650000,2.435282,hypothetical_research_only
grand_haven_mi,lake_whitefish,44,2025-11-01,22,2.822581,0.333333,2.002419,hypothetical_research_only
grand_haven_mi,lake_whitefish,44,2025-11-01,26,2.822581,0.100000,1.683468,hypothetical_research_only
grand_haven_mi,lake_whitefish,44,2025-11-01,30,2.822581,,,out_of_domain
grand_haven_mi,lake_whitefish,45,2025-11-08,2,3.161290,0.850000,3.026210,hypothetical_research_only
grand_haven_mi,lake_whitefish,45,2025-11-08,6,3.161290,1.000000,3.269355,hypothetical_research_only
grand_haven_mi,lake_whitefish,45,2025-11-08,10,3.161290,1.000000,3.269355,hypothetical_research_only
grand_haven_mi,lake_whitefish,45,2025-11-08,14,3.161290,0.933333,3.161290,hypothetical_research_only
grand_haven_mi,lake_whitefish,45,2025-11-08,18,3.161290,0.650000,2.702016,hypothetical_research_only
grand_haven_mi,lake_whitefish,45,2025-11-08,22,3.161290,0.333333,2.188710,hypothetical_research_only
grand_haven_mi,lake_whitefish,45,2025-11-08,26,3.161290,0.100000,1.810484,hypothetical_research_only
grand_haven_mi,lake_whitefish,45,2025-11-08,30,3.161290,,,out_of_domain
grand_haven_mi,lake_whitefish,46,2025-11-15,2,3.500000,0.850000,3.343750,hypothetical_research_only
grand_haven_mi,lake_whitefish,46,2025-11-15,6,3.500000,1.000000,3.625000,hypothetical_research_only
grand_haven_mi,lake_whitefish,46,2025-11-15,10,3.500000,1.000000,3.625000,hypothetical_research_only
grand_haven_mi,lake_whitefish,46,2025-11-15,14,3.500000,0.933333,3.500000,hypothetical_research_only
grand_haven_mi,lake_whitefish,46,2025-11-15,18,3.500000,0.650000,2.968750,hypothetical_research_only
grand_haven_mi,lake_whitefish,46,2025-11-15,22,3.500000,0.333333,2.375000,hypothetical_research_only
grand_haven_mi,lake_whitefish,46,2025-11-15,26,3.500000,0.100000,1.937500,hypothetical_research_only
grand_haven_mi,lake_whitefish,46,2025-11-15,30,3.500000,,,out_of_domain
grand_haven_mi,lake_whitefish,47,2025-11-22,2,3.266667,0.850000,3.125000,hypothetical_research_only
grand_haven_mi,lake_whitefish,47,2025-11-22,6,3.266667,1.000000,3.380000,hypothetical_research_only
grand_haven_mi,lake_whitefish,47,2025-11-22,10,3.266667,1.000000,3.380000,hypothetical_research_only
grand_haven_mi,lake_whitefish,47,2025-11-22,14,3.266667,0.933333,3.266667,hypothetical_research_only
grand_haven_mi,lake_whitefish,47,2025-11-22,18,3.266667,0.650000,2.785000,hypothetical_research_only
grand_haven_mi,lake_whitefish,47,2025-11-22,22,3.266667,0.333333,2.246667,hypothetical_research_only
grand_haven_mi,lake_whitefish,47,2025-11-22,26,3.266667,0.100000,1.850000,hypothetical_research_only
grand_haven_mi,lake_whitefish,47,2025-11-22,30,3.266667,,,out_of_domain
grand_haven_mi,lake_whitefish,48,2025-11-29,2,3.033333,0.850000,2.906250,hypothetical_research_only
grand_haven_mi,lake_whitefish,48,2025-11-29,6,3.033333,1.000000,3.135000,hypothetical_research_only
grand_haven_mi,lake_whitefish,48,2025-11-29,10,3.033333,1.000000,3.135000,hypothetical_research_only
grand_haven_mi,lake_whitefish,48,2025-11-29,14,3.033333,0.933333,3.033333,hypothetical_research_only
grand_haven_mi,lake_whitefish,48,2025-11-29,18,3.033333,0.650000,2.601250,hypothetical_research_only
grand_haven_mi,lake_whitefish,48,2025-11-29,22,3.033333,0.333333,2.118333,hypothetical_research_only
grand_haven_mi,lake_whitefish,48,2025-11-29,26,3.033333,0.100000,1.762500,hypothetical_research_only
grand_haven_mi,lake_whitefish,48,2025-11-29,30,3.033333,,,out_of_domain
grand_haven_mi,lake_whitefish,49,2025-12-06,2,2.800000,0.850000,2.687500,hypothetical_research_only
grand_haven_mi,lake_whitefish,49,2025-12-06,6,2.800000,1.000000,2.890000,hypothetical_research_only
grand_haven_mi,lake_whitefish,49,2025-12-06,10,2.800000,1.000000,2.890000,hypothetical_research_only
grand_haven_mi,lake_whitefish,49,2025-12-06,14,2.800000,0.933333,2.800000,hypothetical_research_only
grand_haven_mi,lake_whitefish,49,2025-12-06,18,2.800000,0.650000,2.417500,hypothetical_research_only
grand_haven_mi,lake_whitefish,49,2025-12-06,22,2.800000,0.333333,1.990000,hypothetical_research_only
grand_haven_mi,lake_whitefish,49,2025-12-06,26,2.800000,0.100000,1.675000,hypothetical_research_only
grand_haven_mi,lake_whitefish,49,2025-12-06,30,2.800000,,,out_of_domain
grand_haven_mi,lake_whitefish,50,2025-12-13,2,2.566667,0.850000,2.468750,hypothetical_research_only
grand_haven_mi,lake_whitefish,50,2025-12-13,6,2.566667,1.000000,2.645000,hypothetical_research_only
grand_haven_mi,lake_whitefish,50,2025-12-13,10,2.566667,1.000000,2.645000,hypothetical_research_only
grand_haven_mi,lake_whitefish,50,2025-12-13,14,2.566667,0.933333,2.566667,hypothetical_research_only
grand_haven_mi,lake_whitefish,50,2025-12-13,18,2.566667,0.650000,2.233750,hypothetical_research_only
grand_haven_mi,lake_whitefish,50,2025-12-13,22,2.566667,0.333333,1.861667,hypothetical_research_only
grand_haven_mi,lake_whitefish,50,2025-12-13,26,2.566667,0.100000,1.587500,hypothetical_research_only
grand_haven_mi,lake_whitefish,50,2025-12-13,30,2.566667,,,out_of_domain
grand_haven_mi,lake_whitefish,51,2025-12-20,2,2.419355,0.850000,2.330645,hypothetical_research_only
grand_haven_mi,lake_whitefish,51,2025-12-20,6,2.419355,1.000000,2.490323,hypothetical_research_only
grand_haven_mi,lake_whitefish,51,2025-12-20,10,2.419355,1.000000,2.490323,hypothetical_research_only
grand_haven_mi,lake_whitefish,51,2025-12-20,14,2.419355,0.933333,2.419355,hypothetical_research_only
grand_haven_mi,lake_whitefish,51,2025-12-20,18,2.419355,0.650000,2.117742,hypothetical_research_only
grand_haven_mi,lake_whitefish,51,2025-12-20,22,2.419355,0.333333,1.780645,hypothetical_research_only
grand_haven_mi,lake_whitefish,51,2025-12-20,26,2.419355,0.100000,1.532258,hypothetical_research_only
grand_haven_mi,lake_whitefish,51,2025-12-20,30,2.419355,,,out_of_domain
grand_haven_mi,lake_whitefish,52,2025-12-27,2,2.306452,0.850000,2.224798,hypothetical_research_only
grand_haven_mi,lake_whitefish,52,2025-12-27,6,2.306452,1.000000,2.371774,hypothetical_research_only
grand_haven_mi,lake_whitefish,52,2025-12-27,10,2.306452,1.000000,2.371774,hypothetical_research_only
grand_haven_mi,lake_whitefish,52,2025-12-27,14,2.306452,0.933333,2.306452,hypothetical_research_only
grand_haven_mi,lake_whitefish,52,2025-12-27,18,2.306452,0.650000,2.028831,hypothetical_research_only
grand_haven_mi,lake_whitefish,52,2025-12-27,22,2.306452,0.333333,1.718548,hypothetical_research_only
grand_haven_mi,lake_whitefish,52,2025-12-27,26,2.306452,0.100000,1.489919,hypothetical_research_only
grand_haven_mi,lake_whitefish,52,2025-12-27,30,2.306452,,,out_of_domain
grand_haven_mi,round_whitefish,1,2025-01-04,2,1.500000,0.850000,1.468750,hypothetical_research_only
grand_haven_mi,round_whitefish,1,2025-01-04,6,1.500000,1.000000,1.525000,hypothetical_research_only
grand_haven_mi,round_whitefish,1,2025-01-04,10,1.500000,1.000000,1.525000,hypothetical_research_only
grand_haven_mi,round_whitefish,1,2025-01-04,14,1.500000,0.850000,1.468750,hypothetical_research_only
grand_haven_mi,round_whitefish,1,2025-01-04,18,1.500000,0.550000,1.356250,hypothetical_research_only
grand_haven_mi,round_whitefish,1,2025-01-04,22,1.500000,0.250000,1.243750,hypothetical_research_only
grand_haven_mi,round_whitefish,1,2025-01-04,26,1.500000,0.100000,1.187500,hypothetical_research_only
grand_haven_mi,round_whitefish,1,2025-01-04,30,1.500000,,,out_of_domain
grand_haven_mi,round_whitefish,2,2025-01-11,2,1.500000,0.850000,1.468750,hypothetical_research_only
grand_haven_mi,round_whitefish,2,2025-01-11,6,1.500000,1.000000,1.525000,hypothetical_research_only
grand_haven_mi,round_whitefish,2,2025-01-11,10,1.500000,1.000000,1.525000,hypothetical_research_only
grand_haven_mi,round_whitefish,2,2025-01-11,14,1.500000,0.850000,1.468750,hypothetical_research_only
grand_haven_mi,round_whitefish,2,2025-01-11,18,1.500000,0.550000,1.356250,hypothetical_research_only
grand_haven_mi,round_whitefish,2,2025-01-11,22,1.500000,0.250000,1.243750,hypothetical_research_only
grand_haven_mi,round_whitefish,2,2025-01-11,26,1.500000,0.100000,1.187500,hypothetical_research_only
grand_haven_mi,round_whitefish,2,2025-01-11,30,1.500000,,,out_of_domain
grand_haven_mi,round_whitefish,3,2025-01-18,2,1.500000,0.850000,1.468750,hypothetical_research_only
grand_haven_mi,round_whitefish,3,2025-01-18,6,1.500000,1.000000,1.525000,hypothetical_research_only
grand_haven_mi,round_whitefish,3,2025-01-18,10,1.500000,1.000000,1.525000,hypothetical_research_only
grand_haven_mi,round_whitefish,3,2025-01-18,14,1.500000,0.850000,1.468750,hypothetical_research_only
grand_haven_mi,round_whitefish,3,2025-01-18,18,1.500000,0.550000,1.356250,hypothetical_research_only
grand_haven_mi,round_whitefish,3,2025-01-18,22,1.500000,0.250000,1.243750,hypothetical_research_only
grand_haven_mi,round_whitefish,3,2025-01-18,26,1.500000,0.100000,1.187500,hypothetical_research_only
grand_haven_mi,round_whitefish,3,2025-01-18,30,1.500000,,,out_of_domain
grand_haven_mi,round_whitefish,4,2025-01-25,2,1.500000,0.850000,1.468750,hypothetical_research_only
grand_haven_mi,round_whitefish,4,2025-01-25,6,1.500000,1.000000,1.525000,hypothetical_research_only
grand_haven_mi,round_whitefish,4,2025-01-25,10,1.500000,1.000000,1.525000,hypothetical_research_only
grand_haven_mi,round_whitefish,4,2025-01-25,14,1.500000,0.850000,1.468750,hypothetical_research_only
grand_haven_mi,round_whitefish,4,2025-01-25,18,1.500000,0.550000,1.356250,hypothetical_research_only
grand_haven_mi,round_whitefish,4,2025-01-25,22,1.500000,0.250000,1.243750,hypothetical_research_only
grand_haven_mi,round_whitefish,4,2025-01-25,26,1.500000,0.100000,1.187500,hypothetical_research_only
grand_haven_mi,round_whitefish,4,2025-01-25,30,1.500000,,,out_of_domain
grand_haven_mi,round_whitefish,5,2025-02-01,2,1.500000,0.850000,1.468750,hypothetical_research_only
grand_haven_mi,round_whitefish,5,2025-02-01,6,1.500000,1.000000,1.525000,hypothetical_research_only
grand_haven_mi,round_whitefish,5,2025-02-01,10,1.500000,1.000000,1.525000,hypothetical_research_only
grand_haven_mi,round_whitefish,5,2025-02-01,14,1.500000,0.850000,1.468750,hypothetical_research_only
grand_haven_mi,round_whitefish,5,2025-02-01,18,1.500000,0.550000,1.356250,hypothetical_research_only
grand_haven_mi,round_whitefish,5,2025-02-01,22,1.500000,0.250000,1.243750,hypothetical_research_only
grand_haven_mi,round_whitefish,5,2025-02-01,26,1.500000,0.100000,1.187500,hypothetical_research_only
grand_haven_mi,round_whitefish,5,2025-02-01,30,1.500000,,,out_of_domain
grand_haven_mi,round_whitefish,6,2025-02-08,2,1.500000,0.850000,1.468750,hypothetical_research_only
grand_haven_mi,round_whitefish,6,2025-02-08,6,1.500000,1.000000,1.525000,hypothetical_research_only
grand_haven_mi,round_whitefish,6,2025-02-08,10,1.500000,1.000000,1.525000,hypothetical_research_only
grand_haven_mi,round_whitefish,6,2025-02-08,14,1.500000,0.850000,1.468750,hypothetical_research_only
grand_haven_mi,round_whitefish,6,2025-02-08,18,1.500000,0.550000,1.356250,hypothetical_research_only
grand_haven_mi,round_whitefish,6,2025-02-08,22,1.500000,0.250000,1.243750,hypothetical_research_only
grand_haven_mi,round_whitefish,6,2025-02-08,26,1.500000,0.100000,1.187500,hypothetical_research_only
grand_haven_mi,round_whitefish,6,2025-02-08,30,1.500000,,,out_of_domain
grand_haven_mi,round_whitefish,7,2025-02-15,2,1.500000,0.850000,1.468750,hypothetical_research_only
grand_haven_mi,round_whitefish,7,2025-02-15,6,1.500000,1.000000,1.525000,hypothetical_research_only
grand_haven_mi,round_whitefish,7,2025-02-15,10,1.500000,1.000000,1.525000,hypothetical_research_only
grand_haven_mi,round_whitefish,7,2025-02-15,14,1.500000,0.850000,1.468750,hypothetical_research_only
grand_haven_mi,round_whitefish,7,2025-02-15,18,1.500000,0.550000,1.356250,hypothetical_research_only
grand_haven_mi,round_whitefish,7,2025-02-15,22,1.500000,0.250000,1.243750,hypothetical_research_only
grand_haven_mi,round_whitefish,7,2025-02-15,26,1.500000,0.100000,1.187500,hypothetical_research_only
grand_haven_mi,round_whitefish,7,2025-02-15,30,1.500000,,,out_of_domain
grand_haven_mi,round_whitefish,8,2025-02-22,2,1.625000,0.850000,1.585938,hypothetical_research_only
grand_haven_mi,round_whitefish,8,2025-02-22,6,1.625000,1.000000,1.656250,hypothetical_research_only
grand_haven_mi,round_whitefish,8,2025-02-22,10,1.625000,1.000000,1.656250,hypothetical_research_only
grand_haven_mi,round_whitefish,8,2025-02-22,14,1.625000,0.850000,1.585938,hypothetical_research_only
grand_haven_mi,round_whitefish,8,2025-02-22,18,1.625000,0.550000,1.445313,hypothetical_research_only
grand_haven_mi,round_whitefish,8,2025-02-22,22,1.625000,0.250000,1.304688,hypothetical_research_only
grand_haven_mi,round_whitefish,8,2025-02-22,26,1.625000,0.100000,1.234375,hypothetical_research_only
grand_haven_mi,round_whitefish,8,2025-02-22,30,1.625000,,,out_of_domain
grand_haven_mi,round_whitefish,9,2025-03-01,2,1.750000,0.850000,1.703125,hypothetical_research_only
grand_haven_mi,round_whitefish,9,2025-03-01,6,1.750000,1.000000,1.787500,hypothetical_research_only
grand_haven_mi,round_whitefish,9,2025-03-01,10,1.750000,1.000000,1.787500,hypothetical_research_only
grand_haven_mi,round_whitefish,9,2025-03-01,14,1.750000,0.850000,1.703125,hypothetical_research_only
grand_haven_mi,round_whitefish,9,2025-03-01,18,1.750000,0.550000,1.534375,hypothetical_research_only
grand_haven_mi,round_whitefish,9,2025-03-01,22,1.750000,0.250000,1.365625,hypothetical_research_only
grand_haven_mi,round_whitefish,9,2025-03-01,26,1.750000,0.100000,1.281250,hypothetical_research_only
grand_haven_mi,round_whitefish,9,2025-03-01,30,1.750000,,,out_of_domain
grand_haven_mi,round_whitefish,10,2025-03-08,2,1.875000,0.850000,1.820313,hypothetical_research_only
grand_haven_mi,round_whitefish,10,2025-03-08,6,1.875000,1.000000,1.918750,hypothetical_research_only
grand_haven_mi,round_whitefish,10,2025-03-08,10,1.875000,1.000000,1.918750,hypothetical_research_only
grand_haven_mi,round_whitefish,10,2025-03-08,14,1.875000,0.850000,1.820313,hypothetical_research_only
grand_haven_mi,round_whitefish,10,2025-03-08,18,1.875000,0.550000,1.623438,hypothetical_research_only
grand_haven_mi,round_whitefish,10,2025-03-08,22,1.875000,0.250000,1.426562,hypothetical_research_only
grand_haven_mi,round_whitefish,10,2025-03-08,26,1.875000,0.100000,1.328125,hypothetical_research_only
grand_haven_mi,round_whitefish,10,2025-03-08,30,1.875000,,,out_of_domain
grand_haven_mi,round_whitefish,11,2025-03-15,2,2.000000,0.850000,1.937500,hypothetical_research_only
grand_haven_mi,round_whitefish,11,2025-03-15,6,2.000000,1.000000,2.050000,hypothetical_research_only
grand_haven_mi,round_whitefish,11,2025-03-15,10,2.000000,1.000000,2.050000,hypothetical_research_only
grand_haven_mi,round_whitefish,11,2025-03-15,14,2.000000,0.850000,1.937500,hypothetical_research_only
grand_haven_mi,round_whitefish,11,2025-03-15,18,2.000000,0.550000,1.712500,hypothetical_research_only
grand_haven_mi,round_whitefish,11,2025-03-15,22,2.000000,0.250000,1.487500,hypothetical_research_only
grand_haven_mi,round_whitefish,11,2025-03-15,26,2.000000,0.100000,1.375000,hypothetical_research_only
grand_haven_mi,round_whitefish,11,2025-03-15,30,2.000000,,,out_of_domain
grand_haven_mi,round_whitefish,12,2025-03-22,2,2.451613,0.850000,2.360887,hypothetical_research_only
grand_haven_mi,round_whitefish,12,2025-03-22,6,2.451613,1.000000,2.524194,hypothetical_research_only
grand_haven_mi,round_whitefish,12,2025-03-22,10,2.451613,1.000000,2.524194,hypothetical_research_only
grand_haven_mi,round_whitefish,12,2025-03-22,14,2.451613,0.850000,2.360887,hypothetical_research_only
grand_haven_mi,round_whitefish,12,2025-03-22,18,2.451613,0.550000,2.034274,hypothetical_research_only
grand_haven_mi,round_whitefish,12,2025-03-22,22,2.451613,0.250000,1.707661,hypothetical_research_only
grand_haven_mi,round_whitefish,12,2025-03-22,26,2.451613,0.100000,1.544355,hypothetical_research_only
grand_haven_mi,round_whitefish,12,2025-03-22,30,2.451613,,,out_of_domain
grand_haven_mi,round_whitefish,13,2025-03-29,2,2.903226,0.850000,2.784274,hypothetical_research_only
grand_haven_mi,round_whitefish,13,2025-03-29,6,2.903226,1.000000,2.998387,hypothetical_research_only
grand_haven_mi,round_whitefish,13,2025-03-29,10,2.903226,1.000000,2.998387,hypothetical_research_only
grand_haven_mi,round_whitefish,13,2025-03-29,14,2.903226,0.850000,2.784274,hypothetical_research_only
grand_haven_mi,round_whitefish,13,2025-03-29,18,2.903226,0.550000,2.356048,hypothetical_research_only
grand_haven_mi,round_whitefish,13,2025-03-29,22,2.903226,0.250000,1.927823,hypothetical_research_only
grand_haven_mi,round_whitefish,13,2025-03-29,26,2.903226,0.100000,1.713710,hypothetical_research_only
grand_haven_mi,round_whitefish,13,2025-03-29,30,2.903226,,,out_of_domain
grand_haven_mi,round_whitefish,14,2025-04-05,2,3.354839,0.850000,3.207661,hypothetical_research_only
grand_haven_mi,round_whitefish,14,2025-04-05,6,3.354839,1.000000,3.472581,hypothetical_research_only
grand_haven_mi,round_whitefish,14,2025-04-05,10,3.354839,1.000000,3.472581,hypothetical_research_only
grand_haven_mi,round_whitefish,14,2025-04-05,14,3.354839,0.850000,3.207661,hypothetical_research_only
grand_haven_mi,round_whitefish,14,2025-04-05,18,3.354839,0.550000,2.677823,hypothetical_research_only
grand_haven_mi,round_whitefish,14,2025-04-05,22,3.354839,0.250000,2.147984,hypothetical_research_only
grand_haven_mi,round_whitefish,14,2025-04-05,26,3.354839,0.100000,1.883065,hypothetical_research_only
grand_haven_mi,round_whitefish,14,2025-04-05,30,3.354839,,,out_of_domain
grand_haven_mi,round_whitefish,15,2025-04-12,2,3.806452,0.850000,3.631048,hypothetical_research_only
grand_haven_mi,round_whitefish,15,2025-04-12,6,3.806452,1.000000,3.946774,hypothetical_research_only
grand_haven_mi,round_whitefish,15,2025-04-12,10,3.806452,1.000000,3.946774,hypothetical_research_only
grand_haven_mi,round_whitefish,15,2025-04-12,14,3.806452,0.850000,3.631048,hypothetical_research_only
grand_haven_mi,round_whitefish,15,2025-04-12,18,3.806452,0.550000,2.999597,hypothetical_research_only
grand_haven_mi,round_whitefish,15,2025-04-12,22,3.806452,0.250000,2.368145,hypothetical_research_only
grand_haven_mi,round_whitefish,15,2025-04-12,26,3.806452,0.100000,2.052419,hypothetical_research_only
grand_haven_mi,round_whitefish,15,2025-04-12,30,3.806452,,,out_of_domain
grand_haven_mi,round_whitefish,16,2025-04-19,2,3.733333,0.850000,3.562500,hypothetical_research_only
grand_haven_mi,round_whitefish,16,2025-04-19,6,3.733333,1.000000,3.870000,hypothetical_research_only
grand_haven_mi,round_whitefish,16,2025-04-19,10,3.733333,1.000000,3.870000,hypothetical_research_only
grand_haven_mi,round_whitefish,16,2025-04-19,14,3.733333,0.850000,3.562500,hypothetical_research_only
grand_haven_mi,round_whitefish,16,2025-04-19,18,3.733333,0.550000,2.947500,hypothetical_research_only
grand_haven_mi,round_whitefish,16,2025-04-19,22,3.733333,0.250000,2.332500,hypothetical_research_only
grand_haven_mi,round_whitefish,16,2025-04-19,26,3.733333,0.100000,2.025000,hypothetical_research_only
grand_haven_mi,round_whitefish,16,2025-04-19,30,3.733333,,,out_of_domain
grand_haven_mi,round_whitefish,17,2025-04-26,2,3.266667,0.850000,3.125000,hypothetical_research_only
grand_haven_mi,round_whitefish,17,2025-04-26,6,3.266667,1.000000,3.380000,hypothetical_research_only
grand_haven_mi,round_whitefish,17,2025-04-26,10,3.266667,1.000000,3.380000,hypothetical_research_only
grand_haven_mi,round_whitefish,17,2025-04-26,14,3.266667,0.850000,3.125000,hypothetical_research_only
grand_haven_mi,round_whitefish,17,2025-04-26,18,3.266667,0.550000,2.615000,hypothetical_research_only
grand_haven_mi,round_whitefish,17,2025-04-26,22,3.266667,0.250000,2.105000,hypothetical_research_only
grand_haven_mi,round_whitefish,17,2025-04-26,26,3.266667,0.100000,1.850000,hypothetical_research_only
grand_haven_mi,round_whitefish,17,2025-04-26,30,3.266667,,,out_of_domain
grand_haven_mi,round_whitefish,18,2025-05-03,2,2.800000,0.850000,2.687500,hypothetical_research_only
grand_haven_mi,round_whitefish,18,2025-05-03,6,2.800000,1.000000,2.890000,hypothetical_research_only
grand_haven_mi,round_whitefish,18,2025-05-03,10,2.800000,1.000000,2.890000,hypothetical_research_only
grand_haven_mi,round_whitefish,18,2025-05-03,14,2.800000,0.850000,2.687500,hypothetical_research_only
grand_haven_mi,round_whitefish,18,2025-05-03,18,2.800000,0.550000,2.282500,hypothetical_research_only
grand_haven_mi,round_whitefish,18,2025-05-03,22,2.800000,0.250000,1.877500,hypothetical_research_only
grand_haven_mi,round_whitefish,18,2025-05-03,26,2.800000,0.100000,1.675000,hypothetical_research_only
grand_haven_mi,round_whitefish,18,2025-05-03,30,2.800000,,,out_of_domain
grand_haven_mi,round_whitefish,19,2025-05-10,2,2.333333,0.850000,2.250000,hypothetical_research_only
grand_haven_mi,round_whitefish,19,2025-05-10,6,2.333333,1.000000,2.400000,hypothetical_research_only
grand_haven_mi,round_whitefish,19,2025-05-10,10,2.333333,1.000000,2.400000,hypothetical_research_only
grand_haven_mi,round_whitefish,19,2025-05-10,14,2.333333,0.850000,2.250000,hypothetical_research_only
grand_haven_mi,round_whitefish,19,2025-05-10,18,2.333333,0.550000,1.950000,hypothetical_research_only
grand_haven_mi,round_whitefish,19,2025-05-10,22,2.333333,0.250000,1.650000,hypothetical_research_only
grand_haven_mi,round_whitefish,19,2025-05-10,26,2.333333,0.100000,1.500000,hypothetical_research_only
grand_haven_mi,round_whitefish,19,2025-05-10,30,2.333333,,,out_of_domain
grand_haven_mi,round_whitefish,20,2025-05-17,2,1.967742,0.850000,1.907258,hypothetical_research_only
grand_haven_mi,round_whitefish,20,2025-05-17,6,1.967742,1.000000,2.016129,hypothetical_research_only
grand_haven_mi,round_whitefish,20,2025-05-17,10,1.967742,1.000000,2.016129,hypothetical_research_only
grand_haven_mi,round_whitefish,20,2025-05-17,14,1.967742,0.850000,1.907258,hypothetical_research_only
grand_haven_mi,round_whitefish,20,2025-05-17,18,1.967742,0.550000,1.689516,hypothetical_research_only
grand_haven_mi,round_whitefish,20,2025-05-17,22,1.967742,0.250000,1.471774,hypothetical_research_only
grand_haven_mi,round_whitefish,20,2025-05-17,26,1.967742,0.100000,1.362903,hypothetical_research_only
grand_haven_mi,round_whitefish,20,2025-05-17,30,1.967742,,,out_of_domain
grand_haven_mi,round_whitefish,21,2025-05-24,2,1.854839,0.850000,1.801411,hypothetical_research_only
grand_haven_mi,round_whitefish,21,2025-05-24,6,1.854839,1.000000,1.897581,hypothetical_research_only
grand_haven_mi,round_whitefish,21,2025-05-24,10,1.854839,1.000000,1.897581,hypothetical_research_only
grand_haven_mi,round_whitefish,21,2025-05-24,14,1.854839,0.850000,1.801411,hypothetical_research_only
grand_haven_mi,round_whitefish,21,2025-05-24,18,1.854839,0.550000,1.609073,hypothetical_research_only
grand_haven_mi,round_whitefish,21,2025-05-24,22,1.854839,0.250000,1.416734,hypothetical_research_only
grand_haven_mi,round_whitefish,21,2025-05-24,26,1.854839,0.100000,1.320565,hypothetical_research_only
grand_haven_mi,round_whitefish,21,2025-05-24,30,1.854839,,,out_of_domain
grand_haven_mi,round_whitefish,22,2025-05-31,2,1.741935,0.850000,1.695565,hypothetical_research_only
grand_haven_mi,round_whitefish,22,2025-05-31,6,1.741935,1.000000,1.779032,hypothetical_research_only
grand_haven_mi,round_whitefish,22,2025-05-31,10,1.741935,1.000000,1.779032,hypothetical_research_only
grand_haven_mi,round_whitefish,22,2025-05-31,14,1.741935,0.850000,1.695565,hypothetical_research_only
grand_haven_mi,round_whitefish,22,2025-05-31,18,1.741935,0.550000,1.528629,hypothetical_research_only
grand_haven_mi,round_whitefish,22,2025-05-31,22,1.741935,0.250000,1.361694,hypothetical_research_only
grand_haven_mi,round_whitefish,22,2025-05-31,26,1.741935,0.100000,1.278226,hypothetical_research_only
grand_haven_mi,round_whitefish,22,2025-05-31,30,1.741935,,,out_of_domain
grand_haven_mi,round_whitefish,23,2025-06-07,2,1.629032,0.850000,1.589718,hypothetical_research_only
grand_haven_mi,round_whitefish,23,2025-06-07,6,1.629032,1.000000,1.660484,hypothetical_research_only
grand_haven_mi,round_whitefish,23,2025-06-07,10,1.629032,1.000000,1.660484,hypothetical_research_only
grand_haven_mi,round_whitefish,23,2025-06-07,14,1.629032,0.850000,1.589718,hypothetical_research_only
grand_haven_mi,round_whitefish,23,2025-06-07,18,1.629032,0.550000,1.448185,hypothetical_research_only
grand_haven_mi,round_whitefish,23,2025-06-07,22,1.629032,0.250000,1.306653,hypothetical_research_only
grand_haven_mi,round_whitefish,23,2025-06-07,26,1.629032,0.100000,1.235887,hypothetical_research_only
grand_haven_mi,round_whitefish,23,2025-06-07,30,1.629032,,,out_of_domain
grand_haven_mi,round_whitefish,24,2025-06-14,2,1.516129,0.850000,1.483871,hypothetical_research_only
grand_haven_mi,round_whitefish,24,2025-06-14,6,1.516129,1.000000,1.541935,hypothetical_research_only
grand_haven_mi,round_whitefish,24,2025-06-14,10,1.516129,1.000000,1.541935,hypothetical_research_only
grand_haven_mi,round_whitefish,24,2025-06-14,14,1.516129,0.850000,1.483871,hypothetical_research_only
grand_haven_mi,round_whitefish,24,2025-06-14,18,1.516129,0.550000,1.367742,hypothetical_research_only
grand_haven_mi,round_whitefish,24,2025-06-14,22,1.516129,0.250000,1.251613,hypothetical_research_only
grand_haven_mi,round_whitefish,24,2025-06-14,26,1.516129,0.100000,1.193548,hypothetical_research_only
grand_haven_mi,round_whitefish,24,2025-06-14,30,1.516129,,,out_of_domain
grand_haven_mi,round_whitefish,25,2025-06-21,2,1.400000,0.850000,1.375000,hypothetical_research_only
grand_haven_mi,round_whitefish,25,2025-06-21,6,1.400000,1.000000,1.420000,hypothetical_research_only
grand_haven_mi,round_whitefish,25,2025-06-21,10,1.400000,1.000000,1.420000,hypothetical_research_only
grand_haven_mi,round_whitefish,25,2025-06-21,14,1.400000,0.850000,1.375000,hypothetical_research_only
grand_haven_mi,round_whitefish,25,2025-06-21,18,1.400000,0.550000,1.285000,hypothetical_research_only
grand_haven_mi,round_whitefish,25,2025-06-21,22,1.400000,0.250000,1.195000,hypothetical_research_only
grand_haven_mi,round_whitefish,25,2025-06-21,26,1.400000,0.100000,1.150000,hypothetical_research_only
grand_haven_mi,round_whitefish,25,2025-06-21,30,1.400000,,,out_of_domain
grand_haven_mi,round_whitefish,26,2025-06-28,2,1.283333,0.850000,1.265625,hypothetical_research_only
grand_haven_mi,round_whitefish,26,2025-06-28,6,1.283333,1.000000,1.297500,hypothetical_research_only
grand_haven_mi,round_whitefish,26,2025-06-28,10,1.283333,1.000000,1.297500,hypothetical_research_only
grand_haven_mi,round_whitefish,26,2025-06-28,14,1.283333,0.850000,1.265625,hypothetical_research_only
grand_haven_mi,round_whitefish,26,2025-06-28,18,1.283333,0.550000,1.201875,hypothetical_research_only
grand_haven_mi,round_whitefish,26,2025-06-28,22,1.283333,0.250000,1.138125,hypothetical_research_only
grand_haven_mi,round_whitefish,26,2025-06-28,26,1.283333,0.100000,1.106250,hypothetical_research_only
grand_haven_mi,round_whitefish,26,2025-06-28,30,1.283333,,,out_of_domain
grand_haven_mi,round_whitefish,27,2025-07-05,2,1.166667,0.850000,1.156250,hypothetical_research_only
grand_haven_mi,round_whitefish,27,2025-07-05,6,1.166667,1.000000,1.175000,hypothetical_research_only
grand_haven_mi,round_whitefish,27,2025-07-05,10,1.166667,1.000000,1.175000,hypothetical_research_only
grand_haven_mi,round_whitefish,27,2025-07-05,14,1.166667,0.850000,1.156250,hypothetical_research_only
grand_haven_mi,round_whitefish,27,2025-07-05,18,1.166667,0.550000,1.118750,hypothetical_research_only
grand_haven_mi,round_whitefish,27,2025-07-05,22,1.166667,0.250000,1.081250,hypothetical_research_only
grand_haven_mi,round_whitefish,27,2025-07-05,26,1.166667,0.100000,1.062500,hypothetical_research_only
grand_haven_mi,round_whitefish,27,2025-07-05,30,1.166667,,,out_of_domain
grand_haven_mi,round_whitefish,28,2025-07-12,2,1.050000,0.850000,1.046875,hypothetical_research_only
grand_haven_mi,round_whitefish,28,2025-07-12,6,1.050000,1.000000,1.052500,hypothetical_research_only
grand_haven_mi,round_whitefish,28,2025-07-12,10,1.050000,1.000000,1.052500,hypothetical_research_only
grand_haven_mi,round_whitefish,28,2025-07-12,14,1.050000,0.850000,1.046875,hypothetical_research_only
grand_haven_mi,round_whitefish,28,2025-07-12,18,1.050000,0.550000,1.035625,hypothetical_research_only
grand_haven_mi,round_whitefish,28,2025-07-12,22,1.050000,0.250000,1.024375,hypothetical_research_only
grand_haven_mi,round_whitefish,28,2025-07-12,26,1.050000,0.100000,1.018750,hypothetical_research_only
grand_haven_mi,round_whitefish,28,2025-07-12,30,1.050000,,,out_of_domain
grand_haven_mi,round_whitefish,29,2025-07-19,2,1.000000,0.850000,1.000000,hypothetical_research_only
grand_haven_mi,round_whitefish,29,2025-07-19,6,1.000000,1.000000,1.000000,hypothetical_research_only
grand_haven_mi,round_whitefish,29,2025-07-19,10,1.000000,1.000000,1.000000,hypothetical_research_only
grand_haven_mi,round_whitefish,29,2025-07-19,14,1.000000,0.850000,1.000000,hypothetical_research_only
grand_haven_mi,round_whitefish,29,2025-07-19,18,1.000000,0.550000,1.000000,hypothetical_research_only
grand_haven_mi,round_whitefish,29,2025-07-19,22,1.000000,0.250000,1.000000,hypothetical_research_only
grand_haven_mi,round_whitefish,29,2025-07-19,26,1.000000,0.100000,1.000000,hypothetical_research_only
grand_haven_mi,round_whitefish,29,2025-07-19,30,1.000000,,,out_of_domain
grand_haven_mi,round_whitefish,30,2025-07-26,2,1.000000,0.850000,1.000000,hypothetical_research_only
grand_haven_mi,round_whitefish,30,2025-07-26,6,1.000000,1.000000,1.000000,hypothetical_research_only
grand_haven_mi,round_whitefish,30,2025-07-26,10,1.000000,1.000000,1.000000,hypothetical_research_only
grand_haven_mi,round_whitefish,30,2025-07-26,14,1.000000,0.850000,1.000000,hypothetical_research_only
grand_haven_mi,round_whitefish,30,2025-07-26,18,1.000000,0.550000,1.000000,hypothetical_research_only
grand_haven_mi,round_whitefish,30,2025-07-26,22,1.000000,0.250000,1.000000,hypothetical_research_only
grand_haven_mi,round_whitefish,30,2025-07-26,26,1.000000,0.100000,1.000000,hypothetical_research_only
grand_haven_mi,round_whitefish,30,2025-07-26,30,1.000000,,,out_of_domain
grand_haven_mi,round_whitefish,31,2025-08-02,2,1.000000,0.850000,1.000000,hypothetical_research_only
grand_haven_mi,round_whitefish,31,2025-08-02,6,1.000000,1.000000,1.000000,hypothetical_research_only
grand_haven_mi,round_whitefish,31,2025-08-02,10,1.000000,1.000000,1.000000,hypothetical_research_only
grand_haven_mi,round_whitefish,31,2025-08-02,14,1.000000,0.850000,1.000000,hypothetical_research_only
grand_haven_mi,round_whitefish,31,2025-08-02,18,1.000000,0.550000,1.000000,hypothetical_research_only
grand_haven_mi,round_whitefish,31,2025-08-02,22,1.000000,0.250000,1.000000,hypothetical_research_only
grand_haven_mi,round_whitefish,31,2025-08-02,26,1.000000,0.100000,1.000000,hypothetical_research_only
grand_haven_mi,round_whitefish,31,2025-08-02,30,1.000000,,,out_of_domain
grand_haven_mi,round_whitefish,32,2025-08-09,2,1.000000,0.850000,1.000000,hypothetical_research_only
grand_haven_mi,round_whitefish,32,2025-08-09,6,1.000000,1.000000,1.000000,hypothetical_research_only
grand_haven_mi,round_whitefish,32,2025-08-09,10,1.000000,1.000000,1.000000,hypothetical_research_only
grand_haven_mi,round_whitefish,32,2025-08-09,14,1.000000,0.850000,1.000000,hypothetical_research_only
grand_haven_mi,round_whitefish,32,2025-08-09,18,1.000000,0.550000,1.000000,hypothetical_research_only
grand_haven_mi,round_whitefish,32,2025-08-09,22,1.000000,0.250000,1.000000,hypothetical_research_only
grand_haven_mi,round_whitefish,32,2025-08-09,26,1.000000,0.100000,1.000000,hypothetical_research_only
grand_haven_mi,round_whitefish,32,2025-08-09,30,1.000000,,,out_of_domain
grand_haven_mi,round_whitefish,33,2025-08-16,2,1.016129,0.850000,1.015121,hypothetical_research_only
grand_haven_mi,round_whitefish,33,2025-08-16,6,1.016129,1.000000,1.016935,hypothetical_research_only
grand_haven_mi,round_whitefish,33,2025-08-16,10,1.016129,1.000000,1.016935,hypothetical_research_only
grand_haven_mi,round_whitefish,33,2025-08-16,14,1.016129,0.850000,1.015121,hypothetical_research_only
grand_haven_mi,round_whitefish,33,2025-08-16,18,1.016129,0.550000,1.011492,hypothetical_research_only
grand_haven_mi,round_whitefish,33,2025-08-16,22,1.016129,0.250000,1.007863,hypothetical_research_only
grand_haven_mi,round_whitefish,33,2025-08-16,26,1.016129,0.100000,1.006048,hypothetical_research_only
grand_haven_mi,round_whitefish,33,2025-08-16,30,1.016129,,,out_of_domain
grand_haven_mi,round_whitefish,34,2025-08-23,2,1.129032,0.850000,1.120968,hypothetical_research_only
grand_haven_mi,round_whitefish,34,2025-08-23,6,1.129032,1.000000,1.135484,hypothetical_research_only
grand_haven_mi,round_whitefish,34,2025-08-23,10,1.129032,1.000000,1.135484,hypothetical_research_only
grand_haven_mi,round_whitefish,34,2025-08-23,14,1.129032,0.850000,1.120968,hypothetical_research_only
grand_haven_mi,round_whitefish,34,2025-08-23,18,1.129032,0.550000,1.091935,hypothetical_research_only
grand_haven_mi,round_whitefish,34,2025-08-23,22,1.129032,0.250000,1.062903,hypothetical_research_only
grand_haven_mi,round_whitefish,34,2025-08-23,26,1.129032,0.100000,1.048387,hypothetical_research_only
grand_haven_mi,round_whitefish,34,2025-08-23,30,1.129032,,,out_of_domain
grand_haven_mi,round_whitefish,35,2025-08-30,2,1.241935,0.850000,1.226815,hypothetical_research_only
grand_haven_mi,round_whitefish,35,2025-08-30,6,1.241935,1.000000,1.254032,hypothetical_research_only
grand_haven_mi,round_whitefish,35,2025-08-30,10,1.241935,1.000000,1.254032,hypothetical_research_only
grand_haven_mi,round_whitefish,35,2025-08-30,14,1.241935,0.850000,1.226815,hypothetical_research_only
grand_haven_mi,round_whitefish,35,2025-08-30,18,1.241935,0.550000,1.172379,hypothetical_research_only
grand_haven_mi,round_whitefish,35,2025-08-30,22,1.241935,0.250000,1.117944,hypothetical_research_only
grand_haven_mi,round_whitefish,35,2025-08-30,26,1.241935,0.100000,1.090726,hypothetical_research_only
grand_haven_mi,round_whitefish,35,2025-08-30,30,1.241935,,,out_of_domain
grand_haven_mi,round_whitefish,36,2025-09-06,2,1.354839,0.850000,1.332661,hypothetical_research_only
grand_haven_mi,round_whitefish,36,2025-09-06,6,1.354839,1.000000,1.372581,hypothetical_research_only
grand_haven_mi,round_whitefish,36,2025-09-06,10,1.354839,1.000000,1.372581,hypothetical_research_only
grand_haven_mi,round_whitefish,36,2025-09-06,14,1.354839,0.850000,1.332661,hypothetical_research_only
grand_haven_mi,round_whitefish,36,2025-09-06,18,1.354839,0.550000,1.252823,hypothetical_research_only
grand_haven_mi,round_whitefish,36,2025-09-06,22,1.354839,0.250000,1.172984,hypothetical_research_only
grand_haven_mi,round_whitefish,36,2025-09-06,26,1.354839,0.100000,1.133065,hypothetical_research_only
grand_haven_mi,round_whitefish,36,2025-09-06,30,1.354839,,,out_of_domain
grand_haven_mi,round_whitefish,37,2025-09-13,2,1.467742,0.850000,1.438508,hypothetical_research_only
grand_haven_mi,round_whitefish,37,2025-09-13,6,1.467742,1.000000,1.491129,hypothetical_research_only
grand_haven_mi,round_whitefish,37,2025-09-13,10,1.467742,1.000000,1.491129,hypothetical_research_only
grand_haven_mi,round_whitefish,37,2025-09-13,14,1.467742,0.850000,1.438508,hypothetical_research_only
grand_haven_mi,round_whitefish,37,2025-09-13,18,1.467742,0.550000,1.333266,hypothetical_research_only
grand_haven_mi,round_whitefish,37,2025-09-13,22,1.467742,0.250000,1.228024,hypothetical_research_only
grand_haven_mi,round_whitefish,37,2025-09-13,26,1.467742,0.100000,1.175403,hypothetical_research_only
grand_haven_mi,round_whitefish,37,2025-09-13,30,1.467742,,,out_of_domain
grand_haven_mi,round_whitefish,38,2025-09-20,2,1.666667,0.850000,1.625000,hypothetical_research_only
grand_haven_mi,round_whitefish,38,2025-09-20,6,1.666667,1.000000,1.700000,hypothetical_research_only
grand_haven_mi,round_whitefish,38,2025-09-20,10,1.666667,1.000000,1.700000,hypothetical_research_only
grand_haven_mi,round_whitefish,38,2025-09-20,14,1.666667,0.850000,1.625000,hypothetical_research_only
grand_haven_mi,round_whitefish,38,2025-09-20,18,1.666667,0.550000,1.475000,hypothetical_research_only
grand_haven_mi,round_whitefish,38,2025-09-20,22,1.666667,0.250000,1.325000,hypothetical_research_only
grand_haven_mi,round_whitefish,38,2025-09-20,26,1.666667,0.100000,1.250000,hypothetical_research_only
grand_haven_mi,round_whitefish,38,2025-09-20,30,1.666667,,,out_of_domain
grand_haven_mi,round_whitefish,39,2025-09-27,2,1.900000,0.850000,1.843750,hypothetical_research_only
grand_haven_mi,round_whitefish,39,2025-09-27,6,1.900000,1.000000,1.945000,hypothetical_research_only
grand_haven_mi,round_whitefish,39,2025-09-27,10,1.900000,1.000000,1.945000,hypothetical_research_only
grand_haven_mi,round_whitefish,39,2025-09-27,14,1.900000,0.850000,1.843750,hypothetical_research_only
grand_haven_mi,round_whitefish,39,2025-09-27,18,1.900000,0.550000,1.641250,hypothetical_research_only
grand_haven_mi,round_whitefish,39,2025-09-27,22,1.900000,0.250000,1.438750,hypothetical_research_only
grand_haven_mi,round_whitefish,39,2025-09-27,26,1.900000,0.100000,1.337500,hypothetical_research_only
grand_haven_mi,round_whitefish,39,2025-09-27,30,1.900000,,,out_of_domain
grand_haven_mi,round_whitefish,40,2025-10-04,2,2.133333,0.850000,2.062500,hypothetical_research_only
grand_haven_mi,round_whitefish,40,2025-10-04,6,2.133333,1.000000,2.190000,hypothetical_research_only
grand_haven_mi,round_whitefish,40,2025-10-04,10,2.133333,1.000000,2.190000,hypothetical_research_only
grand_haven_mi,round_whitefish,40,2025-10-04,14,2.133333,0.850000,2.062500,hypothetical_research_only
grand_haven_mi,round_whitefish,40,2025-10-04,18,2.133333,0.550000,1.807500,hypothetical_research_only
grand_haven_mi,round_whitefish,40,2025-10-04,22,2.133333,0.250000,1.552500,hypothetical_research_only
grand_haven_mi,round_whitefish,40,2025-10-04,26,2.133333,0.100000,1.425000,hypothetical_research_only
grand_haven_mi,round_whitefish,40,2025-10-04,30,2.133333,,,out_of_domain
grand_haven_mi,round_whitefish,41,2025-10-11,2,2.366667,0.850000,2.281250,hypothetical_research_only
grand_haven_mi,round_whitefish,41,2025-10-11,6,2.366667,1.000000,2.435000,hypothetical_research_only
grand_haven_mi,round_whitefish,41,2025-10-11,10,2.366667,1.000000,2.435000,hypothetical_research_only
grand_haven_mi,round_whitefish,41,2025-10-11,14,2.366667,0.850000,2.281250,hypothetical_research_only
grand_haven_mi,round_whitefish,41,2025-10-11,18,2.366667,0.550000,1.973750,hypothetical_research_only
grand_haven_mi,round_whitefish,41,2025-10-11,22,2.366667,0.250000,1.666250,hypothetical_research_only
grand_haven_mi,round_whitefish,41,2025-10-11,26,2.366667,0.100000,1.512500,hypothetical_research_only
grand_haven_mi,round_whitefish,41,2025-10-11,30,2.366667,,,out_of_domain
grand_haven_mi,round_whitefish,42,2025-10-18,2,2.500000,0.850000,2.406250,hypothetical_research_only
grand_haven_mi,round_whitefish,42,2025-10-18,6,2.500000,1.000000,2.575000,hypothetical_research_only
grand_haven_mi,round_whitefish,42,2025-10-18,10,2.500000,1.000000,2.575000,hypothetical_research_only
grand_haven_mi,round_whitefish,42,2025-10-18,14,2.500000,0.850000,2.406250,hypothetical_research_only
grand_haven_mi,round_whitefish,42,2025-10-18,18,2.500000,0.550000,2.068750,hypothetical_research_only
grand_haven_mi,round_whitefish,42,2025-10-18,22,2.500000,0.250000,1.731250,hypothetical_research_only
grand_haven_mi,round_whitefish,42,2025-10-18,26,2.500000,0.100000,1.562500,hypothetical_research_only
grand_haven_mi,round_whitefish,42,2025-10-18,30,2.500000,,,out_of_domain
grand_haven_mi,round_whitefish,43,2025-10-25,2,2.500000,0.850000,2.406250,hypothetical_research_only
grand_haven_mi,round_whitefish,43,2025-10-25,6,2.500000,1.000000,2.575000,hypothetical_research_only
grand_haven_mi,round_whitefish,43,2025-10-25,10,2.500000,1.000000,2.575000,hypothetical_research_only
grand_haven_mi,round_whitefish,43,2025-10-25,14,2.500000,0.850000,2.406250,hypothetical_research_only
grand_haven_mi,round_whitefish,43,2025-10-25,18,2.500000,0.550000,2.068750,hypothetical_research_only
grand_haven_mi,round_whitefish,43,2025-10-25,22,2.500000,0.250000,1.731250,hypothetical_research_only
grand_haven_mi,round_whitefish,43,2025-10-25,26,2.500000,0.100000,1.562500,hypothetical_research_only
grand_haven_mi,round_whitefish,43,2025-10-25,30,2.500000,,,out_of_domain
grand_haven_mi,round_whitefish,44,2025-11-01,2,2.500000,0.850000,2.406250,hypothetical_research_only
grand_haven_mi,round_whitefish,44,2025-11-01,6,2.500000,1.000000,2.575000,hypothetical_research_only
grand_haven_mi,round_whitefish,44,2025-11-01,10,2.500000,1.000000,2.575000,hypothetical_research_only
grand_haven_mi,round_whitefish,44,2025-11-01,14,2.500000,0.850000,2.406250,hypothetical_research_only
grand_haven_mi,round_whitefish,44,2025-11-01,18,2.500000,0.550000,2.068750,hypothetical_research_only
grand_haven_mi,round_whitefish,44,2025-11-01,22,2.500000,0.250000,1.731250,hypothetical_research_only
grand_haven_mi,round_whitefish,44,2025-11-01,26,2.500000,0.100000,1.562500,hypothetical_research_only
grand_haven_mi,round_whitefish,44,2025-11-01,30,2.500000,,,out_of_domain
grand_haven_mi,round_whitefish,45,2025-11-08,2,2.500000,0.850000,2.406250,hypothetical_research_only
grand_haven_mi,round_whitefish,45,2025-11-08,6,2.500000,1.000000,2.575000,hypothetical_research_only
grand_haven_mi,round_whitefish,45,2025-11-08,10,2.500000,1.000000,2.575000,hypothetical_research_only
grand_haven_mi,round_whitefish,45,2025-11-08,14,2.500000,0.850000,2.406250,hypothetical_research_only
grand_haven_mi,round_whitefish,45,2025-11-08,18,2.500000,0.550000,2.068750,hypothetical_research_only
grand_haven_mi,round_whitefish,45,2025-11-08,22,2.500000,0.250000,1.731250,hypothetical_research_only
grand_haven_mi,round_whitefish,45,2025-11-08,26,2.500000,0.100000,1.562500,hypothetical_research_only
grand_haven_mi,round_whitefish,45,2025-11-08,30,2.500000,,,out_of_domain
grand_haven_mi,round_whitefish,46,2025-11-15,2,2.500000,0.850000,2.406250,hypothetical_research_only
grand_haven_mi,round_whitefish,46,2025-11-15,6,2.500000,1.000000,2.575000,hypothetical_research_only
grand_haven_mi,round_whitefish,46,2025-11-15,10,2.500000,1.000000,2.575000,hypothetical_research_only
grand_haven_mi,round_whitefish,46,2025-11-15,14,2.500000,0.850000,2.406250,hypothetical_research_only
grand_haven_mi,round_whitefish,46,2025-11-15,18,2.500000,0.550000,2.068750,hypothetical_research_only
grand_haven_mi,round_whitefish,46,2025-11-15,22,2.500000,0.250000,1.731250,hypothetical_research_only
grand_haven_mi,round_whitefish,46,2025-11-15,26,2.500000,0.100000,1.562500,hypothetical_research_only
grand_haven_mi,round_whitefish,46,2025-11-15,30,2.500000,,,out_of_domain
grand_haven_mi,round_whitefish,47,2025-11-22,2,2.266667,0.850000,2.187500,hypothetical_research_only
grand_haven_mi,round_whitefish,47,2025-11-22,6,2.266667,1.000000,2.330000,hypothetical_research_only
grand_haven_mi,round_whitefish,47,2025-11-22,10,2.266667,1.000000,2.330000,hypothetical_research_only
grand_haven_mi,round_whitefish,47,2025-11-22,14,2.266667,0.850000,2.187500,hypothetical_research_only
grand_haven_mi,round_whitefish,47,2025-11-22,18,2.266667,0.550000,1.902500,hypothetical_research_only
grand_haven_mi,round_whitefish,47,2025-11-22,22,2.266667,0.250000,1.617500,hypothetical_research_only
grand_haven_mi,round_whitefish,47,2025-11-22,26,2.266667,0.100000,1.475000,hypothetical_research_only
grand_haven_mi,round_whitefish,47,2025-11-22,30,2.266667,,,out_of_domain
grand_haven_mi,round_whitefish,48,2025-11-29,2,2.033333,0.850000,1.968750,hypothetical_research_only
grand_haven_mi,round_whitefish,48,2025-11-29,6,2.033333,1.000000,2.085000,hypothetical_research_only
grand_haven_mi,round_whitefish,48,2025-11-29,10,2.033333,1.000000,2.085000,hypothetical_research_only
grand_haven_mi,round_whitefish,48,2025-11-29,14,2.033333,0.850000,1.968750,hypothetical_research_only
grand_haven_mi,round_whitefish,48,2025-11-29,18,2.033333,0.550000,1.736250,hypothetical_research_only
grand_haven_mi,round_whitefish,48,2025-11-29,22,2.033333,0.250000,1.503750,hypothetical_research_only
grand_haven_mi,round_whitefish,48,2025-11-29,26,2.033333,0.100000,1.387500,hypothetical_research_only
grand_haven_mi,round_whitefish,48,2025-11-29,30,2.033333,,,out_of_domain
grand_haven_mi,round_whitefish,49,2025-12-06,2,1.800000,0.850000,1.750000,hypothetical_research_only
grand_haven_mi,round_whitefish,49,2025-12-06,6,1.800000,1.000000,1.840000,hypothetical_research_only
grand_haven_mi,round_whitefish,49,2025-12-06,10,1.800000,1.000000,1.840000,hypothetical_research_only
grand_haven_mi,round_whitefish,49,2025-12-06,14,1.800000,0.850000,1.750000,hypothetical_research_only
grand_haven_mi,round_whitefish,49,2025-12-06,18,1.800000,0.550000,1.570000,hypothetical_research_only
grand_haven_mi,round_whitefish,49,2025-12-06,22,1.800000,0.250000,1.390000,hypothetical_research_only
grand_haven_mi,round_whitefish,49,2025-12-06,26,1.800000,0.100000,1.300000,hypothetical_research_only
grand_haven_mi,round_whitefish,49,2025-12-06,30,1.800000,,,out_of_domain
grand_haven_mi,round_whitefish,50,2025-12-13,2,1.566667,0.850000,1.531250,hypothetical_research_only
grand_haven_mi,round_whitefish,50,2025-12-13,6,1.566667,1.000000,1.595000,hypothetical_research_only
grand_haven_mi,round_whitefish,50,2025-12-13,10,1.566667,1.000000,1.595000,hypothetical_research_only
grand_haven_mi,round_whitefish,50,2025-12-13,14,1.566667,0.850000,1.531250,hypothetical_research_only
grand_haven_mi,round_whitefish,50,2025-12-13,18,1.566667,0.550000,1.403750,hypothetical_research_only
grand_haven_mi,round_whitefish,50,2025-12-13,22,1.566667,0.250000,1.276250,hypothetical_research_only
grand_haven_mi,round_whitefish,50,2025-12-13,26,1.566667,0.100000,1.212500,hypothetical_research_only
grand_haven_mi,round_whitefish,50,2025-12-13,30,1.566667,,,out_of_domain
grand_haven_mi,round_whitefish,51,2025-12-20,2,1.500000,0.850000,1.468750,hypothetical_research_only
grand_haven_mi,round_whitefish,51,2025-12-20,6,1.500000,1.000000,1.525000,hypothetical_research_only
grand_haven_mi,round_whitefish,51,2025-12-20,10,1.500000,1.000000,1.525000,hypothetical_research_only
grand_haven_mi,round_whitefish,51,2025-12-20,14,1.500000,0.850000,1.468750,hypothetical_research_only
grand_haven_mi,round_whitefish,51,2025-12-20,18,1.500000,0.550000,1.356250,hypothetical_research_only
grand_haven_mi,round_whitefish,51,2025-12-20,22,1.500000,0.250000,1.243750,hypothetical_research_only
grand_haven_mi,round_whitefish,51,2025-12-20,26,1.500000,0.100000,1.187500,hypothetical_research_only
grand_haven_mi,round_whitefish,51,2025-12-20,30,1.500000,,,out_of_domain
grand_haven_mi,round_whitefish,52,2025-12-27,2,1.500000,0.850000,1.468750,hypothetical_research_only
grand_haven_mi,round_whitefish,52,2025-12-27,6,1.500000,1.000000,1.525000,hypothetical_research_only
grand_haven_mi,round_whitefish,52,2025-12-27,10,1.500000,1.000000,1.525000,hypothetical_research_only
grand_haven_mi,round_whitefish,52,2025-12-27,14,1.500000,0.850000,1.468750,hypothetical_research_only
grand_haven_mi,round_whitefish,52,2025-12-27,18,1.500000,0.550000,1.356250,hypothetical_research_only
grand_haven_mi,round_whitefish,52,2025-12-27,22,1.500000,0.250000,1.243750,hypothetical_research_only
grand_haven_mi,round_whitefish,52,2025-12-27,26,1.500000,0.100000,1.187500,hypothetical_research_only
grand_haven_mi,round_whitefish,52,2025-12-27,30,1.500000,,,out_of_domain
grand_haven_mi,channel_catfish,1,2025-01-04,2,1.500000,0.450000,1.318750,hypothetical_research_only
grand_haven_mi,channel_catfish,1,2025-01-04,6,1.500000,0.575000,1.365625,hypothetical_research_only
grand_haven_mi,channel_catfish,1,2025-01-04,10,1.500000,0.725000,1.421875,hypothetical_research_only
grand_haven_mi,channel_catfish,1,2025-01-04,14,1.500000,0.850000,1.468750,hypothetical_research_only
grand_haven_mi,channel_catfish,1,2025-01-04,18,1.500000,0.925000,1.496875,hypothetical_research_only
grand_haven_mi,channel_catfish,1,2025-01-04,22,1.500000,0.975000,1.515625,hypothetical_research_only
grand_haven_mi,channel_catfish,1,2025-01-04,26,1.500000,1.000000,1.525000,hypothetical_research_only
grand_haven_mi,channel_catfish,1,2025-01-04,30,1.500000,0.900000,1.487500,hypothetical_research_only
grand_haven_mi,channel_catfish,2,2025-01-11,2,1.500000,0.450000,1.318750,hypothetical_research_only
grand_haven_mi,channel_catfish,2,2025-01-11,6,1.500000,0.575000,1.365625,hypothetical_research_only
grand_haven_mi,channel_catfish,2,2025-01-11,10,1.500000,0.725000,1.421875,hypothetical_research_only
grand_haven_mi,channel_catfish,2,2025-01-11,14,1.500000,0.850000,1.468750,hypothetical_research_only
grand_haven_mi,channel_catfish,2,2025-01-11,18,1.500000,0.925000,1.496875,hypothetical_research_only
grand_haven_mi,channel_catfish,2,2025-01-11,22,1.500000,0.975000,1.515625,hypothetical_research_only
grand_haven_mi,channel_catfish,2,2025-01-11,26,1.500000,1.000000,1.525000,hypothetical_research_only
grand_haven_mi,channel_catfish,2,2025-01-11,30,1.500000,0.900000,1.487500,hypothetical_research_only
grand_haven_mi,channel_catfish,3,2025-01-18,2,1.500000,0.450000,1.318750,hypothetical_research_only
grand_haven_mi,channel_catfish,3,2025-01-18,6,1.500000,0.575000,1.365625,hypothetical_research_only
grand_haven_mi,channel_catfish,3,2025-01-18,10,1.500000,0.725000,1.421875,hypothetical_research_only
grand_haven_mi,channel_catfish,3,2025-01-18,14,1.500000,0.850000,1.468750,hypothetical_research_only
grand_haven_mi,channel_catfish,3,2025-01-18,18,1.500000,0.925000,1.496875,hypothetical_research_only
grand_haven_mi,channel_catfish,3,2025-01-18,22,1.500000,0.975000,1.515625,hypothetical_research_only
grand_haven_mi,channel_catfish,3,2025-01-18,26,1.500000,1.000000,1.525000,hypothetical_research_only
grand_haven_mi,channel_catfish,3,2025-01-18,30,1.500000,0.900000,1.487500,hypothetical_research_only
grand_haven_mi,channel_catfish,4,2025-01-25,2,1.500000,0.450000,1.318750,hypothetical_research_only
grand_haven_mi,channel_catfish,4,2025-01-25,6,1.500000,0.575000,1.365625,hypothetical_research_only
grand_haven_mi,channel_catfish,4,2025-01-25,10,1.500000,0.725000,1.421875,hypothetical_research_only
grand_haven_mi,channel_catfish,4,2025-01-25,14,1.500000,0.850000,1.468750,hypothetical_research_only
grand_haven_mi,channel_catfish,4,2025-01-25,18,1.500000,0.925000,1.496875,hypothetical_research_only
grand_haven_mi,channel_catfish,4,2025-01-25,22,1.500000,0.975000,1.515625,hypothetical_research_only
grand_haven_mi,channel_catfish,4,2025-01-25,26,1.500000,1.000000,1.525000,hypothetical_research_only
grand_haven_mi,channel_catfish,4,2025-01-25,30,1.500000,0.900000,1.487500,hypothetical_research_only
grand_haven_mi,channel_catfish,5,2025-02-01,2,1.500000,0.450000,1.318750,hypothetical_research_only
grand_haven_mi,channel_catfish,5,2025-02-01,6,1.500000,0.575000,1.365625,hypothetical_research_only
grand_haven_mi,channel_catfish,5,2025-02-01,10,1.500000,0.725000,1.421875,hypothetical_research_only
grand_haven_mi,channel_catfish,5,2025-02-01,14,1.500000,0.850000,1.468750,hypothetical_research_only
grand_haven_mi,channel_catfish,5,2025-02-01,18,1.500000,0.925000,1.496875,hypothetical_research_only
grand_haven_mi,channel_catfish,5,2025-02-01,22,1.500000,0.975000,1.515625,hypothetical_research_only
grand_haven_mi,channel_catfish,5,2025-02-01,26,1.500000,1.000000,1.525000,hypothetical_research_only
grand_haven_mi,channel_catfish,5,2025-02-01,30,1.500000,0.900000,1.487500,hypothetical_research_only
grand_haven_mi,channel_catfish,6,2025-02-08,2,1.500000,0.450000,1.318750,hypothetical_research_only
grand_haven_mi,channel_catfish,6,2025-02-08,6,1.500000,0.575000,1.365625,hypothetical_research_only
grand_haven_mi,channel_catfish,6,2025-02-08,10,1.500000,0.725000,1.421875,hypothetical_research_only
grand_haven_mi,channel_catfish,6,2025-02-08,14,1.500000,0.850000,1.468750,hypothetical_research_only
grand_haven_mi,channel_catfish,6,2025-02-08,18,1.500000,0.925000,1.496875,hypothetical_research_only
grand_haven_mi,channel_catfish,6,2025-02-08,22,1.500000,0.975000,1.515625,hypothetical_research_only
grand_haven_mi,channel_catfish,6,2025-02-08,26,1.500000,1.000000,1.525000,hypothetical_research_only
grand_haven_mi,channel_catfish,6,2025-02-08,30,1.500000,0.900000,1.487500,hypothetical_research_only
grand_haven_mi,channel_catfish,7,2025-02-15,2,1.500000,0.450000,1.318750,hypothetical_research_only
grand_haven_mi,channel_catfish,7,2025-02-15,6,1.500000,0.575000,1.365625,hypothetical_research_only
grand_haven_mi,channel_catfish,7,2025-02-15,10,1.500000,0.725000,1.421875,hypothetical_research_only
grand_haven_mi,channel_catfish,7,2025-02-15,14,1.500000,0.850000,1.468750,hypothetical_research_only
grand_haven_mi,channel_catfish,7,2025-02-15,18,1.500000,0.925000,1.496875,hypothetical_research_only
grand_haven_mi,channel_catfish,7,2025-02-15,22,1.500000,0.975000,1.515625,hypothetical_research_only
grand_haven_mi,channel_catfish,7,2025-02-15,26,1.500000,1.000000,1.525000,hypothetical_research_only
grand_haven_mi,channel_catfish,7,2025-02-15,30,1.500000,0.900000,1.487500,hypothetical_research_only
grand_haven_mi,channel_catfish,8,2025-02-22,2,1.625000,0.450000,1.398438,hypothetical_research_only
grand_haven_mi,channel_catfish,8,2025-02-22,6,1.625000,0.575000,1.457031,hypothetical_research_only
grand_haven_mi,channel_catfish,8,2025-02-22,10,1.625000,0.725000,1.527344,hypothetical_research_only
grand_haven_mi,channel_catfish,8,2025-02-22,14,1.625000,0.850000,1.585938,hypothetical_research_only
grand_haven_mi,channel_catfish,8,2025-02-22,18,1.625000,0.925000,1.621094,hypothetical_research_only
grand_haven_mi,channel_catfish,8,2025-02-22,22,1.625000,0.975000,1.644531,hypothetical_research_only
grand_haven_mi,channel_catfish,8,2025-02-22,26,1.625000,1.000000,1.656250,hypothetical_research_only
grand_haven_mi,channel_catfish,8,2025-02-22,30,1.625000,0.900000,1.609375,hypothetical_research_only
grand_haven_mi,channel_catfish,9,2025-03-01,2,1.750000,0.450000,1.478125,hypothetical_research_only
grand_haven_mi,channel_catfish,9,2025-03-01,6,1.750000,0.575000,1.548437,hypothetical_research_only
grand_haven_mi,channel_catfish,9,2025-03-01,10,1.750000,0.725000,1.632813,hypothetical_research_only
grand_haven_mi,channel_catfish,9,2025-03-01,14,1.750000,0.850000,1.703125,hypothetical_research_only
grand_haven_mi,channel_catfish,9,2025-03-01,18,1.750000,0.925000,1.745313,hypothetical_research_only
grand_haven_mi,channel_catfish,9,2025-03-01,22,1.750000,0.975000,1.773438,hypothetical_research_only
grand_haven_mi,channel_catfish,9,2025-03-01,26,1.750000,1.000000,1.787500,hypothetical_research_only
grand_haven_mi,channel_catfish,9,2025-03-01,30,1.750000,0.900000,1.731250,hypothetical_research_only
grand_haven_mi,channel_catfish,10,2025-03-08,2,1.875000,0.450000,1.557812,hypothetical_research_only
grand_haven_mi,channel_catfish,10,2025-03-08,6,1.875000,0.575000,1.639844,hypothetical_research_only
grand_haven_mi,channel_catfish,10,2025-03-08,10,1.875000,0.725000,1.738281,hypothetical_research_only
grand_haven_mi,channel_catfish,10,2025-03-08,14,1.875000,0.850000,1.820313,hypothetical_research_only
grand_haven_mi,channel_catfish,10,2025-03-08,18,1.875000,0.925000,1.869531,hypothetical_research_only
grand_haven_mi,channel_catfish,10,2025-03-08,22,1.875000,0.975000,1.902344,hypothetical_research_only
grand_haven_mi,channel_catfish,10,2025-03-08,26,1.875000,1.000000,1.918750,hypothetical_research_only
grand_haven_mi,channel_catfish,10,2025-03-08,30,1.875000,0.900000,1.853125,hypothetical_research_only
grand_haven_mi,channel_catfish,11,2025-03-15,2,2.000000,0.450000,1.637500,hypothetical_research_only
grand_haven_mi,channel_catfish,11,2025-03-15,6,2.000000,0.575000,1.731250,hypothetical_research_only
grand_haven_mi,channel_catfish,11,2025-03-15,10,2.000000,0.725000,1.843750,hypothetical_research_only
grand_haven_mi,channel_catfish,11,2025-03-15,14,2.000000,0.850000,1.937500,hypothetical_research_only
grand_haven_mi,channel_catfish,11,2025-03-15,18,2.000000,0.925000,1.993750,hypothetical_research_only
grand_haven_mi,channel_catfish,11,2025-03-15,22,2.000000,0.975000,2.031250,hypothetical_research_only
grand_haven_mi,channel_catfish,11,2025-03-15,26,2.000000,1.000000,2.050000,hypothetical_research_only
grand_haven_mi,channel_catfish,11,2025-03-15,30,2.000000,0.900000,1.975000,hypothetical_research_only
grand_haven_mi,channel_catfish,12,2025-03-22,2,2.225806,0.450000,1.781452,hypothetical_research_only
grand_haven_mi,channel_catfish,12,2025-03-22,6,2.225806,0.575000,1.896371,hypothetical_research_only
grand_haven_mi,channel_catfish,12,2025-03-22,10,2.225806,0.725000,2.034274,hypothetical_research_only
grand_haven_mi,channel_catfish,12,2025-03-22,14,2.225806,0.850000,2.149194,hypothetical_research_only
grand_haven_mi,channel_catfish,12,2025-03-22,18,2.225806,0.925000,2.218145,hypothetical_research_only
grand_haven_mi,channel_catfish,12,2025-03-22,22,2.225806,0.975000,2.264113,hypothetical_research_only
grand_haven_mi,channel_catfish,12,2025-03-22,26,2.225806,1.000000,2.287097,hypothetical_research_only
grand_haven_mi,channel_catfish,12,2025-03-22,30,2.225806,0.900000,2.195161,hypothetical_research_only
grand_haven_mi,channel_catfish,13,2025-03-29,2,2.451613,0.450000,1.925403,hypothetical_research_only
grand_haven_mi,channel_catfish,13,2025-03-29,6,2.451613,0.575000,2.061492,hypothetical_research_only
grand_haven_mi,channel_catfish,13,2025-03-29,10,2.451613,0.725000,2.224798,hypothetical_research_only
grand_haven_mi,channel_catfish,13,2025-03-29,14,2.451613,0.850000,2.360887,hypothetical_research_only
grand_haven_mi,channel_catfish,13,2025-03-29,18,2.451613,0.925000,2.442540,hypothetical_research_only
grand_haven_mi,channel_catfish,13,2025-03-29,22,2.451613,0.975000,2.496976,hypothetical_research_only
grand_haven_mi,channel_catfish,13,2025-03-29,26,2.451613,1.000000,2.524194,hypothetical_research_only
grand_haven_mi,channel_catfish,13,2025-03-29,30,2.451613,0.900000,2.415323,hypothetical_research_only
grand_haven_mi,channel_catfish,14,2025-04-05,2,2.677419,0.450000,2.069355,hypothetical_research_only
grand_haven_mi,channel_catfish,14,2025-04-05,6,2.677419,0.575000,2.226613,hypothetical_research_only
grand_haven_mi,channel_catfish,14,2025-04-05,10,2.677419,0.725000,2.415323,hypothetical_research_only
grand_haven_mi,channel_catfish,14,2025-04-05,14,2.677419,0.850000,2.572581,hypothetical_research_only
grand_haven_mi,channel_catfish,14,2025-04-05,18,2.677419,0.925000,2.666935,hypothetical_research_only
grand_haven_mi,channel_catfish,14,2025-04-05,22,2.677419,0.975000,2.729839,hypothetical_research_only
grand_haven_mi,channel_catfish,14,2025-04-05,26,2.677419,1.000000,2.761290,hypothetical_research_only
grand_haven_mi,channel_catfish,14,2025-04-05,30,2.677419,0.900000,2.635484,hypothetical_research_only
grand_haven_mi,channel_catfish,15,2025-04-12,2,2.903226,0.450000,2.213306,hypothetical_research_only
grand_haven_mi,channel_catfish,15,2025-04-12,6,2.903226,0.575000,2.391734,hypothetical_research_only
grand_haven_mi,channel_catfish,15,2025-04-12,10,2.903226,0.725000,2.605847,hypothetical_research_only
grand_haven_mi,channel_catfish,15,2025-04-12,14,2.903226,0.850000,2.784274,hypothetical_research_only
grand_haven_mi,channel_catfish,15,2025-04-12,18,2.903226,0.925000,2.891331,hypothetical_research_only
grand_haven_mi,channel_catfish,15,2025-04-12,22,2.903226,0.975000,2.962702,hypothetical_research_only
grand_haven_mi,channel_catfish,15,2025-04-12,26,2.903226,1.000000,2.998387,hypothetical_research_only
grand_haven_mi,channel_catfish,15,2025-04-12,30,2.903226,0.900000,2.855645,hypothetical_research_only
grand_haven_mi,channel_catfish,16,2025-04-19,2,3.133333,0.450000,2.360000,hypothetical_research_only
grand_haven_mi,channel_catfish,16,2025-04-19,6,3.133333,0.575000,2.560000,hypothetical_research_only
grand_haven_mi,channel_catfish,16,2025-04-19,10,3.133333,0.725000,2.800000,hypothetical_research_only
grand_haven_mi,channel_catfish,16,2025-04-19,14,3.133333,0.850000,3.000000,hypothetical_research_only
grand_haven_mi,channel_catfish,16,2025-04-19,18,3.133333,0.925000,3.120000,hypothetical_research_only
grand_haven_mi,channel_catfish,16,2025-04-19,22,3.133333,0.975000,3.200000,hypothetical_research_only
grand_haven_mi,channel_catfish,16,2025-04-19,26,3.133333,1.000000,3.240000,hypothetical_research_only
grand_haven_mi,channel_catfish,16,2025-04-19,30,3.133333,0.900000,3.080000,hypothetical_research_only
grand_haven_mi,channel_catfish,17,2025-04-26,2,3.366667,0.450000,2.508750,hypothetical_research_only
grand_haven_mi,channel_catfish,17,2025-04-26,6,3.366667,0.575000,2.730625,hypothetical_research_only
grand_haven_mi,channel_catfish,17,2025-04-26,10,3.366667,0.725000,2.996875,hypothetical_research_only
grand_haven_mi,channel_catfish,17,2025-04-26,14,3.366667,0.850000,3.218750,hypothetical_research_only
grand_haven_mi,channel_catfish,17,2025-04-26,18,3.366667,0.925000,3.351875,hypothetical_research_only
grand_haven_mi,channel_catfish,17,2025-04-26,22,3.366667,0.975000,3.440625,hypothetical_research_only
grand_haven_mi,channel_catfish,17,2025-04-26,26,3.366667,1.000000,3.485000,hypothetical_research_only
grand_haven_mi,channel_catfish,17,2025-04-26,30,3.366667,0.900000,3.307500,hypothetical_research_only
grand_haven_mi,channel_catfish,18,2025-05-03,2,3.600000,0.450000,2.657500,hypothetical_research_only
grand_haven_mi,channel_catfish,18,2025-05-03,6,3.600000,0.575000,2.901250,hypothetical_research_only
grand_haven_mi,channel_catfish,18,2025-05-03,10,3.600000,0.725000,3.193750,hypothetical_research_only
grand_haven_mi,channel_catfish,18,2025-05-03,14,3.600000,0.850000,3.437500,hypothetical_research_only
grand_haven_mi,channel_catfish,18,2025-05-03,18,3.600000,0.925000,3.583750,hypothetical_research_only
grand_haven_mi,channel_catfish,18,2025-05-03,22,3.600000,0.975000,3.681250,hypothetical_research_only
grand_haven_mi,channel_catfish,18,2025-05-03,26,3.600000,1.000000,3.730000,hypothetical_research_only
grand_haven_mi,channel_catfish,18,2025-05-03,30,3.600000,0.900000,3.535000,hypothetical_research_only
grand_haven_mi,channel_catfish,19,2025-05-10,2,3.833333,0.450000,2.806250,hypothetical_research_only
grand_haven_mi,channel_catfish,19,2025-05-10,6,3.833333,0.575000,3.071875,hypothetical_research_only
grand_haven_mi,channel_catfish,19,2025-05-10,10,3.833333,0.725000,3.390625,hypothetical_research_only
grand_haven_mi,channel_catfish,19,2025-05-10,14,3.833333,0.850000,3.656250,hypothetical_research_only
grand_haven_mi,channel_catfish,19,2025-05-10,18,3.833333,0.925000,3.815625,hypothetical_research_only
grand_haven_mi,channel_catfish,19,2025-05-10,22,3.833333,0.975000,3.921875,hypothetical_research_only
grand_haven_mi,channel_catfish,19,2025-05-10,26,3.833333,1.000000,3.975000,hypothetical_research_only
grand_haven_mi,channel_catfish,19,2025-05-10,30,3.833333,0.900000,3.762500,hypothetical_research_only
grand_haven_mi,channel_catfish,20,2025-05-17,2,4.000000,0.450000,2.912500,hypothetical_research_only
grand_haven_mi,channel_catfish,20,2025-05-17,6,4.000000,0.575000,3.193750,hypothetical_research_only
grand_haven_mi,channel_catfish,20,2025-05-17,10,4.000000,0.725000,3.531250,hypothetical_research_only
grand_haven_mi,channel_catfish,20,2025-05-17,14,4.000000,0.850000,3.812500,hypothetical_research_only
grand_haven_mi,channel_catfish,20,2025-05-17,18,4.000000,0.925000,3.981250,hypothetical_research_only
grand_haven_mi,channel_catfish,20,2025-05-17,22,4.000000,0.975000,4.093750,hypothetical_research_only
grand_haven_mi,channel_catfish,20,2025-05-17,26,4.000000,1.000000,4.150000,hypothetical_research_only
grand_haven_mi,channel_catfish,20,2025-05-17,30,4.000000,0.900000,3.925000,hypothetical_research_only
grand_haven_mi,channel_catfish,21,2025-05-24,2,4.000000,0.450000,2.912500,hypothetical_research_only
grand_haven_mi,channel_catfish,21,2025-05-24,6,4.000000,0.575000,3.193750,hypothetical_research_only
grand_haven_mi,channel_catfish,21,2025-05-24,10,4.000000,0.725000,3.531250,hypothetical_research_only
grand_haven_mi,channel_catfish,21,2025-05-24,14,4.000000,0.850000,3.812500,hypothetical_research_only
grand_haven_mi,channel_catfish,21,2025-05-24,18,4.000000,0.925000,3.981250,hypothetical_research_only
grand_haven_mi,channel_catfish,21,2025-05-24,22,4.000000,0.975000,4.093750,hypothetical_research_only
grand_haven_mi,channel_catfish,21,2025-05-24,26,4.000000,1.000000,4.150000,hypothetical_research_only
grand_haven_mi,channel_catfish,21,2025-05-24,30,4.000000,0.900000,3.925000,hypothetical_research_only
grand_haven_mi,channel_catfish,22,2025-05-31,2,4.000000,0.450000,2.912500,hypothetical_research_only
grand_haven_mi,channel_catfish,22,2025-05-31,6,4.000000,0.575000,3.193750,hypothetical_research_only
grand_haven_mi,channel_catfish,22,2025-05-31,10,4.000000,0.725000,3.531250,hypothetical_research_only
grand_haven_mi,channel_catfish,22,2025-05-31,14,4.000000,0.850000,3.812500,hypothetical_research_only
grand_haven_mi,channel_catfish,22,2025-05-31,18,4.000000,0.925000,3.981250,hypothetical_research_only
grand_haven_mi,channel_catfish,22,2025-05-31,22,4.000000,0.975000,4.093750,hypothetical_research_only
grand_haven_mi,channel_catfish,22,2025-05-31,26,4.000000,1.000000,4.150000,hypothetical_research_only
grand_haven_mi,channel_catfish,22,2025-05-31,30,4.000000,0.900000,3.925000,hypothetical_research_only
grand_haven_mi,channel_catfish,23,2025-06-07,2,4.000000,0.450000,2.912500,hypothetical_research_only
grand_haven_mi,channel_catfish,23,2025-06-07,6,4.000000,0.575000,3.193750,hypothetical_research_only
grand_haven_mi,channel_catfish,23,2025-06-07,10,4.000000,0.725000,3.531250,hypothetical_research_only
grand_haven_mi,channel_catfish,23,2025-06-07,14,4.000000,0.850000,3.812500,hypothetical_research_only
grand_haven_mi,channel_catfish,23,2025-06-07,18,4.000000,0.925000,3.981250,hypothetical_research_only
grand_haven_mi,channel_catfish,23,2025-06-07,22,4.000000,0.975000,4.093750,hypothetical_research_only
grand_haven_mi,channel_catfish,23,2025-06-07,26,4.000000,1.000000,4.150000,hypothetical_research_only
grand_haven_mi,channel_catfish,23,2025-06-07,30,4.000000,0.900000,3.925000,hypothetical_research_only
grand_haven_mi,channel_catfish,24,2025-06-14,2,4.000000,0.450000,2.912500,hypothetical_research_only
grand_haven_mi,channel_catfish,24,2025-06-14,6,4.000000,0.575000,3.193750,hypothetical_research_only
grand_haven_mi,channel_catfish,24,2025-06-14,10,4.000000,0.725000,3.531250,hypothetical_research_only
grand_haven_mi,channel_catfish,24,2025-06-14,14,4.000000,0.850000,3.812500,hypothetical_research_only
grand_haven_mi,channel_catfish,24,2025-06-14,18,4.000000,0.925000,3.981250,hypothetical_research_only
grand_haven_mi,channel_catfish,24,2025-06-14,22,4.000000,0.975000,4.093750,hypothetical_research_only
grand_haven_mi,channel_catfish,24,2025-06-14,26,4.000000,1.000000,4.150000,hypothetical_research_only
grand_haven_mi,channel_catfish,24,2025-06-14,30,4.000000,0.900000,3.925000,hypothetical_research_only
grand_haven_mi,channel_catfish,25,2025-06-21,2,4.100000,0.450000,2.976250,hypothetical_research_only
grand_haven_mi,channel_catfish,25,2025-06-21,6,4.100000,0.575000,3.266875,hypothetical_research_only
grand_haven_mi,channel_catfish,25,2025-06-21,10,4.100000,0.725000,3.615625,hypothetical_research_only
grand_haven_mi,channel_catfish,25,2025-06-21,14,4.100000,0.850000,3.906250,hypothetical_research_only
grand_haven_mi,channel_catfish,25,2025-06-21,18,4.100000,0.925000,4.080625,hypothetical_research_only
grand_haven_mi,channel_catfish,25,2025-06-21,22,4.100000,0.975000,4.196875,hypothetical_research_only
grand_haven_mi,channel_catfish,25,2025-06-21,26,4.100000,1.000000,4.255000,hypothetical_research_only
grand_haven_mi,channel_catfish,25,2025-06-21,30,4.100000,0.900000,4.022500,hypothetical_research_only
grand_haven_mi,channel_catfish,26,2025-06-28,2,4.216667,0.450000,3.050625,hypothetical_research_only
grand_haven_mi,channel_catfish,26,2025-06-28,6,4.216667,0.575000,3.352187,hypothetical_research_only
grand_haven_mi,channel_catfish,26,2025-06-28,10,4.216667,0.725000,3.714063,hypothetical_research_only
grand_haven_mi,channel_catfish,26,2025-06-28,14,4.216667,0.850000,4.015625,hypothetical_research_only
grand_haven_mi,channel_catfish,26,2025-06-28,18,4.216667,0.925000,4.196563,hypothetical_research_only
grand_haven_mi,channel_catfish,26,2025-06-28,22,4.216667,0.975000,4.317188,hypothetical_research_only
grand_haven_mi,channel_catfish,26,2025-06-28,26,4.216667,1.000000,4.377500,hypothetical_research_only
grand_haven_mi,channel_catfish,26,2025-06-28,30,4.216667,0.900000,4.136250,hypothetical_research_only
grand_haven_mi,channel_catfish,27,2025-07-05,2,4.333333,0.450000,3.125000,hypothetical_research_only
grand_haven_mi,channel_catfish,27,2025-07-05,6,4.333333,0.575000,3.437500,hypothetical_research_only
grand_haven_mi,channel_catfish,27,2025-07-05,10,4.333333,0.725000,3.812500,hypothetical_research_only
grand_haven_mi,channel_catfish,27,2025-07-05,14,4.333333,0.850000,4.125000,hypothetical_research_only
grand_haven_mi,channel_catfish,27,2025-07-05,18,4.333333,0.925000,4.312500,hypothetical_research_only
grand_haven_mi,channel_catfish,27,2025-07-05,22,4.333333,0.975000,4.437500,hypothetical_research_only
grand_haven_mi,channel_catfish,27,2025-07-05,26,4.333333,1.000000,4.500000,hypothetical_research_only
grand_haven_mi,channel_catfish,27,2025-07-05,30,4.333333,0.900000,4.250000,hypothetical_research_only
grand_haven_mi,channel_catfish,28,2025-07-12,2,4.450000,0.450000,3.199375,hypothetical_research_only
grand_haven_mi,channel_catfish,28,2025-07-12,6,4.450000,0.575000,3.522813,hypothetical_research_only
grand_haven_mi,channel_catfish,28,2025-07-12,10,4.450000,0.725000,3.910938,hypothetical_research_only
grand_haven_mi,channel_catfish,28,2025-07-12,14,4.450000,0.850000,4.234375,hypothetical_research_only
grand_haven_mi,channel_catfish,28,2025-07-12,18,4.450000,0.925000,4.428438,hypothetical_research_only
grand_haven_mi,channel_catfish,28,2025-07-12,22,4.450000,0.975000,4.557813,hypothetical_research_only
grand_haven_mi,channel_catfish,28,2025-07-12,26,4.450000,1.000000,4.622500,hypothetical_research_only
grand_haven_mi,channel_catfish,28,2025-07-12,30,4.450000,0.900000,4.363750,hypothetical_research_only
grand_haven_mi,channel_catfish,29,2025-07-19,2,4.629032,0.450000,3.313508,hypothetical_research_only
grand_haven_mi,channel_catfish,29,2025-07-19,6,4.629032,0.575000,3.653730,hypothetical_research_only
grand_haven_mi,channel_catfish,29,2025-07-19,10,4.629032,0.725000,4.061996,hypothetical_research_only
grand_haven_mi,channel_catfish,29,2025-07-19,14,4.629032,0.850000,4.402218,hypothetical_research_only
grand_haven_mi,channel_catfish,29,2025-07-19,18,4.629032,0.925000,4.606351,hypothetical_research_only
grand_haven_mi,channel_catfish,29,2025-07-19,22,4.629032,0.975000,4.742440,hypothetical_research_only
grand_haven_mi,channel_catfish,29,2025-07-19,26,4.629032,1.000000,4.810484,hypothetical_research_only
grand_haven_mi,channel_catfish,29,2025-07-19,30,4.629032,0.900000,4.538306,hypothetical_research_only
grand_haven_mi,channel_catfish,30,2025-07-26,2,4.854839,0.450000,3.457460,hypothetical_research_only
grand_haven_mi,channel_catfish,30,2025-07-26,6,4.854839,0.575000,3.818851,hypothetical_research_only
grand_haven_mi,channel_catfish,30,2025-07-26,10,4.854839,0.725000,4.252520,hypothetical_research_only
grand_haven_mi,channel_catfish,30,2025-07-26,14,4.854839,0.850000,4.613911,hypothetical_research_only
grand_haven_mi,channel_catfish,30,2025-07-26,18,4.854839,0.925000,4.830746,hypothetical_research_only
grand_haven_mi,channel_catfish,30,2025-07-26,22,4.854839,0.975000,4.975302,hypothetical_research_only
grand_haven_mi,channel_catfish,30,2025-07-26,26,4.854839,1.000000,5.047581,hypothetical_research_only
grand_haven_mi,channel_catfish,30,2025-07-26,30,4.854839,0.900000,4.758468,hypothetical_research_only
grand_haven_mi,channel_catfish,31,2025-08-02,2,5.080645,0.450000,3.601411,hypothetical_research_only
grand_haven_mi,channel_catfish,31,2025-08-02,6,5.080645,0.575000,3.983972,hypothetical_research_only
grand_haven_mi,channel_catfish,31,2025-08-02,10,5.080645,0.725000,4.443044,hypothetical_research_only
grand_haven_mi,channel_catfish,31,2025-08-02,14,5.080645,0.850000,4.825605,hypothetical_research_only
grand_haven_mi,channel_catfish,31,2025-08-02,18,5.080645,0.925000,5.055141,hypothetical_research_only
grand_haven_mi,channel_catfish,31,2025-08-02,22,5.080645,0.975000,5.208165,hypothetical_research_only
grand_haven_mi,channel_catfish,31,2025-08-02,26,5.080645,1.000000,5.284677,hypothetical_research_only
grand_haven_mi,channel_catfish,31,2025-08-02,30,5.080645,0.900000,4.978629,hypothetical_research_only
grand_haven_mi,channel_catfish,32,2025-08-09,2,5.306452,0.450000,3.745363,hypothetical_research_only
grand_haven_mi,channel_catfish,32,2025-08-09,6,5.306452,0.575000,4.149093,hypothetical_research_only
grand_haven_mi,channel_catfish,32,2025-08-09,10,5.306452,0.725000,4.633569,hypothetical_research_only
grand_haven_mi,channel_catfish,32,2025-08-09,14,5.306452,0.850000,5.037298,hypothetical_research_only
grand_haven_mi,channel_catfish,32,2025-08-09,18,5.306452,0.925000,5.279536,hypothetical_research_only
grand_haven_mi,channel_catfish,32,2025-08-09,22,5.306452,0.975000,5.441028,hypothetical_research_only
grand_haven_mi,channel_catfish,32,2025-08-09,26,5.306452,1.000000,5.521774,hypothetical_research_only
grand_haven_mi,channel_catfish,32,2025-08-09,30,5.306452,0.900000,5.198790,hypothetical_research_only
grand_haven_mi,channel_catfish,33,2025-08-16,2,5.483871,0.450000,3.858468,hypothetical_research_only
grand_haven_mi,channel_catfish,33,2025-08-16,6,5.483871,0.575000,4.278831,hypothetical_research_only
grand_haven_mi,channel_catfish,33,2025-08-16,10,5.483871,0.725000,4.783266,hypothetical_research_only
grand_haven_mi,channel_catfish,33,2025-08-16,14,5.483871,0.850000,5.203629,hypothetical_research_only
grand_haven_mi,channel_catfish,33,2025-08-16,18,5.483871,0.925000,5.455847,hypothetical_research_only
grand_haven_mi,channel_catfish,33,2025-08-16,22,5.483871,0.975000,5.623992,hypothetical_research_only
grand_haven_mi,channel_catfish,33,2025-08-16,26,5.483871,1.000000,5.708065,hypothetical_research_only
grand_haven_mi,channel_catfish,33,2025-08-16,30,5.483871,0.900000,5.371774,hypothetical_research_only
grand_haven_mi,channel_catfish,34,2025-08-23,2,5.370968,0.450000,3.786492,hypothetical_research_only
grand_haven_mi,channel_catfish,34,2025-08-23,6,5.370968,0.575000,4.196270,hypothetical_research_only
grand_haven_mi,channel_catfish,34,2025-08-23,10,5.370968,0.725000,4.688004,hypothetical_research_only
grand_haven_mi,channel_catfish,34,2025-08-23,14,5.370968,0.850000,5.097782,hypothetical_research_only
grand_haven_mi,channel_catfish,34,2025-08-23,18,5.370968,0.925000,5.343649,hypothetical_research_only
grand_haven_mi,channel_catfish,34,2025-08-23,22,5.370968,0.975000,5.507560,hypothetical_research_only
grand_haven_mi,channel_catfish,34,2025-08-23,26,5.370968,1.000000,5.589516,hypothetical_research_only
grand_haven_mi,channel_catfish,34,2025-08-23,30,5.370968,0.900000,5.261694,hypothetical_research_only
grand_haven_mi,channel_catfish,35,2025-08-30,2,5.258065,0.450000,3.714516,hypothetical_research_only
grand_haven_mi,channel_catfish,35,2025-08-30,6,5.258065,0.575000,4.113710,hypothetical_research_only
grand_haven_mi,channel_catfish,35,2025-08-30,10,5.258065,0.725000,4.592742,hypothetical_research_only
grand_haven_mi,channel_catfish,35,2025-08-30,14,5.258065,0.850000,4.991935,hypothetical_research_only
grand_haven_mi,channel_catfish,35,2025-08-30,18,5.258065,0.925000,5.231452,hypothetical_research_only
grand_haven_mi,channel_catfish,35,2025-08-30,22,5.258065,0.975000,5.391129,hypothetical_research_only
grand_haven_mi,channel_catfish,35,2025-08-30,26,5.258065,1.000000,5.470968,hypothetical_research_only
grand_haven_mi,channel_catfish,35,2025-08-30,30,5.258065,0.900000,5.151613,hypothetical_research_only
grand_haven_mi,channel_catfish,36,2025-09-06,2,5.145161,0.450000,3.642540,hypothetical_research_only
grand_haven_mi,channel_catfish,36,2025-09-06,6,5.145161,0.575000,4.031149,hypothetical_research_only
grand_haven_mi,channel_catfish,36,2025-09-06,10,5.145161,0.725000,4.497480,hypothetical_research_only
grand_haven_mi,channel_catfish,36,2025-09-06,14,5.145161,0.850000,4.886089,hypothetical_research_only
grand_haven_mi,channel_catfish,36,2025-09-06,18,5.145161,0.925000,5.119254,hypothetical_research_only
grand_haven_mi,channel_catfish,36,2025-09-06,22,5.145161,0.975000,5.274698,hypothetical_research_only
grand_haven_mi,channel_catfish,36,2025-09-06,26,5.145161,1.000000,5.352419,hypothetical_research_only
grand_haven_mi,channel_catfish,36,2025-09-06,30,5.145161,0.900000,5.041532,hypothetical_research_only
grand_haven_mi,channel_catfish,37,2025-09-13,2,5.032258,0.450000,3.570565,hypothetical_research_only
grand_haven_mi,channel_catfish,37,2025-09-13,6,5.032258,0.575000,3.948589,hypothetical_research_only
grand_haven_mi,channel_catfish,37,2025-09-13,10,5.032258,0.725000,4.402218,hypothetical_research_only
grand_haven_mi,channel_catfish,37,2025-09-13,14,5.032258,0.850000,4.780242,hypothetical_research_only
grand_haven_mi,channel_catfish,37,2025-09-13,18,5.032258,0.925000,5.007056,hypothetical_research_only
grand_haven_mi,channel_catfish,37,2025-09-13,22,5.032258,0.975000,5.158266,hypothetical_research_only
grand_haven_mi,channel_catfish,37,2025-09-13,26,5.032258,1.000000,5.233871,hypothetical_research_only
grand_haven_mi,channel_catfish,37,2025-09-13,30,5.032258,0.900000,4.931452,hypothetical_research_only
grand_haven_mi,channel_catfish,38,2025-09-20,2,4.833333,0.450000,3.443750,hypothetical_research_only
grand_haven_mi,channel_catfish,38,2025-09-20,6,4.833333,0.575000,3.803125,hypothetical_research_only
grand_haven_mi,channel_catfish,38,2025-09-20,10,4.833333,0.725000,4.234375,hypothetical_research_only
grand_haven_mi,channel_catfish,38,2025-09-20,14,4.833333,0.850000,4.593750,hypothetical_research_only
grand_haven_mi,channel_catfish,38,2025-09-20,18,4.833333,0.925000,4.809375,hypothetical_research_only
grand_haven_mi,channel_catfish,38,2025-09-20,22,4.833333,0.975000,4.953125,hypothetical_research_only
grand_haven_mi,channel_catfish,38,2025-09-20,26,4.833333,1.000000,5.025000,hypothetical_research_only
grand_haven_mi,channel_catfish,38,2025-09-20,30,4.833333,0.900000,4.737500,hypothetical_research_only
grand_haven_mi,channel_catfish,39,2025-09-27,2,4.600000,0.450000,3.295000,hypothetical_research_only
grand_haven_mi,channel_catfish,39,2025-09-27,6,4.600000,0.575000,3.632500,hypothetical_research_only
grand_haven_mi,channel_catfish,39,2025-09-27,10,4.600000,0.725000,4.037500,hypothetical_research_only
grand_haven_mi,channel_catfish,39,2025-09-27,14,4.600000,0.850000,4.375000,hypothetical_research_only
grand_haven_mi,channel_catfish,39,2025-09-27,18,4.600000,0.925000,4.577500,hypothetical_research_only
grand_haven_mi,channel_catfish,39,2025-09-27,22,4.600000,0.975000,4.712500,hypothetical_research_only
grand_haven_mi,channel_catfish,39,2025-09-27,26,4.600000,1.000000,4.780000,hypothetical_research_only
grand_haven_mi,channel_catfish,39,2025-09-27,30,4.600000,0.900000,4.510000,hypothetical_research_only
grand_haven_mi,channel_catfish,40,2025-10-04,2,4.366667,0.450000,3.146250,hypothetical_research_only
grand_haven_mi,channel_catfish,40,2025-10-04,6,4.366667,0.575000,3.461875,hypothetical_research_only
grand_haven_mi,channel_catfish,40,2025-10-04,10,4.366667,0.725000,3.840625,hypothetical_research_only
grand_haven_mi,channel_catfish,40,2025-10-04,14,4.366667,0.850000,4.156250,hypothetical_research_only
grand_haven_mi,channel_catfish,40,2025-10-04,18,4.366667,0.925000,4.345625,hypothetical_research_only
grand_haven_mi,channel_catfish,40,2025-10-04,22,4.366667,0.975000,4.471875,hypothetical_research_only
grand_haven_mi,channel_catfish,40,2025-10-04,26,4.366667,1.000000,4.535000,hypothetical_research_only
grand_haven_mi,channel_catfish,40,2025-10-04,30,4.366667,0.900000,4.282500,hypothetical_research_only
grand_haven_mi,channel_catfish,41,2025-10-11,2,4.133333,0.450000,2.997500,hypothetical_research_only
grand_haven_mi,channel_catfish,41,2025-10-11,6,4.133333,0.575000,3.291250,hypothetical_research_only
grand_haven_mi,channel_catfish,41,2025-10-11,10,4.133333,0.725000,3.643750,hypothetical_research_only
grand_haven_mi,channel_catfish,41,2025-10-11,14,4.133333,0.850000,3.937500,hypothetical_research_only
grand_haven_mi,channel_catfish,41,2025-10-11,18,4.133333,0.925000,4.113750,hypothetical_research_only
grand_haven_mi,channel_catfish,41,2025-10-11,22,4.133333,0.975000,4.231250,hypothetical_research_only
grand_haven_mi,channel_catfish,41,2025-10-11,26,4.133333,1.000000,4.290000,hypothetical_research_only
grand_haven_mi,channel_catfish,41,2025-10-11,30,4.133333,0.900000,4.055000,hypothetical_research_only
grand_haven_mi,channel_catfish,42,2025-10-18,2,3.854839,0.450000,2.819960,hypothetical_research_only
grand_haven_mi,channel_catfish,42,2025-10-18,6,3.854839,0.575000,3.087601,hypothetical_research_only
grand_haven_mi,channel_catfish,42,2025-10-18,10,3.854839,0.725000,3.408770,hypothetical_research_only
grand_haven_mi,channel_catfish,42,2025-10-18,14,3.854839,0.850000,3.676411,hypothetical_research_only
grand_haven_mi,channel_catfish,42,2025-10-18,18,3.854839,0.925000,3.836996,hypothetical_research_only
grand_haven_mi,channel_catfish,42,2025-10-18,22,3.854839,0.975000,3.944052,hypothetical_research_only
grand_haven_mi,channel_catfish,42,2025-10-18,26,3.854839,1.000000,3.997581,hypothetical_research_only
grand_haven_mi,channel_catfish,42,2025-10-18,30,3.854839,0.900000,3.783468,hypothetical_research_only
grand_haven_mi,channel_catfish,43,2025-10-25,2,3.516129,0.450000,2.604032,hypothetical_research_only
grand_haven_mi,channel_catfish,43,2025-10-25,6,3.516129,0.575000,2.839919,hypothetical_research_only
grand_haven_mi,channel_catfish,43,2025-10-25,10,3.516129,0.725000,3.122984,hypothetical_research_only
grand_haven_mi,channel_catfish,43,2025-10-25,14,3.516129,0.850000,3.358871,hypothetical_research_only
grand_haven_mi,channel_catfish,43,2025-10-25,18,3.516129,0.925000,3.500403,hypothetical_research_only
grand_haven_mi,channel_catfish,43,2025-10-25,22,3.516129,0.975000,3.594758,hypothetical_research_only
grand_haven_mi,channel_catfish,43,2025-10-25,26,3.516129,1.000000,3.641935,hypothetical_research_only
grand_haven_mi,channel_catfish,43,2025-10-25,30,3.516129,0.900000,3.453226,hypothetical_research_only
grand_haven_mi,channel_catfish,44,2025-11-01,2,3.177419,0.450000,2.388105,hypothetical_research_only
grand_haven_mi,channel_catfish,44,2025-11-01,6,3.177419,0.575000,2.592238,hypothetical_research_only
grand_haven_mi,channel_catfish,44,2025-11-01,10,3.177419,0.725000,2.837198,hypothetical_research_only
grand_haven_mi,channel_catfish,44,2025-11-01,14,3.177419,0.850000,3.041331,hypothetical_research_only
grand_haven_mi,channel_catfish,44,2025-11-01,18,3.177419,0.925000,3.163810,hypothetical_research_only
grand_haven_mi,channel_catfish,44,2025-11-01,22,3.177419,0.975000,3.245464,hypothetical_research_only
grand_haven_mi,channel_catfish,44,2025-11-01,26,3.177419,1.000000,3.286290,hypothetical_research_only
grand_haven_mi,channel_catfish,44,2025-11-01,30,3.177419,0.900000,3.122984,hypothetical_research_only
grand_haven_mi,channel_catfish,45,2025-11-08,2,2.838710,0.450000,2.172177,hypothetical_research_only
grand_haven_mi,channel_catfish,45,2025-11-08,6,2.838710,0.575000,2.344556,hypothetical_research_only
grand_haven_mi,channel_catfish,45,2025-11-08,10,2.838710,0.725000,2.551411,hypothetical_research_only
grand_haven_mi,channel_catfish,45,2025-11-08,14,2.838710,0.850000,2.723790,hypothetical_research_only
grand_haven_mi,channel_catfish,45,2025-11-08,18,2.838710,0.925000,2.827218,hypothetical_research_only
grand_haven_mi,channel_catfish,45,2025-11-08,22,2.838710,0.975000,2.896169,hypothetical_research_only
grand_haven_mi,channel_catfish,45,2025-11-08,26,2.838710,1.000000,2.930645,hypothetical_research_only
grand_haven_mi,channel_catfish,45,2025-11-08,30,2.838710,0.900000,2.792742,hypothetical_research_only
grand_haven_mi,channel_catfish,46,2025-11-15,2,2.500000,0.450000,1.956250,hypothetical_research_only
grand_haven_mi,channel_catfish,46,2025-11-15,6,2.500000,0.575000,2.096875,hypothetical_research_only
grand_haven_mi,channel_catfish,46,2025-11-15,10,2.500000,0.725000,2.265625,hypothetical_research_only
grand_haven_mi,channel_catfish,46,2025-11-15,14,2.500000,0.850000,2.406250,hypothetical_research_only
grand_haven_mi,channel_catfish,46,2025-11-15,18,2.500000,0.925000,2.490625,hypothetical_research_only
grand_haven_mi,channel_catfish,46,2025-11-15,22,2.500000,0.975000,2.546875,hypothetical_research_only
grand_haven_mi,channel_catfish,46,2025-11-15,26,2.500000,1.000000,2.575000,hypothetical_research_only
grand_haven_mi,channel_catfish,46,2025-11-15,30,2.500000,0.900000,2.462500,hypothetical_research_only
grand_haven_mi,channel_catfish,47,2025-11-22,2,2.266667,0.450000,1.807500,hypothetical_research_only
grand_haven_mi,channel_catfish,47,2025-11-22,6,2.266667,0.575000,1.926250,hypothetical_research_only
grand_haven_mi,channel_catfish,47,2025-11-22,10,2.266667,0.725000,2.068750,hypothetical_research_only
grand_haven_mi,channel_catfish,47,2025-11-22,14,2.266667,0.850000,2.187500,hypothetical_research_only
grand_haven_mi,channel_catfish,47,2025-11-22,18,2.266667,0.925000,2.258750,hypothetical_research_only
grand_haven_mi,channel_catfish,47,2025-11-22,22,2.266667,0.975000,2.306250,hypothetical_research_only
grand_haven_mi,channel_catfish,47,2025-11-22,26,2.266667,1.000000,2.330000,hypothetical_research_only
grand_haven_mi,channel_catfish,47,2025-11-22,30,2.266667,0.900000,2.235000,hypothetical_research_only
grand_haven_mi,channel_catfish,48,2025-11-29,2,2.033333,0.450000,1.658750,hypothetical_research_only
grand_haven_mi,channel_catfish,48,2025-11-29,6,2.033333,0.575000,1.755625,hypothetical_research_only
grand_haven_mi,channel_catfish,48,2025-11-29,10,2.033333,0.725000,1.871875,hypothetical_research_only
grand_haven_mi,channel_catfish,48,2025-11-29,14,2.033333,0.850000,1.968750,hypothetical_research_only
grand_haven_mi,channel_catfish,48,2025-11-29,18,2.033333,0.925000,2.026875,hypothetical_research_only
grand_haven_mi,channel_catfish,48,2025-11-29,22,2.033333,0.975000,2.065625,hypothetical_research_only
grand_haven_mi,channel_catfish,48,2025-11-29,26,2.033333,1.000000,2.085000,hypothetical_research_only
grand_haven_mi,channel_catfish,48,2025-11-29,30,2.033333,0.900000,2.007500,hypothetical_research_only
grand_haven_mi,channel_catfish,49,2025-12-06,2,1.800000,0.450000,1.510000,hypothetical_research_only
grand_haven_mi,channel_catfish,49,2025-12-06,6,1.800000,0.575000,1.585000,hypothetical_research_only
grand_haven_mi,channel_catfish,49,2025-12-06,10,1.800000,0.725000,1.675000,hypothetical_research_only
grand_haven_mi,channel_catfish,49,2025-12-06,14,1.800000,0.850000,1.750000,hypothetical_research_only
grand_haven_mi,channel_catfish,49,2025-12-06,18,1.800000,0.925000,1.795000,hypothetical_research_only
grand_haven_mi,channel_catfish,49,2025-12-06,22,1.800000,0.975000,1.825000,hypothetical_research_only
grand_haven_mi,channel_catfish,49,2025-12-06,26,1.800000,1.000000,1.840000,hypothetical_research_only
grand_haven_mi,channel_catfish,49,2025-12-06,30,1.800000,0.900000,1.780000,hypothetical_research_only
grand_haven_mi,channel_catfish,50,2025-12-13,2,1.566667,0.450000,1.361250,hypothetical_research_only
grand_haven_mi,channel_catfish,50,2025-12-13,6,1.566667,0.575000,1.414375,hypothetical_research_only
grand_haven_mi,channel_catfish,50,2025-12-13,10,1.566667,0.725000,1.478125,hypothetical_research_only
grand_haven_mi,channel_catfish,50,2025-12-13,14,1.566667,0.850000,1.531250,hypothetical_research_only
grand_haven_mi,channel_catfish,50,2025-12-13,18,1.566667,0.925000,1.563125,hypothetical_research_only
grand_haven_mi,channel_catfish,50,2025-12-13,22,1.566667,0.975000,1.584375,hypothetical_research_only
grand_haven_mi,channel_catfish,50,2025-12-13,26,1.566667,1.000000,1.595000,hypothetical_research_only
grand_haven_mi,channel_catfish,50,2025-12-13,30,1.566667,0.900000,1.552500,hypothetical_research_only
grand_haven_mi,channel_catfish,51,2025-12-20,2,1.500000,0.450000,1.318750,hypothetical_research_only
grand_haven_mi,channel_catfish,51,2025-12-20,6,1.500000,0.575000,1.365625,hypothetical_research_only
grand_haven_mi,channel_catfish,51,2025-12-20,10,1.500000,0.725000,1.421875,hypothetical_research_only
grand_haven_mi,channel_catfish,51,2025-12-20,14,1.500000,0.850000,1.468750,hypothetical_research_only
grand_haven_mi,channel_catfish,51,2025-12-20,18,1.500000,0.925000,1.496875,hypothetical_research_only
grand_haven_mi,channel_catfish,51,2025-12-20,22,1.500000,0.975000,1.515625,hypothetical_research_only
grand_haven_mi,channel_catfish,51,2025-12-20,26,1.500000,1.000000,1.525000,hypothetical_research_only
grand_haven_mi,channel_catfish,51,2025-12-20,30,1.500000,0.900000,1.487500,hypothetical_research_only
grand_haven_mi,channel_catfish,52,2025-12-27,2,1.500000,0.450000,1.318750,hypothetical_research_only
grand_haven_mi,channel_catfish,52,2025-12-27,6,1.500000,0.575000,1.365625,hypothetical_research_only
grand_haven_mi,channel_catfish,52,2025-12-27,10,1.500000,0.725000,1.421875,hypothetical_research_only
grand_haven_mi,channel_catfish,52,2025-12-27,14,1.500000,0.850000,1.468750,hypothetical_research_only
grand_haven_mi,channel_catfish,52,2025-12-27,18,1.500000,0.925000,1.496875,hypothetical_research_only
grand_haven_mi,channel_catfish,52,2025-12-27,22,1.500000,0.975000,1.515625,hypothetical_research_only
grand_haven_mi,channel_catfish,52,2025-12-27,26,1.500000,1.000000,1.525000,hypothetical_research_only
grand_haven_mi,channel_catfish,52,2025-12-27,30,1.500000,0.900000,1.487500,hypothetical_research_only
grand_haven_mi,largemouth_bass,1,2025-01-04,2,1.500000,0.400000,1.300000,hypothetical_research_only
grand_haven_mi,largemouth_bass,1,2025-01-04,6,1.500000,0.525000,1.346875,hypothetical_research_only
grand_haven_mi,largemouth_bass,1,2025-01-04,10,1.500000,0.675000,1.403125,hypothetical_research_only
grand_haven_mi,largemouth_bass,1,2025-01-04,14,1.500000,0.825000,1.459375,hypothetical_research_only
grand_haven_mi,largemouth_bass,1,2025-01-04,18,1.500000,0.940000,1.502500,hypothetical_research_only
grand_haven_mi,largemouth_bass,1,2025-01-04,22,1.500000,1.000000,1.525000,hypothetical_research_only
grand_haven_mi,largemouth_bass,1,2025-01-04,26,1.500000,1.000000,1.525000,hypothetical_research_only
grand_haven_mi,largemouth_bass,1,2025-01-04,30,1.500000,0.900000,1.487500,hypothetical_research_only
grand_haven_mi,largemouth_bass,2,2025-01-11,2,1.500000,0.400000,1.300000,hypothetical_research_only
grand_haven_mi,largemouth_bass,2,2025-01-11,6,1.500000,0.525000,1.346875,hypothetical_research_only
grand_haven_mi,largemouth_bass,2,2025-01-11,10,1.500000,0.675000,1.403125,hypothetical_research_only
grand_haven_mi,largemouth_bass,2,2025-01-11,14,1.500000,0.825000,1.459375,hypothetical_research_only
grand_haven_mi,largemouth_bass,2,2025-01-11,18,1.500000,0.940000,1.502500,hypothetical_research_only
grand_haven_mi,largemouth_bass,2,2025-01-11,22,1.500000,1.000000,1.525000,hypothetical_research_only
grand_haven_mi,largemouth_bass,2,2025-01-11,26,1.500000,1.000000,1.525000,hypothetical_research_only
grand_haven_mi,largemouth_bass,2,2025-01-11,30,1.500000,0.900000,1.487500,hypothetical_research_only
grand_haven_mi,largemouth_bass,3,2025-01-18,2,1.500000,0.400000,1.300000,hypothetical_research_only
grand_haven_mi,largemouth_bass,3,2025-01-18,6,1.500000,0.525000,1.346875,hypothetical_research_only
grand_haven_mi,largemouth_bass,3,2025-01-18,10,1.500000,0.675000,1.403125,hypothetical_research_only
grand_haven_mi,largemouth_bass,3,2025-01-18,14,1.500000,0.825000,1.459375,hypothetical_research_only
grand_haven_mi,largemouth_bass,3,2025-01-18,18,1.500000,0.940000,1.502500,hypothetical_research_only
grand_haven_mi,largemouth_bass,3,2025-01-18,22,1.500000,1.000000,1.525000,hypothetical_research_only
grand_haven_mi,largemouth_bass,3,2025-01-18,26,1.500000,1.000000,1.525000,hypothetical_research_only
grand_haven_mi,largemouth_bass,3,2025-01-18,30,1.500000,0.900000,1.487500,hypothetical_research_only
grand_haven_mi,largemouth_bass,4,2025-01-25,2,1.500000,0.400000,1.300000,hypothetical_research_only
grand_haven_mi,largemouth_bass,4,2025-01-25,6,1.500000,0.525000,1.346875,hypothetical_research_only
grand_haven_mi,largemouth_bass,4,2025-01-25,10,1.500000,0.675000,1.403125,hypothetical_research_only
grand_haven_mi,largemouth_bass,4,2025-01-25,14,1.500000,0.825000,1.459375,hypothetical_research_only
grand_haven_mi,largemouth_bass,4,2025-01-25,18,1.500000,0.940000,1.502500,hypothetical_research_only
grand_haven_mi,largemouth_bass,4,2025-01-25,22,1.500000,1.000000,1.525000,hypothetical_research_only
grand_haven_mi,largemouth_bass,4,2025-01-25,26,1.500000,1.000000,1.525000,hypothetical_research_only
grand_haven_mi,largemouth_bass,4,2025-01-25,30,1.500000,0.900000,1.487500,hypothetical_research_only
grand_haven_mi,largemouth_bass,5,2025-02-01,2,1.500000,0.400000,1.300000,hypothetical_research_only
grand_haven_mi,largemouth_bass,5,2025-02-01,6,1.500000,0.525000,1.346875,hypothetical_research_only
grand_haven_mi,largemouth_bass,5,2025-02-01,10,1.500000,0.675000,1.403125,hypothetical_research_only
grand_haven_mi,largemouth_bass,5,2025-02-01,14,1.500000,0.825000,1.459375,hypothetical_research_only
grand_haven_mi,largemouth_bass,5,2025-02-01,18,1.500000,0.940000,1.502500,hypothetical_research_only
grand_haven_mi,largemouth_bass,5,2025-02-01,22,1.500000,1.000000,1.525000,hypothetical_research_only
grand_haven_mi,largemouth_bass,5,2025-02-01,26,1.500000,1.000000,1.525000,hypothetical_research_only
grand_haven_mi,largemouth_bass,5,2025-02-01,30,1.500000,0.900000,1.487500,hypothetical_research_only
grand_haven_mi,largemouth_bass,6,2025-02-08,2,1.500000,0.400000,1.300000,hypothetical_research_only
grand_haven_mi,largemouth_bass,6,2025-02-08,6,1.500000,0.525000,1.346875,hypothetical_research_only
grand_haven_mi,largemouth_bass,6,2025-02-08,10,1.500000,0.675000,1.403125,hypothetical_research_only
grand_haven_mi,largemouth_bass,6,2025-02-08,14,1.500000,0.825000,1.459375,hypothetical_research_only
grand_haven_mi,largemouth_bass,6,2025-02-08,18,1.500000,0.940000,1.502500,hypothetical_research_only
grand_haven_mi,largemouth_bass,6,2025-02-08,22,1.500000,1.000000,1.525000,hypothetical_research_only
grand_haven_mi,largemouth_bass,6,2025-02-08,26,1.500000,1.000000,1.525000,hypothetical_research_only
grand_haven_mi,largemouth_bass,6,2025-02-08,30,1.500000,0.900000,1.487500,hypothetical_research_only
grand_haven_mi,largemouth_bass,7,2025-02-15,2,1.500000,0.400000,1.300000,hypothetical_research_only
grand_haven_mi,largemouth_bass,7,2025-02-15,6,1.500000,0.525000,1.346875,hypothetical_research_only
grand_haven_mi,largemouth_bass,7,2025-02-15,10,1.500000,0.675000,1.403125,hypothetical_research_only
grand_haven_mi,largemouth_bass,7,2025-02-15,14,1.500000,0.825000,1.459375,hypothetical_research_only
grand_haven_mi,largemouth_bass,7,2025-02-15,18,1.500000,0.940000,1.502500,hypothetical_research_only
grand_haven_mi,largemouth_bass,7,2025-02-15,22,1.500000,1.000000,1.525000,hypothetical_research_only
grand_haven_mi,largemouth_bass,7,2025-02-15,26,1.500000,1.000000,1.525000,hypothetical_research_only
grand_haven_mi,largemouth_bass,7,2025-02-15,30,1.500000,0.900000,1.487500,hypothetical_research_only
grand_haven_mi,largemouth_bass,8,2025-02-22,2,1.500000,0.400000,1.300000,hypothetical_research_only
grand_haven_mi,largemouth_bass,8,2025-02-22,6,1.500000,0.525000,1.346875,hypothetical_research_only
grand_haven_mi,largemouth_bass,8,2025-02-22,10,1.500000,0.675000,1.403125,hypothetical_research_only
grand_haven_mi,largemouth_bass,8,2025-02-22,14,1.500000,0.825000,1.459375,hypothetical_research_only
grand_haven_mi,largemouth_bass,8,2025-02-22,18,1.500000,0.940000,1.502500,hypothetical_research_only
grand_haven_mi,largemouth_bass,8,2025-02-22,22,1.500000,1.000000,1.525000,hypothetical_research_only
grand_haven_mi,largemouth_bass,8,2025-02-22,26,1.500000,1.000000,1.525000,hypothetical_research_only
grand_haven_mi,largemouth_bass,8,2025-02-22,30,1.500000,0.900000,1.487500,hypothetical_research_only
grand_haven_mi,largemouth_bass,9,2025-03-01,2,1.500000,0.400000,1.300000,hypothetical_research_only
grand_haven_mi,largemouth_bass,9,2025-03-01,6,1.500000,0.525000,1.346875,hypothetical_research_only
grand_haven_mi,largemouth_bass,9,2025-03-01,10,1.500000,0.675000,1.403125,hypothetical_research_only
grand_haven_mi,largemouth_bass,9,2025-03-01,14,1.500000,0.825000,1.459375,hypothetical_research_only
grand_haven_mi,largemouth_bass,9,2025-03-01,18,1.500000,0.940000,1.502500,hypothetical_research_only
grand_haven_mi,largemouth_bass,9,2025-03-01,22,1.500000,1.000000,1.525000,hypothetical_research_only
grand_haven_mi,largemouth_bass,9,2025-03-01,26,1.500000,1.000000,1.525000,hypothetical_research_only
grand_haven_mi,largemouth_bass,9,2025-03-01,30,1.500000,0.900000,1.487500,hypothetical_research_only
grand_haven_mi,largemouth_bass,10,2025-03-08,2,1.500000,0.400000,1.300000,hypothetical_research_only
grand_haven_mi,largemouth_bass,10,2025-03-08,6,1.500000,0.525000,1.346875,hypothetical_research_only
grand_haven_mi,largemouth_bass,10,2025-03-08,10,1.500000,0.675000,1.403125,hypothetical_research_only
grand_haven_mi,largemouth_bass,10,2025-03-08,14,1.500000,0.825000,1.459375,hypothetical_research_only
grand_haven_mi,largemouth_bass,10,2025-03-08,18,1.500000,0.940000,1.502500,hypothetical_research_only
grand_haven_mi,largemouth_bass,10,2025-03-08,22,1.500000,1.000000,1.525000,hypothetical_research_only
grand_haven_mi,largemouth_bass,10,2025-03-08,26,1.500000,1.000000,1.525000,hypothetical_research_only
grand_haven_mi,largemouth_bass,10,2025-03-08,30,1.500000,0.900000,1.487500,hypothetical_research_only
grand_haven_mi,largemouth_bass,11,2025-03-15,2,1.500000,0.400000,1.300000,hypothetical_research_only
grand_haven_mi,largemouth_bass,11,2025-03-15,6,1.500000,0.525000,1.346875,hypothetical_research_only
grand_haven_mi,largemouth_bass,11,2025-03-15,10,1.500000,0.675000,1.403125,hypothetical_research_only
grand_haven_mi,largemouth_bass,11,2025-03-15,14,1.500000,0.825000,1.459375,hypothetical_research_only
grand_haven_mi,largemouth_bass,11,2025-03-15,18,1.500000,0.940000,1.502500,hypothetical_research_only
grand_haven_mi,largemouth_bass,11,2025-03-15,22,1.500000,1.000000,1.525000,hypothetical_research_only
grand_haven_mi,largemouth_bass,11,2025-03-15,26,1.500000,1.000000,1.525000,hypothetical_research_only
grand_haven_mi,largemouth_bass,11,2025-03-15,30,1.500000,0.900000,1.487500,hypothetical_research_only
grand_haven_mi,largemouth_bass,12,2025-03-22,2,1.612903,0.400000,1.367742,hypothetical_research_only
grand_haven_mi,largemouth_bass,12,2025-03-22,6,1.612903,0.525000,1.425202,hypothetical_research_only
grand_haven_mi,largemouth_bass,12,2025-03-22,10,1.612903,0.675000,1.494153,hypothetical_research_only
grand_haven_mi,largemouth_bass,12,2025-03-22,14,1.612903,0.825000,1.563105,hypothetical_research_only
grand_haven_mi,largemouth_bass,12,2025-03-22,18,1.612903,0.940000,1.615968,hypothetical_research_only
grand_haven_mi,largemouth_bass,12,2025-03-22,22,1.612903,1.000000,1.643548,hypothetical_research_only
grand_haven_mi,largemouth_bass,12,2025-03-22,26,1.612903,1.000000,1.643548,hypothetical_research_only
grand_haven_mi,largemouth_bass,12,2025-03-22,30,1.612903,0.900000,1.597581,hypothetical_research_only
grand_haven_mi,largemouth_bass,13,2025-03-29,2,1.725806,0.400000,1.435484,hypothetical_research_only
grand_haven_mi,largemouth_bass,13,2025-03-29,6,1.725806,0.525000,1.503528,hypothetical_research_only
grand_haven_mi,largemouth_bass,13,2025-03-29,10,1.725806,0.675000,1.585181,hypothetical_research_only
grand_haven_mi,largemouth_bass,13,2025-03-29,14,1.725806,0.825000,1.666835,hypothetical_research_only
grand_haven_mi,largemouth_bass,13,2025-03-29,18,1.725806,0.940000,1.729435,hypothetical_research_only
grand_haven_mi,largemouth_bass,13,2025-03-29,22,1.725806,1.000000,1.762097,hypothetical_research_only
grand_haven_mi,largemouth_bass,13,2025-03-29,26,1.725806,1.000000,1.762097,hypothetical_research_only
grand_haven_mi,largemouth_bass,13,2025-03-29,30,1.725806,0.900000,1.707661,hypothetical_research_only
grand_haven_mi,largemouth_bass,14,2025-04-05,2,1.838710,0.400000,1.503226,hypothetical_research_only
grand_haven_mi,largemouth_bass,14,2025-04-05,6,1.838710,0.525000,1.581855,hypothetical_research_only
grand_haven_mi,largemouth_bass,14,2025-04-05,10,1.838710,0.675000,1.676210,hypothetical_research_only
grand_haven_mi,largemouth_bass,14,2025-04-05,14,1.838710,0.825000,1.770565,hypothetical_research_only
grand_haven_mi,largemouth_bass,14,2025-04-05,18,1.838710,0.940000,1.842903,hypothetical_research_only
grand_haven_mi,largemouth_bass,14,2025-04-05,22,1.838710,1.000000,1.880645,hypothetical_research_only
grand_haven_mi,largemouth_bass,14,2025-04-05,26,1.838710,1.000000,1.880645,hypothetical_research_only
grand_haven_mi,largemouth_bass,14,2025-04-05,30,1.838710,0.900000,1.817742,hypothetical_research_only
grand_haven_mi,largemouth_bass,15,2025-04-12,2,1.951613,0.400000,1.570968,hypothetical_research_only
grand_haven_mi,largemouth_bass,15,2025-04-12,6,1.951613,0.525000,1.660181,hypothetical_research_only
grand_haven_mi,largemouth_bass,15,2025-04-12,10,1.951613,0.675000,1.767238,hypothetical_research_only
grand_haven_mi,largemouth_bass,15,2025-04-12,14,1.951613,0.825000,1.874294,hypothetical_research_only
grand_haven_mi,largemouth_bass,15,2025-04-12,18,1.951613,0.940000,1.956371,hypothetical_research_only
grand_haven_mi,largemouth_bass,15,2025-04-12,22,1.951613,1.000000,1.999194,hypothetical_research_only
grand_haven_mi,largemouth_bass,15,2025-04-12,26,1.951613,1.000000,1.999194,hypothetical_research_only
grand_haven_mi,largemouth_bass,15,2025-04-12,30,1.951613,0.900000,1.927823,hypothetical_research_only
grand_haven_mi,largemouth_bass,16,2025-04-19,2,2.066667,0.400000,1.640000,hypothetical_research_only
grand_haven_mi,largemouth_bass,16,2025-04-19,6,2.066667,0.525000,1.740000,hypothetical_research_only
grand_haven_mi,largemouth_bass,16,2025-04-19,10,2.066667,0.675000,1.860000,hypothetical_research_only
grand_haven_mi,largemouth_bass,16,2025-04-19,14,2.066667,0.825000,1.980000,hypothetical_research_only
grand_haven_mi,largemouth_bass,16,2025-04-19,18,2.066667,0.940000,2.072000,hypothetical_research_only
grand_haven_mi,largemouth_bass,16,2025-04-19,22,2.066667,1.000000,2.120000,hypothetical_research_only
grand_haven_mi,largemouth_bass,16,2025-04-19,26,2.066667,1.000000,2.120000,hypothetical_research_only
grand_haven_mi,largemouth_bass,16,2025-04-19,30,2.066667,0.900000,2.040000,hypothetical_research_only
grand_haven_mi,largemouth_bass,17,2025-04-26,2,2.183333,0.400000,1.710000,hypothetical_research_only
grand_haven_mi,largemouth_bass,17,2025-04-26,6,2.183333,0.525000,1.820937,hypothetical_research_only
grand_haven_mi,largemouth_bass,17,2025-04-26,10,2.183333,0.675000,1.954063,hypothetical_research_only
grand_haven_mi,largemouth_bass,17,2025-04-26,14,2.183333,0.825000,2.087187,hypothetical_research_only
grand_haven_mi,largemouth_bass,17,2025-04-26,18,2.183333,0.940000,2.189250,hypothetical_research_only
grand_haven_mi,largemouth_bass,17,2025-04-26,22,2.183333,1.000000,2.242500,hypothetical_research_only
grand_haven_mi,largemouth_bass,17,2025-04-26,26,2.183333,1.000000,2.242500,hypothetical_research_only
grand_haven_mi,largemouth_bass,17,2025-04-26,30,2.183333,0.900000,2.153750,hypothetical_research_only
grand_haven_mi,largemouth_bass,18,2025-05-03,2,2.300000,0.400000,1.780000,hypothetical_research_only
grand_haven_mi,largemouth_bass,18,2025-05-03,6,2.300000,0.525000,1.901875,hypothetical_research_only
grand_haven_mi,largemouth_bass,18,2025-05-03,10,2.300000,0.675000,2.048125,hypothetical_research_only
grand_haven_mi,largemouth_bass,18,2025-05-03,14,2.300000,0.825000,2.194375,hypothetical_research_only
grand_haven_mi,largemouth_bass,18,2025-05-03,18,2.300000,0.940000,2.306500,hypothetical_research_only
grand_haven_mi,largemouth_bass,18,2025-05-03,22,2.300000,1.000000,2.365000,hypothetical_research_only
grand_haven_mi,largemouth_bass,18,2025-05-03,26,2.300000,1.000000,2.365000,hypothetical_research_only
grand_haven_mi,largemouth_bass,18,2025-05-03,30,2.300000,0.900000,2.267500,hypothetical_research_only
grand_haven_mi,largemouth_bass,19,2025-05-10,2,2.416667,0.400000,1.850000,hypothetical_research_only
grand_haven_mi,largemouth_bass,19,2025-05-10,6,2.416667,0.525000,1.982813,hypothetical_research_only
grand_haven_mi,largemouth_bass,19,2025-05-10,10,2.416667,0.675000,2.142188,hypothetical_research_only
grand_haven_mi,largemouth_bass,19,2025-05-10,14,2.416667,0.825000,2.301562,hypothetical_research_only
grand_haven_mi,largemouth_bass,19,2025-05-10,18,2.416667,0.940000,2.423750,hypothetical_research_only
grand_haven_mi,largemouth_bass,19,2025-05-10,22,2.416667,1.000000,2.487500,hypothetical_research_only
grand_haven_mi,largemouth_bass,19,2025-05-10,26,2.416667,1.000000,2.487500,hypothetical_research_only
grand_haven_mi,largemouth_bass,19,2025-05-10,30,2.416667,0.900000,2.381250,hypothetical_research_only
grand_haven_mi,largemouth_bass,20,2025-05-17,2,2.596774,0.400000,1.958065,hypothetical_research_only
grand_haven_mi,largemouth_bass,20,2025-05-17,6,2.596774,0.525000,2.107762,hypothetical_research_only
grand_haven_mi,largemouth_bass,20,2025-05-17,10,2.596774,0.675000,2.287399,hypothetical_research_only
grand_haven_mi,largemouth_bass,20,2025-05-17,14,2.596774,0.825000,2.467036,hypothetical_research_only
grand_haven_mi,largemouth_bass,20,2025-05-17,18,2.596774,0.940000,2.604758,hypothetical_research_only
grand_haven_mi,largemouth_bass,20,2025-05-17,22,2.596774,1.000000,2.676613,hypothetical_research_only
grand_haven_mi,largemouth_bass,20,2025-05-17,26,2.596774,1.000000,2.676613,hypothetical_research_only
grand_haven_mi,largemouth_bass,20,2025-05-17,30,2.596774,0.900000,2.556855,hypothetical_research_only
grand_haven_mi,largemouth_bass,21,2025-05-24,2,2.935484,0.400000,2.161290,hypothetical_research_only
grand_haven_mi,largemouth_bass,21,2025-05-24,6,2.935484,0.525000,2.342742,hypothetical_research_only
grand_haven_mi,largemouth_bass,21,2025-05-24,10,2.935484,0.675000,2.560484,hypothetical_research_only
grand_haven_mi,largemouth_bass,21,2025-05-24,14,2.935484,0.825000,2.778226,hypothetical_research_only
grand_haven_mi,largemouth_bass,21,2025-05-24,18,2.935484,0.940000,2.945161,hypothetical_research_only
grand_haven_mi,largemouth_bass,21,2025-05-24,22,2.935484,1.000000,3.032258,hypothetical_research_only
grand_haven_mi,largemouth_bass,21,2025-05-24,26,2.935484,1.000000,3.032258,hypothetical_research_only
grand_haven_mi,largemouth_bass,21,2025-05-24,30,2.935484,0.900000,2.887097,hypothetical_research_only
grand_haven_mi,largemouth_bass,22,2025-05-31,2,3.274194,0.400000,2.364516,hypothetical_research_only
grand_haven_mi,largemouth_bass,22,2025-05-31,6,3.274194,0.525000,2.577722,hypothetical_research_only
grand_haven_mi,largemouth_bass,22,2025-05-31,10,3.274194,0.675000,2.833569,hypothetical_research_only
grand_haven_mi,largemouth_bass,22,2025-05-31,14,3.274194,0.825000,3.089415,hypothetical_research_only
grand_haven_mi,largemouth_bass,22,2025-05-31,18,3.274194,0.940000,3.285565,hypothetical_research_only
grand_haven_mi,largemouth_bass,22,2025-05-31,22,3.274194,1.000000,3.387903,hypothetical_research_only
grand_haven_mi,largemouth_bass,22,2025-05-31,26,3.274194,1.000000,3.387903,hypothetical_research_only
grand_haven_mi,largemouth_bass,22,2025-05-31,30,3.274194,0.900000,3.217339,hypothetical_research_only
grand_haven_mi,largemouth_bass,23,2025-06-07,2,3.612903,0.400000,2.567742,hypothetical_research_only
grand_haven_mi,largemouth_bass,23,2025-06-07,6,3.612903,0.525000,2.812702,hypothetical_research_only
grand_haven_mi,largemouth_bass,23,2025-06-07,10,3.612903,0.675000,3.106653,hypothetical_research_only
grand_haven_mi,largemouth_bass,23,2025-06-07,14,3.612903,0.825000,3.400605,hypothetical_research_only
grand_haven_mi,largemouth_bass,23,2025-06-07,18,3.612903,0.940000,3.625968,hypothetical_research_only
grand_haven_mi,largemouth_bass,23,2025-06-07,22,3.612903,1.000000,3.743548,hypothetical_research_only
grand_haven_mi,largemouth_bass,23,2025-06-07,26,3.612903,1.000000,3.743548,hypothetical_research_only
grand_haven_mi,largemouth_bass,23,2025-06-07,30,3.612903,0.900000,3.547581,hypothetical_research_only
grand_haven_mi,largemouth_bass,24,2025-06-14,2,3.951613,0.400000,2.770968,hypothetical_research_only
grand_haven_mi,largemouth_bass,24,2025-06-14,6,3.951613,0.525000,3.047681,hypothetical_research_only
grand_haven_mi,largemouth_bass,24,2025-06-14,10,3.951613,0.675000,3.379738,hypothetical_research_only
grand_haven_mi,largemouth_bass,24,2025-06-14,14,3.951613,0.825000,3.711794,hypothetical_research_only
grand_haven_mi,largemouth_bass,24,2025-06-14,18,3.951613,0.940000,3.966371,hypothetical_research_only
grand_haven_mi,largemouth_bass,24,2025-06-14,22,3.951613,1.000000,4.099194,hypothetical_research_only
grand_haven_mi,largemouth_bass,24,2025-06-14,26,3.951613,1.000000,4.099194,hypothetical_research_only
grand_haven_mi,largemouth_bass,24,2025-06-14,30,3.951613,0.900000,3.877823,hypothetical_research_only
grand_haven_mi,largemouth_bass,25,2025-06-21,2,4.200000,0.400000,2.920000,hypothetical_research_only
grand_haven_mi,largemouth_bass,25,2025-06-21,6,4.200000,0.525000,3.220000,hypothetical_research_only
grand_haven_mi,largemouth_bass,25,2025-06-21,10,4.200000,0.675000,3.580000,hypothetical_research_only
grand_haven_mi,largemouth_bass,25,2025-06-21,14,4.200000,0.825000,3.940000,hypothetical_research_only
grand_haven_mi,largemouth_bass,25,2025-06-21,18,4.200000,0.940000,4.216000,hypothetical_research_only
grand_haven_mi,largemouth_bass,25,2025-06-21,22,4.200000,1.000000,4.360000,hypothetical_research_only
grand_haven_mi,largemouth_bass,25,2025-06-21,26,4.200000,1.000000,4.360000,hypothetical_research_only
grand_haven_mi,largemouth_bass,25,2025-06-21,30,4.200000,0.900000,4.120000,hypothetical_research_only
grand_haven_mi,largemouth_bass,26,2025-06-28,2,4.433333,0.400000,3.060000,hypothetical_research_only
grand_haven_mi,largemouth_bass,26,2025-06-28,6,4.433333,0.525000,3.381875,hypothetical_research_only
grand_haven_mi,largemouth_bass,26,2025-06-28,10,4.433333,0.675000,3.768125,hypothetical_research_only
grand_haven_mi,largemouth_bass,26,2025-06-28,14,4.433333,0.825000,4.154375,hypothetical_research_only
grand_haven_mi,largemouth_bass,26,2025-06-28,18,4.433333,0.940000,4.450500,hypothetical_research_only
grand_haven_mi,largemouth_bass,26,2025-06-28,22,4.433333,1.000000,4.605000,hypothetical_research_only
grand_haven_mi,largemouth_bass,26,2025-06-28,26,4.433333,1.000000,4.605000,hypothetical_research_only
grand_haven_mi,largemouth_bass,26,2025-06-28,30,4.433333,0.900000,4.347500,hypothetical_research_only
grand_haven_mi,largemouth_bass,27,2025-07-05,2,4.666667,0.400000,3.200000,hypothetical_research_only
grand_haven_mi,largemouth_bass,27,2025-07-05,6,4.666667,0.525000,3.543750,hypothetical_research_only
grand_haven_mi,largemouth_bass,27,2025-07-05,10,4.666667,0.675000,3.956250,hypothetical_research_only
grand_haven_mi,largemouth_bass,27,2025-07-05,14,4.666667,0.825000,4.368750,hypothetical_research_only
grand_haven_mi,largemouth_bass,27,2025-07-05,18,4.666667,0.940000,4.685000,hypothetical_research_only
grand_haven_mi,largemouth_bass,27,2025-07-05,22,4.666667,1.000000,4.850000,hypothetical_research_only
grand_haven_mi,largemouth_bass,27,2025-07-05,26,4.666667,1.000000,4.850000,hypothetical_research_only
grand_haven_mi,largemouth_bass,27,2025-07-05,30,4.666667,0.900000,4.575000,hypothetical_research_only
grand_haven_mi,largemouth_bass,28,2025-07-12,2,4.900000,0.400000,3.340000,hypothetical_research_only
grand_haven_mi,largemouth_bass,28,2025-07-12,6,4.900000,0.525000,3.705625,hypothetical_research_only
grand_haven_mi,largemouth_bass,28,2025-07-12,10,4.900000,0.675000,4.144375,hypothetical_research_only
grand_haven_mi,largemouth_bass,28,2025-07-12,14,4.900000,0.825000,4.583125,hypothetical_research_only
grand_haven_mi,largemouth_bass,28,2025-07-12,18,4.900000,0.940000,4.919500,hypothetical_research_only
grand_haven_mi,largemouth_bass,28,2025-07-12,22,4.900000,1.000000,5.095000,hypothetical_research_only
grand_haven_mi,largemouth_bass,28,2025-07-12,26,4.900000,1.000000,5.095000,hypothetical_research_only
grand_haven_mi,largemouth_bass,28,2025-07-12,30,4.900000,0.900000,4.802500,hypothetical_research_only
grand_haven_mi,largemouth_bass,29,2025-07-19,2,5.193548,0.400000,3.516129,hypothetical_research_only
grand_haven_mi,largemouth_bass,29,2025-07-19,6,5.193548,0.525000,3.909274,hypothetical_research_only
grand_haven_mi,largemouth_bass,29,2025-07-19,10,5.193548,0.675000,4.381048,hypothetical_research_only
grand_haven_mi,largemouth_bass,29,2025-07-19,14,5.193548,0.825000,4.852823,hypothetical_research_only
grand_haven_mi,largemouth_bass,29,2025-07-19,18,5.193548,0.940000,5.214516,hypothetical_research_only
grand_haven_mi,largemouth_bass,29,2025-07-19,22,5.193548,1.000000,5.403226,hypothetical_research_only
grand_haven_mi,largemouth_bass,29,2025-07-19,26,5.193548,1.000000,5.403226,hypothetical_research_only
grand_haven_mi,largemouth_bass,29,2025-07-19,30,5.193548,0.900000,5.088710,hypothetical_research_only
grand_haven_mi,largemouth_bass,30,2025-07-26,2,5.532258,0.400000,3.719355,hypothetical_research_only
grand_haven_mi,largemouth_bass,30,2025-07-26,6,5.532258,0.525000,4.144254,hypothetical_research_only
grand_haven_mi,largemouth_bass,30,2025-07-26,10,5.532258,0.675000,4.654133,hypothetical_research_only
grand_haven_mi,largemouth_bass,30,2025-07-26,14,5.532258,0.825000,5.164012,hypothetical_research_only
grand_haven_mi,largemouth_bass,30,2025-07-26,18,5.532258,0.940000,5.554919,hypothetical_research_only
grand_haven_mi,largemouth_bass,30,2025-07-26,22,5.532258,1.000000,5.758871,hypothetical_research_only
grand_haven_mi,largemouth_bass,30,2025-07-26,26,5.532258,1.000000,5.758871,hypothetical_research_only
grand_haven_mi,largemouth_bass,30,2025-07-26,30,5.532258,0.900000,5.418952,hypothetical_research_only
grand_haven_mi,largemouth_bass,31,2025-08-02,2,5.870968,0.400000,3.922581,hypothetical_research_only
grand_haven_mi,largemouth_bass,31,2025-08-02,6,5.870968,0.525000,4.379234,hypothetical_research_only
grand_haven_mi,largemouth_bass,31,2025-08-02,10,5.870968,0.675000,4.927218,hypothetical_research_only
grand_haven_mi,largemouth_bass,31,2025-08-02,14,5.870968,0.825000,5.475202,hypothetical_research_only
grand_haven_mi,largemouth_bass,31,2025-08-02,18,5.870968,0.940000,5.895323,hypothetical_research_only
grand_haven_mi,largemouth_bass,31,2025-08-02,22,5.870968,1.000000,6.114516,hypothetical_research_only
grand_haven_mi,largemouth_bass,31,2025-08-02,26,5.870968,1.000000,6.114516,hypothetical_research_only
grand_haven_mi,largemouth_bass,31,2025-08-02,30,5.870968,0.900000,5.749194,hypothetical_research_only
grand_haven_mi,largemouth_bass,32,2025-08-09,2,6.209677,0.400000,4.125806,hypothetical_research_only
grand_haven_mi,largemouth_bass,32,2025-08-09,6,6.209677,0.525000,4.614214,hypothetical_research_only
grand_haven_mi,largemouth_bass,32,2025-08-09,10,6.209677,0.675000,5.200302,hypothetical_research_only
grand_haven_mi,largemouth_bass,32,2025-08-09,14,6.209677,0.825000,5.786391,hypothetical_research_only
grand_haven_mi,largemouth_bass,32,2025-08-09,18,6.209677,0.940000,6.235726,hypothetical_research_only
grand_haven_mi,largemouth_bass,32,2025-08-09,22,6.209677,1.000000,6.470161,hypothetical_research_only
grand_haven_mi,largemouth_bass,32,2025-08-09,26,6.209677,1.000000,6.470161,hypothetical_research_only
grand_haven_mi,largemouth_bass,32,2025-08-09,30,6.209677,0.900000,6.079435,hypothetical_research_only
grand_haven_mi,largemouth_bass,33,2025-08-16,2,6.403226,0.400000,4.241935,hypothetical_research_only
grand_haven_mi,largemouth_bass,33,2025-08-16,6,6.403226,0.525000,4.748488,hypothetical_research_only
grand_haven_mi,largemouth_bass,33,2025-08-16,10,6.403226,0.675000,5.356351,hypothetical_research_only
grand_haven_mi,largemouth_bass,33,2025-08-16,14,6.403226,0.825000,5.964214,hypothetical_research_only
grand_haven_mi,largemouth_bass,33,2025-08-16,18,6.403226,0.940000,6.430242,hypothetical_research_only
grand_haven_mi,largemouth_bass,33,2025-08-16,22,6.403226,1.000000,6.673387,hypothetical_research_only
grand_haven_mi,largemouth_bass,33,2025-08-16,26,6.403226,1.000000,6.673387,hypothetical_research_only
grand_haven_mi,largemouth_bass,33,2025-08-16,30,6.403226,0.900000,6.268145,hypothetical_research_only
grand_haven_mi,largemouth_bass,34,2025-08-23,2,5.725806,0.400000,3.835484,hypothetical_research_only
grand_haven_mi,largemouth_bass,34,2025-08-23,6,5.725806,0.525000,4.278528,hypothetical_research_only
grand_haven_mi,largemouth_bass,34,2025-08-23,10,5.725806,0.675000,4.810181,hypothetical_research_only
grand_haven_mi,largemouth_bass,34,2025-08-23,14,5.725806,0.825000,5.341835,hypothetical_research_only
grand_haven_mi,largemouth_bass,34,2025-08-23,18,5.725806,0.940000,5.749435,hypothetical_research_only
grand_haven_mi,largemouth_bass,34,2025-08-23,22,5.725806,1.000000,5.962097,hypothetical_research_only
grand_haven_mi,largemouth_bass,34,2025-08-23,26,5.725806,1.000000,5.962097,hypothetical_research_only
grand_haven_mi,largemouth_bass,34,2025-08-23,30,5.725806,0.900000,5.607661,hypothetical_research_only
grand_haven_mi,largemouth_bass,35,2025-08-30,2,5.048387,0.400000,3.429032,hypothetical_research_only
grand_haven_mi,largemouth_bass,35,2025-08-30,6,5.048387,0.525000,3.808569,hypothetical_research_only
grand_haven_mi,largemouth_bass,35,2025-08-30,10,5.048387,0.675000,4.264012,hypothetical_research_only
grand_haven_mi,largemouth_bass,35,2025-08-30,14,5.048387,0.825000,4.719456,hypothetical_research_only
grand_haven_mi,largemouth_bass,35,2025-08-30,18,5.048387,0.940000,5.068629,hypothetical_research_only
grand_haven_mi,largemouth_bass,35,2025-08-30,22,5.048387,1.000000,5.250806,hypothetical_research_only
grand_haven_mi,largemouth_bass,35,2025-08-30,26,5.048387,1.000000,5.250806,hypothetical_research_only
grand_haven_mi,largemouth_bass,35,2025-08-30,30,5.048387,0.900000,4.947177,hypothetical_research_only
grand_haven_mi,largemouth_bass,36,2025-09-06,2,4.370968,0.400000,3.022581,hypothetical_research_only
grand_haven_mi,largemouth_bass,36,2025-09-06,6,4.370968,0.525000,3.338609,hypothetical_research_only
grand_haven_mi,largemouth_bass,36,2025-09-06,10,4.370968,0.675000,3.717843,hypothetical_research_only
grand_haven_mi,largemouth_bass,36,2025-09-06,14,4.370968,0.825000,4.097077,hypothetical_research_only
grand_haven_mi,largemouth_bass,36,2025-09-06,18,4.370968,0.940000,4.387823,hypothetical_research_only
grand_haven_mi,largemouth_bass,36,2025-09-06,22,4.370968,1.000000,4.539516,hypothetical_research_only
grand_haven_mi,largemouth_bass,36,2025-09-06,26,4.370968,1.000000,4.539516,hypothetical_research_only
grand_haven_mi,largemouth_bass,36,2025-09-06,30,4.370968,0.900000,4.286694,hypothetical_research_only
grand_haven_mi,largemouth_bass,37,2025-09-13,2,3.693548,0.400000,2.616129,hypothetical_research_only
grand_haven_mi,largemouth_bass,37,2025-09-13,6,3.693548,0.525000,2.868649,hypothetical_research_only
grand_haven_mi,largemouth_bass,37,2025-09-13,10,3.693548,0.675000,3.171673,hypothetical_research_only
grand_haven_mi,largemouth_bass,37,2025-09-13,14,3.693548,0.825000,3.474698,hypothetical_research_only
grand_haven_mi,largemouth_bass,37,2025-09-13,18,3.693548,0.940000,3.707016,hypothetical_research_only
grand_haven_mi,largemouth_bass,37,2025-09-13,22,3.693548,1.000000,3.828226,hypothetical_research_only
grand_haven_mi,largemouth_bass,37,2025-09-13,26,3.693548,1.000000,3.828226,hypothetical_research_only
grand_haven_mi,largemouth_bass,37,2025-09-13,30,3.693548,0.900000,3.626210,hypothetical_research_only
grand_haven_mi,largemouth_bass,38,2025-09-20,2,3.250000,0.400000,2.350000,hypothetical_research_only
grand_haven_mi,largemouth_bass,38,2025-09-20,6,3.250000,0.525000,2.560938,hypothetical_research_only
grand_haven_mi,largemouth_bass,38,2025-09-20,10,3.250000,0.675000,2.814063,hypothetical_research_only
grand_haven_mi,largemouth_bass,38,2025-09-20,14,3.250000,0.825000,3.067187,hypothetical_research_only
grand_haven_mi,largemouth_bass,38,2025-09-20,18,3.250000,0.940000,3.261250,hypothetical_research_only
grand_haven_mi,largemouth_bass,38,2025-09-20,22,3.250000,1.000000,3.362500,hypothetical_research_only
grand_haven_mi,largemouth_bass,38,2025-09-20,26,3.250000,1.000000,3.362500,hypothetical_research_only
grand_haven_mi,largemouth_bass,38,2025-09-20,30,3.250000,0.900000,3.193750,hypothetical_research_only
grand_haven_mi,largemouth_bass,39,2025-09-27,2,2.900000,0.400000,2.140000,hypothetical_research_only
grand_haven_mi,largemouth_bass,39,2025-09-27,6,2.900000,0.525000,2.318125,hypothetical_research_only
grand_haven_mi,largemouth_bass,39,2025-09-27,10,2.900000,0.675000,2.531875,hypothetical_research_only
grand_haven_mi,largemouth_bass,39,2025-09-27,14,2.900000,0.825000,2.745625,hypothetical_research_only
grand_haven_mi,largemouth_bass,39,2025-09-27,18,2.900000,0.940000,2.909500,hypothetical_research_only
grand_haven_mi,largemouth_bass,39,2025-09-27,22,2.900000,1.000000,2.995000,hypothetical_research_only
grand_haven_mi,largemouth_bass,39,2025-09-27,26,2.900000,1.000000,2.995000,hypothetical_research_only
grand_haven_mi,largemouth_bass,39,2025-09-27,30,2.900000,0.900000,2.852500,hypothetical_research_only
grand_haven_mi,largemouth_bass,40,2025-10-04,2,2.550000,0.400000,1.930000,hypothetical_research_only
grand_haven_mi,largemouth_bass,40,2025-10-04,6,2.550000,0.525000,2.075312,hypothetical_research_only
grand_haven_mi,largemouth_bass,40,2025-10-04,10,2.550000,0.675000,2.249688,hypothetical_research_only
grand_haven_mi,largemouth_bass,40,2025-10-04,14,2.550000,0.825000,2.424062,hypothetical_research_only
grand_haven_mi,largemouth_bass,40,2025-10-04,18,2.550000,0.940000,2.557750,hypothetical_research_only
grand_haven_mi,largemouth_bass,40,2025-10-04,22,2.550000,1.000000,2.627500,hypothetical_research_only
grand_haven_mi,largemouth_bass,40,2025-10-04,26,2.550000,1.000000,2.627500,hypothetical_research_only
grand_haven_mi,largemouth_bass,40,2025-10-04,30,2.550000,0.900000,2.511250,hypothetical_research_only
grand_haven_mi,largemouth_bass,41,2025-10-11,2,2.200000,0.400000,1.720000,hypothetical_research_only
grand_haven_mi,largemouth_bass,41,2025-10-11,6,2.200000,0.525000,1.832500,hypothetical_research_only
grand_haven_mi,largemouth_bass,41,2025-10-11,10,2.200000,0.675000,1.967500,hypothetical_research_only
grand_haven_mi,largemouth_bass,41,2025-10-11,14,2.200000,0.825000,2.102500,hypothetical_research_only
grand_haven_mi,largemouth_bass,41,2025-10-11,18,2.200000,0.940000,2.206000,hypothetical_research_only
grand_haven_mi,largemouth_bass,41,2025-10-11,22,2.200000,1.000000,2.260000,hypothetical_research_only
grand_haven_mi,largemouth_bass,41,2025-10-11,26,2.200000,1.000000,2.260000,hypothetical_research_only
grand_haven_mi,largemouth_bass,41,2025-10-11,30,2.200000,0.900000,2.170000,hypothetical_research_only
grand_haven_mi,largemouth_bass,42,2025-10-18,2,1.951613,0.400000,1.570968,hypothetical_research_only
grand_haven_mi,largemouth_bass,42,2025-10-18,6,1.951613,0.525000,1.660181,hypothetical_research_only
grand_haven_mi,largemouth_bass,42,2025-10-18,10,1.951613,0.675000,1.767238,hypothetical_research_only
grand_haven_mi,largemouth_bass,42,2025-10-18,14,1.951613,0.825000,1.874294,hypothetical_research_only
grand_haven_mi,largemouth_bass,42,2025-10-18,18,1.951613,0.940000,1.956371,hypothetical_research_only
grand_haven_mi,largemouth_bass,42,2025-10-18,22,1.951613,1.000000,1.999194,hypothetical_research_only
grand_haven_mi,largemouth_bass,42,2025-10-18,26,1.951613,1.000000,1.999194,hypothetical_research_only
grand_haven_mi,largemouth_bass,42,2025-10-18,30,1.951613,0.900000,1.927823,hypothetical_research_only
grand_haven_mi,largemouth_bass,43,2025-10-25,2,1.838710,0.400000,1.503226,hypothetical_research_only
grand_haven_mi,largemouth_bass,43,2025-10-25,6,1.838710,0.525000,1.581855,hypothetical_research_only
grand_haven_mi,largemouth_bass,43,2025-10-25,10,1.838710,0.675000,1.676210,hypothetical_research_only
grand_haven_mi,largemouth_bass,43,2025-10-25,14,1.838710,0.825000,1.770565,hypothetical_research_only
grand_haven_mi,largemouth_bass,43,2025-10-25,18,1.838710,0.940000,1.842903,hypothetical_research_only
grand_haven_mi,largemouth_bass,43,2025-10-25,22,1.838710,1.000000,1.880645,hypothetical_research_only
grand_haven_mi,largemouth_bass,43,2025-10-25,26,1.838710,1.000000,1.880645,hypothetical_research_only
grand_haven_mi,largemouth_bass,43,2025-10-25,30,1.838710,0.900000,1.817742,hypothetical_research_only
grand_haven_mi,largemouth_bass,44,2025-11-01,2,1.725806,0.400000,1.435484,hypothetical_research_only
grand_haven_mi,largemouth_bass,44,2025-11-01,6,1.725806,0.525000,1.503528,hypothetical_research_only
grand_haven_mi,largemouth_bass,44,2025-11-01,10,1.725806,0.675000,1.585181,hypothetical_research_only
grand_haven_mi,largemouth_bass,44,2025-11-01,14,1.725806,0.825000,1.666835,hypothetical_research_only
grand_haven_mi,largemouth_bass,44,2025-11-01,18,1.725806,0.940000,1.729435,hypothetical_research_only
grand_haven_mi,largemouth_bass,44,2025-11-01,22,1.725806,1.000000,1.762097,hypothetical_research_only
grand_haven_mi,largemouth_bass,44,2025-11-01,26,1.725806,1.000000,1.762097,hypothetical_research_only
grand_haven_mi,largemouth_bass,44,2025-11-01,30,1.725806,0.900000,1.707661,hypothetical_research_only
grand_haven_mi,largemouth_bass,45,2025-11-08,2,1.612903,0.400000,1.367742,hypothetical_research_only
grand_haven_mi,largemouth_bass,45,2025-11-08,6,1.612903,0.525000,1.425202,hypothetical_research_only
grand_haven_mi,largemouth_bass,45,2025-11-08,10,1.612903,0.675000,1.494153,hypothetical_research_only
grand_haven_mi,largemouth_bass,45,2025-11-08,14,1.612903,0.825000,1.563105,hypothetical_research_only
grand_haven_mi,largemouth_bass,45,2025-11-08,18,1.612903,0.940000,1.615968,hypothetical_research_only
grand_haven_mi,largemouth_bass,45,2025-11-08,22,1.612903,1.000000,1.643548,hypothetical_research_only
grand_haven_mi,largemouth_bass,45,2025-11-08,26,1.612903,1.000000,1.643548,hypothetical_research_only
grand_haven_mi,largemouth_bass,45,2025-11-08,30,1.612903,0.900000,1.597581,hypothetical_research_only
grand_haven_mi,largemouth_bass,46,2025-11-15,2,1.500000,0.400000,1.300000,hypothetical_research_only
grand_haven_mi,largemouth_bass,46,2025-11-15,6,1.500000,0.525000,1.346875,hypothetical_research_only
grand_haven_mi,largemouth_bass,46,2025-11-15,10,1.500000,0.675000,1.403125,hypothetical_research_only
grand_haven_mi,largemouth_bass,46,2025-11-15,14,1.500000,0.825000,1.459375,hypothetical_research_only
grand_haven_mi,largemouth_bass,46,2025-11-15,18,1.500000,0.940000,1.502500,hypothetical_research_only
grand_haven_mi,largemouth_bass,46,2025-11-15,22,1.500000,1.000000,1.525000,hypothetical_research_only
grand_haven_mi,largemouth_bass,46,2025-11-15,26,1.500000,1.000000,1.525000,hypothetical_research_only
grand_haven_mi,largemouth_bass,46,2025-11-15,30,1.500000,0.900000,1.487500,hypothetical_research_only
grand_haven_mi,largemouth_bass,47,2025-11-22,2,1.500000,0.400000,1.300000,hypothetical_research_only
grand_haven_mi,largemouth_bass,47,2025-11-22,6,1.500000,0.525000,1.346875,hypothetical_research_only
grand_haven_mi,largemouth_bass,47,2025-11-22,10,1.500000,0.675000,1.403125,hypothetical_research_only
grand_haven_mi,largemouth_bass,47,2025-11-22,14,1.500000,0.825000,1.459375,hypothetical_research_only
grand_haven_mi,largemouth_bass,47,2025-11-22,18,1.500000,0.940000,1.502500,hypothetical_research_only
grand_haven_mi,largemouth_bass,47,2025-11-22,22,1.500000,1.000000,1.525000,hypothetical_research_only
grand_haven_mi,largemouth_bass,47,2025-11-22,26,1.500000,1.000000,1.525000,hypothetical_research_only
grand_haven_mi,largemouth_bass,47,2025-11-22,30,1.500000,0.900000,1.487500,hypothetical_research_only
grand_haven_mi,largemouth_bass,48,2025-11-29,2,1.500000,0.400000,1.300000,hypothetical_research_only
grand_haven_mi,largemouth_bass,48,2025-11-29,6,1.500000,0.525000,1.346875,hypothetical_research_only
grand_haven_mi,largemouth_bass,48,2025-11-29,10,1.500000,0.675000,1.403125,hypothetical_research_only
grand_haven_mi,largemouth_bass,48,2025-11-29,14,1.500000,0.825000,1.459375,hypothetical_research_only
grand_haven_mi,largemouth_bass,48,2025-11-29,18,1.500000,0.940000,1.502500,hypothetical_research_only
grand_haven_mi,largemouth_bass,48,2025-11-29,22,1.500000,1.000000,1.525000,hypothetical_research_only
grand_haven_mi,largemouth_bass,48,2025-11-29,26,1.500000,1.000000,1.525000,hypothetical_research_only
grand_haven_mi,largemouth_bass,48,2025-11-29,30,1.500000,0.900000,1.487500,hypothetical_research_only
grand_haven_mi,largemouth_bass,49,2025-12-06,2,1.500000,0.400000,1.300000,hypothetical_research_only
grand_haven_mi,largemouth_bass,49,2025-12-06,6,1.500000,0.525000,1.346875,hypothetical_research_only
grand_haven_mi,largemouth_bass,49,2025-12-06,10,1.500000,0.675000,1.403125,hypothetical_research_only
grand_haven_mi,largemouth_bass,49,2025-12-06,14,1.500000,0.825000,1.459375,hypothetical_research_only
grand_haven_mi,largemouth_bass,49,2025-12-06,18,1.500000,0.940000,1.502500,hypothetical_research_only
grand_haven_mi,largemouth_bass,49,2025-12-06,22,1.500000,1.000000,1.525000,hypothetical_research_only
grand_haven_mi,largemouth_bass,49,2025-12-06,26,1.500000,1.000000,1.525000,hypothetical_research_only
grand_haven_mi,largemouth_bass,49,2025-12-06,30,1.500000,0.900000,1.487500,hypothetical_research_only
grand_haven_mi,largemouth_bass,50,2025-12-13,2,1.500000,0.400000,1.300000,hypothetical_research_only
grand_haven_mi,largemouth_bass,50,2025-12-13,6,1.500000,0.525000,1.346875,hypothetical_research_only
grand_haven_mi,largemouth_bass,50,2025-12-13,10,1.500000,0.675000,1.403125,hypothetical_research_only
grand_haven_mi,largemouth_bass,50,2025-12-13,14,1.500000,0.825000,1.459375,hypothetical_research_only
grand_haven_mi,largemouth_bass,50,2025-12-13,18,1.500000,0.940000,1.502500,hypothetical_research_only
grand_haven_mi,largemouth_bass,50,2025-12-13,22,1.500000,1.000000,1.525000,hypothetical_research_only
grand_haven_mi,largemouth_bass,50,2025-12-13,26,1.500000,1.000000,1.525000,hypothetical_research_only
grand_haven_mi,largemouth_bass,50,2025-12-13,30,1.500000,0.900000,1.487500,hypothetical_research_only
grand_haven_mi,largemouth_bass,51,2025-12-20,2,1.500000,0.400000,1.300000,hypothetical_research_only
grand_haven_mi,largemouth_bass,51,2025-12-20,6,1.500000,0.525000,1.346875,hypothetical_research_only
grand_haven_mi,largemouth_bass,51,2025-12-20,10,1.500000,0.675000,1.403125,hypothetical_research_only
grand_haven_mi,largemouth_bass,51,2025-12-20,14,1.500000,0.825000,1.459375,hypothetical_research_only
grand_haven_mi,largemouth_bass,51,2025-12-20,18,1.500000,0.940000,1.502500,hypothetical_research_only
grand_haven_mi,largemouth_bass,51,2025-12-20,22,1.500000,1.000000,1.525000,hypothetical_research_only
grand_haven_mi,largemouth_bass,51,2025-12-20,26,1.500000,1.000000,1.525000,hypothetical_research_only
grand_haven_mi,largemouth_bass,51,2025-12-20,30,1.500000,0.900000,1.487500,hypothetical_research_only
grand_haven_mi,largemouth_bass,52,2025-12-27,2,1.500000,0.400000,1.300000,hypothetical_research_only
grand_haven_mi,largemouth_bass,52,2025-12-27,6,1.500000,0.525000,1.346875,hypothetical_research_only
grand_haven_mi,largemouth_bass,52,2025-12-27,10,1.500000,0.675000,1.403125,hypothetical_research_only
grand_haven_mi,largemouth_bass,52,2025-12-27,14,1.500000,0.825000,1.459375,hypothetical_research_only
grand_haven_mi,largemouth_bass,52,2025-12-27,18,1.500000,0.940000,1.502500,hypothetical_research_only
grand_haven_mi,largemouth_bass,52,2025-12-27,22,1.500000,1.000000,1.525000,hypothetical_research_only
grand_haven_mi,largemouth_bass,52,2025-12-27,26,1.500000,1.000000,1.525000,hypothetical_research_only
grand_haven_mi,largemouth_bass,52,2025-12-27,30,1.500000,0.900000,1.487500,hypothetical_research_only
manistee_mi,lake_trout,1,2025-01-04,2,2.000000,0.800000,1.900000,hypothetical_research_only
manistee_mi,lake_trout,1,2025-01-04,6,2.000000,0.950000,2.012500,hypothetical_research_only
manistee_mi,lake_trout,1,2025-01-04,10,2.000000,1.000000,2.050000,hypothetical_research_only
manistee_mi,lake_trout,1,2025-01-04,14,2.000000,0.850000,1.937500,hypothetical_research_only
manistee_mi,lake_trout,1,2025-01-04,18,2.000000,0.400000,1.600000,hypothetical_research_only
manistee_mi,lake_trout,1,2025-01-04,22,2.000000,0.133333,1.400000,hypothetical_research_only
manistee_mi,lake_trout,1,2025-01-04,26,2.000000,0.050000,1.337500,hypothetical_research_only
manistee_mi,lake_trout,1,2025-01-04,30,2.000000,,,out_of_domain
manistee_mi,lake_trout,2,2025-01-11,2,2.000000,0.800000,1.900000,hypothetical_research_only
manistee_mi,lake_trout,2,2025-01-11,6,2.000000,0.950000,2.012500,hypothetical_research_only
manistee_mi,lake_trout,2,2025-01-11,10,2.000000,1.000000,2.050000,hypothetical_research_only
manistee_mi,lake_trout,2,2025-01-11,14,2.000000,0.850000,1.937500,hypothetical_research_only
manistee_mi,lake_trout,2,2025-01-11,18,2.000000,0.400000,1.600000,hypothetical_research_only
manistee_mi,lake_trout,2,2025-01-11,22,2.000000,0.133333,1.400000,hypothetical_research_only
manistee_mi,lake_trout,2,2025-01-11,26,2.000000,0.050000,1.337500,hypothetical_research_only
manistee_mi,lake_trout,2,2025-01-11,30,2.000000,,,out_of_domain
manistee_mi,lake_trout,3,2025-01-18,2,2.000000,0.800000,1.900000,hypothetical_research_only
manistee_mi,lake_trout,3,2025-01-18,6,2.000000,0.950000,2.012500,hypothetical_research_only
manistee_mi,lake_trout,3,2025-01-18,10,2.000000,1.000000,2.050000,hypothetical_research_only
manistee_mi,lake_trout,3,2025-01-18,14,2.000000,0.850000,1.937500,hypothetical_research_only
manistee_mi,lake_trout,3,2025-01-18,18,2.000000,0.400000,1.600000,hypothetical_research_only
manistee_mi,lake_trout,3,2025-01-18,22,2.000000,0.133333,1.400000,hypothetical_research_only
manistee_mi,lake_trout,3,2025-01-18,26,2.000000,0.050000,1.337500,hypothetical_research_only
manistee_mi,lake_trout,3,2025-01-18,30,2.000000,,,out_of_domain
manistee_mi,lake_trout,4,2025-01-25,2,2.000000,0.800000,1.900000,hypothetical_research_only
manistee_mi,lake_trout,4,2025-01-25,6,2.000000,0.950000,2.012500,hypothetical_research_only
manistee_mi,lake_trout,4,2025-01-25,10,2.000000,1.000000,2.050000,hypothetical_research_only
manistee_mi,lake_trout,4,2025-01-25,14,2.000000,0.850000,1.937500,hypothetical_research_only
manistee_mi,lake_trout,4,2025-01-25,18,2.000000,0.400000,1.600000,hypothetical_research_only
manistee_mi,lake_trout,4,2025-01-25,22,2.000000,0.133333,1.400000,hypothetical_research_only
manistee_mi,lake_trout,4,2025-01-25,26,2.000000,0.050000,1.337500,hypothetical_research_only
manistee_mi,lake_trout,4,2025-01-25,30,2.000000,,,out_of_domain
manistee_mi,lake_trout,5,2025-02-01,2,2.000000,0.800000,1.900000,hypothetical_research_only
manistee_mi,lake_trout,5,2025-02-01,6,2.000000,0.950000,2.012500,hypothetical_research_only
manistee_mi,lake_trout,5,2025-02-01,10,2.000000,1.000000,2.050000,hypothetical_research_only
manistee_mi,lake_trout,5,2025-02-01,14,2.000000,0.850000,1.937500,hypothetical_research_only
manistee_mi,lake_trout,5,2025-02-01,18,2.000000,0.400000,1.600000,hypothetical_research_only
manistee_mi,lake_trout,5,2025-02-01,22,2.000000,0.133333,1.400000,hypothetical_research_only
manistee_mi,lake_trout,5,2025-02-01,26,2.000000,0.050000,1.337500,hypothetical_research_only
manistee_mi,lake_trout,5,2025-02-01,30,2.000000,,,out_of_domain
manistee_mi,lake_trout,6,2025-02-08,2,2.000000,0.800000,1.900000,hypothetical_research_only
manistee_mi,lake_trout,6,2025-02-08,6,2.000000,0.950000,2.012500,hypothetical_research_only
manistee_mi,lake_trout,6,2025-02-08,10,2.000000,1.000000,2.050000,hypothetical_research_only
manistee_mi,lake_trout,6,2025-02-08,14,2.000000,0.850000,1.937500,hypothetical_research_only
manistee_mi,lake_trout,6,2025-02-08,18,2.000000,0.400000,1.600000,hypothetical_research_only
manistee_mi,lake_trout,6,2025-02-08,22,2.000000,0.133333,1.400000,hypothetical_research_only
manistee_mi,lake_trout,6,2025-02-08,26,2.000000,0.050000,1.337500,hypothetical_research_only
manistee_mi,lake_trout,6,2025-02-08,30,2.000000,,,out_of_domain
manistee_mi,lake_trout,7,2025-02-15,2,2.000000,0.800000,1.900000,hypothetical_research_only
manistee_mi,lake_trout,7,2025-02-15,6,2.000000,0.950000,2.012500,hypothetical_research_only
manistee_mi,lake_trout,7,2025-02-15,10,2.000000,1.000000,2.050000,hypothetical_research_only
manistee_mi,lake_trout,7,2025-02-15,14,2.000000,0.850000,1.937500,hypothetical_research_only
manistee_mi,lake_trout,7,2025-02-15,18,2.000000,0.400000,1.600000,hypothetical_research_only
manistee_mi,lake_trout,7,2025-02-15,22,2.000000,0.133333,1.400000,hypothetical_research_only
manistee_mi,lake_trout,7,2025-02-15,26,2.000000,0.050000,1.337500,hypothetical_research_only
manistee_mi,lake_trout,7,2025-02-15,30,2.000000,,,out_of_domain
manistee_mi,lake_trout,8,2025-02-22,2,2.125000,0.800000,2.012500,hypothetical_research_only
manistee_mi,lake_trout,8,2025-02-22,6,2.125000,0.950000,2.139062,hypothetical_research_only
manistee_mi,lake_trout,8,2025-02-22,10,2.125000,1.000000,2.181250,hypothetical_research_only
manistee_mi,lake_trout,8,2025-02-22,14,2.125000,0.850000,2.054688,hypothetical_research_only
manistee_mi,lake_trout,8,2025-02-22,18,2.125000,0.400000,1.675000,hypothetical_research_only
manistee_mi,lake_trout,8,2025-02-22,22,2.125000,0.133333,1.450000,hypothetical_research_only
manistee_mi,lake_trout,8,2025-02-22,26,2.125000,0.050000,1.379687,hypothetical_research_only
manistee_mi,lake_trout,8,2025-02-22,30,2.125000,,,out_of_domain
manistee_mi,lake_trout,9,2025-03-01,2,2.250000,0.800000,2.125000,hypothetical_research_only
manistee_mi,lake_trout,9,2025-03-01,6,2.250000,0.950000,2.265625,hypothetical_research_only
manistee_mi,lake_trout,9,2025-03-01,10,2.250000,1.000000,2.312500,hypothetical_research_only
manistee_mi,lake_trout,9,2025-03-01,14,2.250000,0.850000,2.171875,hypothetical_research_only
manistee_mi,lake_trout,9,2025-03-01,18,2.250000,0.400000,1.750000,hypothetical_research_only
manistee_mi,lake_trout,9,2025-03-01,22,2.250000,0.133333,1.500000,hypothetical_research_only
manistee_mi,lake_trout,9,2025-03-01,26,2.250000,0.050000,1.421875,hypothetical_research_only
manistee_mi,lake_trout,9,2025-03-01,30,2.250000,,,out_of_domain
manistee_mi,lake_trout,10,2025-03-08,2,2.375000,0.800000,2.237500,hypothetical_research_only
manistee_mi,lake_trout,10,2025-03-08,6,2.375000,0.950000,2.392187,hypothetical_research_only
manistee_mi,lake_trout,10,2025-03-08,10,2.375000,1.000000,2.443750,hypothetical_research_only
manistee_mi,lake_trout,10,2025-03-08,14,2.375000,0.850000,2.289063,hypothetical_research_only
manistee_mi,lake_trout,10,2025-03-08,18,2.375000,0.400000,1.825000,hypothetical_research_only
manistee_mi,lake_trout,10,2025-03-08,22,2.375000,0.133333,1.550000,hypothetical_research_only
manistee_mi,lake_trout,10,2025-03-08,26,2.375000,0.050000,1.464063,hypothetical_research_only
manistee_mi,lake_trout,10,2025-03-08,30,2.375000,,,out_of_domain
manistee_mi,lake_trout,11,2025-03-15,2,2.500000,0.800000,2.350000,hypothetical_research_only
manistee_mi,lake_trout,11,2025-03-15,6,2.500000,0.950000,2.518750,hypothetical_research_only
manistee_mi,lake_trout,11,2025-03-15,10,2.500000,1.000000,2.575000,hypothetical_research_only
manistee_mi,lake_trout,11,2025-03-15,14,2.500000,0.850000,2.406250,hypothetical_research_only
manistee_mi,lake_trout,11,2025-03-15,18,2.500000,0.400000,1.900000,hypothetical_research_only
manistee_mi,lake_trout,11,2025-03-15,22,2.500000,0.133333,1.600000,hypothetical_research_only
manistee_mi,lake_trout,11,2025-03-15,26,2.500000,0.050000,1.506250,hypothetical_research_only
manistee_mi,lake_trout,11,2025-03-15,30,2.500000,,,out_of_domain
manistee_mi,lake_trout,12,2025-03-22,2,2.612903,0.800000,2.451613,hypothetical_research_only
manistee_mi,lake_trout,12,2025-03-22,6,2.612903,0.950000,2.633065,hypothetical_research_only
manistee_mi,lake_trout,12,2025-03-22,10,2.612903,1.000000,2.693548,hypothetical_research_only
manistee_mi,lake_trout,12,2025-03-22,14,2.612903,0.850000,2.512097,hypothetical_research_only
manistee_mi,lake_trout,12,2025-03-22,18,2.612903,0.400000,1.967742,hypothetical_research_only
manistee_mi,lake_trout,12,2025-03-22,22,2.612903,0.133333,1.645161,hypothetical_research_only
manistee_mi,lake_trout,12,2025-03-22,26,2.612903,0.050000,1.544355,hypothetical_research_only
manistee_mi,lake_trout,12,2025-03-22,30,2.612903,,,out_of_domain
manistee_mi,lake_trout,13,2025-03-29,2,2.725806,0.800000,2.553226,hypothetical_research_only
manistee_mi,lake_trout,13,2025-03-29,6,2.725806,0.950000,2.747379,hypothetical_research_only
manistee_mi,lake_trout,13,2025-03-29,10,2.725806,1.000000,2.812097,hypothetical_research_only
manistee_mi,lake_trout,13,2025-03-29,14,2.725806,0.850000,2.617944,hypothetical_research_only
manistee_mi,lake_trout,13,2025-03-29,18,2.725806,0.400000,2.035484,hypothetical_research_only
manistee_mi,lake_trout,13,2025-03-29,22,2.725806,0.133333,1.690323,hypothetical_research_only
manistee_mi,lake_trout,13,2025-03-29,26,2.725806,0.050000,1.582460,hypothetical_research_only
manistee_mi,lake_trout,13,2025-03-29,30,2.725806,,,out_of_domain
manistee_mi,lake_trout,14,2025-04-05,2,2.838710,0.800000,2.654839,hypothetical_research_only
manistee_mi,lake_trout,14,2025-04-05,6,2.838710,0.950000,2.861694,hypothetical_research_only
manistee_mi,lake_trout,14,2025-04-05,10,2.838710,1.000000,2.930645,hypothetical_research_only
manistee_mi,lake_trout,14,2025-04-05,14,2.838710,0.850000,2.723790,hypothetical_research_only
manistee_mi,lake_trout,14,2025-04-05,18,2.838710,0.400000,2.103226,hypothetical_research_only
manistee_mi,lake_trout,14,2025-04-05,22,2.838710,0.133333,1.735484,hypothetical_research_only
manistee_mi,lake_trout,14,2025-04-05,26,2.838710,0.050000,1.620565,hypothetical_research_only
manistee_mi,lake_trout,14,2025-04-05,30,2.838710,,,out_of_domain
manistee_mi,lake_trout,15,2025-04-12,2,2.951613,0.800000,2.756452,hypothetical_research_only
manistee_mi,lake_trout,15,2025-04-12,6,2.951613,0.950000,2.976008,hypothetical_research_only
manistee_mi,lake_trout,15,2025-04-12,10,2.951613,1.000000,3.049194,hypothetical_research_only
manistee_mi,lake_trout,15,2025-04-12,14,2.951613,0.850000,2.829637,hypothetical_research_only
manistee_mi,lake_trout,15,2025-04-12,18,2.951613,0.400000,2.170968,hypothetical_research_only
manistee_mi,lake_trout,15,2025-04-12,22,2.951613,0.133333,1.780645,hypothetical_research_only
manistee_mi,lake_trout,15,2025-04-12,26,2.951613,0.050000,1.658669,hypothetical_research_only
manistee_mi,lake_trout,15,2025-04-12,30,2.951613,,,out_of_domain
manistee_mi,lake_trout,16,2025-04-19,2,2.933333,0.800000,2.740000,hypothetical_research_only
manistee_mi,lake_trout,16,2025-04-19,6,2.933333,0.950000,2.957500,hypothetical_research_only
manistee_mi,lake_trout,16,2025-04-19,10,2.933333,1.000000,3.030000,hypothetical_research_only
manistee_mi,lake_trout,16,2025-04-19,14,2.933333,0.850000,2.812500,hypothetical_research_only
manistee_mi,lake_trout,16,2025-04-19,18,2.933333,0.400000,2.160000,hypothetical_research_only
manistee_mi,lake_trout,16,2025-04-19,22,2.933333,0.133333,1.773333,hypothetical_research_only
manistee_mi,lake_trout,16,2025-04-19,26,2.933333,0.050000,1.652500,hypothetical_research_only
manistee_mi,lake_trout,16,2025-04-19,30,2.933333,,,out_of_domain
manistee_mi,lake_trout,17,2025-04-26,2,2.816667,0.800000,2.635000,hypothetical_research_only
manistee_mi,lake_trout,17,2025-04-26,6,2.816667,0.950000,2.839375,hypothetical_research_only
manistee_mi,lake_trout,17,2025-04-26,10,2.816667,1.000000,2.907500,hypothetical_research_only
manistee_mi,lake_trout,17,2025-04-26,14,2.816667,0.850000,2.703125,hypothetical_research_only
manistee_mi,lake_trout,17,2025-04-26,18,2.816667,0.400000,2.090000,hypothetical_research_only
manistee_mi,lake_trout,17,2025-04-26,22,2.816667,0.133333,1.726667,hypothetical_research_only
manistee_mi,lake_trout,17,2025-04-26,26,2.816667,0.050000,1.613125,hypothetical_research_only
manistee_mi,lake_trout,17,2025-04-26,30,2.816667,,,out_of_domain
manistee_mi,lake_trout,18,2025-05-03,2,2.700000,0.800000,2.530000,hypothetical_research_only
manistee_mi,lake_trout,18,2025-05-03,6,2.700000,0.950000,2.721250,hypothetical_research_only
manistee_mi,lake_trout,18,2025-05-03,10,2.700000,1.000000,2.785000,hypothetical_research_only
manistee_mi,lake_trout,18,2025-05-03,14,2.700000,0.850000,2.593750,hypothetical_research_only
manistee_mi,lake_trout,18,2025-05-03,18,2.700000,0.400000,2.020000,hypothetical_research_only
manistee_mi,lake_trout,18,2025-05-03,22,2.700000,0.133333,1.680000,hypothetical_research_only
manistee_mi,lake_trout,18,2025-05-03,26,2.700000,0.050000,1.573750,hypothetical_research_only
manistee_mi,lake_trout,18,2025-05-03,30,2.700000,,,out_of_domain
manistee_mi,lake_trout,19,2025-05-10,2,2.583333,0.800000,2.425000,hypothetical_research_only
manistee_mi,lake_trout,19,2025-05-10,6,2.583333,0.950000,2.603125,hypothetical_research_only
manistee_mi,lake_trout,19,2025-05-10,10,2.583333,1.000000,2.662500,hypothetical_research_only
manistee_mi,lake_trout,19,2025-05-10,14,2.583333,0.850000,2.484375,hypothetical_research_only
manistee_mi,lake_trout,19,2025-05-10,18,2.583333,0.400000,1.950000,hypothetical_research_only
manistee_mi,lake_trout,19,2025-05-10,22,2.583333,0.133333,1.633333,hypothetical_research_only
manistee_mi,lake_trout,19,2025-05-10,26,2.583333,0.050000,1.534375,hypothetical_research_only
manistee_mi,lake_trout,19,2025-05-10,30,2.583333,,,out_of_domain
manistee_mi,lake_trout,20,2025-05-17,2,2.435484,0.800000,2.291935,hypothetical_research_only
manistee_mi,lake_trout,20,2025-05-17,6,2.435484,0.950000,2.453427,hypothetical_research_only
manistee_mi,lake_trout,20,2025-05-17,10,2.435484,1.000000,2.507258,hypothetical_research_only
manistee_mi,lake_trout,20,2025-05-17,14,2.435484,0.850000,2.345766,hypothetical_research_only
manistee_mi,lake_trout,20,2025-05-17,18,2.435484,0.400000,1.861290,hypothetical_research_only
manistee_mi,lake_trout,20,2025-05-17,22,2.435484,0.133333,1.574194,hypothetical_research_only
manistee_mi,lake_trout,20,2025-05-17,26,2.435484,0.050000,1.484476,hypothetical_research_only
manistee_mi,lake_trout,20,2025-05-17,30,2.435484,,,out_of_domain
manistee_mi,lake_trout,21,2025-05-24,2,2.209677,0.800000,2.088710,hypothetical_research_only
manistee_mi,lake_trout,21,2025-05-24,6,2.209677,0.950000,2.224798,hypothetical_research_only
manistee_mi,lake_trout,21,2025-05-24,10,2.209677,1.000000,2.270161,hypothetical_research_only
manistee_mi,lake_trout,21,2025-05-24,14,2.209677,0.850000,2.134073,hypothetical_research_only
manistee_mi,lake_trout,21,2025-05-24,18,2.209677,0.400000,1.725806,hypothetical_research_only
manistee_mi,lake_trout,21,2025-05-24,22,2.209677,0.133333,1.483871,hypothetical_research_only
manistee_mi,lake_trout,21,2025-05-24,26,2.209677,0.050000,1.408266,hypothetical_research_only
manistee_mi,lake_trout,21,2025-05-24,30,2.209677,,,out_of_domain
manistee_mi,lake_trout,22,2025-05-31,2,1.983871,0.800000,1.885484,hypothetical_research_only
manistee_mi,lake_trout,22,2025-05-31,6,1.983871,0.950000,1.996169,hypothetical_research_only
manistee_mi,lake_trout,22,2025-05-31,10,1.983871,1.000000,2.033065,hypothetical_research_only
manistee_mi,lake_trout,22,2025-05-31,14,1.983871,0.850000,1.922379,hypothetical_research_only
manistee_mi,lake_trout,22,2025-05-31,18,1.983871,0.400000,1.590323,hypothetical_research_only
manistee_mi,lake_trout,22,2025-05-31,22,1.983871,0.133333,1.393548,hypothetical_research_only
manistee_mi,lake_trout,22,2025-05-31,26,1.983871,0.050000,1.332056,hypothetical_research_only
manistee_mi,lake_trout,22,2025-05-31,30,1.983871,,,out_of_domain
manistee_mi,lake_trout,23,2025-06-07,2,1.758065,0.800000,1.682258,hypothetical_research_only
manistee_mi,lake_trout,23,2025-06-07,6,1.758065,0.950000,1.767540,hypothetical_research_only
manistee_mi,lake_trout,23,2025-06-07,10,1.758065,1.000000,1.795968,hypothetical_research_only
manistee_mi,lake_trout,23,2025-06-07,14,1.758065,0.850000,1.710685,hypothetical_research_only
manistee_mi,lake_trout,23,2025-06-07,18,1.758065,0.400000,1.454839,hypothetical_research_only
manistee_mi,lake_trout,23,2025-06-07,22,1.758065,0.133333,1.303226,hypothetical_research_only
manistee_mi,lake_trout,23,2025-06-07,26,1.758065,0.050000,1.255847,hypothetical_research_only
manistee_mi,lake_trout,23,2025-06-07,30,1.758065,,,out_of_domain
manistee_mi,lake_trout,24,2025-06-14,2,1.532258,0.800000,1.479032,hypothetical_research_only
manistee_mi,lake_trout,24,2025-06-14,6,1.532258,0.950000,1.538911,hypothetical_research_only
manistee_mi,lake_trout,24,2025-06-14,10,1.532258,1.000000,1.558871,hypothetical_research_only
manistee_mi,lake_trout,24,2025-06-14,14,1.532258,0.850000,1.498992,hypothetical_research_only
manistee_mi,lake_trout,24,2025-06-14,18,1.532258,0.400000,1.319355,hypothetical_research_only
manistee_mi,lake_trout,24,2025-06-14,22,1.532258,0.133333,1.212903,hypothetical_research_only
manistee_mi,lake_trout,24,2025-06-14,26,1.532258,0.050000,1.179637,hypothetical_research_only
manistee_mi,lake_trout,24,2025-06-14,30,1.532258,,,out_of_domain
manistee_mi,lake_trout,25,2025-06-21,2,1.400000,0.800000,1.360000,hypothetical_research_only
manistee_mi,lake_trout,25,2025-06-21,6,1.400000,0.950000,1.405000,hypothetical_research_only
manistee_mi,lake_trout,25,2025-06-21,10,1.400000,1.000000,1.420000,hypothetical_research_only
manistee_mi,lake_trout,25,2025-06-21,14,1.400000,0.850000,1.375000,hypothetical_research_only
manistee_mi,lake_trout,25,2025-06-21,18,1.400000,0.400000,1.240000,hypothetical_research_only
manistee_mi,lake_trout,25,2025-06-21,22,1.400000,0.133333,1.160000,hypothetical_research_only
manistee_mi,lake_trout,25,2025-06-21,26,1.400000,0.050000,1.135000,hypothetical_research_only
manistee_mi,lake_trout,25,2025-06-21,30,1.400000,,,out_of_domain
manistee_mi,lake_trout,26,2025-06-28,2,1.283333,0.800000,1.255000,hypothetical_research_only
manistee_mi,lake_trout,26,2025-06-28,6,1.283333,0.950000,1.286875,hypothetical_research_only
manistee_mi,lake_trout,26,2025-06-28,10,1.283333,1.000000,1.297500,hypothetical_research_only
manistee_mi,lake_trout,26,2025-06-28,14,1.283333,0.850000,1.265625,hypothetical_research_only
manistee_mi,lake_trout,26,2025-06-28,18,1.283333,0.400000,1.170000,hypothetical_research_only
manistee_mi,lake_trout,26,2025-06-28,22,1.283333,0.133333,1.113333,hypothetical_research_only
manistee_mi,lake_trout,26,2025-06-28,26,1.283333,0.050000,1.095625,hypothetical_research_only
manistee_mi,lake_trout,26,2025-06-28,30,1.283333,,,out_of_domain
manistee_mi,lake_trout,27,2025-07-05,2,1.166667,0.800000,1.150000,hypothetical_research_only
manistee_mi,lake_trout,27,2025-07-05,6,1.166667,0.950000,1.168750,hypothetical_research_only
manistee_mi,lake_trout,27,2025-07-05,10,1.166667,1.000000,1.175000,hypothetical_research_only
manistee_mi,lake_trout,27,2025-07-05,14,1.166667,0.850000,1.156250,hypothetical_research_only
manistee_mi,lake_trout,27,2025-07-05,18,1.166667,0.400000,1.100000,hypothetical_research_only
manistee_mi,lake_trout,27,2025-07-05,22,1.166667,0.133333,1.066667,hypothetical_research_only
manistee_mi,lake_trout,27,2025-07-05,26,1.166667,0.050000,1.056250,hypothetical_research_only
manistee_mi,lake_trout,27,2025-07-05,30,1.166667,,,out_of_domain
manistee_mi,lake_trout,28,2025-07-12,2,1.050000,0.800000,1.045000,hypothetical_research_only
manistee_mi,lake_trout,28,2025-07-12,6,1.050000,0.950000,1.050625,hypothetical_research_only
manistee_mi,lake_trout,28,2025-07-12,10,1.050000,1.000000,1.052500,hypothetical_research_only
manistee_mi,lake_trout,28,2025-07-12,14,1.050000,0.850000,1.046875,hypothetical_research_only
manistee_mi,lake_trout,28,2025-07-12,18,1.050000,0.400000,1.030000,hypothetical_research_only
manistee_mi,lake_trout,28,2025-07-12,22,1.050000,0.133333,1.020000,hypothetical_research_only
manistee_mi,lake_trout,28,2025-07-12,26,1.050000,0.050000,1.016875,hypothetical_research_only
manistee_mi,lake_trout,28,2025-07-12,30,1.050000,,,out_of_domain
manistee_mi,lake_trout,29,2025-07-19,2,1.000000,0.800000,1.000000,hypothetical_research_only
manistee_mi,lake_trout,29,2025-07-19,6,1.000000,0.950000,1.000000,hypothetical_research_only
manistee_mi,lake_trout,29,2025-07-19,10,1.000000,1.000000,1.000000,hypothetical_research_only
manistee_mi,lake_trout,29,2025-07-19,14,1.000000,0.850000,1.000000,hypothetical_research_only
manistee_mi,lake_trout,29,2025-07-19,18,1.000000,0.400000,1.000000,hypothetical_research_only
manistee_mi,lake_trout,29,2025-07-19,22,1.000000,0.133333,1.000000,hypothetical_research_only
manistee_mi,lake_trout,29,2025-07-19,26,1.000000,0.050000,1.000000,hypothetical_research_only
manistee_mi,lake_trout,29,2025-07-19,30,1.000000,,,out_of_domain
manistee_mi,lake_trout,30,2025-07-26,2,1.000000,0.800000,1.000000,hypothetical_research_only
manistee_mi,lake_trout,30,2025-07-26,6,1.000000,0.950000,1.000000,hypothetical_research_only
manistee_mi,lake_trout,30,2025-07-26,10,1.000000,1.000000,1.000000,hypothetical_research_only
manistee_mi,lake_trout,30,2025-07-26,14,1.000000,0.850000,1.000000,hypothetical_research_only
manistee_mi,lake_trout,30,2025-07-26,18,1.000000,0.400000,1.000000,hypothetical_research_only
manistee_mi,lake_trout,30,2025-07-26,22,1.000000,0.133333,1.000000,hypothetical_research_only
manistee_mi,lake_trout,30,2025-07-26,26,1.000000,0.050000,1.000000,hypothetical_research_only
manistee_mi,lake_trout,30,2025-07-26,30,1.000000,,,out_of_domain
manistee_mi,lake_trout,31,2025-08-02,2,1.000000,0.800000,1.000000,hypothetical_research_only
manistee_mi,lake_trout,31,2025-08-02,6,1.000000,0.950000,1.000000,hypothetical_research_only
manistee_mi,lake_trout,31,2025-08-02,10,1.000000,1.000000,1.000000,hypothetical_research_only
manistee_mi,lake_trout,31,2025-08-02,14,1.000000,0.850000,1.000000,hypothetical_research_only
manistee_mi,lake_trout,31,2025-08-02,18,1.000000,0.400000,1.000000,hypothetical_research_only
manistee_mi,lake_trout,31,2025-08-02,22,1.000000,0.133333,1.000000,hypothetical_research_only
manistee_mi,lake_trout,31,2025-08-02,26,1.000000,0.050000,1.000000,hypothetical_research_only
manistee_mi,lake_trout,31,2025-08-02,30,1.000000,,,out_of_domain
manistee_mi,lake_trout,32,2025-08-09,2,1.000000,0.800000,1.000000,hypothetical_research_only
manistee_mi,lake_trout,32,2025-08-09,6,1.000000,0.950000,1.000000,hypothetical_research_only
manistee_mi,lake_trout,32,2025-08-09,10,1.000000,1.000000,1.000000,hypothetical_research_only
manistee_mi,lake_trout,32,2025-08-09,14,1.000000,0.850000,1.000000,hypothetical_research_only
manistee_mi,lake_trout,32,2025-08-09,18,1.000000,0.400000,1.000000,hypothetical_research_only
manistee_mi,lake_trout,32,2025-08-09,22,1.000000,0.133333,1.000000,hypothetical_research_only
manistee_mi,lake_trout,32,2025-08-09,26,1.000000,0.050000,1.000000,hypothetical_research_only
manistee_mi,lake_trout,32,2025-08-09,30,1.000000,,,out_of_domain
manistee_mi,lake_trout,33,2025-08-16,2,1.016129,0.800000,1.014516,hypothetical_research_only
manistee_mi,lake_trout,33,2025-08-16,6,1.016129,0.950000,1.016331,hypothetical_research_only
manistee_mi,lake_trout,33,2025-08-16,10,1.016129,1.000000,1.016935,hypothetical_research_only
manistee_mi,lake_trout,33,2025-08-16,14,1.016129,0.850000,1.015121,hypothetical_research_only
manistee_mi,lake_trout,33,2025-08-16,18,1.016129,0.400000,1.009677,hypothetical_research_only
manistee_mi,lake_trout,33,2025-08-16,22,1.016129,0.133333,1.006452,hypothetical_research_only
manistee_mi,lake_trout,33,2025-08-16,26,1.016129,0.050000,1.005444,hypothetical_research_only
manistee_mi,lake_trout,33,2025-08-16,30,1.016129,,,out_of_domain
manistee_mi,lake_trout,34,2025-08-23,2,1.129032,0.800000,1.116129,hypothetical_research_only
manistee_mi,lake_trout,34,2025-08-23,6,1.129032,0.950000,1.130645,hypothetical_research_only
manistee_mi,lake_trout,34,2025-08-23,10,1.129032,1.000000,1.135484,hypothetical_research_only
manistee_mi,lake_trout,34,2025-08-23,14,1.129032,0.850000,1.120968,hypothetical_research_only
manistee_mi,lake_trout,34,2025-08-23,18,1.129032,0.400000,1.077419,hypothetical_research_only
manistee_mi,lake_trout,34,2025-08-23,22,1.129032,0.133333,1.051613,hypothetical_research_only
manistee_mi,lake_trout,34,2025-08-23,26,1.129032,0.050000,1.043548,hypothetical_research_only
manistee_mi,lake_trout,34,2025-08-23,30,1.129032,,,out_of_domain
manistee_mi,lake_trout,35,2025-08-30,2,1.241935,0.800000,1.217742,hypothetical_research_only
manistee_mi,lake_trout,35,2025-08-30,6,1.241935,0.950000,1.244960,hypothetical_research_only
manistee_mi,lake_trout,35,2025-08-30,10,1.241935,1.000000,1.254032,hypothetical_research_only
manistee_mi,lake_trout,35,2025-08-30,14,1.241935,0.850000,1.226815,hypothetical_research_only
manistee_mi,lake_trout,35,2025-08-30,18,1.241935,0.400000,1.145161,hypothetical_research_only
manistee_mi,lake_trout,35,2025-08-30,22,1.241935,0.133333,1.096774,hypothetical_research_only
manistee_mi,lake_trout,35,2025-08-30,26,1.241935,0.050000,1.081653,hypothetical_research_only
manistee_mi,lake_trout,35,2025-08-30,30,1.241935,,,out_of_domain
manistee_mi,lake_trout,36,2025-09-06,2,1.354839,0.800000,1.319355,hypothetical_research_only
manistee_mi,lake_trout,36,2025-09-06,6,1.354839,0.950000,1.359274,hypothetical_research_only
manistee_mi,lake_trout,36,2025-09-06,10,1.354839,1.000000,1.372581,hypothetical_research_only
manistee_mi,lake_trout,36,2025-09-06,14,1.354839,0.850000,1.332661,hypothetical_research_only
manistee_mi,lake_trout,36,2025-09-06,18,1.354839,0.400000,1.212903,hypothetical_research_only
manistee_mi,lake_trout,36,2025-09-06,22,1.354839,0.133333,1.141935,hypothetical_research_only
manistee_mi,lake_trout,36,2025-09-06,26,1.354839,0.050000,1.119758,hypothetical_research_only
manistee_mi,lake_trout,36,2025-09-06,30,1.354839,,,out_of_domain
manistee_mi,lake_trout,37,2025-09-13,2,1.467742,0.800000,1.420968,hypothetical_research_only
manistee_mi,lake_trout,37,2025-09-13,6,1.467742,0.950000,1.473589,hypothetical_research_only
manistee_mi,lake_trout,37,2025-09-13,10,1.467742,1.000000,1.491129,hypothetical_research_only
manistee_mi,lake_trout,37,2025-09-13,14,1.467742,0.850000,1.438508,hypothetical_research_only
manistee_mi,lake_trout,37,2025-09-13,18,1.467742,0.400000,1.280645,hypothetical_research_only
manistee_mi,lake_trout,37,2025-09-13,22,1.467742,0.133333,1.187097,hypothetical_research_only
manistee_mi,lake_trout,37,2025-09-13,26,1.467742,0.050000,1.157863,hypothetical_research_only
manistee_mi,lake_trout,37,2025-09-13,30,1.467742,,,out_of_domain
manistee_mi,lake_trout,38,2025-09-20,2,1.750000,0.800000,1.675000,hypothetical_research_only
manistee_mi,lake_trout,38,2025-09-20,6,1.750000,0.950000,1.759375,hypothetical_research_only
manistee_mi,lake_trout,38,2025-09-20,10,1.750000,1.000000,1.787500,hypothetical_research_only
manistee_mi,lake_trout,38,2025-09-20,14,1.750000,0.850000,1.703125,hypothetical_research_only
manistee_mi,lake_trout,38,2025-09-20,18,1.750000,0.400000,1.450000,hypothetical_research_only
manistee_mi,lake_trout,38,2025-09-20,22,1.750000,0.133333,1.300000,hypothetical_research_only
manistee_mi,lake_trout,38,2025-09-20,26,1.750000,0.050000,1.253125,hypothetical_research_only
manistee_mi,lake_trout,38,2025-09-20,30,1.750000,,,out_of_domain
manistee_mi,lake_trout,39,2025-09-27,2,2.100000,0.800000,1.990000,hypothetical_research_only
manistee_mi,lake_trout,39,2025-09-27,6,2.100000,0.950000,2.113750,hypothetical_research_only
manistee_mi,lake_trout,39,2025-09-27,10,2.100000,1.000000,2.155000,hypothetical_research_only
manistee_mi,lake_trout,39,2025-09-27,14,2.100000,0.850000,2.031250,hypothetical_research_only
manistee_mi,lake_trout,39,2025-09-27,18,2.100000,0.400000,1.660000,hypothetical_research_only
manistee_mi,lake_trout,39,2025-09-27,22,2.100000,0.133333,1.440000,hypothetical_research_only
manistee_mi,lake_trout,39,2025-09-27,26,2.100000,0.050000,1.371250,hypothetical_research_only
manistee_mi,lake_trout,39,2025-09-27,30,2.100000,,,out_of_domain
manistee_mi,lake_trout,40,2025-10-04,2,2.450000,0.800000,2.305000,hypothetical_research_only
manistee_mi,lake_trout,40,2025-10-04,6,2.450000,0.950000,2.468125,hypothetical_research_only
manistee_mi,lake_trout,40,2025-10-04,10,2.450000,1.000000,2.522500,hypothetical_research_only
manistee_mi,lake_trout,40,2025-10-04,14,2.450000,0.850000,2.359375,hypothetical_research_only
manistee_mi,lake_trout,40,2025-10-04,18,2.450000,0.400000,1.870000,hypothetical_research_only
manistee_mi,lake_trout,40,2025-10-04,22,2.450000,0.133333,1.580000,hypothetical_research_only
manistee_mi,lake_trout,40,2025-10-04,26,2.450000,0.050000,1.489375,hypothetical_research_only
manistee_mi,lake_trout,40,2025-10-04,30,2.450000,,,out_of_domain
manistee_mi,lake_trout,41,2025-10-11,2,2.800000,0.800000,2.620000,hypothetical_research_only
manistee_mi,lake_trout,41,2025-10-11,6,2.800000,0.950000,2.822500,hypothetical_research_only
manistee_mi,lake_trout,41,2025-10-11,10,2.800000,1.000000,2.890000,hypothetical_research_only
manistee_mi,lake_trout,41,2025-10-11,14,2.800000,0.850000,2.687500,hypothetical_research_only
manistee_mi,lake_trout,41,2025-10-11,18,2.800000,0.400000,2.080000,hypothetical_research_only
manistee_mi,lake_trout,41,2025-10-11,22,2.800000,0.133333,1.720000,hypothetical_research_only
manistee_mi,lake_trout,41,2025-10-11,26,2.800000,0.050000,1.607500,hypothetical_research_only
manistee_mi,lake_trout,41,2025-10-11,30,2.800000,,,out_of_domain
manistee_mi,lake_trout,42,2025-10-18,2,2.951613,0.800000,2.756452,hypothetical_research_only
manistee_mi,lake_trout,42,2025-10-18,6,2.951613,0.950000,2.976008,hypothetical_research_only
manistee_mi,lake_trout,42,2025-10-18,10,2.951613,1.000000,3.049194,hypothetical_research_only
manistee_mi,lake_trout,42,2025-10-18,14,2.951613,0.850000,2.829637,hypothetical_research_only
manistee_mi,lake_trout,42,2025-10-18,18,2.951613,0.400000,2.170968,hypothetical_research_only
manistee_mi,lake_trout,42,2025-10-18,22,2.951613,0.133333,1.780645,hypothetical_research_only
manistee_mi,lake_trout,42,2025-10-18,26,2.951613,0.050000,1.658669,hypothetical_research_only
manistee_mi,lake_trout,42,2025-10-18,30,2.951613,,,out_of_domain
manistee_mi,lake_trout,43,2025-10-25,2,2.838710,0.800000,2.654839,hypothetical_research_only
manistee_mi,lake_trout,43,2025-10-25,6,2.838710,0.950000,2.861694,hypothetical_research_only
manistee_mi,lake_trout,43,2025-10-25,10,2.838710,1.000000,2.930645,hypothetical_research_only
manistee_mi,lake_trout,43,2025-10-25,14,2.838710,0.850000,2.723790,hypothetical_research_only
manistee_mi,lake_trout,43,2025-10-25,18,2.838710,0.400000,2.103226,hypothetical_research_only
manistee_mi,lake_trout,43,2025-10-25,22,2.838710,0.133333,1.735484,hypothetical_research_only
manistee_mi,lake_trout,43,2025-10-25,26,2.838710,0.050000,1.620565,hypothetical_research_only
manistee_mi,lake_trout,43,2025-10-25,30,2.838710,,,out_of_domain
manistee_mi,lake_trout,44,2025-11-01,2,2.725806,0.800000,2.553226,hypothetical_research_only
manistee_mi,lake_trout,44,2025-11-01,6,2.725806,0.950000,2.747379,hypothetical_research_only
manistee_mi,lake_trout,44,2025-11-01,10,2.725806,1.000000,2.812097,hypothetical_research_only
manistee_mi,lake_trout,44,2025-11-01,14,2.725806,0.850000,2.617944,hypothetical_research_only
manistee_mi,lake_trout,44,2025-11-01,18,2.725806,0.400000,2.035484,hypothetical_research_only
manistee_mi,lake_trout,44,2025-11-01,22,2.725806,0.133333,1.690323,hypothetical_research_only
manistee_mi,lake_trout,44,2025-11-01,26,2.725806,0.050000,1.582460,hypothetical_research_only
manistee_mi,lake_trout,44,2025-11-01,30,2.725806,,,out_of_domain
manistee_mi,lake_trout,45,2025-11-08,2,2.612903,0.800000,2.451613,hypothetical_research_only
manistee_mi,lake_trout,45,2025-11-08,6,2.612903,0.950000,2.633065,hypothetical_research_only
manistee_mi,lake_trout,45,2025-11-08,10,2.612903,1.000000,2.693548,hypothetical_research_only
manistee_mi,lake_trout,45,2025-11-08,14,2.612903,0.850000,2.512097,hypothetical_research_only
manistee_mi,lake_trout,45,2025-11-08,18,2.612903,0.400000,1.967742,hypothetical_research_only
manistee_mi,lake_trout,45,2025-11-08,22,2.612903,0.133333,1.645161,hypothetical_research_only
manistee_mi,lake_trout,45,2025-11-08,26,2.612903,0.050000,1.544355,hypothetical_research_only
manistee_mi,lake_trout,45,2025-11-08,30,2.612903,,,out_of_domain
manistee_mi,lake_trout,46,2025-11-15,2,2.500000,0.800000,2.350000,hypothetical_research_only
manistee_mi,lake_trout,46,2025-11-15,6,2.500000,0.950000,2.518750,hypothetical_research_only
manistee_mi,lake_trout,46,2025-11-15,10,2.500000,1.000000,2.575000,hypothetical_research_only
manistee_mi,lake_trout,46,2025-11-15,14,2.500000,0.850000,2.406250,hypothetical_research_only
manistee_mi,lake_trout,46,2025-11-15,18,2.500000,0.400000,1.900000,hypothetical_research_only
manistee_mi,lake_trout,46,2025-11-15,22,2.500000,0.133333,1.600000,hypothetical_research_only
manistee_mi,lake_trout,46,2025-11-15,26,2.500000,0.050000,1.506250,hypothetical_research_only
manistee_mi,lake_trout,46,2025-11-15,30,2.500000,,,out_of_domain
manistee_mi,lake_trout,47,2025-11-22,2,2.383333,0.800000,2.245000,hypothetical_research_only
manistee_mi,lake_trout,47,2025-11-22,6,2.383333,0.950000,2.400625,hypothetical_research_only
manistee_mi,lake_trout,47,2025-11-22,10,2.383333,1.000000,2.452500,hypothetical_research_only
manistee_mi,lake_trout,47,2025-11-22,14,2.383333,0.850000,2.296875,hypothetical_research_only
manistee_mi,lake_trout,47,2025-11-22,18,2.383333,0.400000,1.830000,hypothetical_research_only
manistee_mi,lake_trout,47,2025-11-22,22,2.383333,0.133333,1.553333,hypothetical_research_only
manistee_mi,lake_trout,47,2025-11-22,26,2.383333,0.050000,1.466875,hypothetical_research_only
manistee_mi,lake_trout,47,2025-11-22,30,2.383333,,,out_of_domain
manistee_mi,lake_trout,48,2025-11-29,2,2.266667,0.800000,2.140000,hypothetical_research_only
manistee_mi,lake_trout,48,2025-11-29,6,2.266667,0.950000,2.282500,hypothetical_research_only
manistee_mi,lake_trout,48,2025-11-29,10,2.266667,1.000000,2.330000,hypothetical_research_only
manistee_mi,lake_trout,48,2025-11-29,14,2.266667,0.850000,2.187500,hypothetical_research_only
manistee_mi,lake_trout,48,2025-11-29,18,2.266667,0.400000,1.760000,hypothetical_research_only
manistee_mi,lake_trout,48,2025-11-29,22,2.266667,0.133333,1.506667,hypothetical_research_only
manistee_mi,lake_trout,48,2025-11-29,26,2.266667,0.050000,1.427500,hypothetical_research_only
manistee_mi,lake_trout,48,2025-11-29,30,2.266667,,,out_of_domain
manistee_mi,lake_trout,49,2025-12-06,2,2.150000,0.800000,2.035000,hypothetical_research_only
manistee_mi,lake_trout,49,2025-12-06,6,2.150000,0.950000,2.164375,hypothetical_research_only
manistee_mi,lake_trout,49,2025-12-06,10,2.150000,1.000000,2.207500,hypothetical_research_only
manistee_mi,lake_trout,49,2025-12-06,14,2.150000,0.850000,2.078125,hypothetical_research_only
manistee_mi,lake_trout,49,2025-12-06,18,2.150000,0.400000,1.690000,hypothetical_research_only
manistee_mi,lake_trout,49,2025-12-06,22,2.150000,0.133333,1.460000,hypothetical_research_only
manistee_mi,lake_trout,49,2025-12-06,26,2.150000,0.050000,1.388125,hypothetical_research_only
manistee_mi,lake_trout,49,2025-12-06,30,2.150000,,,out_of_domain
manistee_mi,lake_trout,50,2025-12-13,2,2.033333,0.800000,1.930000,hypothetical_research_only
manistee_mi,lake_trout,50,2025-12-13,6,2.033333,0.950000,2.046250,hypothetical_research_only
manistee_mi,lake_trout,50,2025-12-13,10,2.033333,1.000000,2.085000,hypothetical_research_only
manistee_mi,lake_trout,50,2025-12-13,14,2.033333,0.850000,1.968750,hypothetical_research_only
manistee_mi,lake_trout,50,2025-12-13,18,2.033333,0.400000,1.620000,hypothetical_research_only
manistee_mi,lake_trout,50,2025-12-13,22,2.033333,0.133333,1.413333,hypothetical_research_only
manistee_mi,lake_trout,50,2025-12-13,26,2.033333,0.050000,1.348750,hypothetical_research_only
manistee_mi,lake_trout,50,2025-12-13,30,2.033333,,,out_of_domain
manistee_mi,lake_trout,51,2025-12-20,2,2.000000,0.800000,1.900000,hypothetical_research_only
manistee_mi,lake_trout,51,2025-12-20,6,2.000000,0.950000,2.012500,hypothetical_research_only
manistee_mi,lake_trout,51,2025-12-20,10,2.000000,1.000000,2.050000,hypothetical_research_only
manistee_mi,lake_trout,51,2025-12-20,14,2.000000,0.850000,1.937500,hypothetical_research_only
manistee_mi,lake_trout,51,2025-12-20,18,2.000000,0.400000,1.600000,hypothetical_research_only
manistee_mi,lake_trout,51,2025-12-20,22,2.000000,0.133333,1.400000,hypothetical_research_only
manistee_mi,lake_trout,51,2025-12-20,26,2.000000,0.050000,1.337500,hypothetical_research_only
manistee_mi,lake_trout,51,2025-12-20,30,2.000000,,,out_of_domain
manistee_mi,lake_trout,52,2025-12-27,2,2.000000,0.800000,1.900000,hypothetical_research_only
manistee_mi,lake_trout,52,2025-12-27,6,2.000000,0.950000,2.012500,hypothetical_research_only
manistee_mi,lake_trout,52,2025-12-27,10,2.000000,1.000000,2.050000,hypothetical_research_only
manistee_mi,lake_trout,52,2025-12-27,14,2.000000,0.850000,1.937500,hypothetical_research_only
manistee_mi,lake_trout,52,2025-12-27,18,2.000000,0.400000,1.600000,hypothetical_research_only
manistee_mi,lake_trout,52,2025-12-27,22,2.000000,0.133333,1.400000,hypothetical_research_only
manistee_mi,lake_trout,52,2025-12-27,26,2.000000,0.050000,1.337500,hypothetical_research_only
manistee_mi,lake_trout,52,2025-12-27,30,2.000000,,,out_of_domain
manistee_mi,walleye,1,2025-01-04,2,2.000000,0.675000,1.806250,hypothetical_research_only
manistee_mi,walleye,1,2025-01-04,6,2.000000,0.825000,1.918750,hypothetical_research_only
manistee_mi,walleye,1,2025-01-04,10,2.000000,0.950000,2.012500,hypothetical_research_only
manistee_mi,walleye,1,2025-01-04,14,2.000000,1.000000,2.050000,hypothetical_research_only
manistee_mi,walleye,1,2025-01-04,18,2.000000,1.000000,2.050000,hypothetical_research_only
manistee_mi,walleye,1,2025-01-04,22,2.000000,0.933333,2.000000,hypothetical_research_only
manistee_mi,walleye,1,2025-01-04,26,2.000000,0.700000,1.825000,hypothetical_research_only
manistee_mi,walleye,1,2025-01-04,30,2.000000,0.333333,1.550000,hypothetical_research_only
manistee_mi,walleye,2,2025-01-11,2,2.000000,0.675000,1.806250,hypothetical_research_only
manistee_mi,walleye,2,2025-01-11,6,2.000000,0.825000,1.918750,hypothetical_research_only
manistee_mi,walleye,2,2025-01-11,10,2.000000,0.950000,2.012500,hypothetical_research_only
manistee_mi,walleye,2,2025-01-11,14,2.000000,1.000000,2.050000,hypothetical_research_only
manistee_mi,walleye,2,2025-01-11,18,2.000000,1.000000,2.050000,hypothetical_research_only
manistee_mi,walleye,2,2025-01-11,22,2.000000,0.933333,2.000000,hypothetical_research_only
manistee_mi,walleye,2,2025-01-11,26,2.000000,0.700000,1.825000,hypothetical_research_only
manistee_mi,walleye,2,2025-01-11,30,2.000000,0.333333,1.550000,hypothetical_research_only
manistee_mi,walleye,3,2025-01-18,2,2.000000,0.675000,1.806250,hypothetical_research_only
manistee_mi,walleye,3,2025-01-18,6,2.000000,0.825000,1.918750,hypothetical_research_only
manistee_mi,walleye,3,2025-01-18,10,2.000000,0.950000,2.012500,hypothetical_research_only
manistee_mi,walleye,3,2025-01-18,14,2.000000,1.000000,2.050000,hypothetical_research_only
manistee_mi,walleye,3,2025-01-18,18,2.000000,1.000000,2.050000,hypothetical_research_only
manistee_mi,walleye,3,2025-01-18,22,2.000000,0.933333,2.000000,hypothetical_research_only
manistee_mi,walleye,3,2025-01-18,26,2.000000,0.700000,1.825000,hypothetical_research_only
manistee_mi,walleye,3,2025-01-18,30,2.000000,0.333333,1.550000,hypothetical_research_only
manistee_mi,walleye,4,2025-01-25,2,2.000000,0.675000,1.806250,hypothetical_research_only
manistee_mi,walleye,4,2025-01-25,6,2.000000,0.825000,1.918750,hypothetical_research_only
manistee_mi,walleye,4,2025-01-25,10,2.000000,0.950000,2.012500,hypothetical_research_only
manistee_mi,walleye,4,2025-01-25,14,2.000000,1.000000,2.050000,hypothetical_research_only
manistee_mi,walleye,4,2025-01-25,18,2.000000,1.000000,2.050000,hypothetical_research_only
manistee_mi,walleye,4,2025-01-25,22,2.000000,0.933333,2.000000,hypothetical_research_only
manistee_mi,walleye,4,2025-01-25,26,2.000000,0.700000,1.825000,hypothetical_research_only
manistee_mi,walleye,4,2025-01-25,30,2.000000,0.333333,1.550000,hypothetical_research_only
manistee_mi,walleye,5,2025-02-01,2,2.000000,0.675000,1.806250,hypothetical_research_only
manistee_mi,walleye,5,2025-02-01,6,2.000000,0.825000,1.918750,hypothetical_research_only
manistee_mi,walleye,5,2025-02-01,10,2.000000,0.950000,2.012500,hypothetical_research_only
manistee_mi,walleye,5,2025-02-01,14,2.000000,1.000000,2.050000,hypothetical_research_only
manistee_mi,walleye,5,2025-02-01,18,2.000000,1.000000,2.050000,hypothetical_research_only
manistee_mi,walleye,5,2025-02-01,22,2.000000,0.933333,2.000000,hypothetical_research_only
manistee_mi,walleye,5,2025-02-01,26,2.000000,0.700000,1.825000,hypothetical_research_only
manistee_mi,walleye,5,2025-02-01,30,2.000000,0.333333,1.550000,hypothetical_research_only
manistee_mi,walleye,6,2025-02-08,2,2.000000,0.675000,1.806250,hypothetical_research_only
manistee_mi,walleye,6,2025-02-08,6,2.000000,0.825000,1.918750,hypothetical_research_only
manistee_mi,walleye,6,2025-02-08,10,2.000000,0.950000,2.012500,hypothetical_research_only
manistee_mi,walleye,6,2025-02-08,14,2.000000,1.000000,2.050000,hypothetical_research_only
manistee_mi,walleye,6,2025-02-08,18,2.000000,1.000000,2.050000,hypothetical_research_only
manistee_mi,walleye,6,2025-02-08,22,2.000000,0.933333,2.000000,hypothetical_research_only
manistee_mi,walleye,6,2025-02-08,26,2.000000,0.700000,1.825000,hypothetical_research_only
manistee_mi,walleye,6,2025-02-08,30,2.000000,0.333333,1.550000,hypothetical_research_only
manistee_mi,walleye,7,2025-02-15,2,2.000000,0.675000,1.806250,hypothetical_research_only
manistee_mi,walleye,7,2025-02-15,6,2.000000,0.825000,1.918750,hypothetical_research_only
manistee_mi,walleye,7,2025-02-15,10,2.000000,0.950000,2.012500,hypothetical_research_only
manistee_mi,walleye,7,2025-02-15,14,2.000000,1.000000,2.050000,hypothetical_research_only
manistee_mi,walleye,7,2025-02-15,18,2.000000,1.000000,2.050000,hypothetical_research_only
manistee_mi,walleye,7,2025-02-15,22,2.000000,0.933333,2.000000,hypothetical_research_only
manistee_mi,walleye,7,2025-02-15,26,2.000000,0.700000,1.825000,hypothetical_research_only
manistee_mi,walleye,7,2025-02-15,30,2.000000,0.333333,1.550000,hypothetical_research_only
manistee_mi,walleye,8,2025-02-22,2,2.125000,0.675000,1.907031,hypothetical_research_only
manistee_mi,walleye,8,2025-02-22,6,2.125000,0.825000,2.033594,hypothetical_research_only
manistee_mi,walleye,8,2025-02-22,10,2.125000,0.950000,2.139062,hypothetical_research_only
manistee_mi,walleye,8,2025-02-22,14,2.125000,1.000000,2.181250,hypothetical_research_only
manistee_mi,walleye,8,2025-02-22,18,2.125000,1.000000,2.181250,hypothetical_research_only
manistee_mi,walleye,8,2025-02-22,22,2.125000,0.933333,2.125000,hypothetical_research_only
manistee_mi,walleye,8,2025-02-22,26,2.125000,0.700000,1.928125,hypothetical_research_only
manistee_mi,walleye,8,2025-02-22,30,2.125000,0.333333,1.618750,hypothetical_research_only
manistee_mi,walleye,9,2025-03-01,2,2.250000,0.675000,2.007813,hypothetical_research_only
manistee_mi,walleye,9,2025-03-01,6,2.250000,0.825000,2.148438,hypothetical_research_only
manistee_mi,walleye,9,2025-03-01,10,2.250000,0.950000,2.265625,hypothetical_research_only
manistee_mi,walleye,9,2025-03-01,14,2.250000,1.000000,2.312500,hypothetical_research_only
manistee_mi,walleye,9,2025-03-01,18,2.250000,1.000000,2.312500,hypothetical_research_only
manistee_mi,walleye,9,2025-03-01,22,2.250000,0.933333,2.250000,hypothetical_research_only
manistee_mi,walleye,9,2025-03-01,26,2.250000,0.700000,2.031250,hypothetical_research_only
manistee_mi,walleye,9,2025-03-01,30,2.250000,0.333333,1.687500,hypothetical_research_only
manistee_mi,walleye,10,2025-03-08,2,2.375000,0.675000,2.108594,hypothetical_research_only
manistee_mi,walleye,10,2025-03-08,6,2.375000,0.825000,2.263281,hypothetical_research_only
manistee_mi,walleye,10,2025-03-08,10,2.375000,0.950000,2.392187,hypothetical_research_only
manistee_mi,walleye,10,2025-03-08,14,2.375000,1.000000,2.443750,hypothetical_research_only
manistee_mi,walleye,10,2025-03-08,18,2.375000,1.000000,2.443750,hypothetical_research_only
manistee_mi,walleye,10,2025-03-08,22,2.375000,0.933333,2.375000,hypothetical_research_only
manistee_mi,walleye,10,2025-03-08,26,2.375000,0.700000,2.134375,hypothetical_research_only
manistee_mi,walleye,10,2025-03-08,30,2.375000,0.333333,1.756250,hypothetical_research_only
manistee_mi,walleye,11,2025-03-15,2,2.500000,0.675000,2.209375,hypothetical_research_only
manistee_mi,walleye,11,2025-03-15,6,2.500000,0.825000,2.378125,hypothetical_research_only
manistee_mi,walleye,11,2025-03-15,10,2.500000,0.950000,2.518750,hypothetical_research_only
manistee_mi,walleye,11,2025-03-15,14,2.500000,1.000000,2.575000,hypothetical_research_only
manistee_mi,walleye,11,2025-03-15,18,2.500000,1.000000,2.575000,hypothetical_research_only
manistee_mi,walleye,11,2025-03-15,22,2.500000,0.933333,2.500000,hypothetical_research_only
manistee_mi,walleye,11,2025-03-15,26,2.500000,0.700000,2.237500,hypothetical_research_only
manistee_mi,walleye,11,2025-03-15,30,2.500000,0.333333,1.825000,hypothetical_research_only
manistee_mi,walleye,12,2025-03-22,2,2.725806,0.675000,2.391431,hypothetical_research_only
manistee_mi,walleye,12,2025-03-22,6,2.725806,0.825000,2.585585,hypothetical_research_only
manistee_mi,walleye,12,2025-03-22,10,2.725806,0.950000,2.747379,hypothetical_research_only
manistee_mi,walleye,12,2025-03-22,14,2.725806,1.000000,2.812097,hypothetical_research_only
manistee_mi,walleye,12,2025-03-22,18,2.725806,1.000000,2.812097,hypothetical_research_only
manistee_mi,walleye,12,2025-03-22,22,2.725806,0.933333,2.725806,hypothetical_research_only
manistee_mi,walleye,12,2025-03-22,26,2.725806,0.700000,2.423790,hypothetical_research_only
manistee_mi,walleye,12,2025-03-22,30,2.725806,0.333333,1.949194,hypothetical_research_only
manistee_mi,walleye,13,2025-03-29,2,2.951613,0.675000,2.573488,hypothetical_research_only
manistee_mi,walleye,13,2025-03-29,6,2.951613,0.825000,2.793044,hypothetical_research_only
manistee_mi,walleye,13,2025-03-29,10,2.951613,0.950000,2.976008,hypothetical_research_only
manistee_mi,walleye,13,2025-03-29,14,2.951613,1.000000,3.049194,hypothetical_research_only
manistee_mi,walleye,13,2025-03-29,18,2.951613,1.000000,3.049194,hypothetical_research_only
manistee_mi,walleye,13,2025-03-29,22,2.951613,0.933333,2.951613,hypothetical_research_only
manistee_mi,walleye,13,2025-03-29,26,2.951613,0.700000,2.610081,hypothetical_research_only
manistee_mi,walleye,13,2025-03-29,30,2.951613,0.333333,2.073387,hypothetical_research_only
manistee_mi,walleye,14,2025-04-05,2,3.177419,0.675000,2.755544,hypothetical_research_only
manistee_mi,walleye,14,2025-04-05,6,3.177419,0.825000,3.000504,hypothetical_research_only
manistee_mi,walleye,14,2025-04-05,10,3.177419,0.950000,3.204637,hypothetical_research_only
manistee_mi,walleye,14,2025-04-05,14,3.177419,1.000000,3.286290,hypothetical_research_only
manistee_mi,walleye,14,2025-04-05,18,3.177419,1.000000,3.286290,hypothetical_research_only
manistee_mi,walleye,14,2025-04-05,22,3.177419,0.933333,3.177419,hypothetical_research_only
manistee_mi,walleye,14,2025-04-05,26,3.177419,0.700000,2.796371,hypothetical_research_only
manistee_mi,walleye,14,2025-04-05,30,3.177419,0.333333,2.197581,hypothetical_research_only
manistee_mi,walleye,15,2025-04-12,2,3.403226,0.675000,2.937601,hypothetical_research_only
manistee_mi,walleye,15,2025-04-12,6,3.403226,0.825000,3.207964,hypothetical_research_only
manistee_mi,walleye,15,2025-04-12,10,3.403226,0.950000,3.433266,hypothetical_research_only
manistee_mi,walleye,15,2025-04-12,14,3.403226,1.000000,3.523387,hypothetical_research_only
manistee_mi,walleye,15,2025-04-12,18,3.403226,1.000000,3.523387,hypothetical_research_only
manistee_mi,walleye,15,2025-04-12,22,3.403226,0.933333,3.403226,hypothetical_research_only
manistee_mi,walleye,15,2025-04-12,26,3.403226,0.700000,2.982661,hypothetical_research_only
manistee_mi,walleye,15,2025-04-12,30,3.403226,0.333333,2.321774,hypothetical_research_only
manistee_mi,walleye,16,2025-04-19,2,3.633333,0.675000,3.123125,hypothetical_research_only
manistee_mi,walleye,16,2025-04-19,6,3.633333,0.825000,3.419375,hypothetical_research_only
manistee_mi,walleye,16,2025-04-19,10,3.633333,0.950000,3.666250,hypothetical_research_only
manistee_mi,walleye,16,2025-04-19,14,3.633333,1.000000,3.765000,hypothetical_research_only
manistee_mi,walleye,16,2025-04-19,18,3.633333,1.000000,3.765000,hypothetical_research_only
manistee_mi,walleye,16,2025-04-19,22,3.633333,0.933333,3.633333,hypothetical_research_only
manistee_mi,walleye,16,2025-04-19,26,3.633333,0.700000,3.172500,hypothetical_research_only
manistee_mi,walleye,16,2025-04-19,30,3.633333,0.333333,2.448333,hypothetical_research_only
manistee_mi,walleye,17,2025-04-26,2,3.866667,0.675000,3.311250,hypothetical_research_only
manistee_mi,walleye,17,2025-04-26,6,3.866667,0.825000,3.633750,hypothetical_research_only
manistee_mi,walleye,17,2025-04-26,10,3.866667,0.950000,3.902500,hypothetical_research_only
manistee_mi,walleye,17,2025-04-26,14,3.866667,1.000000,4.010000,hypothetical_research_only
manistee_mi,walleye,17,2025-04-26,18,3.866667,1.000000,4.010000,hypothetical_research_only
manistee_mi,walleye,17,2025-04-26,22,3.866667,0.933333,3.866667,hypothetical_research_only
manistee_mi,walleye,17,2025-04-26,26,3.866667,0.700000,3.365000,hypothetical_research_only
manistee_mi,walleye,17,2025-04-26,30,3.866667,0.333333,2.576667,hypothetical_research_only
manistee_mi,walleye,18,2025-05-03,2,4.100000,0.675000,3.499375,hypothetical_research_only
manistee_mi,walleye,18,2025-05-03,6,4.100000,0.825000,3.848125,hypothetical_research_only
manistee_mi,walleye,18,2025-05-03,10,4.100000,0.950000,4.138750,hypothetical_research_only
manistee_mi,walleye,18,2025-05-03,14,4.100000,1.000000,4.255000,hypothetical_research_only
manistee_mi,walleye,18,2025-05-03,18,4.100000,1.000000,4.255000,hypothetical_research_only
manistee_mi,walleye,18,2025-05-03,22,4.100000,0.933333,4.100000,hypothetical_research_only
manistee_mi,walleye,18,2025-05-03,26,4.100000,0.700000,3.557500,hypothetical_research_only
manistee_mi,walleye,18,2025-05-03,30,4.100000,0.333333,2.705000,hypothetical_research_only
manistee_mi,walleye,19,2025-05-10,2,4.333333,0.675000,3.687500,hypothetical_research_only
manistee_mi,walleye,19,2025-05-10,6,4.333333,0.825000,4.062500,hypothetical_research_only
manistee_mi,walleye,19,2025-05-10,10,4.333333,0.950000,4.375000,hypothetical_research_only
manistee_mi,walleye,19,2025-05-10,14,4.333333,1.000000,4.500000,hypothetical_research_only
manistee_mi,walleye,19,2025-05-10,18,4.333333,1.000000,4.500000,hypothetical_research_only
manistee_mi,walleye,19,2025-05-10,22,4.333333,0.933333,4.333333,hypothetical_research_only
manistee_mi,walleye,19,2025-05-10,26,4.333333,0.700000,3.750000,hypothetical_research_only
manistee_mi,walleye,19,2025-05-10,30,4.333333,0.333333,2.833333,hypothetical_research_only
manistee_mi,walleye,20,2025-05-17,2,4.370968,0.675000,3.717843,hypothetical_research_only
manistee_mi,walleye,20,2025-05-17,6,4.370968,0.825000,4.097077,hypothetical_research_only
manistee_mi,walleye,20,2025-05-17,10,4.370968,0.950000,4.413105,hypothetical_research_only
manistee_mi,walleye,20,2025-05-17,14,4.370968,1.000000,4.539516,hypothetical_research_only
manistee_mi,walleye,20,2025-05-17,18,4.370968,1.000000,4.539516,hypothetical_research_only
manistee_mi,walleye,20,2025-05-17,22,4.370968,0.933333,4.370968,hypothetical_research_only
manistee_mi,walleye,20,2025-05-17,26,4.370968,0.700000,3.781048,hypothetical_research_only
manistee_mi,walleye,20,2025-05-17,30,4.370968,0.333333,2.854032,hypothetical_research_only
manistee_mi,walleye,21,2025-05-24,2,3.919355,0.675000,3.353730,hypothetical_research_only
manistee_mi,walleye,21,2025-05-24,6,3.919355,0.825000,3.682157,hypothetical_research_only
manistee_mi,walleye,21,2025-05-24,10,3.919355,0.950000,3.955847,hypothetical_research_only
manistee_mi,walleye,21,2025-05-24,14,3.919355,1.000000,4.065323,hypothetical_research_only
manistee_mi,walleye,21,2025-05-24,18,3.919355,1.000000,4.065323,hypothetical_research_only
manistee_mi,walleye,21,2025-05-24,22,3.919355,0.933333,3.919355,hypothetical_research_only
manistee_mi,walleye,21,2025-05-24,26,3.919355,0.700000,3.408468,hypothetical_research_only
manistee_mi,walleye,21,2025-05-24,30,3.919355,0.333333,2.605645,hypothetical_research_only
manistee_mi,walleye,22,2025-05-31,2,3.467742,0.675000,2.989617,hypothetical_research_only
manistee_mi,walleye,22,2025-05-31,6,3.467742,0.825000,3.267238,hypothetical_research_only
manistee_mi,walleye,22,2025-05-31,10,3.467742,0.950000,3.498589,hypothetical_research_only
manistee_mi,walleye,22,2025-05-31,14,3.467742,1.000000,3.591129,hypothetical_research_only
manistee_mi,walleye,22,2025-05-31,18,3.467742,1.000000,3.591129,hypothetical_research_only
manistee_mi,walleye,22,2025-05-31,22,3.467742,0.933333,3.467742,hypothetical_research_only
manistee_mi,walleye,22,2025-05-31,26,3.467742,0.700000,3.035887,hypothetical_research_only
manistee_mi,walleye,22,2025-05-31,30,3.467742,0.333333,2.357258,hypothetical_research_only
manistee_mi,walleye,23,2025-06-07,2,3.016129,0.675000,2.625504,hypothetical_research_only
manistee_mi,walleye,23,2025-06-07,6,3.016129,0.825000,2.852319,hypothetical_research_only
manistee_mi,walleye,23,2025-06-07,10,3.016129,0.950000,3.041331,hypothetical_research_only
manistee_mi,walleye,23,2025-06-07,14,3.016129,1.000000,3.116935,hypothetical_research_only
manistee_mi,walleye,23,2025-06-07,18,3.016129,1.000000,3.116935,hypothetical_research_only
manistee_mi,walleye,23,2025-06-07,22,3.016129,0.933333,3.016129,hypothetical_research_only
manistee_mi,walleye,23,2025-06-07,26,3.016129,0.700000,2.663306,hypothetical_research_only
manistee_mi,walleye,23,2025-06-07,30,3.016129,0.333333,2.108871,hypothetical_research_only
manistee_mi,walleye,24,2025-06-14,2,2.564516,0.675000,2.261391,hypothetical_research_only
manistee_mi,walleye,24,2025-06-14,6,2.564516,0.825000,2.437399,hypothetical_research_only
manistee_mi,walleye,24,2025-06-14,10,2.564516,0.950000,2.584073,hypothetical_research_only
manistee_mi,walleye,24,2025-06-14,14,2.564516,1.000000,2.642742,hypothetical_research_only
manistee_mi,walleye,24,2025-06-14,18,2.564516,1.000000,2.642742,hypothetical_research_only
manistee_mi,walleye,24,2025-06-14,22,2.564516,0.933333,2.564516,hypothetical_research_only
manistee_mi,walleye,24,2025-06-14,26,2.564516,0.700000,2.290726,hypothetical_research_only
manistee_mi,walleye,24,2025-06-14,30,2.564516,0.333333,1.860484,hypothetical_research_only
manistee_mi,walleye,25,2025-06-21,2,2.500000,0.675000,2.209375,hypothetical_research_only
manistee_mi,walleye,25,2025-06-21,6,2.500000,0.825000,2.378125,hypothetical_research_only
manistee_mi,walleye,25,2025-06-21,10,2.500000,0.950000,2.518750,hypothetical_research_only
manistee_mi,walleye,25,2025-06-21,14,2.500000,1.000000,2.575000,hypothetical_research_only
manistee_mi,walleye,25,2025-06-21,18,2.500000,1.000000,2.575000,hypothetical_research_only
manistee_mi,walleye,25,2025-06-21,22,2.500000,0.933333,2.500000,hypothetical_research_only
manistee_mi,walleye,25,2025-06-21,26,2.500000,0.700000,2.237500,hypothetical_research_only
manistee_mi,walleye,25,2025-06-21,30,2.500000,0.333333,1.825000,hypothetical_research_only
manistee_mi,walleye,26,2025-06-28,2,2.500000,0.675000,2.209375,hypothetical_research_only
manistee_mi,walleye,26,2025-06-28,6,2.500000,0.825000,2.378125,hypothetical_research_only
manistee_mi,walleye,26,2025-06-28,10,2.500000,0.950000,2.518750,hypothetical_research_only
manistee_mi,walleye,26,2025-06-28,14,2.500000,1.000000,2.575000,hypothetical_research_only
manistee_mi,walleye,26,2025-06-28,18,2.500000,1.000000,2.575000,hypothetical_research_only
manistee_mi,walleye,26,2025-06-28,22,2.500000,0.933333,2.500000,hypothetical_research_only
manistee_mi,walleye,26,2025-06-28,26,2.500000,0.700000,2.237500,hypothetical_research_only
manistee_mi,walleye,26,2025-06-28,30,2.500000,0.333333,1.825000,hypothetical_research_only
manistee_mi,walleye,27,2025-07-05,2,2.500000,0.675000,2.209375,hypothetical_research_only
manistee_mi,walleye,27,2025-07-05,6,2.500000,0.825000,2.378125,hypothetical_research_only
manistee_mi,walleye,27,2025-07-05,10,2.500000,0.950000,2.518750,hypothetical_research_only
manistee_mi,walleye,27,2025-07-05,14,2.500000,1.000000,2.575000,hypothetical_research_only
manistee_mi,walleye,27,2025-07-05,18,2.500000,1.000000,2.575000,hypothetical_research_only
manistee_mi,walleye,27,2025-07-05,22,2.500000,0.933333,2.500000,hypothetical_research_only
manistee_mi,walleye,27,2025-07-05,26,2.500000,0.700000,2.237500,hypothetical_research_only
manistee_mi,walleye,27,2025-07-05,30,2.500000,0.333333,1.825000,hypothetical_research_only
manistee_mi,walleye,28,2025-07-12,2,2.500000,0.675000,2.209375,hypothetical_research_only
manistee_mi,walleye,28,2025-07-12,6,2.500000,0.825000,2.378125,hypothetical_research_only
manistee_mi,walleye,28,2025-07-12,10,2.500000,0.950000,2.518750,hypothetical_research_only
manistee_mi,walleye,28,2025-07-12,14,2.500000,1.000000,2.575000,hypothetical_research_only
manistee_mi,walleye,28,2025-07-12,18,2.500000,1.000000,2.575000,hypothetical_research_only
manistee_mi,walleye,28,2025-07-12,22,2.500000,0.933333,2.500000,hypothetical_research_only
manistee_mi,walleye,28,2025-07-12,26,2.500000,0.700000,2.237500,hypothetical_research_only
manistee_mi,walleye,28,2025-07-12,30,2.500000,0.333333,1.825000,hypothetical_research_only
manistee_mi,walleye,29,2025-07-19,2,2.435484,0.675000,2.157359,hypothetical_research_only
manistee_mi,walleye,29,2025-07-19,6,2.435484,0.825000,2.318851,hypothetical_research_only
manistee_mi,walleye,29,2025-07-19,10,2.435484,0.950000,2.453427,hypothetical_research_only
manistee_mi,walleye,29,2025-07-19,14,2.435484,1.000000,2.507258,hypothetical_research_only
manistee_mi,walleye,29,2025-07-19,18,2.435484,1.000000,2.507258,hypothetical_research_only
manistee_mi,walleye,29,2025-07-19,22,2.435484,0.933333,2.435484,hypothetical_research_only
manistee_mi,walleye,29,2025-07-19,26,2.435484,0.700000,2.184274,hypothetical_research_only
manistee_mi,walleye,29,2025-07-19,30,2.435484,0.333333,1.789516,hypothetical_research_only
manistee_mi,walleye,30,2025-07-26,2,2.322581,0.675000,2.066331,hypothetical_research_only
manistee_mi,walleye,30,2025-07-26,6,2.322581,0.825000,2.215121,hypothetical_research_only
manistee_mi,walleye,30,2025-07-26,10,2.322581,0.950000,2.339113,hypothetical_research_only
manistee_mi,walleye,30,2025-07-26,14,2.322581,1.000000,2.388710,hypothetical_research_only
manistee_mi,walleye,30,2025-07-26,18,2.322581,1.000000,2.388710,hypothetical_research_only
manistee_mi,walleye,30,2025-07-26,22,2.322581,0.933333,2.322581,hypothetical_research_only
manistee_mi,walleye,30,2025-07-26,26,2.322581,0.700000,2.091129,hypothetical_research_only
manistee_mi,walleye,30,2025-07-26,30,2.322581,0.333333,1.727419,hypothetical_research_only
manistee_mi,walleye,31,2025-08-02,2,2.209677,0.675000,1.975302,hypothetical_research_only
manistee_mi,walleye,31,2025-08-02,6,2.209677,0.825000,2.111391,hypothetical_research_only
manistee_mi,walleye,31,2025-08-02,10,2.209677,0.950000,2.224798,hypothetical_research_only
manistee_mi,walleye,31,2025-08-02,14,2.209677,1.000000,2.270161,hypothetical_research_only
manistee_mi,walleye,31,2025-08-02,18,2.209677,1.000000,2.270161,hypothetical_research_only
manistee_mi,walleye,31,2025-08-02,22,2.209677,0.933333,2.209677,hypothetical_research_only
manistee_mi,walleye,31,2025-08-02,26,2.209677,0.700000,1.997984,hypothetical_research_only
manistee_mi,walleye,31,2025-08-02,30,2.209677,0.333333,1.665323,hypothetical_research_only
manistee_mi,walleye,32,2025-08-09,2,2.096774,0.675000,1.884274,hypothetical_research_only
manistee_mi,walleye,32,2025-08-09,6,2.096774,0.825000,2.007661,hypothetical_research_only
manistee_mi,walleye,32,2025-08-09,10,2.096774,0.950000,2.110484,hypothetical_research_only
manistee_mi,walleye,32,2025-08-09,14,2.096774,1.000000,2.151613,hypothetical_research_only
manistee_mi,walleye,32,2025-08-09,18,2.096774,1.000000,2.151613,hypothetical_research_only
manistee_mi,walleye,32,2025-08-09,22,2.096774,0.933333,2.096774,hypothetical_research_only
manistee_mi,walleye,32,2025-08-09,26,2.096774,0.700000,1.904839,hypothetical_research_only
manistee_mi,walleye,32,2025-08-09,30,2.096774,0.333333,1.603226,hypothetical_research_only
manistee_mi,walleye,33,2025-08-16,2,2.000000,0.675000,1.806250,hypothetical_research_only
manistee_mi,walleye,33,2025-08-16,6,2.000000,0.825000,1.918750,hypothetical_research_only
manistee_mi,walleye,33,2025-08-16,10,2.000000,0.950000,2.012500,hypothetical_research_only
manistee_mi,walleye,33,2025-08-16,14,2.000000,1.000000,2.050000,hypothetical_research_only
manistee_mi,walleye,33,2025-08-16,18,2.000000,1.000000,2.050000,hypothetical_research_only
manistee_mi,walleye,33,2025-08-16,22,2.000000,0.933333,2.000000,hypothetical_research_only
manistee_mi,walleye,33,2025-08-16,26,2.000000,0.700000,1.825000,hypothetical_research_only
manistee_mi,walleye,33,2025-08-16,30,2.000000,0.333333,1.550000,hypothetical_research_only
manistee_mi,walleye,34,2025-08-23,2,2.000000,0.675000,1.806250,hypothetical_research_only
manistee_mi,walleye,34,2025-08-23,6,2.000000,0.825000,1.918750,hypothetical_research_only
manistee_mi,walleye,34,2025-08-23,10,2.000000,0.950000,2.012500,hypothetical_research_only
manistee_mi,walleye,34,2025-08-23,14,2.000000,1.000000,2.050000,hypothetical_research_only
manistee_mi,walleye,34,2025-08-23,18,2.000000,1.000000,2.050000,hypothetical_research_only
manistee_mi,walleye,34,2025-08-23,22,2.000000,0.933333,2.000000,hypothetical_research_only
manistee_mi,walleye,34,2025-08-23,26,2.000000,0.700000,1.825000,hypothetical_research_only
manistee_mi,walleye,34,2025-08-23,30,2.000000,0.333333,1.550000,hypothetical_research_only
manistee_mi,walleye,35,2025-08-30,2,2.000000,0.675000,1.806250,hypothetical_research_only
manistee_mi,walleye,35,2025-08-30,6,2.000000,0.825000,1.918750,hypothetical_research_only
manistee_mi,walleye,35,2025-08-30,10,2.000000,0.950000,2.012500,hypothetical_research_only
manistee_mi,walleye,35,2025-08-30,14,2.000000,1.000000,2.050000,hypothetical_research_only
manistee_mi,walleye,35,2025-08-30,18,2.000000,1.000000,2.050000,hypothetical_research_only
manistee_mi,walleye,35,2025-08-30,22,2.000000,0.933333,2.000000,hypothetical_research_only
manistee_mi,walleye,35,2025-08-30,26,2.000000,0.700000,1.825000,hypothetical_research_only
manistee_mi,walleye,35,2025-08-30,30,2.000000,0.333333,1.550000,hypothetical_research_only
manistee_mi,walleye,36,2025-09-06,2,2.000000,0.675000,1.806250,hypothetical_research_only
manistee_mi,walleye,36,2025-09-06,6,2.000000,0.825000,1.918750,hypothetical_research_only
manistee_mi,walleye,36,2025-09-06,10,2.000000,0.950000,2.012500,hypothetical_research_only
manistee_mi,walleye,36,2025-09-06,14,2.000000,1.000000,2.050000,hypothetical_research_only
manistee_mi,walleye,36,2025-09-06,18,2.000000,1.000000,2.050000,hypothetical_research_only
manistee_mi,walleye,36,2025-09-06,22,2.000000,0.933333,2.000000,hypothetical_research_only
manistee_mi,walleye,36,2025-09-06,26,2.000000,0.700000,1.825000,hypothetical_research_only
manistee_mi,walleye,36,2025-09-06,30,2.000000,0.333333,1.550000,hypothetical_research_only
manistee_mi,walleye,37,2025-09-13,2,2.000000,0.675000,1.806250,hypothetical_research_only
manistee_mi,walleye,37,2025-09-13,6,2.000000,0.825000,1.918750,hypothetical_research_only
manistee_mi,walleye,37,2025-09-13,10,2.000000,0.950000,2.012500,hypothetical_research_only
manistee_mi,walleye,37,2025-09-13,14,2.000000,1.000000,2.050000,hypothetical_research_only
manistee_mi,walleye,37,2025-09-13,18,2.000000,1.000000,2.050000,hypothetical_research_only
manistee_mi,walleye,37,2025-09-13,22,2.000000,0.933333,2.000000,hypothetical_research_only
manistee_mi,walleye,37,2025-09-13,26,2.000000,0.700000,1.825000,hypothetical_research_only
manistee_mi,walleye,37,2025-09-13,30,2.000000,0.333333,1.550000,hypothetical_research_only
manistee_mi,walleye,38,2025-09-20,2,2.000000,0.675000,1.806250,hypothetical_research_only
manistee_mi,walleye,38,2025-09-20,6,2.000000,0.825000,1.918750,hypothetical_research_only
manistee_mi,walleye,38,2025-09-20,10,2.000000,0.950000,2.012500,hypothetical_research_only
manistee_mi,walleye,38,2025-09-20,14,2.000000,1.000000,2.050000,hypothetical_research_only
manistee_mi,walleye,38,2025-09-20,18,2.000000,1.000000,2.050000,hypothetical_research_only
manistee_mi,walleye,38,2025-09-20,22,2.000000,0.933333,2.000000,hypothetical_research_only
manistee_mi,walleye,38,2025-09-20,26,2.000000,0.700000,1.825000,hypothetical_research_only
manistee_mi,walleye,38,2025-09-20,30,2.000000,0.333333,1.550000,hypothetical_research_only
manistee_mi,walleye,39,2025-09-27,2,2.000000,0.675000,1.806250,hypothetical_research_only
manistee_mi,walleye,39,2025-09-27,6,2.000000,0.825000,1.918750,hypothetical_research_only
manistee_mi,walleye,39,2025-09-27,10,2.000000,0.950000,2.012500,hypothetical_research_only
manistee_mi,walleye,39,2025-09-27,14,2.000000,1.000000,2.050000,hypothetical_research_only
manistee_mi,walleye,39,2025-09-27,18,2.000000,1.000000,2.050000,hypothetical_research_only
manistee_mi,walleye,39,2025-09-27,22,2.000000,0.933333,2.000000,hypothetical_research_only
manistee_mi,walleye,39,2025-09-27,26,2.000000,0.700000,1.825000,hypothetical_research_only
manistee_mi,walleye,39,2025-09-27,30,2.000000,0.333333,1.550000,hypothetical_research_only
manistee_mi,walleye,40,2025-10-04,2,2.000000,0.675000,1.806250,hypothetical_research_only
manistee_mi,walleye,40,2025-10-04,6,2.000000,0.825000,1.918750,hypothetical_research_only
manistee_mi,walleye,40,2025-10-04,10,2.000000,0.950000,2.012500,hypothetical_research_only
manistee_mi,walleye,40,2025-10-04,14,2.000000,1.000000,2.050000,hypothetical_research_only
manistee_mi,walleye,40,2025-10-04,18,2.000000,1.000000,2.050000,hypothetical_research_only
manistee_mi,walleye,40,2025-10-04,22,2.000000,0.933333,2.000000,hypothetical_research_only
manistee_mi,walleye,40,2025-10-04,26,2.000000,0.700000,1.825000,hypothetical_research_only
manistee_mi,walleye,40,2025-10-04,30,2.000000,0.333333,1.550000,hypothetical_research_only
manistee_mi,walleye,41,2025-10-11,2,2.000000,0.675000,1.806250,hypothetical_research_only
manistee_mi,walleye,41,2025-10-11,6,2.000000,0.825000,1.918750,hypothetical_research_only
manistee_mi,walleye,41,2025-10-11,10,2.000000,0.950000,2.012500,hypothetical_research_only
manistee_mi,walleye,41,2025-10-11,14,2.000000,1.000000,2.050000,hypothetical_research_only
manistee_mi,walleye,41,2025-10-11,18,2.000000,1.000000,2.050000,hypothetical_research_only
manistee_mi,walleye,41,2025-10-11,22,2.000000,0.933333,2.000000,hypothetical_research_only
manistee_mi,walleye,41,2025-10-11,26,2.000000,0.700000,1.825000,hypothetical_research_only
manistee_mi,walleye,41,2025-10-11,30,2.000000,0.333333,1.550000,hypothetical_research_only
manistee_mi,walleye,42,2025-10-18,2,2.000000,0.675000,1.806250,hypothetical_research_only
manistee_mi,walleye,42,2025-10-18,6,2.000000,0.825000,1.918750,hypothetical_research_only
manistee_mi,walleye,42,2025-10-18,10,2.000000,0.950000,2.012500,hypothetical_research_only
manistee_mi,walleye,42,2025-10-18,14,2.000000,1.000000,2.050000,hypothetical_research_only
manistee_mi,walleye,42,2025-10-18,18,2.000000,1.000000,2.050000,hypothetical_research_only
manistee_mi,walleye,42,2025-10-18,22,2.000000,0.933333,2.000000,hypothetical_research_only
manistee_mi,walleye,42,2025-10-18,26,2.000000,0.700000,1.825000,hypothetical_research_only
manistee_mi,walleye,42,2025-10-18,30,2.000000,0.333333,1.550000,hypothetical_research_only
manistee_mi,walleye,43,2025-10-25,2,2.000000,0.675000,1.806250,hypothetical_research_only
manistee_mi,walleye,43,2025-10-25,6,2.000000,0.825000,1.918750,hypothetical_research_only
manistee_mi,walleye,43,2025-10-25,10,2.000000,0.950000,2.012500,hypothetical_research_only
manistee_mi,walleye,43,2025-10-25,14,2.000000,1.000000,2.050000,hypothetical_research_only
manistee_mi,walleye,43,2025-10-25,18,2.000000,1.000000,2.050000,hypothetical_research_only
manistee_mi,walleye,43,2025-10-25,22,2.000000,0.933333,2.000000,hypothetical_research_only
manistee_mi,walleye,43,2025-10-25,26,2.000000,0.700000,1.825000,hypothetical_research_only
manistee_mi,walleye,43,2025-10-25,30,2.000000,0.333333,1.550000,hypothetical_research_only
manistee_mi,walleye,44,2025-11-01,2,2.000000,0.675000,1.806250,hypothetical_research_only
manistee_mi,walleye,44,2025-11-01,6,2.000000,0.825000,1.918750,hypothetical_research_only
manistee_mi,walleye,44,2025-11-01,10,2.000000,0.950000,2.012500,hypothetical_research_only
manistee_mi,walleye,44,2025-11-01,14,2.000000,1.000000,2.050000,hypothetical_research_only
manistee_mi,walleye,44,2025-11-01,18,2.000000,1.000000,2.050000,hypothetical_research_only
manistee_mi,walleye,44,2025-11-01,22,2.000000,0.933333,2.000000,hypothetical_research_only
manistee_mi,walleye,44,2025-11-01,26,2.000000,0.700000,1.825000,hypothetical_research_only
manistee_mi,walleye,44,2025-11-01,30,2.000000,0.333333,1.550000,hypothetical_research_only
manistee_mi,walleye,45,2025-11-08,2,2.000000,0.675000,1.806250,hypothetical_research_only
manistee_mi,walleye,45,2025-11-08,6,2.000000,0.825000,1.918750,hypothetical_research_only
manistee_mi,walleye,45,2025-11-08,10,2.000000,0.950000,2.012500,hypothetical_research_only
manistee_mi,walleye,45,2025-11-08,14,2.000000,1.000000,2.050000,hypothetical_research_only
manistee_mi,walleye,45,2025-11-08,18,2.000000,1.000000,2.050000,hypothetical_research_only
manistee_mi,walleye,45,2025-11-08,22,2.000000,0.933333,2.000000,hypothetical_research_only
manistee_mi,walleye,45,2025-11-08,26,2.000000,0.700000,1.825000,hypothetical_research_only
manistee_mi,walleye,45,2025-11-08,30,2.000000,0.333333,1.550000,hypothetical_research_only
manistee_mi,walleye,46,2025-11-15,2,2.000000,0.675000,1.806250,hypothetical_research_only
manistee_mi,walleye,46,2025-11-15,6,2.000000,0.825000,1.918750,hypothetical_research_only
manistee_mi,walleye,46,2025-11-15,10,2.000000,0.950000,2.012500,hypothetical_research_only
manistee_mi,walleye,46,2025-11-15,14,2.000000,1.000000,2.050000,hypothetical_research_only
manistee_mi,walleye,46,2025-11-15,18,2.000000,1.000000,2.050000,hypothetical_research_only
manistee_mi,walleye,46,2025-11-15,22,2.000000,0.933333,2.000000,hypothetical_research_only
manistee_mi,walleye,46,2025-11-15,26,2.000000,0.700000,1.825000,hypothetical_research_only
manistee_mi,walleye,46,2025-11-15,30,2.000000,0.333333,1.550000,hypothetical_research_only
manistee_mi,walleye,47,2025-11-22,2,2.000000,0.675000,1.806250,hypothetical_research_only
manistee_mi,walleye,47,2025-11-22,6,2.000000,0.825000,1.918750,hypothetical_research_only
manistee_mi,walleye,47,2025-11-22,10,2.000000,0.950000,2.012500,hypothetical_research_only
manistee_mi,walleye,47,2025-11-22,14,2.000000,1.000000,2.050000,hypothetical_research_only
manistee_mi,walleye,47,2025-11-22,18,2.000000,1.000000,2.050000,hypothetical_research_only
manistee_mi,walleye,47,2025-11-22,22,2.000000,0.933333,2.000000,hypothetical_research_only
manistee_mi,walleye,47,2025-11-22,26,2.000000,0.700000,1.825000,hypothetical_research_only
manistee_mi,walleye,47,2025-11-22,30,2.000000,0.333333,1.550000,hypothetical_research_only
manistee_mi,walleye,48,2025-11-29,2,2.000000,0.675000,1.806250,hypothetical_research_only
manistee_mi,walleye,48,2025-11-29,6,2.000000,0.825000,1.918750,hypothetical_research_only
manistee_mi,walleye,48,2025-11-29,10,2.000000,0.950000,2.012500,hypothetical_research_only
manistee_mi,walleye,48,2025-11-29,14,2.000000,1.000000,2.050000,hypothetical_research_only
manistee_mi,walleye,48,2025-11-29,18,2.000000,1.000000,2.050000,hypothetical_research_only
manistee_mi,walleye,48,2025-11-29,22,2.000000,0.933333,2.000000,hypothetical_research_only
manistee_mi,walleye,48,2025-11-29,26,2.000000,0.700000,1.825000,hypothetical_research_only
manistee_mi,walleye,48,2025-11-29,30,2.000000,0.333333,1.550000,hypothetical_research_only
manistee_mi,walleye,49,2025-12-06,2,2.000000,0.675000,1.806250,hypothetical_research_only
manistee_mi,walleye,49,2025-12-06,6,2.000000,0.825000,1.918750,hypothetical_research_only
manistee_mi,walleye,49,2025-12-06,10,2.000000,0.950000,2.012500,hypothetical_research_only
manistee_mi,walleye,49,2025-12-06,14,2.000000,1.000000,2.050000,hypothetical_research_only
manistee_mi,walleye,49,2025-12-06,18,2.000000,1.000000,2.050000,hypothetical_research_only
manistee_mi,walleye,49,2025-12-06,22,2.000000,0.933333,2.000000,hypothetical_research_only
manistee_mi,walleye,49,2025-12-06,26,2.000000,0.700000,1.825000,hypothetical_research_only
manistee_mi,walleye,49,2025-12-06,30,2.000000,0.333333,1.550000,hypothetical_research_only
manistee_mi,walleye,50,2025-12-13,2,2.000000,0.675000,1.806250,hypothetical_research_only
manistee_mi,walleye,50,2025-12-13,6,2.000000,0.825000,1.918750,hypothetical_research_only
manistee_mi,walleye,50,2025-12-13,10,2.000000,0.950000,2.012500,hypothetical_research_only
manistee_mi,walleye,50,2025-12-13,14,2.000000,1.000000,2.050000,hypothetical_research_only
manistee_mi,walleye,50,2025-12-13,18,2.000000,1.000000,2.050000,hypothetical_research_only
manistee_mi,walleye,50,2025-12-13,22,2.000000,0.933333,2.000000,hypothetical_research_only
manistee_mi,walleye,50,2025-12-13,26,2.000000,0.700000,1.825000,hypothetical_research_only
manistee_mi,walleye,50,2025-12-13,30,2.000000,0.333333,1.550000,hypothetical_research_only
manistee_mi,walleye,51,2025-12-20,2,2.000000,0.675000,1.806250,hypothetical_research_only
manistee_mi,walleye,51,2025-12-20,6,2.000000,0.825000,1.918750,hypothetical_research_only
manistee_mi,walleye,51,2025-12-20,10,2.000000,0.950000,2.012500,hypothetical_research_only
manistee_mi,walleye,51,2025-12-20,14,2.000000,1.000000,2.050000,hypothetical_research_only
manistee_mi,walleye,51,2025-12-20,18,2.000000,1.000000,2.050000,hypothetical_research_only
manistee_mi,walleye,51,2025-12-20,22,2.000000,0.933333,2.000000,hypothetical_research_only
manistee_mi,walleye,51,2025-12-20,26,2.000000,0.700000,1.825000,hypothetical_research_only
manistee_mi,walleye,51,2025-12-20,30,2.000000,0.333333,1.550000,hypothetical_research_only
manistee_mi,walleye,52,2025-12-27,2,2.000000,0.675000,1.806250,hypothetical_research_only
manistee_mi,walleye,52,2025-12-27,6,2.000000,0.825000,1.918750,hypothetical_research_only
manistee_mi,walleye,52,2025-12-27,10,2.000000,0.950000,2.012500,hypothetical_research_only
manistee_mi,walleye,52,2025-12-27,14,2.000000,1.000000,2.050000,hypothetical_research_only
manistee_mi,walleye,52,2025-12-27,18,2.000000,1.000000,2.050000,hypothetical_research_only
manistee_mi,walleye,52,2025-12-27,22,2.000000,0.933333,2.000000,hypothetical_research_only
manistee_mi,walleye,52,2025-12-27,26,2.000000,0.700000,1.825000,hypothetical_research_only
manistee_mi,walleye,52,2025-12-27,30,2.000000,0.333333,1.550000,hypothetical_research_only
manistee_mi,smallmouth_bass,1,2025-01-04,2,1.500000,0.400000,1.300000,hypothetical_research_only
manistee_mi,smallmouth_bass,1,2025-01-04,6,1.500000,0.525000,1.346875,hypothetical_research_only
manistee_mi,smallmouth_bass,1,2025-01-04,10,1.500000,0.675000,1.403125,hypothetical_research_only
manistee_mi,smallmouth_bass,1,2025-01-04,14,1.500000,0.825000,1.459375,hypothetical_research_only
manistee_mi,smallmouth_bass,1,2025-01-04,18,1.500000,0.950000,1.506250,hypothetical_research_only
manistee_mi,smallmouth_bass,1,2025-01-04,22,1.500000,1.000000,1.525000,hypothetical_research_only
manistee_mi,smallmouth_bass,1,2025-01-04,26,1.500000,1.000000,1.525000,hypothetical_research_only
manistee_mi,smallmouth_bass,1,2025-01-04,30,1.500000,0.766667,1.437500,hypothetical_research_only
manistee_mi,smallmouth_bass,2,2025-01-11,2,1.500000,0.400000,1.300000,hypothetical_research_only
manistee_mi,smallmouth_bass,2,2025-01-11,6,1.500000,0.525000,1.346875,hypothetical_research_only
manistee_mi,smallmouth_bass,2,2025-01-11,10,1.500000,0.675000,1.403125,hypothetical_research_only
manistee_mi,smallmouth_bass,2,2025-01-11,14,1.500000,0.825000,1.459375,hypothetical_research_only
manistee_mi,smallmouth_bass,2,2025-01-11,18,1.500000,0.950000,1.506250,hypothetical_research_only
manistee_mi,smallmouth_bass,2,2025-01-11,22,1.500000,1.000000,1.525000,hypothetical_research_only
manistee_mi,smallmouth_bass,2,2025-01-11,26,1.500000,1.000000,1.525000,hypothetical_research_only
manistee_mi,smallmouth_bass,2,2025-01-11,30,1.500000,0.766667,1.437500,hypothetical_research_only
manistee_mi,smallmouth_bass,3,2025-01-18,2,1.500000,0.400000,1.300000,hypothetical_research_only
manistee_mi,smallmouth_bass,3,2025-01-18,6,1.500000,0.525000,1.346875,hypothetical_research_only
manistee_mi,smallmouth_bass,3,2025-01-18,10,1.500000,0.675000,1.403125,hypothetical_research_only
manistee_mi,smallmouth_bass,3,2025-01-18,14,1.500000,0.825000,1.459375,hypothetical_research_only
manistee_mi,smallmouth_bass,3,2025-01-18,18,1.500000,0.950000,1.506250,hypothetical_research_only
manistee_mi,smallmouth_bass,3,2025-01-18,22,1.500000,1.000000,1.525000,hypothetical_research_only
manistee_mi,smallmouth_bass,3,2025-01-18,26,1.500000,1.000000,1.525000,hypothetical_research_only
manistee_mi,smallmouth_bass,3,2025-01-18,30,1.500000,0.766667,1.437500,hypothetical_research_only
manistee_mi,smallmouth_bass,4,2025-01-25,2,1.500000,0.400000,1.300000,hypothetical_research_only
manistee_mi,smallmouth_bass,4,2025-01-25,6,1.500000,0.525000,1.346875,hypothetical_research_only
manistee_mi,smallmouth_bass,4,2025-01-25,10,1.500000,0.675000,1.403125,hypothetical_research_only
manistee_mi,smallmouth_bass,4,2025-01-25,14,1.500000,0.825000,1.459375,hypothetical_research_only
manistee_mi,smallmouth_bass,4,2025-01-25,18,1.500000,0.950000,1.506250,hypothetical_research_only
manistee_mi,smallmouth_bass,4,2025-01-25,22,1.500000,1.000000,1.525000,hypothetical_research_only
manistee_mi,smallmouth_bass,4,2025-01-25,26,1.500000,1.000000,1.525000,hypothetical_research_only
manistee_mi,smallmouth_bass,4,2025-01-25,30,1.500000,0.766667,1.437500,hypothetical_research_only
manistee_mi,smallmouth_bass,5,2025-02-01,2,1.500000,0.400000,1.300000,hypothetical_research_only
manistee_mi,smallmouth_bass,5,2025-02-01,6,1.500000,0.525000,1.346875,hypothetical_research_only
manistee_mi,smallmouth_bass,5,2025-02-01,10,1.500000,0.675000,1.403125,hypothetical_research_only
manistee_mi,smallmouth_bass,5,2025-02-01,14,1.500000,0.825000,1.459375,hypothetical_research_only
manistee_mi,smallmouth_bass,5,2025-02-01,18,1.500000,0.950000,1.506250,hypothetical_research_only
manistee_mi,smallmouth_bass,5,2025-02-01,22,1.500000,1.000000,1.525000,hypothetical_research_only
manistee_mi,smallmouth_bass,5,2025-02-01,26,1.500000,1.000000,1.525000,hypothetical_research_only
manistee_mi,smallmouth_bass,5,2025-02-01,30,1.500000,0.766667,1.437500,hypothetical_research_only
manistee_mi,smallmouth_bass,6,2025-02-08,2,1.500000,0.400000,1.300000,hypothetical_research_only
manistee_mi,smallmouth_bass,6,2025-02-08,6,1.500000,0.525000,1.346875,hypothetical_research_only
manistee_mi,smallmouth_bass,6,2025-02-08,10,1.500000,0.675000,1.403125,hypothetical_research_only
manistee_mi,smallmouth_bass,6,2025-02-08,14,1.500000,0.825000,1.459375,hypothetical_research_only
manistee_mi,smallmouth_bass,6,2025-02-08,18,1.500000,0.950000,1.506250,hypothetical_research_only
manistee_mi,smallmouth_bass,6,2025-02-08,22,1.500000,1.000000,1.525000,hypothetical_research_only
manistee_mi,smallmouth_bass,6,2025-02-08,26,1.500000,1.000000,1.525000,hypothetical_research_only
manistee_mi,smallmouth_bass,6,2025-02-08,30,1.500000,0.766667,1.437500,hypothetical_research_only
manistee_mi,smallmouth_bass,7,2025-02-15,2,1.500000,0.400000,1.300000,hypothetical_research_only
manistee_mi,smallmouth_bass,7,2025-02-15,6,1.500000,0.525000,1.346875,hypothetical_research_only
manistee_mi,smallmouth_bass,7,2025-02-15,10,1.500000,0.675000,1.403125,hypothetical_research_only
manistee_mi,smallmouth_bass,7,2025-02-15,14,1.500000,0.825000,1.459375,hypothetical_research_only
manistee_mi,smallmouth_bass,7,2025-02-15,18,1.500000,0.950000,1.506250,hypothetical_research_only
manistee_mi,smallmouth_bass,7,2025-02-15,22,1.500000,1.000000,1.525000,hypothetical_research_only
manistee_mi,smallmouth_bass,7,2025-02-15,26,1.500000,1.000000,1.525000,hypothetical_research_only
manistee_mi,smallmouth_bass,7,2025-02-15,30,1.500000,0.766667,1.437500,hypothetical_research_only
manistee_mi,smallmouth_bass,8,2025-02-22,2,1.500000,0.400000,1.300000,hypothetical_research_only
manistee_mi,smallmouth_bass,8,2025-02-22,6,1.500000,0.525000,1.346875,hypothetical_research_only
manistee_mi,smallmouth_bass,8,2025-02-22,10,1.500000,0.675000,1.403125,hypothetical_research_only
manistee_mi,smallmouth_bass,8,2025-02-22,14,1.500000,0.825000,1.459375,hypothetical_research_only
manistee_mi,smallmouth_bass,8,2025-02-22,18,1.500000,0.950000,1.506250,hypothetical_research_only
manistee_mi,smallmouth_bass,8,2025-02-22,22,1.500000,1.000000,1.525000,hypothetical_research_only
manistee_mi,smallmouth_bass,8,2025-02-22,26,1.500000,1.000000,1.525000,hypothetical_research_only
manistee_mi,smallmouth_bass,8,2025-02-22,30,1.500000,0.766667,1.437500,hypothetical_research_only
manistee_mi,smallmouth_bass,9,2025-03-01,2,1.500000,0.400000,1.300000,hypothetical_research_only
manistee_mi,smallmouth_bass,9,2025-03-01,6,1.500000,0.525000,1.346875,hypothetical_research_only
manistee_mi,smallmouth_bass,9,2025-03-01,10,1.500000,0.675000,1.403125,hypothetical_research_only
manistee_mi,smallmouth_bass,9,2025-03-01,14,1.500000,0.825000,1.459375,hypothetical_research_only
manistee_mi,smallmouth_bass,9,2025-03-01,18,1.500000,0.950000,1.506250,hypothetical_research_only
manistee_mi,smallmouth_bass,9,2025-03-01,22,1.500000,1.000000,1.525000,hypothetical_research_only
manistee_mi,smallmouth_bass,9,2025-03-01,26,1.500000,1.000000,1.525000,hypothetical_research_only
manistee_mi,smallmouth_bass,9,2025-03-01,30,1.500000,0.766667,1.437500,hypothetical_research_only
manistee_mi,smallmouth_bass,10,2025-03-08,2,1.500000,0.400000,1.300000,hypothetical_research_only
manistee_mi,smallmouth_bass,10,2025-03-08,6,1.500000,0.525000,1.346875,hypothetical_research_only
manistee_mi,smallmouth_bass,10,2025-03-08,10,1.500000,0.675000,1.403125,hypothetical_research_only
manistee_mi,smallmouth_bass,10,2025-03-08,14,1.500000,0.825000,1.459375,hypothetical_research_only
manistee_mi,smallmouth_bass,10,2025-03-08,18,1.500000,0.950000,1.506250,hypothetical_research_only
manistee_mi,smallmouth_bass,10,2025-03-08,22,1.500000,1.000000,1.525000,hypothetical_research_only
manistee_mi,smallmouth_bass,10,2025-03-08,26,1.500000,1.000000,1.525000,hypothetical_research_only
manistee_mi,smallmouth_bass,10,2025-03-08,30,1.500000,0.766667,1.437500,hypothetical_research_only
manistee_mi,smallmouth_bass,11,2025-03-15,2,1.500000,0.400000,1.300000,hypothetical_research_only
manistee_mi,smallmouth_bass,11,2025-03-15,6,1.500000,0.525000,1.346875,hypothetical_research_only
manistee_mi,smallmouth_bass,11,2025-03-15,10,1.500000,0.675000,1.403125,hypothetical_research_only
manistee_mi,smallmouth_bass,11,2025-03-15,14,1.500000,0.825000,1.459375,hypothetical_research_only
manistee_mi,smallmouth_bass,11,2025-03-15,18,1.500000,0.950000,1.506250,hypothetical_research_only
manistee_mi,smallmouth_bass,11,2025-03-15,22,1.500000,1.000000,1.525000,hypothetical_research_only
manistee_mi,smallmouth_bass,11,2025-03-15,26,1.500000,1.000000,1.525000,hypothetical_research_only
manistee_mi,smallmouth_bass,11,2025-03-15,30,1.500000,0.766667,1.437500,hypothetical_research_only
manistee_mi,smallmouth_bass,12,2025-03-22,2,1.612903,0.400000,1.367742,hypothetical_research_only
manistee_mi,smallmouth_bass,12,2025-03-22,6,1.612903,0.525000,1.425202,hypothetical_research_only
manistee_mi,smallmouth_bass,12,2025-03-22,10,1.612903,0.675000,1.494153,hypothetical_research_only
manistee_mi,smallmouth_bass,12,2025-03-22,14,1.612903,0.825000,1.563105,hypothetical_research_only
manistee_mi,smallmouth_bass,12,2025-03-22,18,1.612903,0.950000,1.620565,hypothetical_research_only
manistee_mi,smallmouth_bass,12,2025-03-22,22,1.612903,1.000000,1.643548,hypothetical_research_only
manistee_mi,smallmouth_bass,12,2025-03-22,26,1.612903,1.000000,1.643548,hypothetical_research_only
manistee_mi,smallmouth_bass,12,2025-03-22,30,1.612903,0.766667,1.536290,hypothetical_research_only
manistee_mi,smallmouth_bass,13,2025-03-29,2,1.725806,0.400000,1.435484,hypothetical_research_only
manistee_mi,smallmouth_bass,13,2025-03-29,6,1.725806,0.525000,1.503528,hypothetical_research_only
manistee_mi,smallmouth_bass,13,2025-03-29,10,1.725806,0.675000,1.585181,hypothetical_research_only
manistee_mi,smallmouth_bass,13,2025-03-29,14,1.725806,0.825000,1.666835,hypothetical_research_only
manistee_mi,smallmouth_bass,13,2025-03-29,18,1.725806,0.950000,1.734879,hypothetical_research_only
manistee_mi,smallmouth_bass,13,2025-03-29,22,1.725806,1.000000,1.762097,hypothetical_research_only
manistee_mi,smallmouth_bass,13,2025-03-29,26,1.725806,1.000000,1.762097,hypothetical_research_only
manistee_mi,smallmouth_bass,13,2025-03-29,30,1.725806,0.766667,1.635081,hypothetical_research_only
manistee_mi,smallmouth_bass,14,2025-04-05,2,1.838710,0.400000,1.503226,hypothetical_research_only
manistee_mi,smallmouth_bass,14,2025-04-05,6,1.838710,0.525000,1.581855,hypothetical_research_only
manistee_mi,smallmouth_bass,14,2025-04-05,10,1.838710,0.675000,1.676210,hypothetical_research_only
manistee_mi,smallmouth_bass,14,2025-04-05,14,1.838710,0.825000,1.770565,hypothetical_research_only
manistee_mi,smallmouth_bass,14,2025-04-05,18,1.838710,0.950000,1.849194,hypothetical_research_only
manistee_mi,smallmouth_bass,14,2025-04-05,22,1.838710,1.000000,1.880645,hypothetical_research_only
manistee_mi,smallmouth_bass,14,2025-04-05,26,1.838710,1.000000,1.880645,hypothetical_research_only
manistee_mi,smallmouth_bass,14,2025-04-05,30,1.838710,0.766667,1.733871,hypothetical_research_only
manistee_mi,smallmouth_bass,15,2025-04-12,2,1.951613,0.400000,1.570968,hypothetical_research_only
manistee_mi,smallmouth_bass,15,2025-04-12,6,1.951613,0.525000,1.660181,hypothetical_research_only
manistee_mi,smallmouth_bass,15,2025-04-12,10,1.951613,0.675000,1.767238,hypothetical_research_only
manistee_mi,smallmouth_bass,15,2025-04-12,14,1.951613,0.825000,1.874294,hypothetical_research_only
manistee_mi,smallmouth_bass,15,2025-04-12,18,1.951613,0.950000,1.963508,hypothetical_research_only
manistee_mi,smallmouth_bass,15,2025-04-12,22,1.951613,1.000000,1.999194,hypothetical_research_only
manistee_mi,smallmouth_bass,15,2025-04-12,26,1.951613,1.000000,1.999194,hypothetical_research_only
manistee_mi,smallmouth_bass,15,2025-04-12,30,1.951613,0.766667,1.832661,hypothetical_research_only
manistee_mi,smallmouth_bass,16,2025-04-19,2,2.066667,0.400000,1.640000,hypothetical_research_only
manistee_mi,smallmouth_bass,16,2025-04-19,6,2.066667,0.525000,1.740000,hypothetical_research_only
manistee_mi,smallmouth_bass,16,2025-04-19,10,2.066667,0.675000,1.860000,hypothetical_research_only
manistee_mi,smallmouth_bass,16,2025-04-19,14,2.066667,0.825000,1.980000,hypothetical_research_only
manistee_mi,smallmouth_bass,16,2025-04-19,18,2.066667,0.950000,2.080000,hypothetical_research_only
manistee_mi,smallmouth_bass,16,2025-04-19,22,2.066667,1.000000,2.120000,hypothetical_research_only
manistee_mi,smallmouth_bass,16,2025-04-19,26,2.066667,1.000000,2.120000,hypothetical_research_only
manistee_mi,smallmouth_bass,16,2025-04-19,30,2.066667,0.766667,1.933333,hypothetical_research_only
manistee_mi,smallmouth_bass,17,2025-04-26,2,2.183333,0.400000,1.710000,hypothetical_research_only
manistee_mi,smallmouth_bass,17,2025-04-26,6,2.183333,0.525000,1.820937,hypothetical_research_only
manistee_mi,smallmouth_bass,17,2025-04-26,10,2.183333,0.675000,1.954063,hypothetical_research_only
manistee_mi,smallmouth_bass,17,2025-04-26,14,2.183333,0.825000,2.087187,hypothetical_research_only
manistee_mi,smallmouth_bass,17,2025-04-26,18,2.183333,0.950000,2.198125,hypothetical_research_only
manistee_mi,smallmouth_bass,17,2025-04-26,22,2.183333,1.000000,2.242500,hypothetical_research_only
manistee_mi,smallmouth_bass,17,2025-04-26,26,2.183333,1.000000,2.242500,hypothetical_research_only
manistee_mi,smallmouth_bass,17,2025-04-26,30,2.183333,0.766667,2.035417,hypothetical_research_only
manistee_mi,smallmouth_bass,18,2025-05-03,2,2.300000,0.400000,1.780000,hypothetical_research_only
manistee_mi,smallmouth_bass,18,2025-05-03,6,2.300000,0.525000,1.901875,hypothetical_research_only
manistee_mi,smallmouth_bass,18,2025-05-03,10,2.300000,0.675000,2.048125,hypothetical_research_only
manistee_mi,smallmouth_bass,18,2025-05-03,14,2.300000,0.825000,2.194375,hypothetical_research_only
manistee_mi,smallmouth_bass,18,2025-05-03,18,2.300000,0.950000,2.316250,hypothetical_research_only
manistee_mi,smallmouth_bass,18,2025-05-03,22,2.300000,1.000000,2.365000,hypothetical_research_only
manistee_mi,smallmouth_bass,18,2025-05-03,26,2.300000,1.000000,2.365000,hypothetical_research_only
manistee_mi,smallmouth_bass,18,2025-05-03,30,2.300000,0.766667,2.137500,hypothetical_research_only
manistee_mi,smallmouth_bass,19,2025-05-10,2,2.416667,0.400000,1.850000,hypothetical_research_only
manistee_mi,smallmouth_bass,19,2025-05-10,6,2.416667,0.525000,1.982813,hypothetical_research_only
manistee_mi,smallmouth_bass,19,2025-05-10,10,2.416667,0.675000,2.142188,hypothetical_research_only
manistee_mi,smallmouth_bass,19,2025-05-10,14,2.416667,0.825000,2.301562,hypothetical_research_only
manistee_mi,smallmouth_bass,19,2025-05-10,18,2.416667,0.950000,2.434375,hypothetical_research_only
manistee_mi,smallmouth_bass,19,2025-05-10,22,2.416667,1.000000,2.487500,hypothetical_research_only
manistee_mi,smallmouth_bass,19,2025-05-10,26,2.416667,1.000000,2.487500,hypothetical_research_only
manistee_mi,smallmouth_bass,19,2025-05-10,30,2.416667,0.766667,2.239583,hypothetical_research_only
manistee_mi,smallmouth_bass,20,2025-05-17,2,2.532258,0.400000,1.919355,hypothetical_research_only
manistee_mi,smallmouth_bass,20,2025-05-17,6,2.532258,0.525000,2.063004,hypothetical_research_only
manistee_mi,smallmouth_bass,20,2025-05-17,10,2.532258,0.675000,2.235383,hypothetical_research_only
manistee_mi,smallmouth_bass,20,2025-05-17,14,2.532258,0.825000,2.407762,hypothetical_research_only
manistee_mi,smallmouth_bass,20,2025-05-17,18,2.532258,0.950000,2.551411,hypothetical_research_only
manistee_mi,smallmouth_bass,20,2025-05-17,22,2.532258,1.000000,2.608871,hypothetical_research_only
manistee_mi,smallmouth_bass,20,2025-05-17,26,2.532258,1.000000,2.608871,hypothetical_research_only
manistee_mi,smallmouth_bass,20,2025-05-17,30,2.532258,0.766667,2.340726,hypothetical_research_only
manistee_mi,smallmouth_bass,21,2025-05-24,2,2.645161,0.400000,1.987097,hypothetical_research_only
manistee_mi,smallmouth_bass,21,2025-05-24,6,2.645161,0.525000,2.141331,hypothetical_research_only
manistee_mi,smallmouth_bass,21,2025-05-24,10,2.645161,0.675000,2.326411,hypothetical_research_only
manistee_mi,smallmouth_bass,21,2025-05-24,14,2.645161,0.825000,2.511492,hypothetical_research_only
manistee_mi,smallmouth_bass,21,2025-05-24,18,2.645161,0.950000,2.665726,hypothetical_research_only
manistee_mi,smallmouth_bass,21,2025-05-24,22,2.645161,1.000000,2.727419,hypothetical_research_only
manistee_mi,smallmouth_bass,21,2025-05-24,26,2.645161,1.000000,2.727419,hypothetical_research_only
manistee_mi,smallmouth_bass,21,2025-05-24,30,2.645161,0.766667,2.439516,hypothetical_research_only
manistee_mi,smallmouth_bass,22,2025-05-31,2,2.758065,0.400000,2.054839,hypothetical_research_only
manistee_mi,smallmouth_bass,22,2025-05-31,6,2.758065,0.525000,2.219657,hypothetical_research_only
manistee_mi,smallmouth_bass,22,2025-05-31,10,2.758065,0.675000,2.417440,hypothetical_research_only
manistee_mi,smallmouth_bass,22,2025-05-31,14,2.758065,0.825000,2.615222,hypothetical_research_only
manistee_mi,smallmouth_bass,22,2025-05-31,18,2.758065,0.950000,2.780040,hypothetical_research_only
manistee_mi,smallmouth_bass,22,2025-05-31,22,2.758065,1.000000,2.845968,hypothetical_research_only
manistee_mi,smallmouth_bass,22,2025-05-31,26,2.758065,1.000000,2.845968,hypothetical_research_only
manistee_mi,smallmouth_bass,22,2025-05-31,30,2.758065,0.766667,2.538306,hypothetical_research_only
manistee_mi,smallmouth_bass,23,2025-06-07,2,2.870968,0.400000,2.122581,hypothetical_research_only
manistee_mi,smallmouth_bass,23,2025-06-07,6,2.870968,0.525000,2.297984,hypothetical_research_only
manistee_mi,smallmouth_bass,23,2025-06-07,10,2.870968,0.675000,2.508468,hypothetical_research_only
manistee_mi,smallmouth_bass,23,2025-06-07,14,2.870968,0.825000,2.718952,hypothetical_research_only
manistee_mi,smallmouth_bass,23,2025-06-07,18,2.870968,0.950000,2.894355,hypothetical_research_only
manistee_mi,smallmouth_bass,23,2025-06-07,22,2.870968,1.000000,2.964516,hypothetical_research_only
manistee_mi,smallmouth_bass,23,2025-06-07,26,2.870968,1.000000,2.964516,hypothetical_research_only
manistee_mi,smallmouth_bass,23,2025-06-07,30,2.870968,0.766667,2.637097,hypothetical_research_only
manistee_mi,smallmouth_bass,24,2025-06-14,2,2.983871,0.400000,2.190323,hypothetical_research_only
manistee_mi,smallmouth_bass,24,2025-06-14,6,2.983871,0.525000,2.376310,hypothetical_research_only
manistee_mi,smallmouth_bass,24,2025-06-14,10,2.983871,0.675000,2.599496,hypothetical_research_only
manistee_mi,smallmouth_bass,24,2025-06-14,14,2.983871,0.825000,2.822681,hypothetical_research_only
manistee_mi,smallmouth_bass,24,2025-06-14,18,2.983871,0.950000,3.008669,hypothetical_research_only
manistee_mi,smallmouth_bass,24,2025-06-14,22,2.983871,1.000000,3.083065,hypothetical_research_only
manistee_mi,smallmouth_bass,24,2025-06-14,26,2.983871,1.000000,3.083065,hypothetical_research_only
manistee_mi,smallmouth_bass,24,2025-06-14,30,2.983871,0.766667,2.735887,hypothetical_research_only
manistee_mi,smallmouth_bass,25,2025-06-21,2,3.300000,0.400000,2.380000,hypothetical_research_only
manistee_mi,smallmouth_bass,25,2025-06-21,6,3.300000,0.525000,2.595625,hypothetical_research_only
manistee_mi,smallmouth_bass,25,2025-06-21,10,3.300000,0.675000,2.854375,hypothetical_research_only
manistee_mi,smallmouth_bass,25,2025-06-21,14,3.300000,0.825000,3.113125,hypothetical_research_only
manistee_mi,smallmouth_bass,25,2025-06-21,18,3.300000,0.950000,3.328750,hypothetical_research_only
manistee_mi,smallmouth_bass,25,2025-06-21,22,3.300000,1.000000,3.415000,hypothetical_research_only
manistee_mi,smallmouth_bass,25,2025-06-21,26,3.300000,1.000000,3.415000,hypothetical_research_only
manistee_mi,smallmouth_bass,25,2025-06-21,30,3.300000,0.766667,3.012500,hypothetical_research_only
manistee_mi,smallmouth_bass,26,2025-06-28,2,3.650000,0.400000,2.590000,hypothetical_research_only
manistee_mi,smallmouth_bass,26,2025-06-28,6,3.650000,0.525000,2.838438,hypothetical_research_only
manistee_mi,smallmouth_bass,26,2025-06-28,10,3.650000,0.675000,3.136563,hypothetical_research_only
manistee_mi,smallmouth_bass,26,2025-06-28,14,3.650000,0.825000,3.434687,hypothetical_research_only
manistee_mi,smallmouth_bass,26,2025-06-28,18,3.650000,0.950000,3.683125,hypothetical_research_only
manistee_mi,smallmouth_bass,26,2025-06-28,22,3.650000,1.000000,3.782500,hypothetical_research_only
manistee_mi,smallmouth_bass,26,2025-06-28,26,3.650000,1.000000,3.782500,hypothetical_research_only
manistee_mi,smallmouth_bass,26,2025-06-28,30,3.650000,0.766667,3.318750,hypothetical_research_only
manistee_mi,smallmouth_bass,27,2025-07-05,2,4.000000,0.400000,2.800000,hypothetical_research_only
manistee_mi,smallmouth_bass,27,2025-07-05,6,4.000000,0.525000,3.081250,hypothetical_research_only
manistee_mi,smallmouth_bass,27,2025-07-05,10,4.000000,0.675000,3.418750,hypothetical_research_only
manistee_mi,smallmouth_bass,27,2025-07-05,14,4.000000,0.825000,3.756250,hypothetical_research_only
manistee_mi,smallmouth_bass,27,2025-07-05,18,4.000000,0.950000,4.037500,hypothetical_research_only
manistee_mi,smallmouth_bass,27,2025-07-05,22,4.000000,1.000000,4.150000,hypothetical_research_only
manistee_mi,smallmouth_bass,27,2025-07-05,26,4.000000,1.000000,4.150000,hypothetical_research_only
manistee_mi,smallmouth_bass,27,2025-07-05,30,4.000000,0.766667,3.625000,hypothetical_research_only
manistee_mi,smallmouth_bass,28,2025-07-12,2,4.350000,0.400000,3.010000,hypothetical_research_only
manistee_mi,smallmouth_bass,28,2025-07-12,6,4.350000,0.525000,3.324063,hypothetical_research_only
manistee_mi,smallmouth_bass,28,2025-07-12,10,4.350000,0.675000,3.700938,hypothetical_research_only
manistee_mi,smallmouth_bass,28,2025-07-12,14,4.350000,0.825000,4.077812,hypothetical_research_only
manistee_mi,smallmouth_bass,28,2025-07-12,18,4.350000,0.950000,4.391875,hypothetical_research_only
manistee_mi,smallmouth_bass,28,2025-07-12,22,4.350000,1.000000,4.517500,hypothetical_research_only
manistee_mi,smallmouth_bass,28,2025-07-12,26,4.350000,1.000000,4.517500,hypothetical_research_only
manistee_mi,smallmouth_bass,28,2025-07-12,30,4.350000,0.766667,3.931250,hypothetical_research_only
manistee_mi,smallmouth_bass,29,2025-07-19,2,4.370968,0.400000,3.022581,hypothetical_research_only
manistee_mi,smallmouth_bass,29,2025-07-19,6,4.370968,0.525000,3.338609,hypothetical_research_only
manistee_mi,smallmouth_bass,29,2025-07-19,10,4.370968,0.675000,3.717843,hypothetical_research_only
manistee_mi,smallmouth_bass,29,2025-07-19,14,4.370968,0.825000,4.097077,hypothetical_research_only
manistee_mi,smallmouth_bass,29,2025-07-19,18,4.370968,0.950000,4.413105,hypothetical_research_only
manistee_mi,smallmouth_bass,29,2025-07-19,22,4.370968,1.000000,4.539516,hypothetical_research_only
manistee_mi,smallmouth_bass,29,2025-07-19,26,4.370968,1.000000,4.539516,hypothetical_research_only
manistee_mi,smallmouth_bass,29,2025-07-19,30,4.370968,0.766667,3.949597,hypothetical_research_only
manistee_mi,smallmouth_bass,30,2025-07-26,2,4.145161,0.400000,2.887097,hypothetical_research_only
manistee_mi,smallmouth_bass,30,2025-07-26,6,4.145161,0.525000,3.181956,hypothetical_research_only
manistee_mi,smallmouth_bass,30,2025-07-26,10,4.145161,0.675000,3.535786,hypothetical_research_only
manistee_mi,smallmouth_bass,30,2025-07-26,14,4.145161,0.825000,3.889617,hypothetical_research_only
manistee_mi,smallmouth_bass,30,2025-07-26,18,4.145161,0.950000,4.184476,hypothetical_research_only
manistee_mi,smallmouth_bass,30,2025-07-26,22,4.145161,1.000000,4.302419,hypothetical_research_only
manistee_mi,smallmouth_bass,30,2025-07-26,26,4.145161,1.000000,4.302419,hypothetical_research_only
manistee_mi,smallmouth_bass,30,2025-07-26,30,4.145161,0.766667,3.752016,hypothetical_research_only
manistee_mi,smallmouth_bass,31,2025-08-02,2,3.919355,0.400000,2.751613,hypothetical_research_only
manistee_mi,smallmouth_bass,31,2025-08-02,6,3.919355,0.525000,3.025302,hypothetical_research_only
manistee_mi,smallmouth_bass,31,2025-08-02,10,3.919355,0.675000,3.353730,hypothetical_research_only
manistee_mi,smallmouth_bass,31,2025-08-02,14,3.919355,0.825000,3.682157,hypothetical_research_only
manistee_mi,smallmouth_bass,31,2025-08-02,18,3.919355,0.950000,3.955847,hypothetical_research_only
manistee_mi,smallmouth_bass,31,2025-08-02,22,3.919355,1.000000,4.065323,hypothetical_research_only
manistee_mi,smallmouth_bass,31,2025-08-02,26,3.919355,1.000000,4.065323,hypothetical_research_only
manistee_mi,smallmouth_bass,31,2025-08-02,30,3.919355,0.766667,3.554435,hypothetical_research_only
manistee_mi,smallmouth_bass,32,2025-08-09,2,3.693548,0.400000,2.616129,hypothetical_research_only
manistee_mi,smallmouth_bass,32,2025-08-09,6,3.693548,0.525000,2.868649,hypothetical_research_only
manistee_mi,smallmouth_bass,32,2025-08-09,10,3.693548,0.675000,3.171673,hypothetical_research_only
manistee_mi,smallmouth_bass,32,2025-08-09,14,3.693548,0.825000,3.474698,hypothetical_research_only
manistee_mi,smallmouth_bass,32,2025-08-09,18,3.693548,0.950000,3.727218,hypothetical_research_only
manistee_mi,smallmouth_bass,32,2025-08-09,22,3.693548,1.000000,3.828226,hypothetical_research_only
manistee_mi,smallmouth_bass,32,2025-08-09,26,3.693548,1.000000,3.828226,hypothetical_research_only
manistee_mi,smallmouth_bass,32,2025-08-09,30,3.693548,0.766667,3.356855,hypothetical_research_only
manistee_mi,smallmouth_bass,33,2025-08-16,2,3.451613,0.400000,2.470968,hypothetical_research_only
manistee_mi,smallmouth_bass,33,2025-08-16,6,3.451613,0.525000,2.700806,hypothetical_research_only
manistee_mi,smallmouth_bass,33,2025-08-16,10,3.451613,0.675000,2.976613,hypothetical_research_only
manistee_mi,smallmouth_bass,33,2025-08-16,14,3.451613,0.825000,3.252419,hypothetical_research_only
manistee_mi,smallmouth_bass,33,2025-08-16,18,3.451613,0.950000,3.482258,hypothetical_research_only
manistee_mi,smallmouth_bass,33,2025-08-16,22,3.451613,1.000000,3.574194,hypothetical_research_only
manistee_mi,smallmouth_bass,33,2025-08-16,26,3.451613,1.000000,3.574194,hypothetical_research_only
manistee_mi,smallmouth_bass,33,2025-08-16,30,3.451613,0.766667,3.145161,hypothetical_research_only
manistee_mi,smallmouth_bass,34,2025-08-23,2,3.112903,0.400000,2.267742,hypothetical_research_only
manistee_mi,smallmouth_bass,34,2025-08-23,6,3.112903,0.525000,2.465827,hypothetical_research_only
manistee_mi,smallmouth_bass,34,2025-08-23,10,3.112903,0.675000,2.703528,hypothetical_research_only
manistee_mi,smallmouth_bass,34,2025-08-23,14,3.112903,0.825000,2.941230,hypothetical_research_only
manistee_mi,smallmouth_bass,34,2025-08-23,18,3.112903,0.950000,3.139315,hypothetical_research_only
manistee_mi,smallmouth_bass,34,2025-08-23,22,3.112903,1.000000,3.218548,hypothetical_research_only
manistee_mi,smallmouth_bass,34,2025-08-23,26,3.112903,1.000000,3.218548,hypothetical_research_only
manistee_mi,smallmouth_bass,34,2025-08-23,30,3.112903,0.766667,2.848790,hypothetical_research_only
manistee_mi,smallmouth_bass,35,2025-08-30,2,2.774194,0.400000,2.064516,hypothetical_research_only
manistee_mi,smallmouth_bass,35,2025-08-30,6,2.774194,0.525000,2.230847,hypothetical_research_only
manistee_mi,smallmouth_bass,35,2025-08-30,10,2.774194,0.675000,2.430444,hypothetical_research_only
manistee_mi,smallmouth_bass,35,2025-08-30,14,2.774194,0.825000,2.630040,hypothetical_research_only
manistee_mi,smallmouth_bass,35,2025-08-30,18,2.774194,0.950000,2.796371,hypothetical_research_only
manistee_mi,smallmouth_bass,35,2025-08-30,22,2.774194,1.000000,2.862903,hypothetical_research_only
manistee_mi,smallmouth_bass,35,2025-08-30,26,2.774194,1.000000,2.862903,hypothetical_research_only
manistee_mi,smallmouth_bass,35,2025-08-30,30,2.774194,0.766667,2.552419,hypothetical_research_only
manistee_mi,smallmouth_bass,36,2025-09-06,2,2.435484,0.400000,1.861290,hypothetical_research_only
manistee_mi,smallmouth_bass,36,2025-09-06,6,2.435484,0.525000,1.995867,hypothetical_research_only
manistee_mi,smallmouth_bass,36,2025-09-06,10,2.435484,0.675000,2.157359,hypothetical_research_only
manistee_mi,smallmouth_bass,36,2025-09-06,14,2.435484,0.825000,2.318851,hypothetical_research_only
manistee_mi,smallmouth_bass,36,2025-09-06,18,2.435484,0.950000,2.453427,hypothetical_research_only
manistee_mi,smallmouth_bass,36,2025-09-06,22,2.435484,1.000000,2.507258,hypothetical_research_only
manistee_mi,smallmouth_bass,36,2025-09-06,26,2.435484,1.000000,2.507258,hypothetical_research_only
manistee_mi,smallmouth_bass,36,2025-09-06,30,2.435484,0.766667,2.256048,hypothetical_research_only
manistee_mi,smallmouth_bass,37,2025-09-13,2,2.096774,0.400000,1.658065,hypothetical_research_only
manistee_mi,smallmouth_bass,37,2025-09-13,6,2.096774,0.525000,1.760887,hypothetical_research_only
manistee_mi,smallmouth_bass,37,2025-09-13,10,2.096774,0.675000,1.884274,hypothetical_research_only
manistee_mi,smallmouth_bass,37,2025-09-13,14,2.096774,0.825000,2.007661,hypothetical_research_only
manistee_mi,smallmouth_bass,37,2025-09-13,18,2.096774,0.950000,2.110484,hypothetical_research_only
manistee_mi,smallmouth_bass,37,2025-09-13,22,2.096774,1.000000,2.151613,hypothetical_research_only
manistee_mi,smallmouth_bass,37,2025-09-13,26,2.096774,1.000000,2.151613,hypothetical_research_only
manistee_mi,smallmouth_bass,37,2025-09-13,30,2.096774,0.766667,1.959677,hypothetical_research_only
manistee_mi,smallmouth_bass,38,2025-09-20,2,1.916667,0.400000,1.550000,hypothetical_research_only
manistee_mi,smallmouth_bass,38,2025-09-20,6,1.916667,0.525000,1.635938,hypothetical_research_only
manistee_mi,smallmouth_bass,38,2025-09-20,10,1.916667,0.675000,1.739063,hypothetical_research_only
manistee_mi,smallmouth_bass,38,2025-09-20,14,1.916667,0.825000,1.842188,hypothetical_research_only
manistee_mi,smallmouth_bass,38,2025-09-20,18,1.916667,0.950000,1.928125,hypothetical_research_only
manistee_mi,smallmouth_bass,38,2025-09-20,22,1.916667,1.000000,1.962500,hypothetical_research_only
manistee_mi,smallmouth_bass,38,2025-09-20,26,1.916667,1.000000,1.962500,hypothetical_research_only
manistee_mi,smallmouth_bass,38,2025-09-20,30,1.916667,0.766667,1.802083,hypothetical_research_only
manistee_mi,smallmouth_bass,39,2025-09-27,2,1.800000,0.400000,1.480000,hypothetical_research_only
manistee_mi,smallmouth_bass,39,2025-09-27,6,1.800000,0.525000,1.555000,hypothetical_research_only
manistee_mi,smallmouth_bass,39,2025-09-27,10,1.800000,0.675000,1.645000,hypothetical_research_only
manistee_mi,smallmouth_bass,39,2025-09-27,14,1.800000,0.825000,1.735000,hypothetical_research_only
manistee_mi,smallmouth_bass,39,2025-09-27,18,1.800000,0.950000,1.810000,hypothetical_research_only
manistee_mi,smallmouth_bass,39,2025-09-27,22,1.800000,1.000000,1.840000,hypothetical_research_only
manistee_mi,smallmouth_bass,39,2025-09-27,26,1.800000,1.000000,1.840000,hypothetical_research_only
manistee_mi,smallmouth_bass,39,2025-09-27,30,1.800000,0.766667,1.700000,hypothetical_research_only
manistee_mi,smallmouth_bass,40,2025-10-04,2,1.683333,0.400000,1.410000,hypothetical_research_only
manistee_mi,smallmouth_bass,40,2025-10-04,6,1.683333,0.525000,1.474063,hypothetical_research_only
manistee_mi,smallmouth_bass,40,2025-10-04,10,1.683333,0.675000,1.550938,hypothetical_research_only
manistee_mi,smallmouth_bass,40,2025-10-04,14,1.683333,0.825000,1.627813,hypothetical_research_only
manistee_mi,smallmouth_bass,40,2025-10-04,18,1.683333,0.950000,1.691875,hypothetical_research_only
manistee_mi,smallmouth_bass,40,2025-10-04,22,1.683333,1.000000,1.717500,hypothetical_research_only
manistee_mi,smallmouth_bass,40,2025-10-04,26,1.683333,1.000000,1.717500,hypothetical_research_only
manistee_mi,smallmouth_bass,40,2025-10-04,30,1.683333,0.766667,1.597917,hypothetical_research_only
manistee_mi,smallmouth_bass,41,2025-10-11,2,1.566667,0.400000,1.340000,hypothetical_research_only
manistee_mi,smallmouth_bass,41,2025-10-11,6,1.566667,0.525000,1.393125,hypothetical_research_only
manistee_mi,smallmouth_bass,41,2025-10-11,10,1.566667,0.675000,1.456875,hypothetical_research_only
manistee_mi,smallmouth_bass,41,2025-10-11,14,1.566667,0.825000,1.520625,hypothetical_research_only
manistee_mi,smallmouth_bass,41,2025-10-11,18,1.566667,0.950000,1.573750,hypothetical_research_only
manistee_mi,smallmouth_bass,41,2025-10-11,22,1.566667,1.000000,1.595000,hypothetical_research_only
manistee_mi,smallmouth_bass,41,2025-10-11,26,1.566667,1.000000,1.595000,hypothetical_research_only
manistee_mi,smallmouth_bass,41,2025-10-11,30,1.566667,0.766667,1.495833,hypothetical_research_only
manistee_mi,smallmouth_bass,42,2025-10-18,2,1.500000,0.400000,1.300000,hypothetical_research_only
manistee_mi,smallmouth_bass,42,2025-10-18,6,1.500000,0.525000,1.346875,hypothetical_research_only
manistee_mi,smallmouth_bass,42,2025-10-18,10,1.500000,0.675000,1.403125,hypothetical_research_only
manistee_mi,smallmouth_bass,42,2025-10-18,14,1.500000,0.825000,1.459375,hypothetical_research_only
manistee_mi,smallmouth_bass,42,2025-10-18,18,1.500000,0.950000,1.506250,hypothetical_research_only
manistee_mi,smallmouth_bass,42,2025-10-18,22,1.500000,1.000000,1.525000,hypothetical_research_only
manistee_mi,smallmouth_bass,42,2025-10-18,26,1.500000,1.000000,1.525000,hypothetical_research_only
manistee_mi,smallmouth_bass,42,2025-10-18,30,1.500000,0.766667,1.437500,hypothetical_research_only
manistee_mi,smallmouth_bass,43,2025-10-25,2,1.500000,0.400000,1.300000,hypothetical_research_only
manistee_mi,smallmouth_bass,43,2025-10-25,6,1.500000,0.525000,1.346875,hypothetical_research_only
manistee_mi,smallmouth_bass,43,2025-10-25,10,1.500000,0.675000,1.403125,hypothetical_research_only
manistee_mi,smallmouth_bass,43,2025-10-25,14,1.500000,0.825000,1.459375,hypothetical_research_only
manistee_mi,smallmouth_bass,43,2025-10-25,18,1.500000,0.950000,1.506250,hypothetical_research_only
manistee_mi,smallmouth_bass,43,2025-10-25,22,1.500000,1.000000,1.525000,hypothetical_research_only
manistee_mi,smallmouth_bass,43,2025-10-25,26,1.500000,1.000000,1.525000,hypothetical_research_only
manistee_mi,smallmouth_bass,43,2025-10-25,30,1.500000,0.766667,1.437500,hypothetical_research_only
manistee_mi,smallmouth_bass,44,2025-11-01,2,1.500000,0.400000,1.300000,hypothetical_research_only
manistee_mi,smallmouth_bass,44,2025-11-01,6,1.500000,0.525000,1.346875,hypothetical_research_only
manistee_mi,smallmouth_bass,44,2025-11-01,10,1.500000,0.675000,1.403125,hypothetical_research_only
manistee_mi,smallmouth_bass,44,2025-11-01,14,1.500000,0.825000,1.459375,hypothetical_research_only
manistee_mi,smallmouth_bass,44,2025-11-01,18,1.500000,0.950000,1.506250,hypothetical_research_only
manistee_mi,smallmouth_bass,44,2025-11-01,22,1.500000,1.000000,1.525000,hypothetical_research_only
manistee_mi,smallmouth_bass,44,2025-11-01,26,1.500000,1.000000,1.525000,hypothetical_research_only
manistee_mi,smallmouth_bass,44,2025-11-01,30,1.500000,0.766667,1.437500,hypothetical_research_only
manistee_mi,smallmouth_bass,45,2025-11-08,2,1.500000,0.400000,1.300000,hypothetical_research_only
manistee_mi,smallmouth_bass,45,2025-11-08,6,1.500000,0.525000,1.346875,hypothetical_research_only
manistee_mi,smallmouth_bass,45,2025-11-08,10,1.500000,0.675000,1.403125,hypothetical_research_only
manistee_mi,smallmouth_bass,45,2025-11-08,14,1.500000,0.825000,1.459375,hypothetical_research_only
manistee_mi,smallmouth_bass,45,2025-11-08,18,1.500000,0.950000,1.506250,hypothetical_research_only
manistee_mi,smallmouth_bass,45,2025-11-08,22,1.500000,1.000000,1.525000,hypothetical_research_only
manistee_mi,smallmouth_bass,45,2025-11-08,26,1.500000,1.000000,1.525000,hypothetical_research_only
manistee_mi,smallmouth_bass,45,2025-11-08,30,1.500000,0.766667,1.437500,hypothetical_research_only
manistee_mi,smallmouth_bass,46,2025-11-15,2,1.500000,0.400000,1.300000,hypothetical_research_only
manistee_mi,smallmouth_bass,46,2025-11-15,6,1.500000,0.525000,1.346875,hypothetical_research_only
manistee_mi,smallmouth_bass,46,2025-11-15,10,1.500000,0.675000,1.403125,hypothetical_research_only
manistee_mi,smallmouth_bass,46,2025-11-15,14,1.500000,0.825000,1.459375,hypothetical_research_only
manistee_mi,smallmouth_bass,46,2025-11-15,18,1.500000,0.950000,1.506250,hypothetical_research_only
manistee_mi,smallmouth_bass,46,2025-11-15,22,1.500000,1.000000,1.525000,hypothetical_research_only
manistee_mi,smallmouth_bass,46,2025-11-15,26,1.500000,1.000000,1.525000,hypothetical_research_only
manistee_mi,smallmouth_bass,46,2025-11-15,30,1.500000,0.766667,1.437500,hypothetical_research_only
manistee_mi,smallmouth_bass,47,2025-11-22,2,1.500000,0.400000,1.300000,hypothetical_research_only
manistee_mi,smallmouth_bass,47,2025-11-22,6,1.500000,0.525000,1.346875,hypothetical_research_only
manistee_mi,smallmouth_bass,47,2025-11-22,10,1.500000,0.675000,1.403125,hypothetical_research_only
manistee_mi,smallmouth_bass,47,2025-11-22,14,1.500000,0.825000,1.459375,hypothetical_research_only
manistee_mi,smallmouth_bass,47,2025-11-22,18,1.500000,0.950000,1.506250,hypothetical_research_only
manistee_mi,smallmouth_bass,47,2025-11-22,22,1.500000,1.000000,1.525000,hypothetical_research_only
manistee_mi,smallmouth_bass,47,2025-11-22,26,1.500000,1.000000,1.525000,hypothetical_research_only
manistee_mi,smallmouth_bass,47,2025-11-22,30,1.500000,0.766667,1.437500,hypothetical_research_only
manistee_mi,smallmouth_bass,48,2025-11-29,2,1.500000,0.400000,1.300000,hypothetical_research_only
manistee_mi,smallmouth_bass,48,2025-11-29,6,1.500000,0.525000,1.346875,hypothetical_research_only
manistee_mi,smallmouth_bass,48,2025-11-29,10,1.500000,0.675000,1.403125,hypothetical_research_only
manistee_mi,smallmouth_bass,48,2025-11-29,14,1.500000,0.825000,1.459375,hypothetical_research_only
manistee_mi,smallmouth_bass,48,2025-11-29,18,1.500000,0.950000,1.506250,hypothetical_research_only
manistee_mi,smallmouth_bass,48,2025-11-29,22,1.500000,1.000000,1.525000,hypothetical_research_only
manistee_mi,smallmouth_bass,48,2025-11-29,26,1.500000,1.000000,1.525000,hypothetical_research_only
manistee_mi,smallmouth_bass,48,2025-11-29,30,1.500000,0.766667,1.437500,hypothetical_research_only
manistee_mi,smallmouth_bass,49,2025-12-06,2,1.500000,0.400000,1.300000,hypothetical_research_only
manistee_mi,smallmouth_bass,49,2025-12-06,6,1.500000,0.525000,1.346875,hypothetical_research_only
manistee_mi,smallmouth_bass,49,2025-12-06,10,1.500000,0.675000,1.403125,hypothetical_research_only
manistee_mi,smallmouth_bass,49,2025-12-06,14,1.500000,0.825000,1.459375,hypothetical_research_only
manistee_mi,smallmouth_bass,49,2025-12-06,18,1.500000,0.950000,1.506250,hypothetical_research_only
manistee_mi,smallmouth_bass,49,2025-12-06,22,1.500000,1.000000,1.525000,hypothetical_research_only
manistee_mi,smallmouth_bass,49,2025-12-06,26,1.500000,1.000000,1.525000,hypothetical_research_only
manistee_mi,smallmouth_bass,49,2025-12-06,30,1.500000,0.766667,1.437500,hypothetical_research_only
manistee_mi,smallmouth_bass,50,2025-12-13,2,1.500000,0.400000,1.300000,hypothetical_research_only
manistee_mi,smallmouth_bass,50,2025-12-13,6,1.500000,0.525000,1.346875,hypothetical_research_only
manistee_mi,smallmouth_bass,50,2025-12-13,10,1.500000,0.675000,1.403125,hypothetical_research_only
manistee_mi,smallmouth_bass,50,2025-12-13,14,1.500000,0.825000,1.459375,hypothetical_research_only
manistee_mi,smallmouth_bass,50,2025-12-13,18,1.500000,0.950000,1.506250,hypothetical_research_only
manistee_mi,smallmouth_bass,50,2025-12-13,22,1.500000,1.000000,1.525000,hypothetical_research_only
manistee_mi,smallmouth_bass,50,2025-12-13,26,1.500000,1.000000,1.525000,hypothetical_research_only
manistee_mi,smallmouth_bass,50,2025-12-13,30,1.500000,0.766667,1.437500,hypothetical_research_only
manistee_mi,smallmouth_bass,51,2025-12-20,2,1.500000,0.400000,1.300000,hypothetical_research_only
manistee_mi,smallmouth_bass,51,2025-12-20,6,1.500000,0.525000,1.346875,hypothetical_research_only
manistee_mi,smallmouth_bass,51,2025-12-20,10,1.500000,0.675000,1.403125,hypothetical_research_only
manistee_mi,smallmouth_bass,51,2025-12-20,14,1.500000,0.825000,1.459375,hypothetical_research_only
manistee_mi,smallmouth_bass,51,2025-12-20,18,1.500000,0.950000,1.506250,hypothetical_research_only
manistee_mi,smallmouth_bass,51,2025-12-20,22,1.500000,1.000000,1.525000,hypothetical_research_only
manistee_mi,smallmouth_bass,51,2025-12-20,26,1.500000,1.000000,1.525000,hypothetical_research_only
manistee_mi,smallmouth_bass,51,2025-12-20,30,1.500000,0.766667,1.437500,hypothetical_research_only
manistee_mi,smallmouth_bass,52,2025-12-27,2,1.500000,0.400000,1.300000,hypothetical_research_only
manistee_mi,smallmouth_bass,52,2025-12-27,6,1.500000,0.525000,1.346875,hypothetical_research_only
manistee_mi,smallmouth_bass,52,2025-12-27,10,1.500000,0.675000,1.403125,hypothetical_research_only
manistee_mi,smallmouth_bass,52,2025-12-27,14,1.500000,0.825000,1.459375,hypothetical_research_only
manistee_mi,smallmouth_bass,52,2025-12-27,18,1.500000,0.950000,1.506250,hypothetical_research_only
manistee_mi,smallmouth_bass,52,2025-12-27,22,1.500000,1.000000,1.525000,hypothetical_research_only
manistee_mi,smallmouth_bass,52,2025-12-27,26,1.500000,1.000000,1.525000,hypothetical_research_only
manistee_mi,smallmouth_bass,52,2025-12-27,30,1.500000,0.766667,1.437500,hypothetical_research_only
manistee_mi,freshwater_drum,1,2025-01-04,2,1.500000,0.350000,1.281250,hypothetical_research_only
manistee_mi,freshwater_drum,1,2025-01-04,6,1.500000,0.475000,1.328125,hypothetical_research_only
manistee_mi,freshwater_drum,1,2025-01-04,10,1.500000,0.625000,1.384375,hypothetical_research_only
manistee_mi,freshwater_drum,1,2025-01-04,14,1.500000,0.775000,1.440625,hypothetical_research_only
manistee_mi,freshwater_drum,1,2025-01-04,18,1.500000,0.900000,1.487500,hypothetical_research_only
manistee_mi,freshwater_drum,1,2025-01-04,22,1.500000,1.000000,1.525000,hypothetical_research_only
manistee_mi,freshwater_drum,1,2025-01-04,26,1.500000,1.000000,1.525000,hypothetical_research_only
manistee_mi,freshwater_drum,1,2025-01-04,30,1.500000,0.850000,1.468750,hypothetical_research_only
manistee_mi,freshwater_drum,2,2025-01-11,2,1.500000,0.350000,1.281250,hypothetical_research_only
manistee_mi,freshwater_drum,2,2025-01-11,6,1.500000,0.475000,1.328125,hypothetical_research_only
manistee_mi,freshwater_drum,2,2025-01-11,10,1.500000,0.625000,1.384375,hypothetical_research_only
manistee_mi,freshwater_drum,2,2025-01-11,14,1.500000,0.775000,1.440625,hypothetical_research_only
manistee_mi,freshwater_drum,2,2025-01-11,18,1.500000,0.900000,1.487500,hypothetical_research_only
manistee_mi,freshwater_drum,2,2025-01-11,22,1.500000,1.000000,1.525000,hypothetical_research_only
manistee_mi,freshwater_drum,2,2025-01-11,26,1.500000,1.000000,1.525000,hypothetical_research_only
manistee_mi,freshwater_drum,2,2025-01-11,30,1.500000,0.850000,1.468750,hypothetical_research_only
manistee_mi,freshwater_drum,3,2025-01-18,2,1.500000,0.350000,1.281250,hypothetical_research_only
manistee_mi,freshwater_drum,3,2025-01-18,6,1.500000,0.475000,1.328125,hypothetical_research_only
manistee_mi,freshwater_drum,3,2025-01-18,10,1.500000,0.625000,1.384375,hypothetical_research_only
manistee_mi,freshwater_drum,3,2025-01-18,14,1.500000,0.775000,1.440625,hypothetical_research_only
manistee_mi,freshwater_drum,3,2025-01-18,18,1.500000,0.900000,1.487500,hypothetical_research_only
manistee_mi,freshwater_drum,3,2025-01-18,22,1.500000,1.000000,1.525000,hypothetical_research_only
manistee_mi,freshwater_drum,3,2025-01-18,26,1.500000,1.000000,1.525000,hypothetical_research_only
manistee_mi,freshwater_drum,3,2025-01-18,30,1.500000,0.850000,1.468750,hypothetical_research_only
manistee_mi,freshwater_drum,4,2025-01-25,2,1.500000,0.350000,1.281250,hypothetical_research_only
manistee_mi,freshwater_drum,4,2025-01-25,6,1.500000,0.475000,1.328125,hypothetical_research_only
manistee_mi,freshwater_drum,4,2025-01-25,10,1.500000,0.625000,1.384375,hypothetical_research_only
manistee_mi,freshwater_drum,4,2025-01-25,14,1.500000,0.775000,1.440625,hypothetical_research_only
manistee_mi,freshwater_drum,4,2025-01-25,18,1.500000,0.900000,1.487500,hypothetical_research_only
manistee_mi,freshwater_drum,4,2025-01-25,22,1.500000,1.000000,1.525000,hypothetical_research_only
manistee_mi,freshwater_drum,4,2025-01-25,26,1.500000,1.000000,1.525000,hypothetical_research_only
manistee_mi,freshwater_drum,4,2025-01-25,30,1.500000,0.850000,1.468750,hypothetical_research_only
manistee_mi,freshwater_drum,5,2025-02-01,2,1.500000,0.350000,1.281250,hypothetical_research_only
manistee_mi,freshwater_drum,5,2025-02-01,6,1.500000,0.475000,1.328125,hypothetical_research_only
manistee_mi,freshwater_drum,5,2025-02-01,10,1.500000,0.625000,1.384375,hypothetical_research_only
manistee_mi,freshwater_drum,5,2025-02-01,14,1.500000,0.775000,1.440625,hypothetical_research_only
manistee_mi,freshwater_drum,5,2025-02-01,18,1.500000,0.900000,1.487500,hypothetical_research_only
manistee_mi,freshwater_drum,5,2025-02-01,22,1.500000,1.000000,1.525000,hypothetical_research_only
manistee_mi,freshwater_drum,5,2025-02-01,26,1.500000,1.000000,1.525000,hypothetical_research_only
manistee_mi,freshwater_drum,5,2025-02-01,30,1.500000,0.850000,1.468750,hypothetical_research_only
manistee_mi,freshwater_drum,6,2025-02-08,2,1.500000,0.350000,1.281250,hypothetical_research_only
manistee_mi,freshwater_drum,6,2025-02-08,6,1.500000,0.475000,1.328125,hypothetical_research_only
manistee_mi,freshwater_drum,6,2025-02-08,10,1.500000,0.625000,1.384375,hypothetical_research_only
manistee_mi,freshwater_drum,6,2025-02-08,14,1.500000,0.775000,1.440625,hypothetical_research_only
manistee_mi,freshwater_drum,6,2025-02-08,18,1.500000,0.900000,1.487500,hypothetical_research_only
manistee_mi,freshwater_drum,6,2025-02-08,22,1.500000,1.000000,1.525000,hypothetical_research_only
manistee_mi,freshwater_drum,6,2025-02-08,26,1.500000,1.000000,1.525000,hypothetical_research_only
manistee_mi,freshwater_drum,6,2025-02-08,30,1.500000,0.850000,1.468750,hypothetical_research_only
manistee_mi,freshwater_drum,7,2025-02-15,2,1.500000,0.350000,1.281250,hypothetical_research_only
manistee_mi,freshwater_drum,7,2025-02-15,6,1.500000,0.475000,1.328125,hypothetical_research_only
manistee_mi,freshwater_drum,7,2025-02-15,10,1.500000,0.625000,1.384375,hypothetical_research_only
manistee_mi,freshwater_drum,7,2025-02-15,14,1.500000,0.775000,1.440625,hypothetical_research_only
manistee_mi,freshwater_drum,7,2025-02-15,18,1.500000,0.900000,1.487500,hypothetical_research_only
manistee_mi,freshwater_drum,7,2025-02-15,22,1.500000,1.000000,1.525000,hypothetical_research_only
manistee_mi,freshwater_drum,7,2025-02-15,26,1.500000,1.000000,1.525000,hypothetical_research_only
manistee_mi,freshwater_drum,7,2025-02-15,30,1.500000,0.850000,1.468750,hypothetical_research_only
manistee_mi,freshwater_drum,8,2025-02-22,2,1.500000,0.350000,1.281250,hypothetical_research_only
manistee_mi,freshwater_drum,8,2025-02-22,6,1.500000,0.475000,1.328125,hypothetical_research_only
manistee_mi,freshwater_drum,8,2025-02-22,10,1.500000,0.625000,1.384375,hypothetical_research_only
manistee_mi,freshwater_drum,8,2025-02-22,14,1.500000,0.775000,1.440625,hypothetical_research_only
manistee_mi,freshwater_drum,8,2025-02-22,18,1.500000,0.900000,1.487500,hypothetical_research_only
manistee_mi,freshwater_drum,8,2025-02-22,22,1.500000,1.000000,1.525000,hypothetical_research_only
manistee_mi,freshwater_drum,8,2025-02-22,26,1.500000,1.000000,1.525000,hypothetical_research_only
manistee_mi,freshwater_drum,8,2025-02-22,30,1.500000,0.850000,1.468750,hypothetical_research_only
manistee_mi,freshwater_drum,9,2025-03-01,2,1.500000,0.350000,1.281250,hypothetical_research_only
manistee_mi,freshwater_drum,9,2025-03-01,6,1.500000,0.475000,1.328125,hypothetical_research_only
manistee_mi,freshwater_drum,9,2025-03-01,10,1.500000,0.625000,1.384375,hypothetical_research_only
manistee_mi,freshwater_drum,9,2025-03-01,14,1.500000,0.775000,1.440625,hypothetical_research_only
manistee_mi,freshwater_drum,9,2025-03-01,18,1.500000,0.900000,1.487500,hypothetical_research_only
manistee_mi,freshwater_drum,9,2025-03-01,22,1.500000,1.000000,1.525000,hypothetical_research_only
manistee_mi,freshwater_drum,9,2025-03-01,26,1.500000,1.000000,1.525000,hypothetical_research_only
manistee_mi,freshwater_drum,9,2025-03-01,30,1.500000,0.850000,1.468750,hypothetical_research_only
manistee_mi,freshwater_drum,10,2025-03-08,2,1.500000,0.350000,1.281250,hypothetical_research_only
manistee_mi,freshwater_drum,10,2025-03-08,6,1.500000,0.475000,1.328125,hypothetical_research_only
manistee_mi,freshwater_drum,10,2025-03-08,10,1.500000,0.625000,1.384375,hypothetical_research_only
manistee_mi,freshwater_drum,10,2025-03-08,14,1.500000,0.775000,1.440625,hypothetical_research_only
manistee_mi,freshwater_drum,10,2025-03-08,18,1.500000,0.900000,1.487500,hypothetical_research_only
manistee_mi,freshwater_drum,10,2025-03-08,22,1.500000,1.000000,1.525000,hypothetical_research_only
manistee_mi,freshwater_drum,10,2025-03-08,26,1.500000,1.000000,1.525000,hypothetical_research_only
manistee_mi,freshwater_drum,10,2025-03-08,30,1.500000,0.850000,1.468750,hypothetical_research_only
manistee_mi,freshwater_drum,11,2025-03-15,2,1.500000,0.350000,1.281250,hypothetical_research_only
manistee_mi,freshwater_drum,11,2025-03-15,6,1.500000,0.475000,1.328125,hypothetical_research_only
manistee_mi,freshwater_drum,11,2025-03-15,10,1.500000,0.625000,1.384375,hypothetical_research_only
manistee_mi,freshwater_drum,11,2025-03-15,14,1.500000,0.775000,1.440625,hypothetical_research_only
manistee_mi,freshwater_drum,11,2025-03-15,18,1.500000,0.900000,1.487500,hypothetical_research_only
manistee_mi,freshwater_drum,11,2025-03-15,22,1.500000,1.000000,1.525000,hypothetical_research_only
manistee_mi,freshwater_drum,11,2025-03-15,26,1.500000,1.000000,1.525000,hypothetical_research_only
manistee_mi,freshwater_drum,11,2025-03-15,30,1.500000,0.850000,1.468750,hypothetical_research_only
manistee_mi,freshwater_drum,12,2025-03-22,2,1.500000,0.350000,1.281250,hypothetical_research_only
manistee_mi,freshwater_drum,12,2025-03-22,6,1.500000,0.475000,1.328125,hypothetical_research_only
manistee_mi,freshwater_drum,12,2025-03-22,10,1.500000,0.625000,1.384375,hypothetical_research_only
manistee_mi,freshwater_drum,12,2025-03-22,14,1.500000,0.775000,1.440625,hypothetical_research_only
manistee_mi,freshwater_drum,12,2025-03-22,18,1.500000,0.900000,1.487500,hypothetical_research_only
manistee_mi,freshwater_drum,12,2025-03-22,22,1.500000,1.000000,1.525000,hypothetical_research_only
manistee_mi,freshwater_drum,12,2025-03-22,26,1.500000,1.000000,1.525000,hypothetical_research_only
manistee_mi,freshwater_drum,12,2025-03-22,30,1.500000,0.850000,1.468750,hypothetical_research_only
manistee_mi,freshwater_drum,13,2025-03-29,2,1.500000,0.350000,1.281250,hypothetical_research_only
manistee_mi,freshwater_drum,13,2025-03-29,6,1.500000,0.475000,1.328125,hypothetical_research_only
manistee_mi,freshwater_drum,13,2025-03-29,10,1.500000,0.625000,1.384375,hypothetical_research_only
manistee_mi,freshwater_drum,13,2025-03-29,14,1.500000,0.775000,1.440625,hypothetical_research_only
manistee_mi,freshwater_drum,13,2025-03-29,18,1.500000,0.900000,1.487500,hypothetical_research_only
manistee_mi,freshwater_drum,13,2025-03-29,22,1.500000,1.000000,1.525000,hypothetical_research_only
manistee_mi,freshwater_drum,13,2025-03-29,26,1.500000,1.000000,1.525000,hypothetical_research_only
manistee_mi,freshwater_drum,13,2025-03-29,30,1.500000,0.850000,1.468750,hypothetical_research_only
manistee_mi,freshwater_drum,14,2025-04-05,2,1.500000,0.350000,1.281250,hypothetical_research_only
manistee_mi,freshwater_drum,14,2025-04-05,6,1.500000,0.475000,1.328125,hypothetical_research_only
manistee_mi,freshwater_drum,14,2025-04-05,10,1.500000,0.625000,1.384375,hypothetical_research_only
manistee_mi,freshwater_drum,14,2025-04-05,14,1.500000,0.775000,1.440625,hypothetical_research_only
manistee_mi,freshwater_drum,14,2025-04-05,18,1.500000,0.900000,1.487500,hypothetical_research_only
manistee_mi,freshwater_drum,14,2025-04-05,22,1.500000,1.000000,1.525000,hypothetical_research_only
manistee_mi,freshwater_drum,14,2025-04-05,26,1.500000,1.000000,1.525000,hypothetical_research_only
manistee_mi,freshwater_drum,14,2025-04-05,30,1.500000,0.850000,1.468750,hypothetical_research_only
manistee_mi,freshwater_drum,15,2025-04-12,2,1.500000,0.350000,1.281250,hypothetical_research_only
manistee_mi,freshwater_drum,15,2025-04-12,6,1.500000,0.475000,1.328125,hypothetical_research_only
manistee_mi,freshwater_drum,15,2025-04-12,10,1.500000,0.625000,1.384375,hypothetical_research_only
manistee_mi,freshwater_drum,15,2025-04-12,14,1.500000,0.775000,1.440625,hypothetical_research_only
manistee_mi,freshwater_drum,15,2025-04-12,18,1.500000,0.900000,1.487500,hypothetical_research_only
manistee_mi,freshwater_drum,15,2025-04-12,22,1.500000,1.000000,1.525000,hypothetical_research_only
manistee_mi,freshwater_drum,15,2025-04-12,26,1.500000,1.000000,1.525000,hypothetical_research_only
manistee_mi,freshwater_drum,15,2025-04-12,30,1.500000,0.850000,1.468750,hypothetical_research_only
manistee_mi,freshwater_drum,16,2025-04-19,2,1.633333,0.350000,1.356250,hypothetical_research_only
manistee_mi,freshwater_drum,16,2025-04-19,6,1.633333,0.475000,1.415625,hypothetical_research_only
manistee_mi,freshwater_drum,16,2025-04-19,10,1.633333,0.625000,1.486875,hypothetical_research_only
manistee_mi,freshwater_drum,16,2025-04-19,14,1.633333,0.775000,1.558125,hypothetical_research_only
manistee_mi,freshwater_drum,16,2025-04-19,18,1.633333,0.900000,1.617500,hypothetical_research_only
manistee_mi,freshwater_drum,16,2025-04-19,22,1.633333,1.000000,1.665000,hypothetical_research_only
manistee_mi,freshwater_drum,16,2025-04-19,26,1.633333,1.000000,1.665000,hypothetical_research_only
manistee_mi,freshwater_drum,16,2025-04-19,30,1.633333,0.850000,1.593750,hypothetical_research_only
manistee_mi,freshwater_drum,17,2025-04-26,2,1.866667,0.350000,1.487500,hypothetical_research_only
manistee_mi,freshwater_drum,17,2025-04-26,6,1.866667,0.475000,1.568750,hypothetical_research_only
manistee_mi,freshwater_drum,17,2025-04-26,10,1.866667,0.625000,1.666250,hypothetical_research_only
manistee_mi,freshwater_drum,17,2025-04-26,14,1.866667,0.775000,1.763750,hypothetical_research_only
manistee_mi,freshwater_drum,17,2025-04-26,18,1.866667,0.900000,1.845000,hypothetical_research_only
manistee_mi,freshwater_drum,17,2025-04-26,22,1.866667,1.000000,1.910000,hypothetical_research_only
manistee_mi,freshwater_drum,17,2025-04-26,26,1.866667,1.000000,1.910000,hypothetical_research_only
manistee_mi,freshwater_drum,17,2025-04-26,30,1.866667,0.850000,1.812500,hypothetical_research_only
manistee_mi,freshwater_drum,18,2025-05-03,2,2.100000,0.350000,1.618750,hypothetical_research_only
manistee_mi,freshwater_drum,18,2025-05-03,6,2.100000,0.475000,1.721875,hypothetical_research_only
manistee_mi,freshwater_drum,18,2025-05-03,10,2.100000,0.625000,1.845625,hypothetical_research_only
manistee_mi,freshwater_drum,18,2025-05-03,14,2.100000,0.775000,1.969375,hypothetical_research_only
manistee_mi,freshwater_drum,18,2025-05-03,18,2.100000,0.900000,2.072500,hypothetical_research_only
manistee_mi,freshwater_drum,18,2025-05-03,22,2.100000,1.000000,2.155000,hypothetical_research_only
manistee_mi,freshwater_drum,18,2025-05-03,26,2.100000,1.000000,2.155000,hypothetical_research_only
manistee_mi,freshwater_drum,18,2025-05-03,30,2.100000,0.850000,2.031250,hypothetical_research_only
manistee_mi,freshwater_drum,19,2025-05-10,2,2.333333,0.350000,1.750000,hypothetical_research_only
manistee_mi,freshwater_drum,19,2025-05-10,6,2.333333,0.475000,1.875000,hypothetical_research_only
manistee_mi,freshwater_drum,19,2025-05-10,10,2.333333,0.625000,2.025000,hypothetical_research_only
manistee_mi,freshwater_drum,19,2025-05-10,14,2.333333,0.775000,2.175000,hypothetical_research_only
manistee_mi,freshwater_drum,19,2025-05-10,18,2.333333,0.900000,2.300000,hypothetical_research_only
manistee_mi,freshwater_drum,19,2025-05-10,22,2.333333,1.000000,2.400000,hypothetical_research_only
manistee_mi,freshwater_drum,19,2025-05-10,26,2.333333,1.000000,2.400000,hypothetical_research_only
manistee_mi,freshwater_drum,19,2025-05-10,30,2.333333,0.850000,2.250000,hypothetical_research_only
manistee_mi,freshwater_drum,20,2025-05-17,2,2.564516,0.350000,1.880040,hypothetical_research_only
manistee_mi,freshwater_drum,20,2025-05-17,6,2.564516,0.475000,2.026714,hypothetical_research_only
manistee_mi,freshwater_drum,20,2025-05-17,10,2.564516,0.625000,2.202722,hypothetical_research_only
manistee_mi,freshwater_drum,20,2025-05-17,14,2.564516,0.775000,2.378730,hypothetical_research_only
manistee_mi,freshwater_drum,20,2025-05-17,18,2.564516,0.900000,2.525403,hypothetical_research_only
manistee_mi,freshwater_drum,20,2025-05-17,22,2.564516,1.000000,2.642742,hypothetical_research_only
manistee_mi,freshwater_drum,20,2025-05-17,26,2.564516,1.000000,2.642742,hypothetical_research_only
manistee_mi,freshwater_drum,20,2025-05-17,30,2.564516,0.850000,2.466734,hypothetical_research_only
manistee_mi,freshwater_drum,21,2025-05-24,2,2.790323,0.350000,2.007056,hypothetical_research_only
manistee_mi,freshwater_drum,21,2025-05-24,6,2.790323,0.475000,2.174899,hypothetical_research_only
manistee_mi,freshwater_drum,21,2025-05-24,10,2.790323,0.625000,2.376310,hypothetical_research_only
manistee_mi,freshwater_drum,21,2025-05-24,14,2.790323,0.775000,2.577722,hypothetical_research_only
manistee_mi,freshwater_drum,21,2025-05-24,18,2.790323,0.900000,2.745565,hypothetical_research_only
manistee_mi,freshwater_drum,21,2025-05-24,22,2.790323,1.000000,2.879839,hypothetical_research_only
manistee_mi,freshwater_drum,21,2025-05-24,26,2.790323,1.000000,2.879839,hypothetical_research_only
manistee_mi,freshwater_drum,21,2025-05-24,30,2.790323,0.850000,2.678427,hypothetical_research_only
manistee_mi,freshwater_drum,22,2025-05-31,2,3.016129,0.350000,2.134073,hypothetical_research_only
manistee_mi,freshwater_drum,22,2025-05-31,6,3.016129,0.475000,2.323085,hypothetical_research_only
manistee_mi,freshwater_drum,22,2025-05-31,10,3.016129,0.625000,2.549899,hypothetical_research_only
manistee_mi,freshwater_drum,22,2025-05-31,14,3.016129,0.775000,2.776714,hypothetical_research_only
manistee_mi,freshwater_drum,22,2025-05-31,18,3.016129,0.900000,2.965726,hypothetical_research_only
manistee_mi,freshwater_drum,22,2025-05-31,22,3.016129,1.000000,3.116935,hypothetical_research_only
manistee_mi,freshwater_drum,22,2025-05-31,26,3.016129,1.000000,3.116935,hypothetical_research_only
manistee_mi,freshwater_drum,22,2025-05-31,30,3.016129,0.850000,2.890121,hypothetical_research_only
manistee_mi,freshwater_drum,23,2025-06-07,2,3.241935,0.350000,2.261089,hypothetical_research_only
manistee_mi,freshwater_drum,23,2025-06-07,6,3.241935,0.475000,2.471270,hypothetical_research_only
manistee_mi,freshwater_drum,23,2025-06-07,10,3.241935,0.625000,2.723488,hypothetical_research_only
manistee_mi,freshwater_drum,23,2025-06-07,14,3.241935,0.775000,2.975706,hypothetical_research_only
manistee_mi,freshwater_drum,23,2025-06-07,18,3.241935,0.900000,3.185887,hypothetical_research_only
manistee_mi,freshwater_drum,23,2025-06-07,22,3.241935,1.000000,3.354032,hypothetical_research_only
manistee_mi,freshwater_drum,23,2025-06-07,26,3.241935,1.000000,3.354032,hypothetical_research_only
manistee_mi,freshwater_drum,23,2025-06-07,30,3.241935,0.850000,3.101815,hypothetical_research_only
manistee_mi,freshwater_drum,24,2025-06-14,2,3.467742,0.350000,2.388105,hypothetical_research_only
manistee_mi,freshwater_drum,24,2025-06-14,6,3.467742,0.475000,2.619456,hypothetical_research_only
manistee_mi,freshwater_drum,24,2025-06-14,10,3.467742,0.625000,2.897077,hypothetical_research_only
manistee_mi,freshwater_drum,24,2025-06-14,14,3.467742,0.775000,3.174698,hypothetical_research_only
manistee_mi,freshwater_drum,24,2025-06-14,18,3.467742,0.900000,3.406048,hypothetical_research_only
manistee_mi,freshwater_drum,24,2025-06-14,22,3.467742,1.000000,3.591129,hypothetical_research_only
manistee_mi,freshwater_drum,24,2025-06-14,26,3.467742,1.000000,3.591129,hypothetical_research_only
manistee_mi,freshwater_drum,24,2025-06-14,30,3.467742,0.850000,3.313508,hypothetical_research_only
manistee_mi,freshwater_drum,25,2025-06-21,2,3.700000,0.350000,2.518750,hypothetical_research_only
manistee_mi,freshwater_drum,25,2025-06-21,6,3.700000,0.475000,2.771875,hypothetical_research_only
manistee_mi,freshwater_drum,25,2025-06-21,10,3.700000,0.625000,3.075625,hypothetical_research_only
manistee_mi,freshwater_drum,25,2025-06-21,14,3.700000,0.775000,3.379375,hypothetical_research_only
manistee_mi,freshwater_drum,25,2025-06-21,18,3.700000,0.900000,3.632500,hypothetical_research_only
manistee_mi,freshwater_drum,25,2025-06-21,22,3.700000,1.000000,3.835000,hypothetical_research_only
manistee_mi,freshwater_drum,25,2025-06-21,26,3.700000,1.000000,3.835000,hypothetical_research_only
manistee_mi,freshwater_drum,25,2025-06-21,30,3.700000,0.850000,3.531250,hypothetical_research_only
manistee_mi,freshwater_drum,26,2025-06-28,2,3.933333,0.350000,2.650000,hypothetical_research_only
manistee_mi,freshwater_drum,26,2025-06-28,6,3.933333,0.475000,2.925000,hypothetical_research_only
manistee_mi,freshwater_drum,26,2025-06-28,10,3.933333,0.625000,3.255000,hypothetical_research_only
manistee_mi,freshwater_drum,26,2025-06-28,14,3.933333,0.775000,3.585000,hypothetical_research_only
manistee_mi,freshwater_drum,26,2025-06-28,18,3.933333,0.900000,3.860000,hypothetical_research_only
manistee_mi,freshwater_drum,26,2025-06-28,22,3.933333,1.000000,4.080000,hypothetical_research_only
manistee_mi,freshwater_drum,26,2025-06-28,26,3.933333,1.000000,4.080000,hypothetical_research_only
manistee_mi,freshwater_drum,26,2025-06-28,30,3.933333,0.850000,3.750000,hypothetical_research_only
manistee_mi,freshwater_drum,27,2025-07-05,2,4.166667,0.350000,2.781250,hypothetical_research_only
manistee_mi,freshwater_drum,27,2025-07-05,6,4.166667,0.475000,3.078125,hypothetical_research_only
manistee_mi,freshwater_drum,27,2025-07-05,10,4.166667,0.625000,3.434375,hypothetical_research_only
manistee_mi,freshwater_drum,27,2025-07-05,14,4.166667,0.775000,3.790625,hypothetical_research_only
manistee_mi,freshwater_drum,27,2025-07-05,18,4.166667,0.900000,4.087500,hypothetical_research_only
manistee_mi,freshwater_drum,27,2025-07-05,22,4.166667,1.000000,4.325000,hypothetical_research_only
manistee_mi,freshwater_drum,27,2025-07-05,26,4.166667,1.000000,4.325000,hypothetical_research_only
manistee_mi,freshwater_drum,27,2025-07-05,30,4.166667,0.850000,3.968750,hypothetical_research_only
manistee_mi,freshwater_drum,28,2025-07-12,2,4.400000,0.350000,2.912500,hypothetical_research_only
manistee_mi,freshwater_drum,28,2025-07-12,6,4.400000,0.475000,3.231250,hypothetical_research_only
manistee_mi,freshwater_drum,28,2025-07-12,10,4.400000,0.625000,3.613750,hypothetical_research_only
manistee_mi,freshwater_drum,28,2025-07-12,14,4.400000,0.775000,3.996250,hypothetical_research_only
manistee_mi,freshwater_drum,28,2025-07-12,18,4.400000,0.900000,4.315000,hypothetical_research_only
manistee_mi,freshwater_drum,28,2025-07-12,22,4.400000,1.000000,4.570000,hypothetical_research_only
manistee_mi,freshwater_drum,28,2025-07-12,26,4.400000,1.000000,4.570000,hypothetical_research_only
manistee_mi,freshwater_drum,28,2025-07-12,30,4.400000,0.850000,4.187500,hypothetical_research_only
manistee_mi,freshwater_drum,29,2025-07-19,2,4.241935,0.350000,2.823589,hypothetical_research_only
manistee_mi,freshwater_drum,29,2025-07-19,6,4.241935,0.475000,3.127520,hypothetical_research_only
manistee_mi,freshwater_drum,29,2025-07-19,10,4.241935,0.625000,3.492238,hypothetical_research_only
manistee_mi,freshwater_drum,29,2025-07-19,14,4.241935,0.775000,3.856956,hypothetical_research_only
manistee_mi,freshwater_drum,29,2025-07-19,18,4.241935,0.900000,4.160887,hypothetical_research_only
manistee_mi,freshwater_drum,29,2025-07-19,22,4.241935,1.000000,4.404032,hypothetical_research_only
manistee_mi,freshwater_drum,29,2025-07-19,26,4.241935,1.000000,4.404032,hypothetical_research_only
manistee_mi,freshwater_drum,29,2025-07-19,30,4.241935,0.850000,4.039315,hypothetical_research_only
manistee_mi,freshwater_drum,30,2025-07-26,2,3.790323,0.350000,2.569556,hypothetical_research_only
manistee_mi,freshwater_drum,30,2025-07-26,6,3.790323,0.475000,2.831149,hypothetical_research_only
manistee_mi,freshwater_drum,30,2025-07-26,10,3.790323,0.625000,3.145060,hypothetical_research_only
manistee_mi,freshwater_drum,30,2025-07-26,14,3.790323,0.775000,3.458972,hypothetical_research_only
manistee_mi,freshwater_drum,30,2025-07-26,18,3.790323,0.900000,3.720565,hypothetical_research_only
manistee_mi,freshwater_drum,30,2025-07-26,22,3.790323,1.000000,3.929839,hypothetical_research_only
manistee_mi,freshwater_drum,30,2025-07-26,26,3.790323,1.000000,3.929839,hypothetical_research_only
manistee_mi,freshwater_drum,30,2025-07-26,30,3.790323,0.850000,3.615927,hypothetical_research_only
manistee_mi,freshwater_drum,31,2025-08-02,2,3.338710,0.350000,2.315524,hypothetical_research_only
manistee_mi,freshwater_drum,31,2025-08-02,6,3.338710,0.475000,2.534778,hypothetical_research_only
manistee_mi,freshwater_drum,31,2025-08-02,10,3.338710,0.625000,2.797883,hypothetical_research_only
manistee_mi,freshwater_drum,31,2025-08-02,14,3.338710,0.775000,3.060988,hypothetical_research_only
manistee_mi,freshwater_drum,31,2025-08-02,18,3.338710,0.900000,3.280242,hypothetical_research_only
manistee_mi,freshwater_drum,31,2025-08-02,22,3.338710,1.000000,3.455645,hypothetical_research_only
manistee_mi,freshwater_drum,31,2025-08-02,26,3.338710,1.000000,3.455645,hypothetical_research_only
manistee_mi,freshwater_drum,31,2025-08-02,30,3.338710,0.850000,3.192540,hypothetical_research_only
manistee_mi,freshwater_drum,32,2025-08-09,2,2.887097,0.350000,2.061492,hypothetical_research_only
manistee_mi,freshwater_drum,32,2025-08-09,6,2.887097,0.475000,2.238407,hypothetical_research_only
manistee_mi,freshwater_drum,32,2025-08-09,10,2.887097,0.625000,2.450706,hypothetical_research_only
manistee_mi,freshwater_drum,32,2025-08-09,14,2.887097,0.775000,2.663004,hypothetical_research_only
manistee_mi,freshwater_drum,32,2025-08-09,18,2.887097,0.900000,2.839919,hypothetical_research_only
manistee_mi,freshwater_drum,32,2025-08-09,22,2.887097,1.000000,2.981452,hypothetical_research_only
manistee_mi,freshwater_drum,32,2025-08-09,26,2.887097,1.000000,2.981452,hypothetical_research_only
manistee_mi,freshwater_drum,32,2025-08-09,30,2.887097,0.850000,2.769153,hypothetical_research_only
manistee_mi,freshwater_drum,33,2025-08-16,2,2.483871,0.350000,1.834677,hypothetical_research_only
manistee_mi,freshwater_drum,33,2025-08-16,6,2.483871,0.475000,1.973790,hypothetical_research_only
manistee_mi,freshwater_drum,33,2025-08-16,10,2.483871,0.625000,2.140726,hypothetical_research_only
manistee_mi,freshwater_drum,33,2025-08-16,14,2.483871,0.775000,2.307661,hypothetical_research_only
manistee_mi,freshwater_drum,33,2025-08-16,18,2.483871,0.900000,2.446774,hypothetical_research_only
manistee_mi,freshwater_drum,33,2025-08-16,22,2.483871,1.000000,2.558065,hypothetical_research_only
manistee_mi,freshwater_drum,33,2025-08-16,26,2.483871,1.000000,2.558065,hypothetical_research_only
manistee_mi,freshwater_drum,33,2025-08-16,30,2.483871,0.850000,2.391129,hypothetical_research_only
manistee_mi,freshwater_drum,34,2025-08-23,2,2.370968,0.350000,1.771169,hypothetical_research_only
manistee_mi,freshwater_drum,34,2025-08-23,6,2.370968,0.475000,1.899698,hypothetical_research_only
manistee_mi,freshwater_drum,34,2025-08-23,10,2.370968,0.625000,2.053931,hypothetical_research_only
manistee_mi,freshwater_drum,34,2025-08-23,14,2.370968,0.775000,2.208165,hypothetical_research_only
manistee_mi,freshwater_drum,34,2025-08-23,18,2.370968,0.900000,2.336694,hypothetical_research_only
manistee_mi,freshwater_drum,34,2025-08-23,22,2.370968,1.000000,2.439516,hypothetical_research_only
manistee_mi,freshwater_drum,34,2025-08-23,26,2.370968,1.000000,2.439516,hypothetical_research_only
manistee_mi,freshwater_drum,34,2025-08-23,30,2.370968,0.850000,2.285282,hypothetical_research_only
manistee_mi,freshwater_drum,35,2025-08-30,2,2.258065,0.350000,1.707661,hypothetical_research_only
manistee_mi,freshwater_drum,35,2025-08-30,6,2.258065,0.475000,1.825605,hypothetical_research_only
manistee_mi,freshwater_drum,35,2025-08-30,10,2.258065,0.625000,1.967137,hypothetical_research_only
manistee_mi,freshwater_drum,35,2025-08-30,14,2.258065,0.775000,2.108669,hypothetical_research_only
manistee_mi,freshwater_drum,35,2025-08-30,18,2.258065,0.900000,2.226613,hypothetical_research_only
manistee_mi,freshwater_drum,35,2025-08-30,22,2.258065,1.000000,2.320968,hypothetical_research_only
manistee_mi,freshwater_drum,35,2025-08-30,26,2.258065,1.000000,2.320968,hypothetical_research_only
manistee_mi,freshwater_drum,35,2025-08-30,30,2.258065,0.850000,2.179435,hypothetical_research_only
manistee_mi,freshwater_drum,36,2025-09-06,2,2.145161,0.350000,1.644153,hypothetical_research_only
manistee_mi,freshwater_drum,36,2025-09-06,6,2.145161,0.475000,1.751512,hypothetical_research_only
manistee_mi,freshwater_drum,36,2025-09-06,10,2.145161,0.625000,1.880343,hypothetical_research_only
manistee_mi,freshwater_drum,36,2025-09-06,14,2.145161,0.775000,2.009173,hypothetical_research_only
manistee_mi,freshwater_drum,36,2025-09-06,18,2.145161,0.900000,2.116532,hypothetical_research_only
manistee_mi,freshwater_drum,36,2025-09-06,22,2.145161,1.000000,2.202419,hypothetical_research_only
manistee_mi,freshwater_drum,36,2025-09-06,26,2.145161,1.000000,2.202419,hypothetical_research_only
manistee_mi,freshwater_drum,36,2025-09-06,30,2.145161,0.850000,2.073589,hypothetical_research_only
manistee_mi,freshwater_drum,37,2025-09-13,2,2.032258,0.350000,1.580645,hypothetical_research_only
manistee_mi,freshwater_drum,37,2025-09-13,6,2.032258,0.475000,1.677419,hypothetical_research_only
manistee_mi,freshwater_drum,37,2025-09-13,10,2.032258,0.625000,1.793548,hypothetical_research_only
manistee_mi,freshwater_drum,37,2025-09-13,14,2.032258,0.775000,1.909677,hypothetical_research_only
manistee_mi,freshwater_drum,37,2025-09-13,18,2.032258,0.900000,2.006452,hypothetical_research_only
manistee_mi,freshwater_drum,37,2025-09-13,22,2.032258,1.000000,2.083871,hypothetical_research_only
manistee_mi,freshwater_drum,37,2025-09-13,26,2.032258,1.000000,2.083871,hypothetical_research_only
manistee_mi,freshwater_drum,37,2025-09-13,30,2.032258,0.850000,1.967742,hypothetical_research_only
manistee_mi,freshwater_drum,38,2025-09-20,2,1.916667,0.350000,1.515625,hypothetical_research_only
manistee_mi,freshwater_drum,38,2025-09-20,6,1.916667,0.475000,1.601563,hypothetical_research_only
manistee_mi,freshwater_drum,38,2025-09-20,10,1.916667,0.625000,1.704688,hypothetical_research_only
manistee_mi,freshwater_drum,38,2025-09-20,14,1.916667,0.775000,1.807812,hypothetical_research_only
manistee_mi,freshwater_drum,38,2025-09-20,18,1.916667,0.900000,1.893750,hypothetical_research_only
manistee_mi,freshwater_drum,38,2025-09-20,22,1.916667,1.000000,1.962500,hypothetical_research_only
manistee_mi,freshwater_drum,38,2025-09-20,26,1.916667,1.000000,1.962500,hypothetical_research_only
manistee_mi,freshwater_drum,38,2025-09-20,30,1.916667,0.850000,1.859375,hypothetical_research_only
manistee_mi,freshwater_drum,39,2025-09-27,2,1.800000,0.350000,1.450000,hypothetical_research_only
manistee_mi,freshwater_drum,39,2025-09-27,6,1.800000,0.475000,1.525000,hypothetical_research_only
manistee_mi,freshwater_drum,39,2025-09-27,10,1.800000,0.625000,1.615000,hypothetical_research_only
manistee_mi,freshwater_drum,39,2025-09-27,14,1.800000,0.775000,1.705000,hypothetical_research_only
manistee_mi,freshwater_drum,39,2025-09-27,18,1.800000,0.900000,1.780000,hypothetical_research_only
manistee_mi,freshwater_drum,39,2025-09-27,22,1.800000,1.000000,1.840000,hypothetical_research_only
manistee_mi,freshwater_drum,39,2025-09-27,26,1.800000,1.000000,1.840000,hypothetical_research_only
manistee_mi,freshwater_drum,39,2025-09-27,30,1.800000,0.850000,1.750000,hypothetical_research_only
manistee_mi,freshwater_drum,40,2025-10-04,2,1.683333,0.350000,1.384375,hypothetical_research_only
manistee_mi,freshwater_drum,40,2025-10-04,6,1.683333,0.475000,1.448438,hypothetical_research_only
manistee_mi,freshwater_drum,40,2025-10-04,10,1.683333,0.625000,1.525313,hypothetical_research_only
manistee_mi,freshwater_drum,40,2025-10-04,14,1.683333,0.775000,1.602187,hypothetical_research_only
manistee_mi,freshwater_drum,40,2025-10-04,18,1.683333,0.900000,1.666250,hypothetical_research_only
manistee_mi,freshwater_drum,40,2025-10-04,22,1.683333,1.000000,1.717500,hypothetical_research_only
manistee_mi,freshwater_drum,40,2025-10-04,26,1.683333,1.000000,1.717500,hypothetical_research_only
manistee_mi,freshwater_drum,40,2025-10-04,30,1.683333,0.850000,1.640625,hypothetical_research_only
manistee_mi,freshwater_drum,41,2025-10-11,2,1.566667,0.350000,1.318750,hypothetical_research_only
manistee_mi,freshwater_drum,41,2025-10-11,6,1.566667,0.475000,1.371875,hypothetical_research_only
manistee_mi,freshwater_drum,41,2025-10-11,10,1.566667,0.625000,1.435625,hypothetical_research_only
manistee_mi,freshwater_drum,41,2025-10-11,14,1.566667,0.775000,1.499375,hypothetical_research_only
manistee_mi,freshwater_drum,41,2025-10-11,18,1.566667,0.900000,1.552500,hypothetical_research_only
manistee_mi,freshwater_drum,41,2025-10-11,22,1.566667,1.000000,1.595000,hypothetical_research_only
manistee_mi,freshwater_drum,41,2025-10-11,26,1.566667,1.000000,1.595000,hypothetical_research_only
manistee_mi,freshwater_drum,41,2025-10-11,30,1.566667,0.850000,1.531250,hypothetical_research_only
manistee_mi,freshwater_drum,42,2025-10-18,2,1.500000,0.350000,1.281250,hypothetical_research_only
manistee_mi,freshwater_drum,42,2025-10-18,6,1.500000,0.475000,1.328125,hypothetical_research_only
manistee_mi,freshwater_drum,42,2025-10-18,10,1.500000,0.625000,1.384375,hypothetical_research_only
manistee_mi,freshwater_drum,42,2025-10-18,14,1.500000,0.775000,1.440625,hypothetical_research_only
manistee_mi,freshwater_drum,42,2025-10-18,18,1.500000,0.900000,1.487500,hypothetical_research_only
manistee_mi,freshwater_drum,42,2025-10-18,22,1.500000,1.000000,1.525000,hypothetical_research_only
manistee_mi,freshwater_drum,42,2025-10-18,26,1.500000,1.000000,1.525000,hypothetical_research_only
manistee_mi,freshwater_drum,42,2025-10-18,30,1.500000,0.850000,1.468750,hypothetical_research_only
manistee_mi,freshwater_drum,43,2025-10-25,2,1.500000,0.350000,1.281250,hypothetical_research_only
manistee_mi,freshwater_drum,43,2025-10-25,6,1.500000,0.475000,1.328125,hypothetical_research_only
manistee_mi,freshwater_drum,43,2025-10-25,10,1.500000,0.625000,1.384375,hypothetical_research_only
manistee_mi,freshwater_drum,43,2025-10-25,14,1.500000,0.775000,1.440625,hypothetical_research_only
manistee_mi,freshwater_drum,43,2025-10-25,18,1.500000,0.900000,1.487500,hypothetical_research_only
manistee_mi,freshwater_drum,43,2025-10-25,22,1.500000,1.000000,1.525000,hypothetical_research_only
manistee_mi,freshwater_drum,43,2025-10-25,26,1.500000,1.000000,1.525000,hypothetical_research_only
manistee_mi,freshwater_drum,43,2025-10-25,30,1.500000,0.850000,1.468750,hypothetical_research_only
manistee_mi,freshwater_drum,44,2025-11-01,2,1.500000,0.350000,1.281250,hypothetical_research_only
manistee_mi,freshwater_drum,44,2025-11-01,6,1.500000,0.475000,1.328125,hypothetical_research_only
manistee_mi,freshwater_drum,44,2025-11-01,10,1.500000,0.625000,1.384375,hypothetical_research_only
manistee_mi,freshwater_drum,44,2025-11-01,14,1.500000,0.775000,1.440625,hypothetical_research_only
manistee_mi,freshwater_drum,44,2025-11-01,18,1.500000,0.900000,1.487500,hypothetical_research_only
manistee_mi,freshwater_drum,44,2025-11-01,22,1.500000,1.000000,1.525000,hypothetical_research_only
manistee_mi,freshwater_drum,44,2025-11-01,26,1.500000,1.000000,1.525000,hypothetical_research_only
manistee_mi,freshwater_drum,44,2025-11-01,30,1.500000,0.850000,1.468750,hypothetical_research_only
manistee_mi,freshwater_drum,45,2025-11-08,2,1.500000,0.350000,1.281250,hypothetical_research_only
manistee_mi,freshwater_drum,45,2025-11-08,6,1.500000,0.475000,1.328125,hypothetical_research_only
manistee_mi,freshwater_drum,45,2025-11-08,10,1.500000,0.625000,1.384375,hypothetical_research_only
manistee_mi,freshwater_drum,45,2025-11-08,14,1.500000,0.775000,1.440625,hypothetical_research_only
manistee_mi,freshwater_drum,45,2025-11-08,18,1.500000,0.900000,1.487500,hypothetical_research_only
manistee_mi,freshwater_drum,45,2025-11-08,22,1.500000,1.000000,1.525000,hypothetical_research_only
manistee_mi,freshwater_drum,45,2025-11-08,26,1.500000,1.000000,1.525000,hypothetical_research_only
manistee_mi,freshwater_drum,45,2025-11-08,30,1.500000,0.850000,1.468750,hypothetical_research_only
manistee_mi,freshwater_drum,46,2025-11-15,2,1.500000,0.350000,1.281250,hypothetical_research_only
manistee_mi,freshwater_drum,46,2025-11-15,6,1.500000,0.475000,1.328125,hypothetical_research_only
manistee_mi,freshwater_drum,46,2025-11-15,10,1.500000,0.625000,1.384375,hypothetical_research_only
manistee_mi,freshwater_drum,46,2025-11-15,14,1.500000,0.775000,1.440625,hypothetical_research_only
manistee_mi,freshwater_drum,46,2025-11-15,18,1.500000,0.900000,1.487500,hypothetical_research_only
manistee_mi,freshwater_drum,46,2025-11-15,22,1.500000,1.000000,1.525000,hypothetical_research_only
manistee_mi,freshwater_drum,46,2025-11-15,26,1.500000,1.000000,1.525000,hypothetical_research_only
manistee_mi,freshwater_drum,46,2025-11-15,30,1.500000,0.850000,1.468750,hypothetical_research_only
manistee_mi,freshwater_drum,47,2025-11-22,2,1.500000,0.350000,1.281250,hypothetical_research_only
manistee_mi,freshwater_drum,47,2025-11-22,6,1.500000,0.475000,1.328125,hypothetical_research_only
manistee_mi,freshwater_drum,47,2025-11-22,10,1.500000,0.625000,1.384375,hypothetical_research_only
manistee_mi,freshwater_drum,47,2025-11-22,14,1.500000,0.775000,1.440625,hypothetical_research_only
manistee_mi,freshwater_drum,47,2025-11-22,18,1.500000,0.900000,1.487500,hypothetical_research_only
manistee_mi,freshwater_drum,47,2025-11-22,22,1.500000,1.000000,1.525000,hypothetical_research_only
manistee_mi,freshwater_drum,47,2025-11-22,26,1.500000,1.000000,1.525000,hypothetical_research_only
manistee_mi,freshwater_drum,47,2025-11-22,30,1.500000,0.850000,1.468750,hypothetical_research_only
manistee_mi,freshwater_drum,48,2025-11-29,2,1.500000,0.350000,1.281250,hypothetical_research_only
manistee_mi,freshwater_drum,48,2025-11-29,6,1.500000,0.475000,1.328125,hypothetical_research_only
manistee_mi,freshwater_drum,48,2025-11-29,10,1.500000,0.625000,1.384375,hypothetical_research_only
manistee_mi,freshwater_drum,48,2025-11-29,14,1.500000,0.775000,1.440625,hypothetical_research_only
manistee_mi,freshwater_drum,48,2025-11-29,18,1.500000,0.900000,1.487500,hypothetical_research_only
manistee_mi,freshwater_drum,48,2025-11-29,22,1.500000,1.000000,1.525000,hypothetical_research_only
manistee_mi,freshwater_drum,48,2025-11-29,26,1.500000,1.000000,1.525000,hypothetical_research_only
manistee_mi,freshwater_drum,48,2025-11-29,30,1.500000,0.850000,1.468750,hypothetical_research_only
manistee_mi,freshwater_drum,49,2025-12-06,2,1.500000,0.350000,1.281250,hypothetical_research_only
manistee_mi,freshwater_drum,49,2025-12-06,6,1.500000,0.475000,1.328125,hypothetical_research_only
manistee_mi,freshwater_drum,49,2025-12-06,10,1.500000,0.625000,1.384375,hypothetical_research_only
manistee_mi,freshwater_drum,49,2025-12-06,14,1.500000,0.775000,1.440625,hypothetical_research_only
manistee_mi,freshwater_drum,49,2025-12-06,18,1.500000,0.900000,1.487500,hypothetical_research_only
manistee_mi,freshwater_drum,49,2025-12-06,22,1.500000,1.000000,1.525000,hypothetical_research_only
manistee_mi,freshwater_drum,49,2025-12-06,26,1.500000,1.000000,1.525000,hypothetical_research_only
manistee_mi,freshwater_drum,49,2025-12-06,30,1.500000,0.850000,1.468750,hypothetical_research_only
manistee_mi,freshwater_drum,50,2025-12-13,2,1.500000,0.350000,1.281250,hypothetical_research_only
manistee_mi,freshwater_drum,50,2025-12-13,6,1.500000,0.475000,1.328125,hypothetical_research_only
manistee_mi,freshwater_drum,50,2025-12-13,10,1.500000,0.625000,1.384375,hypothetical_research_only
manistee_mi,freshwater_drum,50,2025-12-13,14,1.500000,0.775000,1.440625,hypothetical_research_only
manistee_mi,freshwater_drum,50,2025-12-13,18,1.500000,0.900000,1.487500,hypothetical_research_only
manistee_mi,freshwater_drum,50,2025-12-13,22,1.500000,1.000000,1.525000,hypothetical_research_only
manistee_mi,freshwater_drum,50,2025-12-13,26,1.500000,1.000000,1.525000,hypothetical_research_only
manistee_mi,freshwater_drum,50,2025-12-13,30,1.500000,0.850000,1.468750,hypothetical_research_only
manistee_mi,freshwater_drum,51,2025-12-20,2,1.500000,0.350000,1.281250,hypothetical_research_only
manistee_mi,freshwater_drum,51,2025-12-20,6,1.500000,0.475000,1.328125,hypothetical_research_only
manistee_mi,freshwater_drum,51,2025-12-20,10,1.500000,0.625000,1.384375,hypothetical_research_only
manistee_mi,freshwater_drum,51,2025-12-20,14,1.500000,0.775000,1.440625,hypothetical_research_only
manistee_mi,freshwater_drum,51,2025-12-20,18,1.500000,0.900000,1.487500,hypothetical_research_only
manistee_mi,freshwater_drum,51,2025-12-20,22,1.500000,1.000000,1.525000,hypothetical_research_only
manistee_mi,freshwater_drum,51,2025-12-20,26,1.500000,1.000000,1.525000,hypothetical_research_only
manistee_mi,freshwater_drum,51,2025-12-20,30,1.500000,0.850000,1.468750,hypothetical_research_only
manistee_mi,freshwater_drum,52,2025-12-27,2,1.500000,0.350000,1.281250,hypothetical_research_only
manistee_mi,freshwater_drum,52,2025-12-27,6,1.500000,0.475000,1.328125,hypothetical_research_only
manistee_mi,freshwater_drum,52,2025-12-27,10,1.500000,0.625000,1.384375,hypothetical_research_only
manistee_mi,freshwater_drum,52,2025-12-27,14,1.500000,0.775000,1.440625,hypothetical_research_only
manistee_mi,freshwater_drum,52,2025-12-27,18,1.500000,0.900000,1.487500,hypothetical_research_only
manistee_mi,freshwater_drum,52,2025-12-27,22,1.500000,1.000000,1.525000,hypothetical_research_only
manistee_mi,freshwater_drum,52,2025-12-27,26,1.500000,1.000000,1.525000,hypothetical_research_only
manistee_mi,freshwater_drum,52,2025-12-27,30,1.500000,0.850000,1.468750,hypothetical_research_only
manistee_mi,yellow_perch,1,2025-01-04,2,1.500000,0.725000,1.421875,hypothetical_research_only
manistee_mi,yellow_perch,1,2025-01-04,6,1.500000,0.850000,1.468750,hypothetical_research_only
manistee_mi,yellow_perch,1,2025-01-04,10,1.500000,0.925000,1.496875,hypothetical_research_only
manistee_mi,yellow_perch,1,2025-01-04,14,1.500000,0.975000,1.515625,hypothetical_research_only
manistee_mi,yellow_perch,1,2025-01-04,18,1.500000,1.000000,1.525000,hypothetical_research_only
manistee_mi,yellow_perch,1,2025-01-04,22,1.500000,0.950000,1.506250,hypothetical_research_only
manistee_mi,yellow_perch,1,2025-01-04,26,1.500000,0.716667,1.418750,hypothetical_research_only
manistee_mi,yellow_perch,1,2025-01-04,30,1.500000,0.350000,1.281250,hypothetical_research_only
manistee_mi,yellow_perch,2,2025-01-11,2,1.500000,0.725000,1.421875,hypothetical_research_only
manistee_mi,yellow_perch,2,2025-01-11,6,1.500000,0.850000,1.468750,hypothetical_research_only
manistee_mi,yellow_perch,2,2025-01-11,10,1.500000,0.925000,1.496875,hypothetical_research_only
manistee_mi,yellow_perch,2,2025-01-11,14,1.500000,0.975000,1.515625,hypothetical_research_only
manistee_mi,yellow_perch,2,2025-01-11,18,1.500000,1.000000,1.525000,hypothetical_research_only
manistee_mi,yellow_perch,2,2025-01-11,22,1.500000,0.950000,1.506250,hypothetical_research_only
manistee_mi,yellow_perch,2,2025-01-11,26,1.500000,0.716667,1.418750,hypothetical_research_only
manistee_mi,yellow_perch,2,2025-01-11,30,1.500000,0.350000,1.281250,hypothetical_research_only
manistee_mi,yellow_perch,3,2025-01-18,2,1.500000,0.725000,1.421875,hypothetical_research_only
manistee_mi,yellow_perch,3,2025-01-18,6,1.500000,0.850000,1.468750,hypothetical_research_only
manistee_mi,yellow_perch,3,2025-01-18,10,1.500000,0.925000,1.496875,hypothetical_research_only
manistee_mi,yellow_perch,3,2025-01-18,14,1.500000,0.975000,1.515625,hypothetical_research_only
manistee_mi,yellow_perch,3,2025-01-18,18,1.500000,1.000000,1.525000,hypothetical_research_only
manistee_mi,yellow_perch,3,2025-01-18,22,1.500000,0.950000,1.506250,hypothetical_research_only
manistee_mi,yellow_perch,3,2025-01-18,26,1.500000,0.716667,1.418750,hypothetical_research_only
manistee_mi,yellow_perch,3,2025-01-18,30,1.500000,0.350000,1.281250,hypothetical_research_only
manistee_mi,yellow_perch,4,2025-01-25,2,1.500000,0.725000,1.421875,hypothetical_research_only
manistee_mi,yellow_perch,4,2025-01-25,6,1.500000,0.850000,1.468750,hypothetical_research_only
manistee_mi,yellow_perch,4,2025-01-25,10,1.500000,0.925000,1.496875,hypothetical_research_only
manistee_mi,yellow_perch,4,2025-01-25,14,1.500000,0.975000,1.515625,hypothetical_research_only
manistee_mi,yellow_perch,4,2025-01-25,18,1.500000,1.000000,1.525000,hypothetical_research_only
manistee_mi,yellow_perch,4,2025-01-25,22,1.500000,0.950000,1.506250,hypothetical_research_only
manistee_mi,yellow_perch,4,2025-01-25,26,1.500000,0.716667,1.418750,hypothetical_research_only
manistee_mi,yellow_perch,4,2025-01-25,30,1.500000,0.350000,1.281250,hypothetical_research_only
manistee_mi,yellow_perch,5,2025-02-01,2,1.500000,0.725000,1.421875,hypothetical_research_only
manistee_mi,yellow_perch,5,2025-02-01,6,1.500000,0.850000,1.468750,hypothetical_research_only
manistee_mi,yellow_perch,5,2025-02-01,10,1.500000,0.925000,1.496875,hypothetical_research_only
manistee_mi,yellow_perch,5,2025-02-01,14,1.500000,0.975000,1.515625,hypothetical_research_only
manistee_mi,yellow_perch,5,2025-02-01,18,1.500000,1.000000,1.525000,hypothetical_research_only
manistee_mi,yellow_perch,5,2025-02-01,22,1.500000,0.950000,1.506250,hypothetical_research_only
manistee_mi,yellow_perch,5,2025-02-01,26,1.500000,0.716667,1.418750,hypothetical_research_only
manistee_mi,yellow_perch,5,2025-02-01,30,1.500000,0.350000,1.281250,hypothetical_research_only
manistee_mi,yellow_perch,6,2025-02-08,2,1.500000,0.725000,1.421875,hypothetical_research_only
manistee_mi,yellow_perch,6,2025-02-08,6,1.500000,0.850000,1.468750,hypothetical_research_only
manistee_mi,yellow_perch,6,2025-02-08,10,1.500000,0.925000,1.496875,hypothetical_research_only
manistee_mi,yellow_perch,6,2025-02-08,14,1.500000,0.975000,1.515625,hypothetical_research_only
manistee_mi,yellow_perch,6,2025-02-08,18,1.500000,1.000000,1.525000,hypothetical_research_only
manistee_mi,yellow_perch,6,2025-02-08,22,1.500000,0.950000,1.506250,hypothetical_research_only
manistee_mi,yellow_perch,6,2025-02-08,26,1.500000,0.716667,1.418750,hypothetical_research_only
manistee_mi,yellow_perch,6,2025-02-08,30,1.500000,0.350000,1.281250,hypothetical_research_only
manistee_mi,yellow_perch,7,2025-02-15,2,1.500000,0.725000,1.421875,hypothetical_research_only
manistee_mi,yellow_perch,7,2025-02-15,6,1.500000,0.850000,1.468750,hypothetical_research_only
manistee_mi,yellow_perch,7,2025-02-15,10,1.500000,0.925000,1.496875,hypothetical_research_only
manistee_mi,yellow_perch,7,2025-02-15,14,1.500000,0.975000,1.515625,hypothetical_research_only
manistee_mi,yellow_perch,7,2025-02-15,18,1.500000,1.000000,1.525000,hypothetical_research_only
manistee_mi,yellow_perch,7,2025-02-15,22,1.500000,0.950000,1.506250,hypothetical_research_only
manistee_mi,yellow_perch,7,2025-02-15,26,1.500000,0.716667,1.418750,hypothetical_research_only
manistee_mi,yellow_perch,7,2025-02-15,30,1.500000,0.350000,1.281250,hypothetical_research_only
manistee_mi,yellow_perch,8,2025-02-22,2,1.750000,0.725000,1.632813,hypothetical_research_only
manistee_mi,yellow_perch,8,2025-02-22,6,1.750000,0.850000,1.703125,hypothetical_research_only
manistee_mi,yellow_perch,8,2025-02-22,10,1.750000,0.925000,1.745313,hypothetical_research_only
manistee_mi,yellow_perch,8,2025-02-22,14,1.750000,0.975000,1.773438,hypothetical_research_only
manistee_mi,yellow_perch,8,2025-02-22,18,1.750000,1.000000,1.787500,hypothetical_research_only
manistee_mi,yellow_perch,8,2025-02-22,22,1.750000,0.950000,1.759375,hypothetical_research_only
manistee_mi,yellow_perch,8,2025-02-22,26,1.750000,0.716667,1.628125,hypothetical_research_only
manistee_mi,yellow_perch,8,2025-02-22,30,1.750000,0.350000,1.421875,hypothetical_research_only
manistee_mi,yellow_perch,9,2025-03-01,2,2.000000,0.725000,1.843750,hypothetical_research_only
manistee_mi,yellow_perch,9,2025-03-01,6,2.000000,0.850000,1.937500,hypothetical_research_only
manistee_mi,yellow_perch,9,2025-03-01,10,2.000000,0.925000,1.993750,hypothetical_research_only
manistee_mi,yellow_perch,9,2025-03-01,14,2.000000,0.975000,2.031250,hypothetical_research_only
manistee_mi,yellow_perch,9,2025-03-01,18,2.000000,1.000000,2.050000,hypothetical_research_only
manistee_mi,yellow_perch,9,2025-03-01,22,2.000000,0.950000,2.012500,hypothetical_research_only
manistee_mi,yellow_perch,9,2025-03-01,26,2.000000,0.716667,1.837500,hypothetical_research_only
manistee_mi,yellow_perch,9,2025-03-01,30,2.000000,0.350000,1.562500,hypothetical_research_only
manistee_mi,yellow_perch,10,2025-03-08,2,2.250000,0.725000,2.054688,hypothetical_research_only
manistee_mi,yellow_perch,10,2025-03-08,6,2.250000,0.850000,2.171875,hypothetical_research_only
manistee_mi,yellow_perch,10,2025-03-08,10,2.250000,0.925000,2.242188,hypothetical_research_only
manistee_mi,yellow_perch,10,2025-03-08,14,2.250000,0.975000,2.289063,hypothetical_research_only
manistee_mi,yellow_perch,10,2025-03-08,18,2.250000,1.000000,2.312500,hypothetical_research_only
manistee_mi,yellow_perch,10,2025-03-08,22,2.250000,0.950000,2.265625,hypothetical_research_only
manistee_mi,yellow_perch,10,2025-03-08,26,2.250000,0.716667,2.046875,hypothetical_research_only
manistee_mi,yellow_perch,10,2025-03-08,30,2.250000,0.350000,1.703125,hypothetical_research_only
manistee_mi,yellow_perch,11,2025-03-15,2,2.500000,0.725000,2.265625,hypothetical_research_only
manistee_mi,yellow_perch,11,2025-03-15,6,2.500000,0.850000,2.406250,hypothetical_research_only
manistee_mi,yellow_perch,11,2025-03-15,10,2.500000,0.925000,2.490625,hypothetical_research_only
manistee_mi,yellow_perch,11,2025-03-15,14,2.500000,0.975000,2.546875,hypothetical_research_only
manistee_mi,yellow_perch,11,2025-03-15,18,2.500000,1.000000,2.575000,hypothetical_research_only
manistee_mi,yellow_perch,11,2025-03-15,22,2.500000,0.950000,2.518750,hypothetical_research_only
manistee_mi,yellow_perch,11,2025-03-15,26,2.500000,0.716667,2.256250,hypothetical_research_only
manistee_mi,yellow_perch,11,2025-03-15,30,2.500000,0.350000,1.843750,hypothetical_research_only
manistee_mi,yellow_perch,12,2025-03-22,2,3.290323,0.725000,2.932460,hypothetical_research_only
manistee_mi,yellow_perch,12,2025-03-22,6,3.290323,0.850000,3.147177,hypothetical_research_only
manistee_mi,yellow_perch,12,2025-03-22,10,3.290323,0.925000,3.276008,hypothetical_research_only
manistee_mi,yellow_perch,12,2025-03-22,14,3.290323,0.975000,3.361895,hypothetical_research_only
manistee_mi,yellow_perch,12,2025-03-22,18,3.290323,1.000000,3.404839,hypothetical_research_only
manistee_mi,yellow_perch,12,2025-03-22,22,3.290323,0.950000,3.318952,hypothetical_research_only
manistee_mi,yellow_perch,12,2025-03-22,26,3.290323,0.716667,2.918145,hypothetical_research_only
manistee_mi,yellow_perch,12,2025-03-22,30,3.290323,0.350000,2.288306,hypothetical_research_only
manistee_mi,yellow_perch,13,2025-03-29,2,4.080645,0.725000,3.599294,hypothetical_research_only
manistee_mi,yellow_perch,13,2025-03-29,6,4.080645,0.850000,3.888105,hypothetical_research_only
manistee_mi,yellow_perch,13,2025-03-29,10,4.080645,0.925000,4.061391,hypothetical_research_only
manistee_mi,yellow_perch,13,2025-03-29,14,4.080645,0.975000,4.176915,hypothetical_research_only
manistee_mi,yellow_perch,13,2025-03-29,18,4.080645,1.000000,4.234677,hypothetical_research_only
manistee_mi,yellow_perch,13,2025-03-29,22,4.080645,0.950000,4.119153,hypothetical_research_only
manistee_mi,yellow_perch,13,2025-03-29,26,4.080645,0.716667,3.580040,hypothetical_research_only
manistee_mi,yellow_perch,13,2025-03-29,30,4.080645,0.350000,2.732863,hypothetical_research_only
manistee_mi,yellow_perch,14,2025-04-05,2,4.870968,0.725000,4.266129,hypothetical_research_only
manistee_mi,yellow_perch,14,2025-04-05,6,4.870968,0.850000,4.629032,hypothetical_research_only
manistee_mi,yellow_perch,14,2025-04-05,10,4.870968,0.925000,4.846774,hypothetical_research_only
manistee_mi,yellow_perch,14,2025-04-05,14,4.870968,0.975000,4.991935,hypothetical_research_only
manistee_mi,yellow_perch,14,2025-04-05,18,4.870968,1.000000,5.064516,hypothetical_research_only
manistee_mi,yellow_perch,14,2025-04-05,22,4.870968,0.950000,4.919355,hypothetical_research_only
manistee_mi,yellow_perch,14,2025-04-05,26,4.870968,0.716667,4.241935,hypothetical_research_only
manistee_mi,yellow_perch,14,2025-04-05,30,4.870968,0.350000,3.177419,hypothetical_research_only
manistee_mi,yellow_perch,15,2025-04-12,2,5.661290,0.725000,4.932964,hypothetical_research_only
manistee_mi,yellow_perch,15,2025-04-12,6,5.661290,0.850000,5.369960,hypothetical_research_only
manistee_mi,yellow_perch,15,2025-04-12,10,5.661290,0.925000,5.632157,hypothetical_research_only
manistee_mi,yellow_perch,15,2025-04-12,14,5.661290,0.975000,5.806956,hypothetical_research_only
manistee_mi,yellow_perch,15,2025-04-12,18,5.661290,1.000000,5.894355,hypothetical_research_only
manistee_mi,yellow_perch,15,2025-04-12,22,5.661290,0.950000,5.719556,hypothetical_research_only
manistee_mi,yellow_perch,15,2025-04-12,26,5.661290,0.716667,4.903831,hypothetical_research_only
manistee_mi,yellow_perch,15,2025-04-12,30,5.661290,0.350000,3.621976,hypothetical_research_only
manistee_mi,yellow_perch,16,2025-04-19,2,6.133333,0.725000,5.331250,hypothetical_research_only
manistee_mi,yellow_perch,16,2025-04-19,6,6.133333,0.850000,5.812500,hypothetical_research_only
manistee_mi,yellow_perch,16,2025-04-19,10,6.133333,0.925000,6.101250,hypothetical_research_only
manistee_mi,yellow_perch,16,2025-04-19,14,6.133333,0.975000,6.293750,hypothetical_research_only
manistee_mi,yellow_perch,16,2025-04-19,18,6.133333,1.000000,6.390000,hypothetical_research_only
manistee_mi,yellow_perch,16,2025-04-19,22,6.133333,0.950000,6.197500,hypothetical_research_only
manistee_mi,yellow_perch,16,2025-04-19,26,6.133333,0.716667,5.299167,hypothetical_research_only
manistee_mi,yellow_perch,16,2025-04-19,30,6.133333,0.350000,3.887500,hypothetical_research_only
manistee_mi,yellow_perch,17,2025-04-26,2,6.366667,0.725000,5.528125,hypothetical_research_only
manistee_mi,yellow_perch,17,2025-04-26,6,6.366667,0.850000,6.031250,hypothetical_research_only
manistee_mi,yellow_perch,17,2025-04-26,10,6.366667,0.925000,6.333125,hypothetical_research_only
manistee_mi,yellow_perch,17,2025-04-26,14,6.366667,0.975000,6.534375,hypothetical_research_only
manistee_mi,yellow_perch,17,2025-04-26,18,6.366667,1.000000,6.635000,hypothetical_research_only
manistee_mi,yellow_perch,17,2025-04-26,22,6.366667,0.950000,6.433750,hypothetical_research_only
manistee_mi,yellow_perch,17,2025-04-26,26,6.366667,0.716667,5.494583,hypothetical_research_only
manistee_mi,yellow_perch,17,2025-04-26,30,6.366667,0.350000,4.018750,hypothetical_research_only
manistee_mi,yellow_perch,18,2025-05-03,2,6.600000,0.725000,5.725000,hypothetical_research_only
manistee_mi,yellow_perch,18,2025-05-03,6,6.600000,0.850000,6.250000,hypothetical_research_only
manistee_mi,yellow_perch,18,2025-05-03,10,6.600000,0.925000,6.565000,hypothetical_research_only
manistee_mi,yellow_perch,18,2025-05-03,14,6.600000,0.975000,6.775000,hypothetical_research_only
manistee_mi,yellow_perch,18,2025-05-03,18,6.600000,1.000000,6.880000,hypothetical_research_only
manistee_mi,yellow_perch,18,2025-05-03,22,6.600000,0.950000,6.670000,hypothetical_research_only
manistee_mi,yellow_perch,18,2025-05-03,26,6.600000,0.716667,5.690000,hypothetical_research_only
manistee_mi,yellow_perch,18,2025-05-03,30,6.600000,0.350000,4.150000,hypothetical_research_only
manistee_mi,yellow_perch,19,2025-05-10,2,6.833333,0.725000,5.921875,hypothetical_research_only
manistee_mi,yellow_perch,19,2025-05-10,6,6.833333,0.850000,6.468750,hypothetical_research_only
manistee_mi,yellow_perch,19,2025-05-10,10,6.833333,0.925000,6.796875,hypothetical_research_only
manistee_mi,yellow_perch,19,2025-05-10,14,6.833333,0.975000,7.015625,hypothetical_research_only
manistee_mi,yellow_perch,19,2025-05-10,18,6.833333,1.000000,7.125000,hypothetical_research_only
manistee_mi,yellow_perch,19,2025-05-10,22,6.833333,0.950000,6.906250,hypothetical_research_only
manistee_mi,yellow_perch,19,2025-05-10,26,6.833333,0.716667,5.885417,hypothetical_research_only
manistee_mi,yellow_perch,19,2025-05-10,30,6.833333,0.350000,4.281250,hypothetical_research_only
manistee_mi,yellow_perch,20,2025-05-17,2,6.806452,0.725000,5.899194,hypothetical_research_only
manistee_mi,yellow_perch,20,2025-05-17,6,6.806452,0.850000,6.443548,hypothetical_research_only
manistee_mi,yellow_perch,20,2025-05-17,10,6.806452,0.925000,6.770161,hypothetical_research_only
manistee_mi,yellow_perch,20,2025-05-17,14,6.806452,0.975000,6.987903,hypothetical_research_only
manistee_mi,yellow_perch,20,2025-05-17,18,6.806452,1.000000,7.096774,hypothetical_research_only
manistee_mi,yellow_perch,20,2025-05-17,22,6.806452,0.950000,6.879032,hypothetical_research_only
manistee_mi,yellow_perch,20,2025-05-17,26,6.806452,0.716667,5.862903,hypothetical_research_only
manistee_mi,yellow_perch,20,2025-05-17,30,6.806452,0.350000,4.266129,hypothetical_research_only
manistee_mi,yellow_perch,21,2025-05-24,2,6.129032,0.725000,5.327621,hypothetical_research_only
manistee_mi,yellow_perch,21,2025-05-24,6,6.129032,0.850000,5.808468,hypothetical_research_only
manistee_mi,yellow_perch,21,2025-05-24,10,6.129032,0.925000,6.096976,hypothetical_research_only
manistee_mi,yellow_perch,21,2025-05-24,14,6.129032,0.975000,6.289315,hypothetical_research_only
manistee_mi,yellow_perch,21,2025-05-24,18,6.129032,1.000000,6.385484,hypothetical_research_only
manistee_mi,yellow_perch,21,2025-05-24,22,6.129032,0.950000,6.193145,hypothetical_research_only
manistee_mi,yellow_perch,21,2025-05-24,26,6.129032,0.716667,5.295565,hypothetical_research_only
manistee_mi,yellow_perch,21,2025-05-24,30,6.129032,0.350000,3.885081,hypothetical_research_only
manistee_mi,yellow_perch,22,2025-05-31,2,5.451613,0.725000,4.756048,hypothetical_research_only
manistee_mi,yellow_perch,22,2025-05-31,6,5.451613,0.850000,5.173387,hypothetical_research_only
manistee_mi,yellow_perch,22,2025-05-31,10,5.451613,0.925000,5.423790,hypothetical_research_only
manistee_mi,yellow_perch,22,2025-05-31,14,5.451613,0.975000,5.590726,hypothetical_research_only
manistee_mi,yellow_perch,22,2025-05-31,18,5.451613,1.000000,5.674194,hypothetical_research_only
manistee_mi,yellow_perch,22,2025-05-31,22,5.451613,0.950000,5.507258,hypothetical_research_only
manistee_mi,yellow_perch,22,2025-05-31,26,5.451613,0.716667,4.728226,hypothetical_research_only
manistee_mi,yellow_perch,22,2025-05-31,30,5.451613,0.350000,3.504032,hypothetical_research_only
manistee_mi,yellow_perch,23,2025-06-07,2,4.774194,0.725000,4.184476,hypothetical_research_only
manistee_mi,yellow_perch,23,2025-06-07,6,4.774194,0.850000,4.538306,hypothetical_research_only
manistee_mi,yellow_perch,23,2025-06-07,10,4.774194,0.925000,4.750605,hypothetical_research_only
manistee_mi,yellow_perch,23,2025-06-07,14,4.774194,0.975000,4.892137,hypothetical_research_only
manistee_mi,yellow_perch,23,2025-06-07,18,4.774194,1.000000,4.962903,hypothetical_research_only
manistee_mi,yellow_perch,23,2025-06-07,22,4.774194,0.950000,4.821371,hypothetical_research_only
manistee_mi,yellow_perch,23,2025-06-07,26,4.774194,0.716667,4.160887,hypothetical_research_only
manistee_mi,yellow_perch,23,2025-06-07,30,4.774194,0.350000,3.122984,hypothetical_research_only
manistee_mi,yellow_perch,24,2025-06-14,2,4.096774,0.725000,3.612903,hypothetical_research_only
manistee_mi,yellow_perch,24,2025-06-14,6,4.096774,0.850000,3.903226,hypothetical_research_only
manistee_mi,yellow_perch,24,2025-06-14,10,4.096774,0.925000,4.077419,hypothetical_research_only
manistee_mi,yellow_perch,24,2025-06-14,14,4.096774,0.975000,4.193548,hypothetical_research_only
manistee_mi,yellow_perch,24,2025-06-14,18,4.096774,1.000000,4.251613,hypothetical_research_only
manistee_mi,yellow_perch,24,2025-06-14,22,4.096774,0.950000,4.135484,hypothetical_research_only
manistee_mi,yellow_perch,24,2025-06-14,26,4.096774,0.716667,3.593548,hypothetical_research_only
manistee_mi,yellow_perch,24,2025-06-14,30,4.096774,0.350000,2.741935,hypothetical_research_only
manistee_mi,yellow_perch,25,2025-06-21,2,3.600000,0.725000,3.193750,hypothetical_research_only
manistee_mi,yellow_perch,25,2025-06-21,6,3.600000,0.850000,3.437500,hypothetical_research_only
manistee_mi,yellow_perch,25,2025-06-21,10,3.600000,0.925000,3.583750,hypothetical_research_only
manistee_mi,yellow_perch,25,2025-06-21,14,3.600000,0.975000,3.681250,hypothetical_research_only
manistee_mi,yellow_perch,25,2025-06-21,18,3.600000,1.000000,3.730000,hypothetical_research_only
manistee_mi,yellow_perch,25,2025-06-21,22,3.600000,0.950000,3.632500,hypothetical_research_only
manistee_mi,yellow_perch,25,2025-06-21,26,3.600000,0.716667,3.177500,hypothetical_research_only
manistee_mi,yellow_perch,25,2025-06-21,30,3.600000,0.350000,2.462500,hypothetical_research_only
manistee_mi,yellow_perch,26,2025-06-28,2,3.133333,0.725000,2.800000,hypothetical_research_only
manistee_mi,yellow_perch,26,2025-06-28,6,3.133333,0.850000,3.000000,hypothetical_research_only
manistee_mi,yellow_perch,26,2025-06-28,10,3.133333,0.925000,3.120000,hypothetical_research_only
manistee_mi,yellow_perch,26,2025-06-28,14,3.133333,0.975000,3.200000,hypothetical_research_only
manistee_mi,yellow_perch,26,2025-06-28,18,3.133333,1.000000,3.240000,hypothetical_research_only
manistee_mi,yellow_perch,26,2025-06-28,22,3.133333,0.950000,3.160000,hypothetical_research_only
manistee_mi,yellow_perch,26,2025-06-28,26,3.133333,0.716667,2.786667,hypothetical_research_only
manistee_mi,yellow_perch,26,2025-06-28,30,3.133333,0.350000,2.200000,hypothetical_research_only
manistee_mi,yellow_perch,27,2025-07-05,2,2.666667,0.725000,2.406250,hypothetical_research_only
manistee_mi,yellow_perch,27,2025-07-05,6,2.666667,0.850000,2.562500,hypothetical_research_only
manistee_mi,yellow_perch,27,2025-07-05,10,2.666667,0.925000,2.656250,hypothetical_research_only
manistee_mi,yellow_perch,27,2025-07-05,14,2.666667,0.975000,2.718750,hypothetical_research_only
manistee_mi,yellow_perch,27,2025-07-05,18,2.666667,1.000000,2.750000,hypothetical_research_only
manistee_mi,yellow_perch,27,2025-07-05,22,2.666667,0.950000,2.687500,hypothetical_research_only
manistee_mi,yellow_perch,27,2025-07-05,26,2.666667,0.716667,2.395833,hypothetical_research_only
manistee_mi,yellow_perch,27,2025-07-05,30,2.666667,0.350000,1.937500,hypothetical_research_only
manistee_mi,yellow_perch,28,2025-07-12,2,2.200000,0.725000,2.012500,hypothetical_research_only
manistee_mi,yellow_perch,28,2025-07-12,6,2.200000,0.850000,2.125000,hypothetical_research_only
manistee_mi,yellow_perch,28,2025-07-12,10,2.200000,0.925000,2.192500,hypothetical_research_only
manistee_mi,yellow_perch,28,2025-07-12,14,2.200000,0.975000,2.237500,hypothetical_research_only
manistee_mi,yellow_perch,28,2025-07-12,18,2.200000,1.000000,2.260000,hypothetical_research_only
manistee_mi,yellow_perch,28,2025-07-12,22,2.200000,0.950000,2.215000,hypothetical_research_only
manistee_mi,yellow_perch,28,2025-07-12,26,2.200000,0.716667,2.005000,hypothetical_research_only
manistee_mi,yellow_perch,28,2025-07-12,30,2.200000,0.350000,1.675000,hypothetical_research_only
manistee_mi,yellow_perch,29,2025-07-19,2,1.935484,0.725000,1.789315,hypothetical_research_only
manistee_mi,yellow_perch,29,2025-07-19,6,1.935484,0.850000,1.877016,hypothetical_research_only
manistee_mi,yellow_perch,29,2025-07-19,10,1.935484,0.925000,1.929637,hypothetical_research_only
manistee_mi,yellow_perch,29,2025-07-19,14,1.935484,0.975000,1.964718,hypothetical_research_only
manistee_mi,yellow_perch,29,2025-07-19,18,1.935484,1.000000,1.982258,hypothetical_research_only
manistee_mi,yellow_perch,29,2025-07-19,22,1.935484,0.950000,1.947177,hypothetical_research_only
manistee_mi,yellow_perch,29,2025-07-19,26,1.935484,0.716667,1.783468,hypothetical_research_only
manistee_mi,yellow_perch,29,2025-07-19,30,1.935484,0.350000,1.526210,hypothetical_research_only
manistee_mi,yellow_perch,30,2025-07-26,2,1.822581,0.725000,1.694052,hypothetical_research_only
manistee_mi,yellow_perch,30,2025-07-26,6,1.822581,0.850000,1.771169,hypothetical_research_only
manistee_mi,yellow_perch,30,2025-07-26,10,1.822581,0.925000,1.817440,hypothetical_research_only
manistee_mi,yellow_perch,30,2025-07-26,14,1.822581,0.975000,1.848286,hypothetical_research_only
manistee_mi,yellow_perch,30,2025-07-26,18,1.822581,1.000000,1.863710,hypothetical_research_only
manistee_mi,yellow_perch,30,2025-07-26,22,1.822581,0.950000,1.832863,hypothetical_research_only
manistee_mi,yellow_perch,30,2025-07-26,26,1.822581,0.716667,1.688911,hypothetical_research_only
manistee_mi,yellow_perch,30,2025-07-26,30,1.822581,0.350000,1.462702,hypothetical_research_only
manistee_mi,yellow_perch,31,2025-08-02,2,1.709677,0.725000,1.598790,hypothetical_research_only
manistee_mi,yellow_perch,31,2025-08-02,6,1.709677,0.850000,1.665323,hypothetical_research_only
manistee_mi,yellow_perch,31,2025-08-02,10,1.709677,0.925000,1.705242,hypothetical_research_only
manistee_mi,yellow_perch,31,2025-08-02,14,1.709677,0.975000,1.731855,hypothetical_research_only
manistee_mi,yellow_perch,31,2025-08-02,18,1.709677,1.000000,1.745161,hypothetical_research_only
manistee_mi,yellow_perch,31,2025-08-02,22,1.709677,0.950000,1.718548,hypothetical_research_only
manistee_mi,yellow_perch,31,2025-08-02,26,1.709677,0.716667,1.594355,hypothetical_research_only
manistee_mi,yellow_perch,31,2025-08-02,30,1.709677,0.350000,1.399194,hypothetical_research_only
manistee_mi,yellow_perch,32,2025-08-09,2,1.596774,0.725000,1.503528,hypothetical_research_only
manistee_mi,yellow_perch,32,2025-08-09,6,1.596774,0.850000,1.559476,hypothetical_research_only
manistee_mi,yellow_perch,32,2025-08-09,10,1.596774,0.925000,1.593044,hypothetical_research_only
manistee_mi,yellow_perch,32,2025-08-09,14,1.596774,0.975000,1.615423,hypothetical_research_only
manistee_mi,yellow_perch,32,2025-08-09,18,1.596774,1.000000,1.626613,hypothetical_research_only
manistee_mi,yellow_perch,32,2025-08-09,22,1.596774,0.950000,1.604234,hypothetical_research_only
manistee_mi,yellow_perch,32,2025-08-09,26,1.596774,0.716667,1.499798,hypothetical_research_only
manistee_mi,yellow_perch,32,2025-08-09,30,1.596774,0.350000,1.335685,hypothetical_research_only
manistee_mi,yellow_perch,33,2025-08-16,2,1.500000,0.725000,1.421875,hypothetical_research_only
manistee_mi,yellow_perch,33,2025-08-16,6,1.500000,0.850000,1.468750,hypothetical_research_only
manistee_mi,yellow_perch,33,2025-08-16,10,1.500000,0.925000,1.496875,hypothetical_research_only
manistee_mi,yellow_perch,33,2025-08-16,14,1.500000,0.975000,1.515625,hypothetical_research_only
manistee_mi,yellow_perch,33,2025-08-16,18,1.500000,1.000000,1.525000,hypothetical_research_only
manistee_mi,yellow_perch,33,2025-08-16,22,1.500000,0.950000,1.506250,hypothetical_research_only
manistee_mi,yellow_perch,33,2025-08-16,26,1.500000,0.716667,1.418750,hypothetical_research_only
manistee_mi,yellow_perch,33,2025-08-16,30,1.500000,0.350000,1.281250,hypothetical_research_only
manistee_mi,yellow_perch,34,2025-08-23,2,1.500000,0.725000,1.421875,hypothetical_research_only
manistee_mi,yellow_perch,34,2025-08-23,6,1.500000,0.850000,1.468750,hypothetical_research_only
manistee_mi,yellow_perch,34,2025-08-23,10,1.500000,0.925000,1.496875,hypothetical_research_only
manistee_mi,yellow_perch,34,2025-08-23,14,1.500000,0.975000,1.515625,hypothetical_research_only
manistee_mi,yellow_perch,34,2025-08-23,18,1.500000,1.000000,1.525000,hypothetical_research_only
manistee_mi,yellow_perch,34,2025-08-23,22,1.500000,0.950000,1.506250,hypothetical_research_only
manistee_mi,yellow_perch,34,2025-08-23,26,1.500000,0.716667,1.418750,hypothetical_research_only
manistee_mi,yellow_perch,34,2025-08-23,30,1.500000,0.350000,1.281250,hypothetical_research_only
manistee_mi,yellow_perch,35,2025-08-30,2,1.500000,0.725000,1.421875,hypothetical_research_only
manistee_mi,yellow_perch,35,2025-08-30,6,1.500000,0.850000,1.468750,hypothetical_research_only
manistee_mi,yellow_perch,35,2025-08-30,10,1.500000,0.925000,1.496875,hypothetical_research_only
manistee_mi,yellow_perch,35,2025-08-30,14,1.500000,0.975000,1.515625,hypothetical_research_only
manistee_mi,yellow_perch,35,2025-08-30,18,1.500000,1.000000,1.525000,hypothetical_research_only
manistee_mi,yellow_perch,35,2025-08-30,22,1.500000,0.950000,1.506250,hypothetical_research_only
manistee_mi,yellow_perch,35,2025-08-30,26,1.500000,0.716667,1.418750,hypothetical_research_only
manistee_mi,yellow_perch,35,2025-08-30,30,1.500000,0.350000,1.281250,hypothetical_research_only
manistee_mi,yellow_perch,36,2025-09-06,2,1.500000,0.725000,1.421875,hypothetical_research_only
manistee_mi,yellow_perch,36,2025-09-06,6,1.500000,0.850000,1.468750,hypothetical_research_only
manistee_mi,yellow_perch,36,2025-09-06,10,1.500000,0.925000,1.496875,hypothetical_research_only
manistee_mi,yellow_perch,36,2025-09-06,14,1.500000,0.975000,1.515625,hypothetical_research_only
manistee_mi,yellow_perch,36,2025-09-06,18,1.500000,1.000000,1.525000,hypothetical_research_only
manistee_mi,yellow_perch,36,2025-09-06,22,1.500000,0.950000,1.506250,hypothetical_research_only
manistee_mi,yellow_perch,36,2025-09-06,26,1.500000,0.716667,1.418750,hypothetical_research_only
manistee_mi,yellow_perch,36,2025-09-06,30,1.500000,0.350000,1.281250,hypothetical_research_only
manistee_mi,yellow_perch,37,2025-09-13,2,1.500000,0.725000,1.421875,hypothetical_research_only
manistee_mi,yellow_perch,37,2025-09-13,6,1.500000,0.850000,1.468750,hypothetical_research_only
manistee_mi,yellow_perch,37,2025-09-13,10,1.500000,0.925000,1.496875,hypothetical_research_only
manistee_mi,yellow_perch,37,2025-09-13,14,1.500000,0.975000,1.515625,hypothetical_research_only
manistee_mi,yellow_perch,37,2025-09-13,18,1.500000,1.000000,1.525000,hypothetical_research_only
manistee_mi,yellow_perch,37,2025-09-13,22,1.500000,0.950000,1.506250,hypothetical_research_only
manistee_mi,yellow_perch,37,2025-09-13,26,1.500000,0.716667,1.418750,hypothetical_research_only
manistee_mi,yellow_perch,37,2025-09-13,30,1.500000,0.350000,1.281250,hypothetical_research_only
manistee_mi,yellow_perch,38,2025-09-20,2,1.500000,0.725000,1.421875,hypothetical_research_only
manistee_mi,yellow_perch,38,2025-09-20,6,1.500000,0.850000,1.468750,hypothetical_research_only
manistee_mi,yellow_perch,38,2025-09-20,10,1.500000,0.925000,1.496875,hypothetical_research_only
manistee_mi,yellow_perch,38,2025-09-20,14,1.500000,0.975000,1.515625,hypothetical_research_only
manistee_mi,yellow_perch,38,2025-09-20,18,1.500000,1.000000,1.525000,hypothetical_research_only
manistee_mi,yellow_perch,38,2025-09-20,22,1.500000,0.950000,1.506250,hypothetical_research_only
manistee_mi,yellow_perch,38,2025-09-20,26,1.500000,0.716667,1.418750,hypothetical_research_only
manistee_mi,yellow_perch,38,2025-09-20,30,1.500000,0.350000,1.281250,hypothetical_research_only
manistee_mi,yellow_perch,39,2025-09-27,2,1.500000,0.725000,1.421875,hypothetical_research_only
manistee_mi,yellow_perch,39,2025-09-27,6,1.500000,0.850000,1.468750,hypothetical_research_only
manistee_mi,yellow_perch,39,2025-09-27,10,1.500000,0.925000,1.496875,hypothetical_research_only
manistee_mi,yellow_perch,39,2025-09-27,14,1.500000,0.975000,1.515625,hypothetical_research_only
manistee_mi,yellow_perch,39,2025-09-27,18,1.500000,1.000000,1.525000,hypothetical_research_only
manistee_mi,yellow_perch,39,2025-09-27,22,1.500000,0.950000,1.506250,hypothetical_research_only
manistee_mi,yellow_perch,39,2025-09-27,26,1.500000,0.716667,1.418750,hypothetical_research_only
manistee_mi,yellow_perch,39,2025-09-27,30,1.500000,0.350000,1.281250,hypothetical_research_only
manistee_mi,yellow_perch,40,2025-10-04,2,1.500000,0.725000,1.421875,hypothetical_research_only
manistee_mi,yellow_perch,40,2025-10-04,6,1.500000,0.850000,1.468750,hypothetical_research_only
manistee_mi,yellow_perch,40,2025-10-04,10,1.500000,0.925000,1.496875,hypothetical_research_only
manistee_mi,yellow_perch,40,2025-10-04,14,1.500000,0.975000,1.515625,hypothetical_research_only
manistee_mi,yellow_perch,40,2025-10-04,18,1.500000,1.000000,1.525000,hypothetical_research_only
manistee_mi,yellow_perch,40,2025-10-04,22,1.500000,0.950000,1.506250,hypothetical_research_only
manistee_mi,yellow_perch,40,2025-10-04,26,1.500000,0.716667,1.418750,hypothetical_research_only
manistee_mi,yellow_perch,40,2025-10-04,30,1.500000,0.350000,1.281250,hypothetical_research_only
manistee_mi,yellow_perch,41,2025-10-11,2,1.500000,0.725000,1.421875,hypothetical_research_only
manistee_mi,yellow_perch,41,2025-10-11,6,1.500000,0.850000,1.468750,hypothetical_research_only
manistee_mi,yellow_perch,41,2025-10-11,10,1.500000,0.925000,1.496875,hypothetical_research_only
manistee_mi,yellow_perch,41,2025-10-11,14,1.500000,0.975000,1.515625,hypothetical_research_only
manistee_mi,yellow_perch,41,2025-10-11,18,1.500000,1.000000,1.525000,hypothetical_research_only
manistee_mi,yellow_perch,41,2025-10-11,22,1.500000,0.950000,1.506250,hypothetical_research_only
manistee_mi,yellow_perch,41,2025-10-11,26,1.500000,0.716667,1.418750,hypothetical_research_only
manistee_mi,yellow_perch,41,2025-10-11,30,1.500000,0.350000,1.281250,hypothetical_research_only
manistee_mi,yellow_perch,42,2025-10-18,2,1.500000,0.725000,1.421875,hypothetical_research_only
manistee_mi,yellow_perch,42,2025-10-18,6,1.500000,0.850000,1.468750,hypothetical_research_only
manistee_mi,yellow_perch,42,2025-10-18,10,1.500000,0.925000,1.496875,hypothetical_research_only
manistee_mi,yellow_perch,42,2025-10-18,14,1.500000,0.975000,1.515625,hypothetical_research_only
manistee_mi,yellow_perch,42,2025-10-18,18,1.500000,1.000000,1.525000,hypothetical_research_only
manistee_mi,yellow_perch,42,2025-10-18,22,1.500000,0.950000,1.506250,hypothetical_research_only
manistee_mi,yellow_perch,42,2025-10-18,26,1.500000,0.716667,1.418750,hypothetical_research_only
manistee_mi,yellow_perch,42,2025-10-18,30,1.500000,0.350000,1.281250,hypothetical_research_only
manistee_mi,yellow_perch,43,2025-10-25,2,1.500000,0.725000,1.421875,hypothetical_research_only
manistee_mi,yellow_perch,43,2025-10-25,6,1.500000,0.850000,1.468750,hypothetical_research_only
manistee_mi,yellow_perch,43,2025-10-25,10,1.500000,0.925000,1.496875,hypothetical_research_only
manistee_mi,yellow_perch,43,2025-10-25,14,1.500000,0.975000,1.515625,hypothetical_research_only
manistee_mi,yellow_perch,43,2025-10-25,18,1.500000,1.000000,1.525000,hypothetical_research_only
manistee_mi,yellow_perch,43,2025-10-25,22,1.500000,0.950000,1.506250,hypothetical_research_only
manistee_mi,yellow_perch,43,2025-10-25,26,1.500000,0.716667,1.418750,hypothetical_research_only
manistee_mi,yellow_perch,43,2025-10-25,30,1.500000,0.350000,1.281250,hypothetical_research_only
manistee_mi,yellow_perch,44,2025-11-01,2,1.500000,0.725000,1.421875,hypothetical_research_only
manistee_mi,yellow_perch,44,2025-11-01,6,1.500000,0.850000,1.468750,hypothetical_research_only
manistee_mi,yellow_perch,44,2025-11-01,10,1.500000,0.925000,1.496875,hypothetical_research_only
manistee_mi,yellow_perch,44,2025-11-01,14,1.500000,0.975000,1.515625,hypothetical_research_only
manistee_mi,yellow_perch,44,2025-11-01,18,1.500000,1.000000,1.525000,hypothetical_research_only
manistee_mi,yellow_perch,44,2025-11-01,22,1.500000,0.950000,1.506250,hypothetical_research_only
manistee_mi,yellow_perch,44,2025-11-01,26,1.500000,0.716667,1.418750,hypothetical_research_only
manistee_mi,yellow_perch,44,2025-11-01,30,1.500000,0.350000,1.281250,hypothetical_research_only
manistee_mi,yellow_perch,45,2025-11-08,2,1.500000,0.725000,1.421875,hypothetical_research_only
manistee_mi,yellow_perch,45,2025-11-08,6,1.500000,0.850000,1.468750,hypothetical_research_only
manistee_mi,yellow_perch,45,2025-11-08,10,1.500000,0.925000,1.496875,hypothetical_research_only
manistee_mi,yellow_perch,45,2025-11-08,14,1.500000,0.975000,1.515625,hypothetical_research_only
manistee_mi,yellow_perch,45,2025-11-08,18,1.500000,1.000000,1.525000,hypothetical_research_only
manistee_mi,yellow_perch,45,2025-11-08,22,1.500000,0.950000,1.506250,hypothetical_research_only
manistee_mi,yellow_perch,45,2025-11-08,26,1.500000,0.716667,1.418750,hypothetical_research_only
manistee_mi,yellow_perch,45,2025-11-08,30,1.500000,0.350000,1.281250,hypothetical_research_only
manistee_mi,yellow_perch,46,2025-11-15,2,1.500000,0.725000,1.421875,hypothetical_research_only
manistee_mi,yellow_perch,46,2025-11-15,6,1.500000,0.850000,1.468750,hypothetical_research_only
manistee_mi,yellow_perch,46,2025-11-15,10,1.500000,0.925000,1.496875,hypothetical_research_only
manistee_mi,yellow_perch,46,2025-11-15,14,1.500000,0.975000,1.515625,hypothetical_research_only
manistee_mi,yellow_perch,46,2025-11-15,18,1.500000,1.000000,1.525000,hypothetical_research_only
manistee_mi,yellow_perch,46,2025-11-15,22,1.500000,0.950000,1.506250,hypothetical_research_only
manistee_mi,yellow_perch,46,2025-11-15,26,1.500000,0.716667,1.418750,hypothetical_research_only
manistee_mi,yellow_perch,46,2025-11-15,30,1.500000,0.350000,1.281250,hypothetical_research_only
manistee_mi,yellow_perch,47,2025-11-22,2,1.500000,0.725000,1.421875,hypothetical_research_only
manistee_mi,yellow_perch,47,2025-11-22,6,1.500000,0.850000,1.468750,hypothetical_research_only
manistee_mi,yellow_perch,47,2025-11-22,10,1.500000,0.925000,1.496875,hypothetical_research_only
manistee_mi,yellow_perch,47,2025-11-22,14,1.500000,0.975000,1.515625,hypothetical_research_only
manistee_mi,yellow_perch,47,2025-11-22,18,1.500000,1.000000,1.525000,hypothetical_research_only
manistee_mi,yellow_perch,47,2025-11-22,22,1.500000,0.950000,1.506250,hypothetical_research_only
manistee_mi,yellow_perch,47,2025-11-22,26,1.500000,0.716667,1.418750,hypothetical_research_only
manistee_mi,yellow_perch,47,2025-11-22,30,1.500000,0.350000,1.281250,hypothetical_research_only
manistee_mi,yellow_perch,48,2025-11-29,2,1.500000,0.725000,1.421875,hypothetical_research_only
manistee_mi,yellow_perch,48,2025-11-29,6,1.500000,0.850000,1.468750,hypothetical_research_only
manistee_mi,yellow_perch,48,2025-11-29,10,1.500000,0.925000,1.496875,hypothetical_research_only
manistee_mi,yellow_perch,48,2025-11-29,14,1.500000,0.975000,1.515625,hypothetical_research_only
manistee_mi,yellow_perch,48,2025-11-29,18,1.500000,1.000000,1.525000,hypothetical_research_only
manistee_mi,yellow_perch,48,2025-11-29,22,1.500000,0.950000,1.506250,hypothetical_research_only
manistee_mi,yellow_perch,48,2025-11-29,26,1.500000,0.716667,1.418750,hypothetical_research_only
manistee_mi,yellow_perch,48,2025-11-29,30,1.500000,0.350000,1.281250,hypothetical_research_only
manistee_mi,yellow_perch,49,2025-12-06,2,1.500000,0.725000,1.421875,hypothetical_research_only
manistee_mi,yellow_perch,49,2025-12-06,6,1.500000,0.850000,1.468750,hypothetical_research_only
manistee_mi,yellow_perch,49,2025-12-06,10,1.500000,0.925000,1.496875,hypothetical_research_only
manistee_mi,yellow_perch,49,2025-12-06,14,1.500000,0.975000,1.515625,hypothetical_research_only
manistee_mi,yellow_perch,49,2025-12-06,18,1.500000,1.000000,1.525000,hypothetical_research_only
manistee_mi,yellow_perch,49,2025-12-06,22,1.500000,0.950000,1.506250,hypothetical_research_only
manistee_mi,yellow_perch,49,2025-12-06,26,1.500000,0.716667,1.418750,hypothetical_research_only
manistee_mi,yellow_perch,49,2025-12-06,30,1.500000,0.350000,1.281250,hypothetical_research_only
manistee_mi,yellow_perch,50,2025-12-13,2,1.500000,0.725000,1.421875,hypothetical_research_only
manistee_mi,yellow_perch,50,2025-12-13,6,1.500000,0.850000,1.468750,hypothetical_research_only
manistee_mi,yellow_perch,50,2025-12-13,10,1.500000,0.925000,1.496875,hypothetical_research_only
manistee_mi,yellow_perch,50,2025-12-13,14,1.500000,0.975000,1.515625,hypothetical_research_only
manistee_mi,yellow_perch,50,2025-12-13,18,1.500000,1.000000,1.525000,hypothetical_research_only
manistee_mi,yellow_perch,50,2025-12-13,22,1.500000,0.950000,1.506250,hypothetical_research_only
manistee_mi,yellow_perch,50,2025-12-13,26,1.500000,0.716667,1.418750,hypothetical_research_only
manistee_mi,yellow_perch,50,2025-12-13,30,1.500000,0.350000,1.281250,hypothetical_research_only
manistee_mi,yellow_perch,51,2025-12-20,2,1.500000,0.725000,1.421875,hypothetical_research_only
manistee_mi,yellow_perch,51,2025-12-20,6,1.500000,0.850000,1.468750,hypothetical_research_only
manistee_mi,yellow_perch,51,2025-12-20,10,1.500000,0.925000,1.496875,hypothetical_research_only
manistee_mi,yellow_perch,51,2025-12-20,14,1.500000,0.975000,1.515625,hypothetical_research_only
manistee_mi,yellow_perch,51,2025-12-20,18,1.500000,1.000000,1.525000,hypothetical_research_only
manistee_mi,yellow_perch,51,2025-12-20,22,1.500000,0.950000,1.506250,hypothetical_research_only
manistee_mi,yellow_perch,51,2025-12-20,26,1.500000,0.716667,1.418750,hypothetical_research_only
manistee_mi,yellow_perch,51,2025-12-20,30,1.500000,0.350000,1.281250,hypothetical_research_only
manistee_mi,yellow_perch,52,2025-12-27,2,1.500000,0.725000,1.421875,hypothetical_research_only
manistee_mi,yellow_perch,52,2025-12-27,6,1.500000,0.850000,1.468750,hypothetical_research_only
manistee_mi,yellow_perch,52,2025-12-27,10,1.500000,0.925000,1.496875,hypothetical_research_only
manistee_mi,yellow_perch,52,2025-12-27,14,1.500000,0.975000,1.515625,hypothetical_research_only
manistee_mi,yellow_perch,52,2025-12-27,18,1.500000,1.000000,1.525000,hypothetical_research_only
manistee_mi,yellow_perch,52,2025-12-27,22,1.500000,0.950000,1.506250,hypothetical_research_only
manistee_mi,yellow_perch,52,2025-12-27,26,1.500000,0.716667,1.418750,hypothetical_research_only
manistee_mi,yellow_perch,52,2025-12-27,30,1.500000,0.350000,1.281250,hypothetical_research_only
manistee_mi,round_whitefish,1,2025-01-04,2,1.500000,0.850000,1.468750,hypothetical_research_only
manistee_mi,round_whitefish,1,2025-01-04,6,1.500000,1.000000,1.525000,hypothetical_research_only
manistee_mi,round_whitefish,1,2025-01-04,10,1.500000,1.000000,1.525000,hypothetical_research_only
manistee_mi,round_whitefish,1,2025-01-04,14,1.500000,0.850000,1.468750,hypothetical_research_only
manistee_mi,round_whitefish,1,2025-01-04,18,1.500000,0.550000,1.356250,hypothetical_research_only
manistee_mi,round_whitefish,1,2025-01-04,22,1.500000,0.250000,1.243750,hypothetical_research_only
manistee_mi,round_whitefish,1,2025-01-04,26,1.500000,0.100000,1.187500,hypothetical_research_only
manistee_mi,round_whitefish,1,2025-01-04,30,1.500000,,,out_of_domain
manistee_mi,round_whitefish,2,2025-01-11,2,1.500000,0.850000,1.468750,hypothetical_research_only
manistee_mi,round_whitefish,2,2025-01-11,6,1.500000,1.000000,1.525000,hypothetical_research_only
manistee_mi,round_whitefish,2,2025-01-11,10,1.500000,1.000000,1.525000,hypothetical_research_only
manistee_mi,round_whitefish,2,2025-01-11,14,1.500000,0.850000,1.468750,hypothetical_research_only
manistee_mi,round_whitefish,2,2025-01-11,18,1.500000,0.550000,1.356250,hypothetical_research_only
manistee_mi,round_whitefish,2,2025-01-11,22,1.500000,0.250000,1.243750,hypothetical_research_only
manistee_mi,round_whitefish,2,2025-01-11,26,1.500000,0.100000,1.187500,hypothetical_research_only
manistee_mi,round_whitefish,2,2025-01-11,30,1.500000,,,out_of_domain
manistee_mi,round_whitefish,3,2025-01-18,2,1.500000,0.850000,1.468750,hypothetical_research_only
manistee_mi,round_whitefish,3,2025-01-18,6,1.500000,1.000000,1.525000,hypothetical_research_only
manistee_mi,round_whitefish,3,2025-01-18,10,1.500000,1.000000,1.525000,hypothetical_research_only
manistee_mi,round_whitefish,3,2025-01-18,14,1.500000,0.850000,1.468750,hypothetical_research_only
manistee_mi,round_whitefish,3,2025-01-18,18,1.500000,0.550000,1.356250,hypothetical_research_only
manistee_mi,round_whitefish,3,2025-01-18,22,1.500000,0.250000,1.243750,hypothetical_research_only
manistee_mi,round_whitefish,3,2025-01-18,26,1.500000,0.100000,1.187500,hypothetical_research_only
manistee_mi,round_whitefish,3,2025-01-18,30,1.500000,,,out_of_domain
manistee_mi,round_whitefish,4,2025-01-25,2,1.500000,0.850000,1.468750,hypothetical_research_only
manistee_mi,round_whitefish,4,2025-01-25,6,1.500000,1.000000,1.525000,hypothetical_research_only
manistee_mi,round_whitefish,4,2025-01-25,10,1.500000,1.000000,1.525000,hypothetical_research_only
manistee_mi,round_whitefish,4,2025-01-25,14,1.500000,0.850000,1.468750,hypothetical_research_only
manistee_mi,round_whitefish,4,2025-01-25,18,1.500000,0.550000,1.356250,hypothetical_research_only
manistee_mi,round_whitefish,4,2025-01-25,22,1.500000,0.250000,1.243750,hypothetical_research_only
manistee_mi,round_whitefish,4,2025-01-25,26,1.500000,0.100000,1.187500,hypothetical_research_only
manistee_mi,round_whitefish,4,2025-01-25,30,1.500000,,,out_of_domain
manistee_mi,round_whitefish,5,2025-02-01,2,1.500000,0.850000,1.468750,hypothetical_research_only
manistee_mi,round_whitefish,5,2025-02-01,6,1.500000,1.000000,1.525000,hypothetical_research_only
manistee_mi,round_whitefish,5,2025-02-01,10,1.500000,1.000000,1.525000,hypothetical_research_only
manistee_mi,round_whitefish,5,2025-02-01,14,1.500000,0.850000,1.468750,hypothetical_research_only
manistee_mi,round_whitefish,5,2025-02-01,18,1.500000,0.550000,1.356250,hypothetical_research_only
manistee_mi,round_whitefish,5,2025-02-01,22,1.500000,0.250000,1.243750,hypothetical_research_only
manistee_mi,round_whitefish,5,2025-02-01,26,1.500000,0.100000,1.187500,hypothetical_research_only
manistee_mi,round_whitefish,5,2025-02-01,30,1.500000,,,out_of_domain
manistee_mi,round_whitefish,6,2025-02-08,2,1.500000,0.850000,1.468750,hypothetical_research_only
manistee_mi,round_whitefish,6,2025-02-08,6,1.500000,1.000000,1.525000,hypothetical_research_only
manistee_mi,round_whitefish,6,2025-02-08,10,1.500000,1.000000,1.525000,hypothetical_research_only
manistee_mi,round_whitefish,6,2025-02-08,14,1.500000,0.850000,1.468750,hypothetical_research_only
manistee_mi,round_whitefish,6,2025-02-08,18,1.500000,0.550000,1.356250,hypothetical_research_only
manistee_mi,round_whitefish,6,2025-02-08,22,1.500000,0.250000,1.243750,hypothetical_research_only
manistee_mi,round_whitefish,6,2025-02-08,26,1.500000,0.100000,1.187500,hypothetical_research_only
manistee_mi,round_whitefish,6,2025-02-08,30,1.500000,,,out_of_domain
manistee_mi,round_whitefish,7,2025-02-15,2,1.500000,0.850000,1.468750,hypothetical_research_only
manistee_mi,round_whitefish,7,2025-02-15,6,1.500000,1.000000,1.525000,hypothetical_research_only
manistee_mi,round_whitefish,7,2025-02-15,10,1.500000,1.000000,1.525000,hypothetical_research_only
manistee_mi,round_whitefish,7,2025-02-15,14,1.500000,0.850000,1.468750,hypothetical_research_only
manistee_mi,round_whitefish,7,2025-02-15,18,1.500000,0.550000,1.356250,hypothetical_research_only
manistee_mi,round_whitefish,7,2025-02-15,22,1.500000,0.250000,1.243750,hypothetical_research_only
manistee_mi,round_whitefish,7,2025-02-15,26,1.500000,0.100000,1.187500,hypothetical_research_only
manistee_mi,round_whitefish,7,2025-02-15,30,1.500000,,,out_of_domain
manistee_mi,round_whitefish,8,2025-02-22,2,1.625000,0.850000,1.585938,hypothetical_research_only
manistee_mi,round_whitefish,8,2025-02-22,6,1.625000,1.000000,1.656250,hypothetical_research_only
manistee_mi,round_whitefish,8,2025-02-22,10,1.625000,1.000000,1.656250,hypothetical_research_only
manistee_mi,round_whitefish,8,2025-02-22,14,1.625000,0.850000,1.585938,hypothetical_research_only
manistee_mi,round_whitefish,8,2025-02-22,18,1.625000,0.550000,1.445313,hypothetical_research_only
manistee_mi,round_whitefish,8,2025-02-22,22,1.625000,0.250000,1.304688,hypothetical_research_only
manistee_mi,round_whitefish,8,2025-02-22,26,1.625000,0.100000,1.234375,hypothetical_research_only
manistee_mi,round_whitefish,8,2025-02-22,30,1.625000,,,out_of_domain
manistee_mi,round_whitefish,9,2025-03-01,2,1.750000,0.850000,1.703125,hypothetical_research_only
manistee_mi,round_whitefish,9,2025-03-01,6,1.750000,1.000000,1.787500,hypothetical_research_only
manistee_mi,round_whitefish,9,2025-03-01,10,1.750000,1.000000,1.787500,hypothetical_research_only
manistee_mi,round_whitefish,9,2025-03-01,14,1.750000,0.850000,1.703125,hypothetical_research_only
manistee_mi,round_whitefish,9,2025-03-01,18,1.750000,0.550000,1.534375,hypothetical_research_only
manistee_mi,round_whitefish,9,2025-03-01,22,1.750000,0.250000,1.365625,hypothetical_research_only
manistee_mi,round_whitefish,9,2025-03-01,26,1.750000,0.100000,1.281250,hypothetical_research_only
manistee_mi,round_whitefish,9,2025-03-01,30,1.750000,,,out_of_domain
manistee_mi,round_whitefish,10,2025-03-08,2,1.875000,0.850000,1.820313,hypothetical_research_only
manistee_mi,round_whitefish,10,2025-03-08,6,1.875000,1.000000,1.918750,hypothetical_research_only
manistee_mi,round_whitefish,10,2025-03-08,10,1.875000,1.000000,1.918750,hypothetical_research_only
manistee_mi,round_whitefish,10,2025-03-08,14,1.875000,0.850000,1.820313,hypothetical_research_only
manistee_mi,round_whitefish,10,2025-03-08,18,1.875000,0.550000,1.623438,hypothetical_research_only
manistee_mi,round_whitefish,10,2025-03-08,22,1.875000,0.250000,1.426562,hypothetical_research_only
manistee_mi,round_whitefish,10,2025-03-08,26,1.875000,0.100000,1.328125,hypothetical_research_only
manistee_mi,round_whitefish,10,2025-03-08,30,1.875000,,,out_of_domain
manistee_mi,round_whitefish,11,2025-03-15,2,2.000000,0.850000,1.937500,hypothetical_research_only
manistee_mi,round_whitefish,11,2025-03-15,6,2.000000,1.000000,2.050000,hypothetical_research_only
manistee_mi,round_whitefish,11,2025-03-15,10,2.000000,1.000000,2.050000,hypothetical_research_only
manistee_mi,round_whitefish,11,2025-03-15,14,2.000000,0.850000,1.937500,hypothetical_research_only
manistee_mi,round_whitefish,11,2025-03-15,18,2.000000,0.550000,1.712500,hypothetical_research_only
manistee_mi,round_whitefish,11,2025-03-15,22,2.000000,0.250000,1.487500,hypothetical_research_only
manistee_mi,round_whitefish,11,2025-03-15,26,2.000000,0.100000,1.375000,hypothetical_research_only
manistee_mi,round_whitefish,11,2025-03-15,30,2.000000,,,out_of_domain
manistee_mi,round_whitefish,12,2025-03-22,2,2.338710,0.850000,2.255040,hypothetical_research_only
manistee_mi,round_whitefish,12,2025-03-22,6,2.338710,1.000000,2.405645,hypothetical_research_only
manistee_mi,round_whitefish,12,2025-03-22,10,2.338710,1.000000,2.405645,hypothetical_research_only
manistee_mi,round_whitefish,12,2025-03-22,14,2.338710,0.850000,2.255040,hypothetical_research_only
manistee_mi,round_whitefish,12,2025-03-22,18,2.338710,0.550000,1.953831,hypothetical_research_only
manistee_mi,round_whitefish,12,2025-03-22,22,2.338710,0.250000,1.652621,hypothetical_research_only
manistee_mi,round_whitefish,12,2025-03-22,26,2.338710,0.100000,1.502016,hypothetical_research_only
manistee_mi,round_whitefish,12,2025-03-22,30,2.338710,,,out_of_domain
manistee_mi,round_whitefish,13,2025-03-29,2,2.677419,0.850000,2.572581,hypothetical_research_only
manistee_mi,round_whitefish,13,2025-03-29,6,2.677419,1.000000,2.761290,hypothetical_research_only
manistee_mi,round_whitefish,13,2025-03-29,10,2.677419,1.000000,2.761290,hypothetical_research_only
manistee_mi,round_whitefish,13,2025-03-29,14,2.677419,0.850000,2.572581,hypothetical_research_only
manistee_mi,round_whitefish,13,2025-03-29,18,2.677419,0.550000,2.195161,hypothetical_research_only
manistee_mi,round_whitefish,13,2025-03-29,22,2.677419,0.250000,1.817742,hypothetical_research_only
manistee_mi,round_whitefish,13,2025-03-29,26,2.677419,0.100000,1.629032,hypothetical_research_only
manistee_mi,round_whitefish,13,2025-03-29,30,2.677419,,,out_of_domain
manistee_mi,round_whitefish,14,2025-04-05,2,3.016129,0.850000,2.890121,hypothetical_research_only
manistee_mi,round_whitefish,14,2025-04-05,6,3.016129,1.000000,3.116935,hypothetical_research_only
manistee_mi,round_whitefish,14,2025-04-05,10,3.016129,1.000000,3.116935,hypothetical_research_only
manistee_mi,round_whitefish,14,2025-04-05,14,3.016129,0.850000,2.890121,hypothetical_research_only
manistee_mi,round_whitefish,14,2025-04-05,18,3.016129,0.550000,2.436492,hypothetical_research_only
manistee_mi,round_whitefish,14,2025-04-05,22,3.016129,0.250000,1.982863,hypothetical_research_only
manistee_mi,round_whitefish,14,2025-04-05,26,3.016129,0.100000,1.756048,hypothetical_research_only
manistee_mi,round_whitefish,14,2025-04-05,30,3.016129,,,out_of_domain
manistee_mi,round_whitefish,15,2025-04-12,2,3.354839,0.850000,3.207661,hypothetical_research_only
manistee_mi,round_whitefish,15,2025-04-12,6,3.354839,1.000000,3.472581,hypothetical_research_only
manistee_mi,round_whitefish,15,2025-04-12,10,3.354839,1.000000,3.472581,hypothetical_research_only
manistee_mi,round_whitefish,15,2025-04-12,14,3.354839,0.850000,3.207661,hypothetical_research_only
manistee_mi,round_whitefish,15,2025-04-12,18,3.354839,0.550000,2.677823,hypothetical_research_only
manistee_mi,round_whitefish,15,2025-04-12,22,3.354839,0.250000,2.147984,hypothetical_research_only
manistee_mi,round_whitefish,15,2025-04-12,26,3.354839,0.100000,1.883065,hypothetical_research_only
manistee_mi,round_whitefish,15,2025-04-12,30,3.354839,,,out_of_domain
manistee_mi,round_whitefish,16,2025-04-19,2,3.366667,0.850000,3.218750,hypothetical_research_only
manistee_mi,round_whitefish,16,2025-04-19,6,3.366667,1.000000,3.485000,hypothetical_research_only
manistee_mi,round_whitefish,16,2025-04-19,10,3.366667,1.000000,3.485000,hypothetical_research_only
manistee_mi,round_whitefish,16,2025-04-19,14,3.366667,0.850000,3.218750,hypothetical_research_only
manistee_mi,round_whitefish,16,2025-04-19,18,3.366667,0.550000,2.686250,hypothetical_research_only
manistee_mi,round_whitefish,16,2025-04-19,22,3.366667,0.250000,2.153750,hypothetical_research_only
manistee_mi,round_whitefish,16,2025-04-19,26,3.366667,0.100000,1.887500,hypothetical_research_only
manistee_mi,round_whitefish,16,2025-04-19,30,3.366667,,,out_of_domain
manistee_mi,round_whitefish,17,2025-04-26,2,3.133333,0.850000,3.000000,hypothetical_research_only
manistee_mi,round_whitefish,17,2025-04-26,6,3.133333,1.000000,3.240000,hypothetical_research_only
manistee_mi,round_whitefish,17,2025-04-26,10,3.133333,1.000000,3.240000,hypothetical_research_only
manistee_mi,round_whitefish,17,2025-04-26,14,3.133333,0.850000,3.000000,hypothetical_research_only
manistee_mi,round_whitefish,17,2025-04-26,18,3.133333,0.550000,2.520000,hypothetical_research_only
manistee_mi,round_whitefish,17,2025-04-26,22,3.133333,0.250000,2.040000,hypothetical_research_only
manistee_mi,round_whitefish,17,2025-04-26,26,3.133333,0.100000,1.800000,hypothetical_research_only
manistee_mi,round_whitefish,17,2025-04-26,30,3.133333,,,out_of_domain
manistee_mi,round_whitefish,18,2025-05-03,2,2.900000,0.850000,2.781250,hypothetical_research_only
manistee_mi,round_whitefish,18,2025-05-03,6,2.900000,1.000000,2.995000,hypothetical_research_only
manistee_mi,round_whitefish,18,2025-05-03,10,2.900000,1.000000,2.995000,hypothetical_research_only
manistee_mi,round_whitefish,18,2025-05-03,14,2.900000,0.850000,2.781250,hypothetical_research_only
manistee_mi,round_whitefish,18,2025-05-03,18,2.900000,0.550000,2.353750,hypothetical_research_only
manistee_mi,round_whitefish,18,2025-05-03,22,2.900000,0.250000,1.926250,hypothetical_research_only
manistee_mi,round_whitefish,18,2025-05-03,26,2.900000,0.100000,1.712500,hypothetical_research_only
manistee_mi,round_whitefish,18,2025-05-03,30,2.900000,,,out_of_domain
manistee_mi,round_whitefish,19,2025-05-10,2,2.666667,0.850000,2.562500,hypothetical_research_only
manistee_mi,round_whitefish,19,2025-05-10,6,2.666667,1.000000,2.750000,hypothetical_research_only
manistee_mi,round_whitefish,19,2025-05-10,10,2.666667,1.000000,2.750000,hypothetical_research_only
manistee_mi,round_whitefish,19,2025-05-10,14,2.666667,0.850000,2.562500,hypothetical_research_only
manistee_mi,round_whitefish,19,2025-05-10,18,2.666667,0.550000,2.187500,hypothetical_research_only
manistee_mi,round_whitefish,19,2025-05-10,22,2.666667,0.250000,1.812500,hypothetical_research_only
manistee_mi,round_whitefish,19,2025-05-10,26,2.666667,0.100000,1.625000,hypothetical_research_only
manistee_mi,round_whitefish,19,2025-05-10,30,2.666667,,,out_of_domain
manistee_mi,round_whitefish,20,2025-05-17,2,2.435484,0.850000,2.345766,hypothetical_research_only
manistee_mi,round_whitefish,20,2025-05-17,6,2.435484,1.000000,2.507258,hypothetical_research_only
manistee_mi,round_whitefish,20,2025-05-17,10,2.435484,1.000000,2.507258,hypothetical_research_only
manistee_mi,round_whitefish,20,2025-05-17,14,2.435484,0.850000,2.345766,hypothetical_research_only
manistee_mi,round_whitefish,20,2025-05-17,18,2.435484,0.550000,2.022782,hypothetical_research_only
manistee_mi,round_whitefish,20,2025-05-17,22,2.435484,0.250000,1.699798,hypothetical_research_only
manistee_mi,round_whitefish,20,2025-05-17,26,2.435484,0.100000,1.538306,hypothetical_research_only
manistee_mi,round_whitefish,20,2025-05-17,30,2.435484,,,out_of_domain
manistee_mi,round_whitefish,21,2025-05-24,2,2.209677,0.850000,2.134073,hypothetical_research_only
manistee_mi,round_whitefish,21,2025-05-24,6,2.209677,1.000000,2.270161,hypothetical_research_only
manistee_mi,round_whitefish,21,2025-05-24,10,2.209677,1.000000,2.270161,hypothetical_research_only
manistee_mi,round_whitefish,21,2025-05-24,14,2.209677,0.850000,2.134073,hypothetical_research_only
manistee_mi,round_whitefish,21,2025-05-24,18,2.209677,0.550000,1.861895,hypothetical_research_only
manistee_mi,round_whitefish,21,2025-05-24,22,2.209677,0.250000,1.589718,hypothetical_research_only
manistee_mi,round_whitefish,21,2025-05-24,26,2.209677,0.100000,1.453629,hypothetical_research_only
manistee_mi,round_whitefish,21,2025-05-24,30,2.209677,,,out_of_domain
manistee_mi,round_whitefish,22,2025-05-31,2,1.983871,0.850000,1.922379,hypothetical_research_only
manistee_mi,round_whitefish,22,2025-05-31,6,1.983871,1.000000,2.033065,hypothetical_research_only
manistee_mi,round_whitefish,22,2025-05-31,10,1.983871,1.000000,2.033065,hypothetical_research_only
manistee_mi,round_whitefish,22,2025-05-31,14,1.983871,0.850000,1.922379,hypothetical_research_only
manistee_mi,round_whitefish,22,2025-05-31,18,1.983871,0.550000,1.701008,hypothetical_research_only
manistee_mi,round_whitefish,22,2025-05-31,22,1.983871,0.250000,1.479637,hypothetical_research_only
manistee_mi,round_whitefish,22,2025-05-31,26,1.983871,0.100000,1.368952,hypothetical_research_only
manistee_mi,round_whitefish,22,2025-05-31,30,1.983871,,,out_of_domain
manistee_mi,round_whitefish,23,2025-06-07,2,1.758065,0.850000,1.710685,hypothetical_research_only
manistee_mi,round_whitefish,23,2025-06-07,6,1.758065,1.000000,1.795968,hypothetical_research_only
manistee_mi,round_whitefish,23,2025-06-07,10,1.758065,1.000000,1.795968,hypothetical_research_only
manistee_mi,round_whitefish,23,2025-06-07,14,1.758065,0.850000,1.710685,hypothetical_research_only
manistee_mi,round_whitefish,23,2025-06-07,18,1.758065,0.550000,1.540121,hypothetical_research_only
manistee_mi,round_whitefish,23,2025-06-07,22,1.758065,0.250000,1.369556,hypothetical_research_only
manistee_mi,round_whitefish,23,2025-06-07,26,1.758065,0.100000,1.284274,hypothetical_research_only
manistee_mi,round_whitefish,23,2025-06-07,30,1.758065,,,out_of_domain
manistee_mi,round_whitefish,24,2025-06-14,2,1.532258,0.850000,1.498992,hypothetical_research_only
manistee_mi,round_whitefish,24,2025-06-14,6,1.532258,1.000000,1.558871,hypothetical_research_only
manistee_mi,round_whitefish,24,2025-06-14,10,1.532258,1.000000,1.558871,hypothetical_research_only
manistee_mi,round_whitefish,24,2025-06-14,14,1.532258,0.850000,1.498992,hypothetical_research_only
manistee_mi,round_whitefish,24,2025-06-14,18,1.532258,0.550000,1.379234,hypothetical_research_only
manistee_mi,round_whitefish,24,2025-06-14,22,1.532258,0.250000,1.259476,hypothetical_research_only
manistee_mi,round_whitefish,24,2025-06-14,26,1.532258,0.100000,1.199597,hypothetical_research_only
manistee_mi,round_whitefish,24,2025-06-14,30,1.532258,,,out_of_domain
manistee_mi,round_whitefish,25,2025-06-21,2,1.400000,0.850000,1.375000,hypothetical_research_only
manistee_mi,round_whitefish,25,2025-06-21,6,1.400000,1.000000,1.420000,hypothetical_research_only
manistee_mi,round_whitefish,25,2025-06-21,10,1.400000,1.000000,1.420000,hypothetical_research_only
manistee_mi,round_whitefish,25,2025-06-21,14,1.400000,0.850000,1.375000,hypothetical_research_only
manistee_mi,round_whitefish,25,2025-06-21,18,1.400000,0.550000,1.285000,hypothetical_research_only
manistee_mi,round_whitefish,25,2025-06-21,22,1.400000,0.250000,1.195000,hypothetical_research_only
manistee_mi,round_whitefish,25,2025-06-21,26,1.400000,0.100000,1.150000,hypothetical_research_only
manistee_mi,round_whitefish,25,2025-06-21,30,1.400000,,,out_of_domain
manistee_mi,round_whitefish,26,2025-06-28,2,1.283333,0.850000,1.265625,hypothetical_research_only
manistee_mi,round_whitefish,26,2025-06-28,6,1.283333,1.000000,1.297500,hypothetical_research_only
manistee_mi,round_whitefish,26,2025-06-28,10,1.283333,1.000000,1.297500,hypothetical_research_only
manistee_mi,round_whitefish,26,2025-06-28,14,1.283333,0.850000,1.265625,hypothetical_research_only
manistee_mi,round_whitefish,26,2025-06-28,18,1.283333,0.550000,1.201875,hypothetical_research_only
manistee_mi,round_whitefish,26,2025-06-28,22,1.283333,0.250000,1.138125,hypothetical_research_only
manistee_mi,round_whitefish,26,2025-06-28,26,1.283333,0.100000,1.106250,hypothetical_research_only
manistee_mi,round_whitefish,26,2025-06-28,30,1.283333,,,out_of_domain
manistee_mi,round_whitefish,27,2025-07-05,2,1.166667,0.850000,1.156250,hypothetical_research_only
manistee_mi,round_whitefish,27,2025-07-05,6,1.166667,1.000000,1.175000,hypothetical_research_only
manistee_mi,round_whitefish,27,2025-07-05,10,1.166667,1.000000,1.175000,hypothetical_research_only
manistee_mi,round_whitefish,27,2025-07-05,14,1.166667,0.850000,1.156250,hypothetical_research_only
manistee_mi,round_whitefish,27,2025-07-05,18,1.166667,0.550000,1.118750,hypothetical_research_only
manistee_mi,round_whitefish,27,2025-07-05,22,1.166667,0.250000,1.081250,hypothetical_research_only
manistee_mi,round_whitefish,27,2025-07-05,26,1.166667,0.100000,1.062500,hypothetical_research_only
manistee_mi,round_whitefish,27,2025-07-05,30,1.166667,,,out_of_domain
manistee_mi,round_whitefish,28,2025-07-12,2,1.050000,0.850000,1.046875,hypothetical_research_only
manistee_mi,round_whitefish,28,2025-07-12,6,1.050000,1.000000,1.052500,hypothetical_research_only
manistee_mi,round_whitefish,28,2025-07-12,10,1.050000,1.000000,1.052500,hypothetical_research_only
manistee_mi,round_whitefish,28,2025-07-12,14,1.050000,0.850000,1.046875,hypothetical_research_only
manistee_mi,round_whitefish,28,2025-07-12,18,1.050000,0.550000,1.035625,hypothetical_research_only
manistee_mi,round_whitefish,28,2025-07-12,22,1.050000,0.250000,1.024375,hypothetical_research_only
manistee_mi,round_whitefish,28,2025-07-12,26,1.050000,0.100000,1.018750,hypothetical_research_only
manistee_mi,round_whitefish,28,2025-07-12,30,1.050000,,,out_of_domain
manistee_mi,round_whitefish,29,2025-07-19,2,1.000000,0.850000,1.000000,hypothetical_research_only
manistee_mi,round_whitefish,29,2025-07-19,6,1.000000,1.000000,1.000000,hypothetical_research_only
manistee_mi,round_whitefish,29,2025-07-19,10,1.000000,1.000000,1.000000,hypothetical_research_only
manistee_mi,round_whitefish,29,2025-07-19,14,1.000000,0.850000,1.000000,hypothetical_research_only
manistee_mi,round_whitefish,29,2025-07-19,18,1.000000,0.550000,1.000000,hypothetical_research_only
manistee_mi,round_whitefish,29,2025-07-19,22,1.000000,0.250000,1.000000,hypothetical_research_only
manistee_mi,round_whitefish,29,2025-07-19,26,1.000000,0.100000,1.000000,hypothetical_research_only
manistee_mi,round_whitefish,29,2025-07-19,30,1.000000,,,out_of_domain
manistee_mi,round_whitefish,30,2025-07-26,2,1.000000,0.850000,1.000000,hypothetical_research_only
manistee_mi,round_whitefish,30,2025-07-26,6,1.000000,1.000000,1.000000,hypothetical_research_only
manistee_mi,round_whitefish,30,2025-07-26,10,1.000000,1.000000,1.000000,hypothetical_research_only
manistee_mi,round_whitefish,30,2025-07-26,14,1.000000,0.850000,1.000000,hypothetical_research_only
manistee_mi,round_whitefish,30,2025-07-26,18,1.000000,0.550000,1.000000,hypothetical_research_only
manistee_mi,round_whitefish,30,2025-07-26,22,1.000000,0.250000,1.000000,hypothetical_research_only
manistee_mi,round_whitefish,30,2025-07-26,26,1.000000,0.100000,1.000000,hypothetical_research_only
manistee_mi,round_whitefish,30,2025-07-26,30,1.000000,,,out_of_domain
manistee_mi,round_whitefish,31,2025-08-02,2,1.000000,0.850000,1.000000,hypothetical_research_only
manistee_mi,round_whitefish,31,2025-08-02,6,1.000000,1.000000,1.000000,hypothetical_research_only
manistee_mi,round_whitefish,31,2025-08-02,10,1.000000,1.000000,1.000000,hypothetical_research_only
manistee_mi,round_whitefish,31,2025-08-02,14,1.000000,0.850000,1.000000,hypothetical_research_only
manistee_mi,round_whitefish,31,2025-08-02,18,1.000000,0.550000,1.000000,hypothetical_research_only
manistee_mi,round_whitefish,31,2025-08-02,22,1.000000,0.250000,1.000000,hypothetical_research_only
manistee_mi,round_whitefish,31,2025-08-02,26,1.000000,0.100000,1.000000,hypothetical_research_only
manistee_mi,round_whitefish,31,2025-08-02,30,1.000000,,,out_of_domain
manistee_mi,round_whitefish,32,2025-08-09,2,1.000000,0.850000,1.000000,hypothetical_research_only
manistee_mi,round_whitefish,32,2025-08-09,6,1.000000,1.000000,1.000000,hypothetical_research_only
manistee_mi,round_whitefish,32,2025-08-09,10,1.000000,1.000000,1.000000,hypothetical_research_only
manistee_mi,round_whitefish,32,2025-08-09,14,1.000000,0.850000,1.000000,hypothetical_research_only
manistee_mi,round_whitefish,32,2025-08-09,18,1.000000,0.550000,1.000000,hypothetical_research_only
manistee_mi,round_whitefish,32,2025-08-09,22,1.000000,0.250000,1.000000,hypothetical_research_only
manistee_mi,round_whitefish,32,2025-08-09,26,1.000000,0.100000,1.000000,hypothetical_research_only
manistee_mi,round_whitefish,32,2025-08-09,30,1.000000,,,out_of_domain
manistee_mi,round_whitefish,33,2025-08-16,2,1.016129,0.850000,1.015121,hypothetical_research_only
manistee_mi,round_whitefish,33,2025-08-16,6,1.016129,1.000000,1.016935,hypothetical_research_only
manistee_mi,round_whitefish,33,2025-08-16,10,1.016129,1.000000,1.016935,hypothetical_research_only
manistee_mi,round_whitefish,33,2025-08-16,14,1.016129,0.850000,1.015121,hypothetical_research_only
manistee_mi,round_whitefish,33,2025-08-16,18,1.016129,0.550000,1.011492,hypothetical_research_only
manistee_mi,round_whitefish,33,2025-08-16,22,1.016129,0.250000,1.007863,hypothetical_research_only
manistee_mi,round_whitefish,33,2025-08-16,26,1.016129,0.100000,1.006048,hypothetical_research_only
manistee_mi,round_whitefish,33,2025-08-16,30,1.016129,,,out_of_domain
manistee_mi,round_whitefish,34,2025-08-23,2,1.129032,0.850000,1.120968,hypothetical_research_only
manistee_mi,round_whitefish,34,2025-08-23,6,1.129032,1.000000,1.135484,hypothetical_research_only
manistee_mi,round_whitefish,34,2025-08-23,10,1.129032,1.000000,1.135484,hypothetical_research_only
manistee_mi,round_whitefish,34,2025-08-23,14,1.129032,0.850000,1.120968,hypothetical_research_only
manistee_mi,round_whitefish,34,2025-08-23,18,1.129032,0.550000,1.091935,hypothetical_research_only
manistee_mi,round_whitefish,34,2025-08-23,22,1.129032,0.250000,1.062903,hypothetical_research_only
manistee_mi,round_whitefish,34,2025-08-23,26,1.129032,0.100000,1.048387,hypothetical_research_only
manistee_mi,round_whitefish,34,2025-08-23,30,1.129032,,,out_of_domain
manistee_mi,round_whitefish,35,2025-08-30,2,1.241935,0.850000,1.226815,hypothetical_research_only
manistee_mi,round_whitefish,35,2025-08-30,6,1.241935,1.000000,1.254032,hypothetical_research_only
manistee_mi,round_whitefish,35,2025-08-30,10,1.241935,1.000000,1.254032,hypothetical_research_only
manistee_mi,round_whitefish,35,2025-08-30,14,1.241935,0.850000,1.226815,hypothetical_research_only
manistee_mi,round_whitefish,35,2025-08-30,18,1.241935,0.550000,1.172379,hypothetical_research_only
manistee_mi,round_whitefish,35,2025-08-30,22,1.241935,0.250000,1.117944,hypothetical_research_only
manistee_mi,round_whitefish,35,2025-08-30,26,1.241935,0.100000,1.090726,hypothetical_research_only
manistee_mi,round_whitefish,35,2025-08-30,30,1.241935,,,out_of_domain
manistee_mi,round_whitefish,36,2025-09-06,2,1.354839,0.850000,1.332661,hypothetical_research_only
manistee_mi,round_whitefish,36,2025-09-06,6,1.354839,1.000000,1.372581,hypothetical_research_only
manistee_mi,round_whitefish,36,2025-09-06,10,1.354839,1.000000,1.372581,hypothetical_research_only
manistee_mi,round_whitefish,36,2025-09-06,14,1.354839,0.850000,1.332661,hypothetical_research_only
manistee_mi,round_whitefish,36,2025-09-06,18,1.354839,0.550000,1.252823,hypothetical_research_only
manistee_mi,round_whitefish,36,2025-09-06,22,1.354839,0.250000,1.172984,hypothetical_research_only
manistee_mi,round_whitefish,36,2025-09-06,26,1.354839,0.100000,1.133065,hypothetical_research_only
manistee_mi,round_whitefish,36,2025-09-06,30,1.354839,,,out_of_domain
manistee_mi,round_whitefish,37,2025-09-13,2,1.467742,0.850000,1.438508,hypothetical_research_only
manistee_mi,round_whitefish,37,2025-09-13,6,1.467742,1.000000,1.491129,hypothetical_research_only
manistee_mi,round_whitefish,37,2025-09-13,10,1.467742,1.000000,1.491129,hypothetical_research_only
manistee_mi,round_whitefish,37,2025-09-13,14,1.467742,0.850000,1.438508,hypothetical_research_only
manistee_mi,round_whitefish,37,2025-09-13,18,1.467742,0.550000,1.333266,hypothetical_research_only
manistee_mi,round_whitefish,37,2025-09-13,22,1.467742,0.250000,1.228024,hypothetical_research_only
manistee_mi,round_whitefish,37,2025-09-13,26,1.467742,0.100000,1.175403,hypothetical_research_only
manistee_mi,round_whitefish,37,2025-09-13,30,1.467742,,,out_of_domain
manistee_mi,round_whitefish,38,2025-09-20,2,1.750000,0.850000,1.703125,hypothetical_research_only
manistee_mi,round_whitefish,38,2025-09-20,6,1.750000,1.000000,1.787500,hypothetical_research_only
manistee_mi,round_whitefish,38,2025-09-20,10,1.750000,1.000000,1.787500,hypothetical_research_only
manistee_mi,round_whitefish,38,2025-09-20,14,1.750000,0.850000,1.703125,hypothetical_research_only
manistee_mi,round_whitefish,38,2025-09-20,18,1.750000,0.550000,1.534375,hypothetical_research_only
manistee_mi,round_whitefish,38,2025-09-20,22,1.750000,0.250000,1.365625,hypothetical_research_only
manistee_mi,round_whitefish,38,2025-09-20,26,1.750000,0.100000,1.281250,hypothetical_research_only
manistee_mi,round_whitefish,38,2025-09-20,30,1.750000,,,out_of_domain
manistee_mi,round_whitefish,39,2025-09-27,2,2.100000,0.850000,2.031250,hypothetical_research_only
manistee_mi,round_whitefish,39,2025-09-27,6,2.100000,1.000000,2.155000,hypothetical_research_only
manistee_mi,round_whitefish,39,2025-09-27,10,2.100000,1.000000,2.155000,hypothetical_research_only
manistee_mi,round_whitefish,39,2025-09-27,14,2.100000,0.850000,2.031250,hypothetical_research_only
manistee_mi,round_whitefish,39,2025-09-27,18,2.100000,0.550000,1.783750,hypothetical_research_only
manistee_mi,round_whitefish,39,2025-09-27,22,2.100000,0.250000,1.536250,hypothetical_research_only
manistee_mi,round_whitefish,39,2025-09-27,26,2.100000,0.100000,1.412500,hypothetical_research_only
manistee_mi,round_whitefish,39,2025-09-27,30,2.100000,,,out_of_domain
manistee_mi,round_whitefish,40,2025-10-04,2,2.450000,0.850000,2.359375,hypothetical_research_only
manistee_mi,round_whitefish,40,2025-10-04,6,2.450000,1.000000,2.522500,hypothetical_research_only
manistee_mi,round_whitefish,40,2025-10-04,10,2.450000,1.000000,2.522500,hypothetical_research_only
manistee_mi,round_whitefish,40,2025-10-04,14,2.450000,0.850000,2.359375,hypothetical_research_only
manistee_mi,round_whitefish,40,2025-10-04,18,2.450000,0.550000,2.033125,hypothetical_research_only
manistee_mi,round_whitefish,40,2025-10-04,22,2.450000,0.250000,1.706875,hypothetical_research_only
manistee_mi,round_whitefish,40,2025-10-04,26,2.450000,0.100000,1.543750,hypothetical_research_only
manistee_mi,round_whitefish,40,2025-10-04,30,2.450000,,,out_of_domain
manistee_mi,round_whitefish,41,2025-10-11,2,2.800000,0.850000,2.687500,hypothetical_research_only
manistee_mi,round_whitefish,41,2025-10-11,6,2.800000,1.000000,2.890000,hypothetical_research_only
manistee_mi,round_whitefish,41,2025-10-11,10,2.800000,1.000000,2.890000,hypothetical_research_only
manistee_mi,round_whitefish,41,2025-10-11,14,2.800000,0.850000,2.687500,hypothetical_research_only
manistee_mi,round_whitefish,41,2025-10-11,18,2.800000,0.550000,2.282500,hypothetical_research_only
manistee_mi,round_whitefish,41,2025-10-11,22,2.800000,0.250000,1.877500,hypothetical_research_only
manistee_mi,round_whitefish,41,2025-10-11,26,2.800000,0.100000,1.675000,hypothetical_research_only
manistee_mi,round_whitefish,41,2025-10-11,30,2.800000,,,out_of_domain
manistee_mi,round_whitefish,42,2025-10-18,2,2.951613,0.850000,2.829637,hypothetical_research_only
manistee_mi,round_whitefish,42,2025-10-18,6,2.951613,1.000000,3.049194,hypothetical_research_only
manistee_mi,round_whitefish,42,2025-10-18,10,2.951613,1.000000,3.049194,hypothetical_research_only
manistee_mi,round_whitefish,42,2025-10-18,14,2.951613,0.850000,2.829637,hypothetical_research_only
manistee_mi,round_whitefish,42,2025-10-18,18,2.951613,0.550000,2.390524,hypothetical_research_only
manistee_mi,round_whitefish,42,2025-10-18,22,2.951613,0.250000,1.951411,hypothetical_research_only
manistee_mi,round_whitefish,42,2025-10-18,26,2.951613,0.100000,1.731855,hypothetical_research_only
manistee_mi,round_whitefish,42,2025-10-18,30,2.951613,,,out_of_domain
manistee_mi,round_whitefish,43,2025-10-25,2,2.838710,0.850000,2.723790,hypothetical_research_only
manistee_mi,round_whitefish,43,2025-10-25,6,2.838710,1.000000,2.930645,hypothetical_research_only
manistee_mi,round_whitefish,43,2025-10-25,10,2.838710,1.000000,2.930645,hypothetical_research_only
manistee_mi,round_whitefish,43,2025-10-25,14,2.838710,0.850000,2.723790,hypothetical_research_only
manistee_mi,round_whitefish,43,2025-10-25,18,2.838710,0.550000,2.310081,hypothetical_research_only
manistee_mi,round_whitefish,43,2025-10-25,22,2.838710,0.250000,1.896371,hypothetical_research_only
manistee_mi,round_whitefish,43,2025-10-25,26,2.838710,0.100000,1.689516,hypothetical_research_only
manistee_mi,round_whitefish,43,2025-10-25,30,2.838710,,,out_of_domain
manistee_mi,round_whitefish,44,2025-11-01,2,2.725806,0.850000,2.617944,hypothetical_research_only
manistee_mi,round_whitefish,44,2025-11-01,6,2.725806,1.000000,2.812097,hypothetical_research_only
manistee_mi,round_whitefish,44,2025-11-01,10,2.725806,1.000000,2.812097,hypothetical_research_only
manistee_mi,round_whitefish,44,2025-11-01,14,2.725806,0.850000,2.617944,hypothetical_research_only
manistee_mi,round_whitefish,44,2025-11-01,18,2.725806,0.550000,2.229637,hypothetical_research_only
manistee_mi,round_whitefish,44,2025-11-01,22,2.725806,0.250000,1.841331,hypothetical_research_only
manistee_mi,round_whitefish,44,2025-11-01,26,2.725806,0.100000,1.647177,hypothetical_research_only
manistee_mi,round_whitefish,44,2025-11-01,30,2.725806,,,out_of_domain
manistee_mi,round_whitefish,45,2025-11-08,2,2.612903,0.850000,2.512097,hypothetical_research_only
manistee_mi,round_whitefish,45,2025-11-08,6,2.612903,1.000000,2.693548,hypothetical_research_only
manistee_mi,round_whitefish,45,2025-11-08,10,2.612903,1.000000,2.693548,hypothetical_research_only
manistee_mi,round_whitefish,45,2025-11-08,14,2.612903,0.850000,2.512097,hypothetical_research_only
manistee_mi,round_whitefish,45,2025-11-08,18,2.612903,0.550000,2.149194,hypothetical_research_only
manistee_mi,round_whitefish,45,2025-11-08,22,2.612903,0.250000,1.786290,hypothetical_research_only
manistee_mi,round_whitefish,45,2025-11-08,26,2.612903,0.100000,1.604839,hypothetical_research_only
manistee_mi,round_whitefish,45,2025-11-08,30,2.612903,,,out_of_domain
manistee_mi,round_whitefish,46,2025-11-15,2,2.500000,0.850000,2.406250,hypothetical_research_only
manistee_mi,round_whitefish,46,2025-11-15,6,2.500000,1.000000,2.575000,hypothetical_research_only
manistee_mi,round_whitefish,46,2025-11-15,10,2.500000,1.000000,2.575000,hypothetical_research_only
manistee_mi,round_whitefish,46,2025-11-15,14,2.500000,0.850000,2.406250,hypothetical_research_only
manistee_mi,round_whitefish,46,2025-11-15,18,2.500000,0.550000,2.068750,hypothetical_research_only
manistee_mi,round_whitefish,46,2025-11-15,22,2.500000,0.250000,1.731250,hypothetical_research_only
manistee_mi,round_whitefish,46,2025-11-15,26,2.500000,0.100000,1.562500,hypothetical_research_only
manistee_mi,round_whitefish,46,2025-11-15,30,2.500000,,,out_of_domain
manistee_mi,round_whitefish,47,2025-11-22,2,2.266667,0.850000,2.187500,hypothetical_research_only
manistee_mi,round_whitefish,47,2025-11-22,6,2.266667,1.000000,2.330000,hypothetical_research_only
manistee_mi,round_whitefish,47,2025-11-22,10,2.266667,1.000000,2.330000,hypothetical_research_only
manistee_mi,round_whitefish,47,2025-11-22,14,2.266667,0.850000,2.187500,hypothetical_research_only
manistee_mi,round_whitefish,47,2025-11-22,18,2.266667,0.550000,1.902500,hypothetical_research_only
manistee_mi,round_whitefish,47,2025-11-22,22,2.266667,0.250000,1.617500,hypothetical_research_only
manistee_mi,round_whitefish,47,2025-11-22,26,2.266667,0.100000,1.475000,hypothetical_research_only
manistee_mi,round_whitefish,47,2025-11-22,30,2.266667,,,out_of_domain
manistee_mi,round_whitefish,48,2025-11-29,2,2.033333,0.850000,1.968750,hypothetical_research_only
manistee_mi,round_whitefish,48,2025-11-29,6,2.033333,1.000000,2.085000,hypothetical_research_only
manistee_mi,round_whitefish,48,2025-11-29,10,2.033333,1.000000,2.085000,hypothetical_research_only
manistee_mi,round_whitefish,48,2025-11-29,14,2.033333,0.850000,1.968750,hypothetical_research_only
manistee_mi,round_whitefish,48,2025-11-29,18,2.033333,0.550000,1.736250,hypothetical_research_only
manistee_mi,round_whitefish,48,2025-11-29,22,2.033333,0.250000,1.503750,hypothetical_research_only
manistee_mi,round_whitefish,48,2025-11-29,26,2.033333,0.100000,1.387500,hypothetical_research_only
manistee_mi,round_whitefish,48,2025-11-29,30,2.033333,,,out_of_domain
manistee_mi,round_whitefish,49,2025-12-06,2,1.800000,0.850000,1.750000,hypothetical_research_only
manistee_mi,round_whitefish,49,2025-12-06,6,1.800000,1.000000,1.840000,hypothetical_research_only
manistee_mi,round_whitefish,49,2025-12-06,10,1.800000,1.000000,1.840000,hypothetical_research_only
manistee_mi,round_whitefish,49,2025-12-06,14,1.800000,0.850000,1.750000,hypothetical_research_only
manistee_mi,round_whitefish,49,2025-12-06,18,1.800000,0.550000,1.570000,hypothetical_research_only
manistee_mi,round_whitefish,49,2025-12-06,22,1.800000,0.250000,1.390000,hypothetical_research_only
manistee_mi,round_whitefish,49,2025-12-06,26,1.800000,0.100000,1.300000,hypothetical_research_only
manistee_mi,round_whitefish,49,2025-12-06,30,1.800000,,,out_of_domain
manistee_mi,round_whitefish,50,2025-12-13,2,1.566667,0.850000,1.531250,hypothetical_research_only
manistee_mi,round_whitefish,50,2025-12-13,6,1.566667,1.000000,1.595000,hypothetical_research_only
manistee_mi,round_whitefish,50,2025-12-13,10,1.566667,1.000000,1.595000,hypothetical_research_only
manistee_mi,round_whitefish,50,2025-12-13,14,1.566667,0.850000,1.531250,hypothetical_research_only
manistee_mi,round_whitefish,50,2025-12-13,18,1.566667,0.550000,1.403750,hypothetical_research_only
manistee_mi,round_whitefish,50,2025-12-13,22,1.566667,0.250000,1.276250,hypothetical_research_only
manistee_mi,round_whitefish,50,2025-12-13,26,1.566667,0.100000,1.212500,hypothetical_research_only
manistee_mi,round_whitefish,50,2025-12-13,30,1.566667,,,out_of_domain
manistee_mi,round_whitefish,51,2025-12-20,2,1.500000,0.850000,1.468750,hypothetical_research_only
manistee_mi,round_whitefish,51,2025-12-20,6,1.500000,1.000000,1.525000,hypothetical_research_only
manistee_mi,round_whitefish,51,2025-12-20,10,1.500000,1.000000,1.525000,hypothetical_research_only
manistee_mi,round_whitefish,51,2025-12-20,14,1.500000,0.850000,1.468750,hypothetical_research_only
manistee_mi,round_whitefish,51,2025-12-20,18,1.500000,0.550000,1.356250,hypothetical_research_only
manistee_mi,round_whitefish,51,2025-12-20,22,1.500000,0.250000,1.243750,hypothetical_research_only
manistee_mi,round_whitefish,51,2025-12-20,26,1.500000,0.100000,1.187500,hypothetical_research_only
manistee_mi,round_whitefish,51,2025-12-20,30,1.500000,,,out_of_domain
manistee_mi,round_whitefish,52,2025-12-27,2,1.500000,0.850000,1.468750,hypothetical_research_only
manistee_mi,round_whitefish,52,2025-12-27,6,1.500000,1.000000,1.525000,hypothetical_research_only
manistee_mi,round_whitefish,52,2025-12-27,10,1.500000,1.000000,1.525000,hypothetical_research_only
manistee_mi,round_whitefish,52,2025-12-27,14,1.500000,0.850000,1.468750,hypothetical_research_only
manistee_mi,round_whitefish,52,2025-12-27,18,1.500000,0.550000,1.356250,hypothetical_research_only
manistee_mi,round_whitefish,52,2025-12-27,22,1.500000,0.250000,1.243750,hypothetical_research_only
manistee_mi,round_whitefish,52,2025-12-27,26,1.500000,0.100000,1.187500,hypothetical_research_only
manistee_mi,round_whitefish,52,2025-12-27,30,1.500000,,,out_of_domain
manistee_mi,largemouth_bass,1,2025-01-04,2,1.500000,0.400000,1.300000,hypothetical_research_only
manistee_mi,largemouth_bass,1,2025-01-04,6,1.500000,0.525000,1.346875,hypothetical_research_only
manistee_mi,largemouth_bass,1,2025-01-04,10,1.500000,0.675000,1.403125,hypothetical_research_only
manistee_mi,largemouth_bass,1,2025-01-04,14,1.500000,0.825000,1.459375,hypothetical_research_only
manistee_mi,largemouth_bass,1,2025-01-04,18,1.500000,0.940000,1.502500,hypothetical_research_only
manistee_mi,largemouth_bass,1,2025-01-04,22,1.500000,1.000000,1.525000,hypothetical_research_only
manistee_mi,largemouth_bass,1,2025-01-04,26,1.500000,1.000000,1.525000,hypothetical_research_only
manistee_mi,largemouth_bass,1,2025-01-04,30,1.500000,0.900000,1.487500,hypothetical_research_only
manistee_mi,largemouth_bass,2,2025-01-11,2,1.500000,0.400000,1.300000,hypothetical_research_only
manistee_mi,largemouth_bass,2,2025-01-11,6,1.500000,0.525000,1.346875,hypothetical_research_only
manistee_mi,largemouth_bass,2,2025-01-11,10,1.500000,0.675000,1.403125,hypothetical_research_only
manistee_mi,largemouth_bass,2,2025-01-11,14,1.500000,0.825000,1.459375,hypothetical_research_only
manistee_mi,largemouth_bass,2,2025-01-11,18,1.500000,0.940000,1.502500,hypothetical_research_only
manistee_mi,largemouth_bass,2,2025-01-11,22,1.500000,1.000000,1.525000,hypothetical_research_only
manistee_mi,largemouth_bass,2,2025-01-11,26,1.500000,1.000000,1.525000,hypothetical_research_only
manistee_mi,largemouth_bass,2,2025-01-11,30,1.500000,0.900000,1.487500,hypothetical_research_only
manistee_mi,largemouth_bass,3,2025-01-18,2,1.500000,0.400000,1.300000,hypothetical_research_only
manistee_mi,largemouth_bass,3,2025-01-18,6,1.500000,0.525000,1.346875,hypothetical_research_only
manistee_mi,largemouth_bass,3,2025-01-18,10,1.500000,0.675000,1.403125,hypothetical_research_only
manistee_mi,largemouth_bass,3,2025-01-18,14,1.500000,0.825000,1.459375,hypothetical_research_only
manistee_mi,largemouth_bass,3,2025-01-18,18,1.500000,0.940000,1.502500,hypothetical_research_only
manistee_mi,largemouth_bass,3,2025-01-18,22,1.500000,1.000000,1.525000,hypothetical_research_only
manistee_mi,largemouth_bass,3,2025-01-18,26,1.500000,1.000000,1.525000,hypothetical_research_only
manistee_mi,largemouth_bass,3,2025-01-18,30,1.500000,0.900000,1.487500,hypothetical_research_only
manistee_mi,largemouth_bass,4,2025-01-25,2,1.500000,0.400000,1.300000,hypothetical_research_only
manistee_mi,largemouth_bass,4,2025-01-25,6,1.500000,0.525000,1.346875,hypothetical_research_only
manistee_mi,largemouth_bass,4,2025-01-25,10,1.500000,0.675000,1.403125,hypothetical_research_only
manistee_mi,largemouth_bass,4,2025-01-25,14,1.500000,0.825000,1.459375,hypothetical_research_only
manistee_mi,largemouth_bass,4,2025-01-25,18,1.500000,0.940000,1.502500,hypothetical_research_only
manistee_mi,largemouth_bass,4,2025-01-25,22,1.500000,1.000000,1.525000,hypothetical_research_only
manistee_mi,largemouth_bass,4,2025-01-25,26,1.500000,1.000000,1.525000,hypothetical_research_only
manistee_mi,largemouth_bass,4,2025-01-25,30,1.500000,0.900000,1.487500,hypothetical_research_only
manistee_mi,largemouth_bass,5,2025-02-01,2,1.500000,0.400000,1.300000,hypothetical_research_only
manistee_mi,largemouth_bass,5,2025-02-01,6,1.500000,0.525000,1.346875,hypothetical_research_only
manistee_mi,largemouth_bass,5,2025-02-01,10,1.500000,0.675000,1.403125,hypothetical_research_only
manistee_mi,largemouth_bass,5,2025-02-01,14,1.500000,0.825000,1.459375,hypothetical_research_only
manistee_mi,largemouth_bass,5,2025-02-01,18,1.500000,0.940000,1.502500,hypothetical_research_only
manistee_mi,largemouth_bass,5,2025-02-01,22,1.500000,1.000000,1.525000,hypothetical_research_only
manistee_mi,largemouth_bass,5,2025-02-01,26,1.500000,1.000000,1.525000,hypothetical_research_only
manistee_mi,largemouth_bass,5,2025-02-01,30,1.500000,0.900000,1.487500,hypothetical_research_only
manistee_mi,largemouth_bass,6,2025-02-08,2,1.500000,0.400000,1.300000,hypothetical_research_only
manistee_mi,largemouth_bass,6,2025-02-08,6,1.500000,0.525000,1.346875,hypothetical_research_only
manistee_mi,largemouth_bass,6,2025-02-08,10,1.500000,0.675000,1.403125,hypothetical_research_only
manistee_mi,largemouth_bass,6,2025-02-08,14,1.500000,0.825000,1.459375,hypothetical_research_only
manistee_mi,largemouth_bass,6,2025-02-08,18,1.500000,0.940000,1.502500,hypothetical_research_only
manistee_mi,largemouth_bass,6,2025-02-08,22,1.500000,1.000000,1.525000,hypothetical_research_only
manistee_mi,largemouth_bass,6,2025-02-08,26,1.500000,1.000000,1.525000,hypothetical_research_only
manistee_mi,largemouth_bass,6,2025-02-08,30,1.500000,0.900000,1.487500,hypothetical_research_only
manistee_mi,largemouth_bass,7,2025-02-15,2,1.500000,0.400000,1.300000,hypothetical_research_only
manistee_mi,largemouth_bass,7,2025-02-15,6,1.500000,0.525000,1.346875,hypothetical_research_only
manistee_mi,largemouth_bass,7,2025-02-15,10,1.500000,0.675000,1.403125,hypothetical_research_only
manistee_mi,largemouth_bass,7,2025-02-15,14,1.500000,0.825000,1.459375,hypothetical_research_only
manistee_mi,largemouth_bass,7,2025-02-15,18,1.500000,0.940000,1.502500,hypothetical_research_only
manistee_mi,largemouth_bass,7,2025-02-15,22,1.500000,1.000000,1.525000,hypothetical_research_only
manistee_mi,largemouth_bass,7,2025-02-15,26,1.500000,1.000000,1.525000,hypothetical_research_only
manistee_mi,largemouth_bass,7,2025-02-15,30,1.500000,0.900000,1.487500,hypothetical_research_only
manistee_mi,largemouth_bass,8,2025-02-22,2,1.500000,0.400000,1.300000,hypothetical_research_only
manistee_mi,largemouth_bass,8,2025-02-22,6,1.500000,0.525000,1.346875,hypothetical_research_only
manistee_mi,largemouth_bass,8,2025-02-22,10,1.500000,0.675000,1.403125,hypothetical_research_only
manistee_mi,largemouth_bass,8,2025-02-22,14,1.500000,0.825000,1.459375,hypothetical_research_only
manistee_mi,largemouth_bass,8,2025-02-22,18,1.500000,0.940000,1.502500,hypothetical_research_only
manistee_mi,largemouth_bass,8,2025-02-22,22,1.500000,1.000000,1.525000,hypothetical_research_only
manistee_mi,largemouth_bass,8,2025-02-22,26,1.500000,1.000000,1.525000,hypothetical_research_only
manistee_mi,largemouth_bass,8,2025-02-22,30,1.500000,0.900000,1.487500,hypothetical_research_only
manistee_mi,largemouth_bass,9,2025-03-01,2,1.500000,0.400000,1.300000,hypothetical_research_only
manistee_mi,largemouth_bass,9,2025-03-01,6,1.500000,0.525000,1.346875,hypothetical_research_only
manistee_mi,largemouth_bass,9,2025-03-01,10,1.500000,0.675000,1.403125,hypothetical_research_only
manistee_mi,largemouth_bass,9,2025-03-01,14,1.500000,0.825000,1.459375,hypothetical_research_only
manistee_mi,largemouth_bass,9,2025-03-01,18,1.500000,0.940000,1.502500,hypothetical_research_only
manistee_mi,largemouth_bass,9,2025-03-01,22,1.500000,1.000000,1.525000,hypothetical_research_only
manistee_mi,largemouth_bass,9,2025-03-01,26,1.500000,1.000000,1.525000,hypothetical_research_only
manistee_mi,largemouth_bass,9,2025-03-01,30,1.500000,0.900000,1.487500,hypothetical_research_only
manistee_mi,largemouth_bass,10,2025-03-08,2,1.500000,0.400000,1.300000,hypothetical_research_only
manistee_mi,largemouth_bass,10,2025-03-08,6,1.500000,0.525000,1.346875,hypothetical_research_only
manistee_mi,largemouth_bass,10,2025-03-08,10,1.500000,0.675000,1.403125,hypothetical_research_only
manistee_mi,largemouth_bass,10,2025-03-08,14,1.500000,0.825000,1.459375,hypothetical_research_only
manistee_mi,largemouth_bass,10,2025-03-08,18,1.500000,0.940000,1.502500,hypothetical_research_only
manistee_mi,largemouth_bass,10,2025-03-08,22,1.500000,1.000000,1.525000,hypothetical_research_only
manistee_mi,largemouth_bass,10,2025-03-08,26,1.500000,1.000000,1.525000,hypothetical_research_only
manistee_mi,largemouth_bass,10,2025-03-08,30,1.500000,0.900000,1.487500,hypothetical_research_only
manistee_mi,largemouth_bass,11,2025-03-15,2,1.500000,0.400000,1.300000,hypothetical_research_only
manistee_mi,largemouth_bass,11,2025-03-15,6,1.500000,0.525000,1.346875,hypothetical_research_only
manistee_mi,largemouth_bass,11,2025-03-15,10,1.500000,0.675000,1.403125,hypothetical_research_only
manistee_mi,largemouth_bass,11,2025-03-15,14,1.500000,0.825000,1.459375,hypothetical_research_only
manistee_mi,largemouth_bass,11,2025-03-15,18,1.500000,0.940000,1.502500,hypothetical_research_only
manistee_mi,largemouth_bass,11,2025-03-15,22,1.500000,1.000000,1.525000,hypothetical_research_only
manistee_mi,largemouth_bass,11,2025-03-15,26,1.500000,1.000000,1.525000,hypothetical_research_only
manistee_mi,largemouth_bass,11,2025-03-15,30,1.500000,0.900000,1.487500,hypothetical_research_only
manistee_mi,largemouth_bass,12,2025-03-22,2,1.500000,0.400000,1.300000,hypothetical_research_only
manistee_mi,largemouth_bass,12,2025-03-22,6,1.500000,0.525000,1.346875,hypothetical_research_only
manistee_mi,largemouth_bass,12,2025-03-22,10,1.500000,0.675000,1.403125,hypothetical_research_only
manistee_mi,largemouth_bass,12,2025-03-22,14,1.500000,0.825000,1.459375,hypothetical_research_only
manistee_mi,largemouth_bass,12,2025-03-22,18,1.500000,0.940000,1.502500,hypothetical_research_only
manistee_mi,largemouth_bass,12,2025-03-22,22,1.500000,1.000000,1.525000,hypothetical_research_only
manistee_mi,largemouth_bass,12,2025-03-22,26,1.500000,1.000000,1.525000,hypothetical_research_only
manistee_mi,largemouth_bass,12,2025-03-22,30,1.500000,0.900000,1.487500,hypothetical_research_only
manistee_mi,largemouth_bass,13,2025-03-29,2,1.500000,0.400000,1.300000,hypothetical_research_only
manistee_mi,largemouth_bass,13,2025-03-29,6,1.500000,0.525000,1.346875,hypothetical_research_only
manistee_mi,largemouth_bass,13,2025-03-29,10,1.500000,0.675000,1.403125,hypothetical_research_only
manistee_mi,largemouth_bass,13,2025-03-29,14,1.500000,0.825000,1.459375,hypothetical_research_only
manistee_mi,largemouth_bass,13,2025-03-29,18,1.500000,0.940000,1.502500,hypothetical_research_only
manistee_mi,largemouth_bass,13,2025-03-29,22,1.500000,1.000000,1.525000,hypothetical_research_only
manistee_mi,largemouth_bass,13,2025-03-29,26,1.500000,1.000000,1.525000,hypothetical_research_only
manistee_mi,largemouth_bass,13,2025-03-29,30,1.500000,0.900000,1.487500,hypothetical_research_only
manistee_mi,largemouth_bass,14,2025-04-05,2,1.500000,0.400000,1.300000,hypothetical_research_only
manistee_mi,largemouth_bass,14,2025-04-05,6,1.500000,0.525000,1.346875,hypothetical_research_only
manistee_mi,largemouth_bass,14,2025-04-05,10,1.500000,0.675000,1.403125,hypothetical_research_only
manistee_mi,largemouth_bass,14,2025-04-05,14,1.500000,0.825000,1.459375,hypothetical_research_only
manistee_mi,largemouth_bass,14,2025-04-05,18,1.500000,0.940000,1.502500,hypothetical_research_only
manistee_mi,largemouth_bass,14,2025-04-05,22,1.500000,1.000000,1.525000,hypothetical_research_only
manistee_mi,largemouth_bass,14,2025-04-05,26,1.500000,1.000000,1.525000,hypothetical_research_only
manistee_mi,largemouth_bass,14,2025-04-05,30,1.500000,0.900000,1.487500,hypothetical_research_only
manistee_mi,largemouth_bass,15,2025-04-12,2,1.500000,0.400000,1.300000,hypothetical_research_only
manistee_mi,largemouth_bass,15,2025-04-12,6,1.500000,0.525000,1.346875,hypothetical_research_only
manistee_mi,largemouth_bass,15,2025-04-12,10,1.500000,0.675000,1.403125,hypothetical_research_only
manistee_mi,largemouth_bass,15,2025-04-12,14,1.500000,0.825000,1.459375,hypothetical_research_only
manistee_mi,largemouth_bass,15,2025-04-12,18,1.500000,0.940000,1.502500,hypothetical_research_only
manistee_mi,largemouth_bass,15,2025-04-12,22,1.500000,1.000000,1.525000,hypothetical_research_only
manistee_mi,largemouth_bass,15,2025-04-12,26,1.500000,1.000000,1.525000,hypothetical_research_only
manistee_mi,largemouth_bass,15,2025-04-12,30,1.500000,0.900000,1.487500,hypothetical_research_only
manistee_mi,largemouth_bass,16,2025-04-19,2,1.566667,0.400000,1.340000,hypothetical_research_only
manistee_mi,largemouth_bass,16,2025-04-19,6,1.566667,0.525000,1.393125,hypothetical_research_only
manistee_mi,largemouth_bass,16,2025-04-19,10,1.566667,0.675000,1.456875,hypothetical_research_only
manistee_mi,largemouth_bass,16,2025-04-19,14,1.566667,0.825000,1.520625,hypothetical_research_only
manistee_mi,largemouth_bass,16,2025-04-19,18,1.566667,0.940000,1.569500,hypothetical_research_only
manistee_mi,largemouth_bass,16,2025-04-19,22,1.566667,1.000000,1.595000,hypothetical_research_only
manistee_mi,largemouth_bass,16,2025-04-19,26,1.566667,1.000000,1.595000,hypothetical_research_only
manistee_mi,largemouth_bass,16,2025-04-19,30,1.566667,0.900000,1.552500,hypothetical_research_only
manistee_mi,largemouth_bass,17,2025-04-26,2,1.683333,0.400000,1.410000,hypothetical_research_only
manistee_mi,largemouth_bass,17,2025-04-26,6,1.683333,0.525000,1.474063,hypothetical_research_only
manistee_mi,largemouth_bass,17,2025-04-26,10,1.683333,0.675000,1.550938,hypothetical_research_only
manistee_mi,largemouth_bass,17,2025-04-26,14,1.683333,0.825000,1.627813,hypothetical_research_only
manistee_mi,largemouth_bass,17,2025-04-26,18,1.683333,0.940000,1.686750,hypothetical_research_only
manistee_mi,largemouth_bass,17,2025-04-26,22,1.683333,1.000000,1.717500,hypothetical_research_only
manistee_mi,largemouth_bass,17,2025-04-26,26,1.683333,1.000000,1.717500,hypothetical_research_only
manistee_mi,largemouth_bass,17,2025-04-26,30,1.683333,0.900000,1.666250,hypothetical_research_only
manistee_mi,largemouth_bass,18,2025-05-03,2,1.800000,0.400000,1.480000,hypothetical_research_only
manistee_mi,largemouth_bass,18,2025-05-03,6,1.800000,0.525000,1.555000,hypothetical_research_only
manistee_mi,largemouth_bass,18,2025-05-03,10,1.800000,0.675000,1.645000,hypothetical_research_only
manistee_mi,largemouth_bass,18,2025-05-03,14,1.800000,0.825000,1.735000,hypothetical_research_only
manistee_mi,largemouth_bass,18,2025-05-03,18,1.800000,0.940000,1.804000,hypothetical_research_only
manistee_mi,largemouth_bass,18,2025-05-03,22,1.800000,1.000000,1.840000,hypothetical_research_only
manistee_mi,largemouth_bass,18,2025-05-03,26,1.800000,1.000000,1.840000,hypothetical_research_only
manistee_mi,largemouth_bass,18,2025-05-03,30,1.800000,0.900000,1.780000,hypothetical_research_only
manistee_mi,largemouth_bass,19,2025-05-10,2,1.916667,0.400000,1.550000,hypothetical_research_only
manistee_mi,largemouth_bass,19,2025-05-10,6,1.916667,0.525000,1.635938,hypothetical_research_only
manistee_mi,largemouth_bass,19,2025-05-10,10,1.916667,0.675000,1.739063,hypothetical_research_only
manistee_mi,largemouth_bass,19,2025-05-10,14,1.916667,0.825000,1.842188,hypothetical_research_only
manistee_mi,largemouth_bass,19,2025-05-10,18,1.916667,0.940000,1.921250,hypothetical_research_only
manistee_mi,largemouth_bass,19,2025-05-10,22,1.916667,1.000000,1.962500,hypothetical_research_only
manistee_mi,largemouth_bass,19,2025-05-10,26,1.916667,1.000000,1.962500,hypothetical_research_only
manistee_mi,largemouth_bass,19,2025-05-10,30,1.916667,0.900000,1.893750,hypothetical_research_only
manistee_mi,largemouth_bass,20,2025-05-17,2,2.000000,0.400000,1.600000,hypothetical_research_only
manistee_mi,largemouth_bass,20,2025-05-17,6,2.000000,0.525000,1.693750,hypothetical_research_only
manistee_mi,largemouth_bass,20,2025-05-17,10,2.000000,0.675000,1.806250,hypothetical_research_only
manistee_mi,largemouth_bass,20,2025-05-17,14,2.000000,0.825000,1.918750,hypothetical_research_only
manistee_mi,largemouth_bass,20,2025-05-17,18,2.000000,0.940000,2.005000,hypothetical_research_only
manistee_mi,largemouth_bass,20,2025-05-17,22,2.000000,1.000000,2.050000,hypothetical_research_only
manistee_mi,largemouth_bass,20,2025-05-17,26,2.000000,1.000000,2.050000,hypothetical_research_only
manistee_mi,largemouth_bass,20,2025-05-17,30,2.000000,0.900000,1.975000,hypothetical_research_only
manistee_mi,largemouth_bass,21,2025-05-24,2,2.000000,0.400000,1.600000,hypothetical_research_only
manistee_mi,largemouth_bass,21,2025-05-24,6,2.000000,0.525000,1.693750,hypothetical_research_only
manistee_mi,largemouth_bass,21,2025-05-24,10,2.000000,0.675000,1.806250,hypothetical_research_only
manistee_mi,largemouth_bass,21,2025-05-24,14,2.000000,0.825000,1.918750,hypothetical_research_only
manistee_mi,largemouth_bass,21,2025-05-24,18,2.000000,0.940000,2.005000,hypothetical_research_only
manistee_mi,largemouth_bass,21,2025-05-24,22,2.000000,1.000000,2.050000,hypothetical_research_only
manistee_mi,largemouth_bass,21,2025-05-24,26,2.000000,1.000000,2.050000,hypothetical_research_only
manistee_mi,largemouth_bass,21,2025-05-24,30,2.000000,0.900000,1.975000,hypothetical_research_only
manistee_mi,largemouth_bass,22,2025-05-31,2,2.000000,0.400000,1.600000,hypothetical_research_only
manistee_mi,largemouth_bass,22,2025-05-31,6,2.000000,0.525000,1.693750,hypothetical_research_only
manistee_mi,largemouth_bass,22,2025-05-31,10,2.000000,0.675000,1.806250,hypothetical_research_only
manistee_mi,largemouth_bass,22,2025-05-31,14,2.000000,0.825000,1.918750,hypothetical_research_only
manistee_mi,largemouth_bass,22,2025-05-31,18,2.000000,0.940000,2.005000,hypothetical_research_only
manistee_mi,largemouth_bass,22,2025-05-31,22,2.000000,1.000000,2.050000,hypothetical_research_only
manistee_mi,largemouth_bass,22,2025-05-31,26,2.000000,1.000000,2.050000,hypothetical_research_only
manistee_mi,largemouth_bass,22,2025-05-31,30,2.000000,0.900000,1.975000,hypothetical_research_only
manistee_mi,largemouth_bass,23,2025-06-07,2,2.000000,0.400000,1.600000,hypothetical_research_only
manistee_mi,largemouth_bass,23,2025-06-07,6,2.000000,0.525000,1.693750,hypothetical_research_only
manistee_mi,largemouth_bass,23,2025-06-07,10,2.000000,0.675000,1.806250,hypothetical_research_only
manistee_mi,largemouth_bass,23,2025-06-07,14,2.000000,0.825000,1.918750,hypothetical_research_only
manistee_mi,largemouth_bass,23,2025-06-07,18,2.000000,0.940000,2.005000,hypothetical_research_only
manistee_mi,largemouth_bass,23,2025-06-07,22,2.000000,1.000000,2.050000,hypothetical_research_only
manistee_mi,largemouth_bass,23,2025-06-07,26,2.000000,1.000000,2.050000,hypothetical_research_only
manistee_mi,largemouth_bass,23,2025-06-07,30,2.000000,0.900000,1.975000,hypothetical_research_only
manistee_mi,largemouth_bass,24,2025-06-14,2,2.000000,0.400000,1.600000,hypothetical_research_only
manistee_mi,largemouth_bass,24,2025-06-14,6,2.000000,0.525000,1.693750,hypothetical_research_only
manistee_mi,largemouth_bass,24,2025-06-14,10,2.000000,0.675000,1.806250,hypothetical_research_only
manistee_mi,largemouth_bass,24,2025-06-14,14,2.000000,0.825000,1.918750,hypothetical_research_only
manistee_mi,largemouth_bass,24,2025-06-14,18,2.000000,0.940000,2.005000,hypothetical_research_only
manistee_mi,largemouth_bass,24,2025-06-14,22,2.000000,1.000000,2.050000,hypothetical_research_only
manistee_mi,largemouth_bass,24,2025-06-14,26,2.000000,1.000000,2.050000,hypothetical_research_only
manistee_mi,largemouth_bass,24,2025-06-14,30,2.000000,0.900000,1.975000,hypothetical_research_only
manistee_mi,largemouth_bass,25,2025-06-21,2,2.200000,0.400000,1.720000,hypothetical_research_only
manistee_mi,largemouth_bass,25,2025-06-21,6,2.200000,0.525000,1.832500,hypothetical_research_only
manistee_mi,largemouth_bass,25,2025-06-21,10,2.200000,0.675000,1.967500,hypothetical_research_only
manistee_mi,largemouth_bass,25,2025-06-21,14,2.200000,0.825000,2.102500,hypothetical_research_only
manistee_mi,largemouth_bass,25,2025-06-21,18,2.200000,0.940000,2.206000,hypothetical_research_only
manistee_mi,largemouth_bass,25,2025-06-21,22,2.200000,1.000000,2.260000,hypothetical_research_only
manistee_mi,largemouth_bass,25,2025-06-21,26,2.200000,1.000000,2.260000,hypothetical_research_only
manistee_mi,largemouth_bass,25,2025-06-21,30,2.200000,0.900000,2.170000,hypothetical_research_only
manistee_mi,largemouth_bass,26,2025-06-28,2,2.433333,0.400000,1.860000,hypothetical_research_only
manistee_mi,largemouth_bass,26,2025-06-28,6,2.433333,0.525000,1.994375,hypothetical_research_only
manistee_mi,largemouth_bass,26,2025-06-28,10,2.433333,0.675000,2.155625,hypothetical_research_only
manistee_mi,largemouth_bass,26,2025-06-28,14,2.433333,0.825000,2.316875,hypothetical_research_only
manistee_mi,largemouth_bass,26,2025-06-28,18,2.433333,0.940000,2.440500,hypothetical_research_only
manistee_mi,largemouth_bass,26,2025-06-28,22,2.433333,1.000000,2.505000,hypothetical_research_only
manistee_mi,largemouth_bass,26,2025-06-28,26,2.433333,1.000000,2.505000,hypothetical_research_only
manistee_mi,largemouth_bass,26,2025-06-28,30,2.433333,0.900000,2.397500,hypothetical_research_only
manistee_mi,largemouth_bass,27,2025-07-05,2,2.666667,0.400000,2.000000,hypothetical_research_only
manistee_mi,largemouth_bass,27,2025-07-05,6,2.666667,0.525000,2.156250,hypothetical_research_only
manistee_mi,largemouth_bass,27,2025-07-05,10,2.666667,0.675000,2.343750,hypothetical_research_only
manistee_mi,largemouth_bass,27,2025-07-05,14,2.666667,0.825000,2.531250,hypothetical_research_only
manistee_mi,largemouth_bass,27,2025-07-05,18,2.666667,0.940000,2.675000,hypothetical_research_only
manistee_mi,largemouth_bass,27,2025-07-05,22,2.666667,1.000000,2.750000,hypothetical_research_only
manistee_mi,largemouth_bass,27,2025-07-05,26,2.666667,1.000000,2.750000,hypothetical_research_only
manistee_mi,largemouth_bass,27,2025-07-05,30,2.666667,0.900000,2.625000,hypothetical_research_only
manistee_mi,largemouth_bass,28,2025-07-12,2,2.900000,0.400000,2.140000,hypothetical_research_only
manistee_mi,largemouth_bass,28,2025-07-12,6,2.900000,0.525000,2.318125,hypothetical_research_only
manistee_mi,largemouth_bass,28,2025-07-12,10,2.900000,0.675000,2.531875,hypothetical_research_only
manistee_mi,largemouth_bass,28,2025-07-12,14,2.900000,0.825000,2.745625,hypothetical_research_only
manistee_mi,largemouth_bass,28,2025-07-12,18,2.900000,0.940000,2.909500,hypothetical_research_only
manistee_mi,largemouth_bass,28,2025-07-12,22,2.900000,1.000000,2.995000,hypothetical_research_only
manistee_mi,largemouth_bass,28,2025-07-12,26,2.900000,1.000000,2.995000,hypothetical_research_only
manistee_mi,largemouth_bass,28,2025-07-12,30,2.900000,0.900000,2.852500,hypothetical_research_only
manistee_mi,largemouth_bass,29,2025-07-19,2,3.000000,0.400000,2.200000,hypothetical_research_only
manistee_mi,largemouth_bass,29,2025-07-19,6,3.000000,0.525000,2.387500,hypothetical_research_only
manistee_mi,largemouth_bass,29,2025-07-19,10,3.000000,0.675000,2.612500,hypothetical_research_only
manistee_mi,largemouth_bass,29,2025-07-19,14,3.000000,0.825000,2.837500,hypothetical_research_only
manistee_mi,largemouth_bass,29,2025-07-19,18,3.000000,0.940000,3.010000,hypothetical_research_only
manistee_mi,largemouth_bass,29,2025-07-19,22,3.000000,1.000000,3.100000,hypothetical_research_only
manistee_mi,largemouth_bass,29,2025-07-19,26,3.000000,1.000000,3.100000,hypothetical_research_only
manistee_mi,largemouth_bass,29,2025-07-19,30,3.000000,0.900000,2.950000,hypothetical_research_only
manistee_mi,largemouth_bass,30,2025-07-26,2,3.000000,0.400000,2.200000,hypothetical_research_only
manistee_mi,largemouth_bass,30,2025-07-26,6,3.000000,0.525000,2.387500,hypothetical_research_only
manistee_mi,largemouth_bass,30,2025-07-26,10,3.000000,0.675000,2.612500,hypothetical_research_only
manistee_mi,largemouth_bass,30,2025-07-26,14,3.000000,0.825000,2.837500,hypothetical_research_only
manistee_mi,largemouth_bass,30,2025-07-26,18,3.000000,0.940000,3.010000,hypothetical_research_only
manistee_mi,largemouth_bass,30,2025-07-26,22,3.000000,1.000000,3.100000,hypothetical_research_only
manistee_mi,largemouth_bass,30,2025-07-26,26,3.000000,1.000000,3.100000,hypothetical_research_only
manistee_mi,largemouth_bass,30,2025-07-26,30,3.000000,0.900000,2.950000,hypothetical_research_only
manistee_mi,largemouth_bass,31,2025-08-02,2,3.000000,0.400000,2.200000,hypothetical_research_only
manistee_mi,largemouth_bass,31,2025-08-02,6,3.000000,0.525000,2.387500,hypothetical_research_only
manistee_mi,largemouth_bass,31,2025-08-02,10,3.000000,0.675000,2.612500,hypothetical_research_only
manistee_mi,largemouth_bass,31,2025-08-02,14,3.000000,0.825000,2.837500,hypothetical_research_only
manistee_mi,largemouth_bass,31,2025-08-02,18,3.000000,0.940000,3.010000,hypothetical_research_only
manistee_mi,largemouth_bass,31,2025-08-02,22,3.000000,1.000000,3.100000,hypothetical_research_only
manistee_mi,largemouth_bass,31,2025-08-02,26,3.000000,1.000000,3.100000,hypothetical_research_only
manistee_mi,largemouth_bass,31,2025-08-02,30,3.000000,0.900000,2.950000,hypothetical_research_only
manistee_mi,largemouth_bass,32,2025-08-09,2,3.000000,0.400000,2.200000,hypothetical_research_only
manistee_mi,largemouth_bass,32,2025-08-09,6,3.000000,0.525000,2.387500,hypothetical_research_only
manistee_mi,largemouth_bass,32,2025-08-09,10,3.000000,0.675000,2.612500,hypothetical_research_only
manistee_mi,largemouth_bass,32,2025-08-09,14,3.000000,0.825000,2.837500,hypothetical_research_only
manistee_mi,largemouth_bass,32,2025-08-09,18,3.000000,0.940000,3.010000,hypothetical_research_only
manistee_mi,largemouth_bass,32,2025-08-09,22,3.000000,1.000000,3.100000,hypothetical_research_only
manistee_mi,largemouth_bass,32,2025-08-09,26,3.000000,1.000000,3.100000,hypothetical_research_only
manistee_mi,largemouth_bass,32,2025-08-09,30,3.000000,0.900000,2.950000,hypothetical_research_only
manistee_mi,largemouth_bass,33,2025-08-16,2,2.967742,0.400000,2.180645,hypothetical_research_only
manistee_mi,largemouth_bass,33,2025-08-16,6,2.967742,0.525000,2.365121,hypothetical_research_only
manistee_mi,largemouth_bass,33,2025-08-16,10,2.967742,0.675000,2.586492,hypothetical_research_only
manistee_mi,largemouth_bass,33,2025-08-16,14,2.967742,0.825000,2.807863,hypothetical_research_only
manistee_mi,largemouth_bass,33,2025-08-16,18,2.967742,0.940000,2.977581,hypothetical_research_only
manistee_mi,largemouth_bass,33,2025-08-16,22,2.967742,1.000000,3.066129,hypothetical_research_only
manistee_mi,largemouth_bass,33,2025-08-16,26,2.967742,1.000000,3.066129,hypothetical_research_only
manistee_mi,largemouth_bass,33,2025-08-16,30,2.967742,0.900000,2.918548,hypothetical_research_only
manistee_mi,largemouth_bass,34,2025-08-23,2,2.741935,0.400000,2.045161,hypothetical_research_only
manistee_mi,largemouth_bass,34,2025-08-23,6,2.741935,0.525000,2.208468,hypothetical_research_only
manistee_mi,largemouth_bass,34,2025-08-23,10,2.741935,0.675000,2.404435,hypothetical_research_only
manistee_mi,largemouth_bass,34,2025-08-23,14,2.741935,0.825000,2.600403,hypothetical_research_only
manistee_mi,largemouth_bass,34,2025-08-23,18,2.741935,0.940000,2.750645,hypothetical_research_only
manistee_mi,largemouth_bass,34,2025-08-23,22,2.741935,1.000000,2.829032,hypothetical_research_only
manistee_mi,largemouth_bass,34,2025-08-23,26,2.741935,1.000000,2.829032,hypothetical_research_only
manistee_mi,largemouth_bass,34,2025-08-23,30,2.741935,0.900000,2.698387,hypothetical_research_only
manistee_mi,largemouth_bass,35,2025-08-30,2,2.516129,0.400000,1.909677,hypothetical_research_only
manistee_mi,largemouth_bass,35,2025-08-30,6,2.516129,0.525000,2.051815,hypothetical_research_only
manistee_mi,largemouth_bass,35,2025-08-30,10,2.516129,0.675000,2.222379,hypothetical_research_only
manistee_mi,largemouth_bass,35,2025-08-30,14,2.516129,0.825000,2.392944,hypothetical_research_only
manistee_mi,largemouth_bass,35,2025-08-30,18,2.516129,0.940000,2.523710,hypothetical_research_only
manistee_mi,largemouth_bass,35,2025-08-30,22,2.516129,1.000000,2.591935,hypothetical_research_only
manistee_mi,largemouth_bass,35,2025-08-30,26,2.516129,1.000000,2.591935,hypothetical_research_only
manistee_mi,largemouth_bass,35,2025-08-30,30,2.516129,0.900000,2.478226,hypothetical_research_only
manistee_mi,largemouth_bass,36,2025-09-06,2,2.290323,0.400000,1.774194,hypothetical_research_only
manistee_mi,largemouth_bass,36,2025-09-06,6,2.290323,0.525000,1.895161,hypothetical_research_only
manistee_mi,largemouth_bass,36,2025-09-06,10,2.290323,0.675000,2.040323,hypothetical_research_only
manistee_mi,largemouth_bass,36,2025-09-06,14,2.290323,0.825000,2.185484,hypothetical_research_only
manistee_mi,largemouth_bass,36,2025-09-06,18,2.290323,0.940000,2.296774,hypothetical_research_only
manistee_mi,largemouth_bass,36,2025-09-06,22,2.290323,1.000000,2.354839,hypothetical_research_only
manistee_mi,largemouth_bass,36,2025-09-06,26,2.290323,1.000000,2.354839,hypothetical_research_only
manistee_mi,largemouth_bass,36,2025-09-06,30,2.290323,0.900000,2.258065,hypothetical_research_only
manistee_mi,largemouth_bass,37,2025-09-13,2,2.064516,0.400000,1.638710,hypothetical_research_only
manistee_mi,largemouth_bass,37,2025-09-13,6,2.064516,0.525000,1.738508,hypothetical_research_only
manistee_mi,largemouth_bass,37,2025-09-13,10,2.064516,0.675000,1.858266,hypothetical_research_only
manistee_mi,largemouth_bass,37,2025-09-13,14,2.064516,0.825000,1.978024,hypothetical_research_only
manistee_mi,largemouth_bass,37,2025-09-13,18,2.064516,0.940000,2.069839,hypothetical_research_only
manistee_mi,largemouth_bass,37,2025-09-13,22,2.064516,1.000000,2.117742,hypothetical_research_only
manistee_mi,largemouth_bass,37,2025-09-13,26,2.064516,1.000000,2.117742,hypothetical_research_only
manistee_mi,largemouth_bass,37,2025-09-13,30,2.064516,0.900000,2.037903,hypothetical_research_only
manistee_mi,largemouth_bass,38,2025-09-20,2,1.916667,0.400000,1.550000,hypothetical_research_only
manistee_mi,largemouth_bass,38,2025-09-20,6,1.916667,0.525000,1.635938,hypothetical_research_only
manistee_mi,largemouth_bass,38,2025-09-20,10,1.916667,0.675000,1.739063,hypothetical_research_only
manistee_mi,largemouth_bass,38,2025-09-20,14,1.916667,0.825000,1.842188,hypothetical_research_only
manistee_mi,largemouth_bass,38,2025-09-20,18,1.916667,0.940000,1.921250,hypothetical_research_only
manistee_mi,largemouth_bass,38,2025-09-20,22,1.916667,1.000000,1.962500,hypothetical_research_only
manistee_mi,largemouth_bass,38,2025-09-20,26,1.916667,1.000000,1.962500,hypothetical_research_only
manistee_mi,largemouth_bass,38,2025-09-20,30,1.916667,0.900000,1.893750,hypothetical_research_only
manistee_mi,largemouth_bass,39,2025-09-27,2,1.800000,0.400000,1.480000,hypothetical_research_only
manistee_mi,largemouth_bass,39,2025-09-27,6,1.800000,0.525000,1.555000,hypothetical_research_only
manistee_mi,largemouth_bass,39,2025-09-27,10,1.800000,0.675000,1.645000,hypothetical_research_only
manistee_mi,largemouth_bass,39,2025-09-27,14,1.800000,0.825000,1.735000,hypothetical_research_only
manistee_mi,largemouth_bass,39,2025-09-27,18,1.800000,0.940000,1.804000,hypothetical_research_only
manistee_mi,largemouth_bass,39,2025-09-27,22,1.800000,1.000000,1.840000,hypothetical_research_only
manistee_mi,largemouth_bass,39,2025-09-27,26,1.800000,1.000000,1.840000,hypothetical_research_only
manistee_mi,largemouth_bass,39,2025-09-27,30,1.800000,0.900000,1.780000,hypothetical_research_only
manistee_mi,largemouth_bass,40,2025-10-04,2,1.683333,0.400000,1.410000,hypothetical_research_only
manistee_mi,largemouth_bass,40,2025-10-04,6,1.683333,0.525000,1.474063,hypothetical_research_only
manistee_mi,largemouth_bass,40,2025-10-04,10,1.683333,0.675000,1.550938,hypothetical_research_only
manistee_mi,largemouth_bass,40,2025-10-04,14,1.683333,0.825000,1.627813,hypothetical_research_only
manistee_mi,largemouth_bass,40,2025-10-04,18,1.683333,0.940000,1.686750,hypothetical_research_only
manistee_mi,largemouth_bass,40,2025-10-04,22,1.683333,1.000000,1.717500,hypothetical_research_only
manistee_mi,largemouth_bass,40,2025-10-04,26,1.683333,1.000000,1.717500,hypothetical_research_only
manistee_mi,largemouth_bass,40,2025-10-04,30,1.683333,0.900000,1.666250,hypothetical_research_only
manistee_mi,largemouth_bass,41,2025-10-11,2,1.566667,0.400000,1.340000,hypothetical_research_only
manistee_mi,largemouth_bass,41,2025-10-11,6,1.566667,0.525000,1.393125,hypothetical_research_only
manistee_mi,largemouth_bass,41,2025-10-11,10,1.566667,0.675000,1.456875,hypothetical_research_only
manistee_mi,largemouth_bass,41,2025-10-11,14,1.566667,0.825000,1.520625,hypothetical_research_only
manistee_mi,largemouth_bass,41,2025-10-11,18,1.566667,0.940000,1.569500,hypothetical_research_only
manistee_mi,largemouth_bass,41,2025-10-11,22,1.566667,1.000000,1.595000,hypothetical_research_only
manistee_mi,largemouth_bass,41,2025-10-11,26,1.566667,1.000000,1.595000,hypothetical_research_only
manistee_mi,largemouth_bass,41,2025-10-11,30,1.566667,0.900000,1.552500,hypothetical_research_only
manistee_mi,largemouth_bass,42,2025-10-18,2,1.500000,0.400000,1.300000,hypothetical_research_only
manistee_mi,largemouth_bass,42,2025-10-18,6,1.500000,0.525000,1.346875,hypothetical_research_only
manistee_mi,largemouth_bass,42,2025-10-18,10,1.500000,0.675000,1.403125,hypothetical_research_only
manistee_mi,largemouth_bass,42,2025-10-18,14,1.500000,0.825000,1.459375,hypothetical_research_only
manistee_mi,largemouth_bass,42,2025-10-18,18,1.500000,0.940000,1.502500,hypothetical_research_only
manistee_mi,largemouth_bass,42,2025-10-18,22,1.500000,1.000000,1.525000,hypothetical_research_only
manistee_mi,largemouth_bass,42,2025-10-18,26,1.500000,1.000000,1.525000,hypothetical_research_only
manistee_mi,largemouth_bass,42,2025-10-18,30,1.500000,0.900000,1.487500,hypothetical_research_only
manistee_mi,largemouth_bass,43,2025-10-25,2,1.500000,0.400000,1.300000,hypothetical_research_only
manistee_mi,largemouth_bass,43,2025-10-25,6,1.500000,0.525000,1.346875,hypothetical_research_only
manistee_mi,largemouth_bass,43,2025-10-25,10,1.500000,0.675000,1.403125,hypothetical_research_only
manistee_mi,largemouth_bass,43,2025-10-25,14,1.500000,0.825000,1.459375,hypothetical_research_only
manistee_mi,largemouth_bass,43,2025-10-25,18,1.500000,0.940000,1.502500,hypothetical_research_only
manistee_mi,largemouth_bass,43,2025-10-25,22,1.500000,1.000000,1.525000,hypothetical_research_only
manistee_mi,largemouth_bass,43,2025-10-25,26,1.500000,1.000000,1.525000,hypothetical_research_only
manistee_mi,largemouth_bass,43,2025-10-25,30,1.500000,0.900000,1.487500,hypothetical_research_only
manistee_mi,largemouth_bass,44,2025-11-01,2,1.500000,0.400000,1.300000,hypothetical_research_only
manistee_mi,largemouth_bass,44,2025-11-01,6,1.500000,0.525000,1.346875,hypothetical_research_only
manistee_mi,largemouth_bass,44,2025-11-01,10,1.500000,0.675000,1.403125,hypothetical_research_only
manistee_mi,largemouth_bass,44,2025-11-01,14,1.500000,0.825000,1.459375,hypothetical_research_only
manistee_mi,largemouth_bass,44,2025-11-01,18,1.500000,0.940000,1.502500,hypothetical_research_only
manistee_mi,largemouth_bass,44,2025-11-01,22,1.500000,1.000000,1.525000,hypothetical_research_only
manistee_mi,largemouth_bass,44,2025-11-01,26,1.500000,1.000000,1.525000,hypothetical_research_only
manistee_mi,largemouth_bass,44,2025-11-01,30,1.500000,0.900000,1.487500,hypothetical_research_only
manistee_mi,largemouth_bass,45,2025-11-08,2,1.500000,0.400000,1.300000,hypothetical_research_only
manistee_mi,largemouth_bass,45,2025-11-08,6,1.500000,0.525000,1.346875,hypothetical_research_only
manistee_mi,largemouth_bass,45,2025-11-08,10,1.500000,0.675000,1.403125,hypothetical_research_only
manistee_mi,largemouth_bass,45,2025-11-08,14,1.500000,0.825000,1.459375,hypothetical_research_only
manistee_mi,largemouth_bass,45,2025-11-08,18,1.500000,0.940000,1.502500,hypothetical_research_only
manistee_mi,largemouth_bass,45,2025-11-08,22,1.500000,1.000000,1.525000,hypothetical_research_only
manistee_mi,largemouth_bass,45,2025-11-08,26,1.500000,1.000000,1.525000,hypothetical_research_only
manistee_mi,largemouth_bass,45,2025-11-08,30,1.500000,0.900000,1.487500,hypothetical_research_only
manistee_mi,largemouth_bass,46,2025-11-15,2,1.500000,0.400000,1.300000,hypothetical_research_only
manistee_mi,largemouth_bass,46,2025-11-15,6,1.500000,0.525000,1.346875,hypothetical_research_only
manistee_mi,largemouth_bass,46,2025-11-15,10,1.500000,0.675000,1.403125,hypothetical_research_only
manistee_mi,largemouth_bass,46,2025-11-15,14,1.500000,0.825000,1.459375,hypothetical_research_only
manistee_mi,largemouth_bass,46,2025-11-15,18,1.500000,0.940000,1.502500,hypothetical_research_only
manistee_mi,largemouth_bass,46,2025-11-15,22,1.500000,1.000000,1.525000,hypothetical_research_only
manistee_mi,largemouth_bass,46,2025-11-15,26,1.500000,1.000000,1.525000,hypothetical_research_only
manistee_mi,largemouth_bass,46,2025-11-15,30,1.500000,0.900000,1.487500,hypothetical_research_only
manistee_mi,largemouth_bass,47,2025-11-22,2,1.500000,0.400000,1.300000,hypothetical_research_only
manistee_mi,largemouth_bass,47,2025-11-22,6,1.500000,0.525000,1.346875,hypothetical_research_only
manistee_mi,largemouth_bass,47,2025-11-22,10,1.500000,0.675000,1.403125,hypothetical_research_only
manistee_mi,largemouth_bass,47,2025-11-22,14,1.500000,0.825000,1.459375,hypothetical_research_only
manistee_mi,largemouth_bass,47,2025-11-22,18,1.500000,0.940000,1.502500,hypothetical_research_only
manistee_mi,largemouth_bass,47,2025-11-22,22,1.500000,1.000000,1.525000,hypothetical_research_only
manistee_mi,largemouth_bass,47,2025-11-22,26,1.500000,1.000000,1.525000,hypothetical_research_only
manistee_mi,largemouth_bass,47,2025-11-22,30,1.500000,0.900000,1.487500,hypothetical_research_only
manistee_mi,largemouth_bass,48,2025-11-29,2,1.500000,0.400000,1.300000,hypothetical_research_only
manistee_mi,largemouth_bass,48,2025-11-29,6,1.500000,0.525000,1.346875,hypothetical_research_only
manistee_mi,largemouth_bass,48,2025-11-29,10,1.500000,0.675000,1.403125,hypothetical_research_only
manistee_mi,largemouth_bass,48,2025-11-29,14,1.500000,0.825000,1.459375,hypothetical_research_only
manistee_mi,largemouth_bass,48,2025-11-29,18,1.500000,0.940000,1.502500,hypothetical_research_only
manistee_mi,largemouth_bass,48,2025-11-29,22,1.500000,1.000000,1.525000,hypothetical_research_only
manistee_mi,largemouth_bass,48,2025-11-29,26,1.500000,1.000000,1.525000,hypothetical_research_only
manistee_mi,largemouth_bass,48,2025-11-29,30,1.500000,0.900000,1.487500,hypothetical_research_only
manistee_mi,largemouth_bass,49,2025-12-06,2,1.500000,0.400000,1.300000,hypothetical_research_only
manistee_mi,largemouth_bass,49,2025-12-06,6,1.500000,0.525000,1.346875,hypothetical_research_only
manistee_mi,largemouth_bass,49,2025-12-06,10,1.500000,0.675000,1.403125,hypothetical_research_only
manistee_mi,largemouth_bass,49,2025-12-06,14,1.500000,0.825000,1.459375,hypothetical_research_only
manistee_mi,largemouth_bass,49,2025-12-06,18,1.500000,0.940000,1.502500,hypothetical_research_only
manistee_mi,largemouth_bass,49,2025-12-06,22,1.500000,1.000000,1.525000,hypothetical_research_only
manistee_mi,largemouth_bass,49,2025-12-06,26,1.500000,1.000000,1.525000,hypothetical_research_only
manistee_mi,largemouth_bass,49,2025-12-06,30,1.500000,0.900000,1.487500,hypothetical_research_only
manistee_mi,largemouth_bass,50,2025-12-13,2,1.500000,0.400000,1.300000,hypothetical_research_only
manistee_mi,largemouth_bass,50,2025-12-13,6,1.500000,0.525000,1.346875,hypothetical_research_only
manistee_mi,largemouth_bass,50,2025-12-13,10,1.500000,0.675000,1.403125,hypothetical_research_only
manistee_mi,largemouth_bass,50,2025-12-13,14,1.500000,0.825000,1.459375,hypothetical_research_only
manistee_mi,largemouth_bass,50,2025-12-13,18,1.500000,0.940000,1.502500,hypothetical_research_only
manistee_mi,largemouth_bass,50,2025-12-13,22,1.500000,1.000000,1.525000,hypothetical_research_only
manistee_mi,largemouth_bass,50,2025-12-13,26,1.500000,1.000000,1.525000,hypothetical_research_only
manistee_mi,largemouth_bass,50,2025-12-13,30,1.500000,0.900000,1.487500,hypothetical_research_only
manistee_mi,largemouth_bass,51,2025-12-20,2,1.500000,0.400000,1.300000,hypothetical_research_only
manistee_mi,largemouth_bass,51,2025-12-20,6,1.500000,0.525000,1.346875,hypothetical_research_only
manistee_mi,largemouth_bass,51,2025-12-20,10,1.500000,0.675000,1.403125,hypothetical_research_only
manistee_mi,largemouth_bass,51,2025-12-20,14,1.500000,0.825000,1.459375,hypothetical_research_only
manistee_mi,largemouth_bass,51,2025-12-20,18,1.500000,0.940000,1.502500,hypothetical_research_only
manistee_mi,largemouth_bass,51,2025-12-20,22,1.500000,1.000000,1.525000,hypothetical_research_only
manistee_mi,largemouth_bass,51,2025-12-20,26,1.500000,1.000000,1.525000,hypothetical_research_only
manistee_mi,largemouth_bass,51,2025-12-20,30,1.500000,0.900000,1.487500,hypothetical_research_only
manistee_mi,largemouth_bass,52,2025-12-27,2,1.500000,0.400000,1.300000,hypothetical_research_only
manistee_mi,largemouth_bass,52,2025-12-27,6,1.500000,0.525000,1.346875,hypothetical_research_only
manistee_mi,largemouth_bass,52,2025-12-27,10,1.500000,0.675000,1.403125,hypothetical_research_only
manistee_mi,largemouth_bass,52,2025-12-27,14,1.500000,0.825000,1.459375,hypothetical_research_only
manistee_mi,largemouth_bass,52,2025-12-27,18,1.500000,0.940000,1.502500,hypothetical_research_only
manistee_mi,largemouth_bass,52,2025-12-27,22,1.500000,1.000000,1.525000,hypothetical_research_only
manistee_mi,largemouth_bass,52,2025-12-27,26,1.500000,1.000000,1.525000,hypothetical_research_only
manistee_mi,largemouth_bass,52,2025-12-27,30,1.500000,0.900000,1.487500,hypothetical_research_only
