cityId,speciesId,modeId,finalDisposition,evidenceGrade,sourceId,publisher,title,publicationDate,url,geography,fishingMode,timeResolution,claimType,permittedUse,prohibitedUse,limitations,registryPath
ludington_mi,chinook_salmon,,admit,A,F5,Michigan Department of Natural Resources,"June 3, 2026",2026-06-03,https://content.govdelivery.com/accounts/MIDNR/bulletins/41a3a94,,,,local_identity_timing_and_targetability,"Support species identity, local pier relevance, timing, method, or qualitative event strength as explicitly reported.",Do not convert one event into annual frequency or city CPUE.,Chinook from Manistee and Ludington piers.,docs/PierCast_Pilot_Cities_Research.md
ludington_mi,chinook_salmon,,admit,A,F6,Michigan Department of Natural Resources,"September 3, 2025",2025-09-03,https://content.govdelivery.com/accounts/MIDNR/bulletins/3f0b284,,,,local_identity_timing_and_targetability,"Support species identity, local pier relevance, timing, method, or qualitative event strength as explicitly reported.",Do not convert one event into annual frequency or city CPUE.,"Chinook pier catches at Manistee and Ludington, separately from trolling.",docs/PierCast_Pilot_Cities_Research.md
ludington_mi,chinook_salmon,,admit,A,F10,Michigan Department of Natural Resources,"September 25, 2024",2024-09-25,https://content.govdelivery.com/accounts/MIDNR/bulletins/3b7fd3a,,,,local_identity_timing_and_targetability,"Support species identity, local pier relevance, timing, method, or qualitative event strength as explicitly reported.",Do not convert one event into annual frequency or city CPUE.,Ludington stub-pier Chinook; Manistee pier Chinook; warm conditions/slow fishing retained as context.,docs/PierCast_Pilot_Cities_Research.md
ludington_mi,chinook_salmon,,admit,A,F41,Michigan Department of Natural Resources,"Michigan DNR, Aug. 21, 2024",2024-08-21,https://content.govdelivery.com/accounts/MIDNR/bulletins/3b02c05,,,,local_identity_timing_and_targetability,"Support species identity, local pier relevance, timing, method, or qualitative event strength as explicitly reported.",Do not convert one event into annual frequency or city CPUE.,Manistee and Ludington pier salmon timing,docs/PierCast_Core_Species_Seasonal_Calibration.md
ludington_mi,chinook_salmon,,admit,A,F43,Michigan Department of Natural Resources,"Michigan DNR, Aug. 5, 2026",2026-08-05,https://content.govdelivery.com/accounts/MIDNR/bulletins/423b34d,,,,local_identity_timing_and_targetability,"Support species identity, local pier relevance, timing, method, or qualitative event strength as explicitly reported.",Do not convert one event into annual frequency or city CPUE.,"Grand Haven, Manistee, and Ludington limited pier salmon/steelhead",docs/PierCast_Core_Species_Seasonal_Calibration.md
ludington_mi,chinook_salmon,,admit,A,F44,Michigan Department of Natural Resources,"Michigan DNR, Aug. 26, 2026",2026-08-26,https://content.govdelivery.com/accounts/MIDNR/bulletins/426de2b,,,,local_identity_timing_and_targetability,"Support species identity, local pier relevance, timing, method, or qualitative event strength as explicitly reported.",Do not convert one event into annual frequency or city CPUE.,"Harbor/pierhead salmon transition at Grand Haven, Manistee, and Ludington",docs/PierCast_Core_Species_Seasonal_Calibration.md
ludington_mi,chinook_salmon,,admit,A,F45,Michigan Department of Natural Resources,"Michigan DNR, Sept. 2, 2026",2026-09-02,https://content.govdelivery.com/accounts/MIDNR/bulletins/4280cb4,,,,local_identity_timing_and_targetability,"Support species identity, local pier relevance, timing, method, or qualitative event strength as explicitly reported.",Do not convert one event into annual frequency or city CPUE.,Warm-water suppression and staging-window location,docs/PierCast_Core_Species_Seasonal_Calibration.md
ludington_mi,chinook_salmon,spring_nearshore_transient,admit,A,T001,Wisconsin Department of Natural Resources,Wisconsin DNR Chinook salmon fact sheet,,https://dnr.wisconsin.gov/sites/default/files/topic/Fishing/Species_chinooksalmon.pdf,,,,thermal_compatibility,Constrain the direction and breadth of shared species thermal compatibility.,Do not claim a measured pier bite probability or mode-specific response.,,docs/PierCast_Core_Temperature_and_Source_Calibration.md
ludington_mi,chinook_salmon,spring_nearshore_transient,admit,A,T006,Primary source named in registry,"Adlerstein et al., Lake Michigan Chinook movement and assessment catch",,https://academic.oup.com/tafs/article/137/3/736/7888693,,,,thermal_compatibility,Constrain the direction and breadth of shared species thermal compatibility.,Do not claim a measured pier bite probability or mode-specific response.,,docs/PierCast_Core_Temperature_and_Source_Calibration.md
ludington_mi,chinook_salmon,summer_coldwater_access,admit,A,T001,Wisconsin Department of Natural Resources,Wisconsin DNR Chinook salmon fact sheet,,https://dnr.wisconsin.gov/sites/default/files/topic/Fishing/Species_chinooksalmon.pdf,,,,thermal_compatibility,Constrain the direction and breadth of shared species thermal compatibility.,Do not claim a measured pier bite probability or mode-specific response.,,docs/PierCast_Core_Temperature_and_Source_Calibration.md
ludington_mi,chinook_salmon,summer_coldwater_access,admit,A,T006,Primary source named in registry,"Adlerstein et al., Lake Michigan Chinook movement and assessment catch",,https://academic.oup.com/tafs/article/137/3/736/7888693,,,,thermal_compatibility,Constrain the direction and breadth of shared species thermal compatibility.,Do not claim a measured pier bite probability or mode-specific response.,,docs/PierCast_Core_Temperature_and_Source_Calibration.md
ludington_mi,chinook_salmon,fall_harbor_staging,admit,A,T001,Wisconsin Department of Natural Resources,Wisconsin DNR Chinook salmon fact sheet,,https://dnr.wisconsin.gov/sites/default/files/topic/Fishing/Species_chinooksalmon.pdf,,,,thermal_compatibility,Constrain the direction and breadth of shared species thermal compatibility.,Do not claim a measured pier bite probability or mode-specific response.,,docs/PierCast_Core_Temperature_and_Source_Calibration.md
ludington_mi,chinook_salmon,fall_harbor_staging,admit,A,T006,Primary source named in registry,"Adlerstein et al., Lake Michigan Chinook movement and assessment catch",,https://academic.oup.com/tafs/article/137/3/736/7888693,,,,thermal_compatibility,Constrain the direction and breadth of shared species thermal compatibility.,Do not claim a measured pier bite probability or mode-specific response.,,docs/PierCast_Core_Temperature_and_Source_Calibration.md
ludington_mi,coho_salmon,,admit,A,F2,Michigan Department of Natural Resources,"April 12, 2023",2023-04-12,https://content.govdelivery.com/accounts/MIDNR/bulletins/3548e2b,,,,local_identity_timing_and_targetability,"Support species identity, local pier relevance, timing, method, or qualitative event strength as explicitly reported.",Do not convert one event into annual frequency or city CPUE.,Ludington brown/steelhead/coho; Manistee brown/coho/lake trout and Menominee; south-pier closure also noted historically.,docs/PierCast_Pilot_Cities_Research.md
ludington_mi,coho_salmon,,admit,A,F7,Michigan Department of Natural Resources,"September 26, 2019",2019-09-26,https://content.govdelivery.com/accounts/MIDNR/bulletins/261ba5c,,,,local_identity_timing_and_targetability,"Support species identity, local pier relevance, timing, method, or qualitative event strength as explicitly reported.",Do not convert one event into annual frequency or city CPUE.,Frankfort pier Chinook/coho/steelhead; Ludington pier small coho. Historical.,docs/PierCast_Pilot_Cities_Research.md
ludington_mi,coho_salmon,,admit,A,F9,Michigan Department of Natural Resources,"May 5, 2021",2021-05-05,https://content.govdelivery.com/accounts/MIDNR/bulletins/2d7cf51,,,,local_identity_timing_and_targetability,"Support species identity, local pier relevance, timing, method, or qualitative event strength as explicitly reported.",Do not convert one event into annual frequency or city CPUE.,Ludington coho and stub-pier smallmouth.,docs/PierCast_Pilot_Cities_Research.md
ludington_mi,coho_salmon,,admit,A,F33,Michigan Department of Natural Resources,"November 8, 2018",2018-11-08,https://content.govdelivery.com/accounts/MIDNR/bulletins/219dc2e,,,,local_identity_timing_and_targetability,"Support species identity, local pier relevance, timing, method, or qualitative event strength as explicitly reported.",Do not convert one event into annual frequency or city CPUE.,Ludington pier/shore steelhead and occasional coho; historical mixed pier/shore scope.,docs/PierCast_Pilot_Cities_Research.md
ludington_mi,coho_salmon,,admit,A,F35,Michigan Department of Natural Resources,"Michigan DNR November 5, 2025",2025-11-05,https://content.govdelivery.com/accounts/MIDNR/bulletins/3fa205d,,,,local_identity_timing_and_targetability,"Support species identity, local pier relevance, timing, method, or qualitative event strength as explicitly reported.",Do not convert one event into annual frequency or city CPUE.,"Ludington/Manistee pier steelhead, Manistee pier coho; reporting suspension due to seasonal staff.",docs/PierCast_Pilot_Cities_Research.md
ludington_mi,coho_salmon,,admit,A,F46,Michigan Department of Natural Resources,"Michigan DNR, Apr. 24, 2024",2024-04-24,https://content.govdelivery.com/accounts/MIDNR/bulletins/3987c22,,,,local_identity_timing_and_targetability,"Support species identity, local pier relevance, timing, method, or qualitative event strength as explicitly reported.",Do not convert one event into annual frequency or city CPUE.,Spring brown/coho/steelhead pier occurrence across pilot ports,docs/PierCast_Core_Species_Seasonal_Calibration.md
ludington_mi,coho_salmon,,admit,A,F49,Michigan Department of Natural Resources,"Michigan DNR, Oct. 16, 2024",2024-10-16,https://content.govdelivery.com/accounts/MIDNR/bulletins/3bc5a97,,,,local_identity_timing_and_targetability,"Support species identity, local pier relevance, timing, method, or qualitative event strength as explicitly reported.",Do not convert one event into annual frequency or city CPUE.,Frankfort excellent steelhead; fall steelhead at other ports,docs/PierCast_Core_Species_Seasonal_Calibration.md
ludington_mi,coho_salmon,spring_nearshore,admit,A,T002,Wisconsin Department of Natural Resources,Wisconsin DNR coho salmon fact sheet,,https://dnr.wisconsin.gov/sites/default/files/topic/Fishing/Species_cohosalmon.pdf,,,,thermal_compatibility,Constrain the direction and breadth of shared species thermal compatibility.,Do not claim a measured pier bite probability or mode-specific response.,,docs/PierCast_Core_Temperature_and_Source_Calibration.md
ludington_mi,coho_salmon,spring_nearshore,admit,A,T008,Michigan Department of Natural Resources,Michigan DNR coho salmon profile,,https://www.michigan.gov/dnr/education/michigan-species/fish-species/coho-salmon,,,,thermal_compatibility,Constrain the direction and breadth of shared species thermal compatibility.,Do not claim a measured pier bite probability or mode-specific response.,,docs/PierCast_Core_Temperature_and_Source_Calibration.md
ludington_mi,coho_salmon,spring_nearshore,admit,A,T013,Great Lakes Fishery Commission,"Great Lakes Fishery Commission, Temperature Relationships of Great Lakes Fishes",,https://www.sealamprey.org/pubs/SpecialPubs/Sp87_3.pdf,,,,thermal_compatibility,Constrain the direction and breadth of shared species thermal compatibility.,Do not claim a measured pier bite probability or mode-specific response.,,docs/PierCast_Core_Temperature_and_Source_Calibration.md
ludington_mi,coho_salmon,summer_coldwater_access,admit,A,T002,Wisconsin Department of Natural Resources,Wisconsin DNR coho salmon fact sheet,,https://dnr.wisconsin.gov/sites/default/files/topic/Fishing/Species_cohosalmon.pdf,,,,thermal_compatibility,Constrain the direction and breadth of shared species thermal compatibility.,Do not claim a measured pier bite probability or mode-specific response.,,docs/PierCast_Core_Temperature_and_Source_Calibration.md
ludington_mi,coho_salmon,summer_coldwater_access,admit,A,T008,Michigan Department of Natural Resources,Michigan DNR coho salmon profile,,https://www.michigan.gov/dnr/education/michigan-species/fish-species/coho-salmon,,,,thermal_compatibility,Constrain the direction and breadth of shared species thermal compatibility.,Do not claim a measured pier bite probability or mode-specific response.,,docs/PierCast_Core_Temperature_and_Source_Calibration.md
ludington_mi,coho_salmon,summer_coldwater_access,admit,A,T013,Great Lakes Fishery Commission,"Great Lakes Fishery Commission, Temperature Relationships of Great Lakes Fishes",,https://www.sealamprey.org/pubs/SpecialPubs/Sp87_3.pdf,,,,thermal_compatibility,Constrain the direction and breadth of shared species thermal compatibility.,Do not claim a measured pier bite probability or mode-specific response.,,docs/PierCast_Core_Temperature_and_Source_Calibration.md
ludington_mi,coho_salmon,fall_harbor_staging,admit,A,T002,Wisconsin Department of Natural Resources,Wisconsin DNR coho salmon fact sheet,,https://dnr.wisconsin.gov/sites/default/files/topic/Fishing/Species_cohosalmon.pdf,,,,thermal_compatibility,Constrain the direction and breadth of shared species thermal compatibility.,Do not claim a measured pier bite probability or mode-specific response.,,docs/PierCast_Core_Temperature_and_Source_Calibration.md
ludington_mi,coho_salmon,fall_harbor_staging,admit,A,T008,Michigan Department of Natural Resources,Michigan DNR coho salmon profile,,https://www.michigan.gov/dnr/education/michigan-species/fish-species/coho-salmon,,,,thermal_compatibility,Constrain the direction and breadth of shared species thermal compatibility.,Do not claim a measured pier bite probability or mode-specific response.,,docs/PierCast_Core_Temperature_and_Source_Calibration.md
ludington_mi,coho_salmon,fall_harbor_staging,admit,A,T013,Great Lakes Fishery Commission,"Great Lakes Fishery Commission, Temperature Relationships of Great Lakes Fishes",,https://www.sealamprey.org/pubs/SpecialPubs/Sp87_3.pdf,,,,thermal_compatibility,Constrain the direction and breadth of shared species thermal compatibility.,Do not claim a measured pier bite probability or mode-specific response.,,docs/PierCast_Core_Temperature_and_Source_Calibration.md
ludington_mi,steelhead,,admit,A,F1,Michigan Department of Natural Resources,"April 2, 2025",2025-04-02,https://content.govdelivery.com/accounts/MIDNR/bulletins/3d9f82a,,,,local_identity_timing_and_targetability,"Support species identity, local pier relevance, timing, method, or qualitative event strength as explicitly reported.",Do not convert one event into annual frequency or city CPUE.,"steelhead/browns at Ludington, Manistee, Frankfort piers; catches vary substantially between ports.",docs/PierCast_Pilot_Cities_Research.md
ludington_mi,steelhead,,admit,A,F2,Michigan Department of Natural Resources,"April 12, 2023",2023-04-12,https://content.govdelivery.com/accounts/MIDNR/bulletins/3548e2b,,,,local_identity_timing_and_targetability,"Support species identity, local pier relevance, timing, method, or qualitative event strength as explicitly reported.",Do not convert one event into annual frequency or city CPUE.,Ludington brown/steelhead/coho; Manistee brown/coho/lake trout and Menominee; south-pier closure also noted historically.,docs/PierCast_Pilot_Cities_Research.md
ludington_mi,steelhead,,admit,A,F3,Michigan Department of Natural Resources,"November 1, 2018",2018-11-01,https://content.govdelivery.com/accounts/MIDNR/bulletins/218605d,,,,local_identity_timing_and_targetability,"Support species identity, local pier relevance, timing, method, or qualitative event strength as explicitly reported.",Do not convert one event into annual frequency or city CPUE.,Frankfort steelhead/late coho; Manistee steelhead/unspecified whitefish; Ludington steelhead. Historical.,docs/PierCast_Pilot_Cities_Research.md
ludington_mi,steelhead,,admit,A,F4,Michigan Department of Natural Resources,"December 5, 2012",2012-12-05,https://content.govdelivery.com/accounts/MIDNR/bulletins/607527,,,,local_identity_timing_and_targetability,"Support species identity, local pier relevance, timing, method, or qualitative event strength as explicitly reported.",Do not convert one event into annual frequency or city CPUE.,"Ludington and Manistee pier/surf steelhead. Historical, mixed pier/shore context.",docs/PierCast_Pilot_Cities_Research.md
ludington_mi,steelhead,,admit,A,F33,Michigan Department of Natural Resources,"November 8, 2018",2018-11-08,https://content.govdelivery.com/accounts/MIDNR/bulletins/219dc2e,,,,local_identity_timing_and_targetability,"Support species identity, local pier relevance, timing, method, or qualitative event strength as explicitly reported.",Do not convert one event into annual frequency or city CPUE.,Ludington pier/shore steelhead and occasional coho; historical mixed pier/shore scope.,docs/PierCast_Pilot_Cities_Research.md
ludington_mi,steelhead,,admit,A,F35,Michigan Department of Natural Resources,"Michigan DNR November 5, 2025",2025-11-05,https://content.govdelivery.com/accounts/MIDNR/bulletins/3fa205d,,,,local_identity_timing_and_targetability,"Support species identity, local pier relevance, timing, method, or qualitative event strength as explicitly reported.",Do not convert one event into annual frequency or city CPUE.,"Ludington/Manistee pier steelhead, Manistee pier coho; reporting suspension due to seasonal staff.",docs/PierCast_Pilot_Cities_Research.md
ludington_mi,steelhead,,admit,A,F49,Michigan Department of Natural Resources,"Michigan DNR, Oct. 16, 2024",2024-10-16,https://content.govdelivery.com/accounts/MIDNR/bulletins/3bc5a97,,,,local_identity_timing_and_targetability,"Support species identity, local pier relevance, timing, method, or qualitative event strength as explicitly reported.",Do not convert one event into annual frequency or city CPUE.,Frankfort excellent steelhead; fall steelhead at other ports,docs/PierCast_Core_Species_Seasonal_Calibration.md
ludington_mi,steelhead,,admit,A,F50,Michigan Department of Natural Resources,"Michigan DNR, Oct. 30, 2024",2024-10-30,https://content.govdelivery.com/accounts/MIDNR/bulletins/3bf0cc8,,,,local_identity_timing_and_targetability,"Support species identity, local pier relevance, timing, method, or qualitative event strength as explicitly reported.",Do not convert one event into annual frequency or city CPUE.,"Grand Haven, Manistee, and Ludington steelhead",docs/PierCast_Core_Species_Seasonal_Calibration.md
ludington_mi,steelhead,winter_spring_thermal_front,admit,A,T003,Wisconsin Department of Natural Resources,Wisconsin DNR rainbow trout fact sheet,,https://dnr.wisconsin.gov/sites/default/files/topic/Fishing/Species_rainbowtrout.pdf,,,,thermal_compatibility,Constrain the direction and breadth of shared species thermal compatibility.,Do not claim a measured pier bite probability or mode-specific response.,,docs/PierCast_Core_Temperature_and_Source_Calibration.md
ludington_mi,steelhead,winter_spring_thermal_front,admit,A,T007,U.S. Geological Survey,"USGS, steelhead growth-potential model and angler catch comparison",,https://www.usgs.gov/publications/landscape-scale-measures-steelhead-oncorhynchus-mykiss-bioenergetic-growth-rate,,,,thermal_compatibility,Constrain the direction and breadth of shared species thermal compatibility.,Do not claim a measured pier bite probability or mode-specific response.,,docs/PierCast_Core_Temperature_and_Source_Calibration.md
ludington_mi,steelhead,winter_spring_thermal_front,admit,A,T009,Wisconsin Department of Natural Resources,Wisconsin DNR Lake Michigan steelhead strains,,https://dnr.wisconsin.gov/sites/default/files/topic/Fishing/Species_steelhead.pdf,,,,thermal_compatibility,Constrain the direction and breadth of shared species thermal compatibility.,Do not claim a measured pier bite probability or mode-specific response.,,docs/PierCast_Core_Temperature_and_Source_Calibration.md
ludington_mi,steelhead,winter_spring_thermal_front,admit,A,T010,Wisconsin Department of Natural Resources,Wisconsin DNR Root River Steelhead Facility report,,https://dnr.wisconsin.gov/sites/default/files/topic/Fishing/LM_RootRiverSteelheadFacilityFall2024Spring2025.pdf,,,,thermal_compatibility,Constrain the direction and breadth of shared species thermal compatibility.,Do not claim a measured pier bite probability or mode-specific response.,,docs/PierCast_Core_Temperature_and_Source_Calibration.md
ludington_mi,steelhead,winter_spring_thermal_front,admit,A,T032,Michigan Department of Natural Resources,Michigan DNR steelhead profile,,https://www.michigan.gov/dnr/education/michigan-species/fish-species/steelhead,,,,thermal_compatibility,Constrain the direction and breadth of shared species thermal compatibility.,Do not claim a measured pier bite probability or mode-specific response.,,docs/PierCast_Core_Temperature_and_Source_Calibration.md
ludington_mi,steelhead,summer_thermal_break_or_upwelling,admit,A,T003,Wisconsin Department of Natural Resources,Wisconsin DNR rainbow trout fact sheet,,https://dnr.wisconsin.gov/sites/default/files/topic/Fishing/Species_rainbowtrout.pdf,,,,thermal_compatibility,Constrain the direction and breadth of shared species thermal compatibility.,Do not claim a measured pier bite probability or mode-specific response.,,docs/PierCast_Core_Temperature_and_Source_Calibration.md
ludington_mi,steelhead,summer_thermal_break_or_upwelling,admit,A,T007,U.S. Geological Survey,"USGS, steelhead growth-potential model and angler catch comparison",,https://www.usgs.gov/publications/landscape-scale-measures-steelhead-oncorhynchus-mykiss-bioenergetic-growth-rate,,,,thermal_compatibility,Constrain the direction and breadth of shared species thermal compatibility.,Do not claim a measured pier bite probability or mode-specific response.,,docs/PierCast_Core_Temperature_and_Source_Calibration.md
ludington_mi,steelhead,summer_thermal_break_or_upwelling,admit,A,T009,Wisconsin Department of Natural Resources,Wisconsin DNR Lake Michigan steelhead strains,,https://dnr.wisconsin.gov/sites/default/files/topic/Fishing/Species_steelhead.pdf,,,,thermal_compatibility,Constrain the direction and breadth of shared species thermal compatibility.,Do not claim a measured pier bite probability or mode-specific response.,,docs/PierCast_Core_Temperature_and_Source_Calibration.md
ludington_mi,steelhead,summer_thermal_break_or_upwelling,admit,A,T010,Wisconsin Department of Natural Resources,Wisconsin DNR Root River Steelhead Facility report,,https://dnr.wisconsin.gov/sites/default/files/topic/Fishing/LM_RootRiverSteelheadFacilityFall2024Spring2025.pdf,,,,thermal_compatibility,Constrain the direction and breadth of shared species thermal compatibility.,Do not claim a measured pier bite probability or mode-specific response.,,docs/PierCast_Core_Temperature_and_Source_Calibration.md
ludington_mi,steelhead,summer_thermal_break_or_upwelling,admit,A,T032,Michigan Department of Natural Resources,Michigan DNR steelhead profile,,https://www.michigan.gov/dnr/education/michigan-species/fish-species/steelhead,,,,thermal_compatibility,Constrain the direction and breadth of shared species thermal compatibility.,Do not claim a measured pier bite probability or mode-specific response.,,docs/PierCast_Core_Temperature_and_Source_Calibration.md
ludington_mi,steelhead,fall_harbor_staging,admit,A,T003,Wisconsin Department of Natural Resources,Wisconsin DNR rainbow trout fact sheet,,https://dnr.wisconsin.gov/sites/default/files/topic/Fishing/Species_rainbowtrout.pdf,,,,thermal_compatibility,Constrain the direction and breadth of shared species thermal compatibility.,Do not claim a measured pier bite probability or mode-specific response.,,docs/PierCast_Core_Temperature_and_Source_Calibration.md
ludington_mi,steelhead,fall_harbor_staging,admit,A,T007,U.S. Geological Survey,"USGS, steelhead growth-potential model and angler catch comparison",,https://www.usgs.gov/publications/landscape-scale-measures-steelhead-oncorhynchus-mykiss-bioenergetic-growth-rate,,,,thermal_compatibility,Constrain the direction and breadth of shared species thermal compatibility.,Do not claim a measured pier bite probability or mode-specific response.,,docs/PierCast_Core_Temperature_and_Source_Calibration.md
ludington_mi,steelhead,fall_harbor_staging,admit,A,T009,Wisconsin Department of Natural Resources,Wisconsin DNR Lake Michigan steelhead strains,,https://dnr.wisconsin.gov/sites/default/files/topic/Fishing/Species_steelhead.pdf,,,,thermal_compatibility,Constrain the direction and breadth of shared species thermal compatibility.,Do not claim a measured pier bite probability or mode-specific response.,,docs/PierCast_Core_Temperature_and_Source_Calibration.md
ludington_mi,steelhead,fall_harbor_staging,admit,A,T010,Wisconsin Department of Natural Resources,Wisconsin DNR Root River Steelhead Facility report,,https://dnr.wisconsin.gov/sites/default/files/topic/Fishing/LM_RootRiverSteelheadFacilityFall2024Spring2025.pdf,,,,thermal_compatibility,Constrain the direction and breadth of shared species thermal compatibility.,Do not claim a measured pier bite probability or mode-specific response.,,docs/PierCast_Core_Temperature_and_Source_Calibration.md
ludington_mi,steelhead,fall_harbor_staging,admit,A,T032,Michigan Department of Natural Resources,Michigan DNR steelhead profile,,https://www.michigan.gov/dnr/education/michigan-species/fish-species/steelhead,,,,thermal_compatibility,Constrain the direction and breadth of shared species thermal compatibility.,Do not claim a measured pier bite probability or mode-specific response.,,docs/PierCast_Core_Temperature_and_Source_Calibration.md
ludington_mi,brown_trout,,admit,A,F1,Michigan Department of Natural Resources,"April 2, 2025",2025-04-02,https://content.govdelivery.com/accounts/MIDNR/bulletins/3d9f82a,,,,local_identity_timing_and_targetability,"Support species identity, local pier relevance, timing, method, or qualitative event strength as explicitly reported.",Do not convert one event into annual frequency or city CPUE.,"steelhead/browns at Ludington, Manistee, Frankfort piers; catches vary substantially between ports.",docs/PierCast_Pilot_Cities_Research.md
ludington_mi,brown_trout,,admit,A,F2,Michigan Department of Natural Resources,"April 12, 2023",2023-04-12,https://content.govdelivery.com/accounts/MIDNR/bulletins/3548e2b,,,,local_identity_timing_and_targetability,"Support species identity, local pier relevance, timing, method, or qualitative event strength as explicitly reported.",Do not convert one event into annual frequency or city CPUE.,Ludington brown/steelhead/coho; Manistee brown/coho/lake trout and Menominee; south-pier closure also noted historically.,docs/PierCast_Pilot_Cities_Research.md
ludington_mi,brown_trout,,admit,A,F39,Michigan Department of Natural Resources,"Michigan DNR April 25, 2019",2019-04-25,https://content.govdelivery.com/accounts/MIDNR/bulletins/2401e19,,,,local_identity_timing_and_targetability,"Support species identity, local pier relevance, timing, method, or qualitative event strength as explicitly reported.",Do not convert one event into annual frequency or city CPUE.,Manistee pier brown/lake trout and perch; Ludington pier brown trout only.,docs/PierCast_Pilot_Cities_Research.md
ludington_mi,brown_trout,,admit,A,F46,Michigan Department of Natural Resources,"Michigan DNR, Apr. 24, 2024",2024-04-24,https://content.govdelivery.com/accounts/MIDNR/bulletins/3987c22,,,,local_identity_timing_and_targetability,"Support species identity, local pier relevance, timing, method, or qualitative event strength as explicitly reported.",Do not convert one event into annual frequency or city CPUE.,Spring brown/coho/steelhead pier occurrence across pilot ports,docs/PierCast_Core_Species_Seasonal_Calibration.md
ludington_mi,brown_trout,,admit,A,F47,Michigan Department of Natural Resources,"Michigan DNR, Apr. 15, 2026",2026-04-15,https://content.govdelivery.com/accounts/MIDNR/bulletins/4130cd0,,,,local_identity_timing_and_targetability,"Support species identity, local pier relevance, timing, method, or qualitative event strength as explicitly reported.",Do not convert one event into annual frequency or city CPUE.,Grand Haven brown/coho and negative northern-port context,docs/PierCast_Core_Species_Seasonal_Calibration.md
ludington_mi,brown_trout,,admit,A,M2,Michigan Department of Natural Resources,"Michigan DNR Lake Michigan advisory minutes, Oct. 17, 2023",2023-10-17,https://www.michigan.gov/dnr/-/media/Project/Websites/dnr/Documents/Boards/LMCFAC/Minutes/minutes-oct-17-2023.pdf,,,,recurrence_and_relative_magnitude,Support recurrence and bounded relative magnitude where geography and mode match.,"Do not infer target-specific CPUE, exact structure, or unobserved-month absence.",Brown-trout stocking-site context; not catchability,docs/PierCast_Core_Species_Seasonal_Calibration.md
ludington_mi,brown_trout,winter_harbor_open_water,admit,A,T004,Wisconsin Department of Natural Resources,Wisconsin DNR brown trout fact sheet,,https://dnr.wisconsin.gov/sites/default/files/topic/Fishing/Species_browntrout.pdf,,,,thermal_compatibility,Constrain the direction and breadth of shared species thermal compatibility.,Do not claim a measured pier bite probability or mode-specific response.,,docs/PierCast_Core_Temperature_and_Source_Calibration.md
ludington_mi,brown_trout,winter_harbor_open_water,admit,A,T014,Primary source named in registry,"Haynes et al., Great Lakes brown trout movement and temperatures",,https://www.sciencedirect.com/science/article/pii/S0380133087716402,,,,thermal_compatibility,Constrain the direction and breadth of shared species thermal compatibility.,Do not claim a measured pier bite probability or mode-specific response.,,docs/PierCast_Core_Temperature_and_Source_Calibration.md
ludington_mi,brown_trout,winter_harbor_open_water,admit,A,T015,Michigan Department of Natural Resources,Michigan DNR brown trout profile,,https://www.michigan.gov/dnr/education/michigan-species/fish-species/brown-trout,,,,thermal_compatibility,Constrain the direction and breadth of shared species thermal compatibility.,Do not claim a measured pier bite probability or mode-specific response.,,docs/PierCast_Core_Temperature_and_Source_Calibration.md
ludington_mi,brown_trout,spring_nearshore,admit,A,T004,Wisconsin Department of Natural Resources,Wisconsin DNR brown trout fact sheet,,https://dnr.wisconsin.gov/sites/default/files/topic/Fishing/Species_browntrout.pdf,,,,thermal_compatibility,Constrain the direction and breadth of shared species thermal compatibility.,Do not claim a measured pier bite probability or mode-specific response.,,docs/PierCast_Core_Temperature_and_Source_Calibration.md
ludington_mi,brown_trout,spring_nearshore,admit,A,T014,Primary source named in registry,"Haynes et al., Great Lakes brown trout movement and temperatures",,https://www.sciencedirect.com/science/article/pii/S0380133087716402,,,,thermal_compatibility,Constrain the direction and breadth of shared species thermal compatibility.,Do not claim a measured pier bite probability or mode-specific response.,,docs/PierCast_Core_Temperature_and_Source_Calibration.md
ludington_mi,brown_trout,spring_nearshore,admit,A,T015,Michigan Department of Natural Resources,Michigan DNR brown trout profile,,https://www.michigan.gov/dnr/education/michigan-species/fish-species/brown-trout,,,,thermal_compatibility,Constrain the direction and breadth of shared species thermal compatibility.,Do not claim a measured pier bite probability or mode-specific response.,,docs/PierCast_Core_Temperature_and_Source_Calibration.md
ludington_mi,brown_trout,fall_harbor,admit,A,T004,Wisconsin Department of Natural Resources,Wisconsin DNR brown trout fact sheet,,https://dnr.wisconsin.gov/sites/default/files/topic/Fishing/Species_browntrout.pdf,,,,thermal_compatibility,Constrain the direction and breadth of shared species thermal compatibility.,Do not claim a measured pier bite probability or mode-specific response.,,docs/PierCast_Core_Temperature_and_Source_Calibration.md
ludington_mi,brown_trout,fall_harbor,admit,A,T014,Primary source named in registry,"Haynes et al., Great Lakes brown trout movement and temperatures",,https://www.sciencedirect.com/science/article/pii/S0380133087716402,,,,thermal_compatibility,Constrain the direction and breadth of shared species thermal compatibility.,Do not claim a measured pier bite probability or mode-specific response.,,docs/PierCast_Core_Temperature_and_Source_Calibration.md
ludington_mi,brown_trout,fall_harbor,admit,A,T015,Michigan Department of Natural Resources,Michigan DNR brown trout profile,,https://www.michigan.gov/dnr/education/michigan-species/fish-species/brown-trout,,,,thermal_compatibility,Constrain the direction and breadth of shared species thermal compatibility.,Do not claim a measured pier bite probability or mode-specific response.,,docs/PierCast_Core_Temperature_and_Source_Calibration.md
ludington_mi,lake_trout,,exclude,D,MI_CREEL,Michigan DNR,Michigan DNR public creel dashboard; preserved query snapshot,,https://app.powerbigov.us/view?r=eyJrIjoiOWQ5NjQxMmItYjFkYi00YzI2LTkxMTAtMjMwNjEzOWE5YjM3IiwidCI6ImQ1ZmI3MDg3LTM3NzctNDJhZC05NjZhLTg5MmVmNDcyMjVkMSJ9,Four named Michigan ports; 1989–2022,Pier/Dock,,recurrence_and_relative_magnitude,Support recurrence and bounded relative magnitude where geography and mode match.,"Do not infer target-specific CPUE, exact structure, or unobserved-month absence.","No exact structure, target-specific effort, method, size composition or sampling uncertainty in this extract; omitted rows remain missing. See creel-snapshot.json.",docs/onboarding/piercast/remaining-species/sources.json
ludington_mi,lake_trout,,exclude,D,B_2521a66,Michigan DNR,Michigan DNR Weekly Fishing Report 2019-07-17,2019-07-17,https://content.govdelivery.com/accounts/MIDNR/bulletins/2521a66,Manistee and Ludington,Pier and boat context,,local_identity_timing_and_targetability,"Support species identity, local pier relevance, timing, method, or qualitative event strength as explicitly reported.",Do not convert one event into annual frequency or city CPUE.,No directed pier-drum inference from these city paragraphs; offshore catches excluded.,docs/onboarding/piercast/remaining-species/sources.json
ludington_mi,lake_trout,,exclude,D,B_257279c,Michigan DNR,Michigan DNR Weekly Fishing Report 2019-08-07,2019-08-07,https://content.govdelivery.com/accounts/MIDNR/bulletins/257279c,Manistee and Ludington,Pier and boat mixed by separate sentences,,local_identity_timing_and_targetability,"Support species identity, local pier relevance, timing, method, or qualitative event strength as explicitly reported.",Do not convert one event into annual frequency or city CPUE.,No directed pier-drum inference from these city paragraphs; offshore catches excluded.,docs/onboarding/piercast/remaining-species/sources.json
ludington_mi,lake_trout,,exclude,D,MI_STOCKING,Michigan DNR,Michigan DNR public fish stocking records; selected Lake Michigan sites,,https://midnr.maps.arcgis.com/apps/dashboards/77581b13c6984b919ab8ed927496a31f,"Lake Michigan named waterbodies in Mason, Ottawa, Manistee and Benzie counties, 2023 onward","Stocking, not angling",,local_identity_timing_and_targetability,"Support species identity, local pier relevance, timing, method, or qualitative event strength as explicitly reported.",Do not convert one event into annual frequency or city CPUE.,"Name/county filter is a bounded context query, not an exhaustive absence claim; federal/offshore records may be outside the service. Stocking neither proves nor is required for a fishery.",docs/onboarding/piercast/remaining-species/sources.json
ludington_mi,walleye,,defer,C,MI_CREEL,Michigan DNR,Michigan DNR public creel dashboard; preserved query snapshot,,https://app.powerbigov.us/view?r=eyJrIjoiOWQ5NjQxMmItYjFkYi00YzI2LTkxMTAtMjMwNjEzOWE5YjM3IiwidCI6ImQ1ZmI3MDg3LTM3NzctNDJhZC05NjZhLTg5MmVmNDcyMjVkMSJ9,Four named Michigan ports; 1989–2022,Pier/Dock,,recurrence_and_relative_magnitude,Support recurrence and bounded relative magnitude where geography and mode match.,"Do not infer target-specific CPUE, exact structure, or unobserved-month absence.","No exact structure, target-specific effort, method, size composition or sampling uncertainty in this extract; omitted rows remain missing. See creel-snapshot.json.",docs/onboarding/piercast/remaining-species/sources.json
ludington_mi,walleye,,defer,C,B_3176352,Michigan DNR,Michigan DNR Weekly Fishing Report 2022-05-11,2022-05-11,https://content.govdelivery.com/accounts/MIDNR/bulletins/3176352,Manistee North Pier and other piers; Ludington unspecified piers,Pier and boat separately described,,local_identity_timing_and_targetability,"Support species identity, local pier relevance, timing, method, or qualitative event strength as explicitly reported.",Do not convert one event into annual frequency or city CPUE.,No major walleye fishery established; species catch counts estimated qualitatively.,docs/onboarding/piercast/remaining-species/sources.json
ludington_mi,walleye,,defer,C,B_14ccdb0,Michigan DNR,Michigan DNR Weekly Fishing Report 2016-06-02,2016-06-02,https://content.govdelivery.com/accounts/MIDNR/bulletins/14ccdb0,"Manistee port, Ludington basin, upstream Grand River","Mixed modes, separated in interpretation",,local_identity_timing_and_targetability,"Support species identity, local pier relevance, timing, method, or qualitative event strength as explicitly reported.",Do not convert one event into annual frequency or city CPUE.,Does not establish present-day exact-covered-pier opportunity.,docs/onboarding/piercast/remaining-species/sources.json
ludington_mi,smallmouth_bass,,defer,C,MI_CREEL,Michigan DNR,Michigan DNR public creel dashboard; preserved query snapshot,,https://app.powerbigov.us/view?r=eyJrIjoiOWQ5NjQxMmItYjFkYi00YzI2LTkxMTAtMjMwNjEzOWE5YjM3IiwidCI6ImQ1ZmI3MDg3LTM3NzctNDJhZC05NjZhLTg5MmVmNDcyMjVkMSJ9,Four named Michigan ports; 1989–2022,Pier/Dock,,recurrence_and_relative_magnitude,Support recurrence and bounded relative magnitude where geography and mode match.,"Do not infer target-specific CPUE, exact structure, or unobserved-month absence.","No exact structure, target-specific effort, method, size composition or sampling uncertainty in this extract; omitted rows remain missing. See creel-snapshot.json.",docs/onboarding/piercast/remaining-species/sources.json
ludington_mi,smallmouth_bass,,defer,C,B_2e736eb,Michigan DNR,Michigan DNR Weekly Fishing Report 2021-07-07,2021-07-07,https://content.govdelivery.com/accounts/MIDNR/bulletins/2e736eb,Ludington North Pier; Manistee piers,Pier,,local_identity_timing_and_targetability,"Support species identity, local pier relevance, timing, method, or qualitative event strength as explicitly reported.",Do not convert one event into annual frequency or city CPUE.,Single exact smallmouth observation; Manistee drum advice is not measured directed effort.,docs/onboarding/piercast/remaining-species/sources.json
ludington_mi,smallmouth_bass,,defer,C,B_364ea3a,Michigan DNR,Michigan DNR Weekly Fishing Report 2023-07-12,2023-07-12,https://content.govdelivery.com/accounts/MIDNR/bulletins/364ea3a,Ludington piers; Grand Haven piers,Pier,,local_identity_timing_and_targetability,"Support species identity, local pier relevance, timing, method, or qualitative event strength as explicitly reported.",Do not convert one event into annual frequency or city CPUE.,"Agency send date/body July 12, 2023; page title incorrectly says July 17. Side unspecified.",docs/onboarding/piercast/remaining-species/sources.json
ludington_mi,smallmouth_bass,,defer,C,B_3eeac7b,Michigan DNR,Michigan DNR Weekly Fishing Report 2025-08-20,2025-08-20,https://content.govdelivery.com/accounts/MIDNR/bulletins/3eeac7b,Grand Haven and Ludington piers,Pier context,,local_identity_timing_and_targetability,"Support species identity, local pier relevance, timing, method, or qualitative event strength as explicitly reported.",Do not convert one event into annual frequency or city CPUE.,No target-effort or side breakdown.,docs/onboarding/piercast/remaining-species/sources.json
ludington_mi,smallmouth_bass,,defer,C,B_425abbc,Michigan DNR,Michigan DNR Weekly Fishing Report 2026-08-19,2026-08-19,https://content.govdelivery.com/accounts/MIDNR/bulletins/425abbc,Grand Haven and Ludington piers,Pier,,local_identity_timing_and_targetability,"Support species identity, local pier relevance, timing, method, or qualitative event strength as explicitly reported.",Do not convert one event into annual frequency or city CPUE.,Grand Haven bass not identified to species; Ludington side unspecified.,docs/onboarding/piercast/remaining-species/sources.json
ludington_mi,smallmouth_bass,,defer,C,B_41407c5,Michigan DNR,Michigan DNR Weekly Fishing Report 2026-04-22,2026-04-22,https://content.govdelivery.com/accounts/MIDNR/bulletins/41407c5,Ludington stub pier,"Pier, excluded structure",,local_identity_timing_and_targetability,"Support species identity, local pier relevance, timing, method, or qualitative event strength as explicitly reported.",Do not convert one event into annual frequency or city CPUE.,Explicitly excluded from North Breakwater support.,docs/onboarding/piercast/remaining-species/sources.json
ludington_mi,smallmouth_bass,,defer,C,B_2d7cf51,Michigan DNR,Michigan DNR Weekly Fishing Report 2021-05-05,2021-05-05,https://content.govdelivery.com/accounts/MIDNR/bulletins/2d7cf51,Ludington stub pier,"Pier, excluded structure",,local_identity_timing_and_targetability,"Support species identity, local pier relevance, timing, method, or qualitative event strength as explicitly reported.",Do not convert one event into annual frequency or city CPUE.,Does not establish spring smallmouth at North Breakwater.,docs/onboarding/piercast/remaining-species/sources.json
ludington_mi,freshwater_drum,,defer,C,MI_CREEL,Michigan DNR,Michigan DNR public creel dashboard; preserved query snapshot,,https://app.powerbigov.us/view?r=eyJrIjoiOWQ5NjQxMmItYjFkYi00YzI2LTkxMTAtMjMwNjEzOWE5YjM3IiwidCI6ImQ1ZmI3MDg3LTM3NzctNDJhZC05NjZhLTg5MmVmNDcyMjVkMSJ9,Four named Michigan ports; 1989–2022,Pier/Dock,,recurrence_and_relative_magnitude,Support recurrence and bounded relative magnitude where geography and mode match.,"Do not infer target-specific CPUE, exact structure, or unobserved-month absence.","No exact structure, target-specific effort, method, size composition or sampling uncertainty in this extract; omitted rows remain missing. See creel-snapshot.json.",docs/onboarding/piercast/remaining-species/sources.json
ludington_mi,freshwater_drum,,defer,C,B_421929e,Michigan DNR,Michigan DNR Weekly Fishing Report 2026-07-22,2026-07-22,https://content.govdelivery.com/accounts/MIDNR/bulletins/421929e,Ludington piers,Pier,,local_identity_timing_and_targetability,"Support species identity, local pier relevance, timing, method, or qualitative event strength as explicitly reported.",Do not convert one event into annual frequency or city CPUE.,No side or evidence of substantial directed drum effort.,docs/onboarding/piercast/remaining-species/sources.json
ludington_mi,freshwater_drum,,defer,C,B_423b34d,Michigan DNR,Michigan DNR Weekly Fishing Report 2026-08-05,2026-08-05,https://content.govdelivery.com/accounts/MIDNR/bulletins/423b34d,Ludington piers,Pier,,local_identity_timing_and_targetability,"Support species identity, local pier relevance, timing, method, or qualitative event strength as explicitly reported.",Do not convert one event into annual frequency or city CPUE.,Incidental/unspecified target; no north-side precision.,docs/onboarding/piercast/remaining-species/sources.json
ludington_mi,yellow_perch,,defer,C,MI_CREEL,Michigan DNR,Michigan DNR public creel dashboard; preserved query snapshot,,https://app.powerbigov.us/view?r=eyJrIjoiOWQ5NjQxMmItYjFkYi00YzI2LTkxMTAtMjMwNjEzOWE5YjM3IiwidCI6ImQ1ZmI3MDg3LTM3NzctNDJhZC05NjZhLTg5MmVmNDcyMjVkMSJ9,Four named Michigan ports; 1989–2022,Pier/Dock,,recurrence_and_relative_magnitude,Support recurrence and bounded relative magnitude where geography and mode match.,"Do not infer target-specific CPUE, exact structure, or unobserved-month absence.","No exact structure, target-specific effort, method, size composition or sampling uncertainty in this extract; omitted rows remain missing. See creel-snapshot.json.",docs/onboarding/piercast/remaining-species/sources.json
ludington_mi,yellow_perch,,defer,C,B_323f6bf,Michigan DNR,Michigan DNR Weekly Fishing Report 2022-07-20,2022-07-20,https://content.govdelivery.com/accounts/MIDNR/bulletins/323f6bf,Ludington and Manistee North Piers,Pier context,,local_identity_timing_and_targetability,"Support species identity, local pier relevance, timing, method, or qualitative event strength as explicitly reported.",Do not convert one event into annual frequency or city CPUE.,Observed presence is weaker than a quantified catch report.,docs/onboarding/piercast/remaining-species/sources.json
ludington_mi,yellow_perch,,defer,C,B_35ed629,Michigan DNR,Michigan DNR Weekly Fishing Report 2023-06-07,2023-06-07,https://content.govdelivery.com/accounts/MIDNR/bulletins/35ed629,Ludington North Pier end,Pier,,local_identity_timing_and_targetability,"Support species identity, local pier relevance, timing, method, or qualitative event strength as explicitly reported.",Do not convert one event into annual frequency or city CPUE.,Low catches; does not establish a June peak.,docs/onboarding/piercast/remaining-species/sources.json
ludington_mi,yellow_perch,,defer,C,B_3614332,Michigan DNR,Michigan DNR Weekly Fishing Report 2023-06-21,2023-06-21,https://content.govdelivery.com/accounts/MIDNR/bulletins/3614332,Manistee North Pier; Ludington unspecified pier; Grand Haven pier,Pier,,local_identity_timing_and_targetability,"Support species identity, local pier relevance, timing, method, or qualitative event strength as explicitly reported.",Do not convert one event into annual frequency or city CPUE.,Mixed species and boat paragraphs excluded from pier inference.,docs/onboarding/piercast/remaining-species/sources.json
ludington_mi,yellow_perch,,defer,C,B_364ea3a,Michigan DNR,Michigan DNR Weekly Fishing Report 2023-07-12,2023-07-12,https://content.govdelivery.com/accounts/MIDNR/bulletins/364ea3a,Ludington piers; Grand Haven piers,Pier,,local_identity_timing_and_targetability,"Support species identity, local pier relevance, timing, method, or qualitative event strength as explicitly reported.",Do not convert one event into annual frequency or city CPUE.,"Agency send date/body July 12, 2023; page title incorrectly says July 17. Side unspecified.",docs/onboarding/piercast/remaining-species/sources.json
ludington_mi,yellow_perch,,defer,C,B_3675eed,Michigan DNR,Michigan DNR Weekly Fishing Report 2023-07-26,2023-07-26,https://content.govdelivery.com/accounts/MIDNR/bulletins/3675eed,Manistee piers; Ludington piers,Pier,,local_identity_timing_and_targetability,"Support species identity, local pier relevance, timing, method, or qualitative event strength as explicitly reported.",Do not convert one event into annual frequency or city CPUE.,Side unspecified; broad summer bass evidence cannot create annual curves.,docs/onboarding/piercast/remaining-species/sources.json
ludington_mi,lake_whitefish,,exclude,D,MI_CREEL,Michigan DNR,Michigan DNR public creel dashboard; preserved query snapshot,,https://app.powerbigov.us/view?r=eyJrIjoiOWQ5NjQxMmItYjFkYi00YzI2LTkxMTAtMjMwNjEzOWE5YjM3IiwidCI6ImQ1ZmI3MDg3LTM3NzctNDJhZC05NjZhLTg5MmVmNDcyMjVkMSJ9,Four named Michigan ports; 1989–2022,Pier/Dock,,recurrence_and_relative_magnitude,Support recurrence and bounded relative magnitude where geography and mode match.,"Do not infer target-specific CPUE, exact structure, or unobserved-month absence.","No exact structure, target-specific effort, method, size composition or sampling uncertainty in this extract; omitted rows remain missing. See creel-snapshot.json.",docs/onboarding/piercast/remaining-species/sources.json
ludington_mi,lake_whitefish,,exclude,D,WHITEFISH_GEAR,Michigan DNR,Michigan DNR November hook restrictions notice,2025-11-12,https://www.michigan.gov/dnr/about/newsroom/releases/2025/11/12/single-pointed-hook-regulations-nov-1-30,Grand Haven port and two other ports; not South Pier alone,Mixed port angling,,local_identity_timing_and_targetability,"Support species identity, local pier relevance, timing, method, or qualitative event strength as explicitly reported.",Do not convert one event into annual frequency or city CPUE.,Historical harvest is unsuitable as a direct magnitude proxy for lawful current fishing. No lawful-method South-Pier effort/catch breakdown.,docs/onboarding/piercast/remaining-species/sources.json
ludington_mi,round_whitefish,,defer,C,MI_CREEL,Michigan DNR,Michigan DNR public creel dashboard; preserved query snapshot,,https://app.powerbigov.us/view?r=eyJrIjoiOWQ5NjQxMmItYjFkYi00YzI2LTkxMTAtMjMwNjEzOWE5YjM3IiwidCI6ImQ1ZmI3MDg3LTM3NzctNDJhZC05NjZhLTg5MmVmNDcyMjVkMSJ9,Four named Michigan ports; 1989–2022,Pier/Dock,,recurrence_and_relative_magnitude,Support recurrence and bounded relative magnitude where geography and mode match.,"Do not infer target-specific CPUE, exact structure, or unobserved-month absence.","No exact structure, target-specific effort, method, size composition or sampling uncertainty in this extract; omitted rows remain missing. See creel-snapshot.json.",docs/onboarding/piercast/remaining-species/sources.json
ludington_mi,round_whitefish,,defer,C,ROUND_DECLINE,See named source publisher/author,"Alan Campbell, Grayling and Menominee, Leelanau Enterprise",2026-02-25,"https://www.leelanaunews.com/article/7195,grayling-and-menominee",Northwest Michigan; biologist recalls Frankfort pier trip,Historical pier angling; attributed interview,,local_identity_timing_and_targetability,"Support species identity, local pier relevance, timing, method, or qualitative event strength as explicitly reported.",Do not convert one event into annual frequency or city CPUE.,2026 publication is not a 2026 catch observation. Journalist species/season generalizations do not override species-specific DNR biology.,docs/onboarding/piercast/remaining-species/sources.json
ludington_mi,channel_catfish,,exclude,D,MI_CREEL,Michigan DNR,Michigan DNR public creel dashboard; preserved query snapshot,,https://app.powerbigov.us/view?r=eyJrIjoiOWQ5NjQxMmItYjFkYi00YzI2LTkxMTAtMjMwNjEzOWE5YjM3IiwidCI6ImQ1ZmI3MDg3LTM3NzctNDJhZC05NjZhLTg5MmVmNDcyMjVkMSJ9,Four named Michigan ports; 1989–2022,Pier/Dock,,recurrence_and_relative_magnitude,Support recurrence and bounded relative magnitude where geography and mode match.,"Do not infer target-specific CPUE, exact structure, or unobserved-month absence.","No exact structure, target-specific effort, method, size composition or sampling uncertainty in this extract; omitted rows remain missing. See creel-snapshot.json.",docs/onboarding/piercast/remaining-species/sources.json
ludington_mi,largemouth_bass,,exclude,D,MI_CREEL,Michigan DNR,Michigan DNR public creel dashboard; preserved query snapshot,,https://app.powerbigov.us/view?r=eyJrIjoiOWQ5NjQxMmItYjFkYi00YzI2LTkxMTAtMjMwNjEzOWE5YjM3IiwidCI6ImQ1ZmI3MDg3LTM3NzctNDJhZC05NjZhLTg5MmVmNDcyMjVkMSJ9,Four named Michigan ports; 1989–2022,Pier/Dock,,recurrence_and_relative_magnitude,Support recurrence and bounded relative magnitude where geography and mode match.,"Do not infer target-specific CPUE, exact structure, or unobserved-month absence.","No exact structure, target-specific effort, method, size composition or sampling uncertainty in this extract; omitted rows remain missing. See creel-snapshot.json.",docs/onboarding/piercast/remaining-species/sources.json
ludington_mi,largemouth_bass,,exclude,D,B_364ea3a,Michigan DNR,Michigan DNR Weekly Fishing Report 2023-07-12,2023-07-12,https://content.govdelivery.com/accounts/MIDNR/bulletins/364ea3a,Ludington piers; Grand Haven piers,Pier,,local_identity_timing_and_targetability,"Support species identity, local pier relevance, timing, method, or qualitative event strength as explicitly reported.",Do not convert one event into annual frequency or city CPUE.,"Agency send date/body July 12, 2023; page title incorrectly says July 17. Side unspecified.",docs/onboarding/piercast/remaining-species/sources.json
grand_haven_mi,chinook_salmon,,admit,A,F12,Michigan Department of Natural Resources,"July 22, 2026",2026-07-22,https://content.govdelivery.com/accounts/MIDNR/bulletins/421929e,,,,local_identity_timing_and_targetability,"Support species identity, local pier relevance, timing, method, or qualitative event strength as explicitly reported.",Do not convert one event into annual frequency or city CPUE.,Grand Haven pier steelhead/Chinook; Ludington pier drum.,docs/PierCast_Pilot_Cities_Research.md
grand_haven_mi,chinook_salmon,,admit,A,F18,Michigan Department of Natural Resources,"August 26, 2026",2026-08-26,https://content.govdelivery.com/accounts/MIDNR/bulletins/426de2b,,,,local_identity_timing_and_targetability,"Support species identity, local pier relevance, timing, method, or qualitative event strength as explicitly reported.",Do not convert one event into annual frequency or city CPUE.,Frankfort breakwall Chinook; Grand Haven pier salmon without species breakdown.,docs/PierCast_Pilot_Cities_Research.md
grand_haven_mi,chinook_salmon,,admit,A,F43,Michigan Department of Natural Resources,"Michigan DNR, Aug. 5, 2026",2026-08-05,https://content.govdelivery.com/accounts/MIDNR/bulletins/423b34d,,,,local_identity_timing_and_targetability,"Support species identity, local pier relevance, timing, method, or qualitative event strength as explicitly reported.",Do not convert one event into annual frequency or city CPUE.,"Grand Haven, Manistee, and Ludington limited pier salmon/steelhead",docs/PierCast_Core_Species_Seasonal_Calibration.md
grand_haven_mi,chinook_salmon,,admit,A,F44,Michigan Department of Natural Resources,"Michigan DNR, Aug. 26, 2026",2026-08-26,https://content.govdelivery.com/accounts/MIDNR/bulletins/426de2b,,,,local_identity_timing_and_targetability,"Support species identity, local pier relevance, timing, method, or qualitative event strength as explicitly reported.",Do not convert one event into annual frequency or city CPUE.,"Harbor/pierhead salmon transition at Grand Haven, Manistee, and Ludington",docs/PierCast_Core_Species_Seasonal_Calibration.md
grand_haven_mi,chinook_salmon,,admit,A,F45,Michigan Department of Natural Resources,"Michigan DNR, Sept. 2, 2026",2026-09-02,https://content.govdelivery.com/accounts/MIDNR/bulletins/4280cb4,,,,local_identity_timing_and_targetability,"Support species identity, local pier relevance, timing, method, or qualitative event strength as explicitly reported.",Do not convert one event into annual frequency or city CPUE.,Warm-water suppression and staging-window location,docs/PierCast_Core_Species_Seasonal_Calibration.md
grand_haven_mi,chinook_salmon,,admit,A,F48,Michigan Department of Natural Resources,"Michigan DNR, Aug. 16, 2023",2023-08-16,https://content.govdelivery.com/accounts/MIDNR/bulletins/36b27d5,,,,local_identity_timing_and_targetability,"Support species identity, local pier relevance, timing, method, or qualitative event strength as explicitly reported.",Do not convert one event into annual frequency or city CPUE.,Frankfort great Chinook pier activity,docs/PierCast_Core_Species_Seasonal_Calibration.md
grand_haven_mi,chinook_salmon,,admit,A,M1,Michigan Department of Natural Resources,"Michigan DNR Lake Michigan advisory minutes, Apr. 5, 2022",2022-04-05,https://www.michigan.gov/dnr/-/media/Project/Websites/dnr/Documents/Boards/LMCFAC/Minutes/minutes-april-5-2022.pdf,,,,recurrence_and_relative_magnitude,Support recurrence and bounded relative magnitude where geography and mode match.,"Do not infer target-specific CPUE, exact structure, or unobserved-month absence.",Port-level fishery-strength context; not pier-mode timing,docs/PierCast_Core_Species_Seasonal_Calibration.md
grand_haven_mi,chinook_salmon,spring_nearshore_transient,admit,A,T001,Wisconsin Department of Natural Resources,Wisconsin DNR Chinook salmon fact sheet,,https://dnr.wisconsin.gov/sites/default/files/topic/Fishing/Species_chinooksalmon.pdf,,,,thermal_compatibility,Constrain the direction and breadth of shared species thermal compatibility.,Do not claim a measured pier bite probability or mode-specific response.,,docs/PierCast_Core_Temperature_and_Source_Calibration.md
grand_haven_mi,chinook_salmon,spring_nearshore_transient,admit,A,T006,Primary source named in registry,"Adlerstein et al., Lake Michigan Chinook movement and assessment catch",,https://academic.oup.com/tafs/article/137/3/736/7888693,,,,thermal_compatibility,Constrain the direction and breadth of shared species thermal compatibility.,Do not claim a measured pier bite probability or mode-specific response.,,docs/PierCast_Core_Temperature_and_Source_Calibration.md
grand_haven_mi,chinook_salmon,summer_coldwater_access,admit,A,T001,Wisconsin Department of Natural Resources,Wisconsin DNR Chinook salmon fact sheet,,https://dnr.wisconsin.gov/sites/default/files/topic/Fishing/Species_chinooksalmon.pdf,,,,thermal_compatibility,Constrain the direction and breadth of shared species thermal compatibility.,Do not claim a measured pier bite probability or mode-specific response.,,docs/PierCast_Core_Temperature_and_Source_Calibration.md
grand_haven_mi,chinook_salmon,summer_coldwater_access,admit,A,T006,Primary source named in registry,"Adlerstein et al., Lake Michigan Chinook movement and assessment catch",,https://academic.oup.com/tafs/article/137/3/736/7888693,,,,thermal_compatibility,Constrain the direction and breadth of shared species thermal compatibility.,Do not claim a measured pier bite probability or mode-specific response.,,docs/PierCast_Core_Temperature_and_Source_Calibration.md
grand_haven_mi,chinook_salmon,fall_harbor_staging,admit,A,T001,Wisconsin Department of Natural Resources,Wisconsin DNR Chinook salmon fact sheet,,https://dnr.wisconsin.gov/sites/default/files/topic/Fishing/Species_chinooksalmon.pdf,,,,thermal_compatibility,Constrain the direction and breadth of shared species thermal compatibility.,Do not claim a measured pier bite probability or mode-specific response.,,docs/PierCast_Core_Temperature_and_Source_Calibration.md
grand_haven_mi,chinook_salmon,fall_harbor_staging,admit,A,T006,Primary source named in registry,"Adlerstein et al., Lake Michigan Chinook movement and assessment catch",,https://academic.oup.com/tafs/article/137/3/736/7888693,,,,thermal_compatibility,Constrain the direction and breadth of shared species thermal compatibility.,Do not claim a measured pier bite probability or mode-specific response.,,docs/PierCast_Core_Temperature_and_Source_Calibration.md
grand_haven_mi,coho_salmon,,admit,A,F16,Michigan Department of Natural Resources,"April 21, 2021",2021-04-21,https://content.govdelivery.com/accounts/MIDNR/bulletins/2cea412,,,,local_identity_timing_and_targetability,"Support species identity, local pier relevance, timing, method, or qualitative event strength as explicitly reported.",Do not convert one event into annual frequency or city CPUE.,Grand Haven pier brown/coho and round whitefish.,docs/PierCast_Pilot_Cities_Research.md
grand_haven_mi,coho_salmon,,admit,A,F17,Michigan Department of Natural Resources,"May 7, 2025",2025-05-07,https://content.govdelivery.com/accounts/MIDNR/bulletins/3df50cf,,,,local_identity_timing_and_targetability,"Support species identity, local pier relevance, timing, method, or qualitative event strength as explicitly reported.",Do not convert one event into annual frequency or city CPUE.,Grand Haven pier coho; nearby perch catches explicitly from boats.,docs/PierCast_Pilot_Cities_Research.md
grand_haven_mi,coho_salmon,,admit,A,F37,Michigan Department of Natural Resources,"Michigan DNR September 7, 2017",2017-09-07,https://content.govdelivery.com/accounts/MIDNR/bulletins/1b558d8,,,,local_identity_timing_and_targetability,"Support species identity, local pier relevance, timing, method, or qualitative event strength as explicitly reported.",Do not convert one event into annual frequency or city CPUE.,"occasional Grand Haven pier coho, slow fishing.",docs/PierCast_Pilot_Cities_Research.md
grand_haven_mi,coho_salmon,,admit,A,F46,Michigan Department of Natural Resources,"Michigan DNR, Apr. 24, 2024",2024-04-24,https://content.govdelivery.com/accounts/MIDNR/bulletins/3987c22,,,,local_identity_timing_and_targetability,"Support species identity, local pier relevance, timing, method, or qualitative event strength as explicitly reported.",Do not convert one event into annual frequency or city CPUE.,Spring brown/coho/steelhead pier occurrence across pilot ports,docs/PierCast_Core_Species_Seasonal_Calibration.md
grand_haven_mi,coho_salmon,,admit,A,F47,Michigan Department of Natural Resources,"Michigan DNR, Apr. 15, 2026",2026-04-15,https://content.govdelivery.com/accounts/MIDNR/bulletins/4130cd0,,,,local_identity_timing_and_targetability,"Support species identity, local pier relevance, timing, method, or qualitative event strength as explicitly reported.",Do not convert one event into annual frequency or city CPUE.,Grand Haven brown/coho and negative northern-port context,docs/PierCast_Core_Species_Seasonal_Calibration.md
grand_haven_mi,coho_salmon,,admit,A,F52,Michigan Department of Natural Resources,"Michigan DNR, Oct. 27, 2021",2021-10-27,https://content.govdelivery.com/accounts/MIDNR/bulletins/2f9782e,,,,local_identity_timing_and_targetability,"Support species identity, local pier relevance, timing, method, or qualitative event strength as explicitly reported.",Do not convert one event into annual frequency or city CPUE.,Grand Haven pier steelhead/coho,docs/PierCast_Core_Species_Seasonal_Calibration.md
grand_haven_mi,coho_salmon,,admit,A,M1,Michigan Department of Natural Resources,"Michigan DNR Lake Michigan advisory minutes, Apr. 5, 2022",2022-04-05,https://www.michigan.gov/dnr/-/media/Project/Websites/dnr/Documents/Boards/LMCFAC/Minutes/minutes-april-5-2022.pdf,,,,recurrence_and_relative_magnitude,Support recurrence and bounded relative magnitude where geography and mode match.,"Do not infer target-specific CPUE, exact structure, or unobserved-month absence.",Port-level fishery-strength context; not pier-mode timing,docs/PierCast_Core_Species_Seasonal_Calibration.md
grand_haven_mi,coho_salmon,spring_nearshore,admit,A,T002,Wisconsin Department of Natural Resources,Wisconsin DNR coho salmon fact sheet,,https://dnr.wisconsin.gov/sites/default/files/topic/Fishing/Species_cohosalmon.pdf,,,,thermal_compatibility,Constrain the direction and breadth of shared species thermal compatibility.,Do not claim a measured pier bite probability or mode-specific response.,,docs/PierCast_Core_Temperature_and_Source_Calibration.md
grand_haven_mi,coho_salmon,spring_nearshore,admit,A,T008,Michigan Department of Natural Resources,Michigan DNR coho salmon profile,,https://www.michigan.gov/dnr/education/michigan-species/fish-species/coho-salmon,,,,thermal_compatibility,Constrain the direction and breadth of shared species thermal compatibility.,Do not claim a measured pier bite probability or mode-specific response.,,docs/PierCast_Core_Temperature_and_Source_Calibration.md
grand_haven_mi,coho_salmon,spring_nearshore,admit,A,T013,Great Lakes Fishery Commission,"Great Lakes Fishery Commission, Temperature Relationships of Great Lakes Fishes",,https://www.sealamprey.org/pubs/SpecialPubs/Sp87_3.pdf,,,,thermal_compatibility,Constrain the direction and breadth of shared species thermal compatibility.,Do not claim a measured pier bite probability or mode-specific response.,,docs/PierCast_Core_Temperature_and_Source_Calibration.md
grand_haven_mi,coho_salmon,summer_coldwater_access,admit,A,T002,Wisconsin Department of Natural Resources,Wisconsin DNR coho salmon fact sheet,,https://dnr.wisconsin.gov/sites/default/files/topic/Fishing/Species_cohosalmon.pdf,,,,thermal_compatibility,Constrain the direction and breadth of shared species thermal compatibility.,Do not claim a measured pier bite probability or mode-specific response.,,docs/PierCast_Core_Temperature_and_Source_Calibration.md
grand_haven_mi,coho_salmon,summer_coldwater_access,admit,A,T008,Michigan Department of Natural Resources,Michigan DNR coho salmon profile,,https://www.michigan.gov/dnr/education/michigan-species/fish-species/coho-salmon,,,,thermal_compatibility,Constrain the direction and breadth of shared species thermal compatibility.,Do not claim a measured pier bite probability or mode-specific response.,,docs/PierCast_Core_Temperature_and_Source_Calibration.md
grand_haven_mi,coho_salmon,summer_coldwater_access,admit,A,T013,Great Lakes Fishery Commission,"Great Lakes Fishery Commission, Temperature Relationships of Great Lakes Fishes",,https://www.sealamprey.org/pubs/SpecialPubs/Sp87_3.pdf,,,,thermal_compatibility,Constrain the direction and breadth of shared species thermal compatibility.,Do not claim a measured pier bite probability or mode-specific response.,,docs/PierCast_Core_Temperature_and_Source_Calibration.md
grand_haven_mi,coho_salmon,fall_harbor_staging,admit,A,T002,Wisconsin Department of Natural Resources,Wisconsin DNR coho salmon fact sheet,,https://dnr.wisconsin.gov/sites/default/files/topic/Fishing/Species_cohosalmon.pdf,,,,thermal_compatibility,Constrain the direction and breadth of shared species thermal compatibility.,Do not claim a measured pier bite probability or mode-specific response.,,docs/PierCast_Core_Temperature_and_Source_Calibration.md
grand_haven_mi,coho_salmon,fall_harbor_staging,admit,A,T008,Michigan Department of Natural Resources,Michigan DNR coho salmon profile,,https://www.michigan.gov/dnr/education/michigan-species/fish-species/coho-salmon,,,,thermal_compatibility,Constrain the direction and breadth of shared species thermal compatibility.,Do not claim a measured pier bite probability or mode-specific response.,,docs/PierCast_Core_Temperature_and_Source_Calibration.md
grand_haven_mi,coho_salmon,fall_harbor_staging,admit,A,T013,Great Lakes Fishery Commission,"Great Lakes Fishery Commission, Temperature Relationships of Great Lakes Fishes",,https://www.sealamprey.org/pubs/SpecialPubs/Sp87_3.pdf,,,,thermal_compatibility,Constrain the direction and breadth of shared species thermal compatibility.,Do not claim a measured pier bite probability or mode-specific response.,,docs/PierCast_Core_Temperature_and_Source_Calibration.md
grand_haven_mi,steelhead,,admit,A,F13,Michigan Department of Natural Resources,"May 7, 2015",2015-05-07,https://content.govdelivery.com/accounts/MIDNR/bulletins/10303eb,,,,local_identity_timing_and_targetability,"Support species identity, local pier relevance, timing, method, or qualitative event strength as explicitly reported.",Do not convert one event into annual frequency or city CPUE.,Grand Haven steelhead/brown-trout pier context; historical.,docs/PierCast_Pilot_Cities_Research.md
grand_haven_mi,steelhead,,admit,A,F14,Michigan Department of Natural Resources,"June 28, 2023",2023-06-28,https://content.govdelivery.com/accounts/MIDNR/bulletins/36281c5,,,,local_identity_timing_and_targetability,"Support species identity, local pier relevance, timing, method, or qualitative event strength as explicitly reported.",Do not convert one event into annual frequency or city CPUE.,"Grand Haven pier drum, steelhead slow.",docs/PierCast_Pilot_Cities_Research.md
grand_haven_mi,steelhead,,admit,A,F15,Michigan Department of Natural Resources,"November 6, 2024",2024-11-06,https://content.govdelivery.com/accounts/MIDNR/bulletins/3c05a1b,,,,local_identity_timing_and_targetability,"Support species identity, local pier relevance, timing, method, or qualitative event strength as explicitly reported.",Do not convert one event into annual frequency or city CPUE.,Grand Haven shore/pier steelhead; unsuccessful channel whitefish effort also recorded.,docs/PierCast_Pilot_Cities_Research.md
grand_haven_mi,steelhead,,admit,A,F34,Michigan Department of Natural Resources,"June 10, 2026",2026-06-10,https://content.govdelivery.com/accounts/MIDNR/bulletins/41b62ae,,,,local_identity_timing_and_targetability,"Support species identity, local pier relevance, timing, method, or qualitative event strength as explicitly reported.",Do not convert one event into annual frequency or city CPUE.,Grand Haven pier steelhead catches despite slow action; drum in the channel. Smallmouth listed under Tawas elsewhere in the bulletin must not be attributed to Grand Haven.,docs/PierCast_Pilot_Cities_Research.md
grand_haven_mi,steelhead,,admit,A,F38,Michigan Department of Natural Resources,"Michigan DNR July 16, 2025",2025-07-16,https://content.govdelivery.com/bulletins/gd/MIDNR-3e9b7f3?wgt_ref=MIDNR_WIDGET_2,,,,local_identity_timing_and_targetability,"Support species identity, local pier relevance, timing, method, or qualitative event strength as explicitly reported.",Do not convert one event into annual frequency or city CPUE.,"Grand Haven pier largemouth, drum and a few steelhead.",docs/PierCast_Pilot_Cities_Research.md
grand_haven_mi,steelhead,,admit,A,F42,Michigan Department of Natural Resources,"Michigan DNR, July 1, 2026",2026-07-01,https://content.govdelivery.com/accounts/MIDNR/bulletins/41e9e6e,,,,local_identity_timing_and_targetability,"Support species identity, local pier relevance, timing, method, or qualitative event strength as explicitly reported.",Do not convert one event into annual frequency or city CPUE.,Grand Haven steelhead; Manistee/Ludington negative pier context,docs/PierCast_Core_Species_Seasonal_Calibration.md
grand_haven_mi,steelhead,,admit,A,F43,Michigan Department of Natural Resources,"Michigan DNR, Aug. 5, 2026",2026-08-05,https://content.govdelivery.com/accounts/MIDNR/bulletins/423b34d,,,,local_identity_timing_and_targetability,"Support species identity, local pier relevance, timing, method, or qualitative event strength as explicitly reported.",Do not convert one event into annual frequency or city CPUE.,"Grand Haven, Manistee, and Ludington limited pier salmon/steelhead",docs/PierCast_Core_Species_Seasonal_Calibration.md
grand_haven_mi,steelhead,,admit,A,F49,Michigan Department of Natural Resources,"Michigan DNR, Oct. 16, 2024",2024-10-16,https://content.govdelivery.com/accounts/MIDNR/bulletins/3bc5a97,,,,local_identity_timing_and_targetability,"Support species identity, local pier relevance, timing, method, or qualitative event strength as explicitly reported.",Do not convert one event into annual frequency or city CPUE.,Frankfort excellent steelhead; fall steelhead at other ports,docs/PierCast_Core_Species_Seasonal_Calibration.md
grand_haven_mi,steelhead,,admit,A,F50,Michigan Department of Natural Resources,"Michigan DNR, Oct. 30, 2024",2024-10-30,https://content.govdelivery.com/accounts/MIDNR/bulletins/3bf0cc8,,,,local_identity_timing_and_targetability,"Support species identity, local pier relevance, timing, method, or qualitative event strength as explicitly reported.",Do not convert one event into annual frequency or city CPUE.,"Grand Haven, Manistee, and Ludington steelhead",docs/PierCast_Core_Species_Seasonal_Calibration.md
grand_haven_mi,steelhead,winter_spring_thermal_front,admit,A,T003,Wisconsin Department of Natural Resources,Wisconsin DNR rainbow trout fact sheet,,https://dnr.wisconsin.gov/sites/default/files/topic/Fishing/Species_rainbowtrout.pdf,,,,thermal_compatibility,Constrain the direction and breadth of shared species thermal compatibility.,Do not claim a measured pier bite probability or mode-specific response.,,docs/PierCast_Core_Temperature_and_Source_Calibration.md
grand_haven_mi,steelhead,winter_spring_thermal_front,admit,A,T007,U.S. Geological Survey,"USGS, steelhead growth-potential model and angler catch comparison",,https://www.usgs.gov/publications/landscape-scale-measures-steelhead-oncorhynchus-mykiss-bioenergetic-growth-rate,,,,thermal_compatibility,Constrain the direction and breadth of shared species thermal compatibility.,Do not claim a measured pier bite probability or mode-specific response.,,docs/PierCast_Core_Temperature_and_Source_Calibration.md
grand_haven_mi,steelhead,winter_spring_thermal_front,admit,A,T009,Wisconsin Department of Natural Resources,Wisconsin DNR Lake Michigan steelhead strains,,https://dnr.wisconsin.gov/sites/default/files/topic/Fishing/Species_steelhead.pdf,,,,thermal_compatibility,Constrain the direction and breadth of shared species thermal compatibility.,Do not claim a measured pier bite probability or mode-specific response.,,docs/PierCast_Core_Temperature_and_Source_Calibration.md
grand_haven_mi,steelhead,winter_spring_thermal_front,admit,A,T010,Wisconsin Department of Natural Resources,Wisconsin DNR Root River Steelhead Facility report,,https://dnr.wisconsin.gov/sites/default/files/topic/Fishing/LM_RootRiverSteelheadFacilityFall2024Spring2025.pdf,,,,thermal_compatibility,Constrain the direction and breadth of shared species thermal compatibility.,Do not claim a measured pier bite probability or mode-specific response.,,docs/PierCast_Core_Temperature_and_Source_Calibration.md
grand_haven_mi,steelhead,winter_spring_thermal_front,admit,A,T032,Michigan Department of Natural Resources,Michigan DNR steelhead profile,,https://www.michigan.gov/dnr/education/michigan-species/fish-species/steelhead,,,,thermal_compatibility,Constrain the direction and breadth of shared species thermal compatibility.,Do not claim a measured pier bite probability or mode-specific response.,,docs/PierCast_Core_Temperature_and_Source_Calibration.md
grand_haven_mi,steelhead,summer_thermal_break_or_upwelling,admit,A,T003,Wisconsin Department of Natural Resources,Wisconsin DNR rainbow trout fact sheet,,https://dnr.wisconsin.gov/sites/default/files/topic/Fishing/Species_rainbowtrout.pdf,,,,thermal_compatibility,Constrain the direction and breadth of shared species thermal compatibility.,Do not claim a measured pier bite probability or mode-specific response.,,docs/PierCast_Core_Temperature_and_Source_Calibration.md
grand_haven_mi,steelhead,summer_thermal_break_or_upwelling,admit,A,T007,U.S. Geological Survey,"USGS, steelhead growth-potential model and angler catch comparison",,https://www.usgs.gov/publications/landscape-scale-measures-steelhead-oncorhynchus-mykiss-bioenergetic-growth-rate,,,,thermal_compatibility,Constrain the direction and breadth of shared species thermal compatibility.,Do not claim a measured pier bite probability or mode-specific response.,,docs/PierCast_Core_Temperature_and_Source_Calibration.md
grand_haven_mi,steelhead,summer_thermal_break_or_upwelling,admit,A,T009,Wisconsin Department of Natural Resources,Wisconsin DNR Lake Michigan steelhead strains,,https://dnr.wisconsin.gov/sites/default/files/topic/Fishing/Species_steelhead.pdf,,,,thermal_compatibility,Constrain the direction and breadth of shared species thermal compatibility.,Do not claim a measured pier bite probability or mode-specific response.,,docs/PierCast_Core_Temperature_and_Source_Calibration.md
grand_haven_mi,steelhead,summer_thermal_break_or_upwelling,admit,A,T010,Wisconsin Department of Natural Resources,Wisconsin DNR Root River Steelhead Facility report,,https://dnr.wisconsin.gov/sites/default/files/topic/Fishing/LM_RootRiverSteelheadFacilityFall2024Spring2025.pdf,,,,thermal_compatibility,Constrain the direction and breadth of shared species thermal compatibility.,Do not claim a measured pier bite probability or mode-specific response.,,docs/PierCast_Core_Temperature_and_Source_Calibration.md
grand_haven_mi,steelhead,summer_thermal_break_or_upwelling,admit,A,T032,Michigan Department of Natural Resources,Michigan DNR steelhead profile,,https://www.michigan.gov/dnr/education/michigan-species/fish-species/steelhead,,,,thermal_compatibility,Constrain the direction and breadth of shared species thermal compatibility.,Do not claim a measured pier bite probability or mode-specific response.,,docs/PierCast_Core_Temperature_and_Source_Calibration.md
grand_haven_mi,steelhead,fall_harbor_staging,admit,A,T003,Wisconsin Department of Natural Resources,Wisconsin DNR rainbow trout fact sheet,,https://dnr.wisconsin.gov/sites/default/files/topic/Fishing/Species_rainbowtrout.pdf,,,,thermal_compatibility,Constrain the direction and breadth of shared species thermal compatibility.,Do not claim a measured pier bite probability or mode-specific response.,,docs/PierCast_Core_Temperature_and_Source_Calibration.md
grand_haven_mi,steelhead,fall_harbor_staging,admit,A,T007,U.S. Geological Survey,"USGS, steelhead growth-potential model and angler catch comparison",,https://www.usgs.gov/publications/landscape-scale-measures-steelhead-oncorhynchus-mykiss-bioenergetic-growth-rate,,,,thermal_compatibility,Constrain the direction and breadth of shared species thermal compatibility.,Do not claim a measured pier bite probability or mode-specific response.,,docs/PierCast_Core_Temperature_and_Source_Calibration.md
grand_haven_mi,steelhead,fall_harbor_staging,admit,A,T009,Wisconsin Department of Natural Resources,Wisconsin DNR Lake Michigan steelhead strains,,https://dnr.wisconsin.gov/sites/default/files/topic/Fishing/Species_steelhead.pdf,,,,thermal_compatibility,Constrain the direction and breadth of shared species thermal compatibility.,Do not claim a measured pier bite probability or mode-specific response.,,docs/PierCast_Core_Temperature_and_Source_Calibration.md
grand_haven_mi,steelhead,fall_harbor_staging,admit,A,T010,Wisconsin Department of Natural Resources,Wisconsin DNR Root River Steelhead Facility report,,https://dnr.wisconsin.gov/sites/default/files/topic/Fishing/LM_RootRiverSteelheadFacilityFall2024Spring2025.pdf,,,,thermal_compatibility,Constrain the direction and breadth of shared species thermal compatibility.,Do not claim a measured pier bite probability or mode-specific response.,,docs/PierCast_Core_Temperature_and_Source_Calibration.md
grand_haven_mi,steelhead,fall_harbor_staging,admit,A,T032,Michigan Department of Natural Resources,Michigan DNR steelhead profile,,https://www.michigan.gov/dnr/education/michigan-species/fish-species/steelhead,,,,thermal_compatibility,Constrain the direction and breadth of shared species thermal compatibility.,Do not claim a measured pier bite probability or mode-specific response.,,docs/PierCast_Core_Temperature_and_Source_Calibration.md
grand_haven_mi,brown_trout,,admit,A,F13,Michigan Department of Natural Resources,"May 7, 2015",2015-05-07,https://content.govdelivery.com/accounts/MIDNR/bulletins/10303eb,,,,local_identity_timing_and_targetability,"Support species identity, local pier relevance, timing, method, or qualitative event strength as explicitly reported.",Do not convert one event into annual frequency or city CPUE.,Grand Haven steelhead/brown-trout pier context; historical.,docs/PierCast_Pilot_Cities_Research.md
grand_haven_mi,brown_trout,,admit,A,F16,Michigan Department of Natural Resources,"April 21, 2021",2021-04-21,https://content.govdelivery.com/accounts/MIDNR/bulletins/2cea412,,,,local_identity_timing_and_targetability,"Support species identity, local pier relevance, timing, method, or qualitative event strength as explicitly reported.",Do not convert one event into annual frequency or city CPUE.,Grand Haven pier brown/coho and round whitefish.,docs/PierCast_Pilot_Cities_Research.md
grand_haven_mi,brown_trout,,admit,A,F36,Michigan Department of Natural Resources,"Michigan DNR April 14, 2021",2021-04-14,https://content.govdelivery.com/accounts/MIDNR/bulletins/2cce8db,,,,local_identity_timing_and_targetability,"Support species identity, local pier relevance, timing, method, or qualitative event strength as explicitly reported.",Do not convert one event into annual frequency or city CPUE.,Grand Haven pier round whitefish/brown trout; Manistee pier coho/brown trout; Ludington low pier success.,docs/PierCast_Pilot_Cities_Research.md
grand_haven_mi,brown_trout,,admit,A,F46,Michigan Department of Natural Resources,"Michigan DNR, Apr. 24, 2024",2024-04-24,https://content.govdelivery.com/accounts/MIDNR/bulletins/3987c22,,,,local_identity_timing_and_targetability,"Support species identity, local pier relevance, timing, method, or qualitative event strength as explicitly reported.",Do not convert one event into annual frequency or city CPUE.,Spring brown/coho/steelhead pier occurrence across pilot ports,docs/PierCast_Core_Species_Seasonal_Calibration.md
grand_haven_mi,brown_trout,,admit,A,F47,Michigan Department of Natural Resources,"Michigan DNR, Apr. 15, 2026",2026-04-15,https://content.govdelivery.com/accounts/MIDNR/bulletins/4130cd0,,,,local_identity_timing_and_targetability,"Support species identity, local pier relevance, timing, method, or qualitative event strength as explicitly reported.",Do not convert one event into annual frequency or city CPUE.,Grand Haven brown/coho and negative northern-port context,docs/PierCast_Core_Species_Seasonal_Calibration.md
grand_haven_mi,brown_trout,,admit,A,M2,Michigan Department of Natural Resources,"Michigan DNR Lake Michigan advisory minutes, Oct. 17, 2023",2023-10-17,https://www.michigan.gov/dnr/-/media/Project/Websites/dnr/Documents/Boards/LMCFAC/Minutes/minutes-oct-17-2023.pdf,,,,recurrence_and_relative_magnitude,Support recurrence and bounded relative magnitude where geography and mode match.,"Do not infer target-specific CPUE, exact structure, or unobserved-month absence.",Brown-trout stocking-site context; not catchability,docs/PierCast_Core_Species_Seasonal_Calibration.md
grand_haven_mi,brown_trout,winter_harbor_open_water,admit,A,T004,Wisconsin Department of Natural Resources,Wisconsin DNR brown trout fact sheet,,https://dnr.wisconsin.gov/sites/default/files/topic/Fishing/Species_browntrout.pdf,,,,thermal_compatibility,Constrain the direction and breadth of shared species thermal compatibility.,Do not claim a measured pier bite probability or mode-specific response.,,docs/PierCast_Core_Temperature_and_Source_Calibration.md
grand_haven_mi,brown_trout,winter_harbor_open_water,admit,A,T014,Primary source named in registry,"Haynes et al., Great Lakes brown trout movement and temperatures",,https://www.sciencedirect.com/science/article/pii/S0380133087716402,,,,thermal_compatibility,Constrain the direction and breadth of shared species thermal compatibility.,Do not claim a measured pier bite probability or mode-specific response.,,docs/PierCast_Core_Temperature_and_Source_Calibration.md
grand_haven_mi,brown_trout,winter_harbor_open_water,admit,A,T015,Michigan Department of Natural Resources,Michigan DNR brown trout profile,,https://www.michigan.gov/dnr/education/michigan-species/fish-species/brown-trout,,,,thermal_compatibility,Constrain the direction and breadth of shared species thermal compatibility.,Do not claim a measured pier bite probability or mode-specific response.,,docs/PierCast_Core_Temperature_and_Source_Calibration.md
grand_haven_mi,brown_trout,spring_nearshore,admit,A,T004,Wisconsin Department of Natural Resources,Wisconsin DNR brown trout fact sheet,,https://dnr.wisconsin.gov/sites/default/files/topic/Fishing/Species_browntrout.pdf,,,,thermal_compatibility,Constrain the direction and breadth of shared species thermal compatibility.,Do not claim a measured pier bite probability or mode-specific response.,,docs/PierCast_Core_Temperature_and_Source_Calibration.md
grand_haven_mi,brown_trout,spring_nearshore,admit,A,T014,Primary source named in registry,"Haynes et al., Great Lakes brown trout movement and temperatures",,https://www.sciencedirect.com/science/article/pii/S0380133087716402,,,,thermal_compatibility,Constrain the direction and breadth of shared species thermal compatibility.,Do not claim a measured pier bite probability or mode-specific response.,,docs/PierCast_Core_Temperature_and_Source_Calibration.md
grand_haven_mi,brown_trout,spring_nearshore,admit,A,T015,Michigan Department of Natural Resources,Michigan DNR brown trout profile,,https://www.michigan.gov/dnr/education/michigan-species/fish-species/brown-trout,,,,thermal_compatibility,Constrain the direction and breadth of shared species thermal compatibility.,Do not claim a measured pier bite probability or mode-specific response.,,docs/PierCast_Core_Temperature_and_Source_Calibration.md
grand_haven_mi,brown_trout,fall_harbor,admit,A,T004,Wisconsin Department of Natural Resources,Wisconsin DNR brown trout fact sheet,,https://dnr.wisconsin.gov/sites/default/files/topic/Fishing/Species_browntrout.pdf,,,,thermal_compatibility,Constrain the direction and breadth of shared species thermal compatibility.,Do not claim a measured pier bite probability or mode-specific response.,,docs/PierCast_Core_Temperature_and_Source_Calibration.md
grand_haven_mi,brown_trout,fall_harbor,admit,A,T014,Primary source named in registry,"Haynes et al., Great Lakes brown trout movement and temperatures",,https://www.sciencedirect.com/science/article/pii/S0380133087716402,,,,thermal_compatibility,Constrain the direction and breadth of shared species thermal compatibility.,Do not claim a measured pier bite probability or mode-specific response.,,docs/PierCast_Core_Temperature_and_Source_Calibration.md
grand_haven_mi,brown_trout,fall_harbor,admit,A,T015,Michigan Department of Natural Resources,Michigan DNR brown trout profile,,https://www.michigan.gov/dnr/education/michigan-species/fish-species/brown-trout,,,,thermal_compatibility,Constrain the direction and breadth of shared species thermal compatibility.,Do not claim a measured pier bite probability or mode-specific response.,,docs/PierCast_Core_Temperature_and_Source_Calibration.md
grand_haven_mi,lake_trout,,exclude,D,MI_CREEL,Michigan DNR,Michigan DNR public creel dashboard; preserved query snapshot,,https://app.powerbigov.us/view?r=eyJrIjoiOWQ5NjQxMmItYjFkYi00YzI2LTkxMTAtMjMwNjEzOWE5YjM3IiwidCI6ImQ1ZmI3MDg3LTM3NzctNDJhZC05NjZhLTg5MmVmNDcyMjVkMSJ9,Four named Michigan ports; 1989–2022,Pier/Dock,,recurrence_and_relative_magnitude,Support recurrence and bounded relative magnitude where geography and mode match.,"Do not infer target-specific CPUE, exact structure, or unobserved-month absence.","No exact structure, target-specific effort, method, size composition or sampling uncertainty in this extract; omitted rows remain missing. See creel-snapshot.json.",docs/onboarding/piercast/remaining-species/sources.json
grand_haven_mi,lake_trout,,exclude,D,MI_STOCKING,Michigan DNR,Michigan DNR public fish stocking records; selected Lake Michigan sites,,https://midnr.maps.arcgis.com/apps/dashboards/77581b13c6984b919ab8ed927496a31f,"Lake Michigan named waterbodies in Mason, Ottawa, Manistee and Benzie counties, 2023 onward","Stocking, not angling",,local_identity_timing_and_targetability,"Support species identity, local pier relevance, timing, method, or qualitative event strength as explicitly reported.",Do not convert one event into annual frequency or city CPUE.,"Name/county filter is a bounded context query, not an exhaustive absence claim; federal/offshore records may be outside the service. Stocking neither proves nor is required for a fishery.",docs/onboarding/piercast/remaining-species/sources.json
grand_haven_mi,walleye,,exclude,D,MI_CREEL,Michigan DNR,Michigan DNR public creel dashboard; preserved query snapshot,,https://app.powerbigov.us/view?r=eyJrIjoiOWQ5NjQxMmItYjFkYi00YzI2LTkxMTAtMjMwNjEzOWE5YjM3IiwidCI6ImQ1ZmI3MDg3LTM3NzctNDJhZC05NjZhLTg5MmVmNDcyMjVkMSJ9,Four named Michigan ports; 1989–2022,Pier/Dock,,recurrence_and_relative_magnitude,Support recurrence and bounded relative magnitude where geography and mode match.,"Do not infer target-specific CPUE, exact structure, or unobserved-month absence.","No exact structure, target-specific effort, method, size composition or sampling uncertainty in this extract; omitted rows remain missing. See creel-snapshot.json.",docs/onboarding/piercast/remaining-species/sources.json
grand_haven_mi,walleye,,exclude,D,B_14ccdb0,Michigan DNR,Michigan DNR Weekly Fishing Report 2016-06-02,2016-06-02,https://content.govdelivery.com/accounts/MIDNR/bulletins/14ccdb0,"Manistee port, Ludington basin, upstream Grand River","Mixed modes, separated in interpretation",,local_identity_timing_and_targetability,"Support species identity, local pier relevance, timing, method, or qualitative event strength as explicitly reported.",Do not convert one event into annual frequency or city CPUE.,Does not establish present-day exact-covered-pier opportunity.,docs/onboarding/piercast/remaining-species/sources.json
grand_haven_mi,smallmouth_bass,,defer,C,MI_CREEL,Michigan DNR,Michigan DNR public creel dashboard; preserved query snapshot,,https://app.powerbigov.us/view?r=eyJrIjoiOWQ5NjQxMmItYjFkYi00YzI2LTkxMTAtMjMwNjEzOWE5YjM3IiwidCI6ImQ1ZmI3MDg3LTM3NzctNDJhZC05NjZhLTg5MmVmNDcyMjVkMSJ9,Four named Michigan ports; 1989–2022,Pier/Dock,,recurrence_and_relative_magnitude,Support recurrence and bounded relative magnitude where geography and mode match.,"Do not infer target-specific CPUE, exact structure, or unobserved-month absence.","No exact structure, target-specific effort, method, size composition or sampling uncertainty in this extract; omitted rows remain missing. See creel-snapshot.json.",docs/onboarding/piercast/remaining-species/sources.json
grand_haven_mi,smallmouth_bass,,defer,C,B_207cdc1,Michigan DNR,Michigan DNR Weekly Fishing Report 2018-08-23,2018-08-23,https://content.govdelivery.com/accounts/MIDNR/bulletins/207cdc1,Grand Haven piers,"Mixed modes, separated in interpretation",,local_identity_timing_and_targetability,"Support species identity, local pier relevance, timing, method, or qualitative event strength as explicitly reported.",Do not convert one event into annual frequency or city CPUE.,Does not establish present-day exact-covered-pier opportunity.,docs/onboarding/piercast/remaining-species/sources.json
grand_haven_mi,smallmouth_bass,,defer,C,B_3ebb776,Michigan DNR,Michigan DNR Weekly Fishing Report 2025-07-30,2025-07-30,https://content.govdelivery.com/accounts/MIDNR/bulletins/3ebb776,"Grand Haven, Ludington, Manistee piers",Pier,,local_identity_timing_and_targetability,"Support species identity, local pier relevance, timing, method, or qualitative event strength as explicitly reported.",Do not convert one event into annual frequency or city CPUE.,Species and sides not fully identified.,docs/onboarding/piercast/remaining-species/sources.json
grand_haven_mi,smallmouth_bass,,defer,C,B_425abbc,Michigan DNR,Michigan DNR Weekly Fishing Report 2026-08-19,2026-08-19,https://content.govdelivery.com/accounts/MIDNR/bulletins/425abbc,Grand Haven and Ludington piers,Pier,,local_identity_timing_and_targetability,"Support species identity, local pier relevance, timing, method, or qualitative event strength as explicitly reported.",Do not convert one event into annual frequency or city CPUE.,Grand Haven bass not identified to species; Ludington side unspecified.,docs/onboarding/piercast/remaining-species/sources.json
grand_haven_mi,smallmouth_bass,,defer,C,B_3e9b7f3,Michigan DNR,Michigan DNR Weekly Fishing Report 2025-07-16,2025-07-16,https://content.govdelivery.com/accounts/MIDNR/bulletins/3e9b7f3,Grand Haven piers,Pier,,local_identity_timing_and_targetability,"Support species identity, local pier relevance, timing, method, or qualitative event strength as explicitly reported.",Do not convert one event into annual frequency or city CPUE.,Not smallmouth; few catches and unspecified side.,docs/onboarding/piercast/remaining-species/sources.json
grand_haven_mi,freshwater_drum,,defer,C,MI_CREEL,Michigan DNR,Michigan DNR public creel dashboard; preserved query snapshot,,https://app.powerbigov.us/view?r=eyJrIjoiOWQ5NjQxMmItYjFkYi00YzI2LTkxMTAtMjMwNjEzOWE5YjM3IiwidCI6ImQ1ZmI3MDg3LTM3NzctNDJhZC05NjZhLTg5MmVmNDcyMjVkMSJ9,Four named Michigan ports; 1989–2022,Pier/Dock,,recurrence_and_relative_magnitude,Support recurrence and bounded relative magnitude where geography and mode match.,"Do not infer target-specific CPUE, exact structure, or unobserved-month absence.","No exact structure, target-specific effort, method, size composition or sampling uncertainty in this extract; omitted rows remain missing. See creel-snapshot.json.",docs/onboarding/piercast/remaining-species/sources.json
grand_haven_mi,freshwater_drum,,defer,C,B_3588f66,Michigan DNR,Michigan DNR Weekly Fishing Report 2023-05-03,2023-05-03,https://content.govdelivery.com/accounts/MIDNR/bulletins/3588f66,Manistee piers; Grand Haven channel from piers,"Pier, with separate boat context",,local_identity_timing_and_targetability,"Support species identity, local pier relevance, timing, method, or qualitative event strength as explicitly reported.",Do not convert one event into annual frequency or city CPUE.,Pier side unspecified; a few catches do not define magnitude.,docs/onboarding/piercast/remaining-species/sources.json
grand_haven_mi,freshwater_drum,,defer,C,B_3614332,Michigan DNR,Michigan DNR Weekly Fishing Report 2023-06-21,2023-06-21,https://content.govdelivery.com/accounts/MIDNR/bulletins/3614332,Manistee North Pier; Ludington unspecified pier; Grand Haven pier,Pier,,local_identity_timing_and_targetability,"Support species identity, local pier relevance, timing, method, or qualitative event strength as explicitly reported.",Do not convert one event into annual frequency or city CPUE.,Mixed species and boat paragraphs excluded from pier inference.,docs/onboarding/piercast/remaining-species/sources.json
grand_haven_mi,freshwater_drum,,defer,C,B_36281c5,Michigan DNR,Michigan DNR Weekly Fishing Report 2023-06-28,2023-06-28,https://content.govdelivery.com/accounts/MIDNR/bulletins/36281c5,Manistee North Pier and Grand Haven piers,Pier,,local_identity_timing_and_targetability,"Support species identity, local pier relevance, timing, method, or qualitative event strength as explicitly reported.",Do not convert one event into annual frequency or city CPUE.,No directed angler-hours; Grand Haven side unspecified.,docs/onboarding/piercast/remaining-species/sources.json
grand_haven_mi,freshwater_drum,,defer,C,B_3a65224,Michigan DNR,Michigan DNR Weekly Fishing Report 2024-07-03,2024-07-03,https://content.govdelivery.com/accounts/MIDNR/bulletins/3a65224,Manistee piers; Grand Haven channel side,Pier,,local_identity_timing_and_targetability,"Support species identity, local pier relevance, timing, method, or qualitative event strength as explicitly reported.",Do not convert one event into annual frequency or city CPUE.,Manistee side unspecified; distinct water faces must not be conflated.,docs/onboarding/piercast/remaining-species/sources.json
grand_haven_mi,freshwater_drum,,defer,C,B_41a3a94,Michigan DNR,Michigan DNR Weekly Fishing Report 2026-06-03,2026-06-03,https://content.govdelivery.com/accounts/MIDNR/bulletins/41a3a94,Grand Haven channel; Manistee piers,Pier context,,local_identity_timing_and_targetability,"Support species identity, local pier relevance, timing, method, or qualitative event strength as explicitly reported.",Do not convert one event into annual frequency or city CPUE.,Grand Haven channel casting not individually structure-located.,docs/onboarding/piercast/remaining-species/sources.json
grand_haven_mi,freshwater_drum,,defer,C,B_41b62ae,Michigan DNR,Michigan DNR Weekly Fishing Report 2026-06-10,2026-06-10,https://content.govdelivery.com/accounts/MIDNR/bulletins/41b62ae,Grand Haven channel from pier context,Pier context,,local_identity_timing_and_targetability,"Support species identity, local pier relevance, timing, method, or qualitative event strength as explicitly reported.",Do not convert one event into annual frequency or city CPUE.,No target-specific hours or per-side catches.,docs/onboarding/piercast/remaining-species/sources.json
grand_haven_mi,freshwater_drum,,defer,C,B_41c718b,Michigan DNR,Michigan DNR Weekly Fishing Report 2026-06-17,2026-06-17,https://content.govdelivery.com/accounts/MIDNR/bulletins/41c718b,Grand Haven piers/channel,Pier context,,local_identity_timing_and_targetability,"Support species identity, local pier relevance, timing, method, or qualitative event strength as explicitly reported.",Do not convert one event into annual frequency or city CPUE.,"Current recurrence, not a measured daily rate.",docs/onboarding/piercast/remaining-species/sources.json
grand_haven_mi,freshwater_drum,,defer,C,B_41e9e6e,Michigan DNR,Michigan DNR Weekly Fishing Report 2026-07-01,2026-07-01,https://content.govdelivery.com/accounts/MIDNR/bulletins/41e9e6e,"Grand Haven channel, North Pier closed",Pier context,,local_identity_timing_and_targetability,"Support species identity, local pier relevance, timing, method, or qualitative event strength as explicitly reported.",Do not convert one event into annual frequency or city CPUE.,South-side inference is reasonable but no station ID or catch count.,docs/onboarding/piercast/remaining-species/sources.json
grand_haven_mi,freshwater_drum,,defer,C,B_4280cb4,Michigan DNR,Michigan DNR Weekly Fishing Report 2026-09-02,2026-09-02,https://content.govdelivery.com/accounts/MIDNR/bulletins/4280cb4,Grand Haven piers,Pier,,local_identity_timing_and_targetability,"Support species identity, local pier relevance, timing, method, or qualitative event strength as explicitly reported.",Do not convert one event into annual frequency or city CPUE.,Retain incidental context and weak September magnitude.,docs/onboarding/piercast/remaining-species/sources.json
grand_haven_mi,yellow_perch,,defer,C,MI_CREEL,Michigan DNR,Michigan DNR public creel dashboard; preserved query snapshot,,https://app.powerbigov.us/view?r=eyJrIjoiOWQ5NjQxMmItYjFkYi00YzI2LTkxMTAtMjMwNjEzOWE5YjM3IiwidCI6ImQ1ZmI3MDg3LTM3NzctNDJhZC05NjZhLTg5MmVmNDcyMjVkMSJ9,Four named Michigan ports; 1989–2022,Pier/Dock,,recurrence_and_relative_magnitude,Support recurrence and bounded relative magnitude where geography and mode match.,"Do not infer target-specific CPUE, exact structure, or unobserved-month absence.","No exact structure, target-specific effort, method, size composition or sampling uncertainty in this extract; omitted rows remain missing. See creel-snapshot.json.",docs/onboarding/piercast/remaining-species/sources.json
grand_haven_mi,yellow_perch,,defer,C,MI_2025,Michigan DNR,Michigan DNR Fisheries Report 49 and 2025 creel supplement,2026-04,https://www.michigandnr.com/publications/pdfs/DNRFishLibrary/FisheriesReports/FR049.pdf,"Michigan Great Lakes, including lake-wide Lake Michigan tables",Modes separated in supplement,,local_identity_timing_and_targetability,"Support species identity, local pier relevance, timing, method, or qualitative event strength as explicitly reported.",Do not convert one event into annual frequency or city CPUE.,Agency collection of trip-level fields does not mean those fields are available in the published aggregate. Cannot update a particular covered pier magnitude.,docs/onboarding/piercast/remaining-species/sources.json
grand_haven_mi,lake_whitefish,,defer,C,MI_CREEL,Michigan DNR,Michigan DNR public creel dashboard; preserved query snapshot,,https://app.powerbigov.us/view?r=eyJrIjoiOWQ5NjQxMmItYjFkYi00YzI2LTkxMTAtMjMwNjEzOWE5YjM3IiwidCI6ImQ1ZmI3MDg3LTM3NzctNDJhZC05NjZhLTg5MmVmNDcyMjVkMSJ9,Four named Michigan ports; 1989–2022,Pier/Dock,,recurrence_and_relative_magnitude,Support recurrence and bounded relative magnitude where geography and mode match.,"Do not infer target-specific CPUE, exact structure, or unobserved-month absence.","No exact structure, target-specific effort, method, size composition or sampling uncertainty in this extract; omitted rows remain missing. See creel-snapshot.json.",docs/onboarding/piercast/remaining-species/sources.json
grand_haven_mi,lake_whitefish,,defer,C,WHITEFISH_GEAR,Michigan DNR,Michigan DNR November hook restrictions notice,2025-11-12,https://www.michigan.gov/dnr/about/newsroom/releases/2025/11/12/single-pointed-hook-regulations-nov-1-30,Grand Haven port and two other ports; not South Pier alone,Mixed port angling,,local_identity_timing_and_targetability,"Support species identity, local pier relevance, timing, method, or qualitative event strength as explicitly reported.",Do not convert one event into annual frequency or city CPUE.,Historical harvest is unsuitable as a direct magnitude proxy for lawful current fishing. No lawful-method South-Pier effort/catch breakdown.,docs/onboarding/piercast/remaining-species/sources.json
grand_haven_mi,lake_whitefish,,defer,C,MI_REGS_2026,Michigan DNR,2026 Michigan Fishing Regulations,2026,https://www.michigan.gov/dnr/-/media/Project/Websites/dnr/Documents/LED/digests/2026-Michigan-Fishing-Regulations_web_accessible.pdf,Michigan; Ottawa County port exception,Legal context,,local_identity_timing_and_targetability,"Support species identity, local pier relevance, timing, method, or qualitative event strength as explicitly reported.",Do not convert one event into annual frequency or city CPUE.,A regulation is not proof of an abundant targeted fishery; no numeric seasonal values are derived from legal seasons.,docs/onboarding/piercast/remaining-species/sources.json
grand_haven_mi,lake_whitefish,,defer,C,B_3c05a1b,Michigan DNR,Michigan DNR Weekly Fishing Report 2024-11-06,2024-11-06,https://content.govdelivery.com/accounts/MIDNR/bulletins/3c05a1b,Grand Haven channel,"Jigging, mode/side not resolved",,local_identity_timing_and_targetability,"Support species identity, local pier relevance, timing, method, or qualitative event strength as explicitly reported.",Do not convert one event into annual frequency or city CPUE.,Historical gear predates current November restrictions; unspecified whitefish species.,docs/onboarding/piercast/remaining-species/sources.json
grand_haven_mi,round_whitefish,,defer,C,MI_CREEL,Michigan DNR,Michigan DNR public creel dashboard; preserved query snapshot,,https://app.powerbigov.us/view?r=eyJrIjoiOWQ5NjQxMmItYjFkYi00YzI2LTkxMTAtMjMwNjEzOWE5YjM3IiwidCI6ImQ1ZmI3MDg3LTM3NzctNDJhZC05NjZhLTg5MmVmNDcyMjVkMSJ9,Four named Michigan ports; 1989–2022,Pier/Dock,,recurrence_and_relative_magnitude,Support recurrence and bounded relative magnitude where geography and mode match.,"Do not infer target-specific CPUE, exact structure, or unobserved-month absence.","No exact structure, target-specific effort, method, size composition or sampling uncertainty in this extract; omitted rows remain missing. See creel-snapshot.json.",docs/onboarding/piercast/remaining-species/sources.json
grand_haven_mi,round_whitefish,,defer,C,B_2cce8db,Michigan DNR,Michigan DNR Weekly Fishing Report 2021-04-14,2021-04-14,https://content.govdelivery.com/accounts/MIDNR/bulletins/2cce8db,Grand Haven pier,Pier,,local_identity_timing_and_targetability,"Support species identity, local pier relevance, timing, method, or qualitative event strength as explicitly reported.",Do not convert one event into annual frequency or city CPUE.,Side and targeted effort absent.,docs/onboarding/piercast/remaining-species/sources.json
grand_haven_mi,round_whitefish,,defer,C,B_2cea412,Michigan DNR,Michigan DNR Weekly Fishing Report 2021-04-21,2021-04-21,https://content.govdelivery.com/accounts/MIDNR/bulletins/2cea412,Grand Haven pier,Pier,,local_identity_timing_and_targetability,"Support species identity, local pier relevance, timing, method, or qualitative event strength as explicitly reported.",Do not convert one event into annual frequency or city CPUE.,Same year and adjacent week are not independent annual recurrence; creel supplies additional year context.,docs/onboarding/piercast/remaining-species/sources.json
grand_haven_mi,round_whitefish,,defer,C,ROUND_DECLINE,See named source publisher/author,"Alan Campbell, Grayling and Menominee, Leelanau Enterprise",2026-02-25,"https://www.leelanaunews.com/article/7195,grayling-and-menominee",Northwest Michigan; biologist recalls Frankfort pier trip,Historical pier angling; attributed interview,,local_identity_timing_and_targetability,"Support species identity, local pier relevance, timing, method, or qualitative event strength as explicitly reported.",Do not convert one event into annual frequency or city CPUE.,2026 publication is not a 2026 catch observation. Journalist species/season generalizations do not override species-specific DNR biology.,docs/onboarding/piercast/remaining-species/sources.json
grand_haven_mi,channel_catfish,,defer,C,MI_CREEL,Michigan DNR,Michigan DNR public creel dashboard; preserved query snapshot,,https://app.powerbigov.us/view?r=eyJrIjoiOWQ5NjQxMmItYjFkYi00YzI2LTkxMTAtMjMwNjEzOWE5YjM3IiwidCI6ImQ1ZmI3MDg3LTM3NzctNDJhZC05NjZhLTg5MmVmNDcyMjVkMSJ9,Four named Michigan ports; 1989–2022,Pier/Dock,,recurrence_and_relative_magnitude,Support recurrence and bounded relative magnitude where geography and mode match.,"Do not infer target-specific CPUE, exact structure, or unobserved-month absence.","No exact structure, target-specific effort, method, size composition or sampling uncertainty in this extract; omitted rows remain missing. See creel-snapshot.json.",docs/onboarding/piercast/remaining-species/sources.json
grand_haven_mi,channel_catfish,,defer,C,B_3588f66,Michigan DNR,Michigan DNR Weekly Fishing Report 2023-05-03,2023-05-03,https://content.govdelivery.com/accounts/MIDNR/bulletins/3588f66,Manistee piers; Grand Haven channel from piers,"Pier, with separate boat context",,local_identity_timing_and_targetability,"Support species identity, local pier relevance, timing, method, or qualitative event strength as explicitly reported.",Do not convert one event into annual frequency or city CPUE.,Pier side unspecified; a few catches do not define magnitude.,docs/onboarding/piercast/remaining-species/sources.json
grand_haven_mi,channel_catfish,,defer,C,B_14ccdb0,Michigan DNR,Michigan DNR Weekly Fishing Report 2016-06-02,2016-06-02,https://content.govdelivery.com/accounts/MIDNR/bulletins/14ccdb0,"Manistee port, Ludington basin, upstream Grand River","Mixed modes, separated in interpretation",,local_identity_timing_and_targetability,"Support species identity, local pier relevance, timing, method, or qualitative event strength as explicitly reported.",Do not convert one event into annual frequency or city CPUE.,Does not establish present-day exact-covered-pier opportunity.,docs/onboarding/piercast/remaining-species/sources.json
grand_haven_mi,largemouth_bass,,defer,C,MI_CREEL,Michigan DNR,Michigan DNR public creel dashboard; preserved query snapshot,,https://app.powerbigov.us/view?r=eyJrIjoiOWQ5NjQxMmItYjFkYi00YzI2LTkxMTAtMjMwNjEzOWE5YjM3IiwidCI6ImQ1ZmI3MDg3LTM3NzctNDJhZC05NjZhLTg5MmVmNDcyMjVkMSJ9,Four named Michigan ports; 1989–2022,Pier/Dock,,recurrence_and_relative_magnitude,Support recurrence and bounded relative magnitude where geography and mode match.,"Do not infer target-specific CPUE, exact structure, or unobserved-month absence.","No exact structure, target-specific effort, method, size composition or sampling uncertainty in this extract; omitted rows remain missing. See creel-snapshot.json.",docs/onboarding/piercast/remaining-species/sources.json
grand_haven_mi,largemouth_bass,,defer,C,B_207cdc1,Michigan DNR,Michigan DNR Weekly Fishing Report 2018-08-23,2018-08-23,https://content.govdelivery.com/accounts/MIDNR/bulletins/207cdc1,Grand Haven piers,"Mixed modes, separated in interpretation",,local_identity_timing_and_targetability,"Support species identity, local pier relevance, timing, method, or qualitative event strength as explicitly reported.",Do not convert one event into annual frequency or city CPUE.,Does not establish present-day exact-covered-pier opportunity.,docs/onboarding/piercast/remaining-species/sources.json
grand_haven_mi,largemouth_bass,,defer,C,B_3e9b7f3,Michigan DNR,Michigan DNR Weekly Fishing Report 2025-07-16,2025-07-16,https://content.govdelivery.com/accounts/MIDNR/bulletins/3e9b7f3,Grand Haven piers,Pier,,local_identity_timing_and_targetability,"Support species identity, local pier relevance, timing, method, or qualitative event strength as explicitly reported.",Do not convert one event into annual frequency or city CPUE.,Not smallmouth; few catches and unspecified side.,docs/onboarding/piercast/remaining-species/sources.json
grand_haven_mi,largemouth_bass,,defer,C,B_3eeac7b,Michigan DNR,Michigan DNR Weekly Fishing Report 2025-08-20,2025-08-20,https://content.govdelivery.com/accounts/MIDNR/bulletins/3eeac7b,Grand Haven and Ludington piers,Pier context,,local_identity_timing_and_targetability,"Support species identity, local pier relevance, timing, method, or qualitative event strength as explicitly reported.",Do not convert one event into annual frequency or city CPUE.,No target-effort or side breakdown.,docs/onboarding/piercast/remaining-species/sources.json
grand_haven_mi,largemouth_bass,,defer,C,B_426de2b,Michigan DNR,Michigan DNR Weekly Fishing Report 2026-08-26,2026-08-26,https://content.govdelivery.com/accounts/MIDNR/bulletins/426de2b,Grand Haven pier,Pier context,,local_identity_timing_and_targetability,"Support species identity, local pier relevance, timing, method, or qualitative event strength as explicitly reported.",Do not convert one event into annual frequency or city CPUE.,"South-side inference depends on North-Pier closure, not an explicitly named catch structure.",docs/onboarding/piercast/remaining-species/sources.json
manistee_mi,chinook_salmon,,admit,A,F5,Michigan Department of Natural Resources,"June 3, 2026",2026-06-03,https://content.govdelivery.com/accounts/MIDNR/bulletins/41a3a94,,,,local_identity_timing_and_targetability,"Support species identity, local pier relevance, timing, method, or qualitative event strength as explicitly reported.",Do not convert one event into annual frequency or city CPUE.,Chinook from Manistee and Ludington piers.,docs/PierCast_Pilot_Cities_Research.md
manistee_mi,chinook_salmon,,admit,A,F6,Michigan Department of Natural Resources,"September 3, 2025",2025-09-03,https://content.govdelivery.com/accounts/MIDNR/bulletins/3f0b284,,,,local_identity_timing_and_targetability,"Support species identity, local pier relevance, timing, method, or qualitative event strength as explicitly reported.",Do not convert one event into annual frequency or city CPUE.,"Chinook pier catches at Manistee and Ludington, separately from trolling.",docs/PierCast_Pilot_Cities_Research.md
manistee_mi,chinook_salmon,,admit,A,F10,Michigan Department of Natural Resources,"September 25, 2024",2024-09-25,https://content.govdelivery.com/accounts/MIDNR/bulletins/3b7fd3a,,,,local_identity_timing_and_targetability,"Support species identity, local pier relevance, timing, method, or qualitative event strength as explicitly reported.",Do not convert one event into annual frequency or city CPUE.,Ludington stub-pier Chinook; Manistee pier Chinook; warm conditions/slow fishing retained as context.,docs/PierCast_Pilot_Cities_Research.md
manistee_mi,chinook_salmon,,admit,A,F41,Michigan Department of Natural Resources,"Michigan DNR, Aug. 21, 2024",2024-08-21,https://content.govdelivery.com/accounts/MIDNR/bulletins/3b02c05,,,,local_identity_timing_and_targetability,"Support species identity, local pier relevance, timing, method, or qualitative event strength as explicitly reported.",Do not convert one event into annual frequency or city CPUE.,Manistee and Ludington pier salmon timing,docs/PierCast_Core_Species_Seasonal_Calibration.md
manistee_mi,chinook_salmon,,admit,A,F43,Michigan Department of Natural Resources,"Michigan DNR, Aug. 5, 2026",2026-08-05,https://content.govdelivery.com/accounts/MIDNR/bulletins/423b34d,,,,local_identity_timing_and_targetability,"Support species identity, local pier relevance, timing, method, or qualitative event strength as explicitly reported.",Do not convert one event into annual frequency or city CPUE.,"Grand Haven, Manistee, and Ludington limited pier salmon/steelhead",docs/PierCast_Core_Species_Seasonal_Calibration.md
manistee_mi,chinook_salmon,,admit,A,F44,Michigan Department of Natural Resources,"Michigan DNR, Aug. 26, 2026",2026-08-26,https://content.govdelivery.com/accounts/MIDNR/bulletins/426de2b,,,,local_identity_timing_and_targetability,"Support species identity, local pier relevance, timing, method, or qualitative event strength as explicitly reported.",Do not convert one event into annual frequency or city CPUE.,"Harbor/pierhead salmon transition at Grand Haven, Manistee, and Ludington",docs/PierCast_Core_Species_Seasonal_Calibration.md
manistee_mi,chinook_salmon,,admit,A,F45,Michigan Department of Natural Resources,"Michigan DNR, Sept. 2, 2026",2026-09-02,https://content.govdelivery.com/accounts/MIDNR/bulletins/4280cb4,,,,local_identity_timing_and_targetability,"Support species identity, local pier relevance, timing, method, or qualitative event strength as explicitly reported.",Do not convert one event into annual frequency or city CPUE.,Warm-water suppression and staging-window location,docs/PierCast_Core_Species_Seasonal_Calibration.md
manistee_mi,chinook_salmon,,admit,A,F51,Michigan Department of Natural Resources,"Michigan DNR, Aug. 20, 2025",2025-08-20,https://content.govdelivery.com/accounts/MIDNR/bulletins/3eeac7b,,,,local_identity_timing_and_targetability,"Support species identity, local pier relevance, timing, method, or qualitative event strength as explicitly reported.",Do not convert one event into annual frequency or city CPUE.,Manistee pier Chinook/coho and Ludington comparison,docs/PierCast_Core_Species_Seasonal_Calibration.md
manistee_mi,chinook_salmon,spring_nearshore_transient,admit,A,T001,Wisconsin Department of Natural Resources,Wisconsin DNR Chinook salmon fact sheet,,https://dnr.wisconsin.gov/sites/default/files/topic/Fishing/Species_chinooksalmon.pdf,,,,thermal_compatibility,Constrain the direction and breadth of shared species thermal compatibility.,Do not claim a measured pier bite probability or mode-specific response.,,docs/PierCast_Core_Temperature_and_Source_Calibration.md
manistee_mi,chinook_salmon,spring_nearshore_transient,admit,A,T006,Primary source named in registry,"Adlerstein et al., Lake Michigan Chinook movement and assessment catch",,https://academic.oup.com/tafs/article/137/3/736/7888693,,,,thermal_compatibility,Constrain the direction and breadth of shared species thermal compatibility.,Do not claim a measured pier bite probability or mode-specific response.,,docs/PierCast_Core_Temperature_and_Source_Calibration.md
manistee_mi,chinook_salmon,summer_coldwater_access,admit,A,T001,Wisconsin Department of Natural Resources,Wisconsin DNR Chinook salmon fact sheet,,https://dnr.wisconsin.gov/sites/default/files/topic/Fishing/Species_chinooksalmon.pdf,,,,thermal_compatibility,Constrain the direction and breadth of shared species thermal compatibility.,Do not claim a measured pier bite probability or mode-specific response.,,docs/PierCast_Core_Temperature_and_Source_Calibration.md
manistee_mi,chinook_salmon,summer_coldwater_access,admit,A,T006,Primary source named in registry,"Adlerstein et al., Lake Michigan Chinook movement and assessment catch",,https://academic.oup.com/tafs/article/137/3/736/7888693,,,,thermal_compatibility,Constrain the direction and breadth of shared species thermal compatibility.,Do not claim a measured pier bite probability or mode-specific response.,,docs/PierCast_Core_Temperature_and_Source_Calibration.md
manistee_mi,chinook_salmon,fall_harbor_staging,admit,A,T001,Wisconsin Department of Natural Resources,Wisconsin DNR Chinook salmon fact sheet,,https://dnr.wisconsin.gov/sites/default/files/topic/Fishing/Species_chinooksalmon.pdf,,,,thermal_compatibility,Constrain the direction and breadth of shared species thermal compatibility.,Do not claim a measured pier bite probability or mode-specific response.,,docs/PierCast_Core_Temperature_and_Source_Calibration.md
manistee_mi,chinook_salmon,fall_harbor_staging,admit,A,T006,Primary source named in registry,"Adlerstein et al., Lake Michigan Chinook movement and assessment catch",,https://academic.oup.com/tafs/article/137/3/736/7888693,,,,thermal_compatibility,Constrain the direction and breadth of shared species thermal compatibility.,Do not claim a measured pier bite probability or mode-specific response.,,docs/PierCast_Core_Temperature_and_Source_Calibration.md
manistee_mi,coho_salmon,,admit,A,A12,Michigan Department of Natural Resources,"Michigan DNR March 12, 2025",2025-03-12,https://content.govdelivery.com/accounts/MIDNR/bulletins/3d67f34,,,,geography_and_access_context,Define the general city harbor and main public-pier context.,"Does not establish catch magnitude, live access, or safety.",Northwest paragraphs document ice/snow access problems and Manistee steelhead/coho catches. Historical conditions example.,docs/PierCast_Pilot_Cities_Research.md
manistee_mi,coho_salmon,,admit,A,F2,Michigan Department of Natural Resources,"April 12, 2023",2023-04-12,https://content.govdelivery.com/accounts/MIDNR/bulletins/3548e2b,,,,local_identity_timing_and_targetability,"Support species identity, local pier relevance, timing, method, or qualitative event strength as explicitly reported.",Do not convert one event into annual frequency or city CPUE.,Ludington brown/steelhead/coho; Manistee brown/coho/lake trout and Menominee; south-pier closure also noted historically.,docs/PierCast_Pilot_Cities_Research.md
manistee_mi,coho_salmon,,admit,A,F25,Michigan Department of Natural Resources,"October 22, 2015",2015-10-22,https://content.govdelivery.com/accounts/MIDNR/bulletins/120bd0c,,,,local_identity_timing_and_targetability,"Support species identity, local pier relevance, timing, method, or qualitative event strength as explicitly reported.",Do not convert one event into annual frequency or city CPUE.,Frankfort both-pier steelhead/young coho; Manistee coho/steelhead. Historical.,docs/PierCast_Pilot_Cities_Research.md
manistee_mi,coho_salmon,,admit,A,F26,Michigan Department of Natural Resources,"September 10, 2025",2025-09-10,https://content.govdelivery.com/accounts/MIDNR/bulletins/3f1ef58,,,,local_identity_timing_and_targetability,"Support species identity, local pier relevance, timing, method, or qualitative event strength as explicitly reported.",Do not convert one event into annual frequency or city CPUE.,"Manistee pier Chinook/coho, low catches.",docs/PierCast_Pilot_Cities_Research.md
manistee_mi,coho_salmon,,admit,A,F35,Michigan Department of Natural Resources,"Michigan DNR November 5, 2025",2025-11-05,https://content.govdelivery.com/accounts/MIDNR/bulletins/3fa205d,,,,local_identity_timing_and_targetability,"Support species identity, local pier relevance, timing, method, or qualitative event strength as explicitly reported.",Do not convert one event into annual frequency or city CPUE.,"Ludington/Manistee pier steelhead, Manistee pier coho; reporting suspension due to seasonal staff.",docs/PierCast_Pilot_Cities_Research.md
manistee_mi,coho_salmon,,admit,A,F36,Michigan Department of Natural Resources,"Michigan DNR April 14, 2021",2021-04-14,https://content.govdelivery.com/accounts/MIDNR/bulletins/2cce8db,,,,local_identity_timing_and_targetability,"Support species identity, local pier relevance, timing, method, or qualitative event strength as explicitly reported.",Do not convert one event into annual frequency or city CPUE.,Grand Haven pier round whitefish/brown trout; Manistee pier coho/brown trout; Ludington low pier success.,docs/PierCast_Pilot_Cities_Research.md
manistee_mi,coho_salmon,,admit,A,F41,Michigan Department of Natural Resources,"Michigan DNR, Aug. 21, 2024",2024-08-21,https://content.govdelivery.com/accounts/MIDNR/bulletins/3b02c05,,,,local_identity_timing_and_targetability,"Support species identity, local pier relevance, timing, method, or qualitative event strength as explicitly reported.",Do not convert one event into annual frequency or city CPUE.,Manistee and Ludington pier salmon timing,docs/PierCast_Core_Species_Seasonal_Calibration.md
manistee_mi,coho_salmon,,admit,A,F51,Michigan Department of Natural Resources,"Michigan DNR, Aug. 20, 2025",2025-08-20,https://content.govdelivery.com/accounts/MIDNR/bulletins/3eeac7b,,,,local_identity_timing_and_targetability,"Support species identity, local pier relevance, timing, method, or qualitative event strength as explicitly reported.",Do not convert one event into annual frequency or city CPUE.,Manistee pier Chinook/coho and Ludington comparison,docs/PierCast_Core_Species_Seasonal_Calibration.md
manistee_mi,coho_salmon,spring_nearshore,admit,A,T002,Wisconsin Department of Natural Resources,Wisconsin DNR coho salmon fact sheet,,https://dnr.wisconsin.gov/sites/default/files/topic/Fishing/Species_cohosalmon.pdf,,,,thermal_compatibility,Constrain the direction and breadth of shared species thermal compatibility.,Do not claim a measured pier bite probability or mode-specific response.,,docs/PierCast_Core_Temperature_and_Source_Calibration.md
manistee_mi,coho_salmon,spring_nearshore,admit,A,T008,Michigan Department of Natural Resources,Michigan DNR coho salmon profile,,https://www.michigan.gov/dnr/education/michigan-species/fish-species/coho-salmon,,,,thermal_compatibility,Constrain the direction and breadth of shared species thermal compatibility.,Do not claim a measured pier bite probability or mode-specific response.,,docs/PierCast_Core_Temperature_and_Source_Calibration.md
manistee_mi,coho_salmon,spring_nearshore,admit,A,T013,Great Lakes Fishery Commission,"Great Lakes Fishery Commission, Temperature Relationships of Great Lakes Fishes",,https://www.sealamprey.org/pubs/SpecialPubs/Sp87_3.pdf,,,,thermal_compatibility,Constrain the direction and breadth of shared species thermal compatibility.,Do not claim a measured pier bite probability or mode-specific response.,,docs/PierCast_Core_Temperature_and_Source_Calibration.md
manistee_mi,coho_salmon,summer_coldwater_access,admit,A,T002,Wisconsin Department of Natural Resources,Wisconsin DNR coho salmon fact sheet,,https://dnr.wisconsin.gov/sites/default/files/topic/Fishing/Species_cohosalmon.pdf,,,,thermal_compatibility,Constrain the direction and breadth of shared species thermal compatibility.,Do not claim a measured pier bite probability or mode-specific response.,,docs/PierCast_Core_Temperature_and_Source_Calibration.md
manistee_mi,coho_salmon,summer_coldwater_access,admit,A,T008,Michigan Department of Natural Resources,Michigan DNR coho salmon profile,,https://www.michigan.gov/dnr/education/michigan-species/fish-species/coho-salmon,,,,thermal_compatibility,Constrain the direction and breadth of shared species thermal compatibility.,Do not claim a measured pier bite probability or mode-specific response.,,docs/PierCast_Core_Temperature_and_Source_Calibration.md
manistee_mi,coho_salmon,summer_coldwater_access,admit,A,T013,Great Lakes Fishery Commission,"Great Lakes Fishery Commission, Temperature Relationships of Great Lakes Fishes",,https://www.sealamprey.org/pubs/SpecialPubs/Sp87_3.pdf,,,,thermal_compatibility,Constrain the direction and breadth of shared species thermal compatibility.,Do not claim a measured pier bite probability or mode-specific response.,,docs/PierCast_Core_Temperature_and_Source_Calibration.md
manistee_mi,coho_salmon,fall_harbor_staging,admit,A,T002,Wisconsin Department of Natural Resources,Wisconsin DNR coho salmon fact sheet,,https://dnr.wisconsin.gov/sites/default/files/topic/Fishing/Species_cohosalmon.pdf,,,,thermal_compatibility,Constrain the direction and breadth of shared species thermal compatibility.,Do not claim a measured pier bite probability or mode-specific response.,,docs/PierCast_Core_Temperature_and_Source_Calibration.md
manistee_mi,coho_salmon,fall_harbor_staging,admit,A,T008,Michigan Department of Natural Resources,Michigan DNR coho salmon profile,,https://www.michigan.gov/dnr/education/michigan-species/fish-species/coho-salmon,,,,thermal_compatibility,Constrain the direction and breadth of shared species thermal compatibility.,Do not claim a measured pier bite probability or mode-specific response.,,docs/PierCast_Core_Temperature_and_Source_Calibration.md
manistee_mi,coho_salmon,fall_harbor_staging,admit,A,T013,Great Lakes Fishery Commission,"Great Lakes Fishery Commission, Temperature Relationships of Great Lakes Fishes",,https://www.sealamprey.org/pubs/SpecialPubs/Sp87_3.pdf,,,,thermal_compatibility,Constrain the direction and breadth of shared species thermal compatibility.,Do not claim a measured pier bite probability or mode-specific response.,,docs/PierCast_Core_Temperature_and_Source_Calibration.md
manistee_mi,steelhead,,admit,A,A12,Michigan Department of Natural Resources,"Michigan DNR March 12, 2025",2025-03-12,https://content.govdelivery.com/accounts/MIDNR/bulletins/3d67f34,,,,geography_and_access_context,Define the general city harbor and main public-pier context.,"Does not establish catch magnitude, live access, or safety.",Northwest paragraphs document ice/snow access problems and Manistee steelhead/coho catches. Historical conditions example.,docs/PierCast_Pilot_Cities_Research.md
manistee_mi,steelhead,,admit,A,F1,Michigan Department of Natural Resources,"April 2, 2025",2025-04-02,https://content.govdelivery.com/accounts/MIDNR/bulletins/3d9f82a,,,,local_identity_timing_and_targetability,"Support species identity, local pier relevance, timing, method, or qualitative event strength as explicitly reported.",Do not convert one event into annual frequency or city CPUE.,"steelhead/browns at Ludington, Manistee, Frankfort piers; catches vary substantially between ports.",docs/PierCast_Pilot_Cities_Research.md
manistee_mi,steelhead,,admit,A,F3,Michigan Department of Natural Resources,"November 1, 2018",2018-11-01,https://content.govdelivery.com/accounts/MIDNR/bulletins/218605d,,,,local_identity_timing_and_targetability,"Support species identity, local pier relevance, timing, method, or qualitative event strength as explicitly reported.",Do not convert one event into annual frequency or city CPUE.,Frankfort steelhead/late coho; Manistee steelhead/unspecified whitefish; Ludington steelhead. Historical.,docs/PierCast_Pilot_Cities_Research.md
manistee_mi,steelhead,,admit,A,F4,Michigan Department of Natural Resources,"December 5, 2012",2012-12-05,https://content.govdelivery.com/accounts/MIDNR/bulletins/607527,,,,local_identity_timing_and_targetability,"Support species identity, local pier relevance, timing, method, or qualitative event strength as explicitly reported.",Do not convert one event into annual frequency or city CPUE.,"Ludington and Manistee pier/surf steelhead. Historical, mixed pier/shore context.",docs/PierCast_Pilot_Cities_Research.md
manistee_mi,steelhead,,admit,A,F23,Michigan Department of Natural Resources,"May 7, 2025",2025-05-07,https://content.govdelivery.com/accounts/MIDNR/bulletins/3df50cf,,,,local_identity_timing_and_targetability,"Support species identity, local pier relevance, timing, method, or qualitative event strength as explicitly reported.",Do not convert one event into annual frequency or city CPUE.,"Manistee brown/steelhead from piers, low catches.",docs/PierCast_Pilot_Cities_Research.md
manistee_mi,steelhead,,admit,A,F24,Michigan Department of Natural Resources,"June 26, 2024",2024-06-26,https://content.govdelivery.com/accounts/MIDNR/bulletins/3a521c4,,,,local_identity_timing_and_targetability,"Support species identity, local pier relevance, timing, method, or qualitative event strength as explicitly reported.",Do not convert one event into annual frequency or city CPUE.,Manistee harbor-side drum/bowfin; lake-side steelhead. Important area distinction.,docs/PierCast_Pilot_Cities_Research.md
manistee_mi,steelhead,,admit,A,F25,Michigan Department of Natural Resources,"October 22, 2015",2015-10-22,https://content.govdelivery.com/accounts/MIDNR/bulletins/120bd0c,,,,local_identity_timing_and_targetability,"Support species identity, local pier relevance, timing, method, or qualitative event strength as explicitly reported.",Do not convert one event into annual frequency or city CPUE.,Frankfort both-pier steelhead/young coho; Manistee coho/steelhead. Historical.,docs/PierCast_Pilot_Cities_Research.md
manistee_mi,steelhead,,admit,A,F27,Michigan Department of Natural Resources,"April 30, 2025",2025-04-30,https://content.govdelivery.com/accounts/MIDNR/bulletins/3de4822,,,,local_identity_timing_and_targetability,"Support species identity, local pier relevance, timing, method, or qualitative event strength as explicitly reported.",Do not convert one event into annual frequency or city CPUE.,"Manistee pier brown/steelhead, Menominee and lake whitefish; perch from pier and boats.",docs/PierCast_Pilot_Cities_Research.md
manistee_mi,steelhead,,admit,A,F35,Michigan Department of Natural Resources,"Michigan DNR November 5, 2025",2025-11-05,https://content.govdelivery.com/accounts/MIDNR/bulletins/3fa205d,,,,local_identity_timing_and_targetability,"Support species identity, local pier relevance, timing, method, or qualitative event strength as explicitly reported.",Do not convert one event into annual frequency or city CPUE.,"Ludington/Manistee pier steelhead, Manistee pier coho; reporting suspension due to seasonal staff.",docs/PierCast_Pilot_Cities_Research.md
manistee_mi,steelhead,,admit,A,F42,Michigan Department of Natural Resources,"Michigan DNR, July 1, 2026",2026-07-01,https://content.govdelivery.com/accounts/MIDNR/bulletins/41e9e6e,,,,local_identity_timing_and_targetability,"Support species identity, local pier relevance, timing, method, or qualitative event strength as explicitly reported.",Do not convert one event into annual frequency or city CPUE.,Grand Haven steelhead; Manistee/Ludington negative pier context,docs/PierCast_Core_Species_Seasonal_Calibration.md
manistee_mi,steelhead,,admit,A,F49,Michigan Department of Natural Resources,"Michigan DNR, Oct. 16, 2024",2024-10-16,https://content.govdelivery.com/accounts/MIDNR/bulletins/3bc5a97,,,,local_identity_timing_and_targetability,"Support species identity, local pier relevance, timing, method, or qualitative event strength as explicitly reported.",Do not convert one event into annual frequency or city CPUE.,Frankfort excellent steelhead; fall steelhead at other ports,docs/PierCast_Core_Species_Seasonal_Calibration.md
manistee_mi,steelhead,winter_spring_thermal_front,admit,A,T003,Wisconsin Department of Natural Resources,Wisconsin DNR rainbow trout fact sheet,,https://dnr.wisconsin.gov/sites/default/files/topic/Fishing/Species_rainbowtrout.pdf,,,,thermal_compatibility,Constrain the direction and breadth of shared species thermal compatibility.,Do not claim a measured pier bite probability or mode-specific response.,,docs/PierCast_Core_Temperature_and_Source_Calibration.md
manistee_mi,steelhead,winter_spring_thermal_front,admit,A,T007,U.S. Geological Survey,"USGS, steelhead growth-potential model and angler catch comparison",,https://www.usgs.gov/publications/landscape-scale-measures-steelhead-oncorhynchus-mykiss-bioenergetic-growth-rate,,,,thermal_compatibility,Constrain the direction and breadth of shared species thermal compatibility.,Do not claim a measured pier bite probability or mode-specific response.,,docs/PierCast_Core_Temperature_and_Source_Calibration.md
manistee_mi,steelhead,winter_spring_thermal_front,admit,A,T009,Wisconsin Department of Natural Resources,Wisconsin DNR Lake Michigan steelhead strains,,https://dnr.wisconsin.gov/sites/default/files/topic/Fishing/Species_steelhead.pdf,,,,thermal_compatibility,Constrain the direction and breadth of shared species thermal compatibility.,Do not claim a measured pier bite probability or mode-specific response.,,docs/PierCast_Core_Temperature_and_Source_Calibration.md
manistee_mi,steelhead,winter_spring_thermal_front,admit,A,T010,Wisconsin Department of Natural Resources,Wisconsin DNR Root River Steelhead Facility report,,https://dnr.wisconsin.gov/sites/default/files/topic/Fishing/LM_RootRiverSteelheadFacilityFall2024Spring2025.pdf,,,,thermal_compatibility,Constrain the direction and breadth of shared species thermal compatibility.,Do not claim a measured pier bite probability or mode-specific response.,,docs/PierCast_Core_Temperature_and_Source_Calibration.md
manistee_mi,steelhead,winter_spring_thermal_front,admit,A,T032,Michigan Department of Natural Resources,Michigan DNR steelhead profile,,https://www.michigan.gov/dnr/education/michigan-species/fish-species/steelhead,,,,thermal_compatibility,Constrain the direction and breadth of shared species thermal compatibility.,Do not claim a measured pier bite probability or mode-specific response.,,docs/PierCast_Core_Temperature_and_Source_Calibration.md
manistee_mi,steelhead,summer_thermal_break_or_upwelling,admit,A,T003,Wisconsin Department of Natural Resources,Wisconsin DNR rainbow trout fact sheet,,https://dnr.wisconsin.gov/sites/default/files/topic/Fishing/Species_rainbowtrout.pdf,,,,thermal_compatibility,Constrain the direction and breadth of shared species thermal compatibility.,Do not claim a measured pier bite probability or mode-specific response.,,docs/PierCast_Core_Temperature_and_Source_Calibration.md
manistee_mi,steelhead,summer_thermal_break_or_upwelling,admit,A,T007,U.S. Geological Survey,"USGS, steelhead growth-potential model and angler catch comparison",,https://www.usgs.gov/publications/landscape-scale-measures-steelhead-oncorhynchus-mykiss-bioenergetic-growth-rate,,,,thermal_compatibility,Constrain the direction and breadth of shared species thermal compatibility.,Do not claim a measured pier bite probability or mode-specific response.,,docs/PierCast_Core_Temperature_and_Source_Calibration.md
manistee_mi,steelhead,summer_thermal_break_or_upwelling,admit,A,T009,Wisconsin Department of Natural Resources,Wisconsin DNR Lake Michigan steelhead strains,,https://dnr.wisconsin.gov/sites/default/files/topic/Fishing/Species_steelhead.pdf,,,,thermal_compatibility,Constrain the direction and breadth of shared species thermal compatibility.,Do not claim a measured pier bite probability or mode-specific response.,,docs/PierCast_Core_Temperature_and_Source_Calibration.md
manistee_mi,steelhead,summer_thermal_break_or_upwelling,admit,A,T010,Wisconsin Department of Natural Resources,Wisconsin DNR Root River Steelhead Facility report,,https://dnr.wisconsin.gov/sites/default/files/topic/Fishing/LM_RootRiverSteelheadFacilityFall2024Spring2025.pdf,,,,thermal_compatibility,Constrain the direction and breadth of shared species thermal compatibility.,Do not claim a measured pier bite probability or mode-specific response.,,docs/PierCast_Core_Temperature_and_Source_Calibration.md
manistee_mi,steelhead,summer_thermal_break_or_upwelling,admit,A,T032,Michigan Department of Natural Resources,Michigan DNR steelhead profile,,https://www.michigan.gov/dnr/education/michigan-species/fish-species/steelhead,,,,thermal_compatibility,Constrain the direction and breadth of shared species thermal compatibility.,Do not claim a measured pier bite probability or mode-specific response.,,docs/PierCast_Core_Temperature_and_Source_Calibration.md
manistee_mi,steelhead,fall_harbor_staging,admit,A,T003,Wisconsin Department of Natural Resources,Wisconsin DNR rainbow trout fact sheet,,https://dnr.wisconsin.gov/sites/default/files/topic/Fishing/Species_rainbowtrout.pdf,,,,thermal_compatibility,Constrain the direction and breadth of shared species thermal compatibility.,Do not claim a measured pier bite probability or mode-specific response.,,docs/PierCast_Core_Temperature_and_Source_Calibration.md
manistee_mi,steelhead,fall_harbor_staging,admit,A,T007,U.S. Geological Survey,"USGS, steelhead growth-potential model and angler catch comparison",,https://www.usgs.gov/publications/landscape-scale-measures-steelhead-oncorhynchus-mykiss-bioenergetic-growth-rate,,,,thermal_compatibility,Constrain the direction and breadth of shared species thermal compatibility.,Do not claim a measured pier bite probability or mode-specific response.,,docs/PierCast_Core_Temperature_and_Source_Calibration.md
manistee_mi,steelhead,fall_harbor_staging,admit,A,T009,Wisconsin Department of Natural Resources,Wisconsin DNR Lake Michigan steelhead strains,,https://dnr.wisconsin.gov/sites/default/files/topic/Fishing/Species_steelhead.pdf,,,,thermal_compatibility,Constrain the direction and breadth of shared species thermal compatibility.,Do not claim a measured pier bite probability or mode-specific response.,,docs/PierCast_Core_Temperature_and_Source_Calibration.md
manistee_mi,steelhead,fall_harbor_staging,admit,A,T010,Wisconsin Department of Natural Resources,Wisconsin DNR Root River Steelhead Facility report,,https://dnr.wisconsin.gov/sites/default/files/topic/Fishing/LM_RootRiverSteelheadFacilityFall2024Spring2025.pdf,,,,thermal_compatibility,Constrain the direction and breadth of shared species thermal compatibility.,Do not claim a measured pier bite probability or mode-specific response.,,docs/PierCast_Core_Temperature_and_Source_Calibration.md
manistee_mi,steelhead,fall_harbor_staging,admit,A,T032,Michigan Department of Natural Resources,Michigan DNR steelhead profile,,https://www.michigan.gov/dnr/education/michigan-species/fish-species/steelhead,,,,thermal_compatibility,Constrain the direction and breadth of shared species thermal compatibility.,Do not claim a measured pier bite probability or mode-specific response.,,docs/PierCast_Core_Temperature_and_Source_Calibration.md
manistee_mi,brown_trout,,admit,A,F1,Michigan Department of Natural Resources,"April 2, 2025",2025-04-02,https://content.govdelivery.com/accounts/MIDNR/bulletins/3d9f82a,,,,local_identity_timing_and_targetability,"Support species identity, local pier relevance, timing, method, or qualitative event strength as explicitly reported.",Do not convert one event into annual frequency or city CPUE.,"steelhead/browns at Ludington, Manistee, Frankfort piers; catches vary substantially between ports.",docs/PierCast_Pilot_Cities_Research.md
manistee_mi,brown_trout,,admit,A,F2,Michigan Department of Natural Resources,"April 12, 2023",2023-04-12,https://content.govdelivery.com/accounts/MIDNR/bulletins/3548e2b,,,,local_identity_timing_and_targetability,"Support species identity, local pier relevance, timing, method, or qualitative event strength as explicitly reported.",Do not convert one event into annual frequency or city CPUE.,Ludington brown/steelhead/coho; Manistee brown/coho/lake trout and Menominee; south-pier closure also noted historically.,docs/PierCast_Pilot_Cities_Research.md
manistee_mi,brown_trout,,admit,A,F23,Michigan Department of Natural Resources,"May 7, 2025",2025-05-07,https://content.govdelivery.com/accounts/MIDNR/bulletins/3df50cf,,,,local_identity_timing_and_targetability,"Support species identity, local pier relevance, timing, method, or qualitative event strength as explicitly reported.",Do not convert one event into annual frequency or city CPUE.,"Manistee brown/steelhead from piers, low catches.",docs/PierCast_Pilot_Cities_Research.md
manistee_mi,brown_trout,,admit,A,F27,Michigan Department of Natural Resources,"April 30, 2025",2025-04-30,https://content.govdelivery.com/accounts/MIDNR/bulletins/3de4822,,,,local_identity_timing_and_targetability,"Support species identity, local pier relevance, timing, method, or qualitative event strength as explicitly reported.",Do not convert one event into annual frequency or city CPUE.,"Manistee pier brown/steelhead, Menominee and lake whitefish; perch from pier and boats.",docs/PierCast_Pilot_Cities_Research.md
manistee_mi,brown_trout,,admit,A,F29,Michigan Department of Natural Resources,"April 27, 2022",2022-04-27,https://content.govdelivery.com/accounts/MIDNR/bulletins/3155afc,,,,local_identity_timing_and_targetability,"Support species identity, local pier relevance, timing, method, or qualitative event strength as explicitly reported.",Do not convert one event into annual frequency or city CPUE.,Manistee south-pier brown/lake trout; north-pier cisco/unspecified whitefish.,docs/PierCast_Pilot_Cities_Research.md
manistee_mi,brown_trout,,admit,A,F36,Michigan Department of Natural Resources,"Michigan DNR April 14, 2021",2021-04-14,https://content.govdelivery.com/accounts/MIDNR/bulletins/2cce8db,,,,local_identity_timing_and_targetability,"Support species identity, local pier relevance, timing, method, or qualitative event strength as explicitly reported.",Do not convert one event into annual frequency or city CPUE.,Grand Haven pier round whitefish/brown trout; Manistee pier coho/brown trout; Ludington low pier success.,docs/PierCast_Pilot_Cities_Research.md
manistee_mi,brown_trout,,admit,A,F39,Michigan Department of Natural Resources,"Michigan DNR April 25, 2019",2019-04-25,https://content.govdelivery.com/accounts/MIDNR/bulletins/2401e19,,,,local_identity_timing_and_targetability,"Support species identity, local pier relevance, timing, method, or qualitative event strength as explicitly reported.",Do not convert one event into annual frequency or city CPUE.,Manistee pier brown/lake trout and perch; Ludington pier brown trout only.,docs/PierCast_Pilot_Cities_Research.md
manistee_mi,brown_trout,,admit,A,F47,Michigan Department of Natural Resources,"Michigan DNR, Apr. 15, 2026",2026-04-15,https://content.govdelivery.com/accounts/MIDNR/bulletins/4130cd0,,,,local_identity_timing_and_targetability,"Support species identity, local pier relevance, timing, method, or qualitative event strength as explicitly reported.",Do not convert one event into annual frequency or city CPUE.,Grand Haven brown/coho and negative northern-port context,docs/PierCast_Core_Species_Seasonal_Calibration.md
manistee_mi,brown_trout,,admit,A,M2,Michigan Department of Natural Resources,"Michigan DNR Lake Michigan advisory minutes, Oct. 17, 2023",2023-10-17,https://www.michigan.gov/dnr/-/media/Project/Websites/dnr/Documents/Boards/LMCFAC/Minutes/minutes-oct-17-2023.pdf,,,,recurrence_and_relative_magnitude,Support recurrence and bounded relative magnitude where geography and mode match.,"Do not infer target-specific CPUE, exact structure, or unobserved-month absence.",Brown-trout stocking-site context; not catchability,docs/PierCast_Core_Species_Seasonal_Calibration.md
manistee_mi,brown_trout,winter_harbor_open_water,admit,A,T004,Wisconsin Department of Natural Resources,Wisconsin DNR brown trout fact sheet,,https://dnr.wisconsin.gov/sites/default/files/topic/Fishing/Species_browntrout.pdf,,,,thermal_compatibility,Constrain the direction and breadth of shared species thermal compatibility.,Do not claim a measured pier bite probability or mode-specific response.,,docs/PierCast_Core_Temperature_and_Source_Calibration.md
manistee_mi,brown_trout,winter_harbor_open_water,admit,A,T014,Primary source named in registry,"Haynes et al., Great Lakes brown trout movement and temperatures",,https://www.sciencedirect.com/science/article/pii/S0380133087716402,,,,thermal_compatibility,Constrain the direction and breadth of shared species thermal compatibility.,Do not claim a measured pier bite probability or mode-specific response.,,docs/PierCast_Core_Temperature_and_Source_Calibration.md
manistee_mi,brown_trout,winter_harbor_open_water,admit,A,T015,Michigan Department of Natural Resources,Michigan DNR brown trout profile,,https://www.michigan.gov/dnr/education/michigan-species/fish-species/brown-trout,,,,thermal_compatibility,Constrain the direction and breadth of shared species thermal compatibility.,Do not claim a measured pier bite probability or mode-specific response.,,docs/PierCast_Core_Temperature_and_Source_Calibration.md
manistee_mi,brown_trout,spring_nearshore,admit,A,T004,Wisconsin Department of Natural Resources,Wisconsin DNR brown trout fact sheet,,https://dnr.wisconsin.gov/sites/default/files/topic/Fishing/Species_browntrout.pdf,,,,thermal_compatibility,Constrain the direction and breadth of shared species thermal compatibility.,Do not claim a measured pier bite probability or mode-specific response.,,docs/PierCast_Core_Temperature_and_Source_Calibration.md
manistee_mi,brown_trout,spring_nearshore,admit,A,T014,Primary source named in registry,"Haynes et al., Great Lakes brown trout movement and temperatures",,https://www.sciencedirect.com/science/article/pii/S0380133087716402,,,,thermal_compatibility,Constrain the direction and breadth of shared species thermal compatibility.,Do not claim a measured pier bite probability or mode-specific response.,,docs/PierCast_Core_Temperature_and_Source_Calibration.md
manistee_mi,brown_trout,spring_nearshore,admit,A,T015,Michigan Department of Natural Resources,Michigan DNR brown trout profile,,https://www.michigan.gov/dnr/education/michigan-species/fish-species/brown-trout,,,,thermal_compatibility,Constrain the direction and breadth of shared species thermal compatibility.,Do not claim a measured pier bite probability or mode-specific response.,,docs/PierCast_Core_Temperature_and_Source_Calibration.md
manistee_mi,brown_trout,fall_harbor,admit,A,T004,Wisconsin Department of Natural Resources,Wisconsin DNR brown trout fact sheet,,https://dnr.wisconsin.gov/sites/default/files/topic/Fishing/Species_browntrout.pdf,,,,thermal_compatibility,Constrain the direction and breadth of shared species thermal compatibility.,Do not claim a measured pier bite probability or mode-specific response.,,docs/PierCast_Core_Temperature_and_Source_Calibration.md
manistee_mi,brown_trout,fall_harbor,admit,A,T014,Primary source named in registry,"Haynes et al., Great Lakes brown trout movement and temperatures",,https://www.sciencedirect.com/science/article/pii/S0380133087716402,,,,thermal_compatibility,Constrain the direction and breadth of shared species thermal compatibility.,Do not claim a measured pier bite probability or mode-specific response.,,docs/PierCast_Core_Temperature_and_Source_Calibration.md
manistee_mi,brown_trout,fall_harbor,admit,A,T015,Michigan Department of Natural Resources,Michigan DNR brown trout profile,,https://www.michigan.gov/dnr/education/michigan-species/fish-species/brown-trout,,,,thermal_compatibility,Constrain the direction and breadth of shared species thermal compatibility.,Do not claim a measured pier bite probability or mode-specific response.,,docs/PierCast_Core_Temperature_and_Source_Calibration.md
manistee_mi,lake_trout,,defer,C,MI_CREEL,Michigan DNR,Michigan DNR public creel dashboard; preserved query snapshot,,https://app.powerbigov.us/view?r=eyJrIjoiOWQ5NjQxMmItYjFkYi00YzI2LTkxMTAtMjMwNjEzOWE5YjM3IiwidCI6ImQ1ZmI3MDg3LTM3NzctNDJhZC05NjZhLTg5MmVmNDcyMjVkMSJ9,Four named Michigan ports; 1989–2022,Pier/Dock,,recurrence_and_relative_magnitude,Support recurrence and bounded relative magnitude where geography and mode match.,"Do not infer target-specific CPUE, exact structure, or unobserved-month absence.","No exact structure, target-specific effort, method, size composition or sampling uncertainty in this extract; omitted rows remain missing. See creel-snapshot.json.",docs/onboarding/piercast/remaining-species/sources.json
manistee_mi,lake_trout,,defer,C,B_3155afc,Michigan DNR,Michigan DNR Weekly Fishing Report 2022-04-27,2022-04-27,https://content.govdelivery.com/accounts/MIDNR/bulletins/3155afc,Manistee South Pier; North Pier,Pier,,local_identity_timing_and_targetability,"Support species identity, local pier relevance, timing, method, or qualitative event strength as explicitly reported.",Do not convert one event into annual frequency or city CPUE.,South-Pier lake trout cannot support North Pier. Unspecified whitefish cannot be assigned to either whitefish species.,docs/onboarding/piercast/remaining-species/sources.json
manistee_mi,lake_trout,,defer,C,B_3548e2b,Michigan DNR,Michigan DNR Weekly Fishing Report 2023-04-12,2023-04-12,https://content.govdelivery.com/accounts/MIDNR/bulletins/3548e2b,"Manistee piers, south pier reported closed",Pier plus distinct channel/trolling paragraphs,,local_identity_timing_and_targetability,"Support species identity, local pier relevance, timing, method, or qualitative event strength as explicitly reported.",Do not convert one event into annual frequency or city CPUE.,"Closure helps north-side inference, but low mixed catches do not establish directed fisheries.",docs/onboarding/piercast/remaining-species/sources.json
manistee_mi,lake_trout,,defer,C,B_39595be,Michigan DNR,Michigan DNR Weekly Fishing Report 2024-04-10,2024-04-10,https://content.govdelivery.com/accounts/MIDNR/bulletins/39595be,Manistee unspecified piers,Pier,,local_identity_timing_and_targetability,"Support species identity, local pier relevance, timing, method, or qualitative event strength as explicitly reported.",Do not convert one event into annual frequency or city CPUE.,Occurrence only; exact side and directed effort absent.,docs/onboarding/piercast/remaining-species/sources.json
manistee_mi,lake_trout,,defer,C,MI_STOCKING,Michigan DNR,Michigan DNR public fish stocking records; selected Lake Michigan sites,,https://midnr.maps.arcgis.com/apps/dashboards/77581b13c6984b919ab8ed927496a31f,"Lake Michigan named waterbodies in Mason, Ottawa, Manistee and Benzie counties, 2023 onward","Stocking, not angling",,local_identity_timing_and_targetability,"Support species identity, local pier relevance, timing, method, or qualitative event strength as explicitly reported.",Do not convert one event into annual frequency or city CPUE.,"Name/county filter is a bounded context query, not an exhaustive absence claim; federal/offshore records may be outside the service. Stocking neither proves nor is required for a fishery.",docs/onboarding/piercast/remaining-species/sources.json
manistee_mi,walleye,,defer,C,MI_CREEL,Michigan DNR,Michigan DNR public creel dashboard; preserved query snapshot,,https://app.powerbigov.us/view?r=eyJrIjoiOWQ5NjQxMmItYjFkYi00YzI2LTkxMTAtMjMwNjEzOWE5YjM3IiwidCI6ImQ1ZmI3MDg3LTM3NzctNDJhZC05NjZhLTg5MmVmNDcyMjVkMSJ9,Four named Michigan ports; 1989–2022,Pier/Dock,,recurrence_and_relative_magnitude,Support recurrence and bounded relative magnitude where geography and mode match.,"Do not infer target-specific CPUE, exact structure, or unobserved-month absence.","No exact structure, target-specific effort, method, size composition or sampling uncertainty in this extract; omitted rows remain missing. See creel-snapshot.json.",docs/onboarding/piercast/remaining-species/sources.json
manistee_mi,walleye,,defer,C,B_3176352,Michigan DNR,Michigan DNR Weekly Fishing Report 2022-05-11,2022-05-11,https://content.govdelivery.com/accounts/MIDNR/bulletins/3176352,Manistee North Pier and other piers; Ludington unspecified piers,Pier and boat separately described,,local_identity_timing_and_targetability,"Support species identity, local pier relevance, timing, method, or qualitative event strength as explicitly reported.",Do not convert one event into annual frequency or city CPUE.,No major walleye fishery established; species catch counts estimated qualitatively.,docs/onboarding/piercast/remaining-species/sources.json
manistee_mi,walleye,,defer,C,B_3588f66,Michigan DNR,Michigan DNR Weekly Fishing Report 2023-05-03,2023-05-03,https://content.govdelivery.com/accounts/MIDNR/bulletins/3588f66,Manistee piers; Grand Haven channel from piers,"Pier, with separate boat context",,local_identity_timing_and_targetability,"Support species identity, local pier relevance, timing, method, or qualitative event strength as explicitly reported.",Do not convert one event into annual frequency or city CPUE.,Pier side unspecified; a few catches do not define magnitude.,docs/onboarding/piercast/remaining-species/sources.json
manistee_mi,walleye,,defer,C,B_3987c22,Michigan DNR,Michigan DNR Weekly Fishing Report 2024-04-24,2024-04-24,https://content.govdelivery.com/accounts/MIDNR/bulletins/3987c22,Manistee piers; Frankfort channel,Pier and trolling separately,,local_identity_timing_and_targetability,"Support species identity, local pier relevance, timing, method, or qualitative event strength as explicitly reported.",Do not convert one event into annual frequency or city CPUE.,Frankfort trolling excluded. Manistee casting location insufficiently precise for exact-pier calibration.,docs/onboarding/piercast/remaining-species/sources.json
manistee_mi,walleye,,defer,C,B_14ccdb0,Michigan DNR,Michigan DNR Weekly Fishing Report 2016-06-02,2016-06-02,https://content.govdelivery.com/accounts/MIDNR/bulletins/14ccdb0,"Manistee port, Ludington basin, upstream Grand River","Mixed modes, separated in interpretation",,local_identity_timing_and_targetability,"Support species identity, local pier relevance, timing, method, or qualitative event strength as explicitly reported.",Do not convert one event into annual frequency or city CPUE.,Does not establish present-day exact-covered-pier opportunity.,docs/onboarding/piercast/remaining-species/sources.json
manistee_mi,smallmouth_bass,,defer,C,MI_CREEL,Michigan DNR,Michigan DNR public creel dashboard; preserved query snapshot,,https://app.powerbigov.us/view?r=eyJrIjoiOWQ5NjQxMmItYjFkYi00YzI2LTkxMTAtMjMwNjEzOWE5YjM3IiwidCI6ImQ1ZmI3MDg3LTM3NzctNDJhZC05NjZhLTg5MmVmNDcyMjVkMSJ9,Four named Michigan ports; 1989–2022,Pier/Dock,,recurrence_and_relative_magnitude,Support recurrence and bounded relative magnitude where geography and mode match.,"Do not infer target-specific CPUE, exact structure, or unobserved-month absence.","No exact structure, target-specific effort, method, size composition or sampling uncertainty in this extract; omitted rows remain missing. See creel-snapshot.json.",docs/onboarding/piercast/remaining-species/sources.json
manistee_mi,smallmouth_bass,,defer,C,B_366250d,Michigan DNR,Michigan DNR Weekly Fishing Report 2023-07-19,2023-07-19,https://content.govdelivery.com/accounts/MIDNR/bulletins/366250d,Manistee and Ludington piers; Grand Haven piers,Pier,,local_identity_timing_and_targetability,"Support species identity, local pier relevance, timing, method, or qualitative event strength as explicitly reported.",Do not convert one event into annual frequency or city CPUE.,No exact-side allocation or directed effort.,docs/onboarding/piercast/remaining-species/sources.json
manistee_mi,smallmouth_bass,,defer,C,B_3675eed,Michigan DNR,Michigan DNR Weekly Fishing Report 2023-07-26,2023-07-26,https://content.govdelivery.com/accounts/MIDNR/bulletins/3675eed,Manistee piers; Ludington piers,Pier,,local_identity_timing_and_targetability,"Support species identity, local pier relevance, timing, method, or qualitative event strength as explicitly reported.",Do not convert one event into annual frequency or city CPUE.,Side unspecified; broad summer bass evidence cannot create annual curves.,docs/onboarding/piercast/remaining-species/sources.json
manistee_mi,smallmouth_bass,,defer,C,B_3a65224,Michigan DNR,Michigan DNR Weekly Fishing Report 2024-07-03,2024-07-03,https://content.govdelivery.com/accounts/MIDNR/bulletins/3a65224,Manistee piers; Grand Haven channel side,Pier,,local_identity_timing_and_targetability,"Support species identity, local pier relevance, timing, method, or qualitative event strength as explicitly reported.",Do not convert one event into annual frequency or city CPUE.,Manistee side unspecified; distinct water faces must not be conflated.,docs/onboarding/piercast/remaining-species/sources.json
manistee_mi,smallmouth_bass,,defer,C,B_3abfd6e,Michigan DNR,Michigan DNR Weekly Fishing Report 2024-07-31,2024-07-31,https://content.govdelivery.com/accounts/MIDNR/bulletins/3abfd6e,Manistee North Pier; Grand Haven piers,Pier,,local_identity_timing_and_targetability,"Support species identity, local pier relevance, timing, method, or qualitative event strength as explicitly reported.",Do not convert one event into annual frequency or city CPUE.,Unspecified bass not relabeled smallmouth or largemouth.,docs/onboarding/piercast/remaining-species/sources.json
manistee_mi,freshwater_drum,,defer,C,MI_CREEL,Michigan DNR,Michigan DNR public creel dashboard; preserved query snapshot,,https://app.powerbigov.us/view?r=eyJrIjoiOWQ5NjQxMmItYjFkYi00YzI2LTkxMTAtMjMwNjEzOWE5YjM3IiwidCI6ImQ1ZmI3MDg3LTM3NzctNDJhZC05NjZhLTg5MmVmNDcyMjVkMSJ9,Four named Michigan ports; 1989–2022,Pier/Dock,,recurrence_and_relative_magnitude,Support recurrence and bounded relative magnitude where geography and mode match.,"Do not infer target-specific CPUE, exact structure, or unobserved-month absence.","No exact structure, target-specific effort, method, size composition or sampling uncertainty in this extract; omitted rows remain missing. See creel-snapshot.json.",docs/onboarding/piercast/remaining-species/sources.json
manistee_mi,freshwater_drum,,defer,C,B_2e736eb,Michigan DNR,Michigan DNR Weekly Fishing Report 2021-07-07,2021-07-07,https://content.govdelivery.com/accounts/MIDNR/bulletins/2e736eb,Ludington North Pier; Manistee piers,Pier,,local_identity_timing_and_targetability,"Support species identity, local pier relevance, timing, method, or qualitative event strength as explicitly reported.",Do not convert one event into annual frequency or city CPUE.,Single exact smallmouth observation; Manistee drum advice is not measured directed effort.,docs/onboarding/piercast/remaining-species/sources.json
manistee_mi,freshwater_drum,,defer,C,B_366250d,Michigan DNR,Michigan DNR Weekly Fishing Report 2023-07-19,2023-07-19,https://content.govdelivery.com/accounts/MIDNR/bulletins/366250d,Manistee and Ludington piers; Grand Haven piers,Pier,,local_identity_timing_and_targetability,"Support species identity, local pier relevance, timing, method, or qualitative event strength as explicitly reported.",Do not convert one event into annual frequency or city CPUE.,No exact-side allocation or directed effort.,docs/onboarding/piercast/remaining-species/sources.json
manistee_mi,freshwater_drum,,defer,C,B_3a521c4,Michigan DNR,Michigan DNR Weekly Fishing Report 2024-06-26,2024-06-26,https://content.govdelivery.com/accounts/MIDNR/bulletins/3a521c4,Manistee harbor face of piers; Grand Haven piers,Pier,,local_identity_timing_and_targetability,"Support species identity, local pier relevance, timing, method, or qualitative event strength as explicitly reported.",Do not convert one event into annual frequency or city CPUE.,No exact north/south allocation; harbor-face thermal representation not automatically identical to outer-lake sampling.,docs/onboarding/piercast/remaining-species/sources.json
manistee_mi,freshwater_drum,,defer,C,B_3a65224,Michigan DNR,Michigan DNR Weekly Fishing Report 2024-07-03,2024-07-03,https://content.govdelivery.com/accounts/MIDNR/bulletins/3a65224,Manistee piers; Grand Haven channel side,Pier,,local_identity_timing_and_targetability,"Support species identity, local pier relevance, timing, method, or qualitative event strength as explicitly reported.",Do not convert one event into annual frequency or city CPUE.,Manistee side unspecified; distinct water faces must not be conflated.,docs/onboarding/piercast/remaining-species/sources.json
manistee_mi,freshwater_drum,,defer,C,B_3ebb776,Michigan DNR,Michigan DNR Weekly Fishing Report 2025-07-30,2025-07-30,https://content.govdelivery.com/accounts/MIDNR/bulletins/3ebb776,"Grand Haven, Ludington, Manistee piers",Pier,,local_identity_timing_and_targetability,"Support species identity, local pier relevance, timing, method, or qualitative event strength as explicitly reported.",Do not convert one event into annual frequency or city CPUE.,Species and sides not fully identified.,docs/onboarding/piercast/remaining-species/sources.json
manistee_mi,yellow_perch,,defer,C,MI_CREEL,Michigan DNR,Michigan DNR public creel dashboard; preserved query snapshot,,https://app.powerbigov.us/view?r=eyJrIjoiOWQ5NjQxMmItYjFkYi00YzI2LTkxMTAtMjMwNjEzOWE5YjM3IiwidCI6ImQ1ZmI3MDg3LTM3NzctNDJhZC05NjZhLTg5MmVmNDcyMjVkMSJ9,Four named Michigan ports; 1989–2022,Pier/Dock,,recurrence_and_relative_magnitude,Support recurrence and bounded relative magnitude where geography and mode match.,"Do not infer target-specific CPUE, exact structure, or unobserved-month absence.","No exact structure, target-specific effort, method, size composition or sampling uncertainty in this extract; omitted rows remain missing. See creel-snapshot.json.",docs/onboarding/piercast/remaining-species/sources.json
manistee_mi,yellow_perch,,defer,C,B_1953bab,Michigan DNR,Michigan DNR Weekly Fishing Report 2017-04-20,2017-04-20,https://content.govdelivery.com/accounts/MIDNR/bulletins/1953bab,Manistee North Pier,Pier,,local_identity_timing_and_targetability,"Support species identity, local pier relevance, timing, method, or qualitative event strength as explicitly reported.",Do not convert one event into annual frequency or city CPUE.,"2017 timing, not current magnitude.",docs/onboarding/piercast/remaining-species/sources.json
manistee_mi,yellow_perch,,defer,C,B_3176352,Michigan DNR,Michigan DNR Weekly Fishing Report 2022-05-11,2022-05-11,https://content.govdelivery.com/accounts/MIDNR/bulletins/3176352,Manistee North Pier and other piers; Ludington unspecified piers,Pier and boat separately described,,local_identity_timing_and_targetability,"Support species identity, local pier relevance, timing, method, or qualitative event strength as explicitly reported.",Do not convert one event into annual frequency or city CPUE.,No major walleye fishery established; species catch counts estimated qualitatively.,docs/onboarding/piercast/remaining-species/sources.json
manistee_mi,yellow_perch,,defer,C,B_3588f66,Michigan DNR,Michigan DNR Weekly Fishing Report 2023-05-03,2023-05-03,https://content.govdelivery.com/accounts/MIDNR/bulletins/3588f66,Manistee piers; Grand Haven channel from piers,"Pier, with separate boat context",,local_identity_timing_and_targetability,"Support species identity, local pier relevance, timing, method, or qualitative event strength as explicitly reported.",Do not convert one event into annual frequency or city CPUE.,Pier side unspecified; a few catches do not define magnitude.,docs/onboarding/piercast/remaining-species/sources.json
manistee_mi,yellow_perch,,defer,C,B_3614332,Michigan DNR,Michigan DNR Weekly Fishing Report 2023-06-21,2023-06-21,https://content.govdelivery.com/accounts/MIDNR/bulletins/3614332,Manistee North Pier; Ludington unspecified pier; Grand Haven pier,Pier,,local_identity_timing_and_targetability,"Support species identity, local pier relevance, timing, method, or qualitative event strength as explicitly reported.",Do not convert one event into annual frequency or city CPUE.,Mixed species and boat paragraphs excluded from pier inference.,docs/onboarding/piercast/remaining-species/sources.json
manistee_mi,yellow_perch,,defer,C,B_36281c5,Michigan DNR,Michigan DNR Weekly Fishing Report 2023-06-28,2023-06-28,https://content.govdelivery.com/accounts/MIDNR/bulletins/36281c5,Manistee North Pier and Grand Haven piers,Pier,,local_identity_timing_and_targetability,"Support species identity, local pier relevance, timing, method, or qualitative event strength as explicitly reported.",Do not convert one event into annual frequency or city CPUE.,No directed angler-hours; Grand Haven side unspecified.,docs/onboarding/piercast/remaining-species/sources.json
manistee_mi,yellow_perch,,defer,C,B_323f6bf,Michigan DNR,Michigan DNR Weekly Fishing Report 2022-07-20,2022-07-20,https://content.govdelivery.com/accounts/MIDNR/bulletins/323f6bf,Ludington and Manistee North Piers,Pier context,,local_identity_timing_and_targetability,"Support species identity, local pier relevance, timing, method, or qualitative event strength as explicitly reported.",Do not convert one event into annual frequency or city CPUE.,Observed presence is weaker than a quantified catch report.,docs/onboarding/piercast/remaining-species/sources.json
manistee_mi,yellow_perch,,defer,C,B_3de4822,Michigan DNR,Michigan DNR Weekly Fishing Report 2025-04-30,2025-04-30,https://content.govdelivery.com/accounts/MIDNR/bulletins/3de4822,Manistee unspecified piers,Pier and boats separately,,local_identity_timing_and_targetability,"Support species identity, local pier relevance, timing, method, or qualitative event strength as explicitly reported.",Do not convert one event into annual frequency or city CPUE.,Names distinguish two whitefish species; incidental catches and mixed modes cannot define major target strength.,docs/onboarding/piercast/remaining-species/sources.json
manistee_mi,lake_whitefish,,exclude,D,MI_CREEL,Michigan DNR,Michigan DNR public creel dashboard; preserved query snapshot,,https://app.powerbigov.us/view?r=eyJrIjoiOWQ5NjQxMmItYjFkYi00YzI2LTkxMTAtMjMwNjEzOWE5YjM3IiwidCI6ImQ1ZmI3MDg3LTM3NzctNDJhZC05NjZhLTg5MmVmNDcyMjVkMSJ9,Four named Michigan ports; 1989–2022,Pier/Dock,,recurrence_and_relative_magnitude,Support recurrence and bounded relative magnitude where geography and mode match.,"Do not infer target-specific CPUE, exact structure, or unobserved-month absence.","No exact structure, target-specific effort, method, size composition or sampling uncertainty in this extract; omitted rows remain missing. See creel-snapshot.json.",docs/onboarding/piercast/remaining-species/sources.json
manistee_mi,lake_whitefish,,exclude,D,B_3155afc,Michigan DNR,Michigan DNR Weekly Fishing Report 2022-04-27,2022-04-27,https://content.govdelivery.com/accounts/MIDNR/bulletins/3155afc,Manistee South Pier; North Pier,Pier,,local_identity_timing_and_targetability,"Support species identity, local pier relevance, timing, method, or qualitative event strength as explicitly reported.",Do not convert one event into annual frequency or city CPUE.,South-Pier lake trout cannot support North Pier. Unspecified whitefish cannot be assigned to either whitefish species.,docs/onboarding/piercast/remaining-species/sources.json
manistee_mi,lake_whitefish,,exclude,D,B_3de4822,Michigan DNR,Michigan DNR Weekly Fishing Report 2025-04-30,2025-04-30,https://content.govdelivery.com/accounts/MIDNR/bulletins/3de4822,Manistee unspecified piers,Pier and boats separately,,local_identity_timing_and_targetability,"Support species identity, local pier relevance, timing, method, or qualitative event strength as explicitly reported.",Do not convert one event into annual frequency or city CPUE.,Names distinguish two whitefish species; incidental catches and mixed modes cannot define major target strength.,docs/onboarding/piercast/remaining-species/sources.json
manistee_mi,round_whitefish,,defer,C,MI_CREEL,Michigan DNR,Michigan DNR public creel dashboard; preserved query snapshot,,https://app.powerbigov.us/view?r=eyJrIjoiOWQ5NjQxMmItYjFkYi00YzI2LTkxMTAtMjMwNjEzOWE5YjM3IiwidCI6ImQ1ZmI3MDg3LTM3NzctNDJhZC05NjZhLTg5MmVmNDcyMjVkMSJ9,Four named Michigan ports; 1989–2022,Pier/Dock,,recurrence_and_relative_magnitude,Support recurrence and bounded relative magnitude where geography and mode match.,"Do not infer target-specific CPUE, exact structure, or unobserved-month absence.","No exact structure, target-specific effort, method, size composition or sampling uncertainty in this extract; omitted rows remain missing. See creel-snapshot.json.",docs/onboarding/piercast/remaining-species/sources.json
manistee_mi,round_whitefish,,defer,C,B_3548e2b,Michigan DNR,Michigan DNR Weekly Fishing Report 2023-04-12,2023-04-12,https://content.govdelivery.com/accounts/MIDNR/bulletins/3548e2b,"Manistee piers, south pier reported closed",Pier plus distinct channel/trolling paragraphs,,local_identity_timing_and_targetability,"Support species identity, local pier relevance, timing, method, or qualitative event strength as explicitly reported.",Do not convert one event into annual frequency or city CPUE.,"Closure helps north-side inference, but low mixed catches do not establish directed fisheries.",docs/onboarding/piercast/remaining-species/sources.json
manistee_mi,round_whitefish,,defer,C,B_3de4822,Michigan DNR,Michigan DNR Weekly Fishing Report 2025-04-30,2025-04-30,https://content.govdelivery.com/accounts/MIDNR/bulletins/3de4822,Manistee unspecified piers,Pier and boats separately,,local_identity_timing_and_targetability,"Support species identity, local pier relevance, timing, method, or qualitative event strength as explicitly reported.",Do not convert one event into annual frequency or city CPUE.,Names distinguish two whitefish species; incidental catches and mixed modes cannot define major target strength.,docs/onboarding/piercast/remaining-species/sources.json
manistee_mi,round_whitefish,,defer,C,ROUND_DECLINE,See named source publisher/author,"Alan Campbell, Grayling and Menominee, Leelanau Enterprise",2026-02-25,"https://www.leelanaunews.com/article/7195,grayling-and-menominee",Northwest Michigan; biologist recalls Frankfort pier trip,Historical pier angling; attributed interview,,local_identity_timing_and_targetability,"Support species identity, local pier relevance, timing, method, or qualitative event strength as explicitly reported.",Do not convert one event into annual frequency or city CPUE.,2026 publication is not a 2026 catch observation. Journalist species/season generalizations do not override species-specific DNR biology.,docs/onboarding/piercast/remaining-species/sources.json
manistee_mi,channel_catfish,,exclude,D,MI_CREEL,Michigan DNR,Michigan DNR public creel dashboard; preserved query snapshot,,https://app.powerbigov.us/view?r=eyJrIjoiOWQ5NjQxMmItYjFkYi00YzI2LTkxMTAtMjMwNjEzOWE5YjM3IiwidCI6ImQ1ZmI3MDg3LTM3NzctNDJhZC05NjZhLTg5MmVmNDcyMjVkMSJ9,Four named Michigan ports; 1989–2022,Pier/Dock,,recurrence_and_relative_magnitude,Support recurrence and bounded relative magnitude where geography and mode match.,"Do not infer target-specific CPUE, exact structure, or unobserved-month absence.","No exact structure, target-specific effort, method, size composition or sampling uncertainty in this extract; omitted rows remain missing. See creel-snapshot.json.",docs/onboarding/piercast/remaining-species/sources.json
manistee_mi,largemouth_bass,,defer,C,MI_CREEL,Michigan DNR,Michigan DNR public creel dashboard; preserved query snapshot,,https://app.powerbigov.us/view?r=eyJrIjoiOWQ5NjQxMmItYjFkYi00YzI2LTkxMTAtMjMwNjEzOWE5YjM3IiwidCI6ImQ1ZmI3MDg3LTM3NzctNDJhZC05NjZhLTg5MmVmNDcyMjVkMSJ9,Four named Michigan ports; 1989–2022,Pier/Dock,,recurrence_and_relative_magnitude,Support recurrence and bounded relative magnitude where geography and mode match.,"Do not infer target-specific CPUE, exact structure, or unobserved-month absence.","No exact structure, target-specific effort, method, size composition or sampling uncertainty in this extract; omitted rows remain missing. See creel-snapshot.json.",docs/onboarding/piercast/remaining-species/sources.json
manistee_mi,largemouth_bass,,defer,C,B_3675eed,Michigan DNR,Michigan DNR Weekly Fishing Report 2023-07-26,2023-07-26,https://content.govdelivery.com/accounts/MIDNR/bulletins/3675eed,Manistee piers; Ludington piers,Pier,,local_identity_timing_and_targetability,"Support species identity, local pier relevance, timing, method, or qualitative event strength as explicitly reported.",Do not convert one event into annual frequency or city CPUE.,Side unspecified; broad summer bass evidence cannot create annual curves.,docs/onboarding/piercast/remaining-species/sources.json
manistee_mi,largemouth_bass,,defer,C,B_3abfd6e,Michigan DNR,Michigan DNR Weekly Fishing Report 2024-07-31,2024-07-31,https://content.govdelivery.com/accounts/MIDNR/bulletins/3abfd6e,Manistee North Pier; Grand Haven piers,Pier,,local_identity_timing_and_targetability,"Support species identity, local pier relevance, timing, method, or qualitative event strength as explicitly reported.",Do not convert one event into annual frequency or city CPUE.,Unspecified bass not relabeled smallmouth or largemouth.,docs/onboarding/piercast/remaining-species/sources.json
frankfort_elberta_mi,chinook_salmon,,admit,A,F7,Michigan Department of Natural Resources,"September 26, 2019",2019-09-26,https://content.govdelivery.com/accounts/MIDNR/bulletins/261ba5c,,,,local_identity_timing_and_targetability,"Support species identity, local pier relevance, timing, method, or qualitative event strength as explicitly reported.",Do not convert one event into annual frequency or city CPUE.,Frankfort pier Chinook/coho/steelhead; Ludington pier small coho. Historical.,docs/PierCast_Pilot_Cities_Research.md
frankfort_elberta_mi,chinook_salmon,,admit,A,F18,Michigan Department of Natural Resources,"August 26, 2026",2026-08-26,https://content.govdelivery.com/accounts/MIDNR/bulletins/426de2b,,,,local_identity_timing_and_targetability,"Support species identity, local pier relevance, timing, method, or qualitative event strength as explicitly reported.",Do not convert one event into annual frequency or city CPUE.,Frankfort breakwall Chinook; Grand Haven pier salmon without species breakdown.,docs/PierCast_Pilot_Cities_Research.md
frankfort_elberta_mi,chinook_salmon,,admit,A,F30,Michigan Department of Natural Resources,"June 25, 2025",2025-06-25,https://content.govdelivery.com/bulletins/gd/MIDNR-3e69eb7?wgt_ref=MIDNR_WIDGET_2,,,,local_identity_timing_and_targetability,"Support species identity, local pier relevance, timing, method, or qualitative event strength as explicitly reported.",Do not convert one event into annual frequency or city CPUE.,Frankfort north-pier Chinook/brown; Manistee pier sheepshead/bowfin/bass/pike.,docs/PierCast_Pilot_Cities_Research.md
frankfort_elberta_mi,chinook_salmon,,admit,A,F40,Michigan Department of Natural Resources,"Michigan DNR June 17, 2026",2026-06-17,https://content.govdelivery.com/accounts/MIDNR/bulletins/41c718b,,,,local_identity_timing_and_targetability,"Support species identity, local pier relevance, timing, method, or qualitative event strength as explicitly reported.",Do not convert one event into annual frequency or city CPUE.,Frankfort no pier catches; offshore lake-trout success excluded.,docs/PierCast_Pilot_Cities_Research.md
frankfort_elberta_mi,chinook_salmon,,admit,A,F43,Michigan Department of Natural Resources,"Michigan DNR, Aug. 5, 2026",2026-08-05,https://content.govdelivery.com/accounts/MIDNR/bulletins/423b34d,,,,local_identity_timing_and_targetability,"Support species identity, local pier relevance, timing, method, or qualitative event strength as explicitly reported.",Do not convert one event into annual frequency or city CPUE.,"Grand Haven, Manistee, and Ludington limited pier salmon/steelhead",docs/PierCast_Core_Species_Seasonal_Calibration.md
frankfort_elberta_mi,chinook_salmon,,admit,A,F48,Michigan Department of Natural Resources,"Michigan DNR, Aug. 16, 2023",2023-08-16,https://content.govdelivery.com/accounts/MIDNR/bulletins/36b27d5,,,,local_identity_timing_and_targetability,"Support species identity, local pier relevance, timing, method, or qualitative event strength as explicitly reported.",Do not convert one event into annual frequency or city CPUE.,Frankfort great Chinook pier activity,docs/PierCast_Core_Species_Seasonal_Calibration.md
frankfort_elberta_mi,chinook_salmon,spring_nearshore_transient,admit,A,T001,Wisconsin Department of Natural Resources,Wisconsin DNR Chinook salmon fact sheet,,https://dnr.wisconsin.gov/sites/default/files/topic/Fishing/Species_chinooksalmon.pdf,,,,thermal_compatibility,Constrain the direction and breadth of shared species thermal compatibility.,Do not claim a measured pier bite probability or mode-specific response.,,docs/PierCast_Core_Temperature_and_Source_Calibration.md
frankfort_elberta_mi,chinook_salmon,spring_nearshore_transient,admit,A,T006,Primary source named in registry,"Adlerstein et al., Lake Michigan Chinook movement and assessment catch",,https://academic.oup.com/tafs/article/137/3/736/7888693,,,,thermal_compatibility,Constrain the direction and breadth of shared species thermal compatibility.,Do not claim a measured pier bite probability or mode-specific response.,,docs/PierCast_Core_Temperature_and_Source_Calibration.md
frankfort_elberta_mi,chinook_salmon,summer_coldwater_access,admit,A,T001,Wisconsin Department of Natural Resources,Wisconsin DNR Chinook salmon fact sheet,,https://dnr.wisconsin.gov/sites/default/files/topic/Fishing/Species_chinooksalmon.pdf,,,,thermal_compatibility,Constrain the direction and breadth of shared species thermal compatibility.,Do not claim a measured pier bite probability or mode-specific response.,,docs/PierCast_Core_Temperature_and_Source_Calibration.md
frankfort_elberta_mi,chinook_salmon,summer_coldwater_access,admit,A,T006,Primary source named in registry,"Adlerstein et al., Lake Michigan Chinook movement and assessment catch",,https://academic.oup.com/tafs/article/137/3/736/7888693,,,,thermal_compatibility,Constrain the direction and breadth of shared species thermal compatibility.,Do not claim a measured pier bite probability or mode-specific response.,,docs/PierCast_Core_Temperature_and_Source_Calibration.md
frankfort_elberta_mi,chinook_salmon,fall_harbor_staging,admit,A,T001,Wisconsin Department of Natural Resources,Wisconsin DNR Chinook salmon fact sheet,,https://dnr.wisconsin.gov/sites/default/files/topic/Fishing/Species_chinooksalmon.pdf,,,,thermal_compatibility,Constrain the direction and breadth of shared species thermal compatibility.,Do not claim a measured pier bite probability or mode-specific response.,,docs/PierCast_Core_Temperature_and_Source_Calibration.md
frankfort_elberta_mi,chinook_salmon,fall_harbor_staging,admit,A,T006,Primary source named in registry,"Adlerstein et al., Lake Michigan Chinook movement and assessment catch",,https://academic.oup.com/tafs/article/137/3/736/7888693,,,,thermal_compatibility,Constrain the direction and breadth of shared species thermal compatibility.,Do not claim a measured pier bite probability or mode-specific response.,,docs/PierCast_Core_Temperature_and_Source_Calibration.md
frankfort_elberta_mi,coho_salmon,,admit,A,F3,Michigan Department of Natural Resources,"November 1, 2018",2018-11-01,https://content.govdelivery.com/accounts/MIDNR/bulletins/218605d,,,,local_identity_timing_and_targetability,"Support species identity, local pier relevance, timing, method, or qualitative event strength as explicitly reported.",Do not convert one event into annual frequency or city CPUE.,Frankfort steelhead/late coho; Manistee steelhead/unspecified whitefish; Ludington steelhead. Historical.,docs/PierCast_Pilot_Cities_Research.md
frankfort_elberta_mi,coho_salmon,,admit,A,F7,Michigan Department of Natural Resources,"September 26, 2019",2019-09-26,https://content.govdelivery.com/accounts/MIDNR/bulletins/261ba5c,,,,local_identity_timing_and_targetability,"Support species identity, local pier relevance, timing, method, or qualitative event strength as explicitly reported.",Do not convert one event into annual frequency or city CPUE.,Frankfort pier Chinook/coho/steelhead; Ludington pier small coho. Historical.,docs/PierCast_Pilot_Cities_Research.md
frankfort_elberta_mi,coho_salmon,,admit,A,F25,Michigan Department of Natural Resources,"October 22, 2015",2015-10-22,https://content.govdelivery.com/accounts/MIDNR/bulletins/120bd0c,,,,local_identity_timing_and_targetability,"Support species identity, local pier relevance, timing, method, or qualitative event strength as explicitly reported.",Do not convert one event into annual frequency or city CPUE.,Frankfort both-pier steelhead/young coho; Manistee coho/steelhead. Historical.,docs/PierCast_Pilot_Cities_Research.md
frankfort_elberta_mi,coho_salmon,,admit,A,F48,Michigan Department of Natural Resources,"Michigan DNR, Aug. 16, 2023",2023-08-16,https://content.govdelivery.com/accounts/MIDNR/bulletins/36b27d5,,,,local_identity_timing_and_targetability,"Support species identity, local pier relevance, timing, method, or qualitative event strength as explicitly reported.",Do not convert one event into annual frequency or city CPUE.,Frankfort great Chinook pier activity,docs/PierCast_Core_Species_Seasonal_Calibration.md
frankfort_elberta_mi,coho_salmon,,admit,A,F49,Michigan Department of Natural Resources,"Michigan DNR, Oct. 16, 2024",2024-10-16,https://content.govdelivery.com/accounts/MIDNR/bulletins/3bc5a97,,,,local_identity_timing_and_targetability,"Support species identity, local pier relevance, timing, method, or qualitative event strength as explicitly reported.",Do not convert one event into annual frequency or city CPUE.,Frankfort excellent steelhead; fall steelhead at other ports,docs/PierCast_Core_Species_Seasonal_Calibration.md
frankfort_elberta_mi,coho_salmon,,admit,A,M1,Michigan Department of Natural Resources,"Michigan DNR Lake Michigan advisory minutes, Apr. 5, 2022",2022-04-05,https://www.michigan.gov/dnr/-/media/Project/Websites/dnr/Documents/Boards/LMCFAC/Minutes/minutes-april-5-2022.pdf,,,,recurrence_and_relative_magnitude,Support recurrence and bounded relative magnitude where geography and mode match.,"Do not infer target-specific CPUE, exact structure, or unobserved-month absence.",Port-level fishery-strength context; not pier-mode timing,docs/PierCast_Core_Species_Seasonal_Calibration.md
frankfort_elberta_mi,coho_salmon,spring_nearshore,admit,A,T002,Wisconsin Department of Natural Resources,Wisconsin DNR coho salmon fact sheet,,https://dnr.wisconsin.gov/sites/default/files/topic/Fishing/Species_cohosalmon.pdf,,,,thermal_compatibility,Constrain the direction and breadth of shared species thermal compatibility.,Do not claim a measured pier bite probability or mode-specific response.,,docs/PierCast_Core_Temperature_and_Source_Calibration.md
frankfort_elberta_mi,coho_salmon,spring_nearshore,admit,A,T008,Michigan Department of Natural Resources,Michigan DNR coho salmon profile,,https://www.michigan.gov/dnr/education/michigan-species/fish-species/coho-salmon,,,,thermal_compatibility,Constrain the direction and breadth of shared species thermal compatibility.,Do not claim a measured pier bite probability or mode-specific response.,,docs/PierCast_Core_Temperature_and_Source_Calibration.md
frankfort_elberta_mi,coho_salmon,spring_nearshore,admit,A,T013,Great Lakes Fishery Commission,"Great Lakes Fishery Commission, Temperature Relationships of Great Lakes Fishes",,https://www.sealamprey.org/pubs/SpecialPubs/Sp87_3.pdf,,,,thermal_compatibility,Constrain the direction and breadth of shared species thermal compatibility.,Do not claim a measured pier bite probability or mode-specific response.,,docs/PierCast_Core_Temperature_and_Source_Calibration.md
frankfort_elberta_mi,coho_salmon,summer_coldwater_access,admit,A,T002,Wisconsin Department of Natural Resources,Wisconsin DNR coho salmon fact sheet,,https://dnr.wisconsin.gov/sites/default/files/topic/Fishing/Species_cohosalmon.pdf,,,,thermal_compatibility,Constrain the direction and breadth of shared species thermal compatibility.,Do not claim a measured pier bite probability or mode-specific response.,,docs/PierCast_Core_Temperature_and_Source_Calibration.md
frankfort_elberta_mi,coho_salmon,summer_coldwater_access,admit,A,T008,Michigan Department of Natural Resources,Michigan DNR coho salmon profile,,https://www.michigan.gov/dnr/education/michigan-species/fish-species/coho-salmon,,,,thermal_compatibility,Constrain the direction and breadth of shared species thermal compatibility.,Do not claim a measured pier bite probability or mode-specific response.,,docs/PierCast_Core_Temperature_and_Source_Calibration.md
frankfort_elberta_mi,coho_salmon,summer_coldwater_access,admit,A,T013,Great Lakes Fishery Commission,"Great Lakes Fishery Commission, Temperature Relationships of Great Lakes Fishes",,https://www.sealamprey.org/pubs/SpecialPubs/Sp87_3.pdf,,,,thermal_compatibility,Constrain the direction and breadth of shared species thermal compatibility.,Do not claim a measured pier bite probability or mode-specific response.,,docs/PierCast_Core_Temperature_and_Source_Calibration.md
frankfort_elberta_mi,coho_salmon,fall_harbor_staging,admit,A,T002,Wisconsin Department of Natural Resources,Wisconsin DNR coho salmon fact sheet,,https://dnr.wisconsin.gov/sites/default/files/topic/Fishing/Species_cohosalmon.pdf,,,,thermal_compatibility,Constrain the direction and breadth of shared species thermal compatibility.,Do not claim a measured pier bite probability or mode-specific response.,,docs/PierCast_Core_Temperature_and_Source_Calibration.md
frankfort_elberta_mi,coho_salmon,fall_harbor_staging,admit,A,T008,Michigan Department of Natural Resources,Michigan DNR coho salmon profile,,https://www.michigan.gov/dnr/education/michigan-species/fish-species/coho-salmon,,,,thermal_compatibility,Constrain the direction and breadth of shared species thermal compatibility.,Do not claim a measured pier bite probability or mode-specific response.,,docs/PierCast_Core_Temperature_and_Source_Calibration.md
frankfort_elberta_mi,coho_salmon,fall_harbor_staging,admit,A,T013,Great Lakes Fishery Commission,"Great Lakes Fishery Commission, Temperature Relationships of Great Lakes Fishes",,https://www.sealamprey.org/pubs/SpecialPubs/Sp87_3.pdf,,,,thermal_compatibility,Constrain the direction and breadth of shared species thermal compatibility.,Do not claim a measured pier bite probability or mode-specific response.,,docs/PierCast_Core_Temperature_and_Source_Calibration.md
frankfort_elberta_mi,steelhead,,admit,A,F1,Michigan Department of Natural Resources,"April 2, 2025",2025-04-02,https://content.govdelivery.com/accounts/MIDNR/bulletins/3d9f82a,,,,local_identity_timing_and_targetability,"Support species identity, local pier relevance, timing, method, or qualitative event strength as explicitly reported.",Do not convert one event into annual frequency or city CPUE.,"steelhead/browns at Ludington, Manistee, Frankfort piers; catches vary substantially between ports.",docs/PierCast_Pilot_Cities_Research.md
frankfort_elberta_mi,steelhead,,admit,A,F3,Michigan Department of Natural Resources,"November 1, 2018",2018-11-01,https://content.govdelivery.com/accounts/MIDNR/bulletins/218605d,,,,local_identity_timing_and_targetability,"Support species identity, local pier relevance, timing, method, or qualitative event strength as explicitly reported.",Do not convert one event into annual frequency or city CPUE.,Frankfort steelhead/late coho; Manistee steelhead/unspecified whitefish; Ludington steelhead. Historical.,docs/PierCast_Pilot_Cities_Research.md
frankfort_elberta_mi,steelhead,,admit,A,F7,Michigan Department of Natural Resources,"September 26, 2019",2019-09-26,https://content.govdelivery.com/accounts/MIDNR/bulletins/261ba5c,,,,local_identity_timing_and_targetability,"Support species identity, local pier relevance, timing, method, or qualitative event strength as explicitly reported.",Do not convert one event into annual frequency or city CPUE.,Frankfort pier Chinook/coho/steelhead; Ludington pier small coho. Historical.,docs/PierCast_Pilot_Cities_Research.md
frankfort_elberta_mi,steelhead,,admit,A,F19,Michigan Department of Natural Resources,"November 1, 2023",2023-11-01,https://content.govdelivery.com/accounts/MIDNR/bulletins/378d7b9,,,,local_identity_timing_and_targetability,"Support species identity, local pier relevance, timing, method, or qualitative event strength as explicitly reported.",Do not convert one event into annual frequency or city CPUE.,"Frankfort steelhead from both piers and shore, low numbers.",docs/PierCast_Pilot_Cities_Research.md
frankfort_elberta_mi,steelhead,,admit,A,F25,Michigan Department of Natural Resources,"October 22, 2015",2015-10-22,https://content.govdelivery.com/accounts/MIDNR/bulletins/120bd0c,,,,local_identity_timing_and_targetability,"Support species identity, local pier relevance, timing, method, or qualitative event strength as explicitly reported.",Do not convert one event into annual frequency or city CPUE.,Frankfort both-pier steelhead/young coho; Manistee coho/steelhead. Historical.,docs/PierCast_Pilot_Cities_Research.md
frankfort_elberta_mi,steelhead,,admit,A,F31,Michigan Department of Natural Resources,"October 22, 2025",2025-10-22,https://content.govdelivery.com/accounts/MIDNR/bulletins/3f82f6f,,,,local_identity_timing_and_targetability,"Support species identity, local pier relevance, timing, method, or qualitative event strength as explicitly reported.",Do not convert one event into annual frequency or city CPUE.,Frankfort south-pier steelhead.,docs/PierCast_Pilot_Cities_Research.md
frankfort_elberta_mi,steelhead,,admit,A,F35,Michigan Department of Natural Resources,"Michigan DNR November 5, 2025",2025-11-05,https://content.govdelivery.com/accounts/MIDNR/bulletins/3fa205d,,,,local_identity_timing_and_targetability,"Support species identity, local pier relevance, timing, method, or qualitative event strength as explicitly reported.",Do not convert one event into annual frequency or city CPUE.,"Ludington/Manistee pier steelhead, Manistee pier coho; reporting suspension due to seasonal staff.",docs/PierCast_Pilot_Cities_Research.md
frankfort_elberta_mi,steelhead,,admit,A,F46,Michigan Department of Natural Resources,"Michigan DNR, Apr. 24, 2024",2024-04-24,https://content.govdelivery.com/accounts/MIDNR/bulletins/3987c22,,,,local_identity_timing_and_targetability,"Support species identity, local pier relevance, timing, method, or qualitative event strength as explicitly reported.",Do not convert one event into annual frequency or city CPUE.,Spring brown/coho/steelhead pier occurrence across pilot ports,docs/PierCast_Core_Species_Seasonal_Calibration.md
frankfort_elberta_mi,steelhead,,admit,A,F49,Michigan Department of Natural Resources,"Michigan DNR, Oct. 16, 2024",2024-10-16,https://content.govdelivery.com/accounts/MIDNR/bulletins/3bc5a97,,,,local_identity_timing_and_targetability,"Support species identity, local pier relevance, timing, method, or qualitative event strength as explicitly reported.",Do not convert one event into annual frequency or city CPUE.,Frankfort excellent steelhead; fall steelhead at other ports,docs/PierCast_Core_Species_Seasonal_Calibration.md
frankfort_elberta_mi,steelhead,winter_spring_thermal_front,admit,A,T003,Wisconsin Department of Natural Resources,Wisconsin DNR rainbow trout fact sheet,,https://dnr.wisconsin.gov/sites/default/files/topic/Fishing/Species_rainbowtrout.pdf,,,,thermal_compatibility,Constrain the direction and breadth of shared species thermal compatibility.,Do not claim a measured pier bite probability or mode-specific response.,,docs/PierCast_Core_Temperature_and_Source_Calibration.md
frankfort_elberta_mi,steelhead,winter_spring_thermal_front,admit,A,T007,U.S. Geological Survey,"USGS, steelhead growth-potential model and angler catch comparison",,https://www.usgs.gov/publications/landscape-scale-measures-steelhead-oncorhynchus-mykiss-bioenergetic-growth-rate,,,,thermal_compatibility,Constrain the direction and breadth of shared species thermal compatibility.,Do not claim a measured pier bite probability or mode-specific response.,,docs/PierCast_Core_Temperature_and_Source_Calibration.md
frankfort_elberta_mi,steelhead,winter_spring_thermal_front,admit,A,T009,Wisconsin Department of Natural Resources,Wisconsin DNR Lake Michigan steelhead strains,,https://dnr.wisconsin.gov/sites/default/files/topic/Fishing/Species_steelhead.pdf,,,,thermal_compatibility,Constrain the direction and breadth of shared species thermal compatibility.,Do not claim a measured pier bite probability or mode-specific response.,,docs/PierCast_Core_Temperature_and_Source_Calibration.md
frankfort_elberta_mi,steelhead,winter_spring_thermal_front,admit,A,T010,Wisconsin Department of Natural Resources,Wisconsin DNR Root River Steelhead Facility report,,https://dnr.wisconsin.gov/sites/default/files/topic/Fishing/LM_RootRiverSteelheadFacilityFall2024Spring2025.pdf,,,,thermal_compatibility,Constrain the direction and breadth of shared species thermal compatibility.,Do not claim a measured pier bite probability or mode-specific response.,,docs/PierCast_Core_Temperature_and_Source_Calibration.md
frankfort_elberta_mi,steelhead,winter_spring_thermal_front,admit,A,T032,Michigan Department of Natural Resources,Michigan DNR steelhead profile,,https://www.michigan.gov/dnr/education/michigan-species/fish-species/steelhead,,,,thermal_compatibility,Constrain the direction and breadth of shared species thermal compatibility.,Do not claim a measured pier bite probability or mode-specific response.,,docs/PierCast_Core_Temperature_and_Source_Calibration.md
frankfort_elberta_mi,steelhead,summer_thermal_break_or_upwelling,admit,A,T003,Wisconsin Department of Natural Resources,Wisconsin DNR rainbow trout fact sheet,,https://dnr.wisconsin.gov/sites/default/files/topic/Fishing/Species_rainbowtrout.pdf,,,,thermal_compatibility,Constrain the direction and breadth of shared species thermal compatibility.,Do not claim a measured pier bite probability or mode-specific response.,,docs/PierCast_Core_Temperature_and_Source_Calibration.md
frankfort_elberta_mi,steelhead,summer_thermal_break_or_upwelling,admit,A,T007,U.S. Geological Survey,"USGS, steelhead growth-potential model and angler catch comparison",,https://www.usgs.gov/publications/landscape-scale-measures-steelhead-oncorhynchus-mykiss-bioenergetic-growth-rate,,,,thermal_compatibility,Constrain the direction and breadth of shared species thermal compatibility.,Do not claim a measured pier bite probability or mode-specific response.,,docs/PierCast_Core_Temperature_and_Source_Calibration.md
frankfort_elberta_mi,steelhead,summer_thermal_break_or_upwelling,admit,A,T009,Wisconsin Department of Natural Resources,Wisconsin DNR Lake Michigan steelhead strains,,https://dnr.wisconsin.gov/sites/default/files/topic/Fishing/Species_steelhead.pdf,,,,thermal_compatibility,Constrain the direction and breadth of shared species thermal compatibility.,Do not claim a measured pier bite probability or mode-specific response.,,docs/PierCast_Core_Temperature_and_Source_Calibration.md
frankfort_elberta_mi,steelhead,summer_thermal_break_or_upwelling,admit,A,T010,Wisconsin Department of Natural Resources,Wisconsin DNR Root River Steelhead Facility report,,https://dnr.wisconsin.gov/sites/default/files/topic/Fishing/LM_RootRiverSteelheadFacilityFall2024Spring2025.pdf,,,,thermal_compatibility,Constrain the direction and breadth of shared species thermal compatibility.,Do not claim a measured pier bite probability or mode-specific response.,,docs/PierCast_Core_Temperature_and_Source_Calibration.md
frankfort_elberta_mi,steelhead,summer_thermal_break_or_upwelling,admit,A,T032,Michigan Department of Natural Resources,Michigan DNR steelhead profile,,https://www.michigan.gov/dnr/education/michigan-species/fish-species/steelhead,,,,thermal_compatibility,Constrain the direction and breadth of shared species thermal compatibility.,Do not claim a measured pier bite probability or mode-specific response.,,docs/PierCast_Core_Temperature_and_Source_Calibration.md
frankfort_elberta_mi,steelhead,fall_harbor_staging,admit,A,T003,Wisconsin Department of Natural Resources,Wisconsin DNR rainbow trout fact sheet,,https://dnr.wisconsin.gov/sites/default/files/topic/Fishing/Species_rainbowtrout.pdf,,,,thermal_compatibility,Constrain the direction and breadth of shared species thermal compatibility.,Do not claim a measured pier bite probability or mode-specific response.,,docs/PierCast_Core_Temperature_and_Source_Calibration.md
frankfort_elberta_mi,steelhead,fall_harbor_staging,admit,A,T007,U.S. Geological Survey,"USGS, steelhead growth-potential model and angler catch comparison",,https://www.usgs.gov/publications/landscape-scale-measures-steelhead-oncorhynchus-mykiss-bioenergetic-growth-rate,,,,thermal_compatibility,Constrain the direction and breadth of shared species thermal compatibility.,Do not claim a measured pier bite probability or mode-specific response.,,docs/PierCast_Core_Temperature_and_Source_Calibration.md
frankfort_elberta_mi,steelhead,fall_harbor_staging,admit,A,T009,Wisconsin Department of Natural Resources,Wisconsin DNR Lake Michigan steelhead strains,,https://dnr.wisconsin.gov/sites/default/files/topic/Fishing/Species_steelhead.pdf,,,,thermal_compatibility,Constrain the direction and breadth of shared species thermal compatibility.,Do not claim a measured pier bite probability or mode-specific response.,,docs/PierCast_Core_Temperature_and_Source_Calibration.md
frankfort_elberta_mi,steelhead,fall_harbor_staging,admit,A,T010,Wisconsin Department of Natural Resources,Wisconsin DNR Root River Steelhead Facility report,,https://dnr.wisconsin.gov/sites/default/files/topic/Fishing/LM_RootRiverSteelheadFacilityFall2024Spring2025.pdf,,,,thermal_compatibility,Constrain the direction and breadth of shared species thermal compatibility.,Do not claim a measured pier bite probability or mode-specific response.,,docs/PierCast_Core_Temperature_and_Source_Calibration.md
frankfort_elberta_mi,steelhead,fall_harbor_staging,admit,A,T032,Michigan Department of Natural Resources,Michigan DNR steelhead profile,,https://www.michigan.gov/dnr/education/michigan-species/fish-species/steelhead,,,,thermal_compatibility,Constrain the direction and breadth of shared species thermal compatibility.,Do not claim a measured pier bite probability or mode-specific response.,,docs/PierCast_Core_Temperature_and_Source_Calibration.md
frankfort_elberta_mi,brown_trout,,admit,A,F1,Michigan Department of Natural Resources,"April 2, 2025",2025-04-02,https://content.govdelivery.com/accounts/MIDNR/bulletins/3d9f82a,,,,local_identity_timing_and_targetability,"Support species identity, local pier relevance, timing, method, or qualitative event strength as explicitly reported.",Do not convert one event into annual frequency or city CPUE.,"steelhead/browns at Ludington, Manistee, Frankfort piers; catches vary substantially between ports.",docs/PierCast_Pilot_Cities_Research.md
frankfort_elberta_mi,brown_trout,,admit,A,F30,Michigan Department of Natural Resources,"June 25, 2025",2025-06-25,https://content.govdelivery.com/bulletins/gd/MIDNR-3e69eb7?wgt_ref=MIDNR_WIDGET_2,,,,local_identity_timing_and_targetability,"Support species identity, local pier relevance, timing, method, or qualitative event strength as explicitly reported.",Do not convert one event into annual frequency or city CPUE.,Frankfort north-pier Chinook/brown; Manistee pier sheepshead/bowfin/bass/pike.,docs/PierCast_Pilot_Cities_Research.md
frankfort_elberta_mi,brown_trout,,admit,A,F46,Michigan Department of Natural Resources,"Michigan DNR, Apr. 24, 2024",2024-04-24,https://content.govdelivery.com/accounts/MIDNR/bulletins/3987c22,,,,local_identity_timing_and_targetability,"Support species identity, local pier relevance, timing, method, or qualitative event strength as explicitly reported.",Do not convert one event into annual frequency or city CPUE.,Spring brown/coho/steelhead pier occurrence across pilot ports,docs/PierCast_Core_Species_Seasonal_Calibration.md
frankfort_elberta_mi,brown_trout,,admit,A,M2,Michigan Department of Natural Resources,"Michigan DNR Lake Michigan advisory minutes, Oct. 17, 2023",2023-10-17,https://www.michigan.gov/dnr/-/media/Project/Websites/dnr/Documents/Boards/LMCFAC/Minutes/minutes-oct-17-2023.pdf,,,,recurrence_and_relative_magnitude,Support recurrence and bounded relative magnitude where geography and mode match.,"Do not infer target-specific CPUE, exact structure, or unobserved-month absence.",Brown-trout stocking-site context; not catchability,docs/PierCast_Core_Species_Seasonal_Calibration.md
frankfort_elberta_mi,brown_trout,winter_harbor_open_water,admit,A,T004,Wisconsin Department of Natural Resources,Wisconsin DNR brown trout fact sheet,,https://dnr.wisconsin.gov/sites/default/files/topic/Fishing/Species_browntrout.pdf,,,,thermal_compatibility,Constrain the direction and breadth of shared species thermal compatibility.,Do not claim a measured pier bite probability or mode-specific response.,,docs/PierCast_Core_Temperature_and_Source_Calibration.md
frankfort_elberta_mi,brown_trout,winter_harbor_open_water,admit,A,T014,Primary source named in registry,"Haynes et al., Great Lakes brown trout movement and temperatures",,https://www.sciencedirect.com/science/article/pii/S0380133087716402,,,,thermal_compatibility,Constrain the direction and breadth of shared species thermal compatibility.,Do not claim a measured pier bite probability or mode-specific response.,,docs/PierCast_Core_Temperature_and_Source_Calibration.md
frankfort_elberta_mi,brown_trout,winter_harbor_open_water,admit,A,T015,Michigan Department of Natural Resources,Michigan DNR brown trout profile,,https://www.michigan.gov/dnr/education/michigan-species/fish-species/brown-trout,,,,thermal_compatibility,Constrain the direction and breadth of shared species thermal compatibility.,Do not claim a measured pier bite probability or mode-specific response.,,docs/PierCast_Core_Temperature_and_Source_Calibration.md
frankfort_elberta_mi,brown_trout,spring_nearshore,admit,A,T004,Wisconsin Department of Natural Resources,Wisconsin DNR brown trout fact sheet,,https://dnr.wisconsin.gov/sites/default/files/topic/Fishing/Species_browntrout.pdf,,,,thermal_compatibility,Constrain the direction and breadth of shared species thermal compatibility.,Do not claim a measured pier bite probability or mode-specific response.,,docs/PierCast_Core_Temperature_and_Source_Calibration.md
frankfort_elberta_mi,brown_trout,spring_nearshore,admit,A,T014,Primary source named in registry,"Haynes et al., Great Lakes brown trout movement and temperatures",,https://www.sciencedirect.com/science/article/pii/S0380133087716402,,,,thermal_compatibility,Constrain the direction and breadth of shared species thermal compatibility.,Do not claim a measured pier bite probability or mode-specific response.,,docs/PierCast_Core_Temperature_and_Source_Calibration.md
frankfort_elberta_mi,brown_trout,spring_nearshore,admit,A,T015,Michigan Department of Natural Resources,Michigan DNR brown trout profile,,https://www.michigan.gov/dnr/education/michigan-species/fish-species/brown-trout,,,,thermal_compatibility,Constrain the direction and breadth of shared species thermal compatibility.,Do not claim a measured pier bite probability or mode-specific response.,,docs/PierCast_Core_Temperature_and_Source_Calibration.md
frankfort_elberta_mi,brown_trout,fall_harbor,admit,A,T004,Wisconsin Department of Natural Resources,Wisconsin DNR brown trout fact sheet,,https://dnr.wisconsin.gov/sites/default/files/topic/Fishing/Species_browntrout.pdf,,,,thermal_compatibility,Constrain the direction and breadth of shared species thermal compatibility.,Do not claim a measured pier bite probability or mode-specific response.,,docs/PierCast_Core_Temperature_and_Source_Calibration.md
frankfort_elberta_mi,brown_trout,fall_harbor,admit,A,T014,Primary source named in registry,"Haynes et al., Great Lakes brown trout movement and temperatures",,https://www.sciencedirect.com/science/article/pii/S0380133087716402,,,,thermal_compatibility,Constrain the direction and breadth of shared species thermal compatibility.,Do not claim a measured pier bite probability or mode-specific response.,,docs/PierCast_Core_Temperature_and_Source_Calibration.md
frankfort_elberta_mi,brown_trout,fall_harbor,admit,A,T015,Michigan Department of Natural Resources,Michigan DNR brown trout profile,,https://www.michigan.gov/dnr/education/michigan-species/fish-species/brown-trout,,,,thermal_compatibility,Constrain the direction and breadth of shared species thermal compatibility.,Do not claim a measured pier bite probability or mode-specific response.,,docs/PierCast_Core_Temperature_and_Source_Calibration.md
frankfort_elberta_mi,lake_trout,,exclude,D,MI_CREEL,Michigan DNR,Michigan DNR public creel dashboard; preserved query snapshot,,https://app.powerbigov.us/view?r=eyJrIjoiOWQ5NjQxMmItYjFkYi00YzI2LTkxMTAtMjMwNjEzOWE5YjM3IiwidCI6ImQ1ZmI3MDg3LTM3NzctNDJhZC05NjZhLTg5MmVmNDcyMjVkMSJ9,Four named Michigan ports; 1989–2022,Pier/Dock,,recurrence_and_relative_magnitude,Support recurrence and bounded relative magnitude where geography and mode match.,"Do not infer target-specific CPUE, exact structure, or unobserved-month absence.","No exact structure, target-specific effort, method, size composition or sampling uncertainty in this extract; omitted rows remain missing. See creel-snapshot.json.",docs/onboarding/piercast/remaining-species/sources.json
frankfort_elberta_mi,lake_trout,,exclude,D,B_4160ba5,Michigan DNR,Michigan DNR Weekly Fishing Report 2026-05-06,2026-05-06,https://content.govdelivery.com/accounts/MIDNR/bulletins/4160ba5,Frankfort between piers,Boat trolling,,local_identity_timing_and_targetability,"Support species identity, local pier relevance, timing, method, or qualitative event strength as explicitly reported.",Do not convert one event into annual frequency or city CPUE.,Neither supports pier casting.,docs/onboarding/piercast/remaining-species/sources.json
frankfort_elberta_mi,lake_trout,,exclude,D,MI_STOCKING,Michigan DNR,Michigan DNR public fish stocking records; selected Lake Michigan sites,,https://midnr.maps.arcgis.com/apps/dashboards/77581b13c6984b919ab8ed927496a31f,"Lake Michigan named waterbodies in Mason, Ottawa, Manistee and Benzie counties, 2023 onward","Stocking, not angling",,local_identity_timing_and_targetability,"Support species identity, local pier relevance, timing, method, or qualitative event strength as explicitly reported.",Do not convert one event into annual frequency or city CPUE.,"Name/county filter is a bounded context query, not an exhaustive absence claim; federal/offshore records may be outside the service. Stocking neither proves nor is required for a fishery.",docs/onboarding/piercast/remaining-species/sources.json
frankfort_elberta_mi,walleye,,exclude,D,MI_CREEL,Michigan DNR,Michigan DNR public creel dashboard; preserved query snapshot,,https://app.powerbigov.us/view?r=eyJrIjoiOWQ5NjQxMmItYjFkYi00YzI2LTkxMTAtMjMwNjEzOWE5YjM3IiwidCI6ImQ1ZmI3MDg3LTM3NzctNDJhZC05NjZhLTg5MmVmNDcyMjVkMSJ9,Four named Michigan ports; 1989–2022,Pier/Dock,,recurrence_and_relative_magnitude,Support recurrence and bounded relative magnitude where geography and mode match.,"Do not infer target-specific CPUE, exact structure, or unobserved-month absence.","No exact structure, target-specific effort, method, size composition or sampling uncertainty in this extract; omitted rows remain missing. See creel-snapshot.json.",docs/onboarding/piercast/remaining-species/sources.json
frankfort_elberta_mi,walleye,,exclude,D,B_3987c22,Michigan DNR,Michigan DNR Weekly Fishing Report 2024-04-24,2024-04-24,https://content.govdelivery.com/accounts/MIDNR/bulletins/3987c22,Manistee piers; Frankfort channel,Pier and trolling separately,,local_identity_timing_and_targetability,"Support species identity, local pier relevance, timing, method, or qualitative event strength as explicitly reported.",Do not convert one event into annual frequency or city CPUE.,Frankfort trolling excluded. Manistee casting location insufficiently precise for exact-pier calibration.,docs/onboarding/piercast/remaining-species/sources.json
frankfort_elberta_mi,walleye,,exclude,D,B_4160ba5,Michigan DNR,Michigan DNR Weekly Fishing Report 2026-05-06,2026-05-06,https://content.govdelivery.com/accounts/MIDNR/bulletins/4160ba5,Frankfort between piers,Boat trolling,,local_identity_timing_and_targetability,"Support species identity, local pier relevance, timing, method, or qualitative event strength as explicitly reported.",Do not convert one event into annual frequency or city CPUE.,Neither supports pier casting.,docs/onboarding/piercast/remaining-species/sources.json
frankfort_elberta_mi,smallmouth_bass,,exclude,D,MI_CREEL,Michigan DNR,Michigan DNR public creel dashboard; preserved query snapshot,,https://app.powerbigov.us/view?r=eyJrIjoiOWQ5NjQxMmItYjFkYi00YzI2LTkxMTAtMjMwNjEzOWE5YjM3IiwidCI6ImQ1ZmI3MDg3LTM3NzctNDJhZC05NjZhLTg5MmVmNDcyMjVkMSJ9,Four named Michigan ports; 1989–2022,Pier/Dock,,recurrence_and_relative_magnitude,Support recurrence and bounded relative magnitude where geography and mode match.,"Do not infer target-specific CPUE, exact structure, or unobserved-month absence.","No exact structure, target-specific effort, method, size composition or sampling uncertainty in this extract; omitted rows remain missing. See creel-snapshot.json.",docs/onboarding/piercast/remaining-species/sources.json
frankfort_elberta_mi,freshwater_drum,,exclude,D,MI_CREEL,Michigan DNR,Michigan DNR public creel dashboard; preserved query snapshot,,https://app.powerbigov.us/view?r=eyJrIjoiOWQ5NjQxMmItYjFkYi00YzI2LTkxMTAtMjMwNjEzOWE5YjM3IiwidCI6ImQ1ZmI3MDg3LTM3NzctNDJhZC05NjZhLTg5MmVmNDcyMjVkMSJ9,Four named Michigan ports; 1989–2022,Pier/Dock,,recurrence_and_relative_magnitude,Support recurrence and bounded relative magnitude where geography and mode match.,"Do not infer target-specific CPUE, exact structure, or unobserved-month absence.","No exact structure, target-specific effort, method, size composition or sampling uncertainty in this extract; omitted rows remain missing. See creel-snapshot.json.",docs/onboarding/piercast/remaining-species/sources.json
frankfort_elberta_mi,yellow_perch,,exclude,D,MI_CREEL,Michigan DNR,Michigan DNR public creel dashboard; preserved query snapshot,,https://app.powerbigov.us/view?r=eyJrIjoiOWQ5NjQxMmItYjFkYi00YzI2LTkxMTAtMjMwNjEzOWE5YjM3IiwidCI6ImQ1ZmI3MDg3LTM3NzctNDJhZC05NjZhLTg5MmVmNDcyMjVkMSJ9,Four named Michigan ports; 1989–2022,Pier/Dock,,recurrence_and_relative_magnitude,Support recurrence and bounded relative magnitude where geography and mode match.,"Do not infer target-specific CPUE, exact structure, or unobserved-month absence.","No exact structure, target-specific effort, method, size composition or sampling uncertainty in this extract; omitted rows remain missing. See creel-snapshot.json.",docs/onboarding/piercast/remaining-species/sources.json
frankfort_elberta_mi,lake_whitefish,,exclude,D,MI_CREEL,Michigan DNR,Michigan DNR public creel dashboard; preserved query snapshot,,https://app.powerbigov.us/view?r=eyJrIjoiOWQ5NjQxMmItYjFkYi00YzI2LTkxMTAtMjMwNjEzOWE5YjM3IiwidCI6ImQ1ZmI3MDg3LTM3NzctNDJhZC05NjZhLTg5MmVmNDcyMjVkMSJ9,Four named Michigan ports; 1989–2022,Pier/Dock,,recurrence_and_relative_magnitude,Support recurrence and bounded relative magnitude where geography and mode match.,"Do not infer target-specific CPUE, exact structure, or unobserved-month absence.","No exact structure, target-specific effort, method, size composition or sampling uncertainty in this extract; omitted rows remain missing. See creel-snapshot.json.",docs/onboarding/piercast/remaining-species/sources.json
frankfort_elberta_mi,lake_whitefish,,exclude,D,ROUND_DECLINE,See named source publisher/author,"Alan Campbell, Grayling and Menominee, Leelanau Enterprise",2026-02-25,"https://www.leelanaunews.com/article/7195,grayling-and-menominee",Northwest Michigan; biologist recalls Frankfort pier trip,Historical pier angling; attributed interview,,local_identity_timing_and_targetability,"Support species identity, local pier relevance, timing, method, or qualitative event strength as explicitly reported.",Do not convert one event into annual frequency or city CPUE.,2026 publication is not a 2026 catch observation. Journalist species/season generalizations do not override species-specific DNR biology.,docs/onboarding/piercast/remaining-species/sources.json
frankfort_elberta_mi,round_whitefish,,defer,C,MI_CREEL,Michigan DNR,Michigan DNR public creel dashboard; preserved query snapshot,,https://app.powerbigov.us/view?r=eyJrIjoiOWQ5NjQxMmItYjFkYi00YzI2LTkxMTAtMjMwNjEzOWE5YjM3IiwidCI6ImQ1ZmI3MDg3LTM3NzctNDJhZC05NjZhLTg5MmVmNDcyMjVkMSJ9,Four named Michigan ports; 1989–2022,Pier/Dock,,recurrence_and_relative_magnitude,Support recurrence and bounded relative magnitude where geography and mode match.,"Do not infer target-specific CPUE, exact structure, or unobserved-month absence.","No exact structure, target-specific effort, method, size composition or sampling uncertainty in this extract; omitted rows remain missing. See creel-snapshot.json.",docs/onboarding/piercast/remaining-species/sources.json
frankfort_elberta_mi,round_whitefish,,defer,C,ROUND_DECLINE,See named source publisher/author,"Alan Campbell, Grayling and Menominee, Leelanau Enterprise",2026-02-25,"https://www.leelanaunews.com/article/7195,grayling-and-menominee",Northwest Michigan; biologist recalls Frankfort pier trip,Historical pier angling; attributed interview,,local_identity_timing_and_targetability,"Support species identity, local pier relevance, timing, method, or qualitative event strength as explicitly reported.",Do not convert one event into annual frequency or city CPUE.,2026 publication is not a 2026 catch observation. Journalist species/season generalizations do not override species-specific DNR biology.,docs/onboarding/piercast/remaining-species/sources.json
frankfort_elberta_mi,channel_catfish,,exclude,D,MI_CREEL,Michigan DNR,Michigan DNR public creel dashboard; preserved query snapshot,,https://app.powerbigov.us/view?r=eyJrIjoiOWQ5NjQxMmItYjFkYi00YzI2LTkxMTAtMjMwNjEzOWE5YjM3IiwidCI6ImQ1ZmI3MDg3LTM3NzctNDJhZC05NjZhLTg5MmVmNDcyMjVkMSJ9,Four named Michigan ports; 1989–2022,Pier/Dock,,recurrence_and_relative_magnitude,Support recurrence and bounded relative magnitude where geography and mode match.,"Do not infer target-specific CPUE, exact structure, or unobserved-month absence.","No exact structure, target-specific effort, method, size composition or sampling uncertainty in this extract; omitted rows remain missing. See creel-snapshot.json.",docs/onboarding/piercast/remaining-species/sources.json
frankfort_elberta_mi,largemouth_bass,,exclude,D,MI_CREEL,Michigan DNR,Michigan DNR public creel dashboard; preserved query snapshot,,https://app.powerbigov.us/view?r=eyJrIjoiOWQ5NjQxMmItYjFkYi00YzI2LTkxMTAtMjMwNjEzOWE5YjM3IiwidCI6ImQ1ZmI3MDg3LTM3NzctNDJhZC05NjZhLTg5MmVmNDcyMjVkMSJ9,Four named Michigan ports; 1989–2022,Pier/Dock,,recurrence_and_relative_magnitude,Support recurrence and bounded relative magnitude where geography and mode match.,"Do not infer target-specific CPUE, exact structure, or unobserved-month absence.","No exact structure, target-specific effort, method, size composition or sampling uncertainty in this extract; omitted rows remain missing. See creel-snapshot.json.",docs/onboarding/piercast/remaining-species/sources.json
sheboygan_wi,chinook_salmon,,admit,B,S1,Wisconsin Department of Natural Resources,"Wisconsin DNR, Close to Home fall shore fishing",,https://dnr.wisconsin.gov/sites/default/files/topic/Fishing/LM_closetohome_letter.pdf,,,,regional_mode_timing,Constrain broad mode timing and regional recurrence.,Do not treat regional timing as city-specific catch rate.,entries 26–27 identify both Sheboygan piers with salmon/brown/steelhead. Publication date not confirmed; old legal text must not be reused. The regional season graphic is not a Sheboygan-specific curve.,docs/PierCast_Pilot_Cities_Research.md
sheboygan_wi,chinook_salmon,,admit,B,S5,Wisconsin Department of Natural Resources,"Wisconsin DNR August 31, 2026 report",2026-08-31,https://dnr.wisconsin.gov/topic/Fishing/lakemichigan/OutdoorReport,,,,regional_mode_timing,Constrain broad mode timing and regional recurrence.,Do not treat regional timing as city-specific catch rate.,Sheboygan Pier/Shore paragraph identifies Chinook catches and unsuccessful anglers. Rolling URL; date must accompany any retained evidence. Lakeshore reporting generally March–October leaves winter limitations.,docs/PierCast_Pilot_Cities_Research.md
sheboygan_wi,chinook_salmon,,admit,B,W1,Wisconsin Department of Natural Resources,Wisconsin DNR 2024 open-water sportfishing report,2024,https://dnr.wisconsin.gov/sites/default/files/topic/Fishing/LMGLFC2025.pdf,,,,regional_mode_timing,Constrain broad mode timing and regional recurrence.,Do not treat regional timing as city-specific catch rate.,Regional mode-specific harvest and survey limitations,docs/PierCast_Core_Species_Seasonal_Calibration.md
sheboygan_wi,chinook_salmon,,admit,B,W2,Wisconsin Department of Natural Resources,"Wisconsin DNR Lake Michigan report, Aug. 31, 2026",2026-08-31,https://dnr.wisconsin.gov/topic/Fishing/lakemichigan/OutdoorReport,,,,regional_mode_timing,Constrain broad mode timing and regional recurrence.,Do not treat regional timing as city-specific catch rate.,Sheboygan Chinook effort and catches,docs/PierCast_Core_Species_Seasonal_Calibration.md
sheboygan_wi,chinook_salmon,,admit,B,W3,Wisconsin Department of Natural Resources,Wisconsin DNR 2022 open-water sportfishing report,2022,https://dnr.wisconsin.gov/sites/default/files/topic/LM_LakeMichiganSportHarvestReport2022.pdf,,,,regional_mode_timing,Constrain broad mode timing and regional recurrence.,Do not treat regional timing as city-specific catch rate.,Regional pier-mode month bins and long-term Sheboygan County effort,docs/PierCast_Core_Species_Seasonal_Calibration.md
sheboygan_wi,chinook_salmon,,admit,B,W4,Wisconsin Department of Natural Resources,Wisconsin DNR 2023 open-water sportfishing report,2023,https://dnr.wisconsin.gov/sites/default/files/topic/Fishing/LM_LakeMichiganSportHarvestReport2023.pdf,,,,regional_mode_timing,Constrain broad mode timing and regional recurrence.,Do not treat regional timing as city-specific catch rate.,Regional pier-mode month bins and long-term Sheboygan County effort,docs/PierCast_Core_Species_Seasonal_Calibration.md
sheboygan_wi,chinook_salmon,,admit,B,W5,Wisconsin Department of Natural Resources,Wisconsin DNR 2024 open-water sportfishing report,2024,https://dnr.wisconsin.gov/sites/default/files/topic/Fishing/LM_LakeMichiganSportHarvestReport2024.pdf,,,,regional_mode_timing,Constrain broad mode timing and regional recurrence.,Do not treat regional timing as city-specific catch rate.,Regional pier-mode month bins and long-term Sheboygan County effort,docs/PierCast_Core_Species_Seasonal_Calibration.md
sheboygan_wi,chinook_salmon,,admit,B,W6,Wisconsin Department of Natural Resources,Wisconsin DNR 2025 salmonid stocking summary,2025,https://dnr.wisconsin.gov/sites/default/files/topic/Fishing/LM_StockingSummary2025.pdf,,,,regional_mode_timing,Constrain broad mode timing and regional recurrence.,Do not treat regional timing as city-specific catch rate.,Current Sheboygan County and site-level fishery-support context; not catchability,docs/PierCast_Core_Species_Seasonal_Calibration.md
sheboygan_wi,chinook_salmon,,admit,B,W8,Primary source named in registry,"Wisconsin DNR report, Aug. 13, 2010, archived reproduction",2010-08-13,https://wisconsinoutdoor.com/smf/index.php?topic=4046.0,,,,regional_mode_timing,Constrain broad mode timing and regional recurrence.,Do not treat regional timing as city-specific catch rate.,"Mixed salmonid catches from both Sheboygan piers; historical, secondary-host provenance",docs/PierCast_Core_Species_Seasonal_Calibration.md
sheboygan_wi,chinook_salmon,,admit,B,W9,Primary source named in registry,"Wisconsin DNR report, Sept. 9, 2010, archived reproduction",2010-09-09,https://wisconsinoutdoor.com/smf/index.php?topic=4116.0,,,,regional_mode_timing,Constrain broad mode timing and regional recurrence.,Do not treat regional timing as city-specific catch rate.,"Fair Chinook/coho/brown catches from both Sheboygan piers; historical, secondary-host provenance",docs/PierCast_Core_Species_Seasonal_Calibration.md
sheboygan_wi,chinook_salmon,,admit,B,W12,Primary source named in registry,"Southern Lake Michigan report, Sept. 7, 2019",2019-09-07,https://www.seehafernews.com/2019/09/07/outdoor-report-2/,,,,regional_mode_timing,Constrain broad mode timing and regional recurrence.,Do not treat regional timing as city-specific catch rate.,Sheboygan pier Chinook/brown occurrence and effort context; secondary-host provenance,docs/PierCast_Core_Species_Seasonal_Calibration.md
sheboygan_wi,chinook_salmon,spring_nearshore_transient,admit,B,T001,Wisconsin Department of Natural Resources,Wisconsin DNR Chinook salmon fact sheet,,https://dnr.wisconsin.gov/sites/default/files/topic/Fishing/Species_chinooksalmon.pdf,,,,thermal_compatibility,Constrain the direction and breadth of shared species thermal compatibility.,Do not claim a measured pier bite probability or mode-specific response.,,docs/PierCast_Core_Temperature_and_Source_Calibration.md
sheboygan_wi,chinook_salmon,spring_nearshore_transient,admit,B,T006,Primary source named in registry,"Adlerstein et al., Lake Michigan Chinook movement and assessment catch",,https://academic.oup.com/tafs/article/137/3/736/7888693,,,,thermal_compatibility,Constrain the direction and breadth of shared species thermal compatibility.,Do not claim a measured pier bite probability or mode-specific response.,,docs/PierCast_Core_Temperature_and_Source_Calibration.md
sheboygan_wi,chinook_salmon,summer_coldwater_access,admit,B,T001,Wisconsin Department of Natural Resources,Wisconsin DNR Chinook salmon fact sheet,,https://dnr.wisconsin.gov/sites/default/files/topic/Fishing/Species_chinooksalmon.pdf,,,,thermal_compatibility,Constrain the direction and breadth of shared species thermal compatibility.,Do not claim a measured pier bite probability or mode-specific response.,,docs/PierCast_Core_Temperature_and_Source_Calibration.md
sheboygan_wi,chinook_salmon,summer_coldwater_access,admit,B,T006,Primary source named in registry,"Adlerstein et al., Lake Michigan Chinook movement and assessment catch",,https://academic.oup.com/tafs/article/137/3/736/7888693,,,,thermal_compatibility,Constrain the direction and breadth of shared species thermal compatibility.,Do not claim a measured pier bite probability or mode-specific response.,,docs/PierCast_Core_Temperature_and_Source_Calibration.md
sheboygan_wi,chinook_salmon,fall_harbor_staging,admit,B,T001,Wisconsin Department of Natural Resources,Wisconsin DNR Chinook salmon fact sheet,,https://dnr.wisconsin.gov/sites/default/files/topic/Fishing/Species_chinooksalmon.pdf,,,,thermal_compatibility,Constrain the direction and breadth of shared species thermal compatibility.,Do not claim a measured pier bite probability or mode-specific response.,,docs/PierCast_Core_Temperature_and_Source_Calibration.md
sheboygan_wi,chinook_salmon,fall_harbor_staging,admit,B,T006,Primary source named in registry,"Adlerstein et al., Lake Michigan Chinook movement and assessment catch",,https://academic.oup.com/tafs/article/137/3/736/7888693,,,,thermal_compatibility,Constrain the direction and breadth of shared species thermal compatibility.,Do not claim a measured pier bite probability or mode-specific response.,,docs/PierCast_Core_Temperature_and_Source_Calibration.md
sheboygan_wi,coho_salmon,,admit,B,S1,Wisconsin Department of Natural Resources,"Wisconsin DNR, Close to Home fall shore fishing",,https://dnr.wisconsin.gov/sites/default/files/topic/Fishing/LM_closetohome_letter.pdf,,,,regional_mode_timing,Constrain broad mode timing and regional recurrence.,Do not treat regional timing as city-specific catch rate.,entries 26–27 identify both Sheboygan piers with salmon/brown/steelhead. Publication date not confirmed; old legal text must not be reused. The regional season graphic is not a Sheboygan-specific curve.,docs/PierCast_Pilot_Cities_Research.md
sheboygan_wi,coho_salmon,,admit,B,S6,Wisconsin Department of Natural Resources,"Wisconsin's 2023 Open Water Sportfishing Effort and Harvest, May 2024",2023,https://dnr.wisconsin.gov/sites/default/files/topic/Fishing/LM_LakeMichiganSportHarvestReport2023.pdf,,,,regional_mode_timing,Constrain broad mode timing and regional recurrence.,Do not treat regional timing as city-specific catch rate.,"Table 6, PDF p.8, pier-mode seasonal estimates across all survey areas; Table 7 is shore mode. Regional hypothesis support only; zero winter effort is not fish absence.",docs/PierCast_Pilot_Cities_Research.md
sheboygan_wi,coho_salmon,,admit,B,S8,Wisconsin Department of Natural Resources,Wisconsin DNR 2024 Lake Michigan sport harvest report,2024,https://dnr.wisconsin.gov/sites/default/files/topic/Fishing/LM_LakeMichiganSportHarvestReport2024.pdf,,,,regional_mode_timing,Constrain broad mode timing and regional recurrence.,Do not treat regional timing as city-specific catch rate.,regional coho and aggregate pier harvest; not city-by-pier-mode seasonal evidence.,docs/PierCast_Pilot_Cities_Research.md
sheboygan_wi,coho_salmon,,admit,B,W1,Wisconsin Department of Natural Resources,Wisconsin DNR 2024 open-water sportfishing report,2024,https://dnr.wisconsin.gov/sites/default/files/topic/Fishing/LMGLFC2025.pdf,,,,regional_mode_timing,Constrain broad mode timing and regional recurrence.,Do not treat regional timing as city-specific catch rate.,Regional mode-specific harvest and survey limitations,docs/PierCast_Core_Species_Seasonal_Calibration.md
sheboygan_wi,coho_salmon,,admit,B,W3,Wisconsin Department of Natural Resources,Wisconsin DNR 2022 open-water sportfishing report,2022,https://dnr.wisconsin.gov/sites/default/files/topic/LM_LakeMichiganSportHarvestReport2022.pdf,,,,regional_mode_timing,Constrain broad mode timing and regional recurrence.,Do not treat regional timing as city-specific catch rate.,Regional pier-mode month bins and long-term Sheboygan County effort,docs/PierCast_Core_Species_Seasonal_Calibration.md
sheboygan_wi,coho_salmon,,admit,B,W4,Wisconsin Department of Natural Resources,Wisconsin DNR 2023 open-water sportfishing report,2023,https://dnr.wisconsin.gov/sites/default/files/topic/Fishing/LM_LakeMichiganSportHarvestReport2023.pdf,,,,regional_mode_timing,Constrain broad mode timing and regional recurrence.,Do not treat regional timing as city-specific catch rate.,Regional pier-mode month bins and long-term Sheboygan County effort,docs/PierCast_Core_Species_Seasonal_Calibration.md
sheboygan_wi,coho_salmon,,admit,B,W5,Wisconsin Department of Natural Resources,Wisconsin DNR 2024 open-water sportfishing report,2024,https://dnr.wisconsin.gov/sites/default/files/topic/Fishing/LM_LakeMichiganSportHarvestReport2024.pdf,,,,regional_mode_timing,Constrain broad mode timing and regional recurrence.,Do not treat regional timing as city-specific catch rate.,Regional pier-mode month bins and long-term Sheboygan County effort,docs/PierCast_Core_Species_Seasonal_Calibration.md
sheboygan_wi,coho_salmon,,admit,B,W6,Wisconsin Department of Natural Resources,Wisconsin DNR 2025 salmonid stocking summary,2025,https://dnr.wisconsin.gov/sites/default/files/topic/Fishing/LM_StockingSummary2025.pdf,,,,regional_mode_timing,Constrain broad mode timing and regional recurrence.,Do not treat regional timing as city-specific catch rate.,Current Sheboygan County and site-level fishery-support context; not catchability,docs/PierCast_Core_Species_Seasonal_Calibration.md
sheboygan_wi,coho_salmon,,admit,B,W8,Primary source named in registry,"Wisconsin DNR report, Aug. 13, 2010, archived reproduction",2010-08-13,https://wisconsinoutdoor.com/smf/index.php?topic=4046.0,,,,regional_mode_timing,Constrain broad mode timing and regional recurrence.,Do not treat regional timing as city-specific catch rate.,"Mixed salmonid catches from both Sheboygan piers; historical, secondary-host provenance",docs/PierCast_Core_Species_Seasonal_Calibration.md
sheboygan_wi,coho_salmon,,admit,B,W9,Primary source named in registry,"Wisconsin DNR report, Sept. 9, 2010, archived reproduction",2010-09-09,https://wisconsinoutdoor.com/smf/index.php?topic=4116.0,,,,regional_mode_timing,Constrain broad mode timing and regional recurrence.,Do not treat regional timing as city-specific catch rate.,"Fair Chinook/coho/brown catches from both Sheboygan piers; historical, secondary-host provenance",docs/PierCast_Core_Species_Seasonal_Calibration.md
sheboygan_wi,coho_salmon,,admit,B,W11,Primary source named in registry,"Wisconsin DNR creel excerpt, Oct. 2011, newspaper archive",2011,https://chicago.suntimes.com/news/2011/10/19/18602479/midwest-fishing-report-rivers-rolling-fall-patterns-minocqua-add,,,,regional_mode_timing,Constrain broad mode timing and regional recurrence.,Do not treat regional timing as city-specific catch rate.,"Sheboygan pier coho/brown occurrence; historical, secondary-host provenance",docs/PierCast_Core_Species_Seasonal_Calibration.md
sheboygan_wi,coho_salmon,spring_nearshore,admit,B,T002,Wisconsin Department of Natural Resources,Wisconsin DNR coho salmon fact sheet,,https://dnr.wisconsin.gov/sites/default/files/topic/Fishing/Species_cohosalmon.pdf,,,,thermal_compatibility,Constrain the direction and breadth of shared species thermal compatibility.,Do not claim a measured pier bite probability or mode-specific response.,,docs/PierCast_Core_Temperature_and_Source_Calibration.md
sheboygan_wi,coho_salmon,spring_nearshore,admit,B,T008,Michigan Department of Natural Resources,Michigan DNR coho salmon profile,,https://www.michigan.gov/dnr/education/michigan-species/fish-species/coho-salmon,,,,thermal_compatibility,Constrain the direction and breadth of shared species thermal compatibility.,Do not claim a measured pier bite probability or mode-specific response.,,docs/PierCast_Core_Temperature_and_Source_Calibration.md
sheboygan_wi,coho_salmon,spring_nearshore,admit,B,T013,Great Lakes Fishery Commission,"Great Lakes Fishery Commission, Temperature Relationships of Great Lakes Fishes",,https://www.sealamprey.org/pubs/SpecialPubs/Sp87_3.pdf,,,,thermal_compatibility,Constrain the direction and breadth of shared species thermal compatibility.,Do not claim a measured pier bite probability or mode-specific response.,,docs/PierCast_Core_Temperature_and_Source_Calibration.md
sheboygan_wi,coho_salmon,summer_coldwater_access,admit,B,T002,Wisconsin Department of Natural Resources,Wisconsin DNR coho salmon fact sheet,,https://dnr.wisconsin.gov/sites/default/files/topic/Fishing/Species_cohosalmon.pdf,,,,thermal_compatibility,Constrain the direction and breadth of shared species thermal compatibility.,Do not claim a measured pier bite probability or mode-specific response.,,docs/PierCast_Core_Temperature_and_Source_Calibration.md
sheboygan_wi,coho_salmon,summer_coldwater_access,admit,B,T008,Michigan Department of Natural Resources,Michigan DNR coho salmon profile,,https://www.michigan.gov/dnr/education/michigan-species/fish-species/coho-salmon,,,,thermal_compatibility,Constrain the direction and breadth of shared species thermal compatibility.,Do not claim a measured pier bite probability or mode-specific response.,,docs/PierCast_Core_Temperature_and_Source_Calibration.md
sheboygan_wi,coho_salmon,summer_coldwater_access,admit,B,T013,Great Lakes Fishery Commission,"Great Lakes Fishery Commission, Temperature Relationships of Great Lakes Fishes",,https://www.sealamprey.org/pubs/SpecialPubs/Sp87_3.pdf,,,,thermal_compatibility,Constrain the direction and breadth of shared species thermal compatibility.,Do not claim a measured pier bite probability or mode-specific response.,,docs/PierCast_Core_Temperature_and_Source_Calibration.md
sheboygan_wi,coho_salmon,fall_harbor_staging,admit,B,T002,Wisconsin Department of Natural Resources,Wisconsin DNR coho salmon fact sheet,,https://dnr.wisconsin.gov/sites/default/files/topic/Fishing/Species_cohosalmon.pdf,,,,thermal_compatibility,Constrain the direction and breadth of shared species thermal compatibility.,Do not claim a measured pier bite probability or mode-specific response.,,docs/PierCast_Core_Temperature_and_Source_Calibration.md
sheboygan_wi,coho_salmon,fall_harbor_staging,admit,B,T008,Michigan Department of Natural Resources,Michigan DNR coho salmon profile,,https://www.michigan.gov/dnr/education/michigan-species/fish-species/coho-salmon,,,,thermal_compatibility,Constrain the direction and breadth of shared species thermal compatibility.,Do not claim a measured pier bite probability or mode-specific response.,,docs/PierCast_Core_Temperature_and_Source_Calibration.md
sheboygan_wi,coho_salmon,fall_harbor_staging,admit,B,T013,Great Lakes Fishery Commission,"Great Lakes Fishery Commission, Temperature Relationships of Great Lakes Fishes",,https://www.sealamprey.org/pubs/SpecialPubs/Sp87_3.pdf,,,,thermal_compatibility,Constrain the direction and breadth of shared species thermal compatibility.,Do not claim a measured pier bite probability or mode-specific response.,,docs/PierCast_Core_Temperature_and_Source_Calibration.md
sheboygan_wi,steelhead,,admit,B,S1,Wisconsin Department of Natural Resources,"Wisconsin DNR, Close to Home fall shore fishing",,https://dnr.wisconsin.gov/sites/default/files/topic/Fishing/LM_closetohome_letter.pdf,,,,regional_mode_timing,Constrain broad mode timing and regional recurrence.,Do not treat regional timing as city-specific catch rate.,entries 26–27 identify both Sheboygan piers with salmon/brown/steelhead. Publication date not confirmed; old legal text must not be reused. The regional season graphic is not a Sheboygan-specific curve.,docs/PierCast_Pilot_Cities_Research.md
sheboygan_wi,steelhead,,admit,B,S7,Wisconsin Department of Natural Resources,Wisconsin DNR rainbow trout species publication,,https://dnr.wisconsin.gov/sites/default/files/topic/Fishing/Species_rainbowtrout.pdf,,,,regional_mode_timing,Constrain broad mode timing and regional recurrence.,Do not treat regional timing as city-specific catch rate.,"regional spring/summer/fall pier/shore fishery context; date not confirmed in this review, no local monthly calibration.",docs/PierCast_Pilot_Cities_Research.md
sheboygan_wi,steelhead,,admit,B,W1,Wisconsin Department of Natural Resources,Wisconsin DNR 2024 open-water sportfishing report,2024,https://dnr.wisconsin.gov/sites/default/files/topic/Fishing/LMGLFC2025.pdf,,,,regional_mode_timing,Constrain broad mode timing and regional recurrence.,Do not treat regional timing as city-specific catch rate.,Regional mode-specific harvest and survey limitations,docs/PierCast_Core_Species_Seasonal_Calibration.md
sheboygan_wi,steelhead,,admit,B,W3,Wisconsin Department of Natural Resources,Wisconsin DNR 2022 open-water sportfishing report,2022,https://dnr.wisconsin.gov/sites/default/files/topic/LM_LakeMichiganSportHarvestReport2022.pdf,,,,regional_mode_timing,Constrain broad mode timing and regional recurrence.,Do not treat regional timing as city-specific catch rate.,Regional pier-mode month bins and long-term Sheboygan County effort,docs/PierCast_Core_Species_Seasonal_Calibration.md
sheboygan_wi,steelhead,,admit,B,W4,Wisconsin Department of Natural Resources,Wisconsin DNR 2023 open-water sportfishing report,2023,https://dnr.wisconsin.gov/sites/default/files/topic/Fishing/LM_LakeMichiganSportHarvestReport2023.pdf,,,,regional_mode_timing,Constrain broad mode timing and regional recurrence.,Do not treat regional timing as city-specific catch rate.,Regional pier-mode month bins and long-term Sheboygan County effort,docs/PierCast_Core_Species_Seasonal_Calibration.md
sheboygan_wi,steelhead,,admit,B,W5,Wisconsin Department of Natural Resources,Wisconsin DNR 2024 open-water sportfishing report,2024,https://dnr.wisconsin.gov/sites/default/files/topic/Fishing/LM_LakeMichiganSportHarvestReport2024.pdf,,,,regional_mode_timing,Constrain broad mode timing and regional recurrence.,Do not treat regional timing as city-specific catch rate.,Regional pier-mode month bins and long-term Sheboygan County effort,docs/PierCast_Core_Species_Seasonal_Calibration.md
sheboygan_wi,steelhead,,admit,B,W6,Wisconsin Department of Natural Resources,Wisconsin DNR 2025 salmonid stocking summary,2025,https://dnr.wisconsin.gov/sites/default/files/topic/Fishing/LM_StockingSummary2025.pdf,,,,regional_mode_timing,Constrain broad mode timing and regional recurrence.,Do not treat regional timing as city-specific catch rate.,Current Sheboygan County and site-level fishery-support context; not catchability,docs/PierCast_Core_Species_Seasonal_Calibration.md
sheboygan_wi,steelhead,,admit,B,W7,Primary source named in registry,"Wisconsin DNR report, Mar. 25, 2010, archived reproduction",2010-03-25,https://wisconsinoutdoor.com/smf/index.php?topic=3580.0,,,,regional_mode_timing,Constrain broad mode timing and regional recurrence.,Do not treat regional timing as city-specific catch rate.,"Sheboygan South Pier rainbow/brown occurrence; historical, secondary-host provenance",docs/PierCast_Core_Species_Seasonal_Calibration.md
sheboygan_wi,steelhead,,admit,B,W8,Primary source named in registry,"Wisconsin DNR report, Aug. 13, 2010, archived reproduction",2010-08-13,https://wisconsinoutdoor.com/smf/index.php?topic=4046.0,,,,regional_mode_timing,Constrain broad mode timing and regional recurrence.,Do not treat regional timing as city-specific catch rate.,"Mixed salmonid catches from both Sheboygan piers; historical, secondary-host provenance",docs/PierCast_Core_Species_Seasonal_Calibration.md
sheboygan_wi,steelhead,winter_spring_thermal_front,admit,B,T003,Wisconsin Department of Natural Resources,Wisconsin DNR rainbow trout fact sheet,,https://dnr.wisconsin.gov/sites/default/files/topic/Fishing/Species_rainbowtrout.pdf,,,,thermal_compatibility,Constrain the direction and breadth of shared species thermal compatibility.,Do not claim a measured pier bite probability or mode-specific response.,,docs/PierCast_Core_Temperature_and_Source_Calibration.md
sheboygan_wi,steelhead,winter_spring_thermal_front,admit,B,T007,U.S. Geological Survey,"USGS, steelhead growth-potential model and angler catch comparison",,https://www.usgs.gov/publications/landscape-scale-measures-steelhead-oncorhynchus-mykiss-bioenergetic-growth-rate,,,,thermal_compatibility,Constrain the direction and breadth of shared species thermal compatibility.,Do not claim a measured pier bite probability or mode-specific response.,,docs/PierCast_Core_Temperature_and_Source_Calibration.md
sheboygan_wi,steelhead,winter_spring_thermal_front,admit,B,T009,Wisconsin Department of Natural Resources,Wisconsin DNR Lake Michigan steelhead strains,,https://dnr.wisconsin.gov/sites/default/files/topic/Fishing/Species_steelhead.pdf,,,,thermal_compatibility,Constrain the direction and breadth of shared species thermal compatibility.,Do not claim a measured pier bite probability or mode-specific response.,,docs/PierCast_Core_Temperature_and_Source_Calibration.md
sheboygan_wi,steelhead,winter_spring_thermal_front,admit,B,T010,Wisconsin Department of Natural Resources,Wisconsin DNR Root River Steelhead Facility report,,https://dnr.wisconsin.gov/sites/default/files/topic/Fishing/LM_RootRiverSteelheadFacilityFall2024Spring2025.pdf,,,,thermal_compatibility,Constrain the direction and breadth of shared species thermal compatibility.,Do not claim a measured pier bite probability or mode-specific response.,,docs/PierCast_Core_Temperature_and_Source_Calibration.md
sheboygan_wi,steelhead,winter_spring_thermal_front,admit,B,T032,Michigan Department of Natural Resources,Michigan DNR steelhead profile,,https://www.michigan.gov/dnr/education/michigan-species/fish-species/steelhead,,,,thermal_compatibility,Constrain the direction and breadth of shared species thermal compatibility.,Do not claim a measured pier bite probability or mode-specific response.,,docs/PierCast_Core_Temperature_and_Source_Calibration.md
sheboygan_wi,steelhead,summer_thermal_break_or_upwelling,admit,B,T003,Wisconsin Department of Natural Resources,Wisconsin DNR rainbow trout fact sheet,,https://dnr.wisconsin.gov/sites/default/files/topic/Fishing/Species_rainbowtrout.pdf,,,,thermal_compatibility,Constrain the direction and breadth of shared species thermal compatibility.,Do not claim a measured pier bite probability or mode-specific response.,,docs/PierCast_Core_Temperature_and_Source_Calibration.md
sheboygan_wi,steelhead,summer_thermal_break_or_upwelling,admit,B,T007,U.S. Geological Survey,"USGS, steelhead growth-potential model and angler catch comparison",,https://www.usgs.gov/publications/landscape-scale-measures-steelhead-oncorhynchus-mykiss-bioenergetic-growth-rate,,,,thermal_compatibility,Constrain the direction and breadth of shared species thermal compatibility.,Do not claim a measured pier bite probability or mode-specific response.,,docs/PierCast_Core_Temperature_and_Source_Calibration.md
sheboygan_wi,steelhead,summer_thermal_break_or_upwelling,admit,B,T009,Wisconsin Department of Natural Resources,Wisconsin DNR Lake Michigan steelhead strains,,https://dnr.wisconsin.gov/sites/default/files/topic/Fishing/Species_steelhead.pdf,,,,thermal_compatibility,Constrain the direction and breadth of shared species thermal compatibility.,Do not claim a measured pier bite probability or mode-specific response.,,docs/PierCast_Core_Temperature_and_Source_Calibration.md
sheboygan_wi,steelhead,summer_thermal_break_or_upwelling,admit,B,T010,Wisconsin Department of Natural Resources,Wisconsin DNR Root River Steelhead Facility report,,https://dnr.wisconsin.gov/sites/default/files/topic/Fishing/LM_RootRiverSteelheadFacilityFall2024Spring2025.pdf,,,,thermal_compatibility,Constrain the direction and breadth of shared species thermal compatibility.,Do not claim a measured pier bite probability or mode-specific response.,,docs/PierCast_Core_Temperature_and_Source_Calibration.md
sheboygan_wi,steelhead,summer_thermal_break_or_upwelling,admit,B,T032,Michigan Department of Natural Resources,Michigan DNR steelhead profile,,https://www.michigan.gov/dnr/education/michigan-species/fish-species/steelhead,,,,thermal_compatibility,Constrain the direction and breadth of shared species thermal compatibility.,Do not claim a measured pier bite probability or mode-specific response.,,docs/PierCast_Core_Temperature_and_Source_Calibration.md
sheboygan_wi,steelhead,fall_harbor_staging,admit,B,T003,Wisconsin Department of Natural Resources,Wisconsin DNR rainbow trout fact sheet,,https://dnr.wisconsin.gov/sites/default/files/topic/Fishing/Species_rainbowtrout.pdf,,,,thermal_compatibility,Constrain the direction and breadth of shared species thermal compatibility.,Do not claim a measured pier bite probability or mode-specific response.,,docs/PierCast_Core_Temperature_and_Source_Calibration.md
sheboygan_wi,steelhead,fall_harbor_staging,admit,B,T007,U.S. Geological Survey,"USGS, steelhead growth-potential model and angler catch comparison",,https://www.usgs.gov/publications/landscape-scale-measures-steelhead-oncorhynchus-mykiss-bioenergetic-growth-rate,,,,thermal_compatibility,Constrain the direction and breadth of shared species thermal compatibility.,Do not claim a measured pier bite probability or mode-specific response.,,docs/PierCast_Core_Temperature_and_Source_Calibration.md
sheboygan_wi,steelhead,fall_harbor_staging,admit,B,T009,Wisconsin Department of Natural Resources,Wisconsin DNR Lake Michigan steelhead strains,,https://dnr.wisconsin.gov/sites/default/files/topic/Fishing/Species_steelhead.pdf,,,,thermal_compatibility,Constrain the direction and breadth of shared species thermal compatibility.,Do not claim a measured pier bite probability or mode-specific response.,,docs/PierCast_Core_Temperature_and_Source_Calibration.md
sheboygan_wi,steelhead,fall_harbor_staging,admit,B,T010,Wisconsin Department of Natural Resources,Wisconsin DNR Root River Steelhead Facility report,,https://dnr.wisconsin.gov/sites/default/files/topic/Fishing/LM_RootRiverSteelheadFacilityFall2024Spring2025.pdf,,,,thermal_compatibility,Constrain the direction and breadth of shared species thermal compatibility.,Do not claim a measured pier bite probability or mode-specific response.,,docs/PierCast_Core_Temperature_and_Source_Calibration.md
sheboygan_wi,steelhead,fall_harbor_staging,admit,B,T032,Michigan Department of Natural Resources,Michigan DNR steelhead profile,,https://www.michigan.gov/dnr/education/michigan-species/fish-species/steelhead,,,,thermal_compatibility,Constrain the direction and breadth of shared species thermal compatibility.,Do not claim a measured pier bite probability or mode-specific response.,,docs/PierCast_Core_Temperature_and_Source_Calibration.md
sheboygan_wi,brown_trout,,admit,B,S1,Wisconsin Department of Natural Resources,"Wisconsin DNR, Close to Home fall shore fishing",,https://dnr.wisconsin.gov/sites/default/files/topic/Fishing/LM_closetohome_letter.pdf,,,,regional_mode_timing,Constrain broad mode timing and regional recurrence.,Do not treat regional timing as city-specific catch rate.,entries 26–27 identify both Sheboygan piers with salmon/brown/steelhead. Publication date not confirmed; old legal text must not be reused. The regional season graphic is not a Sheboygan-specific curve.,docs/PierCast_Pilot_Cities_Research.md
sheboygan_wi,brown_trout,,admit,B,W1,Wisconsin Department of Natural Resources,Wisconsin DNR 2024 open-water sportfishing report,2024,https://dnr.wisconsin.gov/sites/default/files/topic/Fishing/LMGLFC2025.pdf,,,,regional_mode_timing,Constrain broad mode timing and regional recurrence.,Do not treat regional timing as city-specific catch rate.,Regional mode-specific harvest and survey limitations,docs/PierCast_Core_Species_Seasonal_Calibration.md
sheboygan_wi,brown_trout,,admit,B,W3,Wisconsin Department of Natural Resources,Wisconsin DNR 2022 open-water sportfishing report,2022,https://dnr.wisconsin.gov/sites/default/files/topic/LM_LakeMichiganSportHarvestReport2022.pdf,,,,regional_mode_timing,Constrain broad mode timing and regional recurrence.,Do not treat regional timing as city-specific catch rate.,Regional pier-mode month bins and long-term Sheboygan County effort,docs/PierCast_Core_Species_Seasonal_Calibration.md
sheboygan_wi,brown_trout,,admit,B,W4,Wisconsin Department of Natural Resources,Wisconsin DNR 2023 open-water sportfishing report,2023,https://dnr.wisconsin.gov/sites/default/files/topic/Fishing/LM_LakeMichiganSportHarvestReport2023.pdf,,,,regional_mode_timing,Constrain broad mode timing and regional recurrence.,Do not treat regional timing as city-specific catch rate.,Regional pier-mode month bins and long-term Sheboygan County effort,docs/PierCast_Core_Species_Seasonal_Calibration.md
sheboygan_wi,brown_trout,,admit,B,W5,Wisconsin Department of Natural Resources,Wisconsin DNR 2024 open-water sportfishing report,2024,https://dnr.wisconsin.gov/sites/default/files/topic/Fishing/LM_LakeMichiganSportHarvestReport2024.pdf,,,,regional_mode_timing,Constrain broad mode timing and regional recurrence.,Do not treat regional timing as city-specific catch rate.,Regional pier-mode month bins and long-term Sheboygan County effort,docs/PierCast_Core_Species_Seasonal_Calibration.md
sheboygan_wi,brown_trout,,admit,B,W6,Wisconsin Department of Natural Resources,Wisconsin DNR 2025 salmonid stocking summary,2025,https://dnr.wisconsin.gov/sites/default/files/topic/Fishing/LM_StockingSummary2025.pdf,,,,regional_mode_timing,Constrain broad mode timing and regional recurrence.,Do not treat regional timing as city-specific catch rate.,Current Sheboygan County and site-level fishery-support context; not catchability,docs/PierCast_Core_Species_Seasonal_Calibration.md
sheboygan_wi,brown_trout,,admit,B,W7,Primary source named in registry,"Wisconsin DNR report, Mar. 25, 2010, archived reproduction",2010-03-25,https://wisconsinoutdoor.com/smf/index.php?topic=3580.0,,,,regional_mode_timing,Constrain broad mode timing and regional recurrence.,Do not treat regional timing as city-specific catch rate.,"Sheboygan South Pier rainbow/brown occurrence; historical, secondary-host provenance",docs/PierCast_Core_Species_Seasonal_Calibration.md
sheboygan_wi,brown_trout,,admit,B,W8,Primary source named in registry,"Wisconsin DNR report, Aug. 13, 2010, archived reproduction",2010-08-13,https://wisconsinoutdoor.com/smf/index.php?topic=4046.0,,,,regional_mode_timing,Constrain broad mode timing and regional recurrence.,Do not treat regional timing as city-specific catch rate.,"Mixed salmonid catches from both Sheboygan piers; historical, secondary-host provenance",docs/PierCast_Core_Species_Seasonal_Calibration.md
sheboygan_wi,brown_trout,,admit,B,W9,Primary source named in registry,"Wisconsin DNR report, Sept. 9, 2010, archived reproduction",2010-09-09,https://wisconsinoutdoor.com/smf/index.php?topic=4116.0,,,,regional_mode_timing,Constrain broad mode timing and regional recurrence.,Do not treat regional timing as city-specific catch rate.,"Fair Chinook/coho/brown catches from both Sheboygan piers; historical, secondary-host provenance",docs/PierCast_Core_Species_Seasonal_Calibration.md
sheboygan_wi,brown_trout,,admit,B,W10,Primary source named in registry,"Wisconsin DNR report, Apr. 14, 2011, archived reproduction",2011-04-14,https://wisconsinoutdoor.com/smf/index.php?topic=4601.0,,,,regional_mode_timing,Constrain broad mode timing and regional recurrence.,Do not treat regional timing as city-specific catch rate.,"Low-number Sheboygan South Pier brown-trout occurrence; historical, secondary-host provenance",docs/PierCast_Core_Species_Seasonal_Calibration.md
sheboygan_wi,brown_trout,,admit,B,W11,Primary source named in registry,"Wisconsin DNR creel excerpt, Oct. 2011, newspaper archive",2011,https://chicago.suntimes.com/news/2011/10/19/18602479/midwest-fishing-report-rivers-rolling-fall-patterns-minocqua-add,,,,regional_mode_timing,Constrain broad mode timing and regional recurrence.,Do not treat regional timing as city-specific catch rate.,"Sheboygan pier coho/brown occurrence; historical, secondary-host provenance",docs/PierCast_Core_Species_Seasonal_Calibration.md
sheboygan_wi,brown_trout,,admit,B,W12,Primary source named in registry,"Southern Lake Michigan report, Sept. 7, 2019",2019-09-07,https://www.seehafernews.com/2019/09/07/outdoor-report-2/,,,,regional_mode_timing,Constrain broad mode timing and regional recurrence.,Do not treat regional timing as city-specific catch rate.,Sheboygan pier Chinook/brown occurrence and effort context; secondary-host provenance,docs/PierCast_Core_Species_Seasonal_Calibration.md
sheboygan_wi,brown_trout,winter_harbor_open_water,admit,B,T004,Wisconsin Department of Natural Resources,Wisconsin DNR brown trout fact sheet,,https://dnr.wisconsin.gov/sites/default/files/topic/Fishing/Species_browntrout.pdf,,,,thermal_compatibility,Constrain the direction and breadth of shared species thermal compatibility.,Do not claim a measured pier bite probability or mode-specific response.,,docs/PierCast_Core_Temperature_and_Source_Calibration.md
sheboygan_wi,brown_trout,winter_harbor_open_water,admit,B,T014,Primary source named in registry,"Haynes et al., Great Lakes brown trout movement and temperatures",,https://www.sciencedirect.com/science/article/pii/S0380133087716402,,,,thermal_compatibility,Constrain the direction and breadth of shared species thermal compatibility.,Do not claim a measured pier bite probability or mode-specific response.,,docs/PierCast_Core_Temperature_and_Source_Calibration.md
sheboygan_wi,brown_trout,winter_harbor_open_water,admit,B,T015,Michigan Department of Natural Resources,Michigan DNR brown trout profile,,https://www.michigan.gov/dnr/education/michigan-species/fish-species/brown-trout,,,,thermal_compatibility,Constrain the direction and breadth of shared species thermal compatibility.,Do not claim a measured pier bite probability or mode-specific response.,,docs/PierCast_Core_Temperature_and_Source_Calibration.md
sheboygan_wi,brown_trout,spring_nearshore,admit,B,T004,Wisconsin Department of Natural Resources,Wisconsin DNR brown trout fact sheet,,https://dnr.wisconsin.gov/sites/default/files/topic/Fishing/Species_browntrout.pdf,,,,thermal_compatibility,Constrain the direction and breadth of shared species thermal compatibility.,Do not claim a measured pier bite probability or mode-specific response.,,docs/PierCast_Core_Temperature_and_Source_Calibration.md
sheboygan_wi,brown_trout,spring_nearshore,admit,B,T014,Primary source named in registry,"Haynes et al., Great Lakes brown trout movement and temperatures",,https://www.sciencedirect.com/science/article/pii/S0380133087716402,,,,thermal_compatibility,Constrain the direction and breadth of shared species thermal compatibility.,Do not claim a measured pier bite probability or mode-specific response.,,docs/PierCast_Core_Temperature_and_Source_Calibration.md
sheboygan_wi,brown_trout,spring_nearshore,admit,B,T015,Michigan Department of Natural Resources,Michigan DNR brown trout profile,,https://www.michigan.gov/dnr/education/michigan-species/fish-species/brown-trout,,,,thermal_compatibility,Constrain the direction and breadth of shared species thermal compatibility.,Do not claim a measured pier bite probability or mode-specific response.,,docs/PierCast_Core_Temperature_and_Source_Calibration.md
sheboygan_wi,brown_trout,fall_harbor,admit,B,T004,Wisconsin Department of Natural Resources,Wisconsin DNR brown trout fact sheet,,https://dnr.wisconsin.gov/sites/default/files/topic/Fishing/Species_browntrout.pdf,,,,thermal_compatibility,Constrain the direction and breadth of shared species thermal compatibility.,Do not claim a measured pier bite probability or mode-specific response.,,docs/PierCast_Core_Temperature_and_Source_Calibration.md
sheboygan_wi,brown_trout,fall_harbor,admit,B,T014,Primary source named in registry,"Haynes et al., Great Lakes brown trout movement and temperatures",,https://www.sciencedirect.com/science/article/pii/S0380133087716402,,,,thermal_compatibility,Constrain the direction and breadth of shared species thermal compatibility.,Do not claim a measured pier bite probability or mode-specific response.,,docs/PierCast_Core_Temperature_and_Source_Calibration.md
sheboygan_wi,brown_trout,fall_harbor,admit,B,T015,Michigan Department of Natural Resources,Michigan DNR brown trout profile,,https://www.michigan.gov/dnr/education/michigan-species/fish-species/brown-trout,,,,thermal_compatibility,Constrain the direction and breadth of shared species thermal compatibility.,Do not claim a measured pier bite probability or mode-specific response.,,docs/PierCast_Core_Temperature_and_Source_Calibration.md
sheboygan_wi,lake_trout,,exclude,D,WI_2022,See named source publisher/author,"Wisconsin DNR 2022 open-water sportfishing report, Table 6",2023,https://dnr.wisconsin.gov/sites/default/files/topic/LM_LakeMichiganSportHarvestReport2022.pdf,All Wisconsin Lake Michigan and Green Bay survey areas,Pier (not shore/stream/boat),,local_identity_timing_and_targetability,"Support species identity, local pier relevance, timing, method, or qualitative event strength as explicitly reported.",Do not convert one event into annual frequency or city CPUE.,No Sheboygan × pier cross-tab; harvest understates released species. Winter unsurveyed periods do not establish fish absence.,docs/onboarding/piercast/remaining-species/sources.json
sheboygan_wi,lake_trout,,exclude,D,WI_2023,See named source publisher/author,"Wisconsin DNR 2023 open-water sportfishing report, Table 6",2024,https://dnr.wisconsin.gov/sites/default/files/topic/Fishing/LM_LakeMichiganSportHarvestReport2023.pdf,All Wisconsin Lake Michigan and Green Bay survey areas,Pier (not shore/stream/boat),,local_identity_timing_and_targetability,"Support species identity, local pier relevance, timing, method, or qualitative event strength as explicitly reported.",Do not convert one event into annual frequency or city CPUE.,No Sheboygan × pier cross-tab; harvest understates released species. Winter unsurveyed periods do not establish fish absence.,docs/onboarding/piercast/remaining-species/sources.json
sheboygan_wi,lake_trout,,exclude,D,WI_2024,See named source publisher/author,"Wisconsin DNR 2024 open-water sportfishing report, Table 6",2025,https://dnr.wisconsin.gov/sites/default/files/topic/Fishing/LM_LakeMichiganSportHarvestReport2024.pdf,All Wisconsin Lake Michigan and Green Bay survey areas,Pier (not shore/stream/boat),,local_identity_timing_and_targetability,"Support species identity, local pier relevance, timing, method, or qualitative event strength as explicitly reported.",Do not convert one event into annual frequency or city CPUE.,No Sheboygan × pier cross-tab; harvest understates released species. 2024 spring values modeled; October absent from modeled ramp/pier/shore values despite Sept/Oct heading.,docs/onboarding/piercast/remaining-species/sources.json
sheboygan_wi,lake_trout,,exclude,D,WI_STOCKING,See named source publisher/author,"Wisconsin Lake Michigan Salmonid Stocking Program, August 2025",2025-08,https://dnr.wisconsin.gov/sites/default/files/topic/Fishing/LM_StockingSummary2025.pdf,Sheboygan Reef and county/site tables,"Stocking, not angling",,local_identity_timing_and_targetability,"Support species identity, local pier relevance, timing, method, or qualitative event strength as explicitly reported.",Do not convert one event into annual frequency or city CPUE.,Stocked juveniles and offshore reefs do not establish adult pier catchability. Publication 2025 summarizes 2024 stocking.,docs/onboarding/piercast/remaining-species/sources.json
sheboygan_wi,lake_trout,,exclude,D,WI_CURRENT,See named source publisher/author,Wisconsin DNR Lake Michigan Outdoor Fishing Report,2026-09-07,https://dnr.wisconsin.gov/topic/Fishing/lakemichigan/OutdoorReport,"Sheboygan County paragraph, both piers",Pier/Shore paragraph; distinguish boat paragraph,,local_identity_timing_and_targetability,"Support species identity, local pier relevance, timing, method, or qualitative event strength as explicitly reported.",Do not convert one event into annual frequency or city CPUE.,Rolling URL. A salmon-directed report cannot establish absence of other species or their target-specific opportunity.,docs/onboarding/piercast/remaining-species/sources.json
sheboygan_wi,walleye,,exclude,D,WI_2022,See named source publisher/author,"Wisconsin DNR 2022 open-water sportfishing report, Table 6",2023,https://dnr.wisconsin.gov/sites/default/files/topic/LM_LakeMichiganSportHarvestReport2022.pdf,All Wisconsin Lake Michigan and Green Bay survey areas,Pier (not shore/stream/boat),,local_identity_timing_and_targetability,"Support species identity, local pier relevance, timing, method, or qualitative event strength as explicitly reported.",Do not convert one event into annual frequency or city CPUE.,No Sheboygan × pier cross-tab; harvest understates released species. Winter unsurveyed periods do not establish fish absence.,docs/onboarding/piercast/remaining-species/sources.json
sheboygan_wi,walleye,,exclude,D,WI_2023,See named source publisher/author,"Wisconsin DNR 2023 open-water sportfishing report, Table 6",2024,https://dnr.wisconsin.gov/sites/default/files/topic/Fishing/LM_LakeMichiganSportHarvestReport2023.pdf,All Wisconsin Lake Michigan and Green Bay survey areas,Pier (not shore/stream/boat),,local_identity_timing_and_targetability,"Support species identity, local pier relevance, timing, method, or qualitative event strength as explicitly reported.",Do not convert one event into annual frequency or city CPUE.,No Sheboygan × pier cross-tab; harvest understates released species. Winter unsurveyed periods do not establish fish absence.,docs/onboarding/piercast/remaining-species/sources.json
sheboygan_wi,walleye,,exclude,D,WI_2024,See named source publisher/author,"Wisconsin DNR 2024 open-water sportfishing report, Table 6",2025,https://dnr.wisconsin.gov/sites/default/files/topic/Fishing/LM_LakeMichiganSportHarvestReport2024.pdf,All Wisconsin Lake Michigan and Green Bay survey areas,Pier (not shore/stream/boat),,local_identity_timing_and_targetability,"Support species identity, local pier relevance, timing, method, or qualitative event strength as explicitly reported.",Do not convert one event into annual frequency or city CPUE.,No Sheboygan × pier cross-tab; harvest understates released species. 2024 spring values modeled; October absent from modeled ramp/pier/shore values despite Sept/Oct heading.,docs/onboarding/piercast/remaining-species/sources.json
sheboygan_wi,walleye,,exclude,D,WI_CURRENT,See named source publisher/author,Wisconsin DNR Lake Michigan Outdoor Fishing Report,2026-09-07,https://dnr.wisconsin.gov/topic/Fishing/lakemichigan/OutdoorReport,"Sheboygan County paragraph, both piers",Pier/Shore paragraph; distinguish boat paragraph,,local_identity_timing_and_targetability,"Support species identity, local pier relevance, timing, method, or qualitative event strength as explicitly reported.",Do not convert one event into annual frequency or city CPUE.,Rolling URL. A salmon-directed report cannot establish absence of other species or their target-specific opportunity.,docs/onboarding/piercast/remaining-species/sources.json
sheboygan_wi,smallmouth_bass,,defer,C,SHEBOYGAN_SMALLMOUTH,See named source publisher/author,"Seehafer News, Outdoor Report",2019-09-07,https://www.seehafernews.com/2019/09/07/outdoor-report-2/,"Sheboygan north and south piers, separate from ramp",Pier; corroborating report reproduction,,local_identity_timing_and_targetability,"Support species identity, local pier relevance, timing, method, or qualitative event strength as explicitly reported.",Do not convert one event into annual frequency or city CPUE.,"Incidental mixed-bag catches, not evidence of a major directed smallmouth fishery; seven-year-old observation.",docs/onboarding/piercast/remaining-species/sources.json
sheboygan_wi,smallmouth_bass,,defer,C,WI_2022,See named source publisher/author,"Wisconsin DNR 2022 open-water sportfishing report, Table 6",2023,https://dnr.wisconsin.gov/sites/default/files/topic/LM_LakeMichiganSportHarvestReport2022.pdf,All Wisconsin Lake Michigan and Green Bay survey areas,Pier (not shore/stream/boat),,local_identity_timing_and_targetability,"Support species identity, local pier relevance, timing, method, or qualitative event strength as explicitly reported.",Do not convert one event into annual frequency or city CPUE.,No Sheboygan × pier cross-tab; harvest understates released species. Winter unsurveyed periods do not establish fish absence.,docs/onboarding/piercast/remaining-species/sources.json
sheboygan_wi,smallmouth_bass,,defer,C,WI_2023,See named source publisher/author,"Wisconsin DNR 2023 open-water sportfishing report, Table 6",2024,https://dnr.wisconsin.gov/sites/default/files/topic/Fishing/LM_LakeMichiganSportHarvestReport2023.pdf,All Wisconsin Lake Michigan and Green Bay survey areas,Pier (not shore/stream/boat),,local_identity_timing_and_targetability,"Support species identity, local pier relevance, timing, method, or qualitative event strength as explicitly reported.",Do not convert one event into annual frequency or city CPUE.,No Sheboygan × pier cross-tab; harvest understates released species. Winter unsurveyed periods do not establish fish absence.,docs/onboarding/piercast/remaining-species/sources.json
sheboygan_wi,smallmouth_bass,,defer,C,WI_2024,See named source publisher/author,"Wisconsin DNR 2024 open-water sportfishing report, Table 6",2025,https://dnr.wisconsin.gov/sites/default/files/topic/Fishing/LM_LakeMichiganSportHarvestReport2024.pdf,All Wisconsin Lake Michigan and Green Bay survey areas,Pier (not shore/stream/boat),,local_identity_timing_and_targetability,"Support species identity, local pier relevance, timing, method, or qualitative event strength as explicitly reported.",Do not convert one event into annual frequency or city CPUE.,No Sheboygan × pier cross-tab; harvest understates released species. 2024 spring values modeled; October absent from modeled ramp/pier/shore values despite Sept/Oct heading.,docs/onboarding/piercast/remaining-species/sources.json
sheboygan_wi,smallmouth_bass,,defer,C,WI_CURRENT,See named source publisher/author,Wisconsin DNR Lake Michigan Outdoor Fishing Report,2026-09-07,https://dnr.wisconsin.gov/topic/Fishing/lakemichigan/OutdoorReport,"Sheboygan County paragraph, both piers",Pier/Shore paragraph; distinguish boat paragraph,,local_identity_timing_and_targetability,"Support species identity, local pier relevance, timing, method, or qualitative event strength as explicitly reported.",Do not convert one event into annual frequency or city CPUE.,Rolling URL. A salmon-directed report cannot establish absence of other species or their target-specific opportunity.,docs/onboarding/piercast/remaining-species/sources.json
sheboygan_wi,freshwater_drum,,exclude,D,WI_2022,See named source publisher/author,"Wisconsin DNR 2022 open-water sportfishing report, Table 6",2023,https://dnr.wisconsin.gov/sites/default/files/topic/LM_LakeMichiganSportHarvestReport2022.pdf,All Wisconsin Lake Michigan and Green Bay survey areas,Pier (not shore/stream/boat),,local_identity_timing_and_targetability,"Support species identity, local pier relevance, timing, method, or qualitative event strength as explicitly reported.",Do not convert one event into annual frequency or city CPUE.,No Sheboygan × pier cross-tab; harvest understates released species. Winter unsurveyed periods do not establish fish absence.,docs/onboarding/piercast/remaining-species/sources.json
sheboygan_wi,freshwater_drum,,exclude,D,WI_2023,See named source publisher/author,"Wisconsin DNR 2023 open-water sportfishing report, Table 6",2024,https://dnr.wisconsin.gov/sites/default/files/topic/Fishing/LM_LakeMichiganSportHarvestReport2023.pdf,All Wisconsin Lake Michigan and Green Bay survey areas,Pier (not shore/stream/boat),,local_identity_timing_and_targetability,"Support species identity, local pier relevance, timing, method, or qualitative event strength as explicitly reported.",Do not convert one event into annual frequency or city CPUE.,No Sheboygan × pier cross-tab; harvest understates released species. Winter unsurveyed periods do not establish fish absence.,docs/onboarding/piercast/remaining-species/sources.json
sheboygan_wi,freshwater_drum,,exclude,D,WI_2024,See named source publisher/author,"Wisconsin DNR 2024 open-water sportfishing report, Table 6",2025,https://dnr.wisconsin.gov/sites/default/files/topic/Fishing/LM_LakeMichiganSportHarvestReport2024.pdf,All Wisconsin Lake Michigan and Green Bay survey areas,Pier (not shore/stream/boat),,local_identity_timing_and_targetability,"Support species identity, local pier relevance, timing, method, or qualitative event strength as explicitly reported.",Do not convert one event into annual frequency or city CPUE.,No Sheboygan × pier cross-tab; harvest understates released species. 2024 spring values modeled; October absent from modeled ramp/pier/shore values despite Sept/Oct heading.,docs/onboarding/piercast/remaining-species/sources.json
sheboygan_wi,freshwater_drum,,exclude,D,WI_CURRENT,See named source publisher/author,Wisconsin DNR Lake Michigan Outdoor Fishing Report,2026-09-07,https://dnr.wisconsin.gov/topic/Fishing/lakemichigan/OutdoorReport,"Sheboygan County paragraph, both piers",Pier/Shore paragraph; distinguish boat paragraph,,local_identity_timing_and_targetability,"Support species identity, local pier relevance, timing, method, or qualitative event strength as explicitly reported.",Do not convert one event into annual frequency or city CPUE.,Rolling URL. A salmon-directed report cannot establish absence of other species or their target-specific opportunity.,docs/onboarding/piercast/remaining-species/sources.json
sheboygan_wi,yellow_perch,,defer,C,WI_2022,See named source publisher/author,"Wisconsin DNR 2022 open-water sportfishing report, Table 6",2023,https://dnr.wisconsin.gov/sites/default/files/topic/LM_LakeMichiganSportHarvestReport2022.pdf,All Wisconsin Lake Michigan and Green Bay survey areas,Pier (not shore/stream/boat),,local_identity_timing_and_targetability,"Support species identity, local pier relevance, timing, method, or qualitative event strength as explicitly reported.",Do not convert one event into annual frequency or city CPUE.,No Sheboygan × pier cross-tab; harvest understates released species. Winter unsurveyed periods do not establish fish absence.,docs/onboarding/piercast/remaining-species/sources.json
sheboygan_wi,yellow_perch,,defer,C,WI_2023,See named source publisher/author,"Wisconsin DNR 2023 open-water sportfishing report, Table 6",2024,https://dnr.wisconsin.gov/sites/default/files/topic/Fishing/LM_LakeMichiganSportHarvestReport2023.pdf,All Wisconsin Lake Michigan and Green Bay survey areas,Pier (not shore/stream/boat),,local_identity_timing_and_targetability,"Support species identity, local pier relevance, timing, method, or qualitative event strength as explicitly reported.",Do not convert one event into annual frequency or city CPUE.,No Sheboygan × pier cross-tab; harvest understates released species. Winter unsurveyed periods do not establish fish absence.,docs/onboarding/piercast/remaining-species/sources.json
sheboygan_wi,yellow_perch,,defer,C,WI_2024,See named source publisher/author,"Wisconsin DNR 2024 open-water sportfishing report, Table 6",2025,https://dnr.wisconsin.gov/sites/default/files/topic/Fishing/LM_LakeMichiganSportHarvestReport2024.pdf,All Wisconsin Lake Michigan and Green Bay survey areas,Pier (not shore/stream/boat),,local_identity_timing_and_targetability,"Support species identity, local pier relevance, timing, method, or qualitative event strength as explicitly reported.",Do not convert one event into annual frequency or city CPUE.,No Sheboygan × pier cross-tab; harvest understates released species. 2024 spring values modeled; October absent from modeled ramp/pier/shore values despite Sept/Oct heading.,docs/onboarding/piercast/remaining-species/sources.json
sheboygan_wi,yellow_perch,,defer,C,SHEBOYGAN_PERCH_HISTORY,See named source publisher/author,"Grist, Wisconsin Friday Night fish fry",2022,https://grist.org/food/climate-change-and-the-wisconsin-friday-night-fish-fry-midwest/,Sheboygan; resident recollection of South Pier/power-plant area,Historical recollection; method/location imprecise,,local_identity_timing_and_targetability,"Support species identity, local pier relevance, timing, method, or qualitative event strength as explicitly reported.",Do not convert one event into annual frequency or city CPUE.,"Corroborating decline lead only; cannot prove absence, exact covered structure, effort or dates of a current fishery.",docs/onboarding/piercast/remaining-species/sources.json
sheboygan_wi,yellow_perch,,defer,C,WI_CURRENT,See named source publisher/author,Wisconsin DNR Lake Michigan Outdoor Fishing Report,2026-09-07,https://dnr.wisconsin.gov/topic/Fishing/lakemichigan/OutdoorReport,"Sheboygan County paragraph, both piers",Pier/Shore paragraph; distinguish boat paragraph,,local_identity_timing_and_targetability,"Support species identity, local pier relevance, timing, method, or qualitative event strength as explicitly reported.",Do not convert one event into annual frequency or city CPUE.,Rolling URL. A salmon-directed report cannot establish absence of other species or their target-specific opportunity.,docs/onboarding/piercast/remaining-species/sources.json
sheboygan_wi,lake_whitefish,,exclude,D,WI_2022,See named source publisher/author,"Wisconsin DNR 2022 open-water sportfishing report, Table 6",2023,https://dnr.wisconsin.gov/sites/default/files/topic/LM_LakeMichiganSportHarvestReport2022.pdf,All Wisconsin Lake Michigan and Green Bay survey areas,Pier (not shore/stream/boat),,local_identity_timing_and_targetability,"Support species identity, local pier relevance, timing, method, or qualitative event strength as explicitly reported.",Do not convert one event into annual frequency or city CPUE.,No Sheboygan × pier cross-tab; harvest understates released species. Winter unsurveyed periods do not establish fish absence.,docs/onboarding/piercast/remaining-species/sources.json
sheboygan_wi,lake_whitefish,,exclude,D,WI_2023,See named source publisher/author,"Wisconsin DNR 2023 open-water sportfishing report, Table 6",2024,https://dnr.wisconsin.gov/sites/default/files/topic/Fishing/LM_LakeMichiganSportHarvestReport2023.pdf,All Wisconsin Lake Michigan and Green Bay survey areas,Pier (not shore/stream/boat),,local_identity_timing_and_targetability,"Support species identity, local pier relevance, timing, method, or qualitative event strength as explicitly reported.",Do not convert one event into annual frequency or city CPUE.,No Sheboygan × pier cross-tab; harvest understates released species. Winter unsurveyed periods do not establish fish absence.,docs/onboarding/piercast/remaining-species/sources.json
sheboygan_wi,lake_whitefish,,exclude,D,WI_2024,See named source publisher/author,"Wisconsin DNR 2024 open-water sportfishing report, Table 6",2025,https://dnr.wisconsin.gov/sites/default/files/topic/Fishing/LM_LakeMichiganSportHarvestReport2024.pdf,All Wisconsin Lake Michigan and Green Bay survey areas,Pier (not shore/stream/boat),,local_identity_timing_and_targetability,"Support species identity, local pier relevance, timing, method, or qualitative event strength as explicitly reported.",Do not convert one event into annual frequency or city CPUE.,No Sheboygan × pier cross-tab; harvest understates released species. 2024 spring values modeled; October absent from modeled ramp/pier/shore values despite Sept/Oct heading.,docs/onboarding/piercast/remaining-species/sources.json
sheboygan_wi,lake_whitefish,,exclude,D,WI_CURRENT,See named source publisher/author,Wisconsin DNR Lake Michigan Outdoor Fishing Report,2026-09-07,https://dnr.wisconsin.gov/topic/Fishing/lakemichigan/OutdoorReport,"Sheboygan County paragraph, both piers",Pier/Shore paragraph; distinguish boat paragraph,,local_identity_timing_and_targetability,"Support species identity, local pier relevance, timing, method, or qualitative event strength as explicitly reported.",Do not convert one event into annual frequency or city CPUE.,Rolling URL. A salmon-directed report cannot establish absence of other species or their target-specific opportunity.,docs/onboarding/piercast/remaining-species/sources.json
sheboygan_wi,round_whitefish,,exclude,D,WI_2022,See named source publisher/author,"Wisconsin DNR 2022 open-water sportfishing report, Table 6",2023,https://dnr.wisconsin.gov/sites/default/files/topic/LM_LakeMichiganSportHarvestReport2022.pdf,All Wisconsin Lake Michigan and Green Bay survey areas,Pier (not shore/stream/boat),,local_identity_timing_and_targetability,"Support species identity, local pier relevance, timing, method, or qualitative event strength as explicitly reported.",Do not convert one event into annual frequency or city CPUE.,No Sheboygan × pier cross-tab; harvest understates released species. Winter unsurveyed periods do not establish fish absence.,docs/onboarding/piercast/remaining-species/sources.json
sheboygan_wi,round_whitefish,,exclude,D,WI_2023,See named source publisher/author,"Wisconsin DNR 2023 open-water sportfishing report, Table 6",2024,https://dnr.wisconsin.gov/sites/default/files/topic/Fishing/LM_LakeMichiganSportHarvestReport2023.pdf,All Wisconsin Lake Michigan and Green Bay survey areas,Pier (not shore/stream/boat),,local_identity_timing_and_targetability,"Support species identity, local pier relevance, timing, method, or qualitative event strength as explicitly reported.",Do not convert one event into annual frequency or city CPUE.,No Sheboygan × pier cross-tab; harvest understates released species. Winter unsurveyed periods do not establish fish absence.,docs/onboarding/piercast/remaining-species/sources.json
sheboygan_wi,round_whitefish,,exclude,D,WI_2024,See named source publisher/author,"Wisconsin DNR 2024 open-water sportfishing report, Table 6",2025,https://dnr.wisconsin.gov/sites/default/files/topic/Fishing/LM_LakeMichiganSportHarvestReport2024.pdf,All Wisconsin Lake Michigan and Green Bay survey areas,Pier (not shore/stream/boat),,local_identity_timing_and_targetability,"Support species identity, local pier relevance, timing, method, or qualitative event strength as explicitly reported.",Do not convert one event into annual frequency or city CPUE.,No Sheboygan × pier cross-tab; harvest understates released species. 2024 spring values modeled; October absent from modeled ramp/pier/shore values despite Sept/Oct heading.,docs/onboarding/piercast/remaining-species/sources.json
sheboygan_wi,round_whitefish,,exclude,D,WI_CURRENT,See named source publisher/author,Wisconsin DNR Lake Michigan Outdoor Fishing Report,2026-09-07,https://dnr.wisconsin.gov/topic/Fishing/lakemichigan/OutdoorReport,"Sheboygan County paragraph, both piers",Pier/Shore paragraph; distinguish boat paragraph,,local_identity_timing_and_targetability,"Support species identity, local pier relevance, timing, method, or qualitative event strength as explicitly reported.",Do not convert one event into annual frequency or city CPUE.,Rolling URL. A salmon-directed report cannot establish absence of other species or their target-specific opportunity.,docs/onboarding/piercast/remaining-species/sources.json
sheboygan_wi,channel_catfish,,exclude,D,WI_2022,See named source publisher/author,"Wisconsin DNR 2022 open-water sportfishing report, Table 6",2023,https://dnr.wisconsin.gov/sites/default/files/topic/LM_LakeMichiganSportHarvestReport2022.pdf,All Wisconsin Lake Michigan and Green Bay survey areas,Pier (not shore/stream/boat),,local_identity_timing_and_targetability,"Support species identity, local pier relevance, timing, method, or qualitative event strength as explicitly reported.",Do not convert one event into annual frequency or city CPUE.,No Sheboygan × pier cross-tab; harvest understates released species. Winter unsurveyed periods do not establish fish absence.,docs/onboarding/piercast/remaining-species/sources.json
sheboygan_wi,channel_catfish,,exclude,D,WI_2023,See named source publisher/author,"Wisconsin DNR 2023 open-water sportfishing report, Table 6",2024,https://dnr.wisconsin.gov/sites/default/files/topic/Fishing/LM_LakeMichiganSportHarvestReport2023.pdf,All Wisconsin Lake Michigan and Green Bay survey areas,Pier (not shore/stream/boat),,local_identity_timing_and_targetability,"Support species identity, local pier relevance, timing, method, or qualitative event strength as explicitly reported.",Do not convert one event into annual frequency or city CPUE.,No Sheboygan × pier cross-tab; harvest understates released species. Winter unsurveyed periods do not establish fish absence.,docs/onboarding/piercast/remaining-species/sources.json
sheboygan_wi,channel_catfish,,exclude,D,WI_2024,See named source publisher/author,"Wisconsin DNR 2024 open-water sportfishing report, Table 6",2025,https://dnr.wisconsin.gov/sites/default/files/topic/Fishing/LM_LakeMichiganSportHarvestReport2024.pdf,All Wisconsin Lake Michigan and Green Bay survey areas,Pier (not shore/stream/boat),,local_identity_timing_and_targetability,"Support species identity, local pier relevance, timing, method, or qualitative event strength as explicitly reported.",Do not convert one event into annual frequency or city CPUE.,No Sheboygan × pier cross-tab; harvest understates released species. 2024 spring values modeled; October absent from modeled ramp/pier/shore values despite Sept/Oct heading.,docs/onboarding/piercast/remaining-species/sources.json
sheboygan_wi,channel_catfish,,exclude,D,WI_CURRENT,See named source publisher/author,Wisconsin DNR Lake Michigan Outdoor Fishing Report,2026-09-07,https://dnr.wisconsin.gov/topic/Fishing/lakemichigan/OutdoorReport,"Sheboygan County paragraph, both piers",Pier/Shore paragraph; distinguish boat paragraph,,local_identity_timing_and_targetability,"Support species identity, local pier relevance, timing, method, or qualitative event strength as explicitly reported.",Do not convert one event into annual frequency or city CPUE.,Rolling URL. A salmon-directed report cannot establish absence of other species or their target-specific opportunity.,docs/onboarding/piercast/remaining-species/sources.json
sheboygan_wi,largemouth_bass,,exclude,D,WI_2022,See named source publisher/author,"Wisconsin DNR 2022 open-water sportfishing report, Table 6",2023,https://dnr.wisconsin.gov/sites/default/files/topic/LM_LakeMichiganSportHarvestReport2022.pdf,All Wisconsin Lake Michigan and Green Bay survey areas,Pier (not shore/stream/boat),,local_identity_timing_and_targetability,"Support species identity, local pier relevance, timing, method, or qualitative event strength as explicitly reported.",Do not convert one event into annual frequency or city CPUE.,No Sheboygan × pier cross-tab; harvest understates released species. Winter unsurveyed periods do not establish fish absence.,docs/onboarding/piercast/remaining-species/sources.json
sheboygan_wi,largemouth_bass,,exclude,D,WI_2023,See named source publisher/author,"Wisconsin DNR 2023 open-water sportfishing report, Table 6",2024,https://dnr.wisconsin.gov/sites/default/files/topic/Fishing/LM_LakeMichiganSportHarvestReport2023.pdf,All Wisconsin Lake Michigan and Green Bay survey areas,Pier (not shore/stream/boat),,local_identity_timing_and_targetability,"Support species identity, local pier relevance, timing, method, or qualitative event strength as explicitly reported.",Do not convert one event into annual frequency or city CPUE.,No Sheboygan × pier cross-tab; harvest understates released species. Winter unsurveyed periods do not establish fish absence.,docs/onboarding/piercast/remaining-species/sources.json
sheboygan_wi,largemouth_bass,,exclude,D,WI_2024,See named source publisher/author,"Wisconsin DNR 2024 open-water sportfishing report, Table 6",2025,https://dnr.wisconsin.gov/sites/default/files/topic/Fishing/LM_LakeMichiganSportHarvestReport2024.pdf,All Wisconsin Lake Michigan and Green Bay survey areas,Pier (not shore/stream/boat),,local_identity_timing_and_targetability,"Support species identity, local pier relevance, timing, method, or qualitative event strength as explicitly reported.",Do not convert one event into annual frequency or city CPUE.,No Sheboygan × pier cross-tab; harvest understates released species. 2024 spring values modeled; October absent from modeled ramp/pier/shore values despite Sept/Oct heading.,docs/onboarding/piercast/remaining-species/sources.json
sheboygan_wi,largemouth_bass,,exclude,D,WI_CURRENT,See named source publisher/author,Wisconsin DNR Lake Michigan Outdoor Fishing Report,2026-09-07,https://dnr.wisconsin.gov/topic/Fishing/lakemichigan/OutdoorReport,"Sheboygan County paragraph, both piers",Pier/Shore paragraph; distinguish boat paragraph,,local_identity_timing_and_targetability,"Support species identity, local pier relevance, timing, method, or qualitative event strength as explicitly reported.",Do not convert one event into annual frequency or city CPUE.,Rolling URL. A salmon-directed report cannot establish absence of other species or their target-specific opportunity.,docs/onboarding/piercast/remaining-species/sources.json
sheboygan_wi,largemouth_bass,,exclude,D,SHEBOYGAN_SMALLMOUTH,See named source publisher/author,"Seehafer News, Outdoor Report",2019-09-07,https://www.seehafernews.com/2019/09/07/outdoor-report-2/,"Sheboygan north and south piers, separate from ramp",Pier; corroborating report reproduction,,local_identity_timing_and_targetability,"Support species identity, local pier relevance, timing, method, or qualitative event strength as explicitly reported.",Do not convert one event into annual frequency or city CPUE.,"Incidental mixed-bag catches, not evidence of a major directed smallmouth fishery; seven-year-old observation.",docs/onboarding/piercast/remaining-species/sources.json
port_washington_wi,chinook_salmon,,admit,B,PW_ACCESS_001,Wisconsin Department of Natural Resources,Lake Michigan fishing access,,https://dnr.wisconsin.gov/topic/OpenOutdoors/AccessFishlakeMichigan,city_harbor,,,geography_and_access_context,Define the general city harbor and main public-pier context.,"Does not establish catch magnitude, live access, or safety.",,docs/onboarding/piercast/port-washington/evidence-ledger.json
port_washington_wi,chinook_salmon,,admit,B,PW_SPECIES_001,Wisconsin Department of Natural Resources,Close to Home fishing opportunities,,https://dnr.wisconsin.gov/sites/default/files/topic/Fishing/LM_closetohome_letter.pdf,city_access_and_species,,,local_identity_timing_and_targetability,"Support species identity, local pier relevance, timing, method, or qualitative event strength as explicitly reported.",Do not convert one event into annual frequency or city CPUE.,,docs/onboarding/piercast/port-washington/evidence-ledger.json
port_washington_wi,chinook_salmon,,admit,B,PW_CURRENT_001,Wisconsin Department of Natural Resources,"Lake Michigan Outdoor Fishing Report, September 7, 2026",2026-09-07,https://dnr.wisconsin.gov/topic/Fishing/lakemichigan/OutdoorReport,city_pier_shore_weekly,,,local_identity_timing_and_targetability,"Support species identity, local pier relevance, timing, method, or qualitative event strength as explicitly reported.",Do not convert one event into annual frequency or city CPUE.,Current report evidence is a dated observation and is not generalized to other weeks by itself.,docs/onboarding/piercast/port-washington/evidence-ledger.json
port_washington_wi,chinook_salmon,,admit,B,PW_HARVEST_001,Wisconsin Department of Natural Resources,Lake Michigan Creel Harvest Tables 1998–2024,1998,https://dnr.wisconsin.gov/sites/default/files/topic/Fishing/LM_CreelHarvestTables1998-2024.pdf,county_mode_annual,,,recurrence_and_relative_magnitude,Support recurrence and bounded relative magnitude where geography and mode match.,"Do not infer target-specific CPUE, exact structure, or unobserved-month absence.",Annual county values cannot assign month or exact Port Washington structure.,docs/onboarding/piercast/port-washington/evidence-ledger.json
port_washington_wi,chinook_salmon,,admit,B,PW_SEASON_2022,Wisconsin Department of Natural Resources,2022 Lake Michigan open-water sport fishing report,2022,https://dnr.wisconsin.gov/sites/default/files/topic/LM_LakeMichiganSportHarvestReport2022.pdf,statewide_mode_month_bucket,,,regional_mode_timing,Constrain broad mode timing and regional recurrence.,Do not treat regional timing as city-specific catch rate.,,docs/onboarding/piercast/port-washington/evidence-ledger.json
port_washington_wi,chinook_salmon,,admit,B,PW_SEASON_2023,Wisconsin Department of Natural Resources,2023 Lake Michigan open-water sport fishing report,2023,https://dnr.wisconsin.gov/sites/default/files/topic/Fishing/LM_LakeMichiganSportHarvestReport2023.pdf,statewide_mode_month_bucket,,,regional_mode_timing,Constrain broad mode timing and regional recurrence.,Do not treat regional timing as city-specific catch rate.,,docs/onboarding/piercast/port-washington/evidence-ledger.json
port_washington_wi,chinook_salmon,,admit,B,PW_SEASON_2024,Wisconsin Department of Natural Resources,2024 Lake Michigan open-water sport fishing report,2024,https://dnr.wisconsin.gov/sites/default/files/topic/Fishing/LM_LakeMichiganSportHarvestReport2024.pdf,statewide_mode_month_bucket,,,regional_mode_timing,Constrain broad mode timing and regional recurrence.,Do not treat regional timing as city-specific catch rate.,,docs/onboarding/piercast/port-washington/evidence-ledger.json
port_washington_wi,chinook_salmon,summer_coldwater_access,admit,B,T001,Wisconsin Department of Natural Resources,Wisconsin DNR Chinook salmon fact sheet,,https://dnr.wisconsin.gov/sites/default/files/topic/Fishing/Species_chinooksalmon.pdf,,,,thermal_compatibility,Constrain the direction and breadth of shared species thermal compatibility.,Do not claim a measured pier bite probability or mode-specific response.,,docs/PierCast_Core_Temperature_and_Source_Calibration.md
port_washington_wi,chinook_salmon,summer_coldwater_access,admit,B,T006,Primary source named in registry,"Adlerstein et al., Lake Michigan Chinook movement and assessment catch",,https://academic.oup.com/tafs/article/137/3/736/7888693,,,,thermal_compatibility,Constrain the direction and breadth of shared species thermal compatibility.,Do not claim a measured pier bite probability or mode-specific response.,,docs/PierCast_Core_Temperature_and_Source_Calibration.md
port_washington_wi,chinook_salmon,fall_harbor_staging,admit,B,T001,Wisconsin Department of Natural Resources,Wisconsin DNR Chinook salmon fact sheet,,https://dnr.wisconsin.gov/sites/default/files/topic/Fishing/Species_chinooksalmon.pdf,,,,thermal_compatibility,Constrain the direction and breadth of shared species thermal compatibility.,Do not claim a measured pier bite probability or mode-specific response.,,docs/PierCast_Core_Temperature_and_Source_Calibration.md
port_washington_wi,chinook_salmon,fall_harbor_staging,admit,B,T006,Primary source named in registry,"Adlerstein et al., Lake Michigan Chinook movement and assessment catch",,https://academic.oup.com/tafs/article/137/3/736/7888693,,,,thermal_compatibility,Constrain the direction and breadth of shared species thermal compatibility.,Do not claim a measured pier bite probability or mode-specific response.,,docs/PierCast_Core_Temperature_and_Source_Calibration.md
port_washington_wi,coho_salmon,,admit,B,PW_ACCESS_001,Wisconsin Department of Natural Resources,Lake Michigan fishing access,,https://dnr.wisconsin.gov/topic/OpenOutdoors/AccessFishlakeMichigan,city_harbor,,,geography_and_access_context,Define the general city harbor and main public-pier context.,"Does not establish catch magnitude, live access, or safety.",,docs/onboarding/piercast/port-washington/evidence-ledger.json
port_washington_wi,coho_salmon,,admit,B,PW_SPECIES_001,Wisconsin Department of Natural Resources,Close to Home fishing opportunities,,https://dnr.wisconsin.gov/sites/default/files/topic/Fishing/LM_closetohome_letter.pdf,city_access_and_species,,,local_identity_timing_and_targetability,"Support species identity, local pier relevance, timing, method, or qualitative event strength as explicitly reported.",Do not convert one event into annual frequency or city CPUE.,,docs/onboarding/piercast/port-washington/evidence-ledger.json
port_washington_wi,coho_salmon,,admit,B,PW_CURRENT_001,Wisconsin Department of Natural Resources,"Lake Michigan Outdoor Fishing Report, September 7, 2026",2026-09-07,https://dnr.wisconsin.gov/topic/Fishing/lakemichigan/OutdoorReport,city_pier_shore_weekly,,,local_identity_timing_and_targetability,"Support species identity, local pier relevance, timing, method, or qualitative event strength as explicitly reported.",Do not convert one event into annual frequency or city CPUE.,Current report evidence is a dated observation and is not generalized to other weeks by itself.,docs/onboarding/piercast/port-washington/evidence-ledger.json
port_washington_wi,coho_salmon,,admit,B,PW_HARVEST_001,Wisconsin Department of Natural Resources,Lake Michigan Creel Harvest Tables 1998–2024,1998,https://dnr.wisconsin.gov/sites/default/files/topic/Fishing/LM_CreelHarvestTables1998-2024.pdf,county_mode_annual,,,recurrence_and_relative_magnitude,Support recurrence and bounded relative magnitude where geography and mode match.,"Do not infer target-specific CPUE, exact structure, or unobserved-month absence.",Annual county values cannot assign month or exact Port Washington structure.,docs/onboarding/piercast/port-washington/evidence-ledger.json
port_washington_wi,coho_salmon,,admit,B,PW_SEASON_2022,Wisconsin Department of Natural Resources,2022 Lake Michigan open-water sport fishing report,2022,https://dnr.wisconsin.gov/sites/default/files/topic/LM_LakeMichiganSportHarvestReport2022.pdf,statewide_mode_month_bucket,,,regional_mode_timing,Constrain broad mode timing and regional recurrence.,Do not treat regional timing as city-specific catch rate.,,docs/onboarding/piercast/port-washington/evidence-ledger.json
port_washington_wi,coho_salmon,,admit,B,PW_SEASON_2023,Wisconsin Department of Natural Resources,2023 Lake Michigan open-water sport fishing report,2023,https://dnr.wisconsin.gov/sites/default/files/topic/Fishing/LM_LakeMichiganSportHarvestReport2023.pdf,statewide_mode_month_bucket,,,regional_mode_timing,Constrain broad mode timing and regional recurrence.,Do not treat regional timing as city-specific catch rate.,,docs/onboarding/piercast/port-washington/evidence-ledger.json
port_washington_wi,coho_salmon,,admit,B,PW_SEASON_2024,Wisconsin Department of Natural Resources,2024 Lake Michigan open-water sport fishing report,2024,https://dnr.wisconsin.gov/sites/default/files/topic/Fishing/LM_LakeMichiganSportHarvestReport2024.pdf,statewide_mode_month_bucket,,,regional_mode_timing,Constrain broad mode timing and regional recurrence.,Do not treat regional timing as city-specific catch rate.,,docs/onboarding/piercast/port-washington/evidence-ledger.json
port_washington_wi,coho_salmon,spring_nearshore,admit,B,T002,Wisconsin Department of Natural Resources,Wisconsin DNR coho salmon fact sheet,,https://dnr.wisconsin.gov/sites/default/files/topic/Fishing/Species_cohosalmon.pdf,,,,thermal_compatibility,Constrain the direction and breadth of shared species thermal compatibility.,Do not claim a measured pier bite probability or mode-specific response.,,docs/PierCast_Core_Temperature_and_Source_Calibration.md
port_washington_wi,coho_salmon,spring_nearshore,admit,B,T008,Michigan Department of Natural Resources,Michigan DNR coho salmon profile,,https://www.michigan.gov/dnr/education/michigan-species/fish-species/coho-salmon,,,,thermal_compatibility,Constrain the direction and breadth of shared species thermal compatibility.,Do not claim a measured pier bite probability or mode-specific response.,,docs/PierCast_Core_Temperature_and_Source_Calibration.md
port_washington_wi,coho_salmon,spring_nearshore,admit,B,T013,Great Lakes Fishery Commission,"Great Lakes Fishery Commission, Temperature Relationships of Great Lakes Fishes",,https://www.sealamprey.org/pubs/SpecialPubs/Sp87_3.pdf,,,,thermal_compatibility,Constrain the direction and breadth of shared species thermal compatibility.,Do not claim a measured pier bite probability or mode-specific response.,,docs/PierCast_Core_Temperature_and_Source_Calibration.md
port_washington_wi,coho_salmon,summer_coldwater_access,admit,B,T002,Wisconsin Department of Natural Resources,Wisconsin DNR coho salmon fact sheet,,https://dnr.wisconsin.gov/sites/default/files/topic/Fishing/Species_cohosalmon.pdf,,,,thermal_compatibility,Constrain the direction and breadth of shared species thermal compatibility.,Do not claim a measured pier bite probability or mode-specific response.,,docs/PierCast_Core_Temperature_and_Source_Calibration.md
port_washington_wi,coho_salmon,summer_coldwater_access,admit,B,T008,Michigan Department of Natural Resources,Michigan DNR coho salmon profile,,https://www.michigan.gov/dnr/education/michigan-species/fish-species/coho-salmon,,,,thermal_compatibility,Constrain the direction and breadth of shared species thermal compatibility.,Do not claim a measured pier bite probability or mode-specific response.,,docs/PierCast_Core_Temperature_and_Source_Calibration.md
port_washington_wi,coho_salmon,summer_coldwater_access,admit,B,T013,Great Lakes Fishery Commission,"Great Lakes Fishery Commission, Temperature Relationships of Great Lakes Fishes",,https://www.sealamprey.org/pubs/SpecialPubs/Sp87_3.pdf,,,,thermal_compatibility,Constrain the direction and breadth of shared species thermal compatibility.,Do not claim a measured pier bite probability or mode-specific response.,,docs/PierCast_Core_Temperature_and_Source_Calibration.md
port_washington_wi,coho_salmon,fall_harbor_staging,admit,B,T002,Wisconsin Department of Natural Resources,Wisconsin DNR coho salmon fact sheet,,https://dnr.wisconsin.gov/sites/default/files/topic/Fishing/Species_cohosalmon.pdf,,,,thermal_compatibility,Constrain the direction and breadth of shared species thermal compatibility.,Do not claim a measured pier bite probability or mode-specific response.,,docs/PierCast_Core_Temperature_and_Source_Calibration.md
port_washington_wi,coho_salmon,fall_harbor_staging,admit,B,T008,Michigan Department of Natural Resources,Michigan DNR coho salmon profile,,https://www.michigan.gov/dnr/education/michigan-species/fish-species/coho-salmon,,,,thermal_compatibility,Constrain the direction and breadth of shared species thermal compatibility.,Do not claim a measured pier bite probability or mode-specific response.,,docs/PierCast_Core_Temperature_and_Source_Calibration.md
port_washington_wi,coho_salmon,fall_harbor_staging,admit,B,T013,Great Lakes Fishery Commission,"Great Lakes Fishery Commission, Temperature Relationships of Great Lakes Fishes",,https://www.sealamprey.org/pubs/SpecialPubs/Sp87_3.pdf,,,,thermal_compatibility,Constrain the direction and breadth of shared species thermal compatibility.,Do not claim a measured pier bite probability or mode-specific response.,,docs/PierCast_Core_Temperature_and_Source_Calibration.md
port_washington_wi,steelhead,,admit,B,PW_ACCESS_001,Wisconsin Department of Natural Resources,Lake Michigan fishing access,,https://dnr.wisconsin.gov/topic/OpenOutdoors/AccessFishlakeMichigan,city_harbor,,,geography_and_access_context,Define the general city harbor and main public-pier context.,"Does not establish catch magnitude, live access, or safety.",,docs/onboarding/piercast/port-washington/evidence-ledger.json
port_washington_wi,steelhead,,admit,B,PW_SPECIES_001,Wisconsin Department of Natural Resources,Close to Home fishing opportunities,,https://dnr.wisconsin.gov/sites/default/files/topic/Fishing/LM_closetohome_letter.pdf,city_access_and_species,,,local_identity_timing_and_targetability,"Support species identity, local pier relevance, timing, method, or qualitative event strength as explicitly reported.",Do not convert one event into annual frequency or city CPUE.,,docs/onboarding/piercast/port-washington/evidence-ledger.json
port_washington_wi,steelhead,,admit,B,PW_CURRENT_001,Wisconsin Department of Natural Resources,"Lake Michigan Outdoor Fishing Report, September 7, 2026",2026-09-07,https://dnr.wisconsin.gov/topic/Fishing/lakemichigan/OutdoorReport,city_pier_shore_weekly,,,local_identity_timing_and_targetability,"Support species identity, local pier relevance, timing, method, or qualitative event strength as explicitly reported.",Do not convert one event into annual frequency or city CPUE.,Current report evidence is a dated observation and is not generalized to other weeks by itself.,docs/onboarding/piercast/port-washington/evidence-ledger.json
port_washington_wi,steelhead,,admit,B,PW_HARVEST_001,Wisconsin Department of Natural Resources,Lake Michigan Creel Harvest Tables 1998–2024,1998,https://dnr.wisconsin.gov/sites/default/files/topic/Fishing/LM_CreelHarvestTables1998-2024.pdf,county_mode_annual,,,recurrence_and_relative_magnitude,Support recurrence and bounded relative magnitude where geography and mode match.,"Do not infer target-specific CPUE, exact structure, or unobserved-month absence.",Annual county values cannot assign month or exact Port Washington structure.,docs/onboarding/piercast/port-washington/evidence-ledger.json
port_washington_wi,steelhead,,admit,B,PW_SEASON_2022,Wisconsin Department of Natural Resources,2022 Lake Michigan open-water sport fishing report,2022,https://dnr.wisconsin.gov/sites/default/files/topic/LM_LakeMichiganSportHarvestReport2022.pdf,statewide_mode_month_bucket,,,regional_mode_timing,Constrain broad mode timing and regional recurrence.,Do not treat regional timing as city-specific catch rate.,,docs/onboarding/piercast/port-washington/evidence-ledger.json
port_washington_wi,steelhead,,admit,B,PW_SEASON_2023,Wisconsin Department of Natural Resources,2023 Lake Michigan open-water sport fishing report,2023,https://dnr.wisconsin.gov/sites/default/files/topic/Fishing/LM_LakeMichiganSportHarvestReport2023.pdf,statewide_mode_month_bucket,,,regional_mode_timing,Constrain broad mode timing and regional recurrence.,Do not treat regional timing as city-specific catch rate.,,docs/onboarding/piercast/port-washington/evidence-ledger.json
port_washington_wi,steelhead,,admit,B,PW_SEASON_2024,Wisconsin Department of Natural Resources,2024 Lake Michigan open-water sport fishing report,2024,https://dnr.wisconsin.gov/sites/default/files/topic/Fishing/LM_LakeMichiganSportHarvestReport2024.pdf,statewide_mode_month_bucket,,,regional_mode_timing,Constrain broad mode timing and regional recurrence.,Do not treat regional timing as city-specific catch rate.,,docs/onboarding/piercast/port-washington/evidence-ledger.json
port_washington_wi,steelhead,winter_spring_thermal_front,admit,B,T003,Wisconsin Department of Natural Resources,Wisconsin DNR rainbow trout fact sheet,,https://dnr.wisconsin.gov/sites/default/files/topic/Fishing/Species_rainbowtrout.pdf,,,,thermal_compatibility,Constrain the direction and breadth of shared species thermal compatibility.,Do not claim a measured pier bite probability or mode-specific response.,,docs/PierCast_Core_Temperature_and_Source_Calibration.md
port_washington_wi,steelhead,winter_spring_thermal_front,admit,B,T007,U.S. Geological Survey,"USGS, steelhead growth-potential model and angler catch comparison",,https://www.usgs.gov/publications/landscape-scale-measures-steelhead-oncorhynchus-mykiss-bioenergetic-growth-rate,,,,thermal_compatibility,Constrain the direction and breadth of shared species thermal compatibility.,Do not claim a measured pier bite probability or mode-specific response.,,docs/PierCast_Core_Temperature_and_Source_Calibration.md
port_washington_wi,steelhead,winter_spring_thermal_front,admit,B,T009,Wisconsin Department of Natural Resources,Wisconsin DNR Lake Michigan steelhead strains,,https://dnr.wisconsin.gov/sites/default/files/topic/Fishing/Species_steelhead.pdf,,,,thermal_compatibility,Constrain the direction and breadth of shared species thermal compatibility.,Do not claim a measured pier bite probability or mode-specific response.,,docs/PierCast_Core_Temperature_and_Source_Calibration.md
port_washington_wi,steelhead,winter_spring_thermal_front,admit,B,T010,Wisconsin Department of Natural Resources,Wisconsin DNR Root River Steelhead Facility report,,https://dnr.wisconsin.gov/sites/default/files/topic/Fishing/LM_RootRiverSteelheadFacilityFall2024Spring2025.pdf,,,,thermal_compatibility,Constrain the direction and breadth of shared species thermal compatibility.,Do not claim a measured pier bite probability or mode-specific response.,,docs/PierCast_Core_Temperature_and_Source_Calibration.md
port_washington_wi,steelhead,winter_spring_thermal_front,admit,B,T032,Michigan Department of Natural Resources,Michigan DNR steelhead profile,,https://www.michigan.gov/dnr/education/michigan-species/fish-species/steelhead,,,,thermal_compatibility,Constrain the direction and breadth of shared species thermal compatibility.,Do not claim a measured pier bite probability or mode-specific response.,,docs/PierCast_Core_Temperature_and_Source_Calibration.md
port_washington_wi,steelhead,summer_thermal_break_or_upwelling,admit,B,T003,Wisconsin Department of Natural Resources,Wisconsin DNR rainbow trout fact sheet,,https://dnr.wisconsin.gov/sites/default/files/topic/Fishing/Species_rainbowtrout.pdf,,,,thermal_compatibility,Constrain the direction and breadth of shared species thermal compatibility.,Do not claim a measured pier bite probability or mode-specific response.,,docs/PierCast_Core_Temperature_and_Source_Calibration.md
port_washington_wi,steelhead,summer_thermal_break_or_upwelling,admit,B,T007,U.S. Geological Survey,"USGS, steelhead growth-potential model and angler catch comparison",,https://www.usgs.gov/publications/landscape-scale-measures-steelhead-oncorhynchus-mykiss-bioenergetic-growth-rate,,,,thermal_compatibility,Constrain the direction and breadth of shared species thermal compatibility.,Do not claim a measured pier bite probability or mode-specific response.,,docs/PierCast_Core_Temperature_and_Source_Calibration.md
port_washington_wi,steelhead,summer_thermal_break_or_upwelling,admit,B,T009,Wisconsin Department of Natural Resources,Wisconsin DNR Lake Michigan steelhead strains,,https://dnr.wisconsin.gov/sites/default/files/topic/Fishing/Species_steelhead.pdf,,,,thermal_compatibility,Constrain the direction and breadth of shared species thermal compatibility.,Do not claim a measured pier bite probability or mode-specific response.,,docs/PierCast_Core_Temperature_and_Source_Calibration.md
port_washington_wi,steelhead,summer_thermal_break_or_upwelling,admit,B,T010,Wisconsin Department of Natural Resources,Wisconsin DNR Root River Steelhead Facility report,,https://dnr.wisconsin.gov/sites/default/files/topic/Fishing/LM_RootRiverSteelheadFacilityFall2024Spring2025.pdf,,,,thermal_compatibility,Constrain the direction and breadth of shared species thermal compatibility.,Do not claim a measured pier bite probability or mode-specific response.,,docs/PierCast_Core_Temperature_and_Source_Calibration.md
port_washington_wi,steelhead,summer_thermal_break_or_upwelling,admit,B,T032,Michigan Department of Natural Resources,Michigan DNR steelhead profile,,https://www.michigan.gov/dnr/education/michigan-species/fish-species/steelhead,,,,thermal_compatibility,Constrain the direction and breadth of shared species thermal compatibility.,Do not claim a measured pier bite probability or mode-specific response.,,docs/PierCast_Core_Temperature_and_Source_Calibration.md
port_washington_wi,brown_trout,,admit,B,PW_ACCESS_001,Wisconsin Department of Natural Resources,Lake Michigan fishing access,,https://dnr.wisconsin.gov/topic/OpenOutdoors/AccessFishlakeMichigan,city_harbor,,,geography_and_access_context,Define the general city harbor and main public-pier context.,"Does not establish catch magnitude, live access, or safety.",,docs/onboarding/piercast/port-washington/evidence-ledger.json
port_washington_wi,brown_trout,,admit,B,PW_SPECIES_001,Wisconsin Department of Natural Resources,Close to Home fishing opportunities,,https://dnr.wisconsin.gov/sites/default/files/topic/Fishing/LM_closetohome_letter.pdf,city_access_and_species,,,local_identity_timing_and_targetability,"Support species identity, local pier relevance, timing, method, or qualitative event strength as explicitly reported.",Do not convert one event into annual frequency or city CPUE.,,docs/onboarding/piercast/port-washington/evidence-ledger.json
port_washington_wi,brown_trout,,admit,B,PW_CURRENT_001,Wisconsin Department of Natural Resources,"Lake Michigan Outdoor Fishing Report, September 7, 2026",2026-09-07,https://dnr.wisconsin.gov/topic/Fishing/lakemichigan/OutdoorReport,city_pier_shore_weekly,,,local_identity_timing_and_targetability,"Support species identity, local pier relevance, timing, method, or qualitative event strength as explicitly reported.",Do not convert one event into annual frequency or city CPUE.,Current report evidence is a dated observation and is not generalized to other weeks by itself.,docs/onboarding/piercast/port-washington/evidence-ledger.json
port_washington_wi,brown_trout,,admit,B,PW_HARVEST_001,Wisconsin Department of Natural Resources,Lake Michigan Creel Harvest Tables 1998–2024,1998,https://dnr.wisconsin.gov/sites/default/files/topic/Fishing/LM_CreelHarvestTables1998-2024.pdf,county_mode_annual,,,recurrence_and_relative_magnitude,Support recurrence and bounded relative magnitude where geography and mode match.,"Do not infer target-specific CPUE, exact structure, or unobserved-month absence.",Annual county values cannot assign month or exact Port Washington structure.,docs/onboarding/piercast/port-washington/evidence-ledger.json
port_washington_wi,brown_trout,,admit,B,PW_SEASON_2022,Wisconsin Department of Natural Resources,2022 Lake Michigan open-water sport fishing report,2022,https://dnr.wisconsin.gov/sites/default/files/topic/LM_LakeMichiganSportHarvestReport2022.pdf,statewide_mode_month_bucket,,,regional_mode_timing,Constrain broad mode timing and regional recurrence.,Do not treat regional timing as city-specific catch rate.,,docs/onboarding/piercast/port-washington/evidence-ledger.json
port_washington_wi,brown_trout,,admit,B,PW_SEASON_2023,Wisconsin Department of Natural Resources,2023 Lake Michigan open-water sport fishing report,2023,https://dnr.wisconsin.gov/sites/default/files/topic/Fishing/LM_LakeMichiganSportHarvestReport2023.pdf,statewide_mode_month_bucket,,,regional_mode_timing,Constrain broad mode timing and regional recurrence.,Do not treat regional timing as city-specific catch rate.,,docs/onboarding/piercast/port-washington/evidence-ledger.json
port_washington_wi,brown_trout,,admit,B,PW_SEASON_2024,Wisconsin Department of Natural Resources,2024 Lake Michigan open-water sport fishing report,2024,https://dnr.wisconsin.gov/sites/default/files/topic/Fishing/LM_LakeMichiganSportHarvestReport2024.pdf,statewide_mode_month_bucket,,,regional_mode_timing,Constrain broad mode timing and regional recurrence.,Do not treat regional timing as city-specific catch rate.,,docs/onboarding/piercast/port-washington/evidence-ledger.json
port_washington_wi,brown_trout,winter_harbor_open_water,admit,B,T004,Wisconsin Department of Natural Resources,Wisconsin DNR brown trout fact sheet,,https://dnr.wisconsin.gov/sites/default/files/topic/Fishing/Species_browntrout.pdf,,,,thermal_compatibility,Constrain the direction and breadth of shared species thermal compatibility.,Do not claim a measured pier bite probability or mode-specific response.,,docs/PierCast_Core_Temperature_and_Source_Calibration.md
port_washington_wi,brown_trout,winter_harbor_open_water,admit,B,T014,Primary source named in registry,"Haynes et al., Great Lakes brown trout movement and temperatures",,https://www.sciencedirect.com/science/article/pii/S0380133087716402,,,,thermal_compatibility,Constrain the direction and breadth of shared species thermal compatibility.,Do not claim a measured pier bite probability or mode-specific response.,,docs/PierCast_Core_Temperature_and_Source_Calibration.md
port_washington_wi,brown_trout,winter_harbor_open_water,admit,B,T015,Michigan Department of Natural Resources,Michigan DNR brown trout profile,,https://www.michigan.gov/dnr/education/michigan-species/fish-species/brown-trout,,,,thermal_compatibility,Constrain the direction and breadth of shared species thermal compatibility.,Do not claim a measured pier bite probability or mode-specific response.,,docs/PierCast_Core_Temperature_and_Source_Calibration.md
port_washington_wi,brown_trout,spring_nearshore,admit,B,T004,Wisconsin Department of Natural Resources,Wisconsin DNR brown trout fact sheet,,https://dnr.wisconsin.gov/sites/default/files/topic/Fishing/Species_browntrout.pdf,,,,thermal_compatibility,Constrain the direction and breadth of shared species thermal compatibility.,Do not claim a measured pier bite probability or mode-specific response.,,docs/PierCast_Core_Temperature_and_Source_Calibration.md
port_washington_wi,brown_trout,spring_nearshore,admit,B,T014,Primary source named in registry,"Haynes et al., Great Lakes brown trout movement and temperatures",,https://www.sciencedirect.com/science/article/pii/S0380133087716402,,,,thermal_compatibility,Constrain the direction and breadth of shared species thermal compatibility.,Do not claim a measured pier bite probability or mode-specific response.,,docs/PierCast_Core_Temperature_and_Source_Calibration.md
port_washington_wi,brown_trout,spring_nearshore,admit,B,T015,Michigan Department of Natural Resources,Michigan DNR brown trout profile,,https://www.michigan.gov/dnr/education/michigan-species/fish-species/brown-trout,,,,thermal_compatibility,Constrain the direction and breadth of shared species thermal compatibility.,Do not claim a measured pier bite probability or mode-specific response.,,docs/PierCast_Core_Temperature_and_Source_Calibration.md
port_washington_wi,lake_trout,,defer,C,PW_ACCESS_001,Wisconsin Department of Natural Resources,Lake Michigan fishing access,,https://dnr.wisconsin.gov/topic/OpenOutdoors/AccessFishlakeMichigan,city_harbor,,,geography_and_access_context,Define the general city harbor and main public-pier context.,"Does not establish catch magnitude, live access, or safety.",,docs/onboarding/piercast/port-washington/evidence-ledger.json
port_washington_wi,lake_trout,,defer,C,PW_HARVEST_001,Wisconsin Department of Natural Resources,Lake Michigan Creel Harvest Tables 1998–2024,1998,https://dnr.wisconsin.gov/sites/default/files/topic/Fishing/LM_CreelHarvestTables1998-2024.pdf,county_mode_annual,,,recurrence_and_relative_magnitude,Support recurrence and bounded relative magnitude where geography and mode match.,"Do not infer target-specific CPUE, exact structure, or unobserved-month absence.",Annual county values cannot assign month or exact Port Washington structure.,docs/onboarding/piercast/port-washington/evidence-ledger.json
port_washington_wi,lake_trout,,defer,C,PW_SEASON_2022,Wisconsin Department of Natural Resources,2022 Lake Michigan open-water sport fishing report,2022,https://dnr.wisconsin.gov/sites/default/files/topic/LM_LakeMichiganSportHarvestReport2022.pdf,statewide_mode_month_bucket,,,regional_mode_timing,Constrain broad mode timing and regional recurrence.,Do not treat regional timing as city-specific catch rate.,,docs/onboarding/piercast/port-washington/evidence-ledger.json
port_washington_wi,lake_trout,,defer,C,PW_SEASON_2023,Wisconsin Department of Natural Resources,2023 Lake Michigan open-water sport fishing report,2023,https://dnr.wisconsin.gov/sites/default/files/topic/Fishing/LM_LakeMichiganSportHarvestReport2023.pdf,statewide_mode_month_bucket,,,regional_mode_timing,Constrain broad mode timing and regional recurrence.,Do not treat regional timing as city-specific catch rate.,,docs/onboarding/piercast/port-washington/evidence-ledger.json
port_washington_wi,lake_trout,,defer,C,PW_SEASON_2024,Wisconsin Department of Natural Resources,2024 Lake Michigan open-water sport fishing report,2024,https://dnr.wisconsin.gov/sites/default/files/topic/Fishing/LM_LakeMichiganSportHarvestReport2024.pdf,statewide_mode_month_bucket,,,regional_mode_timing,Constrain broad mode timing and regional recurrence.,Do not treat regional timing as city-specific catch rate.,,docs/onboarding/piercast/port-washington/evidence-ledger.json
port_washington_wi,walleye,,exclude,D,PW_ACCESS_001,Wisconsin Department of Natural Resources,Lake Michigan fishing access,,https://dnr.wisconsin.gov/topic/OpenOutdoors/AccessFishlakeMichigan,city_harbor,,,geography_and_access_context,Define the general city harbor and main public-pier context.,"Does not establish catch magnitude, live access, or safety.",,docs/onboarding/piercast/port-washington/evidence-ledger.json
port_washington_wi,walleye,,exclude,D,PW_HARVEST_001,Wisconsin Department of Natural Resources,Lake Michigan Creel Harvest Tables 1998–2024,1998,https://dnr.wisconsin.gov/sites/default/files/topic/Fishing/LM_CreelHarvestTables1998-2024.pdf,county_mode_annual,,,recurrence_and_relative_magnitude,Support recurrence and bounded relative magnitude where geography and mode match.,"Do not infer target-specific CPUE, exact structure, or unobserved-month absence.",Annual county values cannot assign month or exact Port Washington structure.,docs/onboarding/piercast/port-washington/evidence-ledger.json
port_washington_wi,smallmouth_bass,,exclude,D,PW_ACCESS_001,Wisconsin Department of Natural Resources,Lake Michigan fishing access,,https://dnr.wisconsin.gov/topic/OpenOutdoors/AccessFishlakeMichigan,city_harbor,,,geography_and_access_context,Define the general city harbor and main public-pier context.,"Does not establish catch magnitude, live access, or safety.",,docs/onboarding/piercast/port-washington/evidence-ledger.json
port_washington_wi,smallmouth_bass,,exclude,D,PW_HARVEST_001,Wisconsin Department of Natural Resources,Lake Michigan Creel Harvest Tables 1998–2024,1998,https://dnr.wisconsin.gov/sites/default/files/topic/Fishing/LM_CreelHarvestTables1998-2024.pdf,county_mode_annual,,,recurrence_and_relative_magnitude,Support recurrence and bounded relative magnitude where geography and mode match.,"Do not infer target-specific CPUE, exact structure, or unobserved-month absence.",Annual county values cannot assign month or exact Port Washington structure.,docs/onboarding/piercast/port-washington/evidence-ledger.json
port_washington_wi,freshwater_drum,,exclude,D,PW_ACCESS_001,Wisconsin Department of Natural Resources,Lake Michigan fishing access,,https://dnr.wisconsin.gov/topic/OpenOutdoors/AccessFishlakeMichigan,city_harbor,,,geography_and_access_context,Define the general city harbor and main public-pier context.,"Does not establish catch magnitude, live access, or safety.",,docs/onboarding/piercast/port-washington/evidence-ledger.json
port_washington_wi,freshwater_drum,,exclude,D,PW_HARVEST_001,Wisconsin Department of Natural Resources,Lake Michigan Creel Harvest Tables 1998–2024,1998,https://dnr.wisconsin.gov/sites/default/files/topic/Fishing/LM_CreelHarvestTables1998-2024.pdf,county_mode_annual,,,recurrence_and_relative_magnitude,Support recurrence and bounded relative magnitude where geography and mode match.,"Do not infer target-specific CPUE, exact structure, or unobserved-month absence.",Annual county values cannot assign month or exact Port Washington structure.,docs/onboarding/piercast/port-washington/evidence-ledger.json
port_washington_wi,yellow_perch,,defer,C,PW_ACCESS_001,Wisconsin Department of Natural Resources,Lake Michigan fishing access,,https://dnr.wisconsin.gov/topic/OpenOutdoors/AccessFishlakeMichigan,city_harbor,,,geography_and_access_context,Define the general city harbor and main public-pier context.,"Does not establish catch magnitude, live access, or safety.",,docs/onboarding/piercast/port-washington/evidence-ledger.json
port_washington_wi,yellow_perch,,defer,C,PW_HARVEST_001,Wisconsin Department of Natural Resources,Lake Michigan Creel Harvest Tables 1998–2024,1998,https://dnr.wisconsin.gov/sites/default/files/topic/Fishing/LM_CreelHarvestTables1998-2024.pdf,county_mode_annual,,,recurrence_and_relative_magnitude,Support recurrence and bounded relative magnitude where geography and mode match.,"Do not infer target-specific CPUE, exact structure, or unobserved-month absence.",Annual county values cannot assign month or exact Port Washington structure.,docs/onboarding/piercast/port-washington/evidence-ledger.json
port_washington_wi,yellow_perch,,defer,C,PW_SEASON_2022,Wisconsin Department of Natural Resources,2022 Lake Michigan open-water sport fishing report,2022,https://dnr.wisconsin.gov/sites/default/files/topic/LM_LakeMichiganSportHarvestReport2022.pdf,statewide_mode_month_bucket,,,regional_mode_timing,Constrain broad mode timing and regional recurrence.,Do not treat regional timing as city-specific catch rate.,,docs/onboarding/piercast/port-washington/evidence-ledger.json
port_washington_wi,yellow_perch,,defer,C,PW_SEASON_2023,Wisconsin Department of Natural Resources,2023 Lake Michigan open-water sport fishing report,2023,https://dnr.wisconsin.gov/sites/default/files/topic/Fishing/LM_LakeMichiganSportHarvestReport2023.pdf,statewide_mode_month_bucket,,,regional_mode_timing,Constrain broad mode timing and regional recurrence.,Do not treat regional timing as city-specific catch rate.,,docs/onboarding/piercast/port-washington/evidence-ledger.json
port_washington_wi,yellow_perch,,defer,C,PW_SEASON_2024,Wisconsin Department of Natural Resources,2024 Lake Michigan open-water sport fishing report,2024,https://dnr.wisconsin.gov/sites/default/files/topic/Fishing/LM_LakeMichiganSportHarvestReport2024.pdf,statewide_mode_month_bucket,,,regional_mode_timing,Constrain broad mode timing and regional recurrence.,Do not treat regional timing as city-specific catch rate.,,docs/onboarding/piercast/port-washington/evidence-ledger.json
port_washington_wi,lake_whitefish,,exclude,D,PW_ACCESS_001,Wisconsin Department of Natural Resources,Lake Michigan fishing access,,https://dnr.wisconsin.gov/topic/OpenOutdoors/AccessFishlakeMichigan,city_harbor,,,geography_and_access_context,Define the general city harbor and main public-pier context.,"Does not establish catch magnitude, live access, or safety.",,docs/onboarding/piercast/port-washington/evidence-ledger.json
port_washington_wi,lake_whitefish,,exclude,D,PW_HARVEST_001,Wisconsin Department of Natural Resources,Lake Michigan Creel Harvest Tables 1998–2024,1998,https://dnr.wisconsin.gov/sites/default/files/topic/Fishing/LM_CreelHarvestTables1998-2024.pdf,county_mode_annual,,,recurrence_and_relative_magnitude,Support recurrence and bounded relative magnitude where geography and mode match.,"Do not infer target-specific CPUE, exact structure, or unobserved-month absence.",Annual county values cannot assign month or exact Port Washington structure.,docs/onboarding/piercast/port-washington/evidence-ledger.json
port_washington_wi,round_whitefish,,exclude,D,PW_ACCESS_001,Wisconsin Department of Natural Resources,Lake Michigan fishing access,,https://dnr.wisconsin.gov/topic/OpenOutdoors/AccessFishlakeMichigan,city_harbor,,,geography_and_access_context,Define the general city harbor and main public-pier context.,"Does not establish catch magnitude, live access, or safety.",,docs/onboarding/piercast/port-washington/evidence-ledger.json
port_washington_wi,round_whitefish,,exclude,D,PW_HARVEST_001,Wisconsin Department of Natural Resources,Lake Michigan Creel Harvest Tables 1998–2024,1998,https://dnr.wisconsin.gov/sites/default/files/topic/Fishing/LM_CreelHarvestTables1998-2024.pdf,county_mode_annual,,,recurrence_and_relative_magnitude,Support recurrence and bounded relative magnitude where geography and mode match.,"Do not infer target-specific CPUE, exact structure, or unobserved-month absence.",Annual county values cannot assign month or exact Port Washington structure.,docs/onboarding/piercast/port-washington/evidence-ledger.json
port_washington_wi,channel_catfish,,exclude,D,PW_ACCESS_001,Wisconsin Department of Natural Resources,Lake Michigan fishing access,,https://dnr.wisconsin.gov/topic/OpenOutdoors/AccessFishlakeMichigan,city_harbor,,,geography_and_access_context,Define the general city harbor and main public-pier context.,"Does not establish catch magnitude, live access, or safety.",,docs/onboarding/piercast/port-washington/evidence-ledger.json
port_washington_wi,channel_catfish,,exclude,D,PW_HARVEST_001,Wisconsin Department of Natural Resources,Lake Michigan Creel Harvest Tables 1998–2024,1998,https://dnr.wisconsin.gov/sites/default/files/topic/Fishing/LM_CreelHarvestTables1998-2024.pdf,county_mode_annual,,,recurrence_and_relative_magnitude,Support recurrence and bounded relative magnitude where geography and mode match.,"Do not infer target-specific CPUE, exact structure, or unobserved-month absence.",Annual county values cannot assign month or exact Port Washington structure.,docs/onboarding/piercast/port-washington/evidence-ledger.json
port_washington_wi,largemouth_bass,,exclude,D,PW_ACCESS_001,Wisconsin Department of Natural Resources,Lake Michigan fishing access,,https://dnr.wisconsin.gov/topic/OpenOutdoors/AccessFishlakeMichigan,city_harbor,,,geography_and_access_context,Define the general city harbor and main public-pier context.,"Does not establish catch magnitude, live access, or safety.",,docs/onboarding/piercast/port-washington/evidence-ledger.json
port_washington_wi,largemouth_bass,,exclude,D,PW_HARVEST_001,Wisconsin Department of Natural Resources,Lake Michigan Creel Harvest Tables 1998–2024,1998,https://dnr.wisconsin.gov/sites/default/files/topic/Fishing/LM_CreelHarvestTables1998-2024.pdf,county_mode_annual,,,recurrence_and_relative_magnitude,Support recurrence and bounded relative magnitude where geography and mode match.,"Do not infer target-specific CPUE, exact structure, or unobserved-month absence.",Annual county values cannot assign month or exact Port Washington structure.,docs/onboarding/piercast/port-washington/evidence-ledger.json
milwaukee_wi,chinook_salmon,,admit,B,WI_ACCESS_2026,Wisconsin Department of Natural Resources,Lake Michigan fishing access,,https://dnr.wisconsin.gov/topic/OpenOutdoors/AccessFishlakeMichigan,city_access,,,geography_and_access_context,Define the general city harbor and main public-pier context.,"Does not establish catch magnitude, live access, or safety.",,docs/onboarding/piercast/wisconsin-expansion/evidence-ledger.json
milwaukee_wi,chinook_salmon,,admit,B,WI_EXACT_PIER_SPECIES_2023,Wisconsin Department of Natural Resources,Close to Home fishing opportunities,2023-06,https://dnr.wisconsin.gov/sites/default/files/topic/ClosetoHomeFishing.pdf,named_access_and_species,,,local_identity_timing_and_targetability,"Support species identity, local pier relevance, timing, method, or qualitative event strength as explicitly reported.",Do not convert one event into annual frequency or city CPUE.,,docs/onboarding/piercast/wisconsin-expansion/evidence-ledger.json
milwaukee_wi,chinook_salmon,,admit,B,WI_COUNTY_MODE_1998_2024,Wisconsin Department of Natural Resources,Lake Michigan Creel Harvest Tables 1998–2024,2025-04-10,https://dnr.wisconsin.gov/sites/default/files/topic/Fishing/LM_CreelHarvestTables1998-2024.pdf,county_mode_annual,,,recurrence_and_relative_magnitude,Support recurrence and bounded relative magnitude where geography and mode match.,"Do not infer target-specific CPUE, exact structure, or unobserved-month absence.","Harvest is estimated, not catch; annual values do not assign month, effort, exact structure, or absence. A zero estimate is not proof of biological absence.",docs/onboarding/piercast/wisconsin-expansion/evidence-ledger.json
milwaukee_wi,chinook_salmon,,admit,B,WI_SEASON_2022,Wisconsin Department of Natural Resources,2022 Lake Michigan open-water sportfishing effort and harvest report,2022,https://dnr.wisconsin.gov/sites/default/files/topic/LM_LakeMichiganSportHarvestReport2022.pdf,statewide_mode_month_bucket,,,regional_mode_timing,Constrain broad mode timing and regional recurrence.,Do not treat regional timing as city-specific catch rate.,,docs/onboarding/piercast/wisconsin-expansion/evidence-ledger.json
milwaukee_wi,chinook_salmon,,admit,B,WI_SEASON_2023,Wisconsin Department of Natural Resources,2023 Lake Michigan open-water sportfishing effort and harvest report,2023,https://dnr.wisconsin.gov/sites/default/files/topic/Fishing/LM_LakeMichiganSportHarvestReport2023.pdf,statewide_mode_month_bucket,,,regional_mode_timing,Constrain broad mode timing and regional recurrence.,Do not treat regional timing as city-specific catch rate.,,docs/onboarding/piercast/wisconsin-expansion/evidence-ledger.json
milwaukee_wi,chinook_salmon,,admit,B,WI_SEASON_2024,Wisconsin Department of Natural Resources,2024 Lake Michigan open-water sportfishing effort and harvest report,2024,https://dnr.wisconsin.gov/sites/default/files/topic/Fishing/LM_LakeMichiganSportHarvestReport2024.pdf,statewide_mode_month_bucket,,,regional_mode_timing,Constrain broad mode timing and regional recurrence.,Do not treat regional timing as city-specific catch rate.,Lake Michigan creel fieldwork ran May 1 through September 30 in 2024; specified unsurveyed periods were modeled. November-February city-pier ratings remain low-confidence floors.,docs/onboarding/piercast/wisconsin-expansion/evidence-ledger.json
milwaukee_wi,chinook_salmon,summer_coldwater_access,admit,B,T001,Wisconsin Department of Natural Resources,Wisconsin DNR Chinook salmon fact sheet,,https://dnr.wisconsin.gov/sites/default/files/topic/Fishing/Species_chinooksalmon.pdf,,,,thermal_compatibility,Constrain the direction and breadth of shared species thermal compatibility.,Do not claim a measured pier bite probability or mode-specific response.,,docs/PierCast_Core_Temperature_and_Source_Calibration.md
milwaukee_wi,chinook_salmon,summer_coldwater_access,admit,B,T006,Primary source named in registry,"Adlerstein et al., Lake Michigan Chinook movement and assessment catch",,https://academic.oup.com/tafs/article/137/3/736/7888693,,,,thermal_compatibility,Constrain the direction and breadth of shared species thermal compatibility.,Do not claim a measured pier bite probability or mode-specific response.,,docs/PierCast_Core_Temperature_and_Source_Calibration.md
milwaukee_wi,chinook_salmon,fall_harbor_staging,admit,B,T001,Wisconsin Department of Natural Resources,Wisconsin DNR Chinook salmon fact sheet,,https://dnr.wisconsin.gov/sites/default/files/topic/Fishing/Species_chinooksalmon.pdf,,,,thermal_compatibility,Constrain the direction and breadth of shared species thermal compatibility.,Do not claim a measured pier bite probability or mode-specific response.,,docs/PierCast_Core_Temperature_and_Source_Calibration.md
milwaukee_wi,chinook_salmon,fall_harbor_staging,admit,B,T006,Primary source named in registry,"Adlerstein et al., Lake Michigan Chinook movement and assessment catch",,https://academic.oup.com/tafs/article/137/3/736/7888693,,,,thermal_compatibility,Constrain the direction and breadth of shared species thermal compatibility.,Do not claim a measured pier bite probability or mode-specific response.,,docs/PierCast_Core_Temperature_and_Source_Calibration.md
milwaukee_wi,coho_salmon,,admit,B,WI_ACCESS_2026,Wisconsin Department of Natural Resources,Lake Michigan fishing access,,https://dnr.wisconsin.gov/topic/OpenOutdoors/AccessFishlakeMichigan,city_access,,,geography_and_access_context,Define the general city harbor and main public-pier context.,"Does not establish catch magnitude, live access, or safety.",,docs/onboarding/piercast/wisconsin-expansion/evidence-ledger.json
milwaukee_wi,coho_salmon,,admit,B,WI_EXACT_PIER_SPECIES_2023,Wisconsin Department of Natural Resources,Close to Home fishing opportunities,2023-06,https://dnr.wisconsin.gov/sites/default/files/topic/ClosetoHomeFishing.pdf,named_access_and_species,,,local_identity_timing_and_targetability,"Support species identity, local pier relevance, timing, method, or qualitative event strength as explicitly reported.",Do not convert one event into annual frequency or city CPUE.,,docs/onboarding/piercast/wisconsin-expansion/evidence-ledger.json
milwaukee_wi,coho_salmon,,admit,B,WI_COUNTY_MODE_1998_2024,Wisconsin Department of Natural Resources,Lake Michigan Creel Harvest Tables 1998–2024,2025-04-10,https://dnr.wisconsin.gov/sites/default/files/topic/Fishing/LM_CreelHarvestTables1998-2024.pdf,county_mode_annual,,,recurrence_and_relative_magnitude,Support recurrence and bounded relative magnitude where geography and mode match.,"Do not infer target-specific CPUE, exact structure, or unobserved-month absence.","Harvest is estimated, not catch; annual values do not assign month, effort, exact structure, or absence. A zero estimate is not proof of biological absence.",docs/onboarding/piercast/wisconsin-expansion/evidence-ledger.json
milwaukee_wi,coho_salmon,,admit,B,WI_SEASON_2022,Wisconsin Department of Natural Resources,2022 Lake Michigan open-water sportfishing effort and harvest report,2022,https://dnr.wisconsin.gov/sites/default/files/topic/LM_LakeMichiganSportHarvestReport2022.pdf,statewide_mode_month_bucket,,,regional_mode_timing,Constrain broad mode timing and regional recurrence.,Do not treat regional timing as city-specific catch rate.,,docs/onboarding/piercast/wisconsin-expansion/evidence-ledger.json
milwaukee_wi,coho_salmon,,admit,B,WI_SEASON_2023,Wisconsin Department of Natural Resources,2023 Lake Michigan open-water sportfishing effort and harvest report,2023,https://dnr.wisconsin.gov/sites/default/files/topic/Fishing/LM_LakeMichiganSportHarvestReport2023.pdf,statewide_mode_month_bucket,,,regional_mode_timing,Constrain broad mode timing and regional recurrence.,Do not treat regional timing as city-specific catch rate.,,docs/onboarding/piercast/wisconsin-expansion/evidence-ledger.json
milwaukee_wi,coho_salmon,,admit,B,WI_SEASON_2024,Wisconsin Department of Natural Resources,2024 Lake Michigan open-water sportfishing effort and harvest report,2024,https://dnr.wisconsin.gov/sites/default/files/topic/Fishing/LM_LakeMichiganSportHarvestReport2024.pdf,statewide_mode_month_bucket,,,regional_mode_timing,Constrain broad mode timing and regional recurrence.,Do not treat regional timing as city-specific catch rate.,Lake Michigan creel fieldwork ran May 1 through September 30 in 2024; specified unsurveyed periods were modeled. November-February city-pier ratings remain low-confidence floors.,docs/onboarding/piercast/wisconsin-expansion/evidence-ledger.json
milwaukee_wi,coho_salmon,spring_nearshore,admit,B,T002,Wisconsin Department of Natural Resources,Wisconsin DNR coho salmon fact sheet,,https://dnr.wisconsin.gov/sites/default/files/topic/Fishing/Species_cohosalmon.pdf,,,,thermal_compatibility,Constrain the direction and breadth of shared species thermal compatibility.,Do not claim a measured pier bite probability or mode-specific response.,,docs/PierCast_Core_Temperature_and_Source_Calibration.md
milwaukee_wi,coho_salmon,spring_nearshore,admit,B,T008,Michigan Department of Natural Resources,Michigan DNR coho salmon profile,,https://www.michigan.gov/dnr/education/michigan-species/fish-species/coho-salmon,,,,thermal_compatibility,Constrain the direction and breadth of shared species thermal compatibility.,Do not claim a measured pier bite probability or mode-specific response.,,docs/PierCast_Core_Temperature_and_Source_Calibration.md
milwaukee_wi,coho_salmon,spring_nearshore,admit,B,T013,Great Lakes Fishery Commission,"Great Lakes Fishery Commission, Temperature Relationships of Great Lakes Fishes",,https://www.sealamprey.org/pubs/SpecialPubs/Sp87_3.pdf,,,,thermal_compatibility,Constrain the direction and breadth of shared species thermal compatibility.,Do not claim a measured pier bite probability or mode-specific response.,,docs/PierCast_Core_Temperature_and_Source_Calibration.md
milwaukee_wi,coho_salmon,summer_coldwater_access,admit,B,T002,Wisconsin Department of Natural Resources,Wisconsin DNR coho salmon fact sheet,,https://dnr.wisconsin.gov/sites/default/files/topic/Fishing/Species_cohosalmon.pdf,,,,thermal_compatibility,Constrain the direction and breadth of shared species thermal compatibility.,Do not claim a measured pier bite probability or mode-specific response.,,docs/PierCast_Core_Temperature_and_Source_Calibration.md
milwaukee_wi,coho_salmon,summer_coldwater_access,admit,B,T008,Michigan Department of Natural Resources,Michigan DNR coho salmon profile,,https://www.michigan.gov/dnr/education/michigan-species/fish-species/coho-salmon,,,,thermal_compatibility,Constrain the direction and breadth of shared species thermal compatibility.,Do not claim a measured pier bite probability or mode-specific response.,,docs/PierCast_Core_Temperature_and_Source_Calibration.md
milwaukee_wi,coho_salmon,summer_coldwater_access,admit,B,T013,Great Lakes Fishery Commission,"Great Lakes Fishery Commission, Temperature Relationships of Great Lakes Fishes",,https://www.sealamprey.org/pubs/SpecialPubs/Sp87_3.pdf,,,,thermal_compatibility,Constrain the direction and breadth of shared species thermal compatibility.,Do not claim a measured pier bite probability or mode-specific response.,,docs/PierCast_Core_Temperature_and_Source_Calibration.md
milwaukee_wi,coho_salmon,fall_harbor_staging,admit,B,T002,Wisconsin Department of Natural Resources,Wisconsin DNR coho salmon fact sheet,,https://dnr.wisconsin.gov/sites/default/files/topic/Fishing/Species_cohosalmon.pdf,,,,thermal_compatibility,Constrain the direction and breadth of shared species thermal compatibility.,Do not claim a measured pier bite probability or mode-specific response.,,docs/PierCast_Core_Temperature_and_Source_Calibration.md
milwaukee_wi,coho_salmon,fall_harbor_staging,admit,B,T008,Michigan Department of Natural Resources,Michigan DNR coho salmon profile,,https://www.michigan.gov/dnr/education/michigan-species/fish-species/coho-salmon,,,,thermal_compatibility,Constrain the direction and breadth of shared species thermal compatibility.,Do not claim a measured pier bite probability or mode-specific response.,,docs/PierCast_Core_Temperature_and_Source_Calibration.md
milwaukee_wi,coho_salmon,fall_harbor_staging,admit,B,T013,Great Lakes Fishery Commission,"Great Lakes Fishery Commission, Temperature Relationships of Great Lakes Fishes",,https://www.sealamprey.org/pubs/SpecialPubs/Sp87_3.pdf,,,,thermal_compatibility,Constrain the direction and breadth of shared species thermal compatibility.,Do not claim a measured pier bite probability or mode-specific response.,,docs/PierCast_Core_Temperature_and_Source_Calibration.md
milwaukee_wi,steelhead,,admit,B,WI_ACCESS_2026,Wisconsin Department of Natural Resources,Lake Michigan fishing access,,https://dnr.wisconsin.gov/topic/OpenOutdoors/AccessFishlakeMichigan,city_access,,,geography_and_access_context,Define the general city harbor and main public-pier context.,"Does not establish catch magnitude, live access, or safety.",,docs/onboarding/piercast/wisconsin-expansion/evidence-ledger.json
milwaukee_wi,steelhead,,admit,B,WI_EXACT_PIER_SPECIES_2023,Wisconsin Department of Natural Resources,Close to Home fishing opportunities,2023-06,https://dnr.wisconsin.gov/sites/default/files/topic/ClosetoHomeFishing.pdf,named_access_and_species,,,local_identity_timing_and_targetability,"Support species identity, local pier relevance, timing, method, or qualitative event strength as explicitly reported.",Do not convert one event into annual frequency or city CPUE.,,docs/onboarding/piercast/wisconsin-expansion/evidence-ledger.json
milwaukee_wi,steelhead,,admit,B,WI_COUNTY_MODE_1998_2024,Wisconsin Department of Natural Resources,Lake Michigan Creel Harvest Tables 1998–2024,2025-04-10,https://dnr.wisconsin.gov/sites/default/files/topic/Fishing/LM_CreelHarvestTables1998-2024.pdf,county_mode_annual,,,recurrence_and_relative_magnitude,Support recurrence and bounded relative magnitude where geography and mode match.,"Do not infer target-specific CPUE, exact structure, or unobserved-month absence.","Harvest is estimated, not catch; annual values do not assign month, effort, exact structure, or absence. A zero estimate is not proof of biological absence.",docs/onboarding/piercast/wisconsin-expansion/evidence-ledger.json
milwaukee_wi,steelhead,,admit,B,WI_SEASON_2022,Wisconsin Department of Natural Resources,2022 Lake Michigan open-water sportfishing effort and harvest report,2022,https://dnr.wisconsin.gov/sites/default/files/topic/LM_LakeMichiganSportHarvestReport2022.pdf,statewide_mode_month_bucket,,,regional_mode_timing,Constrain broad mode timing and regional recurrence.,Do not treat regional timing as city-specific catch rate.,,docs/onboarding/piercast/wisconsin-expansion/evidence-ledger.json
milwaukee_wi,steelhead,,admit,B,WI_SEASON_2023,Wisconsin Department of Natural Resources,2023 Lake Michigan open-water sportfishing effort and harvest report,2023,https://dnr.wisconsin.gov/sites/default/files/topic/Fishing/LM_LakeMichiganSportHarvestReport2023.pdf,statewide_mode_month_bucket,,,regional_mode_timing,Constrain broad mode timing and regional recurrence.,Do not treat regional timing as city-specific catch rate.,,docs/onboarding/piercast/wisconsin-expansion/evidence-ledger.json
milwaukee_wi,steelhead,,admit,B,WI_SEASON_2024,Wisconsin Department of Natural Resources,2024 Lake Michigan open-water sportfishing effort and harvest report,2024,https://dnr.wisconsin.gov/sites/default/files/topic/Fishing/LM_LakeMichiganSportHarvestReport2024.pdf,statewide_mode_month_bucket,,,regional_mode_timing,Constrain broad mode timing and regional recurrence.,Do not treat regional timing as city-specific catch rate.,Lake Michigan creel fieldwork ran May 1 through September 30 in 2024; specified unsurveyed periods were modeled. November-February city-pier ratings remain low-confidence floors.,docs/onboarding/piercast/wisconsin-expansion/evidence-ledger.json
milwaukee_wi,steelhead,winter_spring_thermal_front,admit,B,T003,Wisconsin Department of Natural Resources,Wisconsin DNR rainbow trout fact sheet,,https://dnr.wisconsin.gov/sites/default/files/topic/Fishing/Species_rainbowtrout.pdf,,,,thermal_compatibility,Constrain the direction and breadth of shared species thermal compatibility.,Do not claim a measured pier bite probability or mode-specific response.,,docs/PierCast_Core_Temperature_and_Source_Calibration.md
milwaukee_wi,steelhead,winter_spring_thermal_front,admit,B,T007,U.S. Geological Survey,"USGS, steelhead growth-potential model and angler catch comparison",,https://www.usgs.gov/publications/landscape-scale-measures-steelhead-oncorhynchus-mykiss-bioenergetic-growth-rate,,,,thermal_compatibility,Constrain the direction and breadth of shared species thermal compatibility.,Do not claim a measured pier bite probability or mode-specific response.,,docs/PierCast_Core_Temperature_and_Source_Calibration.md
milwaukee_wi,steelhead,winter_spring_thermal_front,admit,B,T009,Wisconsin Department of Natural Resources,Wisconsin DNR Lake Michigan steelhead strains,,https://dnr.wisconsin.gov/sites/default/files/topic/Fishing/Species_steelhead.pdf,,,,thermal_compatibility,Constrain the direction and breadth of shared species thermal compatibility.,Do not claim a measured pier bite probability or mode-specific response.,,docs/PierCast_Core_Temperature_and_Source_Calibration.md
milwaukee_wi,steelhead,winter_spring_thermal_front,admit,B,T010,Wisconsin Department of Natural Resources,Wisconsin DNR Root River Steelhead Facility report,,https://dnr.wisconsin.gov/sites/default/files/topic/Fishing/LM_RootRiverSteelheadFacilityFall2024Spring2025.pdf,,,,thermal_compatibility,Constrain the direction and breadth of shared species thermal compatibility.,Do not claim a measured pier bite probability or mode-specific response.,,docs/PierCast_Core_Temperature_and_Source_Calibration.md
milwaukee_wi,steelhead,winter_spring_thermal_front,admit,B,T032,Michigan Department of Natural Resources,Michigan DNR steelhead profile,,https://www.michigan.gov/dnr/education/michigan-species/fish-species/steelhead,,,,thermal_compatibility,Constrain the direction and breadth of shared species thermal compatibility.,Do not claim a measured pier bite probability or mode-specific response.,,docs/PierCast_Core_Temperature_and_Source_Calibration.md
milwaukee_wi,steelhead,summer_thermal_break_or_upwelling,admit,B,T003,Wisconsin Department of Natural Resources,Wisconsin DNR rainbow trout fact sheet,,https://dnr.wisconsin.gov/sites/default/files/topic/Fishing/Species_rainbowtrout.pdf,,,,thermal_compatibility,Constrain the direction and breadth of shared species thermal compatibility.,Do not claim a measured pier bite probability or mode-specific response.,,docs/PierCast_Core_Temperature_and_Source_Calibration.md
milwaukee_wi,steelhead,summer_thermal_break_or_upwelling,admit,B,T007,U.S. Geological Survey,"USGS, steelhead growth-potential model and angler catch comparison",,https://www.usgs.gov/publications/landscape-scale-measures-steelhead-oncorhynchus-mykiss-bioenergetic-growth-rate,,,,thermal_compatibility,Constrain the direction and breadth of shared species thermal compatibility.,Do not claim a measured pier bite probability or mode-specific response.,,docs/PierCast_Core_Temperature_and_Source_Calibration.md
milwaukee_wi,steelhead,summer_thermal_break_or_upwelling,admit,B,T009,Wisconsin Department of Natural Resources,Wisconsin DNR Lake Michigan steelhead strains,,https://dnr.wisconsin.gov/sites/default/files/topic/Fishing/Species_steelhead.pdf,,,,thermal_compatibility,Constrain the direction and breadth of shared species thermal compatibility.,Do not claim a measured pier bite probability or mode-specific response.,,docs/PierCast_Core_Temperature_and_Source_Calibration.md
milwaukee_wi,steelhead,summer_thermal_break_or_upwelling,admit,B,T010,Wisconsin Department of Natural Resources,Wisconsin DNR Root River Steelhead Facility report,,https://dnr.wisconsin.gov/sites/default/files/topic/Fishing/LM_RootRiverSteelheadFacilityFall2024Spring2025.pdf,,,,thermal_compatibility,Constrain the direction and breadth of shared species thermal compatibility.,Do not claim a measured pier bite probability or mode-specific response.,,docs/PierCast_Core_Temperature_and_Source_Calibration.md
milwaukee_wi,steelhead,summer_thermal_break_or_upwelling,admit,B,T032,Michigan Department of Natural Resources,Michigan DNR steelhead profile,,https://www.michigan.gov/dnr/education/michigan-species/fish-species/steelhead,,,,thermal_compatibility,Constrain the direction and breadth of shared species thermal compatibility.,Do not claim a measured pier bite probability or mode-specific response.,,docs/PierCast_Core_Temperature_and_Source_Calibration.md
milwaukee_wi,brown_trout,,admit,B,WI_ACCESS_2026,Wisconsin Department of Natural Resources,Lake Michigan fishing access,,https://dnr.wisconsin.gov/topic/OpenOutdoors/AccessFishlakeMichigan,city_access,,,geography_and_access_context,Define the general city harbor and main public-pier context.,"Does not establish catch magnitude, live access, or safety.",,docs/onboarding/piercast/wisconsin-expansion/evidence-ledger.json
milwaukee_wi,brown_trout,,admit,B,WI_EXACT_PIER_SPECIES_2023,Wisconsin Department of Natural Resources,Close to Home fishing opportunities,2023-06,https://dnr.wisconsin.gov/sites/default/files/topic/ClosetoHomeFishing.pdf,named_access_and_species,,,local_identity_timing_and_targetability,"Support species identity, local pier relevance, timing, method, or qualitative event strength as explicitly reported.",Do not convert one event into annual frequency or city CPUE.,,docs/onboarding/piercast/wisconsin-expansion/evidence-ledger.json
milwaukee_wi,brown_trout,,admit,B,WI_COUNTY_MODE_1998_2024,Wisconsin Department of Natural Resources,Lake Michigan Creel Harvest Tables 1998–2024,2025-04-10,https://dnr.wisconsin.gov/sites/default/files/topic/Fishing/LM_CreelHarvestTables1998-2024.pdf,county_mode_annual,,,recurrence_and_relative_magnitude,Support recurrence and bounded relative magnitude where geography and mode match.,"Do not infer target-specific CPUE, exact structure, or unobserved-month absence.","Harvest is estimated, not catch; annual values do not assign month, effort, exact structure, or absence. A zero estimate is not proof of biological absence.",docs/onboarding/piercast/wisconsin-expansion/evidence-ledger.json
milwaukee_wi,brown_trout,,admit,B,WI_SEASON_2022,Wisconsin Department of Natural Resources,2022 Lake Michigan open-water sportfishing effort and harvest report,2022,https://dnr.wisconsin.gov/sites/default/files/topic/LM_LakeMichiganSportHarvestReport2022.pdf,statewide_mode_month_bucket,,,regional_mode_timing,Constrain broad mode timing and regional recurrence.,Do not treat regional timing as city-specific catch rate.,,docs/onboarding/piercast/wisconsin-expansion/evidence-ledger.json
milwaukee_wi,brown_trout,,admit,B,WI_SEASON_2023,Wisconsin Department of Natural Resources,2023 Lake Michigan open-water sportfishing effort and harvest report,2023,https://dnr.wisconsin.gov/sites/default/files/topic/Fishing/LM_LakeMichiganSportHarvestReport2023.pdf,statewide_mode_month_bucket,,,regional_mode_timing,Constrain broad mode timing and regional recurrence.,Do not treat regional timing as city-specific catch rate.,,docs/onboarding/piercast/wisconsin-expansion/evidence-ledger.json
milwaukee_wi,brown_trout,,admit,B,WI_SEASON_2024,Wisconsin Department of Natural Resources,2024 Lake Michigan open-water sportfishing effort and harvest report,2024,https://dnr.wisconsin.gov/sites/default/files/topic/Fishing/LM_LakeMichiganSportHarvestReport2024.pdf,statewide_mode_month_bucket,,,regional_mode_timing,Constrain broad mode timing and regional recurrence.,Do not treat regional timing as city-specific catch rate.,Lake Michigan creel fieldwork ran May 1 through September 30 in 2024; specified unsurveyed periods were modeled. November-February city-pier ratings remain low-confidence floors.,docs/onboarding/piercast/wisconsin-expansion/evidence-ledger.json
milwaukee_wi,brown_trout,winter_harbor_open_water,admit,B,T004,Wisconsin Department of Natural Resources,Wisconsin DNR brown trout fact sheet,,https://dnr.wisconsin.gov/sites/default/files/topic/Fishing/Species_browntrout.pdf,,,,thermal_compatibility,Constrain the direction and breadth of shared species thermal compatibility.,Do not claim a measured pier bite probability or mode-specific response.,,docs/PierCast_Core_Temperature_and_Source_Calibration.md
milwaukee_wi,brown_trout,winter_harbor_open_water,admit,B,T014,Primary source named in registry,"Haynes et al., Great Lakes brown trout movement and temperatures",,https://www.sciencedirect.com/science/article/pii/S0380133087716402,,,,thermal_compatibility,Constrain the direction and breadth of shared species thermal compatibility.,Do not claim a measured pier bite probability or mode-specific response.,,docs/PierCast_Core_Temperature_and_Source_Calibration.md
milwaukee_wi,brown_trout,winter_harbor_open_water,admit,B,T015,Michigan Department of Natural Resources,Michigan DNR brown trout profile,,https://www.michigan.gov/dnr/education/michigan-species/fish-species/brown-trout,,,,thermal_compatibility,Constrain the direction and breadth of shared species thermal compatibility.,Do not claim a measured pier bite probability or mode-specific response.,,docs/PierCast_Core_Temperature_and_Source_Calibration.md
milwaukee_wi,brown_trout,spring_nearshore,admit,B,T004,Wisconsin Department of Natural Resources,Wisconsin DNR brown trout fact sheet,,https://dnr.wisconsin.gov/sites/default/files/topic/Fishing/Species_browntrout.pdf,,,,thermal_compatibility,Constrain the direction and breadth of shared species thermal compatibility.,Do not claim a measured pier bite probability or mode-specific response.,,docs/PierCast_Core_Temperature_and_Source_Calibration.md
milwaukee_wi,brown_trout,spring_nearshore,admit,B,T014,Primary source named in registry,"Haynes et al., Great Lakes brown trout movement and temperatures",,https://www.sciencedirect.com/science/article/pii/S0380133087716402,,,,thermal_compatibility,Constrain the direction and breadth of shared species thermal compatibility.,Do not claim a measured pier bite probability or mode-specific response.,,docs/PierCast_Core_Temperature_and_Source_Calibration.md
milwaukee_wi,brown_trout,spring_nearshore,admit,B,T015,Michigan Department of Natural Resources,Michigan DNR brown trout profile,,https://www.michigan.gov/dnr/education/michigan-species/fish-species/brown-trout,,,,thermal_compatibility,Constrain the direction and breadth of shared species thermal compatibility.,Do not claim a measured pier bite probability or mode-specific response.,,docs/PierCast_Core_Temperature_and_Source_Calibration.md
milwaukee_wi,lake_trout,,defer,C,WI_ACCESS_2026,Wisconsin Department of Natural Resources,Lake Michigan fishing access,,https://dnr.wisconsin.gov/topic/OpenOutdoors/AccessFishlakeMichigan,city_access,,,geography_and_access_context,Define the general city harbor and main public-pier context.,"Does not establish catch magnitude, live access, or safety.",,docs/onboarding/piercast/wisconsin-expansion/evidence-ledger.json
milwaukee_wi,lake_trout,,defer,C,WI_COUNTY_MODE_1998_2024,Wisconsin Department of Natural Resources,Lake Michigan Creel Harvest Tables 1998–2024,2025-04-10,https://dnr.wisconsin.gov/sites/default/files/topic/Fishing/LM_CreelHarvestTables1998-2024.pdf,county_mode_annual,,,recurrence_and_relative_magnitude,Support recurrence and bounded relative magnitude where geography and mode match.,"Do not infer target-specific CPUE, exact structure, or unobserved-month absence.","Harvest is estimated, not catch; annual values do not assign month, effort, exact structure, or absence. A zero estimate is not proof of biological absence.",docs/onboarding/piercast/wisconsin-expansion/evidence-ledger.json
milwaukee_wi,walleye,,exclude,D,WI_ACCESS_2026,Wisconsin Department of Natural Resources,Lake Michigan fishing access,,https://dnr.wisconsin.gov/topic/OpenOutdoors/AccessFishlakeMichigan,city_access,,,geography_and_access_context,Define the general city harbor and main public-pier context.,"Does not establish catch magnitude, live access, or safety.",,docs/onboarding/piercast/wisconsin-expansion/evidence-ledger.json
milwaukee_wi,walleye,,exclude,D,WI_EXACT_PIER_SPECIES_2023,Wisconsin Department of Natural Resources,Close to Home fishing opportunities,2023-06,https://dnr.wisconsin.gov/sites/default/files/topic/ClosetoHomeFishing.pdf,named_access_and_species,,,local_identity_timing_and_targetability,"Support species identity, local pier relevance, timing, method, or qualitative event strength as explicitly reported.",Do not convert one event into annual frequency or city CPUE.,,docs/onboarding/piercast/wisconsin-expansion/evidence-ledger.json
milwaukee_wi,walleye,,exclude,D,WI_COUNTY_MODE_1998_2024,Wisconsin Department of Natural Resources,Lake Michigan Creel Harvest Tables 1998–2024,2025-04-10,https://dnr.wisconsin.gov/sites/default/files/topic/Fishing/LM_CreelHarvestTables1998-2024.pdf,county_mode_annual,,,recurrence_and_relative_magnitude,Support recurrence and bounded relative magnitude where geography and mode match.,"Do not infer target-specific CPUE, exact structure, or unobserved-month absence.","Harvest is estimated, not catch; annual values do not assign month, effort, exact structure, or absence. A zero estimate is not proof of biological absence.",docs/onboarding/piercast/wisconsin-expansion/evidence-ledger.json
milwaukee_wi,smallmouth_bass,,exclude,D,WI_ACCESS_2026,Wisconsin Department of Natural Resources,Lake Michigan fishing access,,https://dnr.wisconsin.gov/topic/OpenOutdoors/AccessFishlakeMichigan,city_access,,,geography_and_access_context,Define the general city harbor and main public-pier context.,"Does not establish catch magnitude, live access, or safety.",,docs/onboarding/piercast/wisconsin-expansion/evidence-ledger.json
milwaukee_wi,smallmouth_bass,,exclude,D,WI_EXACT_PIER_SPECIES_2023,Wisconsin Department of Natural Resources,Close to Home fishing opportunities,2023-06,https://dnr.wisconsin.gov/sites/default/files/topic/ClosetoHomeFishing.pdf,named_access_and_species,,,local_identity_timing_and_targetability,"Support species identity, local pier relevance, timing, method, or qualitative event strength as explicitly reported.",Do not convert one event into annual frequency or city CPUE.,,docs/onboarding/piercast/wisconsin-expansion/evidence-ledger.json
milwaukee_wi,smallmouth_bass,,exclude,D,WI_COUNTY_MODE_1998_2024,Wisconsin Department of Natural Resources,Lake Michigan Creel Harvest Tables 1998–2024,2025-04-10,https://dnr.wisconsin.gov/sites/default/files/topic/Fishing/LM_CreelHarvestTables1998-2024.pdf,county_mode_annual,,,recurrence_and_relative_magnitude,Support recurrence and bounded relative magnitude where geography and mode match.,"Do not infer target-specific CPUE, exact structure, or unobserved-month absence.","Harvest is estimated, not catch; annual values do not assign month, effort, exact structure, or absence. A zero estimate is not proof of biological absence.",docs/onboarding/piercast/wisconsin-expansion/evidence-ledger.json
milwaukee_wi,freshwater_drum,,exclude,D,WI_ACCESS_2026,Wisconsin Department of Natural Resources,Lake Michigan fishing access,,https://dnr.wisconsin.gov/topic/OpenOutdoors/AccessFishlakeMichigan,city_access,,,geography_and_access_context,Define the general city harbor and main public-pier context.,"Does not establish catch magnitude, live access, or safety.",,docs/onboarding/piercast/wisconsin-expansion/evidence-ledger.json
milwaukee_wi,freshwater_drum,,exclude,D,WI_EXACT_PIER_SPECIES_2023,Wisconsin Department of Natural Resources,Close to Home fishing opportunities,2023-06,https://dnr.wisconsin.gov/sites/default/files/topic/ClosetoHomeFishing.pdf,named_access_and_species,,,local_identity_timing_and_targetability,"Support species identity, local pier relevance, timing, method, or qualitative event strength as explicitly reported.",Do not convert one event into annual frequency or city CPUE.,,docs/onboarding/piercast/wisconsin-expansion/evidence-ledger.json
milwaukee_wi,freshwater_drum,,exclude,D,WI_COUNTY_MODE_1998_2024,Wisconsin Department of Natural Resources,Lake Michigan Creel Harvest Tables 1998–2024,2025-04-10,https://dnr.wisconsin.gov/sites/default/files/topic/Fishing/LM_CreelHarvestTables1998-2024.pdf,county_mode_annual,,,recurrence_and_relative_magnitude,Support recurrence and bounded relative magnitude where geography and mode match.,"Do not infer target-specific CPUE, exact structure, or unobserved-month absence.","Harvest is estimated, not catch; annual values do not assign month, effort, exact structure, or absence. A zero estimate is not proof of biological absence.",docs/onboarding/piercast/wisconsin-expansion/evidence-ledger.json
milwaukee_wi,yellow_perch,,exclude,D,WI_ACCESS_2026,Wisconsin Department of Natural Resources,Lake Michigan fishing access,,https://dnr.wisconsin.gov/topic/OpenOutdoors/AccessFishlakeMichigan,city_access,,,geography_and_access_context,Define the general city harbor and main public-pier context.,"Does not establish catch magnitude, live access, or safety.",,docs/onboarding/piercast/wisconsin-expansion/evidence-ledger.json
milwaukee_wi,yellow_perch,,exclude,D,WI_EXACT_PIER_SPECIES_2023,Wisconsin Department of Natural Resources,Close to Home fishing opportunities,2023-06,https://dnr.wisconsin.gov/sites/default/files/topic/ClosetoHomeFishing.pdf,named_access_and_species,,,local_identity_timing_and_targetability,"Support species identity, local pier relevance, timing, method, or qualitative event strength as explicitly reported.",Do not convert one event into annual frequency or city CPUE.,,docs/onboarding/piercast/wisconsin-expansion/evidence-ledger.json
milwaukee_wi,yellow_perch,,exclude,D,WI_COUNTY_MODE_1998_2024,Wisconsin Department of Natural Resources,Lake Michigan Creel Harvest Tables 1998–2024,2025-04-10,https://dnr.wisconsin.gov/sites/default/files/topic/Fishing/LM_CreelHarvestTables1998-2024.pdf,county_mode_annual,,,recurrence_and_relative_magnitude,Support recurrence and bounded relative magnitude where geography and mode match.,"Do not infer target-specific CPUE, exact structure, or unobserved-month absence.","Harvest is estimated, not catch; annual values do not assign month, effort, exact structure, or absence. A zero estimate is not proof of biological absence.",docs/onboarding/piercast/wisconsin-expansion/evidence-ledger.json
milwaukee_wi,lake_whitefish,,exclude,D,WI_ACCESS_2026,Wisconsin Department of Natural Resources,Lake Michigan fishing access,,https://dnr.wisconsin.gov/topic/OpenOutdoors/AccessFishlakeMichigan,city_access,,,geography_and_access_context,Define the general city harbor and main public-pier context.,"Does not establish catch magnitude, live access, or safety.",,docs/onboarding/piercast/wisconsin-expansion/evidence-ledger.json
milwaukee_wi,lake_whitefish,,exclude,D,WI_EXACT_PIER_SPECIES_2023,Wisconsin Department of Natural Resources,Close to Home fishing opportunities,2023-06,https://dnr.wisconsin.gov/sites/default/files/topic/ClosetoHomeFishing.pdf,named_access_and_species,,,local_identity_timing_and_targetability,"Support species identity, local pier relevance, timing, method, or qualitative event strength as explicitly reported.",Do not convert one event into annual frequency or city CPUE.,,docs/onboarding/piercast/wisconsin-expansion/evidence-ledger.json
milwaukee_wi,lake_whitefish,,exclude,D,WI_COUNTY_MODE_1998_2024,Wisconsin Department of Natural Resources,Lake Michigan Creel Harvest Tables 1998–2024,2025-04-10,https://dnr.wisconsin.gov/sites/default/files/topic/Fishing/LM_CreelHarvestTables1998-2024.pdf,county_mode_annual,,,recurrence_and_relative_magnitude,Support recurrence and bounded relative magnitude where geography and mode match.,"Do not infer target-specific CPUE, exact structure, or unobserved-month absence.","Harvest is estimated, not catch; annual values do not assign month, effort, exact structure, or absence. A zero estimate is not proof of biological absence.",docs/onboarding/piercast/wisconsin-expansion/evidence-ledger.json
milwaukee_wi,round_whitefish,,exclude,D,WI_ACCESS_2026,Wisconsin Department of Natural Resources,Lake Michigan fishing access,,https://dnr.wisconsin.gov/topic/OpenOutdoors/AccessFishlakeMichigan,city_access,,,geography_and_access_context,Define the general city harbor and main public-pier context.,"Does not establish catch magnitude, live access, or safety.",,docs/onboarding/piercast/wisconsin-expansion/evidence-ledger.json
milwaukee_wi,round_whitefish,,exclude,D,WI_EXACT_PIER_SPECIES_2023,Wisconsin Department of Natural Resources,Close to Home fishing opportunities,2023-06,https://dnr.wisconsin.gov/sites/default/files/topic/ClosetoHomeFishing.pdf,named_access_and_species,,,local_identity_timing_and_targetability,"Support species identity, local pier relevance, timing, method, or qualitative event strength as explicitly reported.",Do not convert one event into annual frequency or city CPUE.,,docs/onboarding/piercast/wisconsin-expansion/evidence-ledger.json
milwaukee_wi,round_whitefish,,exclude,D,WI_COUNTY_MODE_1998_2024,Wisconsin Department of Natural Resources,Lake Michigan Creel Harvest Tables 1998–2024,2025-04-10,https://dnr.wisconsin.gov/sites/default/files/topic/Fishing/LM_CreelHarvestTables1998-2024.pdf,county_mode_annual,,,recurrence_and_relative_magnitude,Support recurrence and bounded relative magnitude where geography and mode match.,"Do not infer target-specific CPUE, exact structure, or unobserved-month absence.","Harvest is estimated, not catch; annual values do not assign month, effort, exact structure, or absence. A zero estimate is not proof of biological absence.",docs/onboarding/piercast/wisconsin-expansion/evidence-ledger.json
milwaukee_wi,channel_catfish,,exclude,D,WI_ACCESS_2026,Wisconsin Department of Natural Resources,Lake Michigan fishing access,,https://dnr.wisconsin.gov/topic/OpenOutdoors/AccessFishlakeMichigan,city_access,,,geography_and_access_context,Define the general city harbor and main public-pier context.,"Does not establish catch magnitude, live access, or safety.",,docs/onboarding/piercast/wisconsin-expansion/evidence-ledger.json
milwaukee_wi,channel_catfish,,exclude,D,WI_EXACT_PIER_SPECIES_2023,Wisconsin Department of Natural Resources,Close to Home fishing opportunities,2023-06,https://dnr.wisconsin.gov/sites/default/files/topic/ClosetoHomeFishing.pdf,named_access_and_species,,,local_identity_timing_and_targetability,"Support species identity, local pier relevance, timing, method, or qualitative event strength as explicitly reported.",Do not convert one event into annual frequency or city CPUE.,,docs/onboarding/piercast/wisconsin-expansion/evidence-ledger.json
milwaukee_wi,channel_catfish,,exclude,D,WI_COUNTY_MODE_1998_2024,Wisconsin Department of Natural Resources,Lake Michigan Creel Harvest Tables 1998–2024,2025-04-10,https://dnr.wisconsin.gov/sites/default/files/topic/Fishing/LM_CreelHarvestTables1998-2024.pdf,county_mode_annual,,,recurrence_and_relative_magnitude,Support recurrence and bounded relative magnitude where geography and mode match.,"Do not infer target-specific CPUE, exact structure, or unobserved-month absence.","Harvest is estimated, not catch; annual values do not assign month, effort, exact structure, or absence. A zero estimate is not proof of biological absence.",docs/onboarding/piercast/wisconsin-expansion/evidence-ledger.json
milwaukee_wi,largemouth_bass,,exclude,D,WI_ACCESS_2026,Wisconsin Department of Natural Resources,Lake Michigan fishing access,,https://dnr.wisconsin.gov/topic/OpenOutdoors/AccessFishlakeMichigan,city_access,,,geography_and_access_context,Define the general city harbor and main public-pier context.,"Does not establish catch magnitude, live access, or safety.",,docs/onboarding/piercast/wisconsin-expansion/evidence-ledger.json
milwaukee_wi,largemouth_bass,,exclude,D,WI_EXACT_PIER_SPECIES_2023,Wisconsin Department of Natural Resources,Close to Home fishing opportunities,2023-06,https://dnr.wisconsin.gov/sites/default/files/topic/ClosetoHomeFishing.pdf,named_access_and_species,,,local_identity_timing_and_targetability,"Support species identity, local pier relevance, timing, method, or qualitative event strength as explicitly reported.",Do not convert one event into annual frequency or city CPUE.,,docs/onboarding/piercast/wisconsin-expansion/evidence-ledger.json
milwaukee_wi,largemouth_bass,,exclude,D,WI_COUNTY_MODE_1998_2024,Wisconsin Department of Natural Resources,Lake Michigan Creel Harvest Tables 1998–2024,2025-04-10,https://dnr.wisconsin.gov/sites/default/files/topic/Fishing/LM_CreelHarvestTables1998-2024.pdf,county_mode_annual,,,recurrence_and_relative_magnitude,Support recurrence and bounded relative magnitude where geography and mode match.,"Do not infer target-specific CPUE, exact structure, or unobserved-month absence.","Harvest is estimated, not catch; annual values do not assign month, effort, exact structure, or absence. A zero estimate is not proof of biological absence.",docs/onboarding/piercast/wisconsin-expansion/evidence-ledger.json
racine_wi,chinook_salmon,,admit,B,WI_ACCESS_2026,Wisconsin Department of Natural Resources,Lake Michigan fishing access,,https://dnr.wisconsin.gov/topic/OpenOutdoors/AccessFishlakeMichigan,city_access,,,geography_and_access_context,Define the general city harbor and main public-pier context.,"Does not establish catch magnitude, live access, or safety.",,docs/onboarding/piercast/wisconsin-expansion/evidence-ledger.json
racine_wi,chinook_salmon,,admit,B,WI_EXACT_PIER_SPECIES_2023,Wisconsin Department of Natural Resources,Close to Home fishing opportunities,2023-06,https://dnr.wisconsin.gov/sites/default/files/topic/ClosetoHomeFishing.pdf,named_access_and_species,,,local_identity_timing_and_targetability,"Support species identity, local pier relevance, timing, method, or qualitative event strength as explicitly reported.",Do not convert one event into annual frequency or city CPUE.,,docs/onboarding/piercast/wisconsin-expansion/evidence-ledger.json
racine_wi,chinook_salmon,,admit,B,WI_COUNTY_MODE_1998_2024,Wisconsin Department of Natural Resources,Lake Michigan Creel Harvest Tables 1998–2024,2025-04-10,https://dnr.wisconsin.gov/sites/default/files/topic/Fishing/LM_CreelHarvestTables1998-2024.pdf,county_mode_annual,,,recurrence_and_relative_magnitude,Support recurrence and bounded relative magnitude where geography and mode match.,"Do not infer target-specific CPUE, exact structure, or unobserved-month absence.","Harvest is estimated, not catch; annual values do not assign month, effort, exact structure, or absence. A zero estimate is not proof of biological absence.",docs/onboarding/piercast/wisconsin-expansion/evidence-ledger.json
racine_wi,chinook_salmon,,admit,B,WI_SEASON_2022,Wisconsin Department of Natural Resources,2022 Lake Michigan open-water sportfishing effort and harvest report,2022,https://dnr.wisconsin.gov/sites/default/files/topic/LM_LakeMichiganSportHarvestReport2022.pdf,statewide_mode_month_bucket,,,regional_mode_timing,Constrain broad mode timing and regional recurrence.,Do not treat regional timing as city-specific catch rate.,,docs/onboarding/piercast/wisconsin-expansion/evidence-ledger.json
racine_wi,chinook_salmon,,admit,B,WI_SEASON_2023,Wisconsin Department of Natural Resources,2023 Lake Michigan open-water sportfishing effort and harvest report,2023,https://dnr.wisconsin.gov/sites/default/files/topic/Fishing/LM_LakeMichiganSportHarvestReport2023.pdf,statewide_mode_month_bucket,,,regional_mode_timing,Constrain broad mode timing and regional recurrence.,Do not treat regional timing as city-specific catch rate.,,docs/onboarding/piercast/wisconsin-expansion/evidence-ledger.json
racine_wi,chinook_salmon,,admit,B,WI_SEASON_2024,Wisconsin Department of Natural Resources,2024 Lake Michigan open-water sportfishing effort and harvest report,2024,https://dnr.wisconsin.gov/sites/default/files/topic/Fishing/LM_LakeMichiganSportHarvestReport2024.pdf,statewide_mode_month_bucket,,,regional_mode_timing,Constrain broad mode timing and regional recurrence.,Do not treat regional timing as city-specific catch rate.,Lake Michigan creel fieldwork ran May 1 through September 30 in 2024; specified unsurveyed periods were modeled. November-February city-pier ratings remain low-confidence floors.,docs/onboarding/piercast/wisconsin-expansion/evidence-ledger.json
racine_wi,chinook_salmon,summer_coldwater_access,admit,B,T001,Wisconsin Department of Natural Resources,Wisconsin DNR Chinook salmon fact sheet,,https://dnr.wisconsin.gov/sites/default/files/topic/Fishing/Species_chinooksalmon.pdf,,,,thermal_compatibility,Constrain the direction and breadth of shared species thermal compatibility.,Do not claim a measured pier bite probability or mode-specific response.,,docs/PierCast_Core_Temperature_and_Source_Calibration.md
racine_wi,chinook_salmon,summer_coldwater_access,admit,B,T006,Primary source named in registry,"Adlerstein et al., Lake Michigan Chinook movement and assessment catch",,https://academic.oup.com/tafs/article/137/3/736/7888693,,,,thermal_compatibility,Constrain the direction and breadth of shared species thermal compatibility.,Do not claim a measured pier bite probability or mode-specific response.,,docs/PierCast_Core_Temperature_and_Source_Calibration.md
racine_wi,chinook_salmon,fall_harbor_staging,admit,B,T001,Wisconsin Department of Natural Resources,Wisconsin DNR Chinook salmon fact sheet,,https://dnr.wisconsin.gov/sites/default/files/topic/Fishing/Species_chinooksalmon.pdf,,,,thermal_compatibility,Constrain the direction and breadth of shared species thermal compatibility.,Do not claim a measured pier bite probability or mode-specific response.,,docs/PierCast_Core_Temperature_and_Source_Calibration.md
racine_wi,chinook_salmon,fall_harbor_staging,admit,B,T006,Primary source named in registry,"Adlerstein et al., Lake Michigan Chinook movement and assessment catch",,https://academic.oup.com/tafs/article/137/3/736/7888693,,,,thermal_compatibility,Constrain the direction and breadth of shared species thermal compatibility.,Do not claim a measured pier bite probability or mode-specific response.,,docs/PierCast_Core_Temperature_and_Source_Calibration.md
racine_wi,coho_salmon,,admit,B,WI_ACCESS_2026,Wisconsin Department of Natural Resources,Lake Michigan fishing access,,https://dnr.wisconsin.gov/topic/OpenOutdoors/AccessFishlakeMichigan,city_access,,,geography_and_access_context,Define the general city harbor and main public-pier context.,"Does not establish catch magnitude, live access, or safety.",,docs/onboarding/piercast/wisconsin-expansion/evidence-ledger.json
racine_wi,coho_salmon,,admit,B,WI_EXACT_PIER_SPECIES_2023,Wisconsin Department of Natural Resources,Close to Home fishing opportunities,2023-06,https://dnr.wisconsin.gov/sites/default/files/topic/ClosetoHomeFishing.pdf,named_access_and_species,,,local_identity_timing_and_targetability,"Support species identity, local pier relevance, timing, method, or qualitative event strength as explicitly reported.",Do not convert one event into annual frequency or city CPUE.,,docs/onboarding/piercast/wisconsin-expansion/evidence-ledger.json
racine_wi,coho_salmon,,admit,B,WI_COUNTY_MODE_1998_2024,Wisconsin Department of Natural Resources,Lake Michigan Creel Harvest Tables 1998–2024,2025-04-10,https://dnr.wisconsin.gov/sites/default/files/topic/Fishing/LM_CreelHarvestTables1998-2024.pdf,county_mode_annual,,,recurrence_and_relative_magnitude,Support recurrence and bounded relative magnitude where geography and mode match.,"Do not infer target-specific CPUE, exact structure, or unobserved-month absence.","Harvest is estimated, not catch; annual values do not assign month, effort, exact structure, or absence. A zero estimate is not proof of biological absence.",docs/onboarding/piercast/wisconsin-expansion/evidence-ledger.json
racine_wi,coho_salmon,,admit,B,WI_SEASON_2022,Wisconsin Department of Natural Resources,2022 Lake Michigan open-water sportfishing effort and harvest report,2022,https://dnr.wisconsin.gov/sites/default/files/topic/LM_LakeMichiganSportHarvestReport2022.pdf,statewide_mode_month_bucket,,,regional_mode_timing,Constrain broad mode timing and regional recurrence.,Do not treat regional timing as city-specific catch rate.,,docs/onboarding/piercast/wisconsin-expansion/evidence-ledger.json
racine_wi,coho_salmon,,admit,B,WI_SEASON_2023,Wisconsin Department of Natural Resources,2023 Lake Michigan open-water sportfishing effort and harvest report,2023,https://dnr.wisconsin.gov/sites/default/files/topic/Fishing/LM_LakeMichiganSportHarvestReport2023.pdf,statewide_mode_month_bucket,,,regional_mode_timing,Constrain broad mode timing and regional recurrence.,Do not treat regional timing as city-specific catch rate.,,docs/onboarding/piercast/wisconsin-expansion/evidence-ledger.json
racine_wi,coho_salmon,,admit,B,WI_SEASON_2024,Wisconsin Department of Natural Resources,2024 Lake Michigan open-water sportfishing effort and harvest report,2024,https://dnr.wisconsin.gov/sites/default/files/topic/Fishing/LM_LakeMichiganSportHarvestReport2024.pdf,statewide_mode_month_bucket,,,regional_mode_timing,Constrain broad mode timing and regional recurrence.,Do not treat regional timing as city-specific catch rate.,Lake Michigan creel fieldwork ran May 1 through September 30 in 2024; specified unsurveyed periods were modeled. November-February city-pier ratings remain low-confidence floors.,docs/onboarding/piercast/wisconsin-expansion/evidence-ledger.json
racine_wi,coho_salmon,spring_nearshore,admit,B,T002,Wisconsin Department of Natural Resources,Wisconsin DNR coho salmon fact sheet,,https://dnr.wisconsin.gov/sites/default/files/topic/Fishing/Species_cohosalmon.pdf,,,,thermal_compatibility,Constrain the direction and breadth of shared species thermal compatibility.,Do not claim a measured pier bite probability or mode-specific response.,,docs/PierCast_Core_Temperature_and_Source_Calibration.md
racine_wi,coho_salmon,spring_nearshore,admit,B,T008,Michigan Department of Natural Resources,Michigan DNR coho salmon profile,,https://www.michigan.gov/dnr/education/michigan-species/fish-species/coho-salmon,,,,thermal_compatibility,Constrain the direction and breadth of shared species thermal compatibility.,Do not claim a measured pier bite probability or mode-specific response.,,docs/PierCast_Core_Temperature_and_Source_Calibration.md
racine_wi,coho_salmon,spring_nearshore,admit,B,T013,Great Lakes Fishery Commission,"Great Lakes Fishery Commission, Temperature Relationships of Great Lakes Fishes",,https://www.sealamprey.org/pubs/SpecialPubs/Sp87_3.pdf,,,,thermal_compatibility,Constrain the direction and breadth of shared species thermal compatibility.,Do not claim a measured pier bite probability or mode-specific response.,,docs/PierCast_Core_Temperature_and_Source_Calibration.md
racine_wi,coho_salmon,summer_coldwater_access,admit,B,T002,Wisconsin Department of Natural Resources,Wisconsin DNR coho salmon fact sheet,,https://dnr.wisconsin.gov/sites/default/files/topic/Fishing/Species_cohosalmon.pdf,,,,thermal_compatibility,Constrain the direction and breadth of shared species thermal compatibility.,Do not claim a measured pier bite probability or mode-specific response.,,docs/PierCast_Core_Temperature_and_Source_Calibration.md
racine_wi,coho_salmon,summer_coldwater_access,admit,B,T008,Michigan Department of Natural Resources,Michigan DNR coho salmon profile,,https://www.michigan.gov/dnr/education/michigan-species/fish-species/coho-salmon,,,,thermal_compatibility,Constrain the direction and breadth of shared species thermal compatibility.,Do not claim a measured pier bite probability or mode-specific response.,,docs/PierCast_Core_Temperature_and_Source_Calibration.md
racine_wi,coho_salmon,summer_coldwater_access,admit,B,T013,Great Lakes Fishery Commission,"Great Lakes Fishery Commission, Temperature Relationships of Great Lakes Fishes",,https://www.sealamprey.org/pubs/SpecialPubs/Sp87_3.pdf,,,,thermal_compatibility,Constrain the direction and breadth of shared species thermal compatibility.,Do not claim a measured pier bite probability or mode-specific response.,,docs/PierCast_Core_Temperature_and_Source_Calibration.md
racine_wi,coho_salmon,fall_harbor_staging,admit,B,T002,Wisconsin Department of Natural Resources,Wisconsin DNR coho salmon fact sheet,,https://dnr.wisconsin.gov/sites/default/files/topic/Fishing/Species_cohosalmon.pdf,,,,thermal_compatibility,Constrain the direction and breadth of shared species thermal compatibility.,Do not claim a measured pier bite probability or mode-specific response.,,docs/PierCast_Core_Temperature_and_Source_Calibration.md
racine_wi,coho_salmon,fall_harbor_staging,admit,B,T008,Michigan Department of Natural Resources,Michigan DNR coho salmon profile,,https://www.michigan.gov/dnr/education/michigan-species/fish-species/coho-salmon,,,,thermal_compatibility,Constrain the direction and breadth of shared species thermal compatibility.,Do not claim a measured pier bite probability or mode-specific response.,,docs/PierCast_Core_Temperature_and_Source_Calibration.md
racine_wi,coho_salmon,fall_harbor_staging,admit,B,T013,Great Lakes Fishery Commission,"Great Lakes Fishery Commission, Temperature Relationships of Great Lakes Fishes",,https://www.sealamprey.org/pubs/SpecialPubs/Sp87_3.pdf,,,,thermal_compatibility,Constrain the direction and breadth of shared species thermal compatibility.,Do not claim a measured pier bite probability or mode-specific response.,,docs/PierCast_Core_Temperature_and_Source_Calibration.md
racine_wi,steelhead,,admit,B,WI_ACCESS_2026,Wisconsin Department of Natural Resources,Lake Michigan fishing access,,https://dnr.wisconsin.gov/topic/OpenOutdoors/AccessFishlakeMichigan,city_access,,,geography_and_access_context,Define the general city harbor and main public-pier context.,"Does not establish catch magnitude, live access, or safety.",,docs/onboarding/piercast/wisconsin-expansion/evidence-ledger.json
racine_wi,steelhead,,admit,B,WI_EXACT_PIER_SPECIES_2023,Wisconsin Department of Natural Resources,Close to Home fishing opportunities,2023-06,https://dnr.wisconsin.gov/sites/default/files/topic/ClosetoHomeFishing.pdf,named_access_and_species,,,local_identity_timing_and_targetability,"Support species identity, local pier relevance, timing, method, or qualitative event strength as explicitly reported.",Do not convert one event into annual frequency or city CPUE.,,docs/onboarding/piercast/wisconsin-expansion/evidence-ledger.json
racine_wi,steelhead,,admit,B,WI_COUNTY_MODE_1998_2024,Wisconsin Department of Natural Resources,Lake Michigan Creel Harvest Tables 1998–2024,2025-04-10,https://dnr.wisconsin.gov/sites/default/files/topic/Fishing/LM_CreelHarvestTables1998-2024.pdf,county_mode_annual,,,recurrence_and_relative_magnitude,Support recurrence and bounded relative magnitude where geography and mode match.,"Do not infer target-specific CPUE, exact structure, or unobserved-month absence.","Harvest is estimated, not catch; annual values do not assign month, effort, exact structure, or absence. A zero estimate is not proof of biological absence.",docs/onboarding/piercast/wisconsin-expansion/evidence-ledger.json
racine_wi,steelhead,,admit,B,WI_SEASON_2022,Wisconsin Department of Natural Resources,2022 Lake Michigan open-water sportfishing effort and harvest report,2022,https://dnr.wisconsin.gov/sites/default/files/topic/LM_LakeMichiganSportHarvestReport2022.pdf,statewide_mode_month_bucket,,,regional_mode_timing,Constrain broad mode timing and regional recurrence.,Do not treat regional timing as city-specific catch rate.,,docs/onboarding/piercast/wisconsin-expansion/evidence-ledger.json
racine_wi,steelhead,,admit,B,WI_SEASON_2023,Wisconsin Department of Natural Resources,2023 Lake Michigan open-water sportfishing effort and harvest report,2023,https://dnr.wisconsin.gov/sites/default/files/topic/Fishing/LM_LakeMichiganSportHarvestReport2023.pdf,statewide_mode_month_bucket,,,regional_mode_timing,Constrain broad mode timing and regional recurrence.,Do not treat regional timing as city-specific catch rate.,,docs/onboarding/piercast/wisconsin-expansion/evidence-ledger.json
racine_wi,steelhead,,admit,B,WI_SEASON_2024,Wisconsin Department of Natural Resources,2024 Lake Michigan open-water sportfishing effort and harvest report,2024,https://dnr.wisconsin.gov/sites/default/files/topic/Fishing/LM_LakeMichiganSportHarvestReport2024.pdf,statewide_mode_month_bucket,,,regional_mode_timing,Constrain broad mode timing and regional recurrence.,Do not treat regional timing as city-specific catch rate.,Lake Michigan creel fieldwork ran May 1 through September 30 in 2024; specified unsurveyed periods were modeled. November-February city-pier ratings remain low-confidence floors.,docs/onboarding/piercast/wisconsin-expansion/evidence-ledger.json
racine_wi,steelhead,winter_spring_thermal_front,admit,B,T003,Wisconsin Department of Natural Resources,Wisconsin DNR rainbow trout fact sheet,,https://dnr.wisconsin.gov/sites/default/files/topic/Fishing/Species_rainbowtrout.pdf,,,,thermal_compatibility,Constrain the direction and breadth of shared species thermal compatibility.,Do not claim a measured pier bite probability or mode-specific response.,,docs/PierCast_Core_Temperature_and_Source_Calibration.md
racine_wi,steelhead,winter_spring_thermal_front,admit,B,T007,U.S. Geological Survey,"USGS, steelhead growth-potential model and angler catch comparison",,https://www.usgs.gov/publications/landscape-scale-measures-steelhead-oncorhynchus-mykiss-bioenergetic-growth-rate,,,,thermal_compatibility,Constrain the direction and breadth of shared species thermal compatibility.,Do not claim a measured pier bite probability or mode-specific response.,,docs/PierCast_Core_Temperature_and_Source_Calibration.md
racine_wi,steelhead,winter_spring_thermal_front,admit,B,T009,Wisconsin Department of Natural Resources,Wisconsin DNR Lake Michigan steelhead strains,,https://dnr.wisconsin.gov/sites/default/files/topic/Fishing/Species_steelhead.pdf,,,,thermal_compatibility,Constrain the direction and breadth of shared species thermal compatibility.,Do not claim a measured pier bite probability or mode-specific response.,,docs/PierCast_Core_Temperature_and_Source_Calibration.md
racine_wi,steelhead,winter_spring_thermal_front,admit,B,T010,Wisconsin Department of Natural Resources,Wisconsin DNR Root River Steelhead Facility report,,https://dnr.wisconsin.gov/sites/default/files/topic/Fishing/LM_RootRiverSteelheadFacilityFall2024Spring2025.pdf,,,,thermal_compatibility,Constrain the direction and breadth of shared species thermal compatibility.,Do not claim a measured pier bite probability or mode-specific response.,,docs/PierCast_Core_Temperature_and_Source_Calibration.md
racine_wi,steelhead,winter_spring_thermal_front,admit,B,T032,Michigan Department of Natural Resources,Michigan DNR steelhead profile,,https://www.michigan.gov/dnr/education/michigan-species/fish-species/steelhead,,,,thermal_compatibility,Constrain the direction and breadth of shared species thermal compatibility.,Do not claim a measured pier bite probability or mode-specific response.,,docs/PierCast_Core_Temperature_and_Source_Calibration.md
racine_wi,steelhead,summer_thermal_break_or_upwelling,admit,B,T003,Wisconsin Department of Natural Resources,Wisconsin DNR rainbow trout fact sheet,,https://dnr.wisconsin.gov/sites/default/files/topic/Fishing/Species_rainbowtrout.pdf,,,,thermal_compatibility,Constrain the direction and breadth of shared species thermal compatibility.,Do not claim a measured pier bite probability or mode-specific response.,,docs/PierCast_Core_Temperature_and_Source_Calibration.md
racine_wi,steelhead,summer_thermal_break_or_upwelling,admit,B,T007,U.S. Geological Survey,"USGS, steelhead growth-potential model and angler catch comparison",,https://www.usgs.gov/publications/landscape-scale-measures-steelhead-oncorhynchus-mykiss-bioenergetic-growth-rate,,,,thermal_compatibility,Constrain the direction and breadth of shared species thermal compatibility.,Do not claim a measured pier bite probability or mode-specific response.,,docs/PierCast_Core_Temperature_and_Source_Calibration.md
racine_wi,steelhead,summer_thermal_break_or_upwelling,admit,B,T009,Wisconsin Department of Natural Resources,Wisconsin DNR Lake Michigan steelhead strains,,https://dnr.wisconsin.gov/sites/default/files/topic/Fishing/Species_steelhead.pdf,,,,thermal_compatibility,Constrain the direction and breadth of shared species thermal compatibility.,Do not claim a measured pier bite probability or mode-specific response.,,docs/PierCast_Core_Temperature_and_Source_Calibration.md
racine_wi,steelhead,summer_thermal_break_or_upwelling,admit,B,T010,Wisconsin Department of Natural Resources,Wisconsin DNR Root River Steelhead Facility report,,https://dnr.wisconsin.gov/sites/default/files/topic/Fishing/LM_RootRiverSteelheadFacilityFall2024Spring2025.pdf,,,,thermal_compatibility,Constrain the direction and breadth of shared species thermal compatibility.,Do not claim a measured pier bite probability or mode-specific response.,,docs/PierCast_Core_Temperature_and_Source_Calibration.md
racine_wi,steelhead,summer_thermal_break_or_upwelling,admit,B,T032,Michigan Department of Natural Resources,Michigan DNR steelhead profile,,https://www.michigan.gov/dnr/education/michigan-species/fish-species/steelhead,,,,thermal_compatibility,Constrain the direction and breadth of shared species thermal compatibility.,Do not claim a measured pier bite probability or mode-specific response.,,docs/PierCast_Core_Temperature_and_Source_Calibration.md
racine_wi,steelhead,fall_harbor_staging,admit,B,T003,Wisconsin Department of Natural Resources,Wisconsin DNR rainbow trout fact sheet,,https://dnr.wisconsin.gov/sites/default/files/topic/Fishing/Species_rainbowtrout.pdf,,,,thermal_compatibility,Constrain the direction and breadth of shared species thermal compatibility.,Do not claim a measured pier bite probability or mode-specific response.,,docs/PierCast_Core_Temperature_and_Source_Calibration.md
racine_wi,steelhead,fall_harbor_staging,admit,B,T007,U.S. Geological Survey,"USGS, steelhead growth-potential model and angler catch comparison",,https://www.usgs.gov/publications/landscape-scale-measures-steelhead-oncorhynchus-mykiss-bioenergetic-growth-rate,,,,thermal_compatibility,Constrain the direction and breadth of shared species thermal compatibility.,Do not claim a measured pier bite probability or mode-specific response.,,docs/PierCast_Core_Temperature_and_Source_Calibration.md
racine_wi,steelhead,fall_harbor_staging,admit,B,T009,Wisconsin Department of Natural Resources,Wisconsin DNR Lake Michigan steelhead strains,,https://dnr.wisconsin.gov/sites/default/files/topic/Fishing/Species_steelhead.pdf,,,,thermal_compatibility,Constrain the direction and breadth of shared species thermal compatibility.,Do not claim a measured pier bite probability or mode-specific response.,,docs/PierCast_Core_Temperature_and_Source_Calibration.md
racine_wi,steelhead,fall_harbor_staging,admit,B,T010,Wisconsin Department of Natural Resources,Wisconsin DNR Root River Steelhead Facility report,,https://dnr.wisconsin.gov/sites/default/files/topic/Fishing/LM_RootRiverSteelheadFacilityFall2024Spring2025.pdf,,,,thermal_compatibility,Constrain the direction and breadth of shared species thermal compatibility.,Do not claim a measured pier bite probability or mode-specific response.,,docs/PierCast_Core_Temperature_and_Source_Calibration.md
racine_wi,steelhead,fall_harbor_staging,admit,B,T032,Michigan Department of Natural Resources,Michigan DNR steelhead profile,,https://www.michigan.gov/dnr/education/michigan-species/fish-species/steelhead,,,,thermal_compatibility,Constrain the direction and breadth of shared species thermal compatibility.,Do not claim a measured pier bite probability or mode-specific response.,,docs/PierCast_Core_Temperature_and_Source_Calibration.md
racine_wi,brown_trout,,admit,B,WI_ACCESS_2026,Wisconsin Department of Natural Resources,Lake Michigan fishing access,,https://dnr.wisconsin.gov/topic/OpenOutdoors/AccessFishlakeMichigan,city_access,,,geography_and_access_context,Define the general city harbor and main public-pier context.,"Does not establish catch magnitude, live access, or safety.",,docs/onboarding/piercast/wisconsin-expansion/evidence-ledger.json
racine_wi,brown_trout,,admit,B,WI_EXACT_PIER_SPECIES_2023,Wisconsin Department of Natural Resources,Close to Home fishing opportunities,2023-06,https://dnr.wisconsin.gov/sites/default/files/topic/ClosetoHomeFishing.pdf,named_access_and_species,,,local_identity_timing_and_targetability,"Support species identity, local pier relevance, timing, method, or qualitative event strength as explicitly reported.",Do not convert one event into annual frequency or city CPUE.,,docs/onboarding/piercast/wisconsin-expansion/evidence-ledger.json
racine_wi,brown_trout,,admit,B,WI_COUNTY_MODE_1998_2024,Wisconsin Department of Natural Resources,Lake Michigan Creel Harvest Tables 1998–2024,2025-04-10,https://dnr.wisconsin.gov/sites/default/files/topic/Fishing/LM_CreelHarvestTables1998-2024.pdf,county_mode_annual,,,recurrence_and_relative_magnitude,Support recurrence and bounded relative magnitude where geography and mode match.,"Do not infer target-specific CPUE, exact structure, or unobserved-month absence.","Harvest is estimated, not catch; annual values do not assign month, effort, exact structure, or absence. A zero estimate is not proof of biological absence.",docs/onboarding/piercast/wisconsin-expansion/evidence-ledger.json
racine_wi,brown_trout,,admit,B,WI_SEASON_2022,Wisconsin Department of Natural Resources,2022 Lake Michigan open-water sportfishing effort and harvest report,2022,https://dnr.wisconsin.gov/sites/default/files/topic/LM_LakeMichiganSportHarvestReport2022.pdf,statewide_mode_month_bucket,,,regional_mode_timing,Constrain broad mode timing and regional recurrence.,Do not treat regional timing as city-specific catch rate.,,docs/onboarding/piercast/wisconsin-expansion/evidence-ledger.json
racine_wi,brown_trout,,admit,B,WI_SEASON_2023,Wisconsin Department of Natural Resources,2023 Lake Michigan open-water sportfishing effort and harvest report,2023,https://dnr.wisconsin.gov/sites/default/files/topic/Fishing/LM_LakeMichiganSportHarvestReport2023.pdf,statewide_mode_month_bucket,,,regional_mode_timing,Constrain broad mode timing and regional recurrence.,Do not treat regional timing as city-specific catch rate.,,docs/onboarding/piercast/wisconsin-expansion/evidence-ledger.json
racine_wi,brown_trout,,admit,B,WI_SEASON_2024,Wisconsin Department of Natural Resources,2024 Lake Michigan open-water sportfishing effort and harvest report,2024,https://dnr.wisconsin.gov/sites/default/files/topic/Fishing/LM_LakeMichiganSportHarvestReport2024.pdf,statewide_mode_month_bucket,,,regional_mode_timing,Constrain broad mode timing and regional recurrence.,Do not treat regional timing as city-specific catch rate.,Lake Michigan creel fieldwork ran May 1 through September 30 in 2024; specified unsurveyed periods were modeled. November-February city-pier ratings remain low-confidence floors.,docs/onboarding/piercast/wisconsin-expansion/evidence-ledger.json
racine_wi,brown_trout,winter_harbor_open_water,admit,B,T004,Wisconsin Department of Natural Resources,Wisconsin DNR brown trout fact sheet,,https://dnr.wisconsin.gov/sites/default/files/topic/Fishing/Species_browntrout.pdf,,,,thermal_compatibility,Constrain the direction and breadth of shared species thermal compatibility.,Do not claim a measured pier bite probability or mode-specific response.,,docs/PierCast_Core_Temperature_and_Source_Calibration.md
racine_wi,brown_trout,winter_harbor_open_water,admit,B,T014,Primary source named in registry,"Haynes et al., Great Lakes brown trout movement and temperatures",,https://www.sciencedirect.com/science/article/pii/S0380133087716402,,,,thermal_compatibility,Constrain the direction and breadth of shared species thermal compatibility.,Do not claim a measured pier bite probability or mode-specific response.,,docs/PierCast_Core_Temperature_and_Source_Calibration.md
racine_wi,brown_trout,winter_harbor_open_water,admit,B,T015,Michigan Department of Natural Resources,Michigan DNR brown trout profile,,https://www.michigan.gov/dnr/education/michigan-species/fish-species/brown-trout,,,,thermal_compatibility,Constrain the direction and breadth of shared species thermal compatibility.,Do not claim a measured pier bite probability or mode-specific response.,,docs/PierCast_Core_Temperature_and_Source_Calibration.md
racine_wi,brown_trout,spring_nearshore,admit,B,T004,Wisconsin Department of Natural Resources,Wisconsin DNR brown trout fact sheet,,https://dnr.wisconsin.gov/sites/default/files/topic/Fishing/Species_browntrout.pdf,,,,thermal_compatibility,Constrain the direction and breadth of shared species thermal compatibility.,Do not claim a measured pier bite probability or mode-specific response.,,docs/PierCast_Core_Temperature_and_Source_Calibration.md
racine_wi,brown_trout,spring_nearshore,admit,B,T014,Primary source named in registry,"Haynes et al., Great Lakes brown trout movement and temperatures",,https://www.sciencedirect.com/science/article/pii/S0380133087716402,,,,thermal_compatibility,Constrain the direction and breadth of shared species thermal compatibility.,Do not claim a measured pier bite probability or mode-specific response.,,docs/PierCast_Core_Temperature_and_Source_Calibration.md
racine_wi,brown_trout,spring_nearshore,admit,B,T015,Michigan Department of Natural Resources,Michigan DNR brown trout profile,,https://www.michigan.gov/dnr/education/michigan-species/fish-species/brown-trout,,,,thermal_compatibility,Constrain the direction and breadth of shared species thermal compatibility.,Do not claim a measured pier bite probability or mode-specific response.,,docs/PierCast_Core_Temperature_and_Source_Calibration.md
racine_wi,lake_trout,,defer,C,WI_ACCESS_2026,Wisconsin Department of Natural Resources,Lake Michigan fishing access,,https://dnr.wisconsin.gov/topic/OpenOutdoors/AccessFishlakeMichigan,city_access,,,geography_and_access_context,Define the general city harbor and main public-pier context.,"Does not establish catch magnitude, live access, or safety.",,docs/onboarding/piercast/wisconsin-expansion/evidence-ledger.json
racine_wi,lake_trout,,defer,C,WI_COUNTY_MODE_1998_2024,Wisconsin Department of Natural Resources,Lake Michigan Creel Harvest Tables 1998–2024,2025-04-10,https://dnr.wisconsin.gov/sites/default/files/topic/Fishing/LM_CreelHarvestTables1998-2024.pdf,county_mode_annual,,,recurrence_and_relative_magnitude,Support recurrence and bounded relative magnitude where geography and mode match.,"Do not infer target-specific CPUE, exact structure, or unobserved-month absence.","Harvest is estimated, not catch; annual values do not assign month, effort, exact structure, or absence. A zero estimate is not proof of biological absence.",docs/onboarding/piercast/wisconsin-expansion/evidence-ledger.json
racine_wi,walleye,,exclude,D,WI_ACCESS_2026,Wisconsin Department of Natural Resources,Lake Michigan fishing access,,https://dnr.wisconsin.gov/topic/OpenOutdoors/AccessFishlakeMichigan,city_access,,,geography_and_access_context,Define the general city harbor and main public-pier context.,"Does not establish catch magnitude, live access, or safety.",,docs/onboarding/piercast/wisconsin-expansion/evidence-ledger.json
racine_wi,walleye,,exclude,D,WI_EXACT_PIER_SPECIES_2023,Wisconsin Department of Natural Resources,Close to Home fishing opportunities,2023-06,https://dnr.wisconsin.gov/sites/default/files/topic/ClosetoHomeFishing.pdf,named_access_and_species,,,local_identity_timing_and_targetability,"Support species identity, local pier relevance, timing, method, or qualitative event strength as explicitly reported.",Do not convert one event into annual frequency or city CPUE.,,docs/onboarding/piercast/wisconsin-expansion/evidence-ledger.json
racine_wi,walleye,,exclude,D,WI_COUNTY_MODE_1998_2024,Wisconsin Department of Natural Resources,Lake Michigan Creel Harvest Tables 1998–2024,2025-04-10,https://dnr.wisconsin.gov/sites/default/files/topic/Fishing/LM_CreelHarvestTables1998-2024.pdf,county_mode_annual,,,recurrence_and_relative_magnitude,Support recurrence and bounded relative magnitude where geography and mode match.,"Do not infer target-specific CPUE, exact structure, or unobserved-month absence.","Harvest is estimated, not catch; annual values do not assign month, effort, exact structure, or absence. A zero estimate is not proof of biological absence.",docs/onboarding/piercast/wisconsin-expansion/evidence-ledger.json
racine_wi,smallmouth_bass,,exclude,D,WI_ACCESS_2026,Wisconsin Department of Natural Resources,Lake Michigan fishing access,,https://dnr.wisconsin.gov/topic/OpenOutdoors/AccessFishlakeMichigan,city_access,,,geography_and_access_context,Define the general city harbor and main public-pier context.,"Does not establish catch magnitude, live access, or safety.",,docs/onboarding/piercast/wisconsin-expansion/evidence-ledger.json
racine_wi,smallmouth_bass,,exclude,D,WI_EXACT_PIER_SPECIES_2023,Wisconsin Department of Natural Resources,Close to Home fishing opportunities,2023-06,https://dnr.wisconsin.gov/sites/default/files/topic/ClosetoHomeFishing.pdf,named_access_and_species,,,local_identity_timing_and_targetability,"Support species identity, local pier relevance, timing, method, or qualitative event strength as explicitly reported.",Do not convert one event into annual frequency or city CPUE.,,docs/onboarding/piercast/wisconsin-expansion/evidence-ledger.json
racine_wi,smallmouth_bass,,exclude,D,WI_COUNTY_MODE_1998_2024,Wisconsin Department of Natural Resources,Lake Michigan Creel Harvest Tables 1998–2024,2025-04-10,https://dnr.wisconsin.gov/sites/default/files/topic/Fishing/LM_CreelHarvestTables1998-2024.pdf,county_mode_annual,,,recurrence_and_relative_magnitude,Support recurrence and bounded relative magnitude where geography and mode match.,"Do not infer target-specific CPUE, exact structure, or unobserved-month absence.","Harvest is estimated, not catch; annual values do not assign month, effort, exact structure, or absence. A zero estimate is not proof of biological absence.",docs/onboarding/piercast/wisconsin-expansion/evidence-ledger.json
racine_wi,freshwater_drum,,exclude,D,WI_ACCESS_2026,Wisconsin Department of Natural Resources,Lake Michigan fishing access,,https://dnr.wisconsin.gov/topic/OpenOutdoors/AccessFishlakeMichigan,city_access,,,geography_and_access_context,Define the general city harbor and main public-pier context.,"Does not establish catch magnitude, live access, or safety.",,docs/onboarding/piercast/wisconsin-expansion/evidence-ledger.json
racine_wi,freshwater_drum,,exclude,D,WI_EXACT_PIER_SPECIES_2023,Wisconsin Department of Natural Resources,Close to Home fishing opportunities,2023-06,https://dnr.wisconsin.gov/sites/default/files/topic/ClosetoHomeFishing.pdf,named_access_and_species,,,local_identity_timing_and_targetability,"Support species identity, local pier relevance, timing, method, or qualitative event strength as explicitly reported.",Do not convert one event into annual frequency or city CPUE.,,docs/onboarding/piercast/wisconsin-expansion/evidence-ledger.json
racine_wi,freshwater_drum,,exclude,D,WI_COUNTY_MODE_1998_2024,Wisconsin Department of Natural Resources,Lake Michigan Creel Harvest Tables 1998–2024,2025-04-10,https://dnr.wisconsin.gov/sites/default/files/topic/Fishing/LM_CreelHarvestTables1998-2024.pdf,county_mode_annual,,,recurrence_and_relative_magnitude,Support recurrence and bounded relative magnitude where geography and mode match.,"Do not infer target-specific CPUE, exact structure, or unobserved-month absence.","Harvest is estimated, not catch; annual values do not assign month, effort, exact structure, or absence. A zero estimate is not proof of biological absence.",docs/onboarding/piercast/wisconsin-expansion/evidence-ledger.json
racine_wi,yellow_perch,,defer,C,WI_ACCESS_2026,Wisconsin Department of Natural Resources,Lake Michigan fishing access,,https://dnr.wisconsin.gov/topic/OpenOutdoors/AccessFishlakeMichigan,city_access,,,geography_and_access_context,Define the general city harbor and main public-pier context.,"Does not establish catch magnitude, live access, or safety.",,docs/onboarding/piercast/wisconsin-expansion/evidence-ledger.json
racine_wi,yellow_perch,,defer,C,WI_WEEKLY_2024_07_15,Wisconsin Department of Natural Resources via Internet Archive,"Southern Lake Michigan Fishing Report, July 15, 2024",2024-07-15,https://web.archive.org/web/20240722112758id_/https://dnr.wisconsin.gov/topic/Fishing/lakemichigan/OutdoorReport,county_pier_shore_weekly,,,local_identity_timing_and_targetability,"Support species identity, local pier relevance, timing, method, or qualitative event strength as explicitly reported.",Do not convert one event into annual frequency or city CPUE.,,docs/onboarding/piercast/wisconsin-expansion/evidence-ledger.json
racine_wi,yellow_perch,,defer,C,WI_WEEKLY_2024_07_29,Wisconsin Department of Natural Resources via Internet Archive,"Southern Lake Michigan Fishing Report, late July 2024",2024,https://web.archive.org/web/20240730191913id_/https://dnr.wisconsin.gov/topic/Fishing/lakemichigan/OutdoorReport,county_pier_shore_weekly,,,local_identity_timing_and_targetability,"Support species identity, local pier relevance, timing, method, or qualitative event strength as explicitly reported.",Do not convert one event into annual frequency or city CPUE.,,docs/onboarding/piercast/wisconsin-expansion/evidence-ledger.json
racine_wi,yellow_perch,,defer,C,WI_WEEKLY_2024_08,Wisconsin Department of Natural Resources via Internet Archive,"Southern Lake Michigan Fishing Report, August 2024",2024,https://web.archive.org/web/20240824205048id_/https://dnr.wisconsin.gov/topic/Fishing/lakemichigan/OutdoorReport,county_pier_shore_weekly,,,local_identity_timing_and_targetability,"Support species identity, local pier relevance, timing, method, or qualitative event strength as explicitly reported.",Do not convert one event into annual frequency or city CPUE.,,docs/onboarding/piercast/wisconsin-expansion/evidence-ledger.json
racine_wi,yellow_perch,,defer,C,V3_WI_PERCH_STATUS,Wisconsin Department of Natural Resources,Yellow Perch Research,,https://dnr.wisconsin.gov/topic/Fishing/lakemichigan/Yellowperch,"Wisconsin waters of Lake Michigan, including major southern ports","Scientific assessment, not angler pier effort",Multi-year assessment series,local_identity_timing_and_targetability,"Support species identity, local pier relevance, timing, method, or qualitative event strength as explicitly reported.",Do not convert one event into annual frequency or city CPUE.,DNR reports very low recent adult abundance off Milwaukee; scientific netting is not recreational pier success.,docs/onboarding/piercast/scoring-v3-pass1/foundational-source-ledger.json
racine_wi,lake_whitefish,,exclude,D,WI_ACCESS_2026,Wisconsin Department of Natural Resources,Lake Michigan fishing access,,https://dnr.wisconsin.gov/topic/OpenOutdoors/AccessFishlakeMichigan,city_access,,,geography_and_access_context,Define the general city harbor and main public-pier context.,"Does not establish catch magnitude, live access, or safety.",,docs/onboarding/piercast/wisconsin-expansion/evidence-ledger.json
racine_wi,lake_whitefish,,exclude,D,WI_EXACT_PIER_SPECIES_2023,Wisconsin Department of Natural Resources,Close to Home fishing opportunities,2023-06,https://dnr.wisconsin.gov/sites/default/files/topic/ClosetoHomeFishing.pdf,named_access_and_species,,,local_identity_timing_and_targetability,"Support species identity, local pier relevance, timing, method, or qualitative event strength as explicitly reported.",Do not convert one event into annual frequency or city CPUE.,,docs/onboarding/piercast/wisconsin-expansion/evidence-ledger.json
racine_wi,lake_whitefish,,exclude,D,WI_COUNTY_MODE_1998_2024,Wisconsin Department of Natural Resources,Lake Michigan Creel Harvest Tables 1998–2024,2025-04-10,https://dnr.wisconsin.gov/sites/default/files/topic/Fishing/LM_CreelHarvestTables1998-2024.pdf,county_mode_annual,,,recurrence_and_relative_magnitude,Support recurrence and bounded relative magnitude where geography and mode match.,"Do not infer target-specific CPUE, exact structure, or unobserved-month absence.","Harvest is estimated, not catch; annual values do not assign month, effort, exact structure, or absence. A zero estimate is not proof of biological absence.",docs/onboarding/piercast/wisconsin-expansion/evidence-ledger.json
racine_wi,round_whitefish,,exclude,D,WI_ACCESS_2026,Wisconsin Department of Natural Resources,Lake Michigan fishing access,,https://dnr.wisconsin.gov/topic/OpenOutdoors/AccessFishlakeMichigan,city_access,,,geography_and_access_context,Define the general city harbor and main public-pier context.,"Does not establish catch magnitude, live access, or safety.",,docs/onboarding/piercast/wisconsin-expansion/evidence-ledger.json
racine_wi,round_whitefish,,exclude,D,WI_EXACT_PIER_SPECIES_2023,Wisconsin Department of Natural Resources,Close to Home fishing opportunities,2023-06,https://dnr.wisconsin.gov/sites/default/files/topic/ClosetoHomeFishing.pdf,named_access_and_species,,,local_identity_timing_and_targetability,"Support species identity, local pier relevance, timing, method, or qualitative event strength as explicitly reported.",Do not convert one event into annual frequency or city CPUE.,,docs/onboarding/piercast/wisconsin-expansion/evidence-ledger.json
racine_wi,round_whitefish,,exclude,D,WI_COUNTY_MODE_1998_2024,Wisconsin Department of Natural Resources,Lake Michigan Creel Harvest Tables 1998–2024,2025-04-10,https://dnr.wisconsin.gov/sites/default/files/topic/Fishing/LM_CreelHarvestTables1998-2024.pdf,county_mode_annual,,,recurrence_and_relative_magnitude,Support recurrence and bounded relative magnitude where geography and mode match.,"Do not infer target-specific CPUE, exact structure, or unobserved-month absence.","Harvest is estimated, not catch; annual values do not assign month, effort, exact structure, or absence. A zero estimate is not proof of biological absence.",docs/onboarding/piercast/wisconsin-expansion/evidence-ledger.json
racine_wi,channel_catfish,,exclude,D,WI_ACCESS_2026,Wisconsin Department of Natural Resources,Lake Michigan fishing access,,https://dnr.wisconsin.gov/topic/OpenOutdoors/AccessFishlakeMichigan,city_access,,,geography_and_access_context,Define the general city harbor and main public-pier context.,"Does not establish catch magnitude, live access, or safety.",,docs/onboarding/piercast/wisconsin-expansion/evidence-ledger.json
racine_wi,channel_catfish,,exclude,D,WI_EXACT_PIER_SPECIES_2023,Wisconsin Department of Natural Resources,Close to Home fishing opportunities,2023-06,https://dnr.wisconsin.gov/sites/default/files/topic/ClosetoHomeFishing.pdf,named_access_and_species,,,local_identity_timing_and_targetability,"Support species identity, local pier relevance, timing, method, or qualitative event strength as explicitly reported.",Do not convert one event into annual frequency or city CPUE.,,docs/onboarding/piercast/wisconsin-expansion/evidence-ledger.json
racine_wi,channel_catfish,,exclude,D,WI_COUNTY_MODE_1998_2024,Wisconsin Department of Natural Resources,Lake Michigan Creel Harvest Tables 1998–2024,2025-04-10,https://dnr.wisconsin.gov/sites/default/files/topic/Fishing/LM_CreelHarvestTables1998-2024.pdf,county_mode_annual,,,recurrence_and_relative_magnitude,Support recurrence and bounded relative magnitude where geography and mode match.,"Do not infer target-specific CPUE, exact structure, or unobserved-month absence.","Harvest is estimated, not catch; annual values do not assign month, effort, exact structure, or absence. A zero estimate is not proof of biological absence.",docs/onboarding/piercast/wisconsin-expansion/evidence-ledger.json
racine_wi,largemouth_bass,,exclude,D,WI_ACCESS_2026,Wisconsin Department of Natural Resources,Lake Michigan fishing access,,https://dnr.wisconsin.gov/topic/OpenOutdoors/AccessFishlakeMichigan,city_access,,,geography_and_access_context,Define the general city harbor and main public-pier context.,"Does not establish catch magnitude, live access, or safety.",,docs/onboarding/piercast/wisconsin-expansion/evidence-ledger.json
racine_wi,largemouth_bass,,exclude,D,WI_EXACT_PIER_SPECIES_2023,Wisconsin Department of Natural Resources,Close to Home fishing opportunities,2023-06,https://dnr.wisconsin.gov/sites/default/files/topic/ClosetoHomeFishing.pdf,named_access_and_species,,,local_identity_timing_and_targetability,"Support species identity, local pier relevance, timing, method, or qualitative event strength as explicitly reported.",Do not convert one event into annual frequency or city CPUE.,,docs/onboarding/piercast/wisconsin-expansion/evidence-ledger.json
racine_wi,largemouth_bass,,exclude,D,WI_COUNTY_MODE_1998_2024,Wisconsin Department of Natural Resources,Lake Michigan Creel Harvest Tables 1998–2024,2025-04-10,https://dnr.wisconsin.gov/sites/default/files/topic/Fishing/LM_CreelHarvestTables1998-2024.pdf,county_mode_annual,,,recurrence_and_relative_magnitude,Support recurrence and bounded relative magnitude where geography and mode match.,"Do not infer target-specific CPUE, exact structure, or unobserved-month absence.","Harvest is estimated, not catch; annual values do not assign month, effort, exact structure, or absence. A zero estimate is not proof of biological absence.",docs/onboarding/piercast/wisconsin-expansion/evidence-ledger.json
kenosha_wi,chinook_salmon,,admit,B,WI_ACCESS_2026,Wisconsin Department of Natural Resources,Lake Michigan fishing access,,https://dnr.wisconsin.gov/topic/OpenOutdoors/AccessFishlakeMichigan,city_access,,,geography_and_access_context,Define the general city harbor and main public-pier context.,"Does not establish catch magnitude, live access, or safety.",,docs/onboarding/piercast/wisconsin-expansion/evidence-ledger.json
kenosha_wi,chinook_salmon,,admit,B,WI_EXACT_PIER_SPECIES_2023,Wisconsin Department of Natural Resources,Close to Home fishing opportunities,2023-06,https://dnr.wisconsin.gov/sites/default/files/topic/ClosetoHomeFishing.pdf,named_access_and_species,,,local_identity_timing_and_targetability,"Support species identity, local pier relevance, timing, method, or qualitative event strength as explicitly reported.",Do not convert one event into annual frequency or city CPUE.,,docs/onboarding/piercast/wisconsin-expansion/evidence-ledger.json
kenosha_wi,chinook_salmon,,admit,B,WI_COUNTY_MODE_1998_2024,Wisconsin Department of Natural Resources,Lake Michigan Creel Harvest Tables 1998–2024,2025-04-10,https://dnr.wisconsin.gov/sites/default/files/topic/Fishing/LM_CreelHarvestTables1998-2024.pdf,county_mode_annual,,,recurrence_and_relative_magnitude,Support recurrence and bounded relative magnitude where geography and mode match.,"Do not infer target-specific CPUE, exact structure, or unobserved-month absence.","Harvest is estimated, not catch; annual values do not assign month, effort, exact structure, or absence. A zero estimate is not proof of biological absence.",docs/onboarding/piercast/wisconsin-expansion/evidence-ledger.json
kenosha_wi,chinook_salmon,,admit,B,WI_SEASON_2022,Wisconsin Department of Natural Resources,2022 Lake Michigan open-water sportfishing effort and harvest report,2022,https://dnr.wisconsin.gov/sites/default/files/topic/LM_LakeMichiganSportHarvestReport2022.pdf,statewide_mode_month_bucket,,,regional_mode_timing,Constrain broad mode timing and regional recurrence.,Do not treat regional timing as city-specific catch rate.,,docs/onboarding/piercast/wisconsin-expansion/evidence-ledger.json
kenosha_wi,chinook_salmon,,admit,B,WI_SEASON_2023,Wisconsin Department of Natural Resources,2023 Lake Michigan open-water sportfishing effort and harvest report,2023,https://dnr.wisconsin.gov/sites/default/files/topic/Fishing/LM_LakeMichiganSportHarvestReport2023.pdf,statewide_mode_month_bucket,,,regional_mode_timing,Constrain broad mode timing and regional recurrence.,Do not treat regional timing as city-specific catch rate.,,docs/onboarding/piercast/wisconsin-expansion/evidence-ledger.json
kenosha_wi,chinook_salmon,,admit,B,WI_SEASON_2024,Wisconsin Department of Natural Resources,2024 Lake Michigan open-water sportfishing effort and harvest report,2024,https://dnr.wisconsin.gov/sites/default/files/topic/Fishing/LM_LakeMichiganSportHarvestReport2024.pdf,statewide_mode_month_bucket,,,regional_mode_timing,Constrain broad mode timing and regional recurrence.,Do not treat regional timing as city-specific catch rate.,Lake Michigan creel fieldwork ran May 1 through September 30 in 2024; specified unsurveyed periods were modeled. November-February city-pier ratings remain low-confidence floors.,docs/onboarding/piercast/wisconsin-expansion/evidence-ledger.json
kenosha_wi,chinook_salmon,summer_coldwater_access,admit,B,T001,Wisconsin Department of Natural Resources,Wisconsin DNR Chinook salmon fact sheet,,https://dnr.wisconsin.gov/sites/default/files/topic/Fishing/Species_chinooksalmon.pdf,,,,thermal_compatibility,Constrain the direction and breadth of shared species thermal compatibility.,Do not claim a measured pier bite probability or mode-specific response.,,docs/PierCast_Core_Temperature_and_Source_Calibration.md
kenosha_wi,chinook_salmon,summer_coldwater_access,admit,B,T006,Primary source named in registry,"Adlerstein et al., Lake Michigan Chinook movement and assessment catch",,https://academic.oup.com/tafs/article/137/3/736/7888693,,,,thermal_compatibility,Constrain the direction and breadth of shared species thermal compatibility.,Do not claim a measured pier bite probability or mode-specific response.,,docs/PierCast_Core_Temperature_and_Source_Calibration.md
kenosha_wi,chinook_salmon,fall_harbor_staging,admit,B,T001,Wisconsin Department of Natural Resources,Wisconsin DNR Chinook salmon fact sheet,,https://dnr.wisconsin.gov/sites/default/files/topic/Fishing/Species_chinooksalmon.pdf,,,,thermal_compatibility,Constrain the direction and breadth of shared species thermal compatibility.,Do not claim a measured pier bite probability or mode-specific response.,,docs/PierCast_Core_Temperature_and_Source_Calibration.md
kenosha_wi,chinook_salmon,fall_harbor_staging,admit,B,T006,Primary source named in registry,"Adlerstein et al., Lake Michigan Chinook movement and assessment catch",,https://academic.oup.com/tafs/article/137/3/736/7888693,,,,thermal_compatibility,Constrain the direction and breadth of shared species thermal compatibility.,Do not claim a measured pier bite probability or mode-specific response.,,docs/PierCast_Core_Temperature_and_Source_Calibration.md
kenosha_wi,coho_salmon,,admit,B,WI_ACCESS_2026,Wisconsin Department of Natural Resources,Lake Michigan fishing access,,https://dnr.wisconsin.gov/topic/OpenOutdoors/AccessFishlakeMichigan,city_access,,,geography_and_access_context,Define the general city harbor and main public-pier context.,"Does not establish catch magnitude, live access, or safety.",,docs/onboarding/piercast/wisconsin-expansion/evidence-ledger.json
kenosha_wi,coho_salmon,,admit,B,WI_EXACT_PIER_SPECIES_2023,Wisconsin Department of Natural Resources,Close to Home fishing opportunities,2023-06,https://dnr.wisconsin.gov/sites/default/files/topic/ClosetoHomeFishing.pdf,named_access_and_species,,,local_identity_timing_and_targetability,"Support species identity, local pier relevance, timing, method, or qualitative event strength as explicitly reported.",Do not convert one event into annual frequency or city CPUE.,,docs/onboarding/piercast/wisconsin-expansion/evidence-ledger.json
kenosha_wi,coho_salmon,,admit,B,WI_COUNTY_MODE_1998_2024,Wisconsin Department of Natural Resources,Lake Michigan Creel Harvest Tables 1998–2024,2025-04-10,https://dnr.wisconsin.gov/sites/default/files/topic/Fishing/LM_CreelHarvestTables1998-2024.pdf,county_mode_annual,,,recurrence_and_relative_magnitude,Support recurrence and bounded relative magnitude where geography and mode match.,"Do not infer target-specific CPUE, exact structure, or unobserved-month absence.","Harvest is estimated, not catch; annual values do not assign month, effort, exact structure, or absence. A zero estimate is not proof of biological absence.",docs/onboarding/piercast/wisconsin-expansion/evidence-ledger.json
kenosha_wi,coho_salmon,,admit,B,WI_SEASON_2022,Wisconsin Department of Natural Resources,2022 Lake Michigan open-water sportfishing effort and harvest report,2022,https://dnr.wisconsin.gov/sites/default/files/topic/LM_LakeMichiganSportHarvestReport2022.pdf,statewide_mode_month_bucket,,,regional_mode_timing,Constrain broad mode timing and regional recurrence.,Do not treat regional timing as city-specific catch rate.,,docs/onboarding/piercast/wisconsin-expansion/evidence-ledger.json
kenosha_wi,coho_salmon,,admit,B,WI_SEASON_2023,Wisconsin Department of Natural Resources,2023 Lake Michigan open-water sportfishing effort and harvest report,2023,https://dnr.wisconsin.gov/sites/default/files/topic/Fishing/LM_LakeMichiganSportHarvestReport2023.pdf,statewide_mode_month_bucket,,,regional_mode_timing,Constrain broad mode timing and regional recurrence.,Do not treat regional timing as city-specific catch rate.,,docs/onboarding/piercast/wisconsin-expansion/evidence-ledger.json
kenosha_wi,coho_salmon,,admit,B,WI_SEASON_2024,Wisconsin Department of Natural Resources,2024 Lake Michigan open-water sportfishing effort and harvest report,2024,https://dnr.wisconsin.gov/sites/default/files/topic/Fishing/LM_LakeMichiganSportHarvestReport2024.pdf,statewide_mode_month_bucket,,,regional_mode_timing,Constrain broad mode timing and regional recurrence.,Do not treat regional timing as city-specific catch rate.,Lake Michigan creel fieldwork ran May 1 through September 30 in 2024; specified unsurveyed periods were modeled. November-February city-pier ratings remain low-confidence floors.,docs/onboarding/piercast/wisconsin-expansion/evidence-ledger.json
kenosha_wi,coho_salmon,spring_nearshore,admit,B,T002,Wisconsin Department of Natural Resources,Wisconsin DNR coho salmon fact sheet,,https://dnr.wisconsin.gov/sites/default/files/topic/Fishing/Species_cohosalmon.pdf,,,,thermal_compatibility,Constrain the direction and breadth of shared species thermal compatibility.,Do not claim a measured pier bite probability or mode-specific response.,,docs/PierCast_Core_Temperature_and_Source_Calibration.md
kenosha_wi,coho_salmon,spring_nearshore,admit,B,T008,Michigan Department of Natural Resources,Michigan DNR coho salmon profile,,https://www.michigan.gov/dnr/education/michigan-species/fish-species/coho-salmon,,,,thermal_compatibility,Constrain the direction and breadth of shared species thermal compatibility.,Do not claim a measured pier bite probability or mode-specific response.,,docs/PierCast_Core_Temperature_and_Source_Calibration.md
kenosha_wi,coho_salmon,spring_nearshore,admit,B,T013,Great Lakes Fishery Commission,"Great Lakes Fishery Commission, Temperature Relationships of Great Lakes Fishes",,https://www.sealamprey.org/pubs/SpecialPubs/Sp87_3.pdf,,,,thermal_compatibility,Constrain the direction and breadth of shared species thermal compatibility.,Do not claim a measured pier bite probability or mode-specific response.,,docs/PierCast_Core_Temperature_and_Source_Calibration.md
kenosha_wi,coho_salmon,summer_coldwater_access,admit,B,T002,Wisconsin Department of Natural Resources,Wisconsin DNR coho salmon fact sheet,,https://dnr.wisconsin.gov/sites/default/files/topic/Fishing/Species_cohosalmon.pdf,,,,thermal_compatibility,Constrain the direction and breadth of shared species thermal compatibility.,Do not claim a measured pier bite probability or mode-specific response.,,docs/PierCast_Core_Temperature_and_Source_Calibration.md
kenosha_wi,coho_salmon,summer_coldwater_access,admit,B,T008,Michigan Department of Natural Resources,Michigan DNR coho salmon profile,,https://www.michigan.gov/dnr/education/michigan-species/fish-species/coho-salmon,,,,thermal_compatibility,Constrain the direction and breadth of shared species thermal compatibility.,Do not claim a measured pier bite probability or mode-specific response.,,docs/PierCast_Core_Temperature_and_Source_Calibration.md
kenosha_wi,coho_salmon,summer_coldwater_access,admit,B,T013,Great Lakes Fishery Commission,"Great Lakes Fishery Commission, Temperature Relationships of Great Lakes Fishes",,https://www.sealamprey.org/pubs/SpecialPubs/Sp87_3.pdf,,,,thermal_compatibility,Constrain the direction and breadth of shared species thermal compatibility.,Do not claim a measured pier bite probability or mode-specific response.,,docs/PierCast_Core_Temperature_and_Source_Calibration.md
kenosha_wi,coho_salmon,fall_harbor_staging,admit,B,T002,Wisconsin Department of Natural Resources,Wisconsin DNR coho salmon fact sheet,,https://dnr.wisconsin.gov/sites/default/files/topic/Fishing/Species_cohosalmon.pdf,,,,thermal_compatibility,Constrain the direction and breadth of shared species thermal compatibility.,Do not claim a measured pier bite probability or mode-specific response.,,docs/PierCast_Core_Temperature_and_Source_Calibration.md
kenosha_wi,coho_salmon,fall_harbor_staging,admit,B,T008,Michigan Department of Natural Resources,Michigan DNR coho salmon profile,,https://www.michigan.gov/dnr/education/michigan-species/fish-species/coho-salmon,,,,thermal_compatibility,Constrain the direction and breadth of shared species thermal compatibility.,Do not claim a measured pier bite probability or mode-specific response.,,docs/PierCast_Core_Temperature_and_Source_Calibration.md
kenosha_wi,coho_salmon,fall_harbor_staging,admit,B,T013,Great Lakes Fishery Commission,"Great Lakes Fishery Commission, Temperature Relationships of Great Lakes Fishes",,https://www.sealamprey.org/pubs/SpecialPubs/Sp87_3.pdf,,,,thermal_compatibility,Constrain the direction and breadth of shared species thermal compatibility.,Do not claim a measured pier bite probability or mode-specific response.,,docs/PierCast_Core_Temperature_and_Source_Calibration.md
kenosha_wi,steelhead,,admit,B,WI_ACCESS_2026,Wisconsin Department of Natural Resources,Lake Michigan fishing access,,https://dnr.wisconsin.gov/topic/OpenOutdoors/AccessFishlakeMichigan,city_access,,,geography_and_access_context,Define the general city harbor and main public-pier context.,"Does not establish catch magnitude, live access, or safety.",,docs/onboarding/piercast/wisconsin-expansion/evidence-ledger.json
kenosha_wi,steelhead,,admit,B,WI_EXACT_PIER_SPECIES_2023,Wisconsin Department of Natural Resources,Close to Home fishing opportunities,2023-06,https://dnr.wisconsin.gov/sites/default/files/topic/ClosetoHomeFishing.pdf,named_access_and_species,,,local_identity_timing_and_targetability,"Support species identity, local pier relevance, timing, method, or qualitative event strength as explicitly reported.",Do not convert one event into annual frequency or city CPUE.,,docs/onboarding/piercast/wisconsin-expansion/evidence-ledger.json
kenosha_wi,steelhead,,admit,B,WI_COUNTY_MODE_1998_2024,Wisconsin Department of Natural Resources,Lake Michigan Creel Harvest Tables 1998–2024,2025-04-10,https://dnr.wisconsin.gov/sites/default/files/topic/Fishing/LM_CreelHarvestTables1998-2024.pdf,county_mode_annual,,,recurrence_and_relative_magnitude,Support recurrence and bounded relative magnitude where geography and mode match.,"Do not infer target-specific CPUE, exact structure, or unobserved-month absence.","Harvest is estimated, not catch; annual values do not assign month, effort, exact structure, or absence. A zero estimate is not proof of biological absence.",docs/onboarding/piercast/wisconsin-expansion/evidence-ledger.json
kenosha_wi,steelhead,,admit,B,WI_SEASON_2022,Wisconsin Department of Natural Resources,2022 Lake Michigan open-water sportfishing effort and harvest report,2022,https://dnr.wisconsin.gov/sites/default/files/topic/LM_LakeMichiganSportHarvestReport2022.pdf,statewide_mode_month_bucket,,,regional_mode_timing,Constrain broad mode timing and regional recurrence.,Do not treat regional timing as city-specific catch rate.,,docs/onboarding/piercast/wisconsin-expansion/evidence-ledger.json
kenosha_wi,steelhead,,admit,B,WI_SEASON_2023,Wisconsin Department of Natural Resources,2023 Lake Michigan open-water sportfishing effort and harvest report,2023,https://dnr.wisconsin.gov/sites/default/files/topic/Fishing/LM_LakeMichiganSportHarvestReport2023.pdf,statewide_mode_month_bucket,,,regional_mode_timing,Constrain broad mode timing and regional recurrence.,Do not treat regional timing as city-specific catch rate.,,docs/onboarding/piercast/wisconsin-expansion/evidence-ledger.json
kenosha_wi,steelhead,,admit,B,WI_SEASON_2024,Wisconsin Department of Natural Resources,2024 Lake Michigan open-water sportfishing effort and harvest report,2024,https://dnr.wisconsin.gov/sites/default/files/topic/Fishing/LM_LakeMichiganSportHarvestReport2024.pdf,statewide_mode_month_bucket,,,regional_mode_timing,Constrain broad mode timing and regional recurrence.,Do not treat regional timing as city-specific catch rate.,Lake Michigan creel fieldwork ran May 1 through September 30 in 2024; specified unsurveyed periods were modeled. November-February city-pier ratings remain low-confidence floors.,docs/onboarding/piercast/wisconsin-expansion/evidence-ledger.json
kenosha_wi,steelhead,winter_spring_thermal_front,admit,B,T003,Wisconsin Department of Natural Resources,Wisconsin DNR rainbow trout fact sheet,,https://dnr.wisconsin.gov/sites/default/files/topic/Fishing/Species_rainbowtrout.pdf,,,,thermal_compatibility,Constrain the direction and breadth of shared species thermal compatibility.,Do not claim a measured pier bite probability or mode-specific response.,,docs/PierCast_Core_Temperature_and_Source_Calibration.md
kenosha_wi,steelhead,winter_spring_thermal_front,admit,B,T007,U.S. Geological Survey,"USGS, steelhead growth-potential model and angler catch comparison",,https://www.usgs.gov/publications/landscape-scale-measures-steelhead-oncorhynchus-mykiss-bioenergetic-growth-rate,,,,thermal_compatibility,Constrain the direction and breadth of shared species thermal compatibility.,Do not claim a measured pier bite probability or mode-specific response.,,docs/PierCast_Core_Temperature_and_Source_Calibration.md
kenosha_wi,steelhead,winter_spring_thermal_front,admit,B,T009,Wisconsin Department of Natural Resources,Wisconsin DNR Lake Michigan steelhead strains,,https://dnr.wisconsin.gov/sites/default/files/topic/Fishing/Species_steelhead.pdf,,,,thermal_compatibility,Constrain the direction and breadth of shared species thermal compatibility.,Do not claim a measured pier bite probability or mode-specific response.,,docs/PierCast_Core_Temperature_and_Source_Calibration.md
kenosha_wi,steelhead,winter_spring_thermal_front,admit,B,T010,Wisconsin Department of Natural Resources,Wisconsin DNR Root River Steelhead Facility report,,https://dnr.wisconsin.gov/sites/default/files/topic/Fishing/LM_RootRiverSteelheadFacilityFall2024Spring2025.pdf,,,,thermal_compatibility,Constrain the direction and breadth of shared species thermal compatibility.,Do not claim a measured pier bite probability or mode-specific response.,,docs/PierCast_Core_Temperature_and_Source_Calibration.md
kenosha_wi,steelhead,winter_spring_thermal_front,admit,B,T032,Michigan Department of Natural Resources,Michigan DNR steelhead profile,,https://www.michigan.gov/dnr/education/michigan-species/fish-species/steelhead,,,,thermal_compatibility,Constrain the direction and breadth of shared species thermal compatibility.,Do not claim a measured pier bite probability or mode-specific response.,,docs/PierCast_Core_Temperature_and_Source_Calibration.md
kenosha_wi,steelhead,summer_thermal_break_or_upwelling,admit,B,T003,Wisconsin Department of Natural Resources,Wisconsin DNR rainbow trout fact sheet,,https://dnr.wisconsin.gov/sites/default/files/topic/Fishing/Species_rainbowtrout.pdf,,,,thermal_compatibility,Constrain the direction and breadth of shared species thermal compatibility.,Do not claim a measured pier bite probability or mode-specific response.,,docs/PierCast_Core_Temperature_and_Source_Calibration.md
kenosha_wi,steelhead,summer_thermal_break_or_upwelling,admit,B,T007,U.S. Geological Survey,"USGS, steelhead growth-potential model and angler catch comparison",,https://www.usgs.gov/publications/landscape-scale-measures-steelhead-oncorhynchus-mykiss-bioenergetic-growth-rate,,,,thermal_compatibility,Constrain the direction and breadth of shared species thermal compatibility.,Do not claim a measured pier bite probability or mode-specific response.,,docs/PierCast_Core_Temperature_and_Source_Calibration.md
kenosha_wi,steelhead,summer_thermal_break_or_upwelling,admit,B,T009,Wisconsin Department of Natural Resources,Wisconsin DNR Lake Michigan steelhead strains,,https://dnr.wisconsin.gov/sites/default/files/topic/Fishing/Species_steelhead.pdf,,,,thermal_compatibility,Constrain the direction and breadth of shared species thermal compatibility.,Do not claim a measured pier bite probability or mode-specific response.,,docs/PierCast_Core_Temperature_and_Source_Calibration.md
kenosha_wi,steelhead,summer_thermal_break_or_upwelling,admit,B,T010,Wisconsin Department of Natural Resources,Wisconsin DNR Root River Steelhead Facility report,,https://dnr.wisconsin.gov/sites/default/files/topic/Fishing/LM_RootRiverSteelheadFacilityFall2024Spring2025.pdf,,,,thermal_compatibility,Constrain the direction and breadth of shared species thermal compatibility.,Do not claim a measured pier bite probability or mode-specific response.,,docs/PierCast_Core_Temperature_and_Source_Calibration.md
kenosha_wi,steelhead,summer_thermal_break_or_upwelling,admit,B,T032,Michigan Department of Natural Resources,Michigan DNR steelhead profile,,https://www.michigan.gov/dnr/education/michigan-species/fish-species/steelhead,,,,thermal_compatibility,Constrain the direction and breadth of shared species thermal compatibility.,Do not claim a measured pier bite probability or mode-specific response.,,docs/PierCast_Core_Temperature_and_Source_Calibration.md
kenosha_wi,steelhead,fall_harbor_staging,admit,B,T003,Wisconsin Department of Natural Resources,Wisconsin DNR rainbow trout fact sheet,,https://dnr.wisconsin.gov/sites/default/files/topic/Fishing/Species_rainbowtrout.pdf,,,,thermal_compatibility,Constrain the direction and breadth of shared species thermal compatibility.,Do not claim a measured pier bite probability or mode-specific response.,,docs/PierCast_Core_Temperature_and_Source_Calibration.md
kenosha_wi,steelhead,fall_harbor_staging,admit,B,T007,U.S. Geological Survey,"USGS, steelhead growth-potential model and angler catch comparison",,https://www.usgs.gov/publications/landscape-scale-measures-steelhead-oncorhynchus-mykiss-bioenergetic-growth-rate,,,,thermal_compatibility,Constrain the direction and breadth of shared species thermal compatibility.,Do not claim a measured pier bite probability or mode-specific response.,,docs/PierCast_Core_Temperature_and_Source_Calibration.md
kenosha_wi,steelhead,fall_harbor_staging,admit,B,T009,Wisconsin Department of Natural Resources,Wisconsin DNR Lake Michigan steelhead strains,,https://dnr.wisconsin.gov/sites/default/files/topic/Fishing/Species_steelhead.pdf,,,,thermal_compatibility,Constrain the direction and breadth of shared species thermal compatibility.,Do not claim a measured pier bite probability or mode-specific response.,,docs/PierCast_Core_Temperature_and_Source_Calibration.md
kenosha_wi,steelhead,fall_harbor_staging,admit,B,T010,Wisconsin Department of Natural Resources,Wisconsin DNR Root River Steelhead Facility report,,https://dnr.wisconsin.gov/sites/default/files/topic/Fishing/LM_RootRiverSteelheadFacilityFall2024Spring2025.pdf,,,,thermal_compatibility,Constrain the direction and breadth of shared species thermal compatibility.,Do not claim a measured pier bite probability or mode-specific response.,,docs/PierCast_Core_Temperature_and_Source_Calibration.md
kenosha_wi,steelhead,fall_harbor_staging,admit,B,T032,Michigan Department of Natural Resources,Michigan DNR steelhead profile,,https://www.michigan.gov/dnr/education/michigan-species/fish-species/steelhead,,,,thermal_compatibility,Constrain the direction and breadth of shared species thermal compatibility.,Do not claim a measured pier bite probability or mode-specific response.,,docs/PierCast_Core_Temperature_and_Source_Calibration.md
kenosha_wi,brown_trout,,admit,B,WI_ACCESS_2026,Wisconsin Department of Natural Resources,Lake Michigan fishing access,,https://dnr.wisconsin.gov/topic/OpenOutdoors/AccessFishlakeMichigan,city_access,,,geography_and_access_context,Define the general city harbor and main public-pier context.,"Does not establish catch magnitude, live access, or safety.",,docs/onboarding/piercast/wisconsin-expansion/evidence-ledger.json
kenosha_wi,brown_trout,,admit,B,WI_EXACT_PIER_SPECIES_2023,Wisconsin Department of Natural Resources,Close to Home fishing opportunities,2023-06,https://dnr.wisconsin.gov/sites/default/files/topic/ClosetoHomeFishing.pdf,named_access_and_species,,,local_identity_timing_and_targetability,"Support species identity, local pier relevance, timing, method, or qualitative event strength as explicitly reported.",Do not convert one event into annual frequency or city CPUE.,,docs/onboarding/piercast/wisconsin-expansion/evidence-ledger.json
kenosha_wi,brown_trout,,admit,B,WI_COUNTY_MODE_1998_2024,Wisconsin Department of Natural Resources,Lake Michigan Creel Harvest Tables 1998–2024,2025-04-10,https://dnr.wisconsin.gov/sites/default/files/topic/Fishing/LM_CreelHarvestTables1998-2024.pdf,county_mode_annual,,,recurrence_and_relative_magnitude,Support recurrence and bounded relative magnitude where geography and mode match.,"Do not infer target-specific CPUE, exact structure, or unobserved-month absence.","Harvest is estimated, not catch; annual values do not assign month, effort, exact structure, or absence. A zero estimate is not proof of biological absence.",docs/onboarding/piercast/wisconsin-expansion/evidence-ledger.json
kenosha_wi,brown_trout,,admit,B,WI_SEASON_2022,Wisconsin Department of Natural Resources,2022 Lake Michigan open-water sportfishing effort and harvest report,2022,https://dnr.wisconsin.gov/sites/default/files/topic/LM_LakeMichiganSportHarvestReport2022.pdf,statewide_mode_month_bucket,,,regional_mode_timing,Constrain broad mode timing and regional recurrence.,Do not treat regional timing as city-specific catch rate.,,docs/onboarding/piercast/wisconsin-expansion/evidence-ledger.json
kenosha_wi,brown_trout,,admit,B,WI_SEASON_2023,Wisconsin Department of Natural Resources,2023 Lake Michigan open-water sportfishing effort and harvest report,2023,https://dnr.wisconsin.gov/sites/default/files/topic/Fishing/LM_LakeMichiganSportHarvestReport2023.pdf,statewide_mode_month_bucket,,,regional_mode_timing,Constrain broad mode timing and regional recurrence.,Do not treat regional timing as city-specific catch rate.,,docs/onboarding/piercast/wisconsin-expansion/evidence-ledger.json
kenosha_wi,brown_trout,,admit,B,WI_SEASON_2024,Wisconsin Department of Natural Resources,2024 Lake Michigan open-water sportfishing effort and harvest report,2024,https://dnr.wisconsin.gov/sites/default/files/topic/Fishing/LM_LakeMichiganSportHarvestReport2024.pdf,statewide_mode_month_bucket,,,regional_mode_timing,Constrain broad mode timing and regional recurrence.,Do not treat regional timing as city-specific catch rate.,Lake Michigan creel fieldwork ran May 1 through September 30 in 2024; specified unsurveyed periods were modeled. November-February city-pier ratings remain low-confidence floors.,docs/onboarding/piercast/wisconsin-expansion/evidence-ledger.json
kenosha_wi,brown_trout,winter_harbor_open_water,admit,B,T004,Wisconsin Department of Natural Resources,Wisconsin DNR brown trout fact sheet,,https://dnr.wisconsin.gov/sites/default/files/topic/Fishing/Species_browntrout.pdf,,,,thermal_compatibility,Constrain the direction and breadth of shared species thermal compatibility.,Do not claim a measured pier bite probability or mode-specific response.,,docs/PierCast_Core_Temperature_and_Source_Calibration.md
kenosha_wi,brown_trout,winter_harbor_open_water,admit,B,T014,Primary source named in registry,"Haynes et al., Great Lakes brown trout movement and temperatures",,https://www.sciencedirect.com/science/article/pii/S0380133087716402,,,,thermal_compatibility,Constrain the direction and breadth of shared species thermal compatibility.,Do not claim a measured pier bite probability or mode-specific response.,,docs/PierCast_Core_Temperature_and_Source_Calibration.md
kenosha_wi,brown_trout,winter_harbor_open_water,admit,B,T015,Michigan Department of Natural Resources,Michigan DNR brown trout profile,,https://www.michigan.gov/dnr/education/michigan-species/fish-species/brown-trout,,,,thermal_compatibility,Constrain the direction and breadth of shared species thermal compatibility.,Do not claim a measured pier bite probability or mode-specific response.,,docs/PierCast_Core_Temperature_and_Source_Calibration.md
kenosha_wi,brown_trout,spring_nearshore,admit,B,T004,Wisconsin Department of Natural Resources,Wisconsin DNR brown trout fact sheet,,https://dnr.wisconsin.gov/sites/default/files/topic/Fishing/Species_browntrout.pdf,,,,thermal_compatibility,Constrain the direction and breadth of shared species thermal compatibility.,Do not claim a measured pier bite probability or mode-specific response.,,docs/PierCast_Core_Temperature_and_Source_Calibration.md
kenosha_wi,brown_trout,spring_nearshore,admit,B,T014,Primary source named in registry,"Haynes et al., Great Lakes brown trout movement and temperatures",,https://www.sciencedirect.com/science/article/pii/S0380133087716402,,,,thermal_compatibility,Constrain the direction and breadth of shared species thermal compatibility.,Do not claim a measured pier bite probability or mode-specific response.,,docs/PierCast_Core_Temperature_and_Source_Calibration.md
kenosha_wi,brown_trout,spring_nearshore,admit,B,T015,Michigan Department of Natural Resources,Michigan DNR brown trout profile,,https://www.michigan.gov/dnr/education/michigan-species/fish-species/brown-trout,,,,thermal_compatibility,Constrain the direction and breadth of shared species thermal compatibility.,Do not claim a measured pier bite probability or mode-specific response.,,docs/PierCast_Core_Temperature_and_Source_Calibration.md
kenosha_wi,lake_trout,,defer,C,WI_ACCESS_2026,Wisconsin Department of Natural Resources,Lake Michigan fishing access,,https://dnr.wisconsin.gov/topic/OpenOutdoors/AccessFishlakeMichigan,city_access,,,geography_and_access_context,Define the general city harbor and main public-pier context.,"Does not establish catch magnitude, live access, or safety.",,docs/onboarding/piercast/wisconsin-expansion/evidence-ledger.json
kenosha_wi,lake_trout,,defer,C,WI_COUNTY_MODE_1998_2024,Wisconsin Department of Natural Resources,Lake Michigan Creel Harvest Tables 1998–2024,2025-04-10,https://dnr.wisconsin.gov/sites/default/files/topic/Fishing/LM_CreelHarvestTables1998-2024.pdf,county_mode_annual,,,recurrence_and_relative_magnitude,Support recurrence and bounded relative magnitude where geography and mode match.,"Do not infer target-specific CPUE, exact structure, or unobserved-month absence.","Harvest is estimated, not catch; annual values do not assign month, effort, exact structure, or absence. A zero estimate is not proof of biological absence.",docs/onboarding/piercast/wisconsin-expansion/evidence-ledger.json
kenosha_wi,walleye,,exclude,D,WI_ACCESS_2026,Wisconsin Department of Natural Resources,Lake Michigan fishing access,,https://dnr.wisconsin.gov/topic/OpenOutdoors/AccessFishlakeMichigan,city_access,,,geography_and_access_context,Define the general city harbor and main public-pier context.,"Does not establish catch magnitude, live access, or safety.",,docs/onboarding/piercast/wisconsin-expansion/evidence-ledger.json
kenosha_wi,walleye,,exclude,D,WI_EXACT_PIER_SPECIES_2023,Wisconsin Department of Natural Resources,Close to Home fishing opportunities,2023-06,https://dnr.wisconsin.gov/sites/default/files/topic/ClosetoHomeFishing.pdf,named_access_and_species,,,local_identity_timing_and_targetability,"Support species identity, local pier relevance, timing, method, or qualitative event strength as explicitly reported.",Do not convert one event into annual frequency or city CPUE.,,docs/onboarding/piercast/wisconsin-expansion/evidence-ledger.json
kenosha_wi,walleye,,exclude,D,WI_COUNTY_MODE_1998_2024,Wisconsin Department of Natural Resources,Lake Michigan Creel Harvest Tables 1998–2024,2025-04-10,https://dnr.wisconsin.gov/sites/default/files/topic/Fishing/LM_CreelHarvestTables1998-2024.pdf,county_mode_annual,,,recurrence_and_relative_magnitude,Support recurrence and bounded relative magnitude where geography and mode match.,"Do not infer target-specific CPUE, exact structure, or unobserved-month absence.","Harvest is estimated, not catch; annual values do not assign month, effort, exact structure, or absence. A zero estimate is not proof of biological absence.",docs/onboarding/piercast/wisconsin-expansion/evidence-ledger.json
kenosha_wi,smallmouth_bass,,exclude,D,WI_ACCESS_2026,Wisconsin Department of Natural Resources,Lake Michigan fishing access,,https://dnr.wisconsin.gov/topic/OpenOutdoors/AccessFishlakeMichigan,city_access,,,geography_and_access_context,Define the general city harbor and main public-pier context.,"Does not establish catch magnitude, live access, or safety.",,docs/onboarding/piercast/wisconsin-expansion/evidence-ledger.json
kenosha_wi,smallmouth_bass,,exclude,D,WI_EXACT_PIER_SPECIES_2023,Wisconsin Department of Natural Resources,Close to Home fishing opportunities,2023-06,https://dnr.wisconsin.gov/sites/default/files/topic/ClosetoHomeFishing.pdf,named_access_and_species,,,local_identity_timing_and_targetability,"Support species identity, local pier relevance, timing, method, or qualitative event strength as explicitly reported.",Do not convert one event into annual frequency or city CPUE.,,docs/onboarding/piercast/wisconsin-expansion/evidence-ledger.json
kenosha_wi,smallmouth_bass,,exclude,D,WI_COUNTY_MODE_1998_2024,Wisconsin Department of Natural Resources,Lake Michigan Creel Harvest Tables 1998–2024,2025-04-10,https://dnr.wisconsin.gov/sites/default/files/topic/Fishing/LM_CreelHarvestTables1998-2024.pdf,county_mode_annual,,,recurrence_and_relative_magnitude,Support recurrence and bounded relative magnitude where geography and mode match.,"Do not infer target-specific CPUE, exact structure, or unobserved-month absence.","Harvest is estimated, not catch; annual values do not assign month, effort, exact structure, or absence. A zero estimate is not proof of biological absence.",docs/onboarding/piercast/wisconsin-expansion/evidence-ledger.json
kenosha_wi,freshwater_drum,,exclude,D,WI_ACCESS_2026,Wisconsin Department of Natural Resources,Lake Michigan fishing access,,https://dnr.wisconsin.gov/topic/OpenOutdoors/AccessFishlakeMichigan,city_access,,,geography_and_access_context,Define the general city harbor and main public-pier context.,"Does not establish catch magnitude, live access, or safety.",,docs/onboarding/piercast/wisconsin-expansion/evidence-ledger.json
kenosha_wi,freshwater_drum,,exclude,D,WI_EXACT_PIER_SPECIES_2023,Wisconsin Department of Natural Resources,Close to Home fishing opportunities,2023-06,https://dnr.wisconsin.gov/sites/default/files/topic/ClosetoHomeFishing.pdf,named_access_and_species,,,local_identity_timing_and_targetability,"Support species identity, local pier relevance, timing, method, or qualitative event strength as explicitly reported.",Do not convert one event into annual frequency or city CPUE.,,docs/onboarding/piercast/wisconsin-expansion/evidence-ledger.json
kenosha_wi,freshwater_drum,,exclude,D,WI_COUNTY_MODE_1998_2024,Wisconsin Department of Natural Resources,Lake Michigan Creel Harvest Tables 1998–2024,2025-04-10,https://dnr.wisconsin.gov/sites/default/files/topic/Fishing/LM_CreelHarvestTables1998-2024.pdf,county_mode_annual,,,recurrence_and_relative_magnitude,Support recurrence and bounded relative magnitude where geography and mode match.,"Do not infer target-specific CPUE, exact structure, or unobserved-month absence.","Harvest is estimated, not catch; annual values do not assign month, effort, exact structure, or absence. A zero estimate is not proof of biological absence.",docs/onboarding/piercast/wisconsin-expansion/evidence-ledger.json
kenosha_wi,yellow_perch,,defer,C,WI_ACCESS_2026,Wisconsin Department of Natural Resources,Lake Michigan fishing access,,https://dnr.wisconsin.gov/topic/OpenOutdoors/AccessFishlakeMichigan,city_access,,,geography_and_access_context,Define the general city harbor and main public-pier context.,"Does not establish catch magnitude, live access, or safety.",,docs/onboarding/piercast/wisconsin-expansion/evidence-ledger.json
kenosha_wi,yellow_perch,,defer,C,WI_WEEKLY_2024_07_15,Wisconsin Department of Natural Resources via Internet Archive,"Southern Lake Michigan Fishing Report, July 15, 2024",2024-07-15,https://web.archive.org/web/20240722112758id_/https://dnr.wisconsin.gov/topic/Fishing/lakemichigan/OutdoorReport,county_pier_shore_weekly,,,local_identity_timing_and_targetability,"Support species identity, local pier relevance, timing, method, or qualitative event strength as explicitly reported.",Do not convert one event into annual frequency or city CPUE.,,docs/onboarding/piercast/wisconsin-expansion/evidence-ledger.json
kenosha_wi,yellow_perch,,defer,C,WI_WEEKLY_2024_07_29,Wisconsin Department of Natural Resources via Internet Archive,"Southern Lake Michigan Fishing Report, late July 2024",2024,https://web.archive.org/web/20240730191913id_/https://dnr.wisconsin.gov/topic/Fishing/lakemichigan/OutdoorReport,county_pier_shore_weekly,,,local_identity_timing_and_targetability,"Support species identity, local pier relevance, timing, method, or qualitative event strength as explicitly reported.",Do not convert one event into annual frequency or city CPUE.,,docs/onboarding/piercast/wisconsin-expansion/evidence-ledger.json
kenosha_wi,yellow_perch,,defer,C,WI_WEEKLY_2024_08,Wisconsin Department of Natural Resources via Internet Archive,"Southern Lake Michigan Fishing Report, August 2024",2024,https://web.archive.org/web/20240824205048id_/https://dnr.wisconsin.gov/topic/Fishing/lakemichigan/OutdoorReport,county_pier_shore_weekly,,,local_identity_timing_and_targetability,"Support species identity, local pier relevance, timing, method, or qualitative event strength as explicitly reported.",Do not convert one event into annual frequency or city CPUE.,,docs/onboarding/piercast/wisconsin-expansion/evidence-ledger.json
kenosha_wi,yellow_perch,,defer,C,V3_WI_PERCH_STATUS,Wisconsin Department of Natural Resources,Yellow Perch Research,,https://dnr.wisconsin.gov/topic/Fishing/lakemichigan/Yellowperch,"Wisconsin waters of Lake Michigan, including major southern ports","Scientific assessment, not angler pier effort",Multi-year assessment series,local_identity_timing_and_targetability,"Support species identity, local pier relevance, timing, method, or qualitative event strength as explicitly reported.",Do not convert one event into annual frequency or city CPUE.,DNR reports very low recent adult abundance off Milwaukee; scientific netting is not recreational pier success.,docs/onboarding/piercast/scoring-v3-pass1/foundational-source-ledger.json
kenosha_wi,lake_whitefish,,exclude,D,WI_ACCESS_2026,Wisconsin Department of Natural Resources,Lake Michigan fishing access,,https://dnr.wisconsin.gov/topic/OpenOutdoors/AccessFishlakeMichigan,city_access,,,geography_and_access_context,Define the general city harbor and main public-pier context.,"Does not establish catch magnitude, live access, or safety.",,docs/onboarding/piercast/wisconsin-expansion/evidence-ledger.json
kenosha_wi,lake_whitefish,,exclude,D,WI_EXACT_PIER_SPECIES_2023,Wisconsin Department of Natural Resources,Close to Home fishing opportunities,2023-06,https://dnr.wisconsin.gov/sites/default/files/topic/ClosetoHomeFishing.pdf,named_access_and_species,,,local_identity_timing_and_targetability,"Support species identity, local pier relevance, timing, method, or qualitative event strength as explicitly reported.",Do not convert one event into annual frequency or city CPUE.,,docs/onboarding/piercast/wisconsin-expansion/evidence-ledger.json
kenosha_wi,lake_whitefish,,exclude,D,WI_COUNTY_MODE_1998_2024,Wisconsin Department of Natural Resources,Lake Michigan Creel Harvest Tables 1998–2024,2025-04-10,https://dnr.wisconsin.gov/sites/default/files/topic/Fishing/LM_CreelHarvestTables1998-2024.pdf,county_mode_annual,,,recurrence_and_relative_magnitude,Support recurrence and bounded relative magnitude where geography and mode match.,"Do not infer target-specific CPUE, exact structure, or unobserved-month absence.","Harvest is estimated, not catch; annual values do not assign month, effort, exact structure, or absence. A zero estimate is not proof of biological absence.",docs/onboarding/piercast/wisconsin-expansion/evidence-ledger.json
kenosha_wi,round_whitefish,,exclude,D,WI_ACCESS_2026,Wisconsin Department of Natural Resources,Lake Michigan fishing access,,https://dnr.wisconsin.gov/topic/OpenOutdoors/AccessFishlakeMichigan,city_access,,,geography_and_access_context,Define the general city harbor and main public-pier context.,"Does not establish catch magnitude, live access, or safety.",,docs/onboarding/piercast/wisconsin-expansion/evidence-ledger.json
kenosha_wi,round_whitefish,,exclude,D,WI_EXACT_PIER_SPECIES_2023,Wisconsin Department of Natural Resources,Close to Home fishing opportunities,2023-06,https://dnr.wisconsin.gov/sites/default/files/topic/ClosetoHomeFishing.pdf,named_access_and_species,,,local_identity_timing_and_targetability,"Support species identity, local pier relevance, timing, method, or qualitative event strength as explicitly reported.",Do not convert one event into annual frequency or city CPUE.,,docs/onboarding/piercast/wisconsin-expansion/evidence-ledger.json
kenosha_wi,round_whitefish,,exclude,D,WI_COUNTY_MODE_1998_2024,Wisconsin Department of Natural Resources,Lake Michigan Creel Harvest Tables 1998–2024,2025-04-10,https://dnr.wisconsin.gov/sites/default/files/topic/Fishing/LM_CreelHarvestTables1998-2024.pdf,county_mode_annual,,,recurrence_and_relative_magnitude,Support recurrence and bounded relative magnitude where geography and mode match.,"Do not infer target-specific CPUE, exact structure, or unobserved-month absence.","Harvest is estimated, not catch; annual values do not assign month, effort, exact structure, or absence. A zero estimate is not proof of biological absence.",docs/onboarding/piercast/wisconsin-expansion/evidence-ledger.json
kenosha_wi,channel_catfish,,exclude,D,WI_ACCESS_2026,Wisconsin Department of Natural Resources,Lake Michigan fishing access,,https://dnr.wisconsin.gov/topic/OpenOutdoors/AccessFishlakeMichigan,city_access,,,geography_and_access_context,Define the general city harbor and main public-pier context.,"Does not establish catch magnitude, live access, or safety.",,docs/onboarding/piercast/wisconsin-expansion/evidence-ledger.json
kenosha_wi,channel_catfish,,exclude,D,WI_EXACT_PIER_SPECIES_2023,Wisconsin Department of Natural Resources,Close to Home fishing opportunities,2023-06,https://dnr.wisconsin.gov/sites/default/files/topic/ClosetoHomeFishing.pdf,named_access_and_species,,,local_identity_timing_and_targetability,"Support species identity, local pier relevance, timing, method, or qualitative event strength as explicitly reported.",Do not convert one event into annual frequency or city CPUE.,,docs/onboarding/piercast/wisconsin-expansion/evidence-ledger.json
kenosha_wi,channel_catfish,,exclude,D,WI_COUNTY_MODE_1998_2024,Wisconsin Department of Natural Resources,Lake Michigan Creel Harvest Tables 1998–2024,2025-04-10,https://dnr.wisconsin.gov/sites/default/files/topic/Fishing/LM_CreelHarvestTables1998-2024.pdf,county_mode_annual,,,recurrence_and_relative_magnitude,Support recurrence and bounded relative magnitude where geography and mode match.,"Do not infer target-specific CPUE, exact structure, or unobserved-month absence.","Harvest is estimated, not catch; annual values do not assign month, effort, exact structure, or absence. A zero estimate is not proof of biological absence.",docs/onboarding/piercast/wisconsin-expansion/evidence-ledger.json
kenosha_wi,largemouth_bass,,exclude,D,WI_ACCESS_2026,Wisconsin Department of Natural Resources,Lake Michigan fishing access,,https://dnr.wisconsin.gov/topic/OpenOutdoors/AccessFishlakeMichigan,city_access,,,geography_and_access_context,Define the general city harbor and main public-pier context.,"Does not establish catch magnitude, live access, or safety.",,docs/onboarding/piercast/wisconsin-expansion/evidence-ledger.json
kenosha_wi,largemouth_bass,,exclude,D,WI_EXACT_PIER_SPECIES_2023,Wisconsin Department of Natural Resources,Close to Home fishing opportunities,2023-06,https://dnr.wisconsin.gov/sites/default/files/topic/ClosetoHomeFishing.pdf,named_access_and_species,,,local_identity_timing_and_targetability,"Support species identity, local pier relevance, timing, method, or qualitative event strength as explicitly reported.",Do not convert one event into annual frequency or city CPUE.,,docs/onboarding/piercast/wisconsin-expansion/evidence-ledger.json
kenosha_wi,largemouth_bass,,exclude,D,WI_COUNTY_MODE_1998_2024,Wisconsin Department of Natural Resources,Lake Michigan Creel Harvest Tables 1998–2024,2025-04-10,https://dnr.wisconsin.gov/sites/default/files/topic/Fishing/LM_CreelHarvestTables1998-2024.pdf,county_mode_annual,,,recurrence_and_relative_magnitude,Support recurrence and bounded relative magnitude where geography and mode match.,"Do not infer target-specific CPUE, exact structure, or unobserved-month absence.","Harvest is estimated, not catch; annual values do not assign month, effort, exact structure, or absence. A zero estimate is not proof of biological absence.",docs/onboarding/piercast/wisconsin-expansion/evidence-ledger.json
