cityId,speciesId,week,weekStart,weekEnd,midpointDate,seasonalProposal,availableDays,daysInWeek,status,confidence,productionReady
ludington_mi,lake_trout,1,2025-01-01,2025-01-07,2025-01-04,,0,7,unavailable_evidence_gap,insufficient_for_numeric_calibration,false
ludington_mi,lake_trout,2,2025-01-08,2025-01-14,2025-01-11,,0,7,unavailable_evidence_gap,insufficient_for_numeric_calibration,false
ludington_mi,lake_trout,3,2025-01-15,2025-01-21,2025-01-18,,0,7,unavailable_evidence_gap,insufficient_for_numeric_calibration,false
ludington_mi,lake_trout,4,2025-01-22,2025-01-28,2025-01-25,,0,7,unavailable_evidence_gap,insufficient_for_numeric_calibration,false
ludington_mi,lake_trout,5,2025-01-29,2025-02-04,2025-02-01,,0,7,unavailable_evidence_gap,insufficient_for_numeric_calibration,false
ludington_mi,lake_trout,6,2025-02-05,2025-02-11,2025-02-08,,0,7,unavailable_evidence_gap,insufficient_for_numeric_calibration,false
ludington_mi,lake_trout,7,2025-02-12,2025-02-18,2025-02-15,,0,7,unavailable_evidence_gap,insufficient_for_numeric_calibration,false
ludington_mi,lake_trout,8,2025-02-19,2025-02-25,2025-02-22,,0,7,unavailable_evidence_gap,insufficient_for_numeric_calibration,false
ludington_mi,lake_trout,9,2025-02-26,2025-03-04,2025-03-01,,0,7,unavailable_evidence_gap,insufficient_for_numeric_calibration,false
ludington_mi,lake_trout,10,2025-03-05,2025-03-11,2025-03-08,,0,7,unavailable_evidence_gap,insufficient_for_numeric_calibration,false
ludington_mi,lake_trout,11,2025-03-12,2025-03-18,2025-03-15,,0,7,unavailable_evidence_gap,insufficient_for_numeric_calibration,false
ludington_mi,lake_trout,12,2025-03-19,2025-03-25,2025-03-22,,0,7,unavailable_evidence_gap,insufficient_for_numeric_calibration,false
ludington_mi,lake_trout,13,2025-03-26,2025-04-01,2025-03-29,,0,7,unavailable_evidence_gap,insufficient_for_numeric_calibration,false
ludington_mi,lake_trout,14,2025-04-02,2025-04-08,2025-04-05,,0,7,unavailable_evidence_gap,insufficient_for_numeric_calibration,false
ludington_mi,lake_trout,15,2025-04-09,2025-04-15,2025-04-12,,0,7,unavailable_evidence_gap,insufficient_for_numeric_calibration,false
ludington_mi,lake_trout,16,2025-04-16,2025-04-22,2025-04-19,,0,7,unavailable_evidence_gap,insufficient_for_numeric_calibration,false
ludington_mi,lake_trout,17,2025-04-23,2025-04-29,2025-04-26,,0,7,unavailable_evidence_gap,insufficient_for_numeric_calibration,false
ludington_mi,lake_trout,18,2025-04-30,2025-05-06,2025-05-03,,0,7,unavailable_evidence_gap,insufficient_for_numeric_calibration,false
ludington_mi,lake_trout,19,2025-05-07,2025-05-13,2025-05-10,,0,7,unavailable_evidence_gap,insufficient_for_numeric_calibration,false
ludington_mi,lake_trout,20,2025-05-14,2025-05-20,2025-05-17,,0,7,unavailable_evidence_gap,insufficient_for_numeric_calibration,false
ludington_mi,lake_trout,21,2025-05-21,2025-05-27,2025-05-24,,0,7,unavailable_evidence_gap,insufficient_for_numeric_calibration,false
ludington_mi,lake_trout,22,2025-05-28,2025-06-03,2025-05-31,,0,7,unavailable_evidence_gap,insufficient_for_numeric_calibration,false
ludington_mi,lake_trout,23,2025-06-04,2025-06-10,2025-06-07,,0,7,unavailable_evidence_gap,insufficient_for_numeric_calibration,false
ludington_mi,lake_trout,24,2025-06-11,2025-06-17,2025-06-14,,0,7,unavailable_evidence_gap,insufficient_for_numeric_calibration,false
ludington_mi,lake_trout,25,2025-06-18,2025-06-24,2025-06-21,,0,7,unavailable_evidence_gap,insufficient_for_numeric_calibration,false
ludington_mi,lake_trout,26,2025-06-25,2025-07-01,2025-06-28,,0,7,unavailable_evidence_gap,insufficient_for_numeric_calibration,false
ludington_mi,lake_trout,27,2025-07-02,2025-07-08,2025-07-05,,0,7,unavailable_evidence_gap,insufficient_for_numeric_calibration,false
ludington_mi,lake_trout,28,2025-07-09,2025-07-15,2025-07-12,,0,7,unavailable_evidence_gap,insufficient_for_numeric_calibration,false
ludington_mi,lake_trout,29,2025-07-16,2025-07-22,2025-07-19,,0,7,unavailable_evidence_gap,insufficient_for_numeric_calibration,false
ludington_mi,lake_trout,30,2025-07-23,2025-07-29,2025-07-26,,0,7,unavailable_evidence_gap,insufficient_for_numeric_calibration,false
ludington_mi,lake_trout,31,2025-07-30,2025-08-05,2025-08-02,,0,7,unavailable_evidence_gap,insufficient_for_numeric_calibration,false
ludington_mi,lake_trout,32,2025-08-06,2025-08-12,2025-08-09,,0,7,unavailable_evidence_gap,insufficient_for_numeric_calibration,false
ludington_mi,lake_trout,33,2025-08-13,2025-08-19,2025-08-16,,0,7,unavailable_evidence_gap,insufficient_for_numeric_calibration,false
ludington_mi,lake_trout,34,2025-08-20,2025-08-26,2025-08-23,,0,7,unavailable_evidence_gap,insufficient_for_numeric_calibration,false
ludington_mi,lake_trout,35,2025-08-27,2025-09-02,2025-08-30,,0,7,unavailable_evidence_gap,insufficient_for_numeric_calibration,false
ludington_mi,lake_trout,36,2025-09-03,2025-09-09,2025-09-06,,0,7,unavailable_evidence_gap,insufficient_for_numeric_calibration,false
ludington_mi,lake_trout,37,2025-09-10,2025-09-16,2025-09-13,,0,7,unavailable_evidence_gap,insufficient_for_numeric_calibration,false
ludington_mi,lake_trout,38,2025-09-17,2025-09-23,2025-09-20,,0,7,unavailable_evidence_gap,insufficient_for_numeric_calibration,false
ludington_mi,lake_trout,39,2025-09-24,2025-09-30,2025-09-27,,0,7,unavailable_evidence_gap,insufficient_for_numeric_calibration,false
ludington_mi,lake_trout,40,2025-10-01,2025-10-07,2025-10-04,,0,7,unavailable_evidence_gap,insufficient_for_numeric_calibration,false
ludington_mi,lake_trout,41,2025-10-08,2025-10-14,2025-10-11,,0,7,unavailable_evidence_gap,insufficient_for_numeric_calibration,false
ludington_mi,lake_trout,42,2025-10-15,2025-10-21,2025-10-18,,0,7,unavailable_evidence_gap,insufficient_for_numeric_calibration,false
ludington_mi,lake_trout,43,2025-10-22,2025-10-28,2025-10-25,,0,7,unavailable_evidence_gap,insufficient_for_numeric_calibration,false
ludington_mi,lake_trout,44,2025-10-29,2025-11-04,2025-11-01,,0,7,unavailable_evidence_gap,insufficient_for_numeric_calibration,false
ludington_mi,lake_trout,45,2025-11-05,2025-11-11,2025-11-08,,0,7,unavailable_evidence_gap,insufficient_for_numeric_calibration,false
ludington_mi,lake_trout,46,2025-11-12,2025-11-18,2025-11-15,,0,7,unavailable_evidence_gap,insufficient_for_numeric_calibration,false
ludington_mi,lake_trout,47,2025-11-19,2025-11-25,2025-11-22,,0,7,unavailable_evidence_gap,insufficient_for_numeric_calibration,false
ludington_mi,lake_trout,48,2025-11-26,2025-12-02,2025-11-29,,0,7,unavailable_evidence_gap,insufficient_for_numeric_calibration,false
ludington_mi,lake_trout,49,2025-12-03,2025-12-09,2025-12-06,,0,7,unavailable_evidence_gap,insufficient_for_numeric_calibration,false
ludington_mi,lake_trout,50,2025-12-10,2025-12-16,2025-12-13,,0,7,unavailable_evidence_gap,insufficient_for_numeric_calibration,false
ludington_mi,lake_trout,51,2025-12-17,2025-12-23,2025-12-20,,0,7,unavailable_evidence_gap,insufficient_for_numeric_calibration,false
ludington_mi,lake_trout,52,2025-12-24,2025-12-31,2025-12-27,,0,8,unavailable_evidence_gap,insufficient_for_numeric_calibration,false
ludington_mi,walleye,1,2025-01-01,2025-01-07,2025-01-04,,0,7,unavailable_evidence_gap,insufficient_for_numeric_calibration,false
ludington_mi,walleye,2,2025-01-08,2025-01-14,2025-01-11,,0,7,unavailable_evidence_gap,insufficient_for_numeric_calibration,false
ludington_mi,walleye,3,2025-01-15,2025-01-21,2025-01-18,,0,7,unavailable_evidence_gap,insufficient_for_numeric_calibration,false
ludington_mi,walleye,4,2025-01-22,2025-01-28,2025-01-25,,0,7,unavailable_evidence_gap,insufficient_for_numeric_calibration,false
ludington_mi,walleye,5,2025-01-29,2025-02-04,2025-02-01,,0,7,unavailable_evidence_gap,insufficient_for_numeric_calibration,false
ludington_mi,walleye,6,2025-02-05,2025-02-11,2025-02-08,,0,7,unavailable_evidence_gap,insufficient_for_numeric_calibration,false
ludington_mi,walleye,7,2025-02-12,2025-02-18,2025-02-15,,0,7,unavailable_evidence_gap,insufficient_for_numeric_calibration,false
ludington_mi,walleye,8,2025-02-19,2025-02-25,2025-02-22,,0,7,unavailable_evidence_gap,insufficient_for_numeric_calibration,false
ludington_mi,walleye,9,2025-02-26,2025-03-04,2025-03-01,,0,7,unavailable_evidence_gap,insufficient_for_numeric_calibration,false
ludington_mi,walleye,10,2025-03-05,2025-03-11,2025-03-08,,0,7,unavailable_evidence_gap,insufficient_for_numeric_calibration,false
ludington_mi,walleye,11,2025-03-12,2025-03-18,2025-03-15,,0,7,unavailable_evidence_gap,insufficient_for_numeric_calibration,false
ludington_mi,walleye,12,2025-03-19,2025-03-25,2025-03-22,,0,7,unavailable_evidence_gap,insufficient_for_numeric_calibration,false
ludington_mi,walleye,13,2025-03-26,2025-04-01,2025-03-29,,0,7,unavailable_evidence_gap,insufficient_for_numeric_calibration,false
ludington_mi,walleye,14,2025-04-02,2025-04-08,2025-04-05,,0,7,unavailable_evidence_gap,insufficient_for_numeric_calibration,false
ludington_mi,walleye,15,2025-04-09,2025-04-15,2025-04-12,,0,7,unavailable_evidence_gap,insufficient_for_numeric_calibration,false
ludington_mi,walleye,16,2025-04-16,2025-04-22,2025-04-19,,0,7,unavailable_evidence_gap,insufficient_for_numeric_calibration,false
ludington_mi,walleye,17,2025-04-23,2025-04-29,2025-04-26,,0,7,unavailable_evidence_gap,insufficient_for_numeric_calibration,false
ludington_mi,walleye,18,2025-04-30,2025-05-06,2025-05-03,,0,7,unavailable_evidence_gap,insufficient_for_numeric_calibration,false
ludington_mi,walleye,19,2025-05-07,2025-05-13,2025-05-10,,0,7,unavailable_evidence_gap,insufficient_for_numeric_calibration,false
ludington_mi,walleye,20,2025-05-14,2025-05-20,2025-05-17,,0,7,unavailable_evidence_gap,insufficient_for_numeric_calibration,false
ludington_mi,walleye,21,2025-05-21,2025-05-27,2025-05-24,,0,7,unavailable_evidence_gap,insufficient_for_numeric_calibration,false
ludington_mi,walleye,22,2025-05-28,2025-06-03,2025-05-31,,0,7,unavailable_evidence_gap,insufficient_for_numeric_calibration,false
ludington_mi,walleye,23,2025-06-04,2025-06-10,2025-06-07,,0,7,unavailable_evidence_gap,insufficient_for_numeric_calibration,false
ludington_mi,walleye,24,2025-06-11,2025-06-17,2025-06-14,,0,7,unavailable_evidence_gap,insufficient_for_numeric_calibration,false
ludington_mi,walleye,25,2025-06-18,2025-06-24,2025-06-21,,0,7,unavailable_evidence_gap,insufficient_for_numeric_calibration,false
ludington_mi,walleye,26,2025-06-25,2025-07-01,2025-06-28,,0,7,unavailable_evidence_gap,insufficient_for_numeric_calibration,false
ludington_mi,walleye,27,2025-07-02,2025-07-08,2025-07-05,,0,7,unavailable_evidence_gap,insufficient_for_numeric_calibration,false
ludington_mi,walleye,28,2025-07-09,2025-07-15,2025-07-12,,0,7,unavailable_evidence_gap,insufficient_for_numeric_calibration,false
ludington_mi,walleye,29,2025-07-16,2025-07-22,2025-07-19,,0,7,unavailable_evidence_gap,insufficient_for_numeric_calibration,false
ludington_mi,walleye,30,2025-07-23,2025-07-29,2025-07-26,,0,7,unavailable_evidence_gap,insufficient_for_numeric_calibration,false
ludington_mi,walleye,31,2025-07-30,2025-08-05,2025-08-02,,0,7,unavailable_evidence_gap,insufficient_for_numeric_calibration,false
ludington_mi,walleye,32,2025-08-06,2025-08-12,2025-08-09,,0,7,unavailable_evidence_gap,insufficient_for_numeric_calibration,false
ludington_mi,walleye,33,2025-08-13,2025-08-19,2025-08-16,,0,7,unavailable_evidence_gap,insufficient_for_numeric_calibration,false
ludington_mi,walleye,34,2025-08-20,2025-08-26,2025-08-23,,0,7,unavailable_evidence_gap,insufficient_for_numeric_calibration,false
ludington_mi,walleye,35,2025-08-27,2025-09-02,2025-08-30,,0,7,unavailable_evidence_gap,insufficient_for_numeric_calibration,false
ludington_mi,walleye,36,2025-09-03,2025-09-09,2025-09-06,,0,7,unavailable_evidence_gap,insufficient_for_numeric_calibration,false
ludington_mi,walleye,37,2025-09-10,2025-09-16,2025-09-13,,0,7,unavailable_evidence_gap,insufficient_for_numeric_calibration,false
ludington_mi,walleye,38,2025-09-17,2025-09-23,2025-09-20,,0,7,unavailable_evidence_gap,insufficient_for_numeric_calibration,false
ludington_mi,walleye,39,2025-09-24,2025-09-30,2025-09-27,,0,7,unavailable_evidence_gap,insufficient_for_numeric_calibration,false
ludington_mi,walleye,40,2025-10-01,2025-10-07,2025-10-04,,0,7,unavailable_evidence_gap,insufficient_for_numeric_calibration,false
ludington_mi,walleye,41,2025-10-08,2025-10-14,2025-10-11,,0,7,unavailable_evidence_gap,insufficient_for_numeric_calibration,false
ludington_mi,walleye,42,2025-10-15,2025-10-21,2025-10-18,,0,7,unavailable_evidence_gap,insufficient_for_numeric_calibration,false
ludington_mi,walleye,43,2025-10-22,2025-10-28,2025-10-25,,0,7,unavailable_evidence_gap,insufficient_for_numeric_calibration,false
ludington_mi,walleye,44,2025-10-29,2025-11-04,2025-11-01,,0,7,unavailable_evidence_gap,insufficient_for_numeric_calibration,false
ludington_mi,walleye,45,2025-11-05,2025-11-11,2025-11-08,,0,7,unavailable_evidence_gap,insufficient_for_numeric_calibration,false
ludington_mi,walleye,46,2025-11-12,2025-11-18,2025-11-15,,0,7,unavailable_evidence_gap,insufficient_for_numeric_calibration,false
ludington_mi,walleye,47,2025-11-19,2025-11-25,2025-11-22,,0,7,unavailable_evidence_gap,insufficient_for_numeric_calibration,false
ludington_mi,walleye,48,2025-11-26,2025-12-02,2025-11-29,,0,7,unavailable_evidence_gap,insufficient_for_numeric_calibration,false
ludington_mi,walleye,49,2025-12-03,2025-12-09,2025-12-06,,0,7,unavailable_evidence_gap,insufficient_for_numeric_calibration,false
ludington_mi,walleye,50,2025-12-10,2025-12-16,2025-12-13,,0,7,unavailable_evidence_gap,insufficient_for_numeric_calibration,false
ludington_mi,walleye,51,2025-12-17,2025-12-23,2025-12-20,,0,7,unavailable_evidence_gap,insufficient_for_numeric_calibration,false
ludington_mi,walleye,52,2025-12-24,2025-12-31,2025-12-27,,0,8,unavailable_evidence_gap,insufficient_for_numeric_calibration,false
ludington_mi,smallmouth_bass,1,2025-01-01,2025-01-07,2025-01-04,,0,7,unavailable_evidence_gap,low,false
ludington_mi,smallmouth_bass,2,2025-01-08,2025-01-14,2025-01-11,,0,7,unavailable_evidence_gap,low,false
ludington_mi,smallmouth_bass,3,2025-01-15,2025-01-21,2025-01-18,,0,7,unavailable_evidence_gap,low,false
ludington_mi,smallmouth_bass,4,2025-01-22,2025-01-28,2025-01-25,,0,7,unavailable_evidence_gap,low,false
ludington_mi,smallmouth_bass,5,2025-01-29,2025-02-04,2025-02-01,,0,7,unavailable_evidence_gap,low,false
ludington_mi,smallmouth_bass,6,2025-02-05,2025-02-11,2025-02-08,,0,7,unavailable_evidence_gap,low,false
ludington_mi,smallmouth_bass,7,2025-02-12,2025-02-18,2025-02-15,,0,7,unavailable_evidence_gap,low,false
ludington_mi,smallmouth_bass,8,2025-02-19,2025-02-25,2025-02-22,,0,7,unavailable_evidence_gap,low,false
ludington_mi,smallmouth_bass,9,2025-02-26,2025-03-04,2025-03-01,,0,7,unavailable_evidence_gap,low,false
ludington_mi,smallmouth_bass,10,2025-03-05,2025-03-11,2025-03-08,,0,7,unavailable_evidence_gap,low,false
ludington_mi,smallmouth_bass,11,2025-03-12,2025-03-18,2025-03-15,,0,7,unavailable_evidence_gap,low,false
ludington_mi,smallmouth_bass,12,2025-03-19,2025-03-25,2025-03-22,,0,7,unavailable_evidence_gap,low,false
ludington_mi,smallmouth_bass,13,2025-03-26,2025-04-01,2025-03-29,,0,7,unavailable_evidence_gap,low,false
ludington_mi,smallmouth_bass,14,2025-04-02,2025-04-08,2025-04-05,,0,7,unavailable_evidence_gap,low,false
ludington_mi,smallmouth_bass,15,2025-04-09,2025-04-15,2025-04-12,,0,7,unavailable_evidence_gap,low,false
ludington_mi,smallmouth_bass,16,2025-04-16,2025-04-22,2025-04-19,,0,7,unavailable_evidence_gap,low,false
ludington_mi,smallmouth_bass,17,2025-04-23,2025-04-29,2025-04-26,,0,7,unavailable_evidence_gap,low,false
ludington_mi,smallmouth_bass,18,2025-04-30,2025-05-06,2025-05-03,,0,7,unavailable_evidence_gap,low,false
ludington_mi,smallmouth_bass,19,2025-05-07,2025-05-13,2025-05-10,,0,7,unavailable_evidence_gap,low,false
ludington_mi,smallmouth_bass,20,2025-05-14,2025-05-20,2025-05-17,,0,7,unavailable_evidence_gap,low,false
ludington_mi,smallmouth_bass,21,2025-05-21,2025-05-27,2025-05-24,,0,7,unavailable_evidence_gap,low,false
ludington_mi,smallmouth_bass,22,2025-05-28,2025-06-03,2025-05-31,,3,7,unavailable_evidence_gap,low,false
ludington_mi,smallmouth_bass,23,2025-06-04,2025-06-10,2025-06-07,2.928571,7,7,provisional_research_only,low,false
ludington_mi,smallmouth_bass,24,2025-06-11,2025-06-17,2025-06-14,3.428571,7,7,provisional_research_only,low,false
ludington_mi,smallmouth_bass,25,2025-06-18,2025-06-24,2025-06-21,3.700000,7,7,provisional_research_only,low,false
ludington_mi,smallmouth_bass,26,2025-06-25,2025-07-01,2025-06-28,3.933333,7,7,provisional_research_only,low,false
ludington_mi,smallmouth_bass,27,2025-07-02,2025-07-08,2025-07-05,4.166667,7,7,provisional_research_only,low,false
ludington_mi,smallmouth_bass,28,2025-07-09,2025-07-15,2025-07-12,4.400000,7,7,provisional_research_only,low,false
ludington_mi,smallmouth_bass,29,2025-07-16,2025-07-22,2025-07-19,4.435484,7,7,provisional_research_only,low,false
ludington_mi,smallmouth_bass,30,2025-07-23,2025-07-29,2025-07-26,4.322581,7,7,provisional_research_only,low,false
ludington_mi,smallmouth_bass,31,2025-07-30,2025-08-05,2025-08-02,4.209677,7,7,provisional_research_only,low,false
ludington_mi,smallmouth_bass,32,2025-08-06,2025-08-12,2025-08-09,4.096774,7,7,provisional_research_only,low,false
ludington_mi,smallmouth_bass,33,2025-08-13,2025-08-19,2025-08-16,3.951613,7,7,provisional_research_only,low,false
ludington_mi,smallmouth_bass,34,2025-08-20,2025-08-26,2025-08-23,3.612903,7,7,provisional_research_only,low,false
ludington_mi,smallmouth_bass,35,2025-08-27,2025-09-02,2025-08-30,3.274194,7,7,provisional_research_only,low,false
ludington_mi,smallmouth_bass,36,2025-09-03,2025-09-09,2025-09-06,2.935484,7,7,provisional_research_only,low,false
ludington_mi,smallmouth_bass,37,2025-09-10,2025-09-16,2025-09-13,2.596774,7,7,provisional_research_only,low,false
ludington_mi,smallmouth_bass,38,2025-09-17,2025-09-23,2025-09-20,2.333333,7,7,provisional_research_only,low,false
ludington_mi,smallmouth_bass,39,2025-09-24,2025-09-30,2025-09-27,2.100000,7,7,provisional_research_only,low,false
ludington_mi,smallmouth_bass,40,2025-10-01,2025-10-07,2025-10-04,,0,7,unavailable_evidence_gap,low,false
ludington_mi,smallmouth_bass,41,2025-10-08,2025-10-14,2025-10-11,,0,7,unavailable_evidence_gap,low,false
ludington_mi,smallmouth_bass,42,2025-10-15,2025-10-21,2025-10-18,,0,7,unavailable_evidence_gap,low,false
ludington_mi,smallmouth_bass,43,2025-10-22,2025-10-28,2025-10-25,,0,7,unavailable_evidence_gap,low,false
ludington_mi,smallmouth_bass,44,2025-10-29,2025-11-04,2025-11-01,,0,7,unavailable_evidence_gap,low,false
ludington_mi,smallmouth_bass,45,2025-11-05,2025-11-11,2025-11-08,,0,7,unavailable_evidence_gap,low,false
ludington_mi,smallmouth_bass,46,2025-11-12,2025-11-18,2025-11-15,,0,7,unavailable_evidence_gap,low,false
ludington_mi,smallmouth_bass,47,2025-11-19,2025-11-25,2025-11-22,,0,7,unavailable_evidence_gap,low,false
ludington_mi,smallmouth_bass,48,2025-11-26,2025-12-02,2025-11-29,,0,7,unavailable_evidence_gap,low,false
ludington_mi,smallmouth_bass,49,2025-12-03,2025-12-09,2025-12-06,,0,7,unavailable_evidence_gap,low,false
ludington_mi,smallmouth_bass,50,2025-12-10,2025-12-16,2025-12-13,,0,7,unavailable_evidence_gap,low,false
ludington_mi,smallmouth_bass,51,2025-12-17,2025-12-23,2025-12-20,,0,7,unavailable_evidence_gap,low,false
ludington_mi,smallmouth_bass,52,2025-12-24,2025-12-31,2025-12-27,,0,8,unavailable_evidence_gap,low,false
ludington_mi,freshwater_drum,1,2025-01-01,2025-01-07,2025-01-04,,0,7,unavailable_evidence_gap,low,false
ludington_mi,freshwater_drum,2,2025-01-08,2025-01-14,2025-01-11,,0,7,unavailable_evidence_gap,low,false
ludington_mi,freshwater_drum,3,2025-01-15,2025-01-21,2025-01-18,,0,7,unavailable_evidence_gap,low,false
ludington_mi,freshwater_drum,4,2025-01-22,2025-01-28,2025-01-25,,0,7,unavailable_evidence_gap,low,false
ludington_mi,freshwater_drum,5,2025-01-29,2025-02-04,2025-02-01,,0,7,unavailable_evidence_gap,low,false
ludington_mi,freshwater_drum,6,2025-02-05,2025-02-11,2025-02-08,,0,7,unavailable_evidence_gap,low,false
ludington_mi,freshwater_drum,7,2025-02-12,2025-02-18,2025-02-15,,0,7,unavailable_evidence_gap,low,false
ludington_mi,freshwater_drum,8,2025-02-19,2025-02-25,2025-02-22,,0,7,unavailable_evidence_gap,low,false
ludington_mi,freshwater_drum,9,2025-02-26,2025-03-04,2025-03-01,,0,7,unavailable_evidence_gap,low,false
ludington_mi,freshwater_drum,10,2025-03-05,2025-03-11,2025-03-08,,0,7,unavailable_evidence_gap,low,false
ludington_mi,freshwater_drum,11,2025-03-12,2025-03-18,2025-03-15,,0,7,unavailable_evidence_gap,low,false
ludington_mi,freshwater_drum,12,2025-03-19,2025-03-25,2025-03-22,,0,7,unavailable_evidence_gap,low,false
ludington_mi,freshwater_drum,13,2025-03-26,2025-04-01,2025-03-29,,0,7,unavailable_evidence_gap,low,false
ludington_mi,freshwater_drum,14,2025-04-02,2025-04-08,2025-04-05,,0,7,unavailable_evidence_gap,low,false
ludington_mi,freshwater_drum,15,2025-04-09,2025-04-15,2025-04-12,,0,7,unavailable_evidence_gap,low,false
ludington_mi,freshwater_drum,16,2025-04-16,2025-04-22,2025-04-19,,0,7,unavailable_evidence_gap,low,false
ludington_mi,freshwater_drum,17,2025-04-23,2025-04-29,2025-04-26,,0,7,unavailable_evidence_gap,low,false
ludington_mi,freshwater_drum,18,2025-04-30,2025-05-06,2025-05-03,,0,7,unavailable_evidence_gap,low,false
ludington_mi,freshwater_drum,19,2025-05-07,2025-05-13,2025-05-10,,0,7,unavailable_evidence_gap,low,false
ludington_mi,freshwater_drum,20,2025-05-14,2025-05-20,2025-05-17,,0,7,unavailable_evidence_gap,low,false
ludington_mi,freshwater_drum,21,2025-05-21,2025-05-27,2025-05-24,,0,7,unavailable_evidence_gap,low,false
ludington_mi,freshwater_drum,22,2025-05-28,2025-06-03,2025-05-31,,0,7,unavailable_evidence_gap,low,false
ludington_mi,freshwater_drum,23,2025-06-04,2025-06-10,2025-06-07,,0,7,unavailable_evidence_gap,low,false
ludington_mi,freshwater_drum,24,2025-06-11,2025-06-17,2025-06-14,,0,7,unavailable_evidence_gap,low,false
ludington_mi,freshwater_drum,25,2025-06-18,2025-06-24,2025-06-21,,0,7,unavailable_evidence_gap,low,false
ludington_mi,freshwater_drum,26,2025-06-25,2025-07-01,2025-06-28,,1,7,unavailable_evidence_gap,low,false
ludington_mi,freshwater_drum,27,2025-07-02,2025-07-08,2025-07-05,3.428571,7,7,provisional_research_only,low,false
ludington_mi,freshwater_drum,28,2025-07-09,2025-07-15,2025-07-12,4.178571,7,7,provisional_research_only,low,false
ludington_mi,freshwater_drum,29,2025-07-16,2025-07-22,2025-07-19,4.370968,7,7,provisional_research_only,low,false
ludington_mi,freshwater_drum,30,2025-07-23,2025-07-29,2025-07-26,4.145161,7,7,provisional_research_only,low,false
ludington_mi,freshwater_drum,31,2025-07-30,2025-08-05,2025-08-02,3.919355,7,7,provisional_research_only,low,false
ludington_mi,freshwater_drum,32,2025-08-06,2025-08-12,2025-08-09,3.693548,7,7,provisional_research_only,low,false
ludington_mi,freshwater_drum,33,2025-08-13,2025-08-19,2025-08-16,3.437500,7,7,provisional_research_only,low,false
ludington_mi,freshwater_drum,34,2025-08-20,2025-08-26,2025-08-23,3.000000,7,7,provisional_research_only,low,false
ludington_mi,freshwater_drum,35,2025-08-27,2025-09-02,2025-08-30,2.562500,5,7,provisional_research_only,low,false
ludington_mi,freshwater_drum,36,2025-09-03,2025-09-09,2025-09-06,,0,7,unavailable_evidence_gap,low,false
ludington_mi,freshwater_drum,37,2025-09-10,2025-09-16,2025-09-13,,0,7,unavailable_evidence_gap,low,false
ludington_mi,freshwater_drum,38,2025-09-17,2025-09-23,2025-09-20,,0,7,unavailable_evidence_gap,low,false
ludington_mi,freshwater_drum,39,2025-09-24,2025-09-30,2025-09-27,,0,7,unavailable_evidence_gap,low,false
ludington_mi,freshwater_drum,40,2025-10-01,2025-10-07,2025-10-04,,0,7,unavailable_evidence_gap,low,false
ludington_mi,freshwater_drum,41,2025-10-08,2025-10-14,2025-10-11,,0,7,unavailable_evidence_gap,low,false
ludington_mi,freshwater_drum,42,2025-10-15,2025-10-21,2025-10-18,,0,7,unavailable_evidence_gap,low,false
ludington_mi,freshwater_drum,43,2025-10-22,2025-10-28,2025-10-25,,0,7,unavailable_evidence_gap,low,false
ludington_mi,freshwater_drum,44,2025-10-29,2025-11-04,2025-11-01,,0,7,unavailable_evidence_gap,low,false
ludington_mi,freshwater_drum,45,2025-11-05,2025-11-11,2025-11-08,,0,7,unavailable_evidence_gap,low,false
ludington_mi,freshwater_drum,46,2025-11-12,2025-11-18,2025-11-15,,0,7,unavailable_evidence_gap,low,false
ludington_mi,freshwater_drum,47,2025-11-19,2025-11-25,2025-11-22,,0,7,unavailable_evidence_gap,low,false
ludington_mi,freshwater_drum,48,2025-11-26,2025-12-02,2025-11-29,,0,7,unavailable_evidence_gap,low,false
ludington_mi,freshwater_drum,49,2025-12-03,2025-12-09,2025-12-06,,0,7,unavailable_evidence_gap,low,false
ludington_mi,freshwater_drum,50,2025-12-10,2025-12-16,2025-12-13,,0,7,unavailable_evidence_gap,low,false
ludington_mi,freshwater_drum,51,2025-12-17,2025-12-23,2025-12-20,,0,7,unavailable_evidence_gap,low,false
ludington_mi,freshwater_drum,52,2025-12-24,2025-12-31,2025-12-27,,0,8,unavailable_evidence_gap,low,false
ludington_mi,yellow_perch,1,2025-01-01,2025-01-07,2025-01-04,,0,7,unavailable_evidence_gap,low,false
ludington_mi,yellow_perch,2,2025-01-08,2025-01-14,2025-01-11,,0,7,unavailable_evidence_gap,low,false
ludington_mi,yellow_perch,3,2025-01-15,2025-01-21,2025-01-18,,0,7,unavailable_evidence_gap,low,false
ludington_mi,yellow_perch,4,2025-01-22,2025-01-28,2025-01-25,,0,7,unavailable_evidence_gap,low,false
ludington_mi,yellow_perch,5,2025-01-29,2025-02-04,2025-02-01,,0,7,unavailable_evidence_gap,low,false
ludington_mi,yellow_perch,6,2025-02-05,2025-02-11,2025-02-08,,0,7,unavailable_evidence_gap,low,false
ludington_mi,yellow_perch,7,2025-02-12,2025-02-18,2025-02-15,,0,7,unavailable_evidence_gap,low,false
ludington_mi,yellow_perch,8,2025-02-19,2025-02-25,2025-02-22,,0,7,unavailable_evidence_gap,low,false
ludington_mi,yellow_perch,9,2025-02-26,2025-03-04,2025-03-01,,0,7,unavailable_evidence_gap,low,false
ludington_mi,yellow_perch,10,2025-03-05,2025-03-11,2025-03-08,,0,7,unavailable_evidence_gap,low,false
ludington_mi,yellow_perch,11,2025-03-12,2025-03-18,2025-03-15,,0,7,unavailable_evidence_gap,low,false
ludington_mi,yellow_perch,12,2025-03-19,2025-03-25,2025-03-22,,0,7,unavailable_evidence_gap,low,false
ludington_mi,yellow_perch,13,2025-03-26,2025-04-01,2025-03-29,,0,7,unavailable_evidence_gap,low,false
ludington_mi,yellow_perch,14,2025-04-02,2025-04-08,2025-04-05,,0,7,unavailable_evidence_gap,low,false
ludington_mi,yellow_perch,15,2025-04-09,2025-04-15,2025-04-12,,0,7,unavailable_evidence_gap,low,false
ludington_mi,yellow_perch,16,2025-04-16,2025-04-22,2025-04-19,,0,7,unavailable_evidence_gap,low,false
ludington_mi,yellow_perch,17,2025-04-23,2025-04-29,2025-04-26,,0,7,unavailable_evidence_gap,low,false
ludington_mi,yellow_perch,18,2025-04-30,2025-05-06,2025-05-03,,0,7,unavailable_evidence_gap,low,false
ludington_mi,yellow_perch,19,2025-05-07,2025-05-13,2025-05-10,,0,7,unavailable_evidence_gap,low,false
ludington_mi,yellow_perch,20,2025-05-14,2025-05-20,2025-05-17,,0,7,unavailable_evidence_gap,low,false
ludington_mi,yellow_perch,21,2025-05-21,2025-05-27,2025-05-24,,0,7,unavailable_evidence_gap,low,false
ludington_mi,yellow_perch,22,2025-05-28,2025-06-03,2025-05-31,,3,7,unavailable_evidence_gap,low,false
ludington_mi,yellow_perch,23,2025-06-04,2025-06-10,2025-06-07,4.142857,7,7,provisional_research_only,low,false
ludington_mi,yellow_perch,24,2025-06-11,2025-06-17,2025-06-14,4.892857,7,7,provisional_research_only,low,false
ludington_mi,yellow_perch,25,2025-06-18,2025-06-24,2025-06-21,5.200000,7,7,provisional_research_only,low,false
ludington_mi,yellow_perch,26,2025-06-25,2025-07-01,2025-06-28,5.433333,7,7,provisional_research_only,low,false
ludington_mi,yellow_perch,27,2025-07-02,2025-07-08,2025-07-05,5.666667,7,7,provisional_research_only,low,false
ludington_mi,yellow_perch,28,2025-07-09,2025-07-15,2025-07-12,5.900000,7,7,provisional_research_only,low,false
ludington_mi,yellow_perch,29,2025-07-16,2025-07-22,2025-07-19,5.548387,7,7,provisional_research_only,low,false
ludington_mi,yellow_perch,30,2025-07-23,2025-07-29,2025-07-26,4.758065,7,7,provisional_research_only,low,false
ludington_mi,yellow_perch,31,2025-07-30,2025-08-05,2025-08-02,3.967742,7,7,provisional_research_only,low,false
ludington_mi,yellow_perch,32,2025-08-06,2025-08-12,2025-08-09,3.177419,7,7,provisional_research_only,low,false
ludington_mi,yellow_perch,33,2025-08-13,2025-08-19,2025-08-16,2.468750,7,7,provisional_research_only,low,false
ludington_mi,yellow_perch,34,2025-08-20,2025-08-26,2025-08-23,2.250000,7,7,provisional_research_only,low,false
ludington_mi,yellow_perch,35,2025-08-27,2025-09-02,2025-08-30,2.031250,5,7,provisional_research_only,low,false
ludington_mi,yellow_perch,36,2025-09-03,2025-09-09,2025-09-06,,0,7,unavailable_evidence_gap,low,false
ludington_mi,yellow_perch,37,2025-09-10,2025-09-16,2025-09-13,,0,7,unavailable_evidence_gap,low,false
ludington_mi,yellow_perch,38,2025-09-17,2025-09-23,2025-09-20,,0,7,unavailable_evidence_gap,low,false
ludington_mi,yellow_perch,39,2025-09-24,2025-09-30,2025-09-27,,0,7,unavailable_evidence_gap,low,false
ludington_mi,yellow_perch,40,2025-10-01,2025-10-07,2025-10-04,,0,7,unavailable_evidence_gap,low,false
ludington_mi,yellow_perch,41,2025-10-08,2025-10-14,2025-10-11,,0,7,unavailable_evidence_gap,low,false
ludington_mi,yellow_perch,42,2025-10-15,2025-10-21,2025-10-18,,0,7,unavailable_evidence_gap,low,false
ludington_mi,yellow_perch,43,2025-10-22,2025-10-28,2025-10-25,,0,7,unavailable_evidence_gap,low,false
ludington_mi,yellow_perch,44,2025-10-29,2025-11-04,2025-11-01,,0,7,unavailable_evidence_gap,low,false
ludington_mi,yellow_perch,45,2025-11-05,2025-11-11,2025-11-08,,0,7,unavailable_evidence_gap,low,false
ludington_mi,yellow_perch,46,2025-11-12,2025-11-18,2025-11-15,,0,7,unavailable_evidence_gap,low,false
ludington_mi,yellow_perch,47,2025-11-19,2025-11-25,2025-11-22,,0,7,unavailable_evidence_gap,low,false
ludington_mi,yellow_perch,48,2025-11-26,2025-12-02,2025-11-29,,0,7,unavailable_evidence_gap,low,false
ludington_mi,yellow_perch,49,2025-12-03,2025-12-09,2025-12-06,,0,7,unavailable_evidence_gap,low,false
ludington_mi,yellow_perch,50,2025-12-10,2025-12-16,2025-12-13,,0,7,unavailable_evidence_gap,low,false
ludington_mi,yellow_perch,51,2025-12-17,2025-12-23,2025-12-20,,0,7,unavailable_evidence_gap,low,false
ludington_mi,yellow_perch,52,2025-12-24,2025-12-31,2025-12-27,,0,8,unavailable_evidence_gap,low,false
ludington_mi,lake_whitefish,1,2025-01-01,2025-01-07,2025-01-04,,0,7,unavailable_evidence_gap,insufficient_for_numeric_calibration,false
ludington_mi,lake_whitefish,2,2025-01-08,2025-01-14,2025-01-11,,0,7,unavailable_evidence_gap,insufficient_for_numeric_calibration,false
ludington_mi,lake_whitefish,3,2025-01-15,2025-01-21,2025-01-18,,0,7,unavailable_evidence_gap,insufficient_for_numeric_calibration,false
ludington_mi,lake_whitefish,4,2025-01-22,2025-01-28,2025-01-25,,0,7,unavailable_evidence_gap,insufficient_for_numeric_calibration,false
ludington_mi,lake_whitefish,5,2025-01-29,2025-02-04,2025-02-01,,0,7,unavailable_evidence_gap,insufficient_for_numeric_calibration,false
ludington_mi,lake_whitefish,6,2025-02-05,2025-02-11,2025-02-08,,0,7,unavailable_evidence_gap,insufficient_for_numeric_calibration,false
ludington_mi,lake_whitefish,7,2025-02-12,2025-02-18,2025-02-15,,0,7,unavailable_evidence_gap,insufficient_for_numeric_calibration,false
ludington_mi,lake_whitefish,8,2025-02-19,2025-02-25,2025-02-22,,0,7,unavailable_evidence_gap,insufficient_for_numeric_calibration,false
ludington_mi,lake_whitefish,9,2025-02-26,2025-03-04,2025-03-01,,0,7,unavailable_evidence_gap,insufficient_for_numeric_calibration,false
ludington_mi,lake_whitefish,10,2025-03-05,2025-03-11,2025-03-08,,0,7,unavailable_evidence_gap,insufficient_for_numeric_calibration,false
ludington_mi,lake_whitefish,11,2025-03-12,2025-03-18,2025-03-15,,0,7,unavailable_evidence_gap,insufficient_for_numeric_calibration,false
ludington_mi,lake_whitefish,12,2025-03-19,2025-03-25,2025-03-22,,0,7,unavailable_evidence_gap,insufficient_for_numeric_calibration,false
ludington_mi,lake_whitefish,13,2025-03-26,2025-04-01,2025-03-29,,0,7,unavailable_evidence_gap,insufficient_for_numeric_calibration,false
ludington_mi,lake_whitefish,14,2025-04-02,2025-04-08,2025-04-05,,0,7,unavailable_evidence_gap,insufficient_for_numeric_calibration,false
ludington_mi,lake_whitefish,15,2025-04-09,2025-04-15,2025-04-12,,0,7,unavailable_evidence_gap,insufficient_for_numeric_calibration,false
ludington_mi,lake_whitefish,16,2025-04-16,2025-04-22,2025-04-19,,0,7,unavailable_evidence_gap,insufficient_for_numeric_calibration,false
ludington_mi,lake_whitefish,17,2025-04-23,2025-04-29,2025-04-26,,0,7,unavailable_evidence_gap,insufficient_for_numeric_calibration,false
ludington_mi,lake_whitefish,18,2025-04-30,2025-05-06,2025-05-03,,0,7,unavailable_evidence_gap,insufficient_for_numeric_calibration,false
ludington_mi,lake_whitefish,19,2025-05-07,2025-05-13,2025-05-10,,0,7,unavailable_evidence_gap,insufficient_for_numeric_calibration,false
ludington_mi,lake_whitefish,20,2025-05-14,2025-05-20,2025-05-17,,0,7,unavailable_evidence_gap,insufficient_for_numeric_calibration,false
ludington_mi,lake_whitefish,21,2025-05-21,2025-05-27,2025-05-24,,0,7,unavailable_evidence_gap,insufficient_for_numeric_calibration,false
ludington_mi,lake_whitefish,22,2025-05-28,2025-06-03,2025-05-31,,0,7,unavailable_evidence_gap,insufficient_for_numeric_calibration,false
ludington_mi,lake_whitefish,23,2025-06-04,2025-06-10,2025-06-07,,0,7,unavailable_evidence_gap,insufficient_for_numeric_calibration,false
ludington_mi,lake_whitefish,24,2025-06-11,2025-06-17,2025-06-14,,0,7,unavailable_evidence_gap,insufficient_for_numeric_calibration,false
ludington_mi,lake_whitefish,25,2025-06-18,2025-06-24,2025-06-21,,0,7,unavailable_evidence_gap,insufficient_for_numeric_calibration,false
ludington_mi,lake_whitefish,26,2025-06-25,2025-07-01,2025-06-28,,0,7,unavailable_evidence_gap,insufficient_for_numeric_calibration,false
ludington_mi,lake_whitefish,27,2025-07-02,2025-07-08,2025-07-05,,0,7,unavailable_evidence_gap,insufficient_for_numeric_calibration,false
ludington_mi,lake_whitefish,28,2025-07-09,2025-07-15,2025-07-12,,0,7,unavailable_evidence_gap,insufficient_for_numeric_calibration,false
ludington_mi,lake_whitefish,29,2025-07-16,2025-07-22,2025-07-19,,0,7,unavailable_evidence_gap,insufficient_for_numeric_calibration,false
ludington_mi,lake_whitefish,30,2025-07-23,2025-07-29,2025-07-26,,0,7,unavailable_evidence_gap,insufficient_for_numeric_calibration,false
ludington_mi,lake_whitefish,31,2025-07-30,2025-08-05,2025-08-02,,0,7,unavailable_evidence_gap,insufficient_for_numeric_calibration,false
ludington_mi,lake_whitefish,32,2025-08-06,2025-08-12,2025-08-09,,0,7,unavailable_evidence_gap,insufficient_for_numeric_calibration,false
ludington_mi,lake_whitefish,33,2025-08-13,2025-08-19,2025-08-16,,0,7,unavailable_evidence_gap,insufficient_for_numeric_calibration,false
ludington_mi,lake_whitefish,34,2025-08-20,2025-08-26,2025-08-23,,0,7,unavailable_evidence_gap,insufficient_for_numeric_calibration,false
ludington_mi,lake_whitefish,35,2025-08-27,2025-09-02,2025-08-30,,0,7,unavailable_evidence_gap,insufficient_for_numeric_calibration,false
ludington_mi,lake_whitefish,36,2025-09-03,2025-09-09,2025-09-06,,0,7,unavailable_evidence_gap,insufficient_for_numeric_calibration,false
ludington_mi,lake_whitefish,37,2025-09-10,2025-09-16,2025-09-13,,0,7,unavailable_evidence_gap,insufficient_for_numeric_calibration,false
ludington_mi,lake_whitefish,38,2025-09-17,2025-09-23,2025-09-20,,0,7,unavailable_evidence_gap,insufficient_for_numeric_calibration,false
ludington_mi,lake_whitefish,39,2025-09-24,2025-09-30,2025-09-27,,0,7,unavailable_evidence_gap,insufficient_for_numeric_calibration,false
ludington_mi,lake_whitefish,40,2025-10-01,2025-10-07,2025-10-04,,0,7,unavailable_evidence_gap,insufficient_for_numeric_calibration,false
ludington_mi,lake_whitefish,41,2025-10-08,2025-10-14,2025-10-11,,0,7,unavailable_evidence_gap,insufficient_for_numeric_calibration,false
ludington_mi,lake_whitefish,42,2025-10-15,2025-10-21,2025-10-18,,0,7,unavailable_evidence_gap,insufficient_for_numeric_calibration,false
ludington_mi,lake_whitefish,43,2025-10-22,2025-10-28,2025-10-25,,0,7,unavailable_evidence_gap,insufficient_for_numeric_calibration,false
ludington_mi,lake_whitefish,44,2025-10-29,2025-11-04,2025-11-01,,0,7,unavailable_evidence_gap,insufficient_for_numeric_calibration,false
ludington_mi,lake_whitefish,45,2025-11-05,2025-11-11,2025-11-08,,0,7,unavailable_evidence_gap,insufficient_for_numeric_calibration,false
ludington_mi,lake_whitefish,46,2025-11-12,2025-11-18,2025-11-15,,0,7,unavailable_evidence_gap,insufficient_for_numeric_calibration,false
ludington_mi,lake_whitefish,47,2025-11-19,2025-11-25,2025-11-22,,0,7,unavailable_evidence_gap,insufficient_for_numeric_calibration,false
ludington_mi,lake_whitefish,48,2025-11-26,2025-12-02,2025-11-29,,0,7,unavailable_evidence_gap,insufficient_for_numeric_calibration,false
ludington_mi,lake_whitefish,49,2025-12-03,2025-12-09,2025-12-06,,0,7,unavailable_evidence_gap,insufficient_for_numeric_calibration,false
ludington_mi,lake_whitefish,50,2025-12-10,2025-12-16,2025-12-13,,0,7,unavailable_evidence_gap,insufficient_for_numeric_calibration,false
ludington_mi,lake_whitefish,51,2025-12-17,2025-12-23,2025-12-20,,0,7,unavailable_evidence_gap,insufficient_for_numeric_calibration,false
ludington_mi,lake_whitefish,52,2025-12-24,2025-12-31,2025-12-27,,0,8,unavailable_evidence_gap,insufficient_for_numeric_calibration,false
ludington_mi,round_whitefish,1,2025-01-01,2025-01-07,2025-01-04,,0,7,unavailable_evidence_gap,insufficient_for_numeric_calibration,false
ludington_mi,round_whitefish,2,2025-01-08,2025-01-14,2025-01-11,,0,7,unavailable_evidence_gap,insufficient_for_numeric_calibration,false
ludington_mi,round_whitefish,3,2025-01-15,2025-01-21,2025-01-18,,0,7,unavailable_evidence_gap,insufficient_for_numeric_calibration,false
ludington_mi,round_whitefish,4,2025-01-22,2025-01-28,2025-01-25,,0,7,unavailable_evidence_gap,insufficient_for_numeric_calibration,false
ludington_mi,round_whitefish,5,2025-01-29,2025-02-04,2025-02-01,,0,7,unavailable_evidence_gap,insufficient_for_numeric_calibration,false
ludington_mi,round_whitefish,6,2025-02-05,2025-02-11,2025-02-08,,0,7,unavailable_evidence_gap,insufficient_for_numeric_calibration,false
ludington_mi,round_whitefish,7,2025-02-12,2025-02-18,2025-02-15,,0,7,unavailable_evidence_gap,insufficient_for_numeric_calibration,false
ludington_mi,round_whitefish,8,2025-02-19,2025-02-25,2025-02-22,,0,7,unavailable_evidence_gap,insufficient_for_numeric_calibration,false
ludington_mi,round_whitefish,9,2025-02-26,2025-03-04,2025-03-01,,0,7,unavailable_evidence_gap,insufficient_for_numeric_calibration,false
ludington_mi,round_whitefish,10,2025-03-05,2025-03-11,2025-03-08,,0,7,unavailable_evidence_gap,insufficient_for_numeric_calibration,false
ludington_mi,round_whitefish,11,2025-03-12,2025-03-18,2025-03-15,,0,7,unavailable_evidence_gap,insufficient_for_numeric_calibration,false
ludington_mi,round_whitefish,12,2025-03-19,2025-03-25,2025-03-22,,0,7,unavailable_evidence_gap,insufficient_for_numeric_calibration,false
ludington_mi,round_whitefish,13,2025-03-26,2025-04-01,2025-03-29,,0,7,unavailable_evidence_gap,insufficient_for_numeric_calibration,false
ludington_mi,round_whitefish,14,2025-04-02,2025-04-08,2025-04-05,,0,7,unavailable_evidence_gap,insufficient_for_numeric_calibration,false
ludington_mi,round_whitefish,15,2025-04-09,2025-04-15,2025-04-12,,0,7,unavailable_evidence_gap,insufficient_for_numeric_calibration,false
ludington_mi,round_whitefish,16,2025-04-16,2025-04-22,2025-04-19,,0,7,unavailable_evidence_gap,insufficient_for_numeric_calibration,false
ludington_mi,round_whitefish,17,2025-04-23,2025-04-29,2025-04-26,,0,7,unavailable_evidence_gap,insufficient_for_numeric_calibration,false
ludington_mi,round_whitefish,18,2025-04-30,2025-05-06,2025-05-03,,0,7,unavailable_evidence_gap,insufficient_for_numeric_calibration,false
ludington_mi,round_whitefish,19,2025-05-07,2025-05-13,2025-05-10,,0,7,unavailable_evidence_gap,insufficient_for_numeric_calibration,false
ludington_mi,round_whitefish,20,2025-05-14,2025-05-20,2025-05-17,,0,7,unavailable_evidence_gap,insufficient_for_numeric_calibration,false
ludington_mi,round_whitefish,21,2025-05-21,2025-05-27,2025-05-24,,0,7,unavailable_evidence_gap,insufficient_for_numeric_calibration,false
ludington_mi,round_whitefish,22,2025-05-28,2025-06-03,2025-05-31,,0,7,unavailable_evidence_gap,insufficient_for_numeric_calibration,false
ludington_mi,round_whitefish,23,2025-06-04,2025-06-10,2025-06-07,,0,7,unavailable_evidence_gap,insufficient_for_numeric_calibration,false
ludington_mi,round_whitefish,24,2025-06-11,2025-06-17,2025-06-14,,0,7,unavailable_evidence_gap,insufficient_for_numeric_calibration,false
ludington_mi,round_whitefish,25,2025-06-18,2025-06-24,2025-06-21,,0,7,unavailable_evidence_gap,insufficient_for_numeric_calibration,false
ludington_mi,round_whitefish,26,2025-06-25,2025-07-01,2025-06-28,,0,7,unavailable_evidence_gap,insufficient_for_numeric_calibration,false
ludington_mi,round_whitefish,27,2025-07-02,2025-07-08,2025-07-05,,0,7,unavailable_evidence_gap,insufficient_for_numeric_calibration,false
ludington_mi,round_whitefish,28,2025-07-09,2025-07-15,2025-07-12,,0,7,unavailable_evidence_gap,insufficient_for_numeric_calibration,false
ludington_mi,round_whitefish,29,2025-07-16,2025-07-22,2025-07-19,,0,7,unavailable_evidence_gap,insufficient_for_numeric_calibration,false
ludington_mi,round_whitefish,30,2025-07-23,2025-07-29,2025-07-26,,0,7,unavailable_evidence_gap,insufficient_for_numeric_calibration,false
ludington_mi,round_whitefish,31,2025-07-30,2025-08-05,2025-08-02,,0,7,unavailable_evidence_gap,insufficient_for_numeric_calibration,false
ludington_mi,round_whitefish,32,2025-08-06,2025-08-12,2025-08-09,,0,7,unavailable_evidence_gap,insufficient_for_numeric_calibration,false
ludington_mi,round_whitefish,33,2025-08-13,2025-08-19,2025-08-16,,0,7,unavailable_evidence_gap,insufficient_for_numeric_calibration,false
ludington_mi,round_whitefish,34,2025-08-20,2025-08-26,2025-08-23,,0,7,unavailable_evidence_gap,insufficient_for_numeric_calibration,false
ludington_mi,round_whitefish,35,2025-08-27,2025-09-02,2025-08-30,,0,7,unavailable_evidence_gap,insufficient_for_numeric_calibration,false
ludington_mi,round_whitefish,36,2025-09-03,2025-09-09,2025-09-06,,0,7,unavailable_evidence_gap,insufficient_for_numeric_calibration,false
ludington_mi,round_whitefish,37,2025-09-10,2025-09-16,2025-09-13,,0,7,unavailable_evidence_gap,insufficient_for_numeric_calibration,false
ludington_mi,round_whitefish,38,2025-09-17,2025-09-23,2025-09-20,,0,7,unavailable_evidence_gap,insufficient_for_numeric_calibration,false
ludington_mi,round_whitefish,39,2025-09-24,2025-09-30,2025-09-27,,0,7,unavailable_evidence_gap,insufficient_for_numeric_calibration,false
ludington_mi,round_whitefish,40,2025-10-01,2025-10-07,2025-10-04,,0,7,unavailable_evidence_gap,insufficient_for_numeric_calibration,false
ludington_mi,round_whitefish,41,2025-10-08,2025-10-14,2025-10-11,,0,7,unavailable_evidence_gap,insufficient_for_numeric_calibration,false
ludington_mi,round_whitefish,42,2025-10-15,2025-10-21,2025-10-18,,0,7,unavailable_evidence_gap,insufficient_for_numeric_calibration,false
ludington_mi,round_whitefish,43,2025-10-22,2025-10-28,2025-10-25,,0,7,unavailable_evidence_gap,insufficient_for_numeric_calibration,false
ludington_mi,round_whitefish,44,2025-10-29,2025-11-04,2025-11-01,,0,7,unavailable_evidence_gap,insufficient_for_numeric_calibration,false
ludington_mi,round_whitefish,45,2025-11-05,2025-11-11,2025-11-08,,0,7,unavailable_evidence_gap,insufficient_for_numeric_calibration,false
ludington_mi,round_whitefish,46,2025-11-12,2025-11-18,2025-11-15,,0,7,unavailable_evidence_gap,insufficient_for_numeric_calibration,false
ludington_mi,round_whitefish,47,2025-11-19,2025-11-25,2025-11-22,,0,7,unavailable_evidence_gap,insufficient_for_numeric_calibration,false
ludington_mi,round_whitefish,48,2025-11-26,2025-12-02,2025-11-29,,0,7,unavailable_evidence_gap,insufficient_for_numeric_calibration,false
ludington_mi,round_whitefish,49,2025-12-03,2025-12-09,2025-12-06,,0,7,unavailable_evidence_gap,insufficient_for_numeric_calibration,false
ludington_mi,round_whitefish,50,2025-12-10,2025-12-16,2025-12-13,,0,7,unavailable_evidence_gap,insufficient_for_numeric_calibration,false
ludington_mi,round_whitefish,51,2025-12-17,2025-12-23,2025-12-20,,0,7,unavailable_evidence_gap,insufficient_for_numeric_calibration,false
ludington_mi,round_whitefish,52,2025-12-24,2025-12-31,2025-12-27,,0,8,unavailable_evidence_gap,insufficient_for_numeric_calibration,false
ludington_mi,channel_catfish,1,2025-01-01,2025-01-07,2025-01-04,,0,7,unavailable_evidence_gap,insufficient_for_numeric_calibration,false
ludington_mi,channel_catfish,2,2025-01-08,2025-01-14,2025-01-11,,0,7,unavailable_evidence_gap,insufficient_for_numeric_calibration,false
ludington_mi,channel_catfish,3,2025-01-15,2025-01-21,2025-01-18,,0,7,unavailable_evidence_gap,insufficient_for_numeric_calibration,false
ludington_mi,channel_catfish,4,2025-01-22,2025-01-28,2025-01-25,,0,7,unavailable_evidence_gap,insufficient_for_numeric_calibration,false
ludington_mi,channel_catfish,5,2025-01-29,2025-02-04,2025-02-01,,0,7,unavailable_evidence_gap,insufficient_for_numeric_calibration,false
ludington_mi,channel_catfish,6,2025-02-05,2025-02-11,2025-02-08,,0,7,unavailable_evidence_gap,insufficient_for_numeric_calibration,false
ludington_mi,channel_catfish,7,2025-02-12,2025-02-18,2025-02-15,,0,7,unavailable_evidence_gap,insufficient_for_numeric_calibration,false
ludington_mi,channel_catfish,8,2025-02-19,2025-02-25,2025-02-22,,0,7,unavailable_evidence_gap,insufficient_for_numeric_calibration,false
ludington_mi,channel_catfish,9,2025-02-26,2025-03-04,2025-03-01,,0,7,unavailable_evidence_gap,insufficient_for_numeric_calibration,false
ludington_mi,channel_catfish,10,2025-03-05,2025-03-11,2025-03-08,,0,7,unavailable_evidence_gap,insufficient_for_numeric_calibration,false
ludington_mi,channel_catfish,11,2025-03-12,2025-03-18,2025-03-15,,0,7,unavailable_evidence_gap,insufficient_for_numeric_calibration,false
ludington_mi,channel_catfish,12,2025-03-19,2025-03-25,2025-03-22,,0,7,unavailable_evidence_gap,insufficient_for_numeric_calibration,false
ludington_mi,channel_catfish,13,2025-03-26,2025-04-01,2025-03-29,,0,7,unavailable_evidence_gap,insufficient_for_numeric_calibration,false
ludington_mi,channel_catfish,14,2025-04-02,2025-04-08,2025-04-05,,0,7,unavailable_evidence_gap,insufficient_for_numeric_calibration,false
ludington_mi,channel_catfish,15,2025-04-09,2025-04-15,2025-04-12,,0,7,unavailable_evidence_gap,insufficient_for_numeric_calibration,false
ludington_mi,channel_catfish,16,2025-04-16,2025-04-22,2025-04-19,,0,7,unavailable_evidence_gap,insufficient_for_numeric_calibration,false
ludington_mi,channel_catfish,17,2025-04-23,2025-04-29,2025-04-26,,0,7,unavailable_evidence_gap,insufficient_for_numeric_calibration,false
ludington_mi,channel_catfish,18,2025-04-30,2025-05-06,2025-05-03,,0,7,unavailable_evidence_gap,insufficient_for_numeric_calibration,false
ludington_mi,channel_catfish,19,2025-05-07,2025-05-13,2025-05-10,,0,7,unavailable_evidence_gap,insufficient_for_numeric_calibration,false
ludington_mi,channel_catfish,20,2025-05-14,2025-05-20,2025-05-17,,0,7,unavailable_evidence_gap,insufficient_for_numeric_calibration,false
ludington_mi,channel_catfish,21,2025-05-21,2025-05-27,2025-05-24,,0,7,unavailable_evidence_gap,insufficient_for_numeric_calibration,false
ludington_mi,channel_catfish,22,2025-05-28,2025-06-03,2025-05-31,,0,7,unavailable_evidence_gap,insufficient_for_numeric_calibration,false
ludington_mi,channel_catfish,23,2025-06-04,2025-06-10,2025-06-07,,0,7,unavailable_evidence_gap,insufficient_for_numeric_calibration,false
ludington_mi,channel_catfish,24,2025-06-11,2025-06-17,2025-06-14,,0,7,unavailable_evidence_gap,insufficient_for_numeric_calibration,false
ludington_mi,channel_catfish,25,2025-06-18,2025-06-24,2025-06-21,,0,7,unavailable_evidence_gap,insufficient_for_numeric_calibration,false
ludington_mi,channel_catfish,26,2025-06-25,2025-07-01,2025-06-28,,0,7,unavailable_evidence_gap,insufficient_for_numeric_calibration,false
ludington_mi,channel_catfish,27,2025-07-02,2025-07-08,2025-07-05,,0,7,unavailable_evidence_gap,insufficient_for_numeric_calibration,false
ludington_mi,channel_catfish,28,2025-07-09,2025-07-15,2025-07-12,,0,7,unavailable_evidence_gap,insufficient_for_numeric_calibration,false
ludington_mi,channel_catfish,29,2025-07-16,2025-07-22,2025-07-19,,0,7,unavailable_evidence_gap,insufficient_for_numeric_calibration,false
ludington_mi,channel_catfish,30,2025-07-23,2025-07-29,2025-07-26,,0,7,unavailable_evidence_gap,insufficient_for_numeric_calibration,false
ludington_mi,channel_catfish,31,2025-07-30,2025-08-05,2025-08-02,,0,7,unavailable_evidence_gap,insufficient_for_numeric_calibration,false
ludington_mi,channel_catfish,32,2025-08-06,2025-08-12,2025-08-09,,0,7,unavailable_evidence_gap,insufficient_for_numeric_calibration,false
ludington_mi,channel_catfish,33,2025-08-13,2025-08-19,2025-08-16,,0,7,unavailable_evidence_gap,insufficient_for_numeric_calibration,false
ludington_mi,channel_catfish,34,2025-08-20,2025-08-26,2025-08-23,,0,7,unavailable_evidence_gap,insufficient_for_numeric_calibration,false
ludington_mi,channel_catfish,35,2025-08-27,2025-09-02,2025-08-30,,0,7,unavailable_evidence_gap,insufficient_for_numeric_calibration,false
ludington_mi,channel_catfish,36,2025-09-03,2025-09-09,2025-09-06,,0,7,unavailable_evidence_gap,insufficient_for_numeric_calibration,false
ludington_mi,channel_catfish,37,2025-09-10,2025-09-16,2025-09-13,,0,7,unavailable_evidence_gap,insufficient_for_numeric_calibration,false
ludington_mi,channel_catfish,38,2025-09-17,2025-09-23,2025-09-20,,0,7,unavailable_evidence_gap,insufficient_for_numeric_calibration,false
ludington_mi,channel_catfish,39,2025-09-24,2025-09-30,2025-09-27,,0,7,unavailable_evidence_gap,insufficient_for_numeric_calibration,false
ludington_mi,channel_catfish,40,2025-10-01,2025-10-07,2025-10-04,,0,7,unavailable_evidence_gap,insufficient_for_numeric_calibration,false
ludington_mi,channel_catfish,41,2025-10-08,2025-10-14,2025-10-11,,0,7,unavailable_evidence_gap,insufficient_for_numeric_calibration,false
ludington_mi,channel_catfish,42,2025-10-15,2025-10-21,2025-10-18,,0,7,unavailable_evidence_gap,insufficient_for_numeric_calibration,false
ludington_mi,channel_catfish,43,2025-10-22,2025-10-28,2025-10-25,,0,7,unavailable_evidence_gap,insufficient_for_numeric_calibration,false
ludington_mi,channel_catfish,44,2025-10-29,2025-11-04,2025-11-01,,0,7,unavailable_evidence_gap,insufficient_for_numeric_calibration,false
ludington_mi,channel_catfish,45,2025-11-05,2025-11-11,2025-11-08,,0,7,unavailable_evidence_gap,insufficient_for_numeric_calibration,false
ludington_mi,channel_catfish,46,2025-11-12,2025-11-18,2025-11-15,,0,7,unavailable_evidence_gap,insufficient_for_numeric_calibration,false
ludington_mi,channel_catfish,47,2025-11-19,2025-11-25,2025-11-22,,0,7,unavailable_evidence_gap,insufficient_for_numeric_calibration,false
ludington_mi,channel_catfish,48,2025-11-26,2025-12-02,2025-11-29,,0,7,unavailable_evidence_gap,insufficient_for_numeric_calibration,false
ludington_mi,channel_catfish,49,2025-12-03,2025-12-09,2025-12-06,,0,7,unavailable_evidence_gap,insufficient_for_numeric_calibration,false
ludington_mi,channel_catfish,50,2025-12-10,2025-12-16,2025-12-13,,0,7,unavailable_evidence_gap,insufficient_for_numeric_calibration,false
ludington_mi,channel_catfish,51,2025-12-17,2025-12-23,2025-12-20,,0,7,unavailable_evidence_gap,insufficient_for_numeric_calibration,false
ludington_mi,channel_catfish,52,2025-12-24,2025-12-31,2025-12-27,,0,8,unavailable_evidence_gap,insufficient_for_numeric_calibration,false
ludington_mi,largemouth_bass,1,2025-01-01,2025-01-07,2025-01-04,,0,7,unavailable_evidence_gap,insufficient_for_numeric_calibration,false
ludington_mi,largemouth_bass,2,2025-01-08,2025-01-14,2025-01-11,,0,7,unavailable_evidence_gap,insufficient_for_numeric_calibration,false
ludington_mi,largemouth_bass,3,2025-01-15,2025-01-21,2025-01-18,,0,7,unavailable_evidence_gap,insufficient_for_numeric_calibration,false
ludington_mi,largemouth_bass,4,2025-01-22,2025-01-28,2025-01-25,,0,7,unavailable_evidence_gap,insufficient_for_numeric_calibration,false
ludington_mi,largemouth_bass,5,2025-01-29,2025-02-04,2025-02-01,,0,7,unavailable_evidence_gap,insufficient_for_numeric_calibration,false
ludington_mi,largemouth_bass,6,2025-02-05,2025-02-11,2025-02-08,,0,7,unavailable_evidence_gap,insufficient_for_numeric_calibration,false
ludington_mi,largemouth_bass,7,2025-02-12,2025-02-18,2025-02-15,,0,7,unavailable_evidence_gap,insufficient_for_numeric_calibration,false
ludington_mi,largemouth_bass,8,2025-02-19,2025-02-25,2025-02-22,,0,7,unavailable_evidence_gap,insufficient_for_numeric_calibration,false
ludington_mi,largemouth_bass,9,2025-02-26,2025-03-04,2025-03-01,,0,7,unavailable_evidence_gap,insufficient_for_numeric_calibration,false
ludington_mi,largemouth_bass,10,2025-03-05,2025-03-11,2025-03-08,,0,7,unavailable_evidence_gap,insufficient_for_numeric_calibration,false
ludington_mi,largemouth_bass,11,2025-03-12,2025-03-18,2025-03-15,,0,7,unavailable_evidence_gap,insufficient_for_numeric_calibration,false
ludington_mi,largemouth_bass,12,2025-03-19,2025-03-25,2025-03-22,,0,7,unavailable_evidence_gap,insufficient_for_numeric_calibration,false
ludington_mi,largemouth_bass,13,2025-03-26,2025-04-01,2025-03-29,,0,7,unavailable_evidence_gap,insufficient_for_numeric_calibration,false
ludington_mi,largemouth_bass,14,2025-04-02,2025-04-08,2025-04-05,,0,7,unavailable_evidence_gap,insufficient_for_numeric_calibration,false
ludington_mi,largemouth_bass,15,2025-04-09,2025-04-15,2025-04-12,,0,7,unavailable_evidence_gap,insufficient_for_numeric_calibration,false
ludington_mi,largemouth_bass,16,2025-04-16,2025-04-22,2025-04-19,,0,7,unavailable_evidence_gap,insufficient_for_numeric_calibration,false
ludington_mi,largemouth_bass,17,2025-04-23,2025-04-29,2025-04-26,,0,7,unavailable_evidence_gap,insufficient_for_numeric_calibration,false
ludington_mi,largemouth_bass,18,2025-04-30,2025-05-06,2025-05-03,,0,7,unavailable_evidence_gap,insufficient_for_numeric_calibration,false
ludington_mi,largemouth_bass,19,2025-05-07,2025-05-13,2025-05-10,,0,7,unavailable_evidence_gap,insufficient_for_numeric_calibration,false
ludington_mi,largemouth_bass,20,2025-05-14,2025-05-20,2025-05-17,,0,7,unavailable_evidence_gap,insufficient_for_numeric_calibration,false
ludington_mi,largemouth_bass,21,2025-05-21,2025-05-27,2025-05-24,,0,7,unavailable_evidence_gap,insufficient_for_numeric_calibration,false
ludington_mi,largemouth_bass,22,2025-05-28,2025-06-03,2025-05-31,,0,7,unavailable_evidence_gap,insufficient_for_numeric_calibration,false
ludington_mi,largemouth_bass,23,2025-06-04,2025-06-10,2025-06-07,,0,7,unavailable_evidence_gap,insufficient_for_numeric_calibration,false
ludington_mi,largemouth_bass,24,2025-06-11,2025-06-17,2025-06-14,,0,7,unavailable_evidence_gap,insufficient_for_numeric_calibration,false
ludington_mi,largemouth_bass,25,2025-06-18,2025-06-24,2025-06-21,,0,7,unavailable_evidence_gap,insufficient_for_numeric_calibration,false
ludington_mi,largemouth_bass,26,2025-06-25,2025-07-01,2025-06-28,,0,7,unavailable_evidence_gap,insufficient_for_numeric_calibration,false
ludington_mi,largemouth_bass,27,2025-07-02,2025-07-08,2025-07-05,,0,7,unavailable_evidence_gap,insufficient_for_numeric_calibration,false
ludington_mi,largemouth_bass,28,2025-07-09,2025-07-15,2025-07-12,,0,7,unavailable_evidence_gap,insufficient_for_numeric_calibration,false
ludington_mi,largemouth_bass,29,2025-07-16,2025-07-22,2025-07-19,,0,7,unavailable_evidence_gap,insufficient_for_numeric_calibration,false
ludington_mi,largemouth_bass,30,2025-07-23,2025-07-29,2025-07-26,,0,7,unavailable_evidence_gap,insufficient_for_numeric_calibration,false
ludington_mi,largemouth_bass,31,2025-07-30,2025-08-05,2025-08-02,,0,7,unavailable_evidence_gap,insufficient_for_numeric_calibration,false
ludington_mi,largemouth_bass,32,2025-08-06,2025-08-12,2025-08-09,,0,7,unavailable_evidence_gap,insufficient_for_numeric_calibration,false
ludington_mi,largemouth_bass,33,2025-08-13,2025-08-19,2025-08-16,,0,7,unavailable_evidence_gap,insufficient_for_numeric_calibration,false
ludington_mi,largemouth_bass,34,2025-08-20,2025-08-26,2025-08-23,,0,7,unavailable_evidence_gap,insufficient_for_numeric_calibration,false
ludington_mi,largemouth_bass,35,2025-08-27,2025-09-02,2025-08-30,,0,7,unavailable_evidence_gap,insufficient_for_numeric_calibration,false
ludington_mi,largemouth_bass,36,2025-09-03,2025-09-09,2025-09-06,,0,7,unavailable_evidence_gap,insufficient_for_numeric_calibration,false
ludington_mi,largemouth_bass,37,2025-09-10,2025-09-16,2025-09-13,,0,7,unavailable_evidence_gap,insufficient_for_numeric_calibration,false
ludington_mi,largemouth_bass,38,2025-09-17,2025-09-23,2025-09-20,,0,7,unavailable_evidence_gap,insufficient_for_numeric_calibration,false
ludington_mi,largemouth_bass,39,2025-09-24,2025-09-30,2025-09-27,,0,7,unavailable_evidence_gap,insufficient_for_numeric_calibration,false
ludington_mi,largemouth_bass,40,2025-10-01,2025-10-07,2025-10-04,,0,7,unavailable_evidence_gap,insufficient_for_numeric_calibration,false
ludington_mi,largemouth_bass,41,2025-10-08,2025-10-14,2025-10-11,,0,7,unavailable_evidence_gap,insufficient_for_numeric_calibration,false
ludington_mi,largemouth_bass,42,2025-10-15,2025-10-21,2025-10-18,,0,7,unavailable_evidence_gap,insufficient_for_numeric_calibration,false
ludington_mi,largemouth_bass,43,2025-10-22,2025-10-28,2025-10-25,,0,7,unavailable_evidence_gap,insufficient_for_numeric_calibration,false
ludington_mi,largemouth_bass,44,2025-10-29,2025-11-04,2025-11-01,,0,7,unavailable_evidence_gap,insufficient_for_numeric_calibration,false
ludington_mi,largemouth_bass,45,2025-11-05,2025-11-11,2025-11-08,,0,7,unavailable_evidence_gap,insufficient_for_numeric_calibration,false
ludington_mi,largemouth_bass,46,2025-11-12,2025-11-18,2025-11-15,,0,7,unavailable_evidence_gap,insufficient_for_numeric_calibration,false
ludington_mi,largemouth_bass,47,2025-11-19,2025-11-25,2025-11-22,,0,7,unavailable_evidence_gap,insufficient_for_numeric_calibration,false
ludington_mi,largemouth_bass,48,2025-11-26,2025-12-02,2025-11-29,,0,7,unavailable_evidence_gap,insufficient_for_numeric_calibration,false
ludington_mi,largemouth_bass,49,2025-12-03,2025-12-09,2025-12-06,,0,7,unavailable_evidence_gap,insufficient_for_numeric_calibration,false
ludington_mi,largemouth_bass,50,2025-12-10,2025-12-16,2025-12-13,,0,7,unavailable_evidence_gap,insufficient_for_numeric_calibration,false
ludington_mi,largemouth_bass,51,2025-12-17,2025-12-23,2025-12-20,,0,7,unavailable_evidence_gap,insufficient_for_numeric_calibration,false
ludington_mi,largemouth_bass,52,2025-12-24,2025-12-31,2025-12-27,,0,8,unavailable_evidence_gap,insufficient_for_numeric_calibration,false
grand_haven_mi,lake_trout,1,2025-01-01,2025-01-07,2025-01-04,,0,7,unavailable_evidence_gap,insufficient_for_numeric_calibration,false
grand_haven_mi,lake_trout,2,2025-01-08,2025-01-14,2025-01-11,,0,7,unavailable_evidence_gap,insufficient_for_numeric_calibration,false
grand_haven_mi,lake_trout,3,2025-01-15,2025-01-21,2025-01-18,,0,7,unavailable_evidence_gap,insufficient_for_numeric_calibration,false
grand_haven_mi,lake_trout,4,2025-01-22,2025-01-28,2025-01-25,,0,7,unavailable_evidence_gap,insufficient_for_numeric_calibration,false
grand_haven_mi,lake_trout,5,2025-01-29,2025-02-04,2025-02-01,,0,7,unavailable_evidence_gap,insufficient_for_numeric_calibration,false
grand_haven_mi,lake_trout,6,2025-02-05,2025-02-11,2025-02-08,,0,7,unavailable_evidence_gap,insufficient_for_numeric_calibration,false
grand_haven_mi,lake_trout,7,2025-02-12,2025-02-18,2025-02-15,,0,7,unavailable_evidence_gap,insufficient_for_numeric_calibration,false
grand_haven_mi,lake_trout,8,2025-02-19,2025-02-25,2025-02-22,,0,7,unavailable_evidence_gap,insufficient_for_numeric_calibration,false
grand_haven_mi,lake_trout,9,2025-02-26,2025-03-04,2025-03-01,,0,7,unavailable_evidence_gap,insufficient_for_numeric_calibration,false
grand_haven_mi,lake_trout,10,2025-03-05,2025-03-11,2025-03-08,,0,7,unavailable_evidence_gap,insufficient_for_numeric_calibration,false
grand_haven_mi,lake_trout,11,2025-03-12,2025-03-18,2025-03-15,,0,7,unavailable_evidence_gap,insufficient_for_numeric_calibration,false
grand_haven_mi,lake_trout,12,2025-03-19,2025-03-25,2025-03-22,,0,7,unavailable_evidence_gap,insufficient_for_numeric_calibration,false
grand_haven_mi,lake_trout,13,2025-03-26,2025-04-01,2025-03-29,,0,7,unavailable_evidence_gap,insufficient_for_numeric_calibration,false
grand_haven_mi,lake_trout,14,2025-04-02,2025-04-08,2025-04-05,,0,7,unavailable_evidence_gap,insufficient_for_numeric_calibration,false
grand_haven_mi,lake_trout,15,2025-04-09,2025-04-15,2025-04-12,,0,7,unavailable_evidence_gap,insufficient_for_numeric_calibration,false
grand_haven_mi,lake_trout,16,2025-04-16,2025-04-22,2025-04-19,,0,7,unavailable_evidence_gap,insufficient_for_numeric_calibration,false
grand_haven_mi,lake_trout,17,2025-04-23,2025-04-29,2025-04-26,,0,7,unavailable_evidence_gap,insufficient_for_numeric_calibration,false
grand_haven_mi,lake_trout,18,2025-04-30,2025-05-06,2025-05-03,,0,7,unavailable_evidence_gap,insufficient_for_numeric_calibration,false
grand_haven_mi,lake_trout,19,2025-05-07,2025-05-13,2025-05-10,,0,7,unavailable_evidence_gap,insufficient_for_numeric_calibration,false
grand_haven_mi,lake_trout,20,2025-05-14,2025-05-20,2025-05-17,,0,7,unavailable_evidence_gap,insufficient_for_numeric_calibration,false
grand_haven_mi,lake_trout,21,2025-05-21,2025-05-27,2025-05-24,,0,7,unavailable_evidence_gap,insufficient_for_numeric_calibration,false
grand_haven_mi,lake_trout,22,2025-05-28,2025-06-03,2025-05-31,,0,7,unavailable_evidence_gap,insufficient_for_numeric_calibration,false
grand_haven_mi,lake_trout,23,2025-06-04,2025-06-10,2025-06-07,,0,7,unavailable_evidence_gap,insufficient_for_numeric_calibration,false
grand_haven_mi,lake_trout,24,2025-06-11,2025-06-17,2025-06-14,,0,7,unavailable_evidence_gap,insufficient_for_numeric_calibration,false
grand_haven_mi,lake_trout,25,2025-06-18,2025-06-24,2025-06-21,,0,7,unavailable_evidence_gap,insufficient_for_numeric_calibration,false
grand_haven_mi,lake_trout,26,2025-06-25,2025-07-01,2025-06-28,,0,7,unavailable_evidence_gap,insufficient_for_numeric_calibration,false
grand_haven_mi,lake_trout,27,2025-07-02,2025-07-08,2025-07-05,,0,7,unavailable_evidence_gap,insufficient_for_numeric_calibration,false
grand_haven_mi,lake_trout,28,2025-07-09,2025-07-15,2025-07-12,,0,7,unavailable_evidence_gap,insufficient_for_numeric_calibration,false
grand_haven_mi,lake_trout,29,2025-07-16,2025-07-22,2025-07-19,,0,7,unavailable_evidence_gap,insufficient_for_numeric_calibration,false
grand_haven_mi,lake_trout,30,2025-07-23,2025-07-29,2025-07-26,,0,7,unavailable_evidence_gap,insufficient_for_numeric_calibration,false
grand_haven_mi,lake_trout,31,2025-07-30,2025-08-05,2025-08-02,,0,7,unavailable_evidence_gap,insufficient_for_numeric_calibration,false
grand_haven_mi,lake_trout,32,2025-08-06,2025-08-12,2025-08-09,,0,7,unavailable_evidence_gap,insufficient_for_numeric_calibration,false
grand_haven_mi,lake_trout,33,2025-08-13,2025-08-19,2025-08-16,,0,7,unavailable_evidence_gap,insufficient_for_numeric_calibration,false
grand_haven_mi,lake_trout,34,2025-08-20,2025-08-26,2025-08-23,,0,7,unavailable_evidence_gap,insufficient_for_numeric_calibration,false
grand_haven_mi,lake_trout,35,2025-08-27,2025-09-02,2025-08-30,,0,7,unavailable_evidence_gap,insufficient_for_numeric_calibration,false
grand_haven_mi,lake_trout,36,2025-09-03,2025-09-09,2025-09-06,,0,7,unavailable_evidence_gap,insufficient_for_numeric_calibration,false
grand_haven_mi,lake_trout,37,2025-09-10,2025-09-16,2025-09-13,,0,7,unavailable_evidence_gap,insufficient_for_numeric_calibration,false
grand_haven_mi,lake_trout,38,2025-09-17,2025-09-23,2025-09-20,,0,7,unavailable_evidence_gap,insufficient_for_numeric_calibration,false
grand_haven_mi,lake_trout,39,2025-09-24,2025-09-30,2025-09-27,,0,7,unavailable_evidence_gap,insufficient_for_numeric_calibration,false
grand_haven_mi,lake_trout,40,2025-10-01,2025-10-07,2025-10-04,,0,7,unavailable_evidence_gap,insufficient_for_numeric_calibration,false
grand_haven_mi,lake_trout,41,2025-10-08,2025-10-14,2025-10-11,,0,7,unavailable_evidence_gap,insufficient_for_numeric_calibration,false
grand_haven_mi,lake_trout,42,2025-10-15,2025-10-21,2025-10-18,,0,7,unavailable_evidence_gap,insufficient_for_numeric_calibration,false
grand_haven_mi,lake_trout,43,2025-10-22,2025-10-28,2025-10-25,,0,7,unavailable_evidence_gap,insufficient_for_numeric_calibration,false
grand_haven_mi,lake_trout,44,2025-10-29,2025-11-04,2025-11-01,,0,7,unavailable_evidence_gap,insufficient_for_numeric_calibration,false
grand_haven_mi,lake_trout,45,2025-11-05,2025-11-11,2025-11-08,,0,7,unavailable_evidence_gap,insufficient_for_numeric_calibration,false
grand_haven_mi,lake_trout,46,2025-11-12,2025-11-18,2025-11-15,,0,7,unavailable_evidence_gap,insufficient_for_numeric_calibration,false
grand_haven_mi,lake_trout,47,2025-11-19,2025-11-25,2025-11-22,,0,7,unavailable_evidence_gap,insufficient_for_numeric_calibration,false
grand_haven_mi,lake_trout,48,2025-11-26,2025-12-02,2025-11-29,,0,7,unavailable_evidence_gap,insufficient_for_numeric_calibration,false
grand_haven_mi,lake_trout,49,2025-12-03,2025-12-09,2025-12-06,,0,7,unavailable_evidence_gap,insufficient_for_numeric_calibration,false
grand_haven_mi,lake_trout,50,2025-12-10,2025-12-16,2025-12-13,,0,7,unavailable_evidence_gap,insufficient_for_numeric_calibration,false
grand_haven_mi,lake_trout,51,2025-12-17,2025-12-23,2025-12-20,,0,7,unavailable_evidence_gap,insufficient_for_numeric_calibration,false
grand_haven_mi,lake_trout,52,2025-12-24,2025-12-31,2025-12-27,,0,8,unavailable_evidence_gap,insufficient_for_numeric_calibration,false
grand_haven_mi,walleye,1,2025-01-01,2025-01-07,2025-01-04,,0,7,unavailable_evidence_gap,insufficient_for_numeric_calibration,false
grand_haven_mi,walleye,2,2025-01-08,2025-01-14,2025-01-11,,0,7,unavailable_evidence_gap,insufficient_for_numeric_calibration,false
grand_haven_mi,walleye,3,2025-01-15,2025-01-21,2025-01-18,,0,7,unavailable_evidence_gap,insufficient_for_numeric_calibration,false
grand_haven_mi,walleye,4,2025-01-22,2025-01-28,2025-01-25,,0,7,unavailable_evidence_gap,insufficient_for_numeric_calibration,false
grand_haven_mi,walleye,5,2025-01-29,2025-02-04,2025-02-01,,0,7,unavailable_evidence_gap,insufficient_for_numeric_calibration,false
grand_haven_mi,walleye,6,2025-02-05,2025-02-11,2025-02-08,,0,7,unavailable_evidence_gap,insufficient_for_numeric_calibration,false
grand_haven_mi,walleye,7,2025-02-12,2025-02-18,2025-02-15,,0,7,unavailable_evidence_gap,insufficient_for_numeric_calibration,false
grand_haven_mi,walleye,8,2025-02-19,2025-02-25,2025-02-22,,0,7,unavailable_evidence_gap,insufficient_for_numeric_calibration,false
grand_haven_mi,walleye,9,2025-02-26,2025-03-04,2025-03-01,,0,7,unavailable_evidence_gap,insufficient_for_numeric_calibration,false
grand_haven_mi,walleye,10,2025-03-05,2025-03-11,2025-03-08,,0,7,unavailable_evidence_gap,insufficient_for_numeric_calibration,false
grand_haven_mi,walleye,11,2025-03-12,2025-03-18,2025-03-15,,0,7,unavailable_evidence_gap,insufficient_for_numeric_calibration,false
grand_haven_mi,walleye,12,2025-03-19,2025-03-25,2025-03-22,,0,7,unavailable_evidence_gap,insufficient_for_numeric_calibration,false
grand_haven_mi,walleye,13,2025-03-26,2025-04-01,2025-03-29,,0,7,unavailable_evidence_gap,insufficient_for_numeric_calibration,false
grand_haven_mi,walleye,14,2025-04-02,2025-04-08,2025-04-05,,0,7,unavailable_evidence_gap,insufficient_for_numeric_calibration,false
grand_haven_mi,walleye,15,2025-04-09,2025-04-15,2025-04-12,,0,7,unavailable_evidence_gap,insufficient_for_numeric_calibration,false
grand_haven_mi,walleye,16,2025-04-16,2025-04-22,2025-04-19,,0,7,unavailable_evidence_gap,insufficient_for_numeric_calibration,false
grand_haven_mi,walleye,17,2025-04-23,2025-04-29,2025-04-26,,0,7,unavailable_evidence_gap,insufficient_for_numeric_calibration,false
grand_haven_mi,walleye,18,2025-04-30,2025-05-06,2025-05-03,,0,7,unavailable_evidence_gap,insufficient_for_numeric_calibration,false
grand_haven_mi,walleye,19,2025-05-07,2025-05-13,2025-05-10,,0,7,unavailable_evidence_gap,insufficient_for_numeric_calibration,false
grand_haven_mi,walleye,20,2025-05-14,2025-05-20,2025-05-17,,0,7,unavailable_evidence_gap,insufficient_for_numeric_calibration,false
grand_haven_mi,walleye,21,2025-05-21,2025-05-27,2025-05-24,,0,7,unavailable_evidence_gap,insufficient_for_numeric_calibration,false
grand_haven_mi,walleye,22,2025-05-28,2025-06-03,2025-05-31,,0,7,unavailable_evidence_gap,insufficient_for_numeric_calibration,false
grand_haven_mi,walleye,23,2025-06-04,2025-06-10,2025-06-07,,0,7,unavailable_evidence_gap,insufficient_for_numeric_calibration,false
grand_haven_mi,walleye,24,2025-06-11,2025-06-17,2025-06-14,,0,7,unavailable_evidence_gap,insufficient_for_numeric_calibration,false
grand_haven_mi,walleye,25,2025-06-18,2025-06-24,2025-06-21,,0,7,unavailable_evidence_gap,insufficient_for_numeric_calibration,false
grand_haven_mi,walleye,26,2025-06-25,2025-07-01,2025-06-28,,0,7,unavailable_evidence_gap,insufficient_for_numeric_calibration,false
grand_haven_mi,walleye,27,2025-07-02,2025-07-08,2025-07-05,,0,7,unavailable_evidence_gap,insufficient_for_numeric_calibration,false
grand_haven_mi,walleye,28,2025-07-09,2025-07-15,2025-07-12,,0,7,unavailable_evidence_gap,insufficient_for_numeric_calibration,false
grand_haven_mi,walleye,29,2025-07-16,2025-07-22,2025-07-19,,0,7,unavailable_evidence_gap,insufficient_for_numeric_calibration,false
grand_haven_mi,walleye,30,2025-07-23,2025-07-29,2025-07-26,,0,7,unavailable_evidence_gap,insufficient_for_numeric_calibration,false
grand_haven_mi,walleye,31,2025-07-30,2025-08-05,2025-08-02,,0,7,unavailable_evidence_gap,insufficient_for_numeric_calibration,false
grand_haven_mi,walleye,32,2025-08-06,2025-08-12,2025-08-09,,0,7,unavailable_evidence_gap,insufficient_for_numeric_calibration,false
grand_haven_mi,walleye,33,2025-08-13,2025-08-19,2025-08-16,,0,7,unavailable_evidence_gap,insufficient_for_numeric_calibration,false
grand_haven_mi,walleye,34,2025-08-20,2025-08-26,2025-08-23,,0,7,unavailable_evidence_gap,insufficient_for_numeric_calibration,false
grand_haven_mi,walleye,35,2025-08-27,2025-09-02,2025-08-30,,0,7,unavailable_evidence_gap,insufficient_for_numeric_calibration,false
grand_haven_mi,walleye,36,2025-09-03,2025-09-09,2025-09-06,,0,7,unavailable_evidence_gap,insufficient_for_numeric_calibration,false
grand_haven_mi,walleye,37,2025-09-10,2025-09-16,2025-09-13,,0,7,unavailable_evidence_gap,insufficient_for_numeric_calibration,false
grand_haven_mi,walleye,38,2025-09-17,2025-09-23,2025-09-20,,0,7,unavailable_evidence_gap,insufficient_for_numeric_calibration,false
grand_haven_mi,walleye,39,2025-09-24,2025-09-30,2025-09-27,,0,7,unavailable_evidence_gap,insufficient_for_numeric_calibration,false
grand_haven_mi,walleye,40,2025-10-01,2025-10-07,2025-10-04,,0,7,unavailable_evidence_gap,insufficient_for_numeric_calibration,false
grand_haven_mi,walleye,41,2025-10-08,2025-10-14,2025-10-11,,0,7,unavailable_evidence_gap,insufficient_for_numeric_calibration,false
grand_haven_mi,walleye,42,2025-10-15,2025-10-21,2025-10-18,,0,7,unavailable_evidence_gap,insufficient_for_numeric_calibration,false
grand_haven_mi,walleye,43,2025-10-22,2025-10-28,2025-10-25,,0,7,unavailable_evidence_gap,insufficient_for_numeric_calibration,false
grand_haven_mi,walleye,44,2025-10-29,2025-11-04,2025-11-01,,0,7,unavailable_evidence_gap,insufficient_for_numeric_calibration,false
grand_haven_mi,walleye,45,2025-11-05,2025-11-11,2025-11-08,,0,7,unavailable_evidence_gap,insufficient_for_numeric_calibration,false
grand_haven_mi,walleye,46,2025-11-12,2025-11-18,2025-11-15,,0,7,unavailable_evidence_gap,insufficient_for_numeric_calibration,false
grand_haven_mi,walleye,47,2025-11-19,2025-11-25,2025-11-22,,0,7,unavailable_evidence_gap,insufficient_for_numeric_calibration,false
grand_haven_mi,walleye,48,2025-11-26,2025-12-02,2025-11-29,,0,7,unavailable_evidence_gap,insufficient_for_numeric_calibration,false
grand_haven_mi,walleye,49,2025-12-03,2025-12-09,2025-12-06,,0,7,unavailable_evidence_gap,insufficient_for_numeric_calibration,false
grand_haven_mi,walleye,50,2025-12-10,2025-12-16,2025-12-13,,0,7,unavailable_evidence_gap,insufficient_for_numeric_calibration,false
grand_haven_mi,walleye,51,2025-12-17,2025-12-23,2025-12-20,,0,7,unavailable_evidence_gap,insufficient_for_numeric_calibration,false
grand_haven_mi,walleye,52,2025-12-24,2025-12-31,2025-12-27,,0,8,unavailable_evidence_gap,insufficient_for_numeric_calibration,false
grand_haven_mi,smallmouth_bass,1,2025-01-01,2025-01-07,2025-01-04,,0,7,unavailable_evidence_gap,low,false
grand_haven_mi,smallmouth_bass,2,2025-01-08,2025-01-14,2025-01-11,,0,7,unavailable_evidence_gap,low,false
grand_haven_mi,smallmouth_bass,3,2025-01-15,2025-01-21,2025-01-18,,0,7,unavailable_evidence_gap,low,false
grand_haven_mi,smallmouth_bass,4,2025-01-22,2025-01-28,2025-01-25,,0,7,unavailable_evidence_gap,low,false
grand_haven_mi,smallmouth_bass,5,2025-01-29,2025-02-04,2025-02-01,,0,7,unavailable_evidence_gap,low,false
grand_haven_mi,smallmouth_bass,6,2025-02-05,2025-02-11,2025-02-08,,0,7,unavailable_evidence_gap,low,false
grand_haven_mi,smallmouth_bass,7,2025-02-12,2025-02-18,2025-02-15,,0,7,unavailable_evidence_gap,low,false
grand_haven_mi,smallmouth_bass,8,2025-02-19,2025-02-25,2025-02-22,,0,7,unavailable_evidence_gap,low,false
grand_haven_mi,smallmouth_bass,9,2025-02-26,2025-03-04,2025-03-01,,0,7,unavailable_evidence_gap,low,false
grand_haven_mi,smallmouth_bass,10,2025-03-05,2025-03-11,2025-03-08,,0,7,unavailable_evidence_gap,low,false
grand_haven_mi,smallmouth_bass,11,2025-03-12,2025-03-18,2025-03-15,,0,7,unavailable_evidence_gap,low,false
grand_haven_mi,smallmouth_bass,12,2025-03-19,2025-03-25,2025-03-22,,0,7,unavailable_evidence_gap,low,false
grand_haven_mi,smallmouth_bass,13,2025-03-26,2025-04-01,2025-03-29,,0,7,unavailable_evidence_gap,low,false
grand_haven_mi,smallmouth_bass,14,2025-04-02,2025-04-08,2025-04-05,,0,7,unavailable_evidence_gap,low,false
grand_haven_mi,smallmouth_bass,15,2025-04-09,2025-04-15,2025-04-12,,0,7,unavailable_evidence_gap,low,false
grand_haven_mi,smallmouth_bass,16,2025-04-16,2025-04-22,2025-04-19,,0,7,unavailable_evidence_gap,low,false
grand_haven_mi,smallmouth_bass,17,2025-04-23,2025-04-29,2025-04-26,,0,7,unavailable_evidence_gap,low,false
grand_haven_mi,smallmouth_bass,18,2025-04-30,2025-05-06,2025-05-03,,0,7,unavailable_evidence_gap,low,false
grand_haven_mi,smallmouth_bass,19,2025-05-07,2025-05-13,2025-05-10,,0,7,unavailable_evidence_gap,low,false
grand_haven_mi,smallmouth_bass,20,2025-05-14,2025-05-20,2025-05-17,,0,7,unavailable_evidence_gap,low,false
grand_haven_mi,smallmouth_bass,21,2025-05-21,2025-05-27,2025-05-24,,0,7,unavailable_evidence_gap,low,false
grand_haven_mi,smallmouth_bass,22,2025-05-28,2025-06-03,2025-05-31,,3,7,unavailable_evidence_gap,low,false
grand_haven_mi,smallmouth_bass,23,2025-06-04,2025-06-10,2025-06-07,2.928571,7,7,provisional_research_only,low,false
grand_haven_mi,smallmouth_bass,24,2025-06-11,2025-06-17,2025-06-14,3.428571,7,7,provisional_research_only,low,false
grand_haven_mi,smallmouth_bass,25,2025-06-18,2025-06-24,2025-06-21,3.600000,7,7,provisional_research_only,low,false
grand_haven_mi,smallmouth_bass,26,2025-06-25,2025-07-01,2025-06-28,3.716667,7,7,provisional_research_only,low,false
grand_haven_mi,smallmouth_bass,27,2025-07-02,2025-07-08,2025-07-05,3.833333,7,7,provisional_research_only,low,false
grand_haven_mi,smallmouth_bass,28,2025-07-09,2025-07-15,2025-07-12,3.950000,7,7,provisional_research_only,low,false
grand_haven_mi,smallmouth_bass,29,2025-07-16,2025-07-22,2025-07-19,4.129032,7,7,provisional_research_only,low,false
grand_haven_mi,smallmouth_bass,30,2025-07-23,2025-07-29,2025-07-26,4.354839,7,7,provisional_research_only,low,false
grand_haven_mi,smallmouth_bass,31,2025-07-30,2025-08-05,2025-08-02,4.580645,7,7,provisional_research_only,low,false
grand_haven_mi,smallmouth_bass,32,2025-08-06,2025-08-12,2025-08-09,4.806452,7,7,provisional_research_only,low,false
grand_haven_mi,smallmouth_bass,33,2025-08-13,2025-08-19,2025-08-16,4.919355,7,7,provisional_research_only,low,false
grand_haven_mi,smallmouth_bass,34,2025-08-20,2025-08-26,2025-08-23,4.354839,7,7,provisional_research_only,low,false
grand_haven_mi,smallmouth_bass,35,2025-08-27,2025-09-02,2025-08-30,3.790323,7,7,provisional_research_only,low,false
grand_haven_mi,smallmouth_bass,36,2025-09-03,2025-09-09,2025-09-06,3.225806,7,7,provisional_research_only,low,false
grand_haven_mi,smallmouth_bass,37,2025-09-10,2025-09-16,2025-09-13,2.661290,7,7,provisional_research_only,low,false
grand_haven_mi,smallmouth_bass,38,2025-09-17,2025-09-23,2025-09-20,2.333333,7,7,provisional_research_only,low,false
grand_haven_mi,smallmouth_bass,39,2025-09-24,2025-09-30,2025-09-27,2.100000,7,7,provisional_research_only,low,false
grand_haven_mi,smallmouth_bass,40,2025-10-01,2025-10-07,2025-10-04,,0,7,unavailable_evidence_gap,low,false
grand_haven_mi,smallmouth_bass,41,2025-10-08,2025-10-14,2025-10-11,,0,7,unavailable_evidence_gap,low,false
grand_haven_mi,smallmouth_bass,42,2025-10-15,2025-10-21,2025-10-18,,0,7,unavailable_evidence_gap,low,false
grand_haven_mi,smallmouth_bass,43,2025-10-22,2025-10-28,2025-10-25,,0,7,unavailable_evidence_gap,low,false
grand_haven_mi,smallmouth_bass,44,2025-10-29,2025-11-04,2025-11-01,,0,7,unavailable_evidence_gap,low,false
grand_haven_mi,smallmouth_bass,45,2025-11-05,2025-11-11,2025-11-08,,0,7,unavailable_evidence_gap,low,false
grand_haven_mi,smallmouth_bass,46,2025-11-12,2025-11-18,2025-11-15,,0,7,unavailable_evidence_gap,low,false
grand_haven_mi,smallmouth_bass,47,2025-11-19,2025-11-25,2025-11-22,,0,7,unavailable_evidence_gap,low,false
grand_haven_mi,smallmouth_bass,48,2025-11-26,2025-12-02,2025-11-29,,0,7,unavailable_evidence_gap,low,false
grand_haven_mi,smallmouth_bass,49,2025-12-03,2025-12-09,2025-12-06,,0,7,unavailable_evidence_gap,low,false
grand_haven_mi,smallmouth_bass,50,2025-12-10,2025-12-16,2025-12-13,,0,7,unavailable_evidence_gap,low,false
grand_haven_mi,smallmouth_bass,51,2025-12-17,2025-12-23,2025-12-20,,0,7,unavailable_evidence_gap,low,false
grand_haven_mi,smallmouth_bass,52,2025-12-24,2025-12-31,2025-12-27,,0,8,unavailable_evidence_gap,low,false
grand_haven_mi,freshwater_drum,1,2025-01-01,2025-01-07,2025-01-04,,0,7,unavailable_evidence_gap,moderate_timing_low_magnitude,false
grand_haven_mi,freshwater_drum,2,2025-01-08,2025-01-14,2025-01-11,,0,7,unavailable_evidence_gap,moderate_timing_low_magnitude,false
grand_haven_mi,freshwater_drum,3,2025-01-15,2025-01-21,2025-01-18,,0,7,unavailable_evidence_gap,moderate_timing_low_magnitude,false
grand_haven_mi,freshwater_drum,4,2025-01-22,2025-01-28,2025-01-25,,0,7,unavailable_evidence_gap,moderate_timing_low_magnitude,false
grand_haven_mi,freshwater_drum,5,2025-01-29,2025-02-04,2025-02-01,,0,7,unavailable_evidence_gap,moderate_timing_low_magnitude,false
grand_haven_mi,freshwater_drum,6,2025-02-05,2025-02-11,2025-02-08,,0,7,unavailable_evidence_gap,moderate_timing_low_magnitude,false
grand_haven_mi,freshwater_drum,7,2025-02-12,2025-02-18,2025-02-15,,0,7,unavailable_evidence_gap,moderate_timing_low_magnitude,false
grand_haven_mi,freshwater_drum,8,2025-02-19,2025-02-25,2025-02-22,,0,7,unavailable_evidence_gap,moderate_timing_low_magnitude,false
grand_haven_mi,freshwater_drum,9,2025-02-26,2025-03-04,2025-03-01,,0,7,unavailable_evidence_gap,moderate_timing_low_magnitude,false
grand_haven_mi,freshwater_drum,10,2025-03-05,2025-03-11,2025-03-08,,0,7,unavailable_evidence_gap,moderate_timing_low_magnitude,false
grand_haven_mi,freshwater_drum,11,2025-03-12,2025-03-18,2025-03-15,,0,7,unavailable_evidence_gap,moderate_timing_low_magnitude,false
grand_haven_mi,freshwater_drum,12,2025-03-19,2025-03-25,2025-03-22,,0,7,unavailable_evidence_gap,moderate_timing_low_magnitude,false
grand_haven_mi,freshwater_drum,13,2025-03-26,2025-04-01,2025-03-29,,0,7,unavailable_evidence_gap,moderate_timing_low_magnitude,false
grand_haven_mi,freshwater_drum,14,2025-04-02,2025-04-08,2025-04-05,,0,7,unavailable_evidence_gap,moderate_timing_low_magnitude,false
grand_haven_mi,freshwater_drum,15,2025-04-09,2025-04-15,2025-04-12,,0,7,unavailable_evidence_gap,moderate_timing_low_magnitude,false
grand_haven_mi,freshwater_drum,16,2025-04-16,2025-04-22,2025-04-19,,0,7,unavailable_evidence_gap,moderate_timing_low_magnitude,false
grand_haven_mi,freshwater_drum,17,2025-04-23,2025-04-29,2025-04-26,,0,7,unavailable_evidence_gap,moderate_timing_low_magnitude,false
grand_haven_mi,freshwater_drum,18,2025-04-30,2025-05-06,2025-05-03,5.214286,6,7,provisional_research_only,moderate_timing_low_magnitude,false
grand_haven_mi,freshwater_drum,19,2025-05-07,2025-05-13,2025-05-10,5.964286,7,7,provisional_research_only,moderate_timing_low_magnitude,false
grand_haven_mi,freshwater_drum,20,2025-05-14,2025-05-20,2025-05-17,6.532258,7,7,provisional_research_only,moderate_timing_low_magnitude,false
grand_haven_mi,freshwater_drum,21,2025-05-21,2025-05-27,2025-05-24,6.645161,7,7,provisional_research_only,moderate_timing_low_magnitude,false
grand_haven_mi,freshwater_drum,22,2025-05-28,2025-06-03,2025-05-31,6.758065,7,7,provisional_research_only,moderate_timing_low_magnitude,false
grand_haven_mi,freshwater_drum,23,2025-06-04,2025-06-10,2025-06-07,6.870968,7,7,provisional_research_only,moderate_timing_low_magnitude,false
grand_haven_mi,freshwater_drum,24,2025-06-11,2025-06-17,2025-06-14,6.983871,7,7,provisional_research_only,moderate_timing_low_magnitude,false
grand_haven_mi,freshwater_drum,25,2025-06-18,2025-06-24,2025-06-21,6.900000,7,7,provisional_research_only,moderate_timing_low_magnitude,false
grand_haven_mi,freshwater_drum,26,2025-06-25,2025-07-01,2025-06-28,6.783333,7,7,provisional_research_only,moderate_timing_low_magnitude,false
grand_haven_mi,freshwater_drum,27,2025-07-02,2025-07-08,2025-07-05,6.666667,7,7,provisional_research_only,moderate_timing_low_magnitude,false
grand_haven_mi,freshwater_drum,28,2025-07-09,2025-07-15,2025-07-12,6.550000,7,7,provisional_research_only,moderate_timing_low_magnitude,false
grand_haven_mi,freshwater_drum,29,2025-07-16,2025-07-22,2025-07-19,6.500000,7,7,provisional_research_only,moderate_timing_low_magnitude,false
grand_haven_mi,freshwater_drum,30,2025-07-23,2025-07-29,2025-07-26,6.500000,7,7,provisional_research_only,moderate_timing_low_magnitude,false
grand_haven_mi,freshwater_drum,31,2025-07-30,2025-08-05,2025-08-02,6.500000,7,7,provisional_research_only,moderate_timing_low_magnitude,false
grand_haven_mi,freshwater_drum,32,2025-08-06,2025-08-12,2025-08-09,6.500000,7,7,provisional_research_only,moderate_timing_low_magnitude,false
grand_haven_mi,freshwater_drum,33,2025-08-13,2025-08-19,2025-08-16,6.435484,7,7,provisional_research_only,moderate_timing_low_magnitude,false
grand_haven_mi,freshwater_drum,34,2025-08-20,2025-08-26,2025-08-23,5.983871,7,7,provisional_research_only,moderate_timing_low_magnitude,false
grand_haven_mi,freshwater_drum,35,2025-08-27,2025-09-02,2025-08-30,5.532258,7,7,provisional_research_only,moderate_timing_low_magnitude,false
grand_haven_mi,freshwater_drum,36,2025-09-03,2025-09-09,2025-09-06,5.080645,7,7,provisional_research_only,moderate_timing_low_magnitude,false
grand_haven_mi,freshwater_drum,37,2025-09-10,2025-09-16,2025-09-13,4.629032,7,7,provisional_research_only,moderate_timing_low_magnitude,false
grand_haven_mi,freshwater_drum,38,2025-09-17,2025-09-23,2025-09-20,4.166667,7,7,provisional_research_only,moderate_timing_low_magnitude,false
grand_haven_mi,freshwater_drum,39,2025-09-24,2025-09-30,2025-09-27,3.700000,7,7,provisional_research_only,moderate_timing_low_magnitude,false
grand_haven_mi,freshwater_drum,40,2025-10-01,2025-10-07,2025-10-04,,0,7,unavailable_evidence_gap,moderate_timing_low_magnitude,false
grand_haven_mi,freshwater_drum,41,2025-10-08,2025-10-14,2025-10-11,,0,7,unavailable_evidence_gap,moderate_timing_low_magnitude,false
grand_haven_mi,freshwater_drum,42,2025-10-15,2025-10-21,2025-10-18,,0,7,unavailable_evidence_gap,moderate_timing_low_magnitude,false
grand_haven_mi,freshwater_drum,43,2025-10-22,2025-10-28,2025-10-25,,0,7,unavailable_evidence_gap,moderate_timing_low_magnitude,false
grand_haven_mi,freshwater_drum,44,2025-10-29,2025-11-04,2025-11-01,,0,7,unavailable_evidence_gap,moderate_timing_low_magnitude,false
grand_haven_mi,freshwater_drum,45,2025-11-05,2025-11-11,2025-11-08,,0,7,unavailable_evidence_gap,moderate_timing_low_magnitude,false
grand_haven_mi,freshwater_drum,46,2025-11-12,2025-11-18,2025-11-15,,0,7,unavailable_evidence_gap,moderate_timing_low_magnitude,false
grand_haven_mi,freshwater_drum,47,2025-11-19,2025-11-25,2025-11-22,,0,7,unavailable_evidence_gap,moderate_timing_low_magnitude,false
grand_haven_mi,freshwater_drum,48,2025-11-26,2025-12-02,2025-11-29,,0,7,unavailable_evidence_gap,moderate_timing_low_magnitude,false
grand_haven_mi,freshwater_drum,49,2025-12-03,2025-12-09,2025-12-06,,0,7,unavailable_evidence_gap,moderate_timing_low_magnitude,false
grand_haven_mi,freshwater_drum,50,2025-12-10,2025-12-16,2025-12-13,,0,7,unavailable_evidence_gap,moderate_timing_low_magnitude,false
grand_haven_mi,freshwater_drum,51,2025-12-17,2025-12-23,2025-12-20,,0,7,unavailable_evidence_gap,moderate_timing_low_magnitude,false
grand_haven_mi,freshwater_drum,52,2025-12-24,2025-12-31,2025-12-27,,0,8,unavailable_evidence_gap,moderate_timing_low_magnitude,false
grand_haven_mi,yellow_perch,1,2025-01-01,2025-01-07,2025-01-04,,0,7,unavailable_evidence_gap,insufficient_for_numeric_calibration,false
grand_haven_mi,yellow_perch,2,2025-01-08,2025-01-14,2025-01-11,,0,7,unavailable_evidence_gap,insufficient_for_numeric_calibration,false
grand_haven_mi,yellow_perch,3,2025-01-15,2025-01-21,2025-01-18,,0,7,unavailable_evidence_gap,insufficient_for_numeric_calibration,false
grand_haven_mi,yellow_perch,4,2025-01-22,2025-01-28,2025-01-25,,0,7,unavailable_evidence_gap,insufficient_for_numeric_calibration,false
grand_haven_mi,yellow_perch,5,2025-01-29,2025-02-04,2025-02-01,,0,7,unavailable_evidence_gap,insufficient_for_numeric_calibration,false
grand_haven_mi,yellow_perch,6,2025-02-05,2025-02-11,2025-02-08,,0,7,unavailable_evidence_gap,insufficient_for_numeric_calibration,false
grand_haven_mi,yellow_perch,7,2025-02-12,2025-02-18,2025-02-15,,0,7,unavailable_evidence_gap,insufficient_for_numeric_calibration,false
grand_haven_mi,yellow_perch,8,2025-02-19,2025-02-25,2025-02-22,,0,7,unavailable_evidence_gap,insufficient_for_numeric_calibration,false
grand_haven_mi,yellow_perch,9,2025-02-26,2025-03-04,2025-03-01,,0,7,unavailable_evidence_gap,insufficient_for_numeric_calibration,false
grand_haven_mi,yellow_perch,10,2025-03-05,2025-03-11,2025-03-08,,0,7,unavailable_evidence_gap,insufficient_for_numeric_calibration,false
grand_haven_mi,yellow_perch,11,2025-03-12,2025-03-18,2025-03-15,,0,7,unavailable_evidence_gap,insufficient_for_numeric_calibration,false
grand_haven_mi,yellow_perch,12,2025-03-19,2025-03-25,2025-03-22,,0,7,unavailable_evidence_gap,insufficient_for_numeric_calibration,false
grand_haven_mi,yellow_perch,13,2025-03-26,2025-04-01,2025-03-29,,0,7,unavailable_evidence_gap,insufficient_for_numeric_calibration,false
grand_haven_mi,yellow_perch,14,2025-04-02,2025-04-08,2025-04-05,,0,7,unavailable_evidence_gap,insufficient_for_numeric_calibration,false
grand_haven_mi,yellow_perch,15,2025-04-09,2025-04-15,2025-04-12,,0,7,unavailable_evidence_gap,insufficient_for_numeric_calibration,false
grand_haven_mi,yellow_perch,16,2025-04-16,2025-04-22,2025-04-19,,0,7,unavailable_evidence_gap,insufficient_for_numeric_calibration,false
grand_haven_mi,yellow_perch,17,2025-04-23,2025-04-29,2025-04-26,,0,7,unavailable_evidence_gap,insufficient_for_numeric_calibration,false
grand_haven_mi,yellow_perch,18,2025-04-30,2025-05-06,2025-05-03,,0,7,unavailable_evidence_gap,insufficient_for_numeric_calibration,false
grand_haven_mi,yellow_perch,19,2025-05-07,2025-05-13,2025-05-10,,0,7,unavailable_evidence_gap,insufficient_for_numeric_calibration,false
grand_haven_mi,yellow_perch,20,2025-05-14,2025-05-20,2025-05-17,,0,7,unavailable_evidence_gap,insufficient_for_numeric_calibration,false
grand_haven_mi,yellow_perch,21,2025-05-21,2025-05-27,2025-05-24,,0,7,unavailable_evidence_gap,insufficient_for_numeric_calibration,false
grand_haven_mi,yellow_perch,22,2025-05-28,2025-06-03,2025-05-31,,0,7,unavailable_evidence_gap,insufficient_for_numeric_calibration,false
grand_haven_mi,yellow_perch,23,2025-06-04,2025-06-10,2025-06-07,,0,7,unavailable_evidence_gap,insufficient_for_numeric_calibration,false
grand_haven_mi,yellow_perch,24,2025-06-11,2025-06-17,2025-06-14,,0,7,unavailable_evidence_gap,insufficient_for_numeric_calibration,false
grand_haven_mi,yellow_perch,25,2025-06-18,2025-06-24,2025-06-21,,0,7,unavailable_evidence_gap,insufficient_for_numeric_calibration,false
grand_haven_mi,yellow_perch,26,2025-06-25,2025-07-01,2025-06-28,,0,7,unavailable_evidence_gap,insufficient_for_numeric_calibration,false
grand_haven_mi,yellow_perch,27,2025-07-02,2025-07-08,2025-07-05,,0,7,unavailable_evidence_gap,insufficient_for_numeric_calibration,false
grand_haven_mi,yellow_perch,28,2025-07-09,2025-07-15,2025-07-12,,0,7,unavailable_evidence_gap,insufficient_for_numeric_calibration,false
grand_haven_mi,yellow_perch,29,2025-07-16,2025-07-22,2025-07-19,,0,7,unavailable_evidence_gap,insufficient_for_numeric_calibration,false
grand_haven_mi,yellow_perch,30,2025-07-23,2025-07-29,2025-07-26,,0,7,unavailable_evidence_gap,insufficient_for_numeric_calibration,false
grand_haven_mi,yellow_perch,31,2025-07-30,2025-08-05,2025-08-02,,0,7,unavailable_evidence_gap,insufficient_for_numeric_calibration,false
grand_haven_mi,yellow_perch,32,2025-08-06,2025-08-12,2025-08-09,,0,7,unavailable_evidence_gap,insufficient_for_numeric_calibration,false
grand_haven_mi,yellow_perch,33,2025-08-13,2025-08-19,2025-08-16,,0,7,unavailable_evidence_gap,insufficient_for_numeric_calibration,false
grand_haven_mi,yellow_perch,34,2025-08-20,2025-08-26,2025-08-23,,0,7,unavailable_evidence_gap,insufficient_for_numeric_calibration,false
grand_haven_mi,yellow_perch,35,2025-08-27,2025-09-02,2025-08-30,,0,7,unavailable_evidence_gap,insufficient_for_numeric_calibration,false
grand_haven_mi,yellow_perch,36,2025-09-03,2025-09-09,2025-09-06,,0,7,unavailable_evidence_gap,insufficient_for_numeric_calibration,false
grand_haven_mi,yellow_perch,37,2025-09-10,2025-09-16,2025-09-13,,0,7,unavailable_evidence_gap,insufficient_for_numeric_calibration,false
grand_haven_mi,yellow_perch,38,2025-09-17,2025-09-23,2025-09-20,,0,7,unavailable_evidence_gap,insufficient_for_numeric_calibration,false
grand_haven_mi,yellow_perch,39,2025-09-24,2025-09-30,2025-09-27,,0,7,unavailable_evidence_gap,insufficient_for_numeric_calibration,false
grand_haven_mi,yellow_perch,40,2025-10-01,2025-10-07,2025-10-04,,0,7,unavailable_evidence_gap,insufficient_for_numeric_calibration,false
grand_haven_mi,yellow_perch,41,2025-10-08,2025-10-14,2025-10-11,,0,7,unavailable_evidence_gap,insufficient_for_numeric_calibration,false
grand_haven_mi,yellow_perch,42,2025-10-15,2025-10-21,2025-10-18,,0,7,unavailable_evidence_gap,insufficient_for_numeric_calibration,false
grand_haven_mi,yellow_perch,43,2025-10-22,2025-10-28,2025-10-25,,0,7,unavailable_evidence_gap,insufficient_for_numeric_calibration,false
grand_haven_mi,yellow_perch,44,2025-10-29,2025-11-04,2025-11-01,,0,7,unavailable_evidence_gap,insufficient_for_numeric_calibration,false
grand_haven_mi,yellow_perch,45,2025-11-05,2025-11-11,2025-11-08,,0,7,unavailable_evidence_gap,insufficient_for_numeric_calibration,false
grand_haven_mi,yellow_perch,46,2025-11-12,2025-11-18,2025-11-15,,0,7,unavailable_evidence_gap,insufficient_for_numeric_calibration,false
grand_haven_mi,yellow_perch,47,2025-11-19,2025-11-25,2025-11-22,,0,7,unavailable_evidence_gap,insufficient_for_numeric_calibration,false
grand_haven_mi,yellow_perch,48,2025-11-26,2025-12-02,2025-11-29,,0,7,unavailable_evidence_gap,insufficient_for_numeric_calibration,false
grand_haven_mi,yellow_perch,49,2025-12-03,2025-12-09,2025-12-06,,0,7,unavailable_evidence_gap,insufficient_for_numeric_calibration,false
grand_haven_mi,yellow_perch,50,2025-12-10,2025-12-16,2025-12-13,,0,7,unavailable_evidence_gap,insufficient_for_numeric_calibration,false
grand_haven_mi,yellow_perch,51,2025-12-17,2025-12-23,2025-12-20,,0,7,unavailable_evidence_gap,insufficient_for_numeric_calibration,false
grand_haven_mi,yellow_perch,52,2025-12-24,2025-12-31,2025-12-27,,0,8,unavailable_evidence_gap,insufficient_for_numeric_calibration,false
grand_haven_mi,lake_whitefish,1,2025-01-01,2025-01-07,2025-01-04,,0,7,unavailable_evidence_gap,insufficient_for_numeric_calibration,false
grand_haven_mi,lake_whitefish,2,2025-01-08,2025-01-14,2025-01-11,,0,7,unavailable_evidence_gap,insufficient_for_numeric_calibration,false
grand_haven_mi,lake_whitefish,3,2025-01-15,2025-01-21,2025-01-18,,0,7,unavailable_evidence_gap,insufficient_for_numeric_calibration,false
grand_haven_mi,lake_whitefish,4,2025-01-22,2025-01-28,2025-01-25,,0,7,unavailable_evidence_gap,insufficient_for_numeric_calibration,false
grand_haven_mi,lake_whitefish,5,2025-01-29,2025-02-04,2025-02-01,,0,7,unavailable_evidence_gap,insufficient_for_numeric_calibration,false
grand_haven_mi,lake_whitefish,6,2025-02-05,2025-02-11,2025-02-08,,0,7,unavailable_evidence_gap,insufficient_for_numeric_calibration,false
grand_haven_mi,lake_whitefish,7,2025-02-12,2025-02-18,2025-02-15,,0,7,unavailable_evidence_gap,insufficient_for_numeric_calibration,false
grand_haven_mi,lake_whitefish,8,2025-02-19,2025-02-25,2025-02-22,,0,7,unavailable_evidence_gap,insufficient_for_numeric_calibration,false
grand_haven_mi,lake_whitefish,9,2025-02-26,2025-03-04,2025-03-01,,0,7,unavailable_evidence_gap,insufficient_for_numeric_calibration,false
grand_haven_mi,lake_whitefish,10,2025-03-05,2025-03-11,2025-03-08,,0,7,unavailable_evidence_gap,insufficient_for_numeric_calibration,false
grand_haven_mi,lake_whitefish,11,2025-03-12,2025-03-18,2025-03-15,,0,7,unavailable_evidence_gap,insufficient_for_numeric_calibration,false
grand_haven_mi,lake_whitefish,12,2025-03-19,2025-03-25,2025-03-22,,0,7,unavailable_evidence_gap,insufficient_for_numeric_calibration,false
grand_haven_mi,lake_whitefish,13,2025-03-26,2025-04-01,2025-03-29,,0,7,unavailable_evidence_gap,insufficient_for_numeric_calibration,false
grand_haven_mi,lake_whitefish,14,2025-04-02,2025-04-08,2025-04-05,,0,7,unavailable_evidence_gap,insufficient_for_numeric_calibration,false
grand_haven_mi,lake_whitefish,15,2025-04-09,2025-04-15,2025-04-12,,0,7,unavailable_evidence_gap,insufficient_for_numeric_calibration,false
grand_haven_mi,lake_whitefish,16,2025-04-16,2025-04-22,2025-04-19,,0,7,unavailable_evidence_gap,insufficient_for_numeric_calibration,false
grand_haven_mi,lake_whitefish,17,2025-04-23,2025-04-29,2025-04-26,,0,7,unavailable_evidence_gap,insufficient_for_numeric_calibration,false
grand_haven_mi,lake_whitefish,18,2025-04-30,2025-05-06,2025-05-03,,0,7,unavailable_evidence_gap,insufficient_for_numeric_calibration,false
grand_haven_mi,lake_whitefish,19,2025-05-07,2025-05-13,2025-05-10,,0,7,unavailable_evidence_gap,insufficient_for_numeric_calibration,false
grand_haven_mi,lake_whitefish,20,2025-05-14,2025-05-20,2025-05-17,,0,7,unavailable_evidence_gap,insufficient_for_numeric_calibration,false
grand_haven_mi,lake_whitefish,21,2025-05-21,2025-05-27,2025-05-24,,0,7,unavailable_evidence_gap,insufficient_for_numeric_calibration,false
grand_haven_mi,lake_whitefish,22,2025-05-28,2025-06-03,2025-05-31,,0,7,unavailable_evidence_gap,insufficient_for_numeric_calibration,false
grand_haven_mi,lake_whitefish,23,2025-06-04,2025-06-10,2025-06-07,,0,7,unavailable_evidence_gap,insufficient_for_numeric_calibration,false
grand_haven_mi,lake_whitefish,24,2025-06-11,2025-06-17,2025-06-14,,0,7,unavailable_evidence_gap,insufficient_for_numeric_calibration,false
grand_haven_mi,lake_whitefish,25,2025-06-18,2025-06-24,2025-06-21,,0,7,unavailable_evidence_gap,insufficient_for_numeric_calibration,false
grand_haven_mi,lake_whitefish,26,2025-06-25,2025-07-01,2025-06-28,,0,7,unavailable_evidence_gap,insufficient_for_numeric_calibration,false
grand_haven_mi,lake_whitefish,27,2025-07-02,2025-07-08,2025-07-05,,0,7,unavailable_evidence_gap,insufficient_for_numeric_calibration,false
grand_haven_mi,lake_whitefish,28,2025-07-09,2025-07-15,2025-07-12,,0,7,unavailable_evidence_gap,insufficient_for_numeric_calibration,false
grand_haven_mi,lake_whitefish,29,2025-07-16,2025-07-22,2025-07-19,,0,7,unavailable_evidence_gap,insufficient_for_numeric_calibration,false
grand_haven_mi,lake_whitefish,30,2025-07-23,2025-07-29,2025-07-26,,0,7,unavailable_evidence_gap,insufficient_for_numeric_calibration,false
grand_haven_mi,lake_whitefish,31,2025-07-30,2025-08-05,2025-08-02,,0,7,unavailable_evidence_gap,insufficient_for_numeric_calibration,false
grand_haven_mi,lake_whitefish,32,2025-08-06,2025-08-12,2025-08-09,,0,7,unavailable_evidence_gap,insufficient_for_numeric_calibration,false
grand_haven_mi,lake_whitefish,33,2025-08-13,2025-08-19,2025-08-16,,0,7,unavailable_evidence_gap,insufficient_for_numeric_calibration,false
grand_haven_mi,lake_whitefish,34,2025-08-20,2025-08-26,2025-08-23,,0,7,unavailable_evidence_gap,insufficient_for_numeric_calibration,false
grand_haven_mi,lake_whitefish,35,2025-08-27,2025-09-02,2025-08-30,,0,7,unavailable_evidence_gap,insufficient_for_numeric_calibration,false
grand_haven_mi,lake_whitefish,36,2025-09-03,2025-09-09,2025-09-06,,0,7,unavailable_evidence_gap,insufficient_for_numeric_calibration,false
grand_haven_mi,lake_whitefish,37,2025-09-10,2025-09-16,2025-09-13,,0,7,unavailable_evidence_gap,insufficient_for_numeric_calibration,false
grand_haven_mi,lake_whitefish,38,2025-09-17,2025-09-23,2025-09-20,,0,7,unavailable_evidence_gap,insufficient_for_numeric_calibration,false
grand_haven_mi,lake_whitefish,39,2025-09-24,2025-09-30,2025-09-27,,0,7,unavailable_evidence_gap,insufficient_for_numeric_calibration,false
grand_haven_mi,lake_whitefish,40,2025-10-01,2025-10-07,2025-10-04,,0,7,unavailable_evidence_gap,insufficient_for_numeric_calibration,false
grand_haven_mi,lake_whitefish,41,2025-10-08,2025-10-14,2025-10-11,,0,7,unavailable_evidence_gap,insufficient_for_numeric_calibration,false
grand_haven_mi,lake_whitefish,42,2025-10-15,2025-10-21,2025-10-18,,0,7,unavailable_evidence_gap,insufficient_for_numeric_calibration,false
grand_haven_mi,lake_whitefish,43,2025-10-22,2025-10-28,2025-10-25,,0,7,unavailable_evidence_gap,insufficient_for_numeric_calibration,false
grand_haven_mi,lake_whitefish,44,2025-10-29,2025-11-04,2025-11-01,,0,7,unavailable_evidence_gap,insufficient_for_numeric_calibration,false
grand_haven_mi,lake_whitefish,45,2025-11-05,2025-11-11,2025-11-08,,0,7,unavailable_evidence_gap,insufficient_for_numeric_calibration,false
grand_haven_mi,lake_whitefish,46,2025-11-12,2025-11-18,2025-11-15,,0,7,unavailable_evidence_gap,insufficient_for_numeric_calibration,false
grand_haven_mi,lake_whitefish,47,2025-11-19,2025-11-25,2025-11-22,,0,7,unavailable_evidence_gap,insufficient_for_numeric_calibration,false
grand_haven_mi,lake_whitefish,48,2025-11-26,2025-12-02,2025-11-29,,0,7,unavailable_evidence_gap,insufficient_for_numeric_calibration,false
grand_haven_mi,lake_whitefish,49,2025-12-03,2025-12-09,2025-12-06,,0,7,unavailable_evidence_gap,insufficient_for_numeric_calibration,false
grand_haven_mi,lake_whitefish,50,2025-12-10,2025-12-16,2025-12-13,,0,7,unavailable_evidence_gap,insufficient_for_numeric_calibration,false
grand_haven_mi,lake_whitefish,51,2025-12-17,2025-12-23,2025-12-20,,0,7,unavailable_evidence_gap,insufficient_for_numeric_calibration,false
grand_haven_mi,lake_whitefish,52,2025-12-24,2025-12-31,2025-12-27,,0,8,unavailable_evidence_gap,insufficient_for_numeric_calibration,false
grand_haven_mi,round_whitefish,1,2025-01-01,2025-01-07,2025-01-04,,0,7,unavailable_evidence_gap,low,false
grand_haven_mi,round_whitefish,2,2025-01-08,2025-01-14,2025-01-11,,0,7,unavailable_evidence_gap,low,false
grand_haven_mi,round_whitefish,3,2025-01-15,2025-01-21,2025-01-18,,0,7,unavailable_evidence_gap,low,false
grand_haven_mi,round_whitefish,4,2025-01-22,2025-01-28,2025-01-25,,0,7,unavailable_evidence_gap,low,false
grand_haven_mi,round_whitefish,5,2025-01-29,2025-02-04,2025-02-01,,0,7,unavailable_evidence_gap,low,false
grand_haven_mi,round_whitefish,6,2025-02-05,2025-02-11,2025-02-08,,0,7,unavailable_evidence_gap,low,false
grand_haven_mi,round_whitefish,7,2025-02-12,2025-02-18,2025-02-15,,0,7,unavailable_evidence_gap,low,false
grand_haven_mi,round_whitefish,8,2025-02-19,2025-02-25,2025-02-22,,0,7,unavailable_evidence_gap,low,false
grand_haven_mi,round_whitefish,9,2025-02-26,2025-03-04,2025-03-01,,0,7,unavailable_evidence_gap,low,false
grand_haven_mi,round_whitefish,10,2025-03-05,2025-03-11,2025-03-08,,0,7,unavailable_evidence_gap,low,false
grand_haven_mi,round_whitefish,11,2025-03-12,2025-03-18,2025-03-15,,0,7,unavailable_evidence_gap,low,false
grand_haven_mi,round_whitefish,12,2025-03-19,2025-03-25,2025-03-22,,0,7,unavailable_evidence_gap,low,false
grand_haven_mi,round_whitefish,13,2025-03-26,2025-04-01,2025-03-29,,1,7,unavailable_evidence_gap,low,false
grand_haven_mi,round_whitefish,14,2025-04-02,2025-04-08,2025-04-05,3.285714,7,7,provisional_research_only,low,false
grand_haven_mi,round_whitefish,15,2025-04-09,2025-04-15,2025-04-12,3.785714,7,7,provisional_research_only,low,false
grand_haven_mi,round_whitefish,16,2025-04-16,2025-04-22,2025-04-19,3.733333,7,7,provisional_research_only,low,false
grand_haven_mi,round_whitefish,17,2025-04-23,2025-04-29,2025-04-26,3.266667,7,7,provisional_research_only,low,false
grand_haven_mi,round_whitefish,18,2025-04-30,2025-05-06,2025-05-03,,1,7,unavailable_evidence_gap,low,false
grand_haven_mi,round_whitefish,19,2025-05-07,2025-05-13,2025-05-10,,0,7,unavailable_evidence_gap,low,false
grand_haven_mi,round_whitefish,20,2025-05-14,2025-05-20,2025-05-17,,0,7,unavailable_evidence_gap,low,false
grand_haven_mi,round_whitefish,21,2025-05-21,2025-05-27,2025-05-24,,0,7,unavailable_evidence_gap,low,false
grand_haven_mi,round_whitefish,22,2025-05-28,2025-06-03,2025-05-31,,0,7,unavailable_evidence_gap,low,false
grand_haven_mi,round_whitefish,23,2025-06-04,2025-06-10,2025-06-07,,0,7,unavailable_evidence_gap,low,false
grand_haven_mi,round_whitefish,24,2025-06-11,2025-06-17,2025-06-14,,0,7,unavailable_evidence_gap,low,false
grand_haven_mi,round_whitefish,25,2025-06-18,2025-06-24,2025-06-21,,0,7,unavailable_evidence_gap,low,false
grand_haven_mi,round_whitefish,26,2025-06-25,2025-07-01,2025-06-28,,0,7,unavailable_evidence_gap,low,false
grand_haven_mi,round_whitefish,27,2025-07-02,2025-07-08,2025-07-05,,0,7,unavailable_evidence_gap,low,false
grand_haven_mi,round_whitefish,28,2025-07-09,2025-07-15,2025-07-12,,0,7,unavailable_evidence_gap,low,false
grand_haven_mi,round_whitefish,29,2025-07-16,2025-07-22,2025-07-19,,0,7,unavailable_evidence_gap,low,false
grand_haven_mi,round_whitefish,30,2025-07-23,2025-07-29,2025-07-26,,0,7,unavailable_evidence_gap,low,false
grand_haven_mi,round_whitefish,31,2025-07-30,2025-08-05,2025-08-02,,0,7,unavailable_evidence_gap,low,false
grand_haven_mi,round_whitefish,32,2025-08-06,2025-08-12,2025-08-09,,0,7,unavailable_evidence_gap,low,false
grand_haven_mi,round_whitefish,33,2025-08-13,2025-08-19,2025-08-16,,0,7,unavailable_evidence_gap,low,false
grand_haven_mi,round_whitefish,34,2025-08-20,2025-08-26,2025-08-23,,0,7,unavailable_evidence_gap,low,false
grand_haven_mi,round_whitefish,35,2025-08-27,2025-09-02,2025-08-30,,0,7,unavailable_evidence_gap,low,false
grand_haven_mi,round_whitefish,36,2025-09-03,2025-09-09,2025-09-06,,0,7,unavailable_evidence_gap,low,false
grand_haven_mi,round_whitefish,37,2025-09-10,2025-09-16,2025-09-13,,0,7,unavailable_evidence_gap,low,false
grand_haven_mi,round_whitefish,38,2025-09-17,2025-09-23,2025-09-20,,0,7,unavailable_evidence_gap,low,false
grand_haven_mi,round_whitefish,39,2025-09-24,2025-09-30,2025-09-27,,0,7,unavailable_evidence_gap,low,false
grand_haven_mi,round_whitefish,40,2025-10-01,2025-10-07,2025-10-04,,0,7,unavailable_evidence_gap,low,false
grand_haven_mi,round_whitefish,41,2025-10-08,2025-10-14,2025-10-11,,0,7,unavailable_evidence_gap,low,false
grand_haven_mi,round_whitefish,42,2025-10-15,2025-10-21,2025-10-18,,0,7,unavailable_evidence_gap,low,false
grand_haven_mi,round_whitefish,43,2025-10-22,2025-10-28,2025-10-25,,0,7,unavailable_evidence_gap,low,false
grand_haven_mi,round_whitefish,44,2025-10-29,2025-11-04,2025-11-01,,0,7,unavailable_evidence_gap,low,false
grand_haven_mi,round_whitefish,45,2025-11-05,2025-11-11,2025-11-08,,0,7,unavailable_evidence_gap,low,false
grand_haven_mi,round_whitefish,46,2025-11-12,2025-11-18,2025-11-15,,0,7,unavailable_evidence_gap,low,false
grand_haven_mi,round_whitefish,47,2025-11-19,2025-11-25,2025-11-22,,0,7,unavailable_evidence_gap,low,false
grand_haven_mi,round_whitefish,48,2025-11-26,2025-12-02,2025-11-29,,0,7,unavailable_evidence_gap,low,false
grand_haven_mi,round_whitefish,49,2025-12-03,2025-12-09,2025-12-06,,0,7,unavailable_evidence_gap,low,false
grand_haven_mi,round_whitefish,50,2025-12-10,2025-12-16,2025-12-13,,0,7,unavailable_evidence_gap,low,false
grand_haven_mi,round_whitefish,51,2025-12-17,2025-12-23,2025-12-20,,0,7,unavailable_evidence_gap,low,false
grand_haven_mi,round_whitefish,52,2025-12-24,2025-12-31,2025-12-27,,0,8,unavailable_evidence_gap,low,false
grand_haven_mi,channel_catfish,1,2025-01-01,2025-01-07,2025-01-04,,0,7,unavailable_evidence_gap,low,false
grand_haven_mi,channel_catfish,2,2025-01-08,2025-01-14,2025-01-11,,0,7,unavailable_evidence_gap,low,false
grand_haven_mi,channel_catfish,3,2025-01-15,2025-01-21,2025-01-18,,0,7,unavailable_evidence_gap,low,false
grand_haven_mi,channel_catfish,4,2025-01-22,2025-01-28,2025-01-25,,0,7,unavailable_evidence_gap,low,false
grand_haven_mi,channel_catfish,5,2025-01-29,2025-02-04,2025-02-01,,0,7,unavailable_evidence_gap,low,false
grand_haven_mi,channel_catfish,6,2025-02-05,2025-02-11,2025-02-08,,0,7,unavailable_evidence_gap,low,false
grand_haven_mi,channel_catfish,7,2025-02-12,2025-02-18,2025-02-15,,0,7,unavailable_evidence_gap,low,false
grand_haven_mi,channel_catfish,8,2025-02-19,2025-02-25,2025-02-22,,0,7,unavailable_evidence_gap,low,false
grand_haven_mi,channel_catfish,9,2025-02-26,2025-03-04,2025-03-01,,0,7,unavailable_evidence_gap,low,false
grand_haven_mi,channel_catfish,10,2025-03-05,2025-03-11,2025-03-08,,0,7,unavailable_evidence_gap,low,false
grand_haven_mi,channel_catfish,11,2025-03-12,2025-03-18,2025-03-15,,0,7,unavailable_evidence_gap,low,false
grand_haven_mi,channel_catfish,12,2025-03-19,2025-03-25,2025-03-22,,0,7,unavailable_evidence_gap,low,false
grand_haven_mi,channel_catfish,13,2025-03-26,2025-04-01,2025-03-29,,0,7,unavailable_evidence_gap,low,false
grand_haven_mi,channel_catfish,14,2025-04-02,2025-04-08,2025-04-05,,0,7,unavailable_evidence_gap,low,false
grand_haven_mi,channel_catfish,15,2025-04-09,2025-04-15,2025-04-12,,0,7,unavailable_evidence_gap,low,false
grand_haven_mi,channel_catfish,16,2025-04-16,2025-04-22,2025-04-19,,0,7,unavailable_evidence_gap,low,false
grand_haven_mi,channel_catfish,17,2025-04-23,2025-04-29,2025-04-26,,0,7,unavailable_evidence_gap,low,false
grand_haven_mi,channel_catfish,18,2025-04-30,2025-05-06,2025-05-03,3.571429,6,7,provisional_research_only,low,false
grand_haven_mi,channel_catfish,19,2025-05-07,2025-05-13,2025-05-10,3.821429,7,7,provisional_research_only,low,false
grand_haven_mi,channel_catfish,20,2025-05-14,2025-05-20,2025-05-17,4.000000,7,7,provisional_research_only,low,false
grand_haven_mi,channel_catfish,21,2025-05-21,2025-05-27,2025-05-24,4.000000,7,7,provisional_research_only,low,false
grand_haven_mi,channel_catfish,22,2025-05-28,2025-06-03,2025-05-31,4.000000,7,7,provisional_research_only,low,false
grand_haven_mi,channel_catfish,23,2025-06-04,2025-06-10,2025-06-07,4.000000,7,7,provisional_research_only,low,false
grand_haven_mi,channel_catfish,24,2025-06-11,2025-06-17,2025-06-14,4.000000,7,7,provisional_research_only,low,false
grand_haven_mi,channel_catfish,25,2025-06-18,2025-06-24,2025-06-21,4.100000,7,7,provisional_research_only,low,false
grand_haven_mi,channel_catfish,26,2025-06-25,2025-07-01,2025-06-28,4.216667,7,7,provisional_research_only,low,false
grand_haven_mi,channel_catfish,27,2025-07-02,2025-07-08,2025-07-05,4.333333,7,7,provisional_research_only,low,false
grand_haven_mi,channel_catfish,28,2025-07-09,2025-07-15,2025-07-12,4.450000,7,7,provisional_research_only,low,false
grand_haven_mi,channel_catfish,29,2025-07-16,2025-07-22,2025-07-19,4.629032,7,7,provisional_research_only,low,false
grand_haven_mi,channel_catfish,30,2025-07-23,2025-07-29,2025-07-26,4.854839,7,7,provisional_research_only,low,false
grand_haven_mi,channel_catfish,31,2025-07-30,2025-08-05,2025-08-02,5.080645,7,7,provisional_research_only,low,false
grand_haven_mi,channel_catfish,32,2025-08-06,2025-08-12,2025-08-09,5.306452,7,7,provisional_research_only,low,false
grand_haven_mi,channel_catfish,33,2025-08-13,2025-08-19,2025-08-16,5.483871,7,7,provisional_research_only,low,false
grand_haven_mi,channel_catfish,34,2025-08-20,2025-08-26,2025-08-23,5.370968,7,7,provisional_research_only,low,false
grand_haven_mi,channel_catfish,35,2025-08-27,2025-09-02,2025-08-30,5.258065,7,7,provisional_research_only,low,false
grand_haven_mi,channel_catfish,36,2025-09-03,2025-09-09,2025-09-06,5.145161,7,7,provisional_research_only,low,false
grand_haven_mi,channel_catfish,37,2025-09-10,2025-09-16,2025-09-13,5.032258,7,7,provisional_research_only,low,false
grand_haven_mi,channel_catfish,38,2025-09-17,2025-09-23,2025-09-20,4.833333,7,7,provisional_research_only,low,false
grand_haven_mi,channel_catfish,39,2025-09-24,2025-09-30,2025-09-27,4.600000,7,7,provisional_research_only,low,false
grand_haven_mi,channel_catfish,40,2025-10-01,2025-10-07,2025-10-04,4.366667,7,7,provisional_research_only,low,false
grand_haven_mi,channel_catfish,41,2025-10-08,2025-10-14,2025-10-11,4.133333,7,7,provisional_research_only,low,false
grand_haven_mi,channel_catfish,42,2025-10-15,2025-10-21,2025-10-18,3.812500,7,7,provisional_research_only,low,false
grand_haven_mi,channel_catfish,43,2025-10-22,2025-10-28,2025-10-25,3.375000,7,7,provisional_research_only,low,false
grand_haven_mi,channel_catfish,44,2025-10-29,2025-11-04,2025-11-01,,3,7,unavailable_evidence_gap,low,false
grand_haven_mi,channel_catfish,45,2025-11-05,2025-11-11,2025-11-08,,0,7,unavailable_evidence_gap,low,false
grand_haven_mi,channel_catfish,46,2025-11-12,2025-11-18,2025-11-15,,0,7,unavailable_evidence_gap,low,false
grand_haven_mi,channel_catfish,47,2025-11-19,2025-11-25,2025-11-22,,0,7,unavailable_evidence_gap,low,false
grand_haven_mi,channel_catfish,48,2025-11-26,2025-12-02,2025-11-29,,0,7,unavailable_evidence_gap,low,false
grand_haven_mi,channel_catfish,49,2025-12-03,2025-12-09,2025-12-06,,0,7,unavailable_evidence_gap,low,false
grand_haven_mi,channel_catfish,50,2025-12-10,2025-12-16,2025-12-13,,0,7,unavailable_evidence_gap,low,false
grand_haven_mi,channel_catfish,51,2025-12-17,2025-12-23,2025-12-20,,0,7,unavailable_evidence_gap,low,false
grand_haven_mi,channel_catfish,52,2025-12-24,2025-12-31,2025-12-27,,0,8,unavailable_evidence_gap,low,false
grand_haven_mi,largemouth_bass,1,2025-01-01,2025-01-07,2025-01-04,,0,7,unavailable_evidence_gap,moderate_timing_low_magnitude,false
grand_haven_mi,largemouth_bass,2,2025-01-08,2025-01-14,2025-01-11,,0,7,unavailable_evidence_gap,moderate_timing_low_magnitude,false
grand_haven_mi,largemouth_bass,3,2025-01-15,2025-01-21,2025-01-18,,0,7,unavailable_evidence_gap,moderate_timing_low_magnitude,false
grand_haven_mi,largemouth_bass,4,2025-01-22,2025-01-28,2025-01-25,,0,7,unavailable_evidence_gap,moderate_timing_low_magnitude,false
grand_haven_mi,largemouth_bass,5,2025-01-29,2025-02-04,2025-02-01,,0,7,unavailable_evidence_gap,moderate_timing_low_magnitude,false
grand_haven_mi,largemouth_bass,6,2025-02-05,2025-02-11,2025-02-08,,0,7,unavailable_evidence_gap,moderate_timing_low_magnitude,false
grand_haven_mi,largemouth_bass,7,2025-02-12,2025-02-18,2025-02-15,,0,7,unavailable_evidence_gap,moderate_timing_low_magnitude,false
grand_haven_mi,largemouth_bass,8,2025-02-19,2025-02-25,2025-02-22,,0,7,unavailable_evidence_gap,moderate_timing_low_magnitude,false
grand_haven_mi,largemouth_bass,9,2025-02-26,2025-03-04,2025-03-01,,0,7,unavailable_evidence_gap,moderate_timing_low_magnitude,false
grand_haven_mi,largemouth_bass,10,2025-03-05,2025-03-11,2025-03-08,,0,7,unavailable_evidence_gap,moderate_timing_low_magnitude,false
grand_haven_mi,largemouth_bass,11,2025-03-12,2025-03-18,2025-03-15,,0,7,unavailable_evidence_gap,moderate_timing_low_magnitude,false
grand_haven_mi,largemouth_bass,12,2025-03-19,2025-03-25,2025-03-22,,0,7,unavailable_evidence_gap,moderate_timing_low_magnitude,false
grand_haven_mi,largemouth_bass,13,2025-03-26,2025-04-01,2025-03-29,,0,7,unavailable_evidence_gap,moderate_timing_low_magnitude,false
grand_haven_mi,largemouth_bass,14,2025-04-02,2025-04-08,2025-04-05,,0,7,unavailable_evidence_gap,moderate_timing_low_magnitude,false
grand_haven_mi,largemouth_bass,15,2025-04-09,2025-04-15,2025-04-12,,0,7,unavailable_evidence_gap,moderate_timing_low_magnitude,false
grand_haven_mi,largemouth_bass,16,2025-04-16,2025-04-22,2025-04-19,,0,7,unavailable_evidence_gap,moderate_timing_low_magnitude,false
grand_haven_mi,largemouth_bass,17,2025-04-23,2025-04-29,2025-04-26,,0,7,unavailable_evidence_gap,moderate_timing_low_magnitude,false
grand_haven_mi,largemouth_bass,18,2025-04-30,2025-05-06,2025-05-03,,0,7,unavailable_evidence_gap,moderate_timing_low_magnitude,false
grand_haven_mi,largemouth_bass,19,2025-05-07,2025-05-13,2025-05-10,,0,7,unavailable_evidence_gap,moderate_timing_low_magnitude,false
grand_haven_mi,largemouth_bass,20,2025-05-14,2025-05-20,2025-05-17,,0,7,unavailable_evidence_gap,moderate_timing_low_magnitude,false
grand_haven_mi,largemouth_bass,21,2025-05-21,2025-05-27,2025-05-24,,0,7,unavailable_evidence_gap,moderate_timing_low_magnitude,false
grand_haven_mi,largemouth_bass,22,2025-05-28,2025-06-03,2025-05-31,,3,7,unavailable_evidence_gap,moderate_timing_low_magnitude,false
grand_haven_mi,largemouth_bass,23,2025-06-04,2025-06-10,2025-06-07,3.428571,7,7,provisional_research_only,moderate_timing_low_magnitude,false
grand_haven_mi,largemouth_bass,24,2025-06-11,2025-06-17,2025-06-14,3.928571,7,7,provisional_research_only,moderate_timing_low_magnitude,false
grand_haven_mi,largemouth_bass,25,2025-06-18,2025-06-24,2025-06-21,4.200000,7,7,provisional_research_only,moderate_timing_low_magnitude,false
grand_haven_mi,largemouth_bass,26,2025-06-25,2025-07-01,2025-06-28,4.433333,7,7,provisional_research_only,moderate_timing_low_magnitude,false
grand_haven_mi,largemouth_bass,27,2025-07-02,2025-07-08,2025-07-05,4.666667,7,7,provisional_research_only,moderate_timing_low_magnitude,false
grand_haven_mi,largemouth_bass,28,2025-07-09,2025-07-15,2025-07-12,4.900000,7,7,provisional_research_only,moderate_timing_low_magnitude,false
grand_haven_mi,largemouth_bass,29,2025-07-16,2025-07-22,2025-07-19,5.193548,7,7,provisional_research_only,moderate_timing_low_magnitude,false
grand_haven_mi,largemouth_bass,30,2025-07-23,2025-07-29,2025-07-26,5.532258,7,7,provisional_research_only,moderate_timing_low_magnitude,false
grand_haven_mi,largemouth_bass,31,2025-07-30,2025-08-05,2025-08-02,5.870968,7,7,provisional_research_only,moderate_timing_low_magnitude,false
grand_haven_mi,largemouth_bass,32,2025-08-06,2025-08-12,2025-08-09,6.209677,7,7,provisional_research_only,moderate_timing_low_magnitude,false
grand_haven_mi,largemouth_bass,33,2025-08-13,2025-08-19,2025-08-16,6.403226,7,7,provisional_research_only,moderate_timing_low_magnitude,false
grand_haven_mi,largemouth_bass,34,2025-08-20,2025-08-26,2025-08-23,5.725806,7,7,provisional_research_only,moderate_timing_low_magnitude,false
grand_haven_mi,largemouth_bass,35,2025-08-27,2025-09-02,2025-08-30,5.048387,7,7,provisional_research_only,moderate_timing_low_magnitude,false
grand_haven_mi,largemouth_bass,36,2025-09-03,2025-09-09,2025-09-06,4.370968,7,7,provisional_research_only,moderate_timing_low_magnitude,false
grand_haven_mi,largemouth_bass,37,2025-09-10,2025-09-16,2025-09-13,3.693548,7,7,provisional_research_only,moderate_timing_low_magnitude,false
grand_haven_mi,largemouth_bass,38,2025-09-17,2025-09-23,2025-09-20,3.166667,7,7,provisional_research_only,moderate_timing_low_magnitude,false
grand_haven_mi,largemouth_bass,39,2025-09-24,2025-09-30,2025-09-27,2.700000,7,7,provisional_research_only,moderate_timing_low_magnitude,false
grand_haven_mi,largemouth_bass,40,2025-10-01,2025-10-07,2025-10-04,,0,7,unavailable_evidence_gap,moderate_timing_low_magnitude,false
grand_haven_mi,largemouth_bass,41,2025-10-08,2025-10-14,2025-10-11,,0,7,unavailable_evidence_gap,moderate_timing_low_magnitude,false
grand_haven_mi,largemouth_bass,42,2025-10-15,2025-10-21,2025-10-18,,0,7,unavailable_evidence_gap,moderate_timing_low_magnitude,false
grand_haven_mi,largemouth_bass,43,2025-10-22,2025-10-28,2025-10-25,,0,7,unavailable_evidence_gap,moderate_timing_low_magnitude,false
grand_haven_mi,largemouth_bass,44,2025-10-29,2025-11-04,2025-11-01,,0,7,unavailable_evidence_gap,moderate_timing_low_magnitude,false
grand_haven_mi,largemouth_bass,45,2025-11-05,2025-11-11,2025-11-08,,0,7,unavailable_evidence_gap,moderate_timing_low_magnitude,false
grand_haven_mi,largemouth_bass,46,2025-11-12,2025-11-18,2025-11-15,,0,7,unavailable_evidence_gap,moderate_timing_low_magnitude,false
grand_haven_mi,largemouth_bass,47,2025-11-19,2025-11-25,2025-11-22,,0,7,unavailable_evidence_gap,moderate_timing_low_magnitude,false
grand_haven_mi,largemouth_bass,48,2025-11-26,2025-12-02,2025-11-29,,0,7,unavailable_evidence_gap,moderate_timing_low_magnitude,false
grand_haven_mi,largemouth_bass,49,2025-12-03,2025-12-09,2025-12-06,,0,7,unavailable_evidence_gap,moderate_timing_low_magnitude,false
grand_haven_mi,largemouth_bass,50,2025-12-10,2025-12-16,2025-12-13,,0,7,unavailable_evidence_gap,moderate_timing_low_magnitude,false
grand_haven_mi,largemouth_bass,51,2025-12-17,2025-12-23,2025-12-20,,0,7,unavailable_evidence_gap,moderate_timing_low_magnitude,false
grand_haven_mi,largemouth_bass,52,2025-12-24,2025-12-31,2025-12-27,,0,8,unavailable_evidence_gap,moderate_timing_low_magnitude,false
manistee_mi,lake_trout,1,2025-01-01,2025-01-07,2025-01-04,,0,7,unavailable_evidence_gap,low,false
manistee_mi,lake_trout,2,2025-01-08,2025-01-14,2025-01-11,,0,7,unavailable_evidence_gap,low,false
manistee_mi,lake_trout,3,2025-01-15,2025-01-21,2025-01-18,,0,7,unavailable_evidence_gap,low,false
manistee_mi,lake_trout,4,2025-01-22,2025-01-28,2025-01-25,,0,7,unavailable_evidence_gap,low,false
manistee_mi,lake_trout,5,2025-01-29,2025-02-04,2025-02-01,,0,7,unavailable_evidence_gap,low,false
manistee_mi,lake_trout,6,2025-02-05,2025-02-11,2025-02-08,,0,7,unavailable_evidence_gap,low,false
manistee_mi,lake_trout,7,2025-02-12,2025-02-18,2025-02-15,,0,7,unavailable_evidence_gap,low,false
manistee_mi,lake_trout,8,2025-02-19,2025-02-25,2025-02-22,,0,7,unavailable_evidence_gap,low,false
manistee_mi,lake_trout,9,2025-02-26,2025-03-04,2025-03-01,,0,7,unavailable_evidence_gap,low,false
manistee_mi,lake_trout,10,2025-03-05,2025-03-11,2025-03-08,,0,7,unavailable_evidence_gap,low,false
manistee_mi,lake_trout,11,2025-03-12,2025-03-18,2025-03-15,,0,7,unavailable_evidence_gap,low,false
manistee_mi,lake_trout,12,2025-03-19,2025-03-25,2025-03-22,,0,7,unavailable_evidence_gap,low,false
manistee_mi,lake_trout,13,2025-03-26,2025-04-01,2025-03-29,,1,7,unavailable_evidence_gap,low,false
manistee_mi,lake_trout,14,2025-04-02,2025-04-08,2025-04-05,2.285714,7,7,provisional_research_only,low,false
manistee_mi,lake_trout,15,2025-04-09,2025-04-15,2025-04-12,2.785714,7,7,provisional_research_only,low,false
manistee_mi,lake_trout,16,2025-04-16,2025-04-22,2025-04-19,2.933333,7,7,provisional_research_only,low,false
manistee_mi,lake_trout,17,2025-04-23,2025-04-29,2025-04-26,2.816667,7,7,provisional_research_only,low,false
manistee_mi,lake_trout,18,2025-04-30,2025-05-06,2025-05-03,2.700000,7,7,provisional_research_only,low,false
manistee_mi,lake_trout,19,2025-05-07,2025-05-13,2025-05-10,2.583333,7,7,provisional_research_only,low,false
manistee_mi,lake_trout,20,2025-05-14,2025-05-20,2025-05-17,2.437500,7,7,provisional_research_only,low,false
manistee_mi,lake_trout,21,2025-05-21,2025-05-27,2025-05-24,2.218750,7,7,provisional_research_only,low,false
manistee_mi,lake_trout,22,2025-05-28,2025-06-03,2025-05-31,2.000000,4,7,provisional_research_only,low,false
manistee_mi,lake_trout,23,2025-06-04,2025-06-10,2025-06-07,,0,7,unavailable_evidence_gap,low,false
manistee_mi,lake_trout,24,2025-06-11,2025-06-17,2025-06-14,,0,7,unavailable_evidence_gap,low,false
manistee_mi,lake_trout,25,2025-06-18,2025-06-24,2025-06-21,,0,7,unavailable_evidence_gap,low,false
manistee_mi,lake_trout,26,2025-06-25,2025-07-01,2025-06-28,,0,7,unavailable_evidence_gap,low,false
manistee_mi,lake_trout,27,2025-07-02,2025-07-08,2025-07-05,,0,7,unavailable_evidence_gap,low,false
manistee_mi,lake_trout,28,2025-07-09,2025-07-15,2025-07-12,,0,7,unavailable_evidence_gap,low,false
manistee_mi,lake_trout,29,2025-07-16,2025-07-22,2025-07-19,,0,7,unavailable_evidence_gap,low,false
manistee_mi,lake_trout,30,2025-07-23,2025-07-29,2025-07-26,,0,7,unavailable_evidence_gap,low,false
manistee_mi,lake_trout,31,2025-07-30,2025-08-05,2025-08-02,,0,7,unavailable_evidence_gap,low,false
manistee_mi,lake_trout,32,2025-08-06,2025-08-12,2025-08-09,,0,7,unavailable_evidence_gap,low,false
manistee_mi,lake_trout,33,2025-08-13,2025-08-19,2025-08-16,,0,7,unavailable_evidence_gap,low,false
manistee_mi,lake_trout,34,2025-08-20,2025-08-26,2025-08-23,,0,7,unavailable_evidence_gap,low,false
manistee_mi,lake_trout,35,2025-08-27,2025-09-02,2025-08-30,,0,7,unavailable_evidence_gap,low,false
manistee_mi,lake_trout,36,2025-09-03,2025-09-09,2025-09-06,,0,7,unavailable_evidence_gap,low,false
manistee_mi,lake_trout,37,2025-09-10,2025-09-16,2025-09-13,,0,7,unavailable_evidence_gap,low,false
manistee_mi,lake_trout,38,2025-09-17,2025-09-23,2025-09-20,,0,7,unavailable_evidence_gap,low,false
manistee_mi,lake_trout,39,2025-09-24,2025-09-30,2025-09-27,,0,7,unavailable_evidence_gap,low,false
manistee_mi,lake_trout,40,2025-10-01,2025-10-07,2025-10-04,,0,7,unavailable_evidence_gap,low,false
manistee_mi,lake_trout,41,2025-10-08,2025-10-14,2025-10-11,,0,7,unavailable_evidence_gap,low,false
manistee_mi,lake_trout,42,2025-10-15,2025-10-21,2025-10-18,,0,7,unavailable_evidence_gap,low,false
manistee_mi,lake_trout,43,2025-10-22,2025-10-28,2025-10-25,,0,7,unavailable_evidence_gap,low,false
manistee_mi,lake_trout,44,2025-10-29,2025-11-04,2025-11-01,,0,7,unavailable_evidence_gap,low,false
manistee_mi,lake_trout,45,2025-11-05,2025-11-11,2025-11-08,,0,7,unavailable_evidence_gap,low,false
manistee_mi,lake_trout,46,2025-11-12,2025-11-18,2025-11-15,,0,7,unavailable_evidence_gap,low,false
manistee_mi,lake_trout,47,2025-11-19,2025-11-25,2025-11-22,,0,7,unavailable_evidence_gap,low,false
manistee_mi,lake_trout,48,2025-11-26,2025-12-02,2025-11-29,,0,7,unavailable_evidence_gap,low,false
manistee_mi,lake_trout,49,2025-12-03,2025-12-09,2025-12-06,,0,7,unavailable_evidence_gap,low,false
manistee_mi,lake_trout,50,2025-12-10,2025-12-16,2025-12-13,,0,7,unavailable_evidence_gap,low,false
manistee_mi,lake_trout,51,2025-12-17,2025-12-23,2025-12-20,,0,7,unavailable_evidence_gap,low,false
manistee_mi,lake_trout,52,2025-12-24,2025-12-31,2025-12-27,,0,8,unavailable_evidence_gap,low,false
manistee_mi,walleye,1,2025-01-01,2025-01-07,2025-01-04,,0,7,unavailable_evidence_gap,low,false
manistee_mi,walleye,2,2025-01-08,2025-01-14,2025-01-11,,0,7,unavailable_evidence_gap,low,false
manistee_mi,walleye,3,2025-01-15,2025-01-21,2025-01-18,,0,7,unavailable_evidence_gap,low,false
manistee_mi,walleye,4,2025-01-22,2025-01-28,2025-01-25,,0,7,unavailable_evidence_gap,low,false
manistee_mi,walleye,5,2025-01-29,2025-02-04,2025-02-01,,0,7,unavailable_evidence_gap,low,false
manistee_mi,walleye,6,2025-02-05,2025-02-11,2025-02-08,,0,7,unavailable_evidence_gap,low,false
manistee_mi,walleye,7,2025-02-12,2025-02-18,2025-02-15,,0,7,unavailable_evidence_gap,low,false
manistee_mi,walleye,8,2025-02-19,2025-02-25,2025-02-22,,0,7,unavailable_evidence_gap,low,false
manistee_mi,walleye,9,2025-02-26,2025-03-04,2025-03-01,,0,7,unavailable_evidence_gap,low,false
manistee_mi,walleye,10,2025-03-05,2025-03-11,2025-03-08,,0,7,unavailable_evidence_gap,low,false
manistee_mi,walleye,11,2025-03-12,2025-03-18,2025-03-15,,0,7,unavailable_evidence_gap,low,false
manistee_mi,walleye,12,2025-03-19,2025-03-25,2025-03-22,,0,7,unavailable_evidence_gap,low,false
manistee_mi,walleye,13,2025-03-26,2025-04-01,2025-03-29,,0,7,unavailable_evidence_gap,low,false
manistee_mi,walleye,14,2025-04-02,2025-04-08,2025-04-05,,0,7,unavailable_evidence_gap,low,false
manistee_mi,walleye,15,2025-04-09,2025-04-15,2025-04-12,,1,7,unavailable_evidence_gap,low,false
manistee_mi,walleye,16,2025-04-16,2025-04-22,2025-04-19,3.250000,7,7,provisional_research_only,low,false
manistee_mi,walleye,17,2025-04-23,2025-04-29,2025-04-26,3.687500,7,7,provisional_research_only,low,false
manistee_mi,walleye,18,2025-04-30,2025-05-06,2025-05-03,4.071429,7,7,provisional_research_only,low,false
manistee_mi,walleye,19,2025-05-07,2025-05-13,2025-05-10,4.321429,7,7,provisional_research_only,low,false
manistee_mi,walleye,20,2025-05-14,2025-05-20,2025-05-17,4.375000,7,7,provisional_research_only,low,false
manistee_mi,walleye,21,2025-05-21,2025-05-27,2025-05-24,3.937500,7,7,provisional_research_only,low,false
manistee_mi,walleye,22,2025-05-28,2025-06-03,2025-05-31,3.500000,4,7,provisional_research_only,low,false
manistee_mi,walleye,23,2025-06-04,2025-06-10,2025-06-07,,0,7,unavailable_evidence_gap,low,false
manistee_mi,walleye,24,2025-06-11,2025-06-17,2025-06-14,,0,7,unavailable_evidence_gap,low,false
manistee_mi,walleye,25,2025-06-18,2025-06-24,2025-06-21,,0,7,unavailable_evidence_gap,low,false
manistee_mi,walleye,26,2025-06-25,2025-07-01,2025-06-28,,0,7,unavailable_evidence_gap,low,false
manistee_mi,walleye,27,2025-07-02,2025-07-08,2025-07-05,,0,7,unavailable_evidence_gap,low,false
manistee_mi,walleye,28,2025-07-09,2025-07-15,2025-07-12,,0,7,unavailable_evidence_gap,low,false
manistee_mi,walleye,29,2025-07-16,2025-07-22,2025-07-19,,0,7,unavailable_evidence_gap,low,false
manistee_mi,walleye,30,2025-07-23,2025-07-29,2025-07-26,,0,7,unavailable_evidence_gap,low,false
manistee_mi,walleye,31,2025-07-30,2025-08-05,2025-08-02,,0,7,unavailable_evidence_gap,low,false
manistee_mi,walleye,32,2025-08-06,2025-08-12,2025-08-09,,0,7,unavailable_evidence_gap,low,false
manistee_mi,walleye,33,2025-08-13,2025-08-19,2025-08-16,,0,7,unavailable_evidence_gap,low,false
manistee_mi,walleye,34,2025-08-20,2025-08-26,2025-08-23,,0,7,unavailable_evidence_gap,low,false
manistee_mi,walleye,35,2025-08-27,2025-09-02,2025-08-30,,0,7,unavailable_evidence_gap,low,false
manistee_mi,walleye,36,2025-09-03,2025-09-09,2025-09-06,,0,7,unavailable_evidence_gap,low,false
manistee_mi,walleye,37,2025-09-10,2025-09-16,2025-09-13,,0,7,unavailable_evidence_gap,low,false
manistee_mi,walleye,38,2025-09-17,2025-09-23,2025-09-20,,0,7,unavailable_evidence_gap,low,false
manistee_mi,walleye,39,2025-09-24,2025-09-30,2025-09-27,,0,7,unavailable_evidence_gap,low,false
manistee_mi,walleye,40,2025-10-01,2025-10-07,2025-10-04,,0,7,unavailable_evidence_gap,low,false
manistee_mi,walleye,41,2025-10-08,2025-10-14,2025-10-11,,0,7,unavailable_evidence_gap,low,false
manistee_mi,walleye,42,2025-10-15,2025-10-21,2025-10-18,,0,7,unavailable_evidence_gap,low,false
manistee_mi,walleye,43,2025-10-22,2025-10-28,2025-10-25,,0,7,unavailable_evidence_gap,low,false
manistee_mi,walleye,44,2025-10-29,2025-11-04,2025-11-01,,0,7,unavailable_evidence_gap,low,false
manistee_mi,walleye,45,2025-11-05,2025-11-11,2025-11-08,,0,7,unavailable_evidence_gap,low,false
manistee_mi,walleye,46,2025-11-12,2025-11-18,2025-11-15,,0,7,unavailable_evidence_gap,low,false
manistee_mi,walleye,47,2025-11-19,2025-11-25,2025-11-22,,0,7,unavailable_evidence_gap,low,false
manistee_mi,walleye,48,2025-11-26,2025-12-02,2025-11-29,,0,7,unavailable_evidence_gap,low,false
manistee_mi,walleye,49,2025-12-03,2025-12-09,2025-12-06,,0,7,unavailable_evidence_gap,low,false
manistee_mi,walleye,50,2025-12-10,2025-12-16,2025-12-13,,0,7,unavailable_evidence_gap,low,false
manistee_mi,walleye,51,2025-12-17,2025-12-23,2025-12-20,,0,7,unavailable_evidence_gap,low,false
manistee_mi,walleye,52,2025-12-24,2025-12-31,2025-12-27,,0,8,unavailable_evidence_gap,low,false
manistee_mi,smallmouth_bass,1,2025-01-01,2025-01-07,2025-01-04,,0,7,unavailable_evidence_gap,low,false
manistee_mi,smallmouth_bass,2,2025-01-08,2025-01-14,2025-01-11,,0,7,unavailable_evidence_gap,low,false
manistee_mi,smallmouth_bass,3,2025-01-15,2025-01-21,2025-01-18,,0,7,unavailable_evidence_gap,low,false
manistee_mi,smallmouth_bass,4,2025-01-22,2025-01-28,2025-01-25,,0,7,unavailable_evidence_gap,low,false
manistee_mi,smallmouth_bass,5,2025-01-29,2025-02-04,2025-02-01,,0,7,unavailable_evidence_gap,low,false
manistee_mi,smallmouth_bass,6,2025-02-05,2025-02-11,2025-02-08,,0,7,unavailable_evidence_gap,low,false
manistee_mi,smallmouth_bass,7,2025-02-12,2025-02-18,2025-02-15,,0,7,unavailable_evidence_gap,low,false
manistee_mi,smallmouth_bass,8,2025-02-19,2025-02-25,2025-02-22,,0,7,unavailable_evidence_gap,low,false
manistee_mi,smallmouth_bass,9,2025-02-26,2025-03-04,2025-03-01,,0,7,unavailable_evidence_gap,low,false
manistee_mi,smallmouth_bass,10,2025-03-05,2025-03-11,2025-03-08,,0,7,unavailable_evidence_gap,low,false
manistee_mi,smallmouth_bass,11,2025-03-12,2025-03-18,2025-03-15,,0,7,unavailable_evidence_gap,low,false
manistee_mi,smallmouth_bass,12,2025-03-19,2025-03-25,2025-03-22,,0,7,unavailable_evidence_gap,low,false
manistee_mi,smallmouth_bass,13,2025-03-26,2025-04-01,2025-03-29,,0,7,unavailable_evidence_gap,low,false
manistee_mi,smallmouth_bass,14,2025-04-02,2025-04-08,2025-04-05,,0,7,unavailable_evidence_gap,low,false
manistee_mi,smallmouth_bass,15,2025-04-09,2025-04-15,2025-04-12,,0,7,unavailable_evidence_gap,low,false
manistee_mi,smallmouth_bass,16,2025-04-16,2025-04-22,2025-04-19,,0,7,unavailable_evidence_gap,low,false
manistee_mi,smallmouth_bass,17,2025-04-23,2025-04-29,2025-04-26,,0,7,unavailable_evidence_gap,low,false
manistee_mi,smallmouth_bass,18,2025-04-30,2025-05-06,2025-05-03,,0,7,unavailable_evidence_gap,low,false
manistee_mi,smallmouth_bass,19,2025-05-07,2025-05-13,2025-05-10,,0,7,unavailable_evidence_gap,low,false
manistee_mi,smallmouth_bass,20,2025-05-14,2025-05-20,2025-05-17,,0,7,unavailable_evidence_gap,low,false
manistee_mi,smallmouth_bass,21,2025-05-21,2025-05-27,2025-05-24,,0,7,unavailable_evidence_gap,low,false
manistee_mi,smallmouth_bass,22,2025-05-28,2025-06-03,2025-05-31,,3,7,unavailable_evidence_gap,low,false
manistee_mi,smallmouth_bass,23,2025-06-04,2025-06-10,2025-06-07,2.714286,7,7,provisional_research_only,low,false
manistee_mi,smallmouth_bass,24,2025-06-11,2025-06-17,2025-06-14,2.964286,7,7,provisional_research_only,low,false
manistee_mi,smallmouth_bass,25,2025-06-18,2025-06-24,2025-06-21,3.300000,7,7,provisional_research_only,low,false
manistee_mi,smallmouth_bass,26,2025-06-25,2025-07-01,2025-06-28,3.650000,7,7,provisional_research_only,low,false
manistee_mi,smallmouth_bass,27,2025-07-02,2025-07-08,2025-07-05,4.000000,7,7,provisional_research_only,low,false
manistee_mi,smallmouth_bass,28,2025-07-09,2025-07-15,2025-07-12,4.350000,7,7,provisional_research_only,low,false
manistee_mi,smallmouth_bass,29,2025-07-16,2025-07-22,2025-07-19,4.370968,7,7,provisional_research_only,low,false
manistee_mi,smallmouth_bass,30,2025-07-23,2025-07-29,2025-07-26,4.145161,7,7,provisional_research_only,low,false
manistee_mi,smallmouth_bass,31,2025-07-30,2025-08-05,2025-08-02,3.919355,7,7,provisional_research_only,low,false
manistee_mi,smallmouth_bass,32,2025-08-06,2025-08-12,2025-08-09,3.693548,7,7,provisional_research_only,low,false
manistee_mi,smallmouth_bass,33,2025-08-13,2025-08-19,2025-08-16,3.437500,7,7,provisional_research_only,low,false
manistee_mi,smallmouth_bass,34,2025-08-20,2025-08-26,2025-08-23,3.000000,7,7,provisional_research_only,low,false
manistee_mi,smallmouth_bass,35,2025-08-27,2025-09-02,2025-08-30,2.562500,5,7,provisional_research_only,low,false
manistee_mi,smallmouth_bass,36,2025-09-03,2025-09-09,2025-09-06,,0,7,unavailable_evidence_gap,low,false
manistee_mi,smallmouth_bass,37,2025-09-10,2025-09-16,2025-09-13,,0,7,unavailable_evidence_gap,low,false
manistee_mi,smallmouth_bass,38,2025-09-17,2025-09-23,2025-09-20,,0,7,unavailable_evidence_gap,low,false
manistee_mi,smallmouth_bass,39,2025-09-24,2025-09-30,2025-09-27,,0,7,unavailable_evidence_gap,low,false
manistee_mi,smallmouth_bass,40,2025-10-01,2025-10-07,2025-10-04,,0,7,unavailable_evidence_gap,low,false
manistee_mi,smallmouth_bass,41,2025-10-08,2025-10-14,2025-10-11,,0,7,unavailable_evidence_gap,low,false
manistee_mi,smallmouth_bass,42,2025-10-15,2025-10-21,2025-10-18,,0,7,unavailable_evidence_gap,low,false
manistee_mi,smallmouth_bass,43,2025-10-22,2025-10-28,2025-10-25,,0,7,unavailable_evidence_gap,low,false
manistee_mi,smallmouth_bass,44,2025-10-29,2025-11-04,2025-11-01,,0,7,unavailable_evidence_gap,low,false
manistee_mi,smallmouth_bass,45,2025-11-05,2025-11-11,2025-11-08,,0,7,unavailable_evidence_gap,low,false
manistee_mi,smallmouth_bass,46,2025-11-12,2025-11-18,2025-11-15,,0,7,unavailable_evidence_gap,low,false
manistee_mi,smallmouth_bass,47,2025-11-19,2025-11-25,2025-11-22,,0,7,unavailable_evidence_gap,low,false
manistee_mi,smallmouth_bass,48,2025-11-26,2025-12-02,2025-11-29,,0,7,unavailable_evidence_gap,low,false
manistee_mi,smallmouth_bass,49,2025-12-03,2025-12-09,2025-12-06,,0,7,unavailable_evidence_gap,low,false
manistee_mi,smallmouth_bass,50,2025-12-10,2025-12-16,2025-12-13,,0,7,unavailable_evidence_gap,low,false
manistee_mi,smallmouth_bass,51,2025-12-17,2025-12-23,2025-12-20,,0,7,unavailable_evidence_gap,low,false
manistee_mi,smallmouth_bass,52,2025-12-24,2025-12-31,2025-12-27,,0,8,unavailable_evidence_gap,low,false
manistee_mi,freshwater_drum,1,2025-01-01,2025-01-07,2025-01-04,,0,7,unavailable_evidence_gap,low,false
manistee_mi,freshwater_drum,2,2025-01-08,2025-01-14,2025-01-11,,0,7,unavailable_evidence_gap,low,false
manistee_mi,freshwater_drum,3,2025-01-15,2025-01-21,2025-01-18,,0,7,unavailable_evidence_gap,low,false
manistee_mi,freshwater_drum,4,2025-01-22,2025-01-28,2025-01-25,,0,7,unavailable_evidence_gap,low,false
manistee_mi,freshwater_drum,5,2025-01-29,2025-02-04,2025-02-01,,0,7,unavailable_evidence_gap,low,false
manistee_mi,freshwater_drum,6,2025-02-05,2025-02-11,2025-02-08,,0,7,unavailable_evidence_gap,low,false
manistee_mi,freshwater_drum,7,2025-02-12,2025-02-18,2025-02-15,,0,7,unavailable_evidence_gap,low,false
manistee_mi,freshwater_drum,8,2025-02-19,2025-02-25,2025-02-22,,0,7,unavailable_evidence_gap,low,false
manistee_mi,freshwater_drum,9,2025-02-26,2025-03-04,2025-03-01,,0,7,unavailable_evidence_gap,low,false
manistee_mi,freshwater_drum,10,2025-03-05,2025-03-11,2025-03-08,,0,7,unavailable_evidence_gap,low,false
manistee_mi,freshwater_drum,11,2025-03-12,2025-03-18,2025-03-15,,0,7,unavailable_evidence_gap,low,false
manistee_mi,freshwater_drum,12,2025-03-19,2025-03-25,2025-03-22,,0,7,unavailable_evidence_gap,low,false
manistee_mi,freshwater_drum,13,2025-03-26,2025-04-01,2025-03-29,,0,7,unavailable_evidence_gap,low,false
manistee_mi,freshwater_drum,14,2025-04-02,2025-04-08,2025-04-05,,0,7,unavailable_evidence_gap,low,false
manistee_mi,freshwater_drum,15,2025-04-09,2025-04-15,2025-04-12,,0,7,unavailable_evidence_gap,low,false
manistee_mi,freshwater_drum,16,2025-04-16,2025-04-22,2025-04-19,,0,7,unavailable_evidence_gap,low,false
manistee_mi,freshwater_drum,17,2025-04-23,2025-04-29,2025-04-26,,0,7,unavailable_evidence_gap,low,false
manistee_mi,freshwater_drum,18,2025-04-30,2025-05-06,2025-05-03,,0,7,unavailable_evidence_gap,low,false
manistee_mi,freshwater_drum,19,2025-05-07,2025-05-13,2025-05-10,,0,7,unavailable_evidence_gap,low,false
manistee_mi,freshwater_drum,20,2025-05-14,2025-05-20,2025-05-17,,0,7,unavailable_evidence_gap,low,false
manistee_mi,freshwater_drum,21,2025-05-21,2025-05-27,2025-05-24,,0,7,unavailable_evidence_gap,low,false
manistee_mi,freshwater_drum,22,2025-05-28,2025-06-03,2025-05-31,,3,7,unavailable_evidence_gap,low,false
manistee_mi,freshwater_drum,23,2025-06-04,2025-06-10,2025-06-07,2.928571,7,7,provisional_research_only,low,false
manistee_mi,freshwater_drum,24,2025-06-11,2025-06-17,2025-06-14,3.428571,7,7,provisional_research_only,low,false
manistee_mi,freshwater_drum,25,2025-06-18,2025-06-24,2025-06-21,3.700000,7,7,provisional_research_only,low,false
manistee_mi,freshwater_drum,26,2025-06-25,2025-07-01,2025-06-28,3.933333,7,7,provisional_research_only,low,false
manistee_mi,freshwater_drum,27,2025-07-02,2025-07-08,2025-07-05,4.166667,7,7,provisional_research_only,low,false
manistee_mi,freshwater_drum,28,2025-07-09,2025-07-15,2025-07-12,4.400000,7,7,provisional_research_only,low,false
manistee_mi,freshwater_drum,29,2025-07-16,2025-07-22,2025-07-19,4.250000,7,7,provisional_research_only,low,false
manistee_mi,freshwater_drum,30,2025-07-23,2025-07-29,2025-07-26,3.812500,7,7,provisional_research_only,low,false
manistee_mi,freshwater_drum,31,2025-07-30,2025-08-05,2025-08-02,,2,7,unavailable_evidence_gap,low,false
manistee_mi,freshwater_drum,32,2025-08-06,2025-08-12,2025-08-09,,0,7,unavailable_evidence_gap,low,false
manistee_mi,freshwater_drum,33,2025-08-13,2025-08-19,2025-08-16,,0,7,unavailable_evidence_gap,low,false
manistee_mi,freshwater_drum,34,2025-08-20,2025-08-26,2025-08-23,,0,7,unavailable_evidence_gap,low,false
manistee_mi,freshwater_drum,35,2025-08-27,2025-09-02,2025-08-30,,0,7,unavailable_evidence_gap,low,false
manistee_mi,freshwater_drum,36,2025-09-03,2025-09-09,2025-09-06,,0,7,unavailable_evidence_gap,low,false
manistee_mi,freshwater_drum,37,2025-09-10,2025-09-16,2025-09-13,,0,7,unavailable_evidence_gap,low,false
manistee_mi,freshwater_drum,38,2025-09-17,2025-09-23,2025-09-20,,0,7,unavailable_evidence_gap,low,false
manistee_mi,freshwater_drum,39,2025-09-24,2025-09-30,2025-09-27,,0,7,unavailable_evidence_gap,low,false
manistee_mi,freshwater_drum,40,2025-10-01,2025-10-07,2025-10-04,,0,7,unavailable_evidence_gap,low,false
manistee_mi,freshwater_drum,41,2025-10-08,2025-10-14,2025-10-11,,0,7,unavailable_evidence_gap,low,false
manistee_mi,freshwater_drum,42,2025-10-15,2025-10-21,2025-10-18,,0,7,unavailable_evidence_gap,low,false
manistee_mi,freshwater_drum,43,2025-10-22,2025-10-28,2025-10-25,,0,7,unavailable_evidence_gap,low,false
manistee_mi,freshwater_drum,44,2025-10-29,2025-11-04,2025-11-01,,0,7,unavailable_evidence_gap,low,false
manistee_mi,freshwater_drum,45,2025-11-05,2025-11-11,2025-11-08,,0,7,unavailable_evidence_gap,low,false
manistee_mi,freshwater_drum,46,2025-11-12,2025-11-18,2025-11-15,,0,7,unavailable_evidence_gap,low,false
manistee_mi,freshwater_drum,47,2025-11-19,2025-11-25,2025-11-22,,0,7,unavailable_evidence_gap,low,false
manistee_mi,freshwater_drum,48,2025-11-26,2025-12-02,2025-11-29,,0,7,unavailable_evidence_gap,low,false
manistee_mi,freshwater_drum,49,2025-12-03,2025-12-09,2025-12-06,,0,7,unavailable_evidence_gap,low,false
manistee_mi,freshwater_drum,50,2025-12-10,2025-12-16,2025-12-13,,0,7,unavailable_evidence_gap,low,false
manistee_mi,freshwater_drum,51,2025-12-17,2025-12-23,2025-12-20,,0,7,unavailable_evidence_gap,low,false
manistee_mi,freshwater_drum,52,2025-12-24,2025-12-31,2025-12-27,,0,8,unavailable_evidence_gap,low,false
manistee_mi,yellow_perch,1,2025-01-01,2025-01-07,2025-01-04,,0,7,unavailable_evidence_gap,moderate_timing_low_magnitude,false
manistee_mi,yellow_perch,2,2025-01-08,2025-01-14,2025-01-11,,0,7,unavailable_evidence_gap,moderate_timing_low_magnitude,false
manistee_mi,yellow_perch,3,2025-01-15,2025-01-21,2025-01-18,,0,7,unavailable_evidence_gap,moderate_timing_low_magnitude,false
manistee_mi,yellow_perch,4,2025-01-22,2025-01-28,2025-01-25,,0,7,unavailable_evidence_gap,moderate_timing_low_magnitude,false
manistee_mi,yellow_perch,5,2025-01-29,2025-02-04,2025-02-01,,0,7,unavailable_evidence_gap,moderate_timing_low_magnitude,false
manistee_mi,yellow_perch,6,2025-02-05,2025-02-11,2025-02-08,,0,7,unavailable_evidence_gap,moderate_timing_low_magnitude,false
manistee_mi,yellow_perch,7,2025-02-12,2025-02-18,2025-02-15,,0,7,unavailable_evidence_gap,moderate_timing_low_magnitude,false
manistee_mi,yellow_perch,8,2025-02-19,2025-02-25,2025-02-22,,0,7,unavailable_evidence_gap,moderate_timing_low_magnitude,false
manistee_mi,yellow_perch,9,2025-02-26,2025-03-04,2025-03-01,,0,7,unavailable_evidence_gap,moderate_timing_low_magnitude,false
manistee_mi,yellow_perch,10,2025-03-05,2025-03-11,2025-03-08,,0,7,unavailable_evidence_gap,moderate_timing_low_magnitude,false
manistee_mi,yellow_perch,11,2025-03-12,2025-03-18,2025-03-15,,0,7,unavailable_evidence_gap,moderate_timing_low_magnitude,false
manistee_mi,yellow_perch,12,2025-03-19,2025-03-25,2025-03-22,,0,7,unavailable_evidence_gap,moderate_timing_low_magnitude,false
manistee_mi,yellow_perch,13,2025-03-26,2025-04-01,2025-03-29,,1,7,unavailable_evidence_gap,moderate_timing_low_magnitude,false
manistee_mi,yellow_perch,14,2025-04-02,2025-04-08,2025-04-05,5.285714,7,7,provisional_research_only,moderate_timing_low_magnitude,false
manistee_mi,yellow_perch,15,2025-04-09,2025-04-15,2025-04-12,5.785714,7,7,provisional_research_only,moderate_timing_low_magnitude,false
manistee_mi,yellow_perch,16,2025-04-16,2025-04-22,2025-04-19,6.133333,7,7,provisional_research_only,moderate_timing_low_magnitude,false
manistee_mi,yellow_perch,17,2025-04-23,2025-04-29,2025-04-26,6.366667,7,7,provisional_research_only,moderate_timing_low_magnitude,false
manistee_mi,yellow_perch,18,2025-04-30,2025-05-06,2025-05-03,6.600000,7,7,provisional_research_only,moderate_timing_low_magnitude,false
manistee_mi,yellow_perch,19,2025-05-07,2025-05-13,2025-05-10,6.833333,7,7,provisional_research_only,moderate_timing_low_magnitude,false
manistee_mi,yellow_perch,20,2025-05-14,2025-05-20,2025-05-17,6.806452,7,7,provisional_research_only,moderate_timing_low_magnitude,false
manistee_mi,yellow_perch,21,2025-05-21,2025-05-27,2025-05-24,6.129032,7,7,provisional_research_only,moderate_timing_low_magnitude,false
manistee_mi,yellow_perch,22,2025-05-28,2025-06-03,2025-05-31,5.451613,7,7,provisional_research_only,moderate_timing_low_magnitude,false
manistee_mi,yellow_perch,23,2025-06-04,2025-06-10,2025-06-07,4.774194,7,7,provisional_research_only,moderate_timing_low_magnitude,false
manistee_mi,yellow_perch,24,2025-06-11,2025-06-17,2025-06-14,4.096774,7,7,provisional_research_only,moderate_timing_low_magnitude,false
manistee_mi,yellow_perch,25,2025-06-18,2025-06-24,2025-06-21,3.600000,7,7,provisional_research_only,moderate_timing_low_magnitude,false
manistee_mi,yellow_perch,26,2025-06-25,2025-07-01,2025-06-28,3.133333,7,7,provisional_research_only,moderate_timing_low_magnitude,false
manistee_mi,yellow_perch,27,2025-07-02,2025-07-08,2025-07-05,2.666667,7,7,provisional_research_only,moderate_timing_low_magnitude,false
manistee_mi,yellow_perch,28,2025-07-09,2025-07-15,2025-07-12,2.200000,7,7,provisional_research_only,moderate_timing_low_magnitude,false
manistee_mi,yellow_perch,29,2025-07-16,2025-07-22,2025-07-19,1.875000,7,7,provisional_research_only,moderate_timing_low_magnitude,false
manistee_mi,yellow_perch,30,2025-07-23,2025-07-29,2025-07-26,1.656250,7,7,provisional_research_only,moderate_timing_low_magnitude,false
manistee_mi,yellow_perch,31,2025-07-30,2025-08-05,2025-08-02,,2,7,unavailable_evidence_gap,moderate_timing_low_magnitude,false
manistee_mi,yellow_perch,32,2025-08-06,2025-08-12,2025-08-09,,0,7,unavailable_evidence_gap,moderate_timing_low_magnitude,false
manistee_mi,yellow_perch,33,2025-08-13,2025-08-19,2025-08-16,,0,7,unavailable_evidence_gap,moderate_timing_low_magnitude,false
manistee_mi,yellow_perch,34,2025-08-20,2025-08-26,2025-08-23,,0,7,unavailable_evidence_gap,moderate_timing_low_magnitude,false
manistee_mi,yellow_perch,35,2025-08-27,2025-09-02,2025-08-30,,0,7,unavailable_evidence_gap,moderate_timing_low_magnitude,false
manistee_mi,yellow_perch,36,2025-09-03,2025-09-09,2025-09-06,,0,7,unavailable_evidence_gap,moderate_timing_low_magnitude,false
manistee_mi,yellow_perch,37,2025-09-10,2025-09-16,2025-09-13,,0,7,unavailable_evidence_gap,moderate_timing_low_magnitude,false
manistee_mi,yellow_perch,38,2025-09-17,2025-09-23,2025-09-20,,0,7,unavailable_evidence_gap,moderate_timing_low_magnitude,false
manistee_mi,yellow_perch,39,2025-09-24,2025-09-30,2025-09-27,,0,7,unavailable_evidence_gap,moderate_timing_low_magnitude,false
manistee_mi,yellow_perch,40,2025-10-01,2025-10-07,2025-10-04,,0,7,unavailable_evidence_gap,moderate_timing_low_magnitude,false
manistee_mi,yellow_perch,41,2025-10-08,2025-10-14,2025-10-11,,0,7,unavailable_evidence_gap,moderate_timing_low_magnitude,false
manistee_mi,yellow_perch,42,2025-10-15,2025-10-21,2025-10-18,,0,7,unavailable_evidence_gap,moderate_timing_low_magnitude,false
manistee_mi,yellow_perch,43,2025-10-22,2025-10-28,2025-10-25,,0,7,unavailable_evidence_gap,moderate_timing_low_magnitude,false
manistee_mi,yellow_perch,44,2025-10-29,2025-11-04,2025-11-01,,0,7,unavailable_evidence_gap,moderate_timing_low_magnitude,false
manistee_mi,yellow_perch,45,2025-11-05,2025-11-11,2025-11-08,,0,7,unavailable_evidence_gap,moderate_timing_low_magnitude,false
manistee_mi,yellow_perch,46,2025-11-12,2025-11-18,2025-11-15,,0,7,unavailable_evidence_gap,moderate_timing_low_magnitude,false
manistee_mi,yellow_perch,47,2025-11-19,2025-11-25,2025-11-22,,0,7,unavailable_evidence_gap,moderate_timing_low_magnitude,false
manistee_mi,yellow_perch,48,2025-11-26,2025-12-02,2025-11-29,,0,7,unavailable_evidence_gap,moderate_timing_low_magnitude,false
manistee_mi,yellow_perch,49,2025-12-03,2025-12-09,2025-12-06,,0,7,unavailable_evidence_gap,moderate_timing_low_magnitude,false
manistee_mi,yellow_perch,50,2025-12-10,2025-12-16,2025-12-13,,0,7,unavailable_evidence_gap,moderate_timing_low_magnitude,false
manistee_mi,yellow_perch,51,2025-12-17,2025-12-23,2025-12-20,,0,7,unavailable_evidence_gap,moderate_timing_low_magnitude,false
manistee_mi,yellow_perch,52,2025-12-24,2025-12-31,2025-12-27,,0,8,unavailable_evidence_gap,moderate_timing_low_magnitude,false
manistee_mi,lake_whitefish,1,2025-01-01,2025-01-07,2025-01-04,,0,7,unavailable_evidence_gap,insufficient_for_numeric_calibration,false
manistee_mi,lake_whitefish,2,2025-01-08,2025-01-14,2025-01-11,,0,7,unavailable_evidence_gap,insufficient_for_numeric_calibration,false
manistee_mi,lake_whitefish,3,2025-01-15,2025-01-21,2025-01-18,,0,7,unavailable_evidence_gap,insufficient_for_numeric_calibration,false
manistee_mi,lake_whitefish,4,2025-01-22,2025-01-28,2025-01-25,,0,7,unavailable_evidence_gap,insufficient_for_numeric_calibration,false
manistee_mi,lake_whitefish,5,2025-01-29,2025-02-04,2025-02-01,,0,7,unavailable_evidence_gap,insufficient_for_numeric_calibration,false
manistee_mi,lake_whitefish,6,2025-02-05,2025-02-11,2025-02-08,,0,7,unavailable_evidence_gap,insufficient_for_numeric_calibration,false
manistee_mi,lake_whitefish,7,2025-02-12,2025-02-18,2025-02-15,,0,7,unavailable_evidence_gap,insufficient_for_numeric_calibration,false
manistee_mi,lake_whitefish,8,2025-02-19,2025-02-25,2025-02-22,,0,7,unavailable_evidence_gap,insufficient_for_numeric_calibration,false
manistee_mi,lake_whitefish,9,2025-02-26,2025-03-04,2025-03-01,,0,7,unavailable_evidence_gap,insufficient_for_numeric_calibration,false
manistee_mi,lake_whitefish,10,2025-03-05,2025-03-11,2025-03-08,,0,7,unavailable_evidence_gap,insufficient_for_numeric_calibration,false
manistee_mi,lake_whitefish,11,2025-03-12,2025-03-18,2025-03-15,,0,7,unavailable_evidence_gap,insufficient_for_numeric_calibration,false
manistee_mi,lake_whitefish,12,2025-03-19,2025-03-25,2025-03-22,,0,7,unavailable_evidence_gap,insufficient_for_numeric_calibration,false
manistee_mi,lake_whitefish,13,2025-03-26,2025-04-01,2025-03-29,,0,7,unavailable_evidence_gap,insufficient_for_numeric_calibration,false
manistee_mi,lake_whitefish,14,2025-04-02,2025-04-08,2025-04-05,,0,7,unavailable_evidence_gap,insufficient_for_numeric_calibration,false
manistee_mi,lake_whitefish,15,2025-04-09,2025-04-15,2025-04-12,,0,7,unavailable_evidence_gap,insufficient_for_numeric_calibration,false
manistee_mi,lake_whitefish,16,2025-04-16,2025-04-22,2025-04-19,,0,7,unavailable_evidence_gap,insufficient_for_numeric_calibration,false
manistee_mi,lake_whitefish,17,2025-04-23,2025-04-29,2025-04-26,,0,7,unavailable_evidence_gap,insufficient_for_numeric_calibration,false
manistee_mi,lake_whitefish,18,2025-04-30,2025-05-06,2025-05-03,,0,7,unavailable_evidence_gap,insufficient_for_numeric_calibration,false
manistee_mi,lake_whitefish,19,2025-05-07,2025-05-13,2025-05-10,,0,7,unavailable_evidence_gap,insufficient_for_numeric_calibration,false
manistee_mi,lake_whitefish,20,2025-05-14,2025-05-20,2025-05-17,,0,7,unavailable_evidence_gap,insufficient_for_numeric_calibration,false
manistee_mi,lake_whitefish,21,2025-05-21,2025-05-27,2025-05-24,,0,7,unavailable_evidence_gap,insufficient_for_numeric_calibration,false
manistee_mi,lake_whitefish,22,2025-05-28,2025-06-03,2025-05-31,,0,7,unavailable_evidence_gap,insufficient_for_numeric_calibration,false
manistee_mi,lake_whitefish,23,2025-06-04,2025-06-10,2025-06-07,,0,7,unavailable_evidence_gap,insufficient_for_numeric_calibration,false
manistee_mi,lake_whitefish,24,2025-06-11,2025-06-17,2025-06-14,,0,7,unavailable_evidence_gap,insufficient_for_numeric_calibration,false
manistee_mi,lake_whitefish,25,2025-06-18,2025-06-24,2025-06-21,,0,7,unavailable_evidence_gap,insufficient_for_numeric_calibration,false
manistee_mi,lake_whitefish,26,2025-06-25,2025-07-01,2025-06-28,,0,7,unavailable_evidence_gap,insufficient_for_numeric_calibration,false
manistee_mi,lake_whitefish,27,2025-07-02,2025-07-08,2025-07-05,,0,7,unavailable_evidence_gap,insufficient_for_numeric_calibration,false
manistee_mi,lake_whitefish,28,2025-07-09,2025-07-15,2025-07-12,,0,7,unavailable_evidence_gap,insufficient_for_numeric_calibration,false
manistee_mi,lake_whitefish,29,2025-07-16,2025-07-22,2025-07-19,,0,7,unavailable_evidence_gap,insufficient_for_numeric_calibration,false
manistee_mi,lake_whitefish,30,2025-07-23,2025-07-29,2025-07-26,,0,7,unavailable_evidence_gap,insufficient_for_numeric_calibration,false
manistee_mi,lake_whitefish,31,2025-07-30,2025-08-05,2025-08-02,,0,7,unavailable_evidence_gap,insufficient_for_numeric_calibration,false
manistee_mi,lake_whitefish,32,2025-08-06,2025-08-12,2025-08-09,,0,7,unavailable_evidence_gap,insufficient_for_numeric_calibration,false
manistee_mi,lake_whitefish,33,2025-08-13,2025-08-19,2025-08-16,,0,7,unavailable_evidence_gap,insufficient_for_numeric_calibration,false
manistee_mi,lake_whitefish,34,2025-08-20,2025-08-26,2025-08-23,,0,7,unavailable_evidence_gap,insufficient_for_numeric_calibration,false
manistee_mi,lake_whitefish,35,2025-08-27,2025-09-02,2025-08-30,,0,7,unavailable_evidence_gap,insufficient_for_numeric_calibration,false
manistee_mi,lake_whitefish,36,2025-09-03,2025-09-09,2025-09-06,,0,7,unavailable_evidence_gap,insufficient_for_numeric_calibration,false
manistee_mi,lake_whitefish,37,2025-09-10,2025-09-16,2025-09-13,,0,7,unavailable_evidence_gap,insufficient_for_numeric_calibration,false
manistee_mi,lake_whitefish,38,2025-09-17,2025-09-23,2025-09-20,,0,7,unavailable_evidence_gap,insufficient_for_numeric_calibration,false
manistee_mi,lake_whitefish,39,2025-09-24,2025-09-30,2025-09-27,,0,7,unavailable_evidence_gap,insufficient_for_numeric_calibration,false
manistee_mi,lake_whitefish,40,2025-10-01,2025-10-07,2025-10-04,,0,7,unavailable_evidence_gap,insufficient_for_numeric_calibration,false
manistee_mi,lake_whitefish,41,2025-10-08,2025-10-14,2025-10-11,,0,7,unavailable_evidence_gap,insufficient_for_numeric_calibration,false
manistee_mi,lake_whitefish,42,2025-10-15,2025-10-21,2025-10-18,,0,7,unavailable_evidence_gap,insufficient_for_numeric_calibration,false
manistee_mi,lake_whitefish,43,2025-10-22,2025-10-28,2025-10-25,,0,7,unavailable_evidence_gap,insufficient_for_numeric_calibration,false
manistee_mi,lake_whitefish,44,2025-10-29,2025-11-04,2025-11-01,,0,7,unavailable_evidence_gap,insufficient_for_numeric_calibration,false
manistee_mi,lake_whitefish,45,2025-11-05,2025-11-11,2025-11-08,,0,7,unavailable_evidence_gap,insufficient_for_numeric_calibration,false
manistee_mi,lake_whitefish,46,2025-11-12,2025-11-18,2025-11-15,,0,7,unavailable_evidence_gap,insufficient_for_numeric_calibration,false
manistee_mi,lake_whitefish,47,2025-11-19,2025-11-25,2025-11-22,,0,7,unavailable_evidence_gap,insufficient_for_numeric_calibration,false
manistee_mi,lake_whitefish,48,2025-11-26,2025-12-02,2025-11-29,,0,7,unavailable_evidence_gap,insufficient_for_numeric_calibration,false
manistee_mi,lake_whitefish,49,2025-12-03,2025-12-09,2025-12-06,,0,7,unavailable_evidence_gap,insufficient_for_numeric_calibration,false
manistee_mi,lake_whitefish,50,2025-12-10,2025-12-16,2025-12-13,,0,7,unavailable_evidence_gap,insufficient_for_numeric_calibration,false
manistee_mi,lake_whitefish,51,2025-12-17,2025-12-23,2025-12-20,,0,7,unavailable_evidence_gap,insufficient_for_numeric_calibration,false
manistee_mi,lake_whitefish,52,2025-12-24,2025-12-31,2025-12-27,,0,8,unavailable_evidence_gap,insufficient_for_numeric_calibration,false
manistee_mi,round_whitefish,1,2025-01-01,2025-01-07,2025-01-04,,0,7,unavailable_evidence_gap,low,false
manistee_mi,round_whitefish,2,2025-01-08,2025-01-14,2025-01-11,,0,7,unavailable_evidence_gap,low,false
manistee_mi,round_whitefish,3,2025-01-15,2025-01-21,2025-01-18,,0,7,unavailable_evidence_gap,low,false
manistee_mi,round_whitefish,4,2025-01-22,2025-01-28,2025-01-25,,0,7,unavailable_evidence_gap,low,false
manistee_mi,round_whitefish,5,2025-01-29,2025-02-04,2025-02-01,,0,7,unavailable_evidence_gap,low,false
manistee_mi,round_whitefish,6,2025-02-05,2025-02-11,2025-02-08,,0,7,unavailable_evidence_gap,low,false
manistee_mi,round_whitefish,7,2025-02-12,2025-02-18,2025-02-15,,0,7,unavailable_evidence_gap,low,false
manistee_mi,round_whitefish,8,2025-02-19,2025-02-25,2025-02-22,,0,7,unavailable_evidence_gap,low,false
manistee_mi,round_whitefish,9,2025-02-26,2025-03-04,2025-03-01,,0,7,unavailable_evidence_gap,low,false
manistee_mi,round_whitefish,10,2025-03-05,2025-03-11,2025-03-08,,0,7,unavailable_evidence_gap,low,false
manistee_mi,round_whitefish,11,2025-03-12,2025-03-18,2025-03-15,,0,7,unavailable_evidence_gap,low,false
manistee_mi,round_whitefish,12,2025-03-19,2025-03-25,2025-03-22,,0,7,unavailable_evidence_gap,low,false
manistee_mi,round_whitefish,13,2025-03-26,2025-04-01,2025-03-29,,1,7,unavailable_evidence_gap,low,false
manistee_mi,round_whitefish,14,2025-04-02,2025-04-08,2025-04-05,2.785714,7,7,provisional_research_only,low,false
manistee_mi,round_whitefish,15,2025-04-09,2025-04-15,2025-04-12,3.285714,7,7,provisional_research_only,low,false
manistee_mi,round_whitefish,16,2025-04-16,2025-04-22,2025-04-19,3.366667,7,7,provisional_research_only,low,false
manistee_mi,round_whitefish,17,2025-04-23,2025-04-29,2025-04-26,3.133333,7,7,provisional_research_only,low,false
manistee_mi,round_whitefish,18,2025-04-30,2025-05-06,2025-05-03,2.900000,7,7,provisional_research_only,low,false
manistee_mi,round_whitefish,19,2025-05-07,2025-05-13,2025-05-10,2.666667,7,7,provisional_research_only,low,false
manistee_mi,round_whitefish,20,2025-05-14,2025-05-20,2025-05-17,,2,7,unavailable_evidence_gap,low,false
manistee_mi,round_whitefish,21,2025-05-21,2025-05-27,2025-05-24,,0,7,unavailable_evidence_gap,low,false
manistee_mi,round_whitefish,22,2025-05-28,2025-06-03,2025-05-31,,0,7,unavailable_evidence_gap,low,false
manistee_mi,round_whitefish,23,2025-06-04,2025-06-10,2025-06-07,,0,7,unavailable_evidence_gap,low,false
manistee_mi,round_whitefish,24,2025-06-11,2025-06-17,2025-06-14,,0,7,unavailable_evidence_gap,low,false
manistee_mi,round_whitefish,25,2025-06-18,2025-06-24,2025-06-21,,0,7,unavailable_evidence_gap,low,false
manistee_mi,round_whitefish,26,2025-06-25,2025-07-01,2025-06-28,,0,7,unavailable_evidence_gap,low,false
manistee_mi,round_whitefish,27,2025-07-02,2025-07-08,2025-07-05,,0,7,unavailable_evidence_gap,low,false
manistee_mi,round_whitefish,28,2025-07-09,2025-07-15,2025-07-12,,0,7,unavailable_evidence_gap,low,false
manistee_mi,round_whitefish,29,2025-07-16,2025-07-22,2025-07-19,,0,7,unavailable_evidence_gap,low,false
manistee_mi,round_whitefish,30,2025-07-23,2025-07-29,2025-07-26,,0,7,unavailable_evidence_gap,low,false
manistee_mi,round_whitefish,31,2025-07-30,2025-08-05,2025-08-02,,0,7,unavailable_evidence_gap,low,false
manistee_mi,round_whitefish,32,2025-08-06,2025-08-12,2025-08-09,,0,7,unavailable_evidence_gap,low,false
manistee_mi,round_whitefish,33,2025-08-13,2025-08-19,2025-08-16,,0,7,unavailable_evidence_gap,low,false
manistee_mi,round_whitefish,34,2025-08-20,2025-08-26,2025-08-23,,0,7,unavailable_evidence_gap,low,false
manistee_mi,round_whitefish,35,2025-08-27,2025-09-02,2025-08-30,,0,7,unavailable_evidence_gap,low,false
manistee_mi,round_whitefish,36,2025-09-03,2025-09-09,2025-09-06,,0,7,unavailable_evidence_gap,low,false
manistee_mi,round_whitefish,37,2025-09-10,2025-09-16,2025-09-13,,0,7,unavailable_evidence_gap,low,false
manistee_mi,round_whitefish,38,2025-09-17,2025-09-23,2025-09-20,,0,7,unavailable_evidence_gap,low,false
manistee_mi,round_whitefish,39,2025-09-24,2025-09-30,2025-09-27,,0,7,unavailable_evidence_gap,low,false
manistee_mi,round_whitefish,40,2025-10-01,2025-10-07,2025-10-04,,0,7,unavailable_evidence_gap,low,false
manistee_mi,round_whitefish,41,2025-10-08,2025-10-14,2025-10-11,,0,7,unavailable_evidence_gap,low,false
manistee_mi,round_whitefish,42,2025-10-15,2025-10-21,2025-10-18,,0,7,unavailable_evidence_gap,low,false
manistee_mi,round_whitefish,43,2025-10-22,2025-10-28,2025-10-25,,0,7,unavailable_evidence_gap,low,false
manistee_mi,round_whitefish,44,2025-10-29,2025-11-04,2025-11-01,,0,7,unavailable_evidence_gap,low,false
manistee_mi,round_whitefish,45,2025-11-05,2025-11-11,2025-11-08,,0,7,unavailable_evidence_gap,low,false
manistee_mi,round_whitefish,46,2025-11-12,2025-11-18,2025-11-15,,0,7,unavailable_evidence_gap,low,false
manistee_mi,round_whitefish,47,2025-11-19,2025-11-25,2025-11-22,,0,7,unavailable_evidence_gap,low,false
manistee_mi,round_whitefish,48,2025-11-26,2025-12-02,2025-11-29,,0,7,unavailable_evidence_gap,low,false
manistee_mi,round_whitefish,49,2025-12-03,2025-12-09,2025-12-06,,0,7,unavailable_evidence_gap,low,false
manistee_mi,round_whitefish,50,2025-12-10,2025-12-16,2025-12-13,,0,7,unavailable_evidence_gap,low,false
manistee_mi,round_whitefish,51,2025-12-17,2025-12-23,2025-12-20,,0,7,unavailable_evidence_gap,low,false
manistee_mi,round_whitefish,52,2025-12-24,2025-12-31,2025-12-27,,0,8,unavailable_evidence_gap,low,false
manistee_mi,channel_catfish,1,2025-01-01,2025-01-07,2025-01-04,,0,7,unavailable_evidence_gap,insufficient_for_numeric_calibration,false
manistee_mi,channel_catfish,2,2025-01-08,2025-01-14,2025-01-11,,0,7,unavailable_evidence_gap,insufficient_for_numeric_calibration,false
manistee_mi,channel_catfish,3,2025-01-15,2025-01-21,2025-01-18,,0,7,unavailable_evidence_gap,insufficient_for_numeric_calibration,false
manistee_mi,channel_catfish,4,2025-01-22,2025-01-28,2025-01-25,,0,7,unavailable_evidence_gap,insufficient_for_numeric_calibration,false
manistee_mi,channel_catfish,5,2025-01-29,2025-02-04,2025-02-01,,0,7,unavailable_evidence_gap,insufficient_for_numeric_calibration,false
manistee_mi,channel_catfish,6,2025-02-05,2025-02-11,2025-02-08,,0,7,unavailable_evidence_gap,insufficient_for_numeric_calibration,false
manistee_mi,channel_catfish,7,2025-02-12,2025-02-18,2025-02-15,,0,7,unavailable_evidence_gap,insufficient_for_numeric_calibration,false
manistee_mi,channel_catfish,8,2025-02-19,2025-02-25,2025-02-22,,0,7,unavailable_evidence_gap,insufficient_for_numeric_calibration,false
manistee_mi,channel_catfish,9,2025-02-26,2025-03-04,2025-03-01,,0,7,unavailable_evidence_gap,insufficient_for_numeric_calibration,false
manistee_mi,channel_catfish,10,2025-03-05,2025-03-11,2025-03-08,,0,7,unavailable_evidence_gap,insufficient_for_numeric_calibration,false
manistee_mi,channel_catfish,11,2025-03-12,2025-03-18,2025-03-15,,0,7,unavailable_evidence_gap,insufficient_for_numeric_calibration,false
manistee_mi,channel_catfish,12,2025-03-19,2025-03-25,2025-03-22,,0,7,unavailable_evidence_gap,insufficient_for_numeric_calibration,false
manistee_mi,channel_catfish,13,2025-03-26,2025-04-01,2025-03-29,,0,7,unavailable_evidence_gap,insufficient_for_numeric_calibration,false
manistee_mi,channel_catfish,14,2025-04-02,2025-04-08,2025-04-05,,0,7,unavailable_evidence_gap,insufficient_for_numeric_calibration,false
manistee_mi,channel_catfish,15,2025-04-09,2025-04-15,2025-04-12,,0,7,unavailable_evidence_gap,insufficient_for_numeric_calibration,false
manistee_mi,channel_catfish,16,2025-04-16,2025-04-22,2025-04-19,,0,7,unavailable_evidence_gap,insufficient_for_numeric_calibration,false
manistee_mi,channel_catfish,17,2025-04-23,2025-04-29,2025-04-26,,0,7,unavailable_evidence_gap,insufficient_for_numeric_calibration,false
manistee_mi,channel_catfish,18,2025-04-30,2025-05-06,2025-05-03,,0,7,unavailable_evidence_gap,insufficient_for_numeric_calibration,false
manistee_mi,channel_catfish,19,2025-05-07,2025-05-13,2025-05-10,,0,7,unavailable_evidence_gap,insufficient_for_numeric_calibration,false
manistee_mi,channel_catfish,20,2025-05-14,2025-05-20,2025-05-17,,0,7,unavailable_evidence_gap,insufficient_for_numeric_calibration,false
manistee_mi,channel_catfish,21,2025-05-21,2025-05-27,2025-05-24,,0,7,unavailable_evidence_gap,insufficient_for_numeric_calibration,false
manistee_mi,channel_catfish,22,2025-05-28,2025-06-03,2025-05-31,,0,7,unavailable_evidence_gap,insufficient_for_numeric_calibration,false
manistee_mi,channel_catfish,23,2025-06-04,2025-06-10,2025-06-07,,0,7,unavailable_evidence_gap,insufficient_for_numeric_calibration,false
manistee_mi,channel_catfish,24,2025-06-11,2025-06-17,2025-06-14,,0,7,unavailable_evidence_gap,insufficient_for_numeric_calibration,false
manistee_mi,channel_catfish,25,2025-06-18,2025-06-24,2025-06-21,,0,7,unavailable_evidence_gap,insufficient_for_numeric_calibration,false
manistee_mi,channel_catfish,26,2025-06-25,2025-07-01,2025-06-28,,0,7,unavailable_evidence_gap,insufficient_for_numeric_calibration,false
manistee_mi,channel_catfish,27,2025-07-02,2025-07-08,2025-07-05,,0,7,unavailable_evidence_gap,insufficient_for_numeric_calibration,false
manistee_mi,channel_catfish,28,2025-07-09,2025-07-15,2025-07-12,,0,7,unavailable_evidence_gap,insufficient_for_numeric_calibration,false
manistee_mi,channel_catfish,29,2025-07-16,2025-07-22,2025-07-19,,0,7,unavailable_evidence_gap,insufficient_for_numeric_calibration,false
manistee_mi,channel_catfish,30,2025-07-23,2025-07-29,2025-07-26,,0,7,unavailable_evidence_gap,insufficient_for_numeric_calibration,false
manistee_mi,channel_catfish,31,2025-07-30,2025-08-05,2025-08-02,,0,7,unavailable_evidence_gap,insufficient_for_numeric_calibration,false
manistee_mi,channel_catfish,32,2025-08-06,2025-08-12,2025-08-09,,0,7,unavailable_evidence_gap,insufficient_for_numeric_calibration,false
manistee_mi,channel_catfish,33,2025-08-13,2025-08-19,2025-08-16,,0,7,unavailable_evidence_gap,insufficient_for_numeric_calibration,false
manistee_mi,channel_catfish,34,2025-08-20,2025-08-26,2025-08-23,,0,7,unavailable_evidence_gap,insufficient_for_numeric_calibration,false
manistee_mi,channel_catfish,35,2025-08-27,2025-09-02,2025-08-30,,0,7,unavailable_evidence_gap,insufficient_for_numeric_calibration,false
manistee_mi,channel_catfish,36,2025-09-03,2025-09-09,2025-09-06,,0,7,unavailable_evidence_gap,insufficient_for_numeric_calibration,false
manistee_mi,channel_catfish,37,2025-09-10,2025-09-16,2025-09-13,,0,7,unavailable_evidence_gap,insufficient_for_numeric_calibration,false
manistee_mi,channel_catfish,38,2025-09-17,2025-09-23,2025-09-20,,0,7,unavailable_evidence_gap,insufficient_for_numeric_calibration,false
manistee_mi,channel_catfish,39,2025-09-24,2025-09-30,2025-09-27,,0,7,unavailable_evidence_gap,insufficient_for_numeric_calibration,false
manistee_mi,channel_catfish,40,2025-10-01,2025-10-07,2025-10-04,,0,7,unavailable_evidence_gap,insufficient_for_numeric_calibration,false
manistee_mi,channel_catfish,41,2025-10-08,2025-10-14,2025-10-11,,0,7,unavailable_evidence_gap,insufficient_for_numeric_calibration,false
manistee_mi,channel_catfish,42,2025-10-15,2025-10-21,2025-10-18,,0,7,unavailable_evidence_gap,insufficient_for_numeric_calibration,false
manistee_mi,channel_catfish,43,2025-10-22,2025-10-28,2025-10-25,,0,7,unavailable_evidence_gap,insufficient_for_numeric_calibration,false
manistee_mi,channel_catfish,44,2025-10-29,2025-11-04,2025-11-01,,0,7,unavailable_evidence_gap,insufficient_for_numeric_calibration,false
manistee_mi,channel_catfish,45,2025-11-05,2025-11-11,2025-11-08,,0,7,unavailable_evidence_gap,insufficient_for_numeric_calibration,false
manistee_mi,channel_catfish,46,2025-11-12,2025-11-18,2025-11-15,,0,7,unavailable_evidence_gap,insufficient_for_numeric_calibration,false
manistee_mi,channel_catfish,47,2025-11-19,2025-11-25,2025-11-22,,0,7,unavailable_evidence_gap,insufficient_for_numeric_calibration,false
manistee_mi,channel_catfish,48,2025-11-26,2025-12-02,2025-11-29,,0,7,unavailable_evidence_gap,insufficient_for_numeric_calibration,false
manistee_mi,channel_catfish,49,2025-12-03,2025-12-09,2025-12-06,,0,7,unavailable_evidence_gap,insufficient_for_numeric_calibration,false
manistee_mi,channel_catfish,50,2025-12-10,2025-12-16,2025-12-13,,0,7,unavailable_evidence_gap,insufficient_for_numeric_calibration,false
manistee_mi,channel_catfish,51,2025-12-17,2025-12-23,2025-12-20,,0,7,unavailable_evidence_gap,insufficient_for_numeric_calibration,false
manistee_mi,channel_catfish,52,2025-12-24,2025-12-31,2025-12-27,,0,8,unavailable_evidence_gap,insufficient_for_numeric_calibration,false
manistee_mi,largemouth_bass,1,2025-01-01,2025-01-07,2025-01-04,,0,7,unavailable_evidence_gap,low,false
manistee_mi,largemouth_bass,2,2025-01-08,2025-01-14,2025-01-11,,0,7,unavailable_evidence_gap,low,false
manistee_mi,largemouth_bass,3,2025-01-15,2025-01-21,2025-01-18,,0,7,unavailable_evidence_gap,low,false
manistee_mi,largemouth_bass,4,2025-01-22,2025-01-28,2025-01-25,,0,7,unavailable_evidence_gap,low,false
manistee_mi,largemouth_bass,5,2025-01-29,2025-02-04,2025-02-01,,0,7,unavailable_evidence_gap,low,false
manistee_mi,largemouth_bass,6,2025-02-05,2025-02-11,2025-02-08,,0,7,unavailable_evidence_gap,low,false
manistee_mi,largemouth_bass,7,2025-02-12,2025-02-18,2025-02-15,,0,7,unavailable_evidence_gap,low,false
manistee_mi,largemouth_bass,8,2025-02-19,2025-02-25,2025-02-22,,0,7,unavailable_evidence_gap,low,false
manistee_mi,largemouth_bass,9,2025-02-26,2025-03-04,2025-03-01,,0,7,unavailable_evidence_gap,low,false
manistee_mi,largemouth_bass,10,2025-03-05,2025-03-11,2025-03-08,,0,7,unavailable_evidence_gap,low,false
manistee_mi,largemouth_bass,11,2025-03-12,2025-03-18,2025-03-15,,0,7,unavailable_evidence_gap,low,false
manistee_mi,largemouth_bass,12,2025-03-19,2025-03-25,2025-03-22,,0,7,unavailable_evidence_gap,low,false
manistee_mi,largemouth_bass,13,2025-03-26,2025-04-01,2025-03-29,,0,7,unavailable_evidence_gap,low,false
manistee_mi,largemouth_bass,14,2025-04-02,2025-04-08,2025-04-05,,0,7,unavailable_evidence_gap,low,false
manistee_mi,largemouth_bass,15,2025-04-09,2025-04-15,2025-04-12,,0,7,unavailable_evidence_gap,low,false
manistee_mi,largemouth_bass,16,2025-04-16,2025-04-22,2025-04-19,,0,7,unavailable_evidence_gap,low,false
manistee_mi,largemouth_bass,17,2025-04-23,2025-04-29,2025-04-26,,0,7,unavailable_evidence_gap,low,false
manistee_mi,largemouth_bass,18,2025-04-30,2025-05-06,2025-05-03,,0,7,unavailable_evidence_gap,low,false
manistee_mi,largemouth_bass,19,2025-05-07,2025-05-13,2025-05-10,,0,7,unavailable_evidence_gap,low,false
manistee_mi,largemouth_bass,20,2025-05-14,2025-05-20,2025-05-17,,0,7,unavailable_evidence_gap,low,false
manistee_mi,largemouth_bass,21,2025-05-21,2025-05-27,2025-05-24,,0,7,unavailable_evidence_gap,low,false
manistee_mi,largemouth_bass,22,2025-05-28,2025-06-03,2025-05-31,,0,7,unavailable_evidence_gap,low,false
manistee_mi,largemouth_bass,23,2025-06-04,2025-06-10,2025-06-07,,0,7,unavailable_evidence_gap,low,false
manistee_mi,largemouth_bass,24,2025-06-11,2025-06-17,2025-06-14,,0,7,unavailable_evidence_gap,low,false
manistee_mi,largemouth_bass,25,2025-06-18,2025-06-24,2025-06-21,,0,7,unavailable_evidence_gap,low,false
manistee_mi,largemouth_bass,26,2025-06-25,2025-07-01,2025-06-28,,1,7,unavailable_evidence_gap,low,false
manistee_mi,largemouth_bass,27,2025-07-02,2025-07-08,2025-07-05,2.285714,7,7,provisional_research_only,low,false
manistee_mi,largemouth_bass,28,2025-07-09,2025-07-15,2025-07-12,2.785714,7,7,provisional_research_only,low,false
manistee_mi,largemouth_bass,29,2025-07-16,2025-07-22,2025-07-19,3.000000,7,7,provisional_research_only,low,false
manistee_mi,largemouth_bass,30,2025-07-23,2025-07-29,2025-07-26,3.000000,7,7,provisional_research_only,low,false
manistee_mi,largemouth_bass,31,2025-07-30,2025-08-05,2025-08-02,3.000000,7,7,provisional_research_only,low,false
manistee_mi,largemouth_bass,32,2025-08-06,2025-08-12,2025-08-09,2.916667,7,7,provisional_research_only,low,false
manistee_mi,largemouth_bass,33,2025-08-13,2025-08-19,2025-08-16,2.625000,7,7,provisional_research_only,low,false
manistee_mi,largemouth_bass,34,2025-08-20,2025-08-26,2025-08-23,2.333333,7,7,provisional_research_only,low,false
manistee_mi,largemouth_bass,35,2025-08-27,2025-09-02,2025-08-30,2.041667,5,7,provisional_research_only,low,false
manistee_mi,largemouth_bass,36,2025-09-03,2025-09-09,2025-09-06,,0,7,unavailable_evidence_gap,low,false
manistee_mi,largemouth_bass,37,2025-09-10,2025-09-16,2025-09-13,,0,7,unavailable_evidence_gap,low,false
manistee_mi,largemouth_bass,38,2025-09-17,2025-09-23,2025-09-20,,0,7,unavailable_evidence_gap,low,false
manistee_mi,largemouth_bass,39,2025-09-24,2025-09-30,2025-09-27,,0,7,unavailable_evidence_gap,low,false
manistee_mi,largemouth_bass,40,2025-10-01,2025-10-07,2025-10-04,,0,7,unavailable_evidence_gap,low,false
manistee_mi,largemouth_bass,41,2025-10-08,2025-10-14,2025-10-11,,0,7,unavailable_evidence_gap,low,false
manistee_mi,largemouth_bass,42,2025-10-15,2025-10-21,2025-10-18,,0,7,unavailable_evidence_gap,low,false
manistee_mi,largemouth_bass,43,2025-10-22,2025-10-28,2025-10-25,,0,7,unavailable_evidence_gap,low,false
manistee_mi,largemouth_bass,44,2025-10-29,2025-11-04,2025-11-01,,0,7,unavailable_evidence_gap,low,false
manistee_mi,largemouth_bass,45,2025-11-05,2025-11-11,2025-11-08,,0,7,unavailable_evidence_gap,low,false
manistee_mi,largemouth_bass,46,2025-11-12,2025-11-18,2025-11-15,,0,7,unavailable_evidence_gap,low,false
manistee_mi,largemouth_bass,47,2025-11-19,2025-11-25,2025-11-22,,0,7,unavailable_evidence_gap,low,false
manistee_mi,largemouth_bass,48,2025-11-26,2025-12-02,2025-11-29,,0,7,unavailable_evidence_gap,low,false
manistee_mi,largemouth_bass,49,2025-12-03,2025-12-09,2025-12-06,,0,7,unavailable_evidence_gap,low,false
manistee_mi,largemouth_bass,50,2025-12-10,2025-12-16,2025-12-13,,0,7,unavailable_evidence_gap,low,false
manistee_mi,largemouth_bass,51,2025-12-17,2025-12-23,2025-12-20,,0,7,unavailable_evidence_gap,low,false
manistee_mi,largemouth_bass,52,2025-12-24,2025-12-31,2025-12-27,,0,8,unavailable_evidence_gap,low,false
frankfort_elberta_mi,lake_trout,1,2025-01-01,2025-01-07,2025-01-04,,0,7,unavailable_evidence_gap,insufficient_for_numeric_calibration,false
frankfort_elberta_mi,lake_trout,2,2025-01-08,2025-01-14,2025-01-11,,0,7,unavailable_evidence_gap,insufficient_for_numeric_calibration,false
frankfort_elberta_mi,lake_trout,3,2025-01-15,2025-01-21,2025-01-18,,0,7,unavailable_evidence_gap,insufficient_for_numeric_calibration,false
frankfort_elberta_mi,lake_trout,4,2025-01-22,2025-01-28,2025-01-25,,0,7,unavailable_evidence_gap,insufficient_for_numeric_calibration,false
frankfort_elberta_mi,lake_trout,5,2025-01-29,2025-02-04,2025-02-01,,0,7,unavailable_evidence_gap,insufficient_for_numeric_calibration,false
frankfort_elberta_mi,lake_trout,6,2025-02-05,2025-02-11,2025-02-08,,0,7,unavailable_evidence_gap,insufficient_for_numeric_calibration,false
frankfort_elberta_mi,lake_trout,7,2025-02-12,2025-02-18,2025-02-15,,0,7,unavailable_evidence_gap,insufficient_for_numeric_calibration,false
frankfort_elberta_mi,lake_trout,8,2025-02-19,2025-02-25,2025-02-22,,0,7,unavailable_evidence_gap,insufficient_for_numeric_calibration,false
frankfort_elberta_mi,lake_trout,9,2025-02-26,2025-03-04,2025-03-01,,0,7,unavailable_evidence_gap,insufficient_for_numeric_calibration,false
frankfort_elberta_mi,lake_trout,10,2025-03-05,2025-03-11,2025-03-08,,0,7,unavailable_evidence_gap,insufficient_for_numeric_calibration,false
frankfort_elberta_mi,lake_trout,11,2025-03-12,2025-03-18,2025-03-15,,0,7,unavailable_evidence_gap,insufficient_for_numeric_calibration,false
frankfort_elberta_mi,lake_trout,12,2025-03-19,2025-03-25,2025-03-22,,0,7,unavailable_evidence_gap,insufficient_for_numeric_calibration,false
frankfort_elberta_mi,lake_trout,13,2025-03-26,2025-04-01,2025-03-29,,0,7,unavailable_evidence_gap,insufficient_for_numeric_calibration,false
frankfort_elberta_mi,lake_trout,14,2025-04-02,2025-04-08,2025-04-05,,0,7,unavailable_evidence_gap,insufficient_for_numeric_calibration,false
frankfort_elberta_mi,lake_trout,15,2025-04-09,2025-04-15,2025-04-12,,0,7,unavailable_evidence_gap,insufficient_for_numeric_calibration,false
frankfort_elberta_mi,lake_trout,16,2025-04-16,2025-04-22,2025-04-19,,0,7,unavailable_evidence_gap,insufficient_for_numeric_calibration,false
frankfort_elberta_mi,lake_trout,17,2025-04-23,2025-04-29,2025-04-26,,0,7,unavailable_evidence_gap,insufficient_for_numeric_calibration,false
frankfort_elberta_mi,lake_trout,18,2025-04-30,2025-05-06,2025-05-03,,0,7,unavailable_evidence_gap,insufficient_for_numeric_calibration,false
frankfort_elberta_mi,lake_trout,19,2025-05-07,2025-05-13,2025-05-10,,0,7,unavailable_evidence_gap,insufficient_for_numeric_calibration,false
frankfort_elberta_mi,lake_trout,20,2025-05-14,2025-05-20,2025-05-17,,0,7,unavailable_evidence_gap,insufficient_for_numeric_calibration,false
frankfort_elberta_mi,lake_trout,21,2025-05-21,2025-05-27,2025-05-24,,0,7,unavailable_evidence_gap,insufficient_for_numeric_calibration,false
frankfort_elberta_mi,lake_trout,22,2025-05-28,2025-06-03,2025-05-31,,0,7,unavailable_evidence_gap,insufficient_for_numeric_calibration,false
frankfort_elberta_mi,lake_trout,23,2025-06-04,2025-06-10,2025-06-07,,0,7,unavailable_evidence_gap,insufficient_for_numeric_calibration,false
frankfort_elberta_mi,lake_trout,24,2025-06-11,2025-06-17,2025-06-14,,0,7,unavailable_evidence_gap,insufficient_for_numeric_calibration,false
frankfort_elberta_mi,lake_trout,25,2025-06-18,2025-06-24,2025-06-21,,0,7,unavailable_evidence_gap,insufficient_for_numeric_calibration,false
frankfort_elberta_mi,lake_trout,26,2025-06-25,2025-07-01,2025-06-28,,0,7,unavailable_evidence_gap,insufficient_for_numeric_calibration,false
frankfort_elberta_mi,lake_trout,27,2025-07-02,2025-07-08,2025-07-05,,0,7,unavailable_evidence_gap,insufficient_for_numeric_calibration,false
frankfort_elberta_mi,lake_trout,28,2025-07-09,2025-07-15,2025-07-12,,0,7,unavailable_evidence_gap,insufficient_for_numeric_calibration,false
frankfort_elberta_mi,lake_trout,29,2025-07-16,2025-07-22,2025-07-19,,0,7,unavailable_evidence_gap,insufficient_for_numeric_calibration,false
frankfort_elberta_mi,lake_trout,30,2025-07-23,2025-07-29,2025-07-26,,0,7,unavailable_evidence_gap,insufficient_for_numeric_calibration,false
frankfort_elberta_mi,lake_trout,31,2025-07-30,2025-08-05,2025-08-02,,0,7,unavailable_evidence_gap,insufficient_for_numeric_calibration,false
frankfort_elberta_mi,lake_trout,32,2025-08-06,2025-08-12,2025-08-09,,0,7,unavailable_evidence_gap,insufficient_for_numeric_calibration,false
frankfort_elberta_mi,lake_trout,33,2025-08-13,2025-08-19,2025-08-16,,0,7,unavailable_evidence_gap,insufficient_for_numeric_calibration,false
frankfort_elberta_mi,lake_trout,34,2025-08-20,2025-08-26,2025-08-23,,0,7,unavailable_evidence_gap,insufficient_for_numeric_calibration,false
frankfort_elberta_mi,lake_trout,35,2025-08-27,2025-09-02,2025-08-30,,0,7,unavailable_evidence_gap,insufficient_for_numeric_calibration,false
frankfort_elberta_mi,lake_trout,36,2025-09-03,2025-09-09,2025-09-06,,0,7,unavailable_evidence_gap,insufficient_for_numeric_calibration,false
frankfort_elberta_mi,lake_trout,37,2025-09-10,2025-09-16,2025-09-13,,0,7,unavailable_evidence_gap,insufficient_for_numeric_calibration,false
frankfort_elberta_mi,lake_trout,38,2025-09-17,2025-09-23,2025-09-20,,0,7,unavailable_evidence_gap,insufficient_for_numeric_calibration,false
frankfort_elberta_mi,lake_trout,39,2025-09-24,2025-09-30,2025-09-27,,0,7,unavailable_evidence_gap,insufficient_for_numeric_calibration,false
frankfort_elberta_mi,lake_trout,40,2025-10-01,2025-10-07,2025-10-04,,0,7,unavailable_evidence_gap,insufficient_for_numeric_calibration,false
frankfort_elberta_mi,lake_trout,41,2025-10-08,2025-10-14,2025-10-11,,0,7,unavailable_evidence_gap,insufficient_for_numeric_calibration,false
frankfort_elberta_mi,lake_trout,42,2025-10-15,2025-10-21,2025-10-18,,0,7,unavailable_evidence_gap,insufficient_for_numeric_calibration,false
frankfort_elberta_mi,lake_trout,43,2025-10-22,2025-10-28,2025-10-25,,0,7,unavailable_evidence_gap,insufficient_for_numeric_calibration,false
frankfort_elberta_mi,lake_trout,44,2025-10-29,2025-11-04,2025-11-01,,0,7,unavailable_evidence_gap,insufficient_for_numeric_calibration,false
frankfort_elberta_mi,lake_trout,45,2025-11-05,2025-11-11,2025-11-08,,0,7,unavailable_evidence_gap,insufficient_for_numeric_calibration,false
frankfort_elberta_mi,lake_trout,46,2025-11-12,2025-11-18,2025-11-15,,0,7,unavailable_evidence_gap,insufficient_for_numeric_calibration,false
frankfort_elberta_mi,lake_trout,47,2025-11-19,2025-11-25,2025-11-22,,0,7,unavailable_evidence_gap,insufficient_for_numeric_calibration,false
frankfort_elberta_mi,lake_trout,48,2025-11-26,2025-12-02,2025-11-29,,0,7,unavailable_evidence_gap,insufficient_for_numeric_calibration,false
frankfort_elberta_mi,lake_trout,49,2025-12-03,2025-12-09,2025-12-06,,0,7,unavailable_evidence_gap,insufficient_for_numeric_calibration,false
frankfort_elberta_mi,lake_trout,50,2025-12-10,2025-12-16,2025-12-13,,0,7,unavailable_evidence_gap,insufficient_for_numeric_calibration,false
frankfort_elberta_mi,lake_trout,51,2025-12-17,2025-12-23,2025-12-20,,0,7,unavailable_evidence_gap,insufficient_for_numeric_calibration,false
frankfort_elberta_mi,lake_trout,52,2025-12-24,2025-12-31,2025-12-27,,0,8,unavailable_evidence_gap,insufficient_for_numeric_calibration,false
frankfort_elberta_mi,walleye,1,2025-01-01,2025-01-07,2025-01-04,,0,7,unavailable_evidence_gap,insufficient_for_numeric_calibration,false
frankfort_elberta_mi,walleye,2,2025-01-08,2025-01-14,2025-01-11,,0,7,unavailable_evidence_gap,insufficient_for_numeric_calibration,false
frankfort_elberta_mi,walleye,3,2025-01-15,2025-01-21,2025-01-18,,0,7,unavailable_evidence_gap,insufficient_for_numeric_calibration,false
frankfort_elberta_mi,walleye,4,2025-01-22,2025-01-28,2025-01-25,,0,7,unavailable_evidence_gap,insufficient_for_numeric_calibration,false
frankfort_elberta_mi,walleye,5,2025-01-29,2025-02-04,2025-02-01,,0,7,unavailable_evidence_gap,insufficient_for_numeric_calibration,false
frankfort_elberta_mi,walleye,6,2025-02-05,2025-02-11,2025-02-08,,0,7,unavailable_evidence_gap,insufficient_for_numeric_calibration,false
frankfort_elberta_mi,walleye,7,2025-02-12,2025-02-18,2025-02-15,,0,7,unavailable_evidence_gap,insufficient_for_numeric_calibration,false
frankfort_elberta_mi,walleye,8,2025-02-19,2025-02-25,2025-02-22,,0,7,unavailable_evidence_gap,insufficient_for_numeric_calibration,false
frankfort_elberta_mi,walleye,9,2025-02-26,2025-03-04,2025-03-01,,0,7,unavailable_evidence_gap,insufficient_for_numeric_calibration,false
frankfort_elberta_mi,walleye,10,2025-03-05,2025-03-11,2025-03-08,,0,7,unavailable_evidence_gap,insufficient_for_numeric_calibration,false
frankfort_elberta_mi,walleye,11,2025-03-12,2025-03-18,2025-03-15,,0,7,unavailable_evidence_gap,insufficient_for_numeric_calibration,false
frankfort_elberta_mi,walleye,12,2025-03-19,2025-03-25,2025-03-22,,0,7,unavailable_evidence_gap,insufficient_for_numeric_calibration,false
frankfort_elberta_mi,walleye,13,2025-03-26,2025-04-01,2025-03-29,,0,7,unavailable_evidence_gap,insufficient_for_numeric_calibration,false
frankfort_elberta_mi,walleye,14,2025-04-02,2025-04-08,2025-04-05,,0,7,unavailable_evidence_gap,insufficient_for_numeric_calibration,false
frankfort_elberta_mi,walleye,15,2025-04-09,2025-04-15,2025-04-12,,0,7,unavailable_evidence_gap,insufficient_for_numeric_calibration,false
frankfort_elberta_mi,walleye,16,2025-04-16,2025-04-22,2025-04-19,,0,7,unavailable_evidence_gap,insufficient_for_numeric_calibration,false
frankfort_elberta_mi,walleye,17,2025-04-23,2025-04-29,2025-04-26,,0,7,unavailable_evidence_gap,insufficient_for_numeric_calibration,false
frankfort_elberta_mi,walleye,18,2025-04-30,2025-05-06,2025-05-03,,0,7,unavailable_evidence_gap,insufficient_for_numeric_calibration,false
frankfort_elberta_mi,walleye,19,2025-05-07,2025-05-13,2025-05-10,,0,7,unavailable_evidence_gap,insufficient_for_numeric_calibration,false
frankfort_elberta_mi,walleye,20,2025-05-14,2025-05-20,2025-05-17,,0,7,unavailable_evidence_gap,insufficient_for_numeric_calibration,false
frankfort_elberta_mi,walleye,21,2025-05-21,2025-05-27,2025-05-24,,0,7,unavailable_evidence_gap,insufficient_for_numeric_calibration,false
frankfort_elberta_mi,walleye,22,2025-05-28,2025-06-03,2025-05-31,,0,7,unavailable_evidence_gap,insufficient_for_numeric_calibration,false
frankfort_elberta_mi,walleye,23,2025-06-04,2025-06-10,2025-06-07,,0,7,unavailable_evidence_gap,insufficient_for_numeric_calibration,false
frankfort_elberta_mi,walleye,24,2025-06-11,2025-06-17,2025-06-14,,0,7,unavailable_evidence_gap,insufficient_for_numeric_calibration,false
frankfort_elberta_mi,walleye,25,2025-06-18,2025-06-24,2025-06-21,,0,7,unavailable_evidence_gap,insufficient_for_numeric_calibration,false
frankfort_elberta_mi,walleye,26,2025-06-25,2025-07-01,2025-06-28,,0,7,unavailable_evidence_gap,insufficient_for_numeric_calibration,false
frankfort_elberta_mi,walleye,27,2025-07-02,2025-07-08,2025-07-05,,0,7,unavailable_evidence_gap,insufficient_for_numeric_calibration,false
frankfort_elberta_mi,walleye,28,2025-07-09,2025-07-15,2025-07-12,,0,7,unavailable_evidence_gap,insufficient_for_numeric_calibration,false
frankfort_elberta_mi,walleye,29,2025-07-16,2025-07-22,2025-07-19,,0,7,unavailable_evidence_gap,insufficient_for_numeric_calibration,false
frankfort_elberta_mi,walleye,30,2025-07-23,2025-07-29,2025-07-26,,0,7,unavailable_evidence_gap,insufficient_for_numeric_calibration,false
frankfort_elberta_mi,walleye,31,2025-07-30,2025-08-05,2025-08-02,,0,7,unavailable_evidence_gap,insufficient_for_numeric_calibration,false
frankfort_elberta_mi,walleye,32,2025-08-06,2025-08-12,2025-08-09,,0,7,unavailable_evidence_gap,insufficient_for_numeric_calibration,false
frankfort_elberta_mi,walleye,33,2025-08-13,2025-08-19,2025-08-16,,0,7,unavailable_evidence_gap,insufficient_for_numeric_calibration,false
frankfort_elberta_mi,walleye,34,2025-08-20,2025-08-26,2025-08-23,,0,7,unavailable_evidence_gap,insufficient_for_numeric_calibration,false
frankfort_elberta_mi,walleye,35,2025-08-27,2025-09-02,2025-08-30,,0,7,unavailable_evidence_gap,insufficient_for_numeric_calibration,false
frankfort_elberta_mi,walleye,36,2025-09-03,2025-09-09,2025-09-06,,0,7,unavailable_evidence_gap,insufficient_for_numeric_calibration,false
frankfort_elberta_mi,walleye,37,2025-09-10,2025-09-16,2025-09-13,,0,7,unavailable_evidence_gap,insufficient_for_numeric_calibration,false
frankfort_elberta_mi,walleye,38,2025-09-17,2025-09-23,2025-09-20,,0,7,unavailable_evidence_gap,insufficient_for_numeric_calibration,false
frankfort_elberta_mi,walleye,39,2025-09-24,2025-09-30,2025-09-27,,0,7,unavailable_evidence_gap,insufficient_for_numeric_calibration,false
frankfort_elberta_mi,walleye,40,2025-10-01,2025-10-07,2025-10-04,,0,7,unavailable_evidence_gap,insufficient_for_numeric_calibration,false
frankfort_elberta_mi,walleye,41,2025-10-08,2025-10-14,2025-10-11,,0,7,unavailable_evidence_gap,insufficient_for_numeric_calibration,false
frankfort_elberta_mi,walleye,42,2025-10-15,2025-10-21,2025-10-18,,0,7,unavailable_evidence_gap,insufficient_for_numeric_calibration,false
frankfort_elberta_mi,walleye,43,2025-10-22,2025-10-28,2025-10-25,,0,7,unavailable_evidence_gap,insufficient_for_numeric_calibration,false
frankfort_elberta_mi,walleye,44,2025-10-29,2025-11-04,2025-11-01,,0,7,unavailable_evidence_gap,insufficient_for_numeric_calibration,false
frankfort_elberta_mi,walleye,45,2025-11-05,2025-11-11,2025-11-08,,0,7,unavailable_evidence_gap,insufficient_for_numeric_calibration,false
frankfort_elberta_mi,walleye,46,2025-11-12,2025-11-18,2025-11-15,,0,7,unavailable_evidence_gap,insufficient_for_numeric_calibration,false
frankfort_elberta_mi,walleye,47,2025-11-19,2025-11-25,2025-11-22,,0,7,unavailable_evidence_gap,insufficient_for_numeric_calibration,false
frankfort_elberta_mi,walleye,48,2025-11-26,2025-12-02,2025-11-29,,0,7,unavailable_evidence_gap,insufficient_for_numeric_calibration,false
frankfort_elberta_mi,walleye,49,2025-12-03,2025-12-09,2025-12-06,,0,7,unavailable_evidence_gap,insufficient_for_numeric_calibration,false
frankfort_elberta_mi,walleye,50,2025-12-10,2025-12-16,2025-12-13,,0,7,unavailable_evidence_gap,insufficient_for_numeric_calibration,false
frankfort_elberta_mi,walleye,51,2025-12-17,2025-12-23,2025-12-20,,0,7,unavailable_evidence_gap,insufficient_for_numeric_calibration,false
frankfort_elberta_mi,walleye,52,2025-12-24,2025-12-31,2025-12-27,,0,8,unavailable_evidence_gap,insufficient_for_numeric_calibration,false
frankfort_elberta_mi,smallmouth_bass,1,2025-01-01,2025-01-07,2025-01-04,,0,7,unavailable_evidence_gap,insufficient_for_numeric_calibration,false
frankfort_elberta_mi,smallmouth_bass,2,2025-01-08,2025-01-14,2025-01-11,,0,7,unavailable_evidence_gap,insufficient_for_numeric_calibration,false
frankfort_elberta_mi,smallmouth_bass,3,2025-01-15,2025-01-21,2025-01-18,,0,7,unavailable_evidence_gap,insufficient_for_numeric_calibration,false
frankfort_elberta_mi,smallmouth_bass,4,2025-01-22,2025-01-28,2025-01-25,,0,7,unavailable_evidence_gap,insufficient_for_numeric_calibration,false
frankfort_elberta_mi,smallmouth_bass,5,2025-01-29,2025-02-04,2025-02-01,,0,7,unavailable_evidence_gap,insufficient_for_numeric_calibration,false
frankfort_elberta_mi,smallmouth_bass,6,2025-02-05,2025-02-11,2025-02-08,,0,7,unavailable_evidence_gap,insufficient_for_numeric_calibration,false
frankfort_elberta_mi,smallmouth_bass,7,2025-02-12,2025-02-18,2025-02-15,,0,7,unavailable_evidence_gap,insufficient_for_numeric_calibration,false
frankfort_elberta_mi,smallmouth_bass,8,2025-02-19,2025-02-25,2025-02-22,,0,7,unavailable_evidence_gap,insufficient_for_numeric_calibration,false
frankfort_elberta_mi,smallmouth_bass,9,2025-02-26,2025-03-04,2025-03-01,,0,7,unavailable_evidence_gap,insufficient_for_numeric_calibration,false
frankfort_elberta_mi,smallmouth_bass,10,2025-03-05,2025-03-11,2025-03-08,,0,7,unavailable_evidence_gap,insufficient_for_numeric_calibration,false
frankfort_elberta_mi,smallmouth_bass,11,2025-03-12,2025-03-18,2025-03-15,,0,7,unavailable_evidence_gap,insufficient_for_numeric_calibration,false
frankfort_elberta_mi,smallmouth_bass,12,2025-03-19,2025-03-25,2025-03-22,,0,7,unavailable_evidence_gap,insufficient_for_numeric_calibration,false
frankfort_elberta_mi,smallmouth_bass,13,2025-03-26,2025-04-01,2025-03-29,,0,7,unavailable_evidence_gap,insufficient_for_numeric_calibration,false
frankfort_elberta_mi,smallmouth_bass,14,2025-04-02,2025-04-08,2025-04-05,,0,7,unavailable_evidence_gap,insufficient_for_numeric_calibration,false
frankfort_elberta_mi,smallmouth_bass,15,2025-04-09,2025-04-15,2025-04-12,,0,7,unavailable_evidence_gap,insufficient_for_numeric_calibration,false
frankfort_elberta_mi,smallmouth_bass,16,2025-04-16,2025-04-22,2025-04-19,,0,7,unavailable_evidence_gap,insufficient_for_numeric_calibration,false
frankfort_elberta_mi,smallmouth_bass,17,2025-04-23,2025-04-29,2025-04-26,,0,7,unavailable_evidence_gap,insufficient_for_numeric_calibration,false
frankfort_elberta_mi,smallmouth_bass,18,2025-04-30,2025-05-06,2025-05-03,,0,7,unavailable_evidence_gap,insufficient_for_numeric_calibration,false
frankfort_elberta_mi,smallmouth_bass,19,2025-05-07,2025-05-13,2025-05-10,,0,7,unavailable_evidence_gap,insufficient_for_numeric_calibration,false
frankfort_elberta_mi,smallmouth_bass,20,2025-05-14,2025-05-20,2025-05-17,,0,7,unavailable_evidence_gap,insufficient_for_numeric_calibration,false
frankfort_elberta_mi,smallmouth_bass,21,2025-05-21,2025-05-27,2025-05-24,,0,7,unavailable_evidence_gap,insufficient_for_numeric_calibration,false
frankfort_elberta_mi,smallmouth_bass,22,2025-05-28,2025-06-03,2025-05-31,,0,7,unavailable_evidence_gap,insufficient_for_numeric_calibration,false
frankfort_elberta_mi,smallmouth_bass,23,2025-06-04,2025-06-10,2025-06-07,,0,7,unavailable_evidence_gap,insufficient_for_numeric_calibration,false
frankfort_elberta_mi,smallmouth_bass,24,2025-06-11,2025-06-17,2025-06-14,,0,7,unavailable_evidence_gap,insufficient_for_numeric_calibration,false
frankfort_elberta_mi,smallmouth_bass,25,2025-06-18,2025-06-24,2025-06-21,,0,7,unavailable_evidence_gap,insufficient_for_numeric_calibration,false
frankfort_elberta_mi,smallmouth_bass,26,2025-06-25,2025-07-01,2025-06-28,,0,7,unavailable_evidence_gap,insufficient_for_numeric_calibration,false
frankfort_elberta_mi,smallmouth_bass,27,2025-07-02,2025-07-08,2025-07-05,,0,7,unavailable_evidence_gap,insufficient_for_numeric_calibration,false
frankfort_elberta_mi,smallmouth_bass,28,2025-07-09,2025-07-15,2025-07-12,,0,7,unavailable_evidence_gap,insufficient_for_numeric_calibration,false
frankfort_elberta_mi,smallmouth_bass,29,2025-07-16,2025-07-22,2025-07-19,,0,7,unavailable_evidence_gap,insufficient_for_numeric_calibration,false
frankfort_elberta_mi,smallmouth_bass,30,2025-07-23,2025-07-29,2025-07-26,,0,7,unavailable_evidence_gap,insufficient_for_numeric_calibration,false
frankfort_elberta_mi,smallmouth_bass,31,2025-07-30,2025-08-05,2025-08-02,,0,7,unavailable_evidence_gap,insufficient_for_numeric_calibration,false
frankfort_elberta_mi,smallmouth_bass,32,2025-08-06,2025-08-12,2025-08-09,,0,7,unavailable_evidence_gap,insufficient_for_numeric_calibration,false
frankfort_elberta_mi,smallmouth_bass,33,2025-08-13,2025-08-19,2025-08-16,,0,7,unavailable_evidence_gap,insufficient_for_numeric_calibration,false
frankfort_elberta_mi,smallmouth_bass,34,2025-08-20,2025-08-26,2025-08-23,,0,7,unavailable_evidence_gap,insufficient_for_numeric_calibration,false
frankfort_elberta_mi,smallmouth_bass,35,2025-08-27,2025-09-02,2025-08-30,,0,7,unavailable_evidence_gap,insufficient_for_numeric_calibration,false
frankfort_elberta_mi,smallmouth_bass,36,2025-09-03,2025-09-09,2025-09-06,,0,7,unavailable_evidence_gap,insufficient_for_numeric_calibration,false
frankfort_elberta_mi,smallmouth_bass,37,2025-09-10,2025-09-16,2025-09-13,,0,7,unavailable_evidence_gap,insufficient_for_numeric_calibration,false
frankfort_elberta_mi,smallmouth_bass,38,2025-09-17,2025-09-23,2025-09-20,,0,7,unavailable_evidence_gap,insufficient_for_numeric_calibration,false
frankfort_elberta_mi,smallmouth_bass,39,2025-09-24,2025-09-30,2025-09-27,,0,7,unavailable_evidence_gap,insufficient_for_numeric_calibration,false
frankfort_elberta_mi,smallmouth_bass,40,2025-10-01,2025-10-07,2025-10-04,,0,7,unavailable_evidence_gap,insufficient_for_numeric_calibration,false
frankfort_elberta_mi,smallmouth_bass,41,2025-10-08,2025-10-14,2025-10-11,,0,7,unavailable_evidence_gap,insufficient_for_numeric_calibration,false
frankfort_elberta_mi,smallmouth_bass,42,2025-10-15,2025-10-21,2025-10-18,,0,7,unavailable_evidence_gap,insufficient_for_numeric_calibration,false
frankfort_elberta_mi,smallmouth_bass,43,2025-10-22,2025-10-28,2025-10-25,,0,7,unavailable_evidence_gap,insufficient_for_numeric_calibration,false
frankfort_elberta_mi,smallmouth_bass,44,2025-10-29,2025-11-04,2025-11-01,,0,7,unavailable_evidence_gap,insufficient_for_numeric_calibration,false
frankfort_elberta_mi,smallmouth_bass,45,2025-11-05,2025-11-11,2025-11-08,,0,7,unavailable_evidence_gap,insufficient_for_numeric_calibration,false
frankfort_elberta_mi,smallmouth_bass,46,2025-11-12,2025-11-18,2025-11-15,,0,7,unavailable_evidence_gap,insufficient_for_numeric_calibration,false
frankfort_elberta_mi,smallmouth_bass,47,2025-11-19,2025-11-25,2025-11-22,,0,7,unavailable_evidence_gap,insufficient_for_numeric_calibration,false
frankfort_elberta_mi,smallmouth_bass,48,2025-11-26,2025-12-02,2025-11-29,,0,7,unavailable_evidence_gap,insufficient_for_numeric_calibration,false
frankfort_elberta_mi,smallmouth_bass,49,2025-12-03,2025-12-09,2025-12-06,,0,7,unavailable_evidence_gap,insufficient_for_numeric_calibration,false
frankfort_elberta_mi,smallmouth_bass,50,2025-12-10,2025-12-16,2025-12-13,,0,7,unavailable_evidence_gap,insufficient_for_numeric_calibration,false
frankfort_elberta_mi,smallmouth_bass,51,2025-12-17,2025-12-23,2025-12-20,,0,7,unavailable_evidence_gap,insufficient_for_numeric_calibration,false
frankfort_elberta_mi,smallmouth_bass,52,2025-12-24,2025-12-31,2025-12-27,,0,8,unavailable_evidence_gap,insufficient_for_numeric_calibration,false
frankfort_elberta_mi,freshwater_drum,1,2025-01-01,2025-01-07,2025-01-04,,0,7,unavailable_evidence_gap,insufficient_for_numeric_calibration,false
frankfort_elberta_mi,freshwater_drum,2,2025-01-08,2025-01-14,2025-01-11,,0,7,unavailable_evidence_gap,insufficient_for_numeric_calibration,false
frankfort_elberta_mi,freshwater_drum,3,2025-01-15,2025-01-21,2025-01-18,,0,7,unavailable_evidence_gap,insufficient_for_numeric_calibration,false
frankfort_elberta_mi,freshwater_drum,4,2025-01-22,2025-01-28,2025-01-25,,0,7,unavailable_evidence_gap,insufficient_for_numeric_calibration,false
frankfort_elberta_mi,freshwater_drum,5,2025-01-29,2025-02-04,2025-02-01,,0,7,unavailable_evidence_gap,insufficient_for_numeric_calibration,false
frankfort_elberta_mi,freshwater_drum,6,2025-02-05,2025-02-11,2025-02-08,,0,7,unavailable_evidence_gap,insufficient_for_numeric_calibration,false
frankfort_elberta_mi,freshwater_drum,7,2025-02-12,2025-02-18,2025-02-15,,0,7,unavailable_evidence_gap,insufficient_for_numeric_calibration,false
frankfort_elberta_mi,freshwater_drum,8,2025-02-19,2025-02-25,2025-02-22,,0,7,unavailable_evidence_gap,insufficient_for_numeric_calibration,false
frankfort_elberta_mi,freshwater_drum,9,2025-02-26,2025-03-04,2025-03-01,,0,7,unavailable_evidence_gap,insufficient_for_numeric_calibration,false
frankfort_elberta_mi,freshwater_drum,10,2025-03-05,2025-03-11,2025-03-08,,0,7,unavailable_evidence_gap,insufficient_for_numeric_calibration,false
frankfort_elberta_mi,freshwater_drum,11,2025-03-12,2025-03-18,2025-03-15,,0,7,unavailable_evidence_gap,insufficient_for_numeric_calibration,false
frankfort_elberta_mi,freshwater_drum,12,2025-03-19,2025-03-25,2025-03-22,,0,7,unavailable_evidence_gap,insufficient_for_numeric_calibration,false
frankfort_elberta_mi,freshwater_drum,13,2025-03-26,2025-04-01,2025-03-29,,0,7,unavailable_evidence_gap,insufficient_for_numeric_calibration,false
frankfort_elberta_mi,freshwater_drum,14,2025-04-02,2025-04-08,2025-04-05,,0,7,unavailable_evidence_gap,insufficient_for_numeric_calibration,false
frankfort_elberta_mi,freshwater_drum,15,2025-04-09,2025-04-15,2025-04-12,,0,7,unavailable_evidence_gap,insufficient_for_numeric_calibration,false
frankfort_elberta_mi,freshwater_drum,16,2025-04-16,2025-04-22,2025-04-19,,0,7,unavailable_evidence_gap,insufficient_for_numeric_calibration,false
frankfort_elberta_mi,freshwater_drum,17,2025-04-23,2025-04-29,2025-04-26,,0,7,unavailable_evidence_gap,insufficient_for_numeric_calibration,false
frankfort_elberta_mi,freshwater_drum,18,2025-04-30,2025-05-06,2025-05-03,,0,7,unavailable_evidence_gap,insufficient_for_numeric_calibration,false
frankfort_elberta_mi,freshwater_drum,19,2025-05-07,2025-05-13,2025-05-10,,0,7,unavailable_evidence_gap,insufficient_for_numeric_calibration,false
frankfort_elberta_mi,freshwater_drum,20,2025-05-14,2025-05-20,2025-05-17,,0,7,unavailable_evidence_gap,insufficient_for_numeric_calibration,false
frankfort_elberta_mi,freshwater_drum,21,2025-05-21,2025-05-27,2025-05-24,,0,7,unavailable_evidence_gap,insufficient_for_numeric_calibration,false
frankfort_elberta_mi,freshwater_drum,22,2025-05-28,2025-06-03,2025-05-31,,0,7,unavailable_evidence_gap,insufficient_for_numeric_calibration,false
frankfort_elberta_mi,freshwater_drum,23,2025-06-04,2025-06-10,2025-06-07,,0,7,unavailable_evidence_gap,insufficient_for_numeric_calibration,false
frankfort_elberta_mi,freshwater_drum,24,2025-06-11,2025-06-17,2025-06-14,,0,7,unavailable_evidence_gap,insufficient_for_numeric_calibration,false
frankfort_elberta_mi,freshwater_drum,25,2025-06-18,2025-06-24,2025-06-21,,0,7,unavailable_evidence_gap,insufficient_for_numeric_calibration,false
frankfort_elberta_mi,freshwater_drum,26,2025-06-25,2025-07-01,2025-06-28,,0,7,unavailable_evidence_gap,insufficient_for_numeric_calibration,false
frankfort_elberta_mi,freshwater_drum,27,2025-07-02,2025-07-08,2025-07-05,,0,7,unavailable_evidence_gap,insufficient_for_numeric_calibration,false
frankfort_elberta_mi,freshwater_drum,28,2025-07-09,2025-07-15,2025-07-12,,0,7,unavailable_evidence_gap,insufficient_for_numeric_calibration,false
frankfort_elberta_mi,freshwater_drum,29,2025-07-16,2025-07-22,2025-07-19,,0,7,unavailable_evidence_gap,insufficient_for_numeric_calibration,false
frankfort_elberta_mi,freshwater_drum,30,2025-07-23,2025-07-29,2025-07-26,,0,7,unavailable_evidence_gap,insufficient_for_numeric_calibration,false
frankfort_elberta_mi,freshwater_drum,31,2025-07-30,2025-08-05,2025-08-02,,0,7,unavailable_evidence_gap,insufficient_for_numeric_calibration,false
frankfort_elberta_mi,freshwater_drum,32,2025-08-06,2025-08-12,2025-08-09,,0,7,unavailable_evidence_gap,insufficient_for_numeric_calibration,false
frankfort_elberta_mi,freshwater_drum,33,2025-08-13,2025-08-19,2025-08-16,,0,7,unavailable_evidence_gap,insufficient_for_numeric_calibration,false
frankfort_elberta_mi,freshwater_drum,34,2025-08-20,2025-08-26,2025-08-23,,0,7,unavailable_evidence_gap,insufficient_for_numeric_calibration,false
frankfort_elberta_mi,freshwater_drum,35,2025-08-27,2025-09-02,2025-08-30,,0,7,unavailable_evidence_gap,insufficient_for_numeric_calibration,false
frankfort_elberta_mi,freshwater_drum,36,2025-09-03,2025-09-09,2025-09-06,,0,7,unavailable_evidence_gap,insufficient_for_numeric_calibration,false
frankfort_elberta_mi,freshwater_drum,37,2025-09-10,2025-09-16,2025-09-13,,0,7,unavailable_evidence_gap,insufficient_for_numeric_calibration,false
frankfort_elberta_mi,freshwater_drum,38,2025-09-17,2025-09-23,2025-09-20,,0,7,unavailable_evidence_gap,insufficient_for_numeric_calibration,false
frankfort_elberta_mi,freshwater_drum,39,2025-09-24,2025-09-30,2025-09-27,,0,7,unavailable_evidence_gap,insufficient_for_numeric_calibration,false
frankfort_elberta_mi,freshwater_drum,40,2025-10-01,2025-10-07,2025-10-04,,0,7,unavailable_evidence_gap,insufficient_for_numeric_calibration,false
frankfort_elberta_mi,freshwater_drum,41,2025-10-08,2025-10-14,2025-10-11,,0,7,unavailable_evidence_gap,insufficient_for_numeric_calibration,false
frankfort_elberta_mi,freshwater_drum,42,2025-10-15,2025-10-21,2025-10-18,,0,7,unavailable_evidence_gap,insufficient_for_numeric_calibration,false
frankfort_elberta_mi,freshwater_drum,43,2025-10-22,2025-10-28,2025-10-25,,0,7,unavailable_evidence_gap,insufficient_for_numeric_calibration,false
frankfort_elberta_mi,freshwater_drum,44,2025-10-29,2025-11-04,2025-11-01,,0,7,unavailable_evidence_gap,insufficient_for_numeric_calibration,false
frankfort_elberta_mi,freshwater_drum,45,2025-11-05,2025-11-11,2025-11-08,,0,7,unavailable_evidence_gap,insufficient_for_numeric_calibration,false
frankfort_elberta_mi,freshwater_drum,46,2025-11-12,2025-11-18,2025-11-15,,0,7,unavailable_evidence_gap,insufficient_for_numeric_calibration,false
frankfort_elberta_mi,freshwater_drum,47,2025-11-19,2025-11-25,2025-11-22,,0,7,unavailable_evidence_gap,insufficient_for_numeric_calibration,false
frankfort_elberta_mi,freshwater_drum,48,2025-11-26,2025-12-02,2025-11-29,,0,7,unavailable_evidence_gap,insufficient_for_numeric_calibration,false
frankfort_elberta_mi,freshwater_drum,49,2025-12-03,2025-12-09,2025-12-06,,0,7,unavailable_evidence_gap,insufficient_for_numeric_calibration,false
frankfort_elberta_mi,freshwater_drum,50,2025-12-10,2025-12-16,2025-12-13,,0,7,unavailable_evidence_gap,insufficient_for_numeric_calibration,false
frankfort_elberta_mi,freshwater_drum,51,2025-12-17,2025-12-23,2025-12-20,,0,7,unavailable_evidence_gap,insufficient_for_numeric_calibration,false
frankfort_elberta_mi,freshwater_drum,52,2025-12-24,2025-12-31,2025-12-27,,0,8,unavailable_evidence_gap,insufficient_for_numeric_calibration,false
frankfort_elberta_mi,yellow_perch,1,2025-01-01,2025-01-07,2025-01-04,,0,7,unavailable_evidence_gap,insufficient_for_numeric_calibration,false
frankfort_elberta_mi,yellow_perch,2,2025-01-08,2025-01-14,2025-01-11,,0,7,unavailable_evidence_gap,insufficient_for_numeric_calibration,false
frankfort_elberta_mi,yellow_perch,3,2025-01-15,2025-01-21,2025-01-18,,0,7,unavailable_evidence_gap,insufficient_for_numeric_calibration,false
frankfort_elberta_mi,yellow_perch,4,2025-01-22,2025-01-28,2025-01-25,,0,7,unavailable_evidence_gap,insufficient_for_numeric_calibration,false
frankfort_elberta_mi,yellow_perch,5,2025-01-29,2025-02-04,2025-02-01,,0,7,unavailable_evidence_gap,insufficient_for_numeric_calibration,false
frankfort_elberta_mi,yellow_perch,6,2025-02-05,2025-02-11,2025-02-08,,0,7,unavailable_evidence_gap,insufficient_for_numeric_calibration,false
frankfort_elberta_mi,yellow_perch,7,2025-02-12,2025-02-18,2025-02-15,,0,7,unavailable_evidence_gap,insufficient_for_numeric_calibration,false
frankfort_elberta_mi,yellow_perch,8,2025-02-19,2025-02-25,2025-02-22,,0,7,unavailable_evidence_gap,insufficient_for_numeric_calibration,false
frankfort_elberta_mi,yellow_perch,9,2025-02-26,2025-03-04,2025-03-01,,0,7,unavailable_evidence_gap,insufficient_for_numeric_calibration,false
frankfort_elberta_mi,yellow_perch,10,2025-03-05,2025-03-11,2025-03-08,,0,7,unavailable_evidence_gap,insufficient_for_numeric_calibration,false
frankfort_elberta_mi,yellow_perch,11,2025-03-12,2025-03-18,2025-03-15,,0,7,unavailable_evidence_gap,insufficient_for_numeric_calibration,false
frankfort_elberta_mi,yellow_perch,12,2025-03-19,2025-03-25,2025-03-22,,0,7,unavailable_evidence_gap,insufficient_for_numeric_calibration,false
frankfort_elberta_mi,yellow_perch,13,2025-03-26,2025-04-01,2025-03-29,,0,7,unavailable_evidence_gap,insufficient_for_numeric_calibration,false
frankfort_elberta_mi,yellow_perch,14,2025-04-02,2025-04-08,2025-04-05,,0,7,unavailable_evidence_gap,insufficient_for_numeric_calibration,false
frankfort_elberta_mi,yellow_perch,15,2025-04-09,2025-04-15,2025-04-12,,0,7,unavailable_evidence_gap,insufficient_for_numeric_calibration,false
frankfort_elberta_mi,yellow_perch,16,2025-04-16,2025-04-22,2025-04-19,,0,7,unavailable_evidence_gap,insufficient_for_numeric_calibration,false
frankfort_elberta_mi,yellow_perch,17,2025-04-23,2025-04-29,2025-04-26,,0,7,unavailable_evidence_gap,insufficient_for_numeric_calibration,false
frankfort_elberta_mi,yellow_perch,18,2025-04-30,2025-05-06,2025-05-03,,0,7,unavailable_evidence_gap,insufficient_for_numeric_calibration,false
frankfort_elberta_mi,yellow_perch,19,2025-05-07,2025-05-13,2025-05-10,,0,7,unavailable_evidence_gap,insufficient_for_numeric_calibration,false
frankfort_elberta_mi,yellow_perch,20,2025-05-14,2025-05-20,2025-05-17,,0,7,unavailable_evidence_gap,insufficient_for_numeric_calibration,false
frankfort_elberta_mi,yellow_perch,21,2025-05-21,2025-05-27,2025-05-24,,0,7,unavailable_evidence_gap,insufficient_for_numeric_calibration,false
frankfort_elberta_mi,yellow_perch,22,2025-05-28,2025-06-03,2025-05-31,,0,7,unavailable_evidence_gap,insufficient_for_numeric_calibration,false
frankfort_elberta_mi,yellow_perch,23,2025-06-04,2025-06-10,2025-06-07,,0,7,unavailable_evidence_gap,insufficient_for_numeric_calibration,false
frankfort_elberta_mi,yellow_perch,24,2025-06-11,2025-06-17,2025-06-14,,0,7,unavailable_evidence_gap,insufficient_for_numeric_calibration,false
frankfort_elberta_mi,yellow_perch,25,2025-06-18,2025-06-24,2025-06-21,,0,7,unavailable_evidence_gap,insufficient_for_numeric_calibration,false
frankfort_elberta_mi,yellow_perch,26,2025-06-25,2025-07-01,2025-06-28,,0,7,unavailable_evidence_gap,insufficient_for_numeric_calibration,false
frankfort_elberta_mi,yellow_perch,27,2025-07-02,2025-07-08,2025-07-05,,0,7,unavailable_evidence_gap,insufficient_for_numeric_calibration,false
frankfort_elberta_mi,yellow_perch,28,2025-07-09,2025-07-15,2025-07-12,,0,7,unavailable_evidence_gap,insufficient_for_numeric_calibration,false
frankfort_elberta_mi,yellow_perch,29,2025-07-16,2025-07-22,2025-07-19,,0,7,unavailable_evidence_gap,insufficient_for_numeric_calibration,false
frankfort_elberta_mi,yellow_perch,30,2025-07-23,2025-07-29,2025-07-26,,0,7,unavailable_evidence_gap,insufficient_for_numeric_calibration,false
frankfort_elberta_mi,yellow_perch,31,2025-07-30,2025-08-05,2025-08-02,,0,7,unavailable_evidence_gap,insufficient_for_numeric_calibration,false
frankfort_elberta_mi,yellow_perch,32,2025-08-06,2025-08-12,2025-08-09,,0,7,unavailable_evidence_gap,insufficient_for_numeric_calibration,false
frankfort_elberta_mi,yellow_perch,33,2025-08-13,2025-08-19,2025-08-16,,0,7,unavailable_evidence_gap,insufficient_for_numeric_calibration,false
frankfort_elberta_mi,yellow_perch,34,2025-08-20,2025-08-26,2025-08-23,,0,7,unavailable_evidence_gap,insufficient_for_numeric_calibration,false
frankfort_elberta_mi,yellow_perch,35,2025-08-27,2025-09-02,2025-08-30,,0,7,unavailable_evidence_gap,insufficient_for_numeric_calibration,false
frankfort_elberta_mi,yellow_perch,36,2025-09-03,2025-09-09,2025-09-06,,0,7,unavailable_evidence_gap,insufficient_for_numeric_calibration,false
frankfort_elberta_mi,yellow_perch,37,2025-09-10,2025-09-16,2025-09-13,,0,7,unavailable_evidence_gap,insufficient_for_numeric_calibration,false
frankfort_elberta_mi,yellow_perch,38,2025-09-17,2025-09-23,2025-09-20,,0,7,unavailable_evidence_gap,insufficient_for_numeric_calibration,false
frankfort_elberta_mi,yellow_perch,39,2025-09-24,2025-09-30,2025-09-27,,0,7,unavailable_evidence_gap,insufficient_for_numeric_calibration,false
frankfort_elberta_mi,yellow_perch,40,2025-10-01,2025-10-07,2025-10-04,,0,7,unavailable_evidence_gap,insufficient_for_numeric_calibration,false
frankfort_elberta_mi,yellow_perch,41,2025-10-08,2025-10-14,2025-10-11,,0,7,unavailable_evidence_gap,insufficient_for_numeric_calibration,false
frankfort_elberta_mi,yellow_perch,42,2025-10-15,2025-10-21,2025-10-18,,0,7,unavailable_evidence_gap,insufficient_for_numeric_calibration,false
frankfort_elberta_mi,yellow_perch,43,2025-10-22,2025-10-28,2025-10-25,,0,7,unavailable_evidence_gap,insufficient_for_numeric_calibration,false
frankfort_elberta_mi,yellow_perch,44,2025-10-29,2025-11-04,2025-11-01,,0,7,unavailable_evidence_gap,insufficient_for_numeric_calibration,false
frankfort_elberta_mi,yellow_perch,45,2025-11-05,2025-11-11,2025-11-08,,0,7,unavailable_evidence_gap,insufficient_for_numeric_calibration,false
frankfort_elberta_mi,yellow_perch,46,2025-11-12,2025-11-18,2025-11-15,,0,7,unavailable_evidence_gap,insufficient_for_numeric_calibration,false
frankfort_elberta_mi,yellow_perch,47,2025-11-19,2025-11-25,2025-11-22,,0,7,unavailable_evidence_gap,insufficient_for_numeric_calibration,false
frankfort_elberta_mi,yellow_perch,48,2025-11-26,2025-12-02,2025-11-29,,0,7,unavailable_evidence_gap,insufficient_for_numeric_calibration,false
frankfort_elberta_mi,yellow_perch,49,2025-12-03,2025-12-09,2025-12-06,,0,7,unavailable_evidence_gap,insufficient_for_numeric_calibration,false
frankfort_elberta_mi,yellow_perch,50,2025-12-10,2025-12-16,2025-12-13,,0,7,unavailable_evidence_gap,insufficient_for_numeric_calibration,false
frankfort_elberta_mi,yellow_perch,51,2025-12-17,2025-12-23,2025-12-20,,0,7,unavailable_evidence_gap,insufficient_for_numeric_calibration,false
frankfort_elberta_mi,yellow_perch,52,2025-12-24,2025-12-31,2025-12-27,,0,8,unavailable_evidence_gap,insufficient_for_numeric_calibration,false
frankfort_elberta_mi,lake_whitefish,1,2025-01-01,2025-01-07,2025-01-04,,0,7,unavailable_evidence_gap,insufficient_for_numeric_calibration,false
frankfort_elberta_mi,lake_whitefish,2,2025-01-08,2025-01-14,2025-01-11,,0,7,unavailable_evidence_gap,insufficient_for_numeric_calibration,false
frankfort_elberta_mi,lake_whitefish,3,2025-01-15,2025-01-21,2025-01-18,,0,7,unavailable_evidence_gap,insufficient_for_numeric_calibration,false
frankfort_elberta_mi,lake_whitefish,4,2025-01-22,2025-01-28,2025-01-25,,0,7,unavailable_evidence_gap,insufficient_for_numeric_calibration,false
frankfort_elberta_mi,lake_whitefish,5,2025-01-29,2025-02-04,2025-02-01,,0,7,unavailable_evidence_gap,insufficient_for_numeric_calibration,false
frankfort_elberta_mi,lake_whitefish,6,2025-02-05,2025-02-11,2025-02-08,,0,7,unavailable_evidence_gap,insufficient_for_numeric_calibration,false
frankfort_elberta_mi,lake_whitefish,7,2025-02-12,2025-02-18,2025-02-15,,0,7,unavailable_evidence_gap,insufficient_for_numeric_calibration,false
frankfort_elberta_mi,lake_whitefish,8,2025-02-19,2025-02-25,2025-02-22,,0,7,unavailable_evidence_gap,insufficient_for_numeric_calibration,false
frankfort_elberta_mi,lake_whitefish,9,2025-02-26,2025-03-04,2025-03-01,,0,7,unavailable_evidence_gap,insufficient_for_numeric_calibration,false
frankfort_elberta_mi,lake_whitefish,10,2025-03-05,2025-03-11,2025-03-08,,0,7,unavailable_evidence_gap,insufficient_for_numeric_calibration,false
frankfort_elberta_mi,lake_whitefish,11,2025-03-12,2025-03-18,2025-03-15,,0,7,unavailable_evidence_gap,insufficient_for_numeric_calibration,false
frankfort_elberta_mi,lake_whitefish,12,2025-03-19,2025-03-25,2025-03-22,,0,7,unavailable_evidence_gap,insufficient_for_numeric_calibration,false
frankfort_elberta_mi,lake_whitefish,13,2025-03-26,2025-04-01,2025-03-29,,0,7,unavailable_evidence_gap,insufficient_for_numeric_calibration,false
frankfort_elberta_mi,lake_whitefish,14,2025-04-02,2025-04-08,2025-04-05,,0,7,unavailable_evidence_gap,insufficient_for_numeric_calibration,false
frankfort_elberta_mi,lake_whitefish,15,2025-04-09,2025-04-15,2025-04-12,,0,7,unavailable_evidence_gap,insufficient_for_numeric_calibration,false
frankfort_elberta_mi,lake_whitefish,16,2025-04-16,2025-04-22,2025-04-19,,0,7,unavailable_evidence_gap,insufficient_for_numeric_calibration,false
frankfort_elberta_mi,lake_whitefish,17,2025-04-23,2025-04-29,2025-04-26,,0,7,unavailable_evidence_gap,insufficient_for_numeric_calibration,false
frankfort_elberta_mi,lake_whitefish,18,2025-04-30,2025-05-06,2025-05-03,,0,7,unavailable_evidence_gap,insufficient_for_numeric_calibration,false
frankfort_elberta_mi,lake_whitefish,19,2025-05-07,2025-05-13,2025-05-10,,0,7,unavailable_evidence_gap,insufficient_for_numeric_calibration,false
frankfort_elberta_mi,lake_whitefish,20,2025-05-14,2025-05-20,2025-05-17,,0,7,unavailable_evidence_gap,insufficient_for_numeric_calibration,false
frankfort_elberta_mi,lake_whitefish,21,2025-05-21,2025-05-27,2025-05-24,,0,7,unavailable_evidence_gap,insufficient_for_numeric_calibration,false
frankfort_elberta_mi,lake_whitefish,22,2025-05-28,2025-06-03,2025-05-31,,0,7,unavailable_evidence_gap,insufficient_for_numeric_calibration,false
frankfort_elberta_mi,lake_whitefish,23,2025-06-04,2025-06-10,2025-06-07,,0,7,unavailable_evidence_gap,insufficient_for_numeric_calibration,false
frankfort_elberta_mi,lake_whitefish,24,2025-06-11,2025-06-17,2025-06-14,,0,7,unavailable_evidence_gap,insufficient_for_numeric_calibration,false
frankfort_elberta_mi,lake_whitefish,25,2025-06-18,2025-06-24,2025-06-21,,0,7,unavailable_evidence_gap,insufficient_for_numeric_calibration,false
frankfort_elberta_mi,lake_whitefish,26,2025-06-25,2025-07-01,2025-06-28,,0,7,unavailable_evidence_gap,insufficient_for_numeric_calibration,false
frankfort_elberta_mi,lake_whitefish,27,2025-07-02,2025-07-08,2025-07-05,,0,7,unavailable_evidence_gap,insufficient_for_numeric_calibration,false
frankfort_elberta_mi,lake_whitefish,28,2025-07-09,2025-07-15,2025-07-12,,0,7,unavailable_evidence_gap,insufficient_for_numeric_calibration,false
frankfort_elberta_mi,lake_whitefish,29,2025-07-16,2025-07-22,2025-07-19,,0,7,unavailable_evidence_gap,insufficient_for_numeric_calibration,false
frankfort_elberta_mi,lake_whitefish,30,2025-07-23,2025-07-29,2025-07-26,,0,7,unavailable_evidence_gap,insufficient_for_numeric_calibration,false
frankfort_elberta_mi,lake_whitefish,31,2025-07-30,2025-08-05,2025-08-02,,0,7,unavailable_evidence_gap,insufficient_for_numeric_calibration,false
frankfort_elberta_mi,lake_whitefish,32,2025-08-06,2025-08-12,2025-08-09,,0,7,unavailable_evidence_gap,insufficient_for_numeric_calibration,false
frankfort_elberta_mi,lake_whitefish,33,2025-08-13,2025-08-19,2025-08-16,,0,7,unavailable_evidence_gap,insufficient_for_numeric_calibration,false
frankfort_elberta_mi,lake_whitefish,34,2025-08-20,2025-08-26,2025-08-23,,0,7,unavailable_evidence_gap,insufficient_for_numeric_calibration,false
frankfort_elberta_mi,lake_whitefish,35,2025-08-27,2025-09-02,2025-08-30,,0,7,unavailable_evidence_gap,insufficient_for_numeric_calibration,false
frankfort_elberta_mi,lake_whitefish,36,2025-09-03,2025-09-09,2025-09-06,,0,7,unavailable_evidence_gap,insufficient_for_numeric_calibration,false
frankfort_elberta_mi,lake_whitefish,37,2025-09-10,2025-09-16,2025-09-13,,0,7,unavailable_evidence_gap,insufficient_for_numeric_calibration,false
frankfort_elberta_mi,lake_whitefish,38,2025-09-17,2025-09-23,2025-09-20,,0,7,unavailable_evidence_gap,insufficient_for_numeric_calibration,false
frankfort_elberta_mi,lake_whitefish,39,2025-09-24,2025-09-30,2025-09-27,,0,7,unavailable_evidence_gap,insufficient_for_numeric_calibration,false
frankfort_elberta_mi,lake_whitefish,40,2025-10-01,2025-10-07,2025-10-04,,0,7,unavailable_evidence_gap,insufficient_for_numeric_calibration,false
frankfort_elberta_mi,lake_whitefish,41,2025-10-08,2025-10-14,2025-10-11,,0,7,unavailable_evidence_gap,insufficient_for_numeric_calibration,false
frankfort_elberta_mi,lake_whitefish,42,2025-10-15,2025-10-21,2025-10-18,,0,7,unavailable_evidence_gap,insufficient_for_numeric_calibration,false
frankfort_elberta_mi,lake_whitefish,43,2025-10-22,2025-10-28,2025-10-25,,0,7,unavailable_evidence_gap,insufficient_for_numeric_calibration,false
frankfort_elberta_mi,lake_whitefish,44,2025-10-29,2025-11-04,2025-11-01,,0,7,unavailable_evidence_gap,insufficient_for_numeric_calibration,false
frankfort_elberta_mi,lake_whitefish,45,2025-11-05,2025-11-11,2025-11-08,,0,7,unavailable_evidence_gap,insufficient_for_numeric_calibration,false
frankfort_elberta_mi,lake_whitefish,46,2025-11-12,2025-11-18,2025-11-15,,0,7,unavailable_evidence_gap,insufficient_for_numeric_calibration,false
frankfort_elberta_mi,lake_whitefish,47,2025-11-19,2025-11-25,2025-11-22,,0,7,unavailable_evidence_gap,insufficient_for_numeric_calibration,false
frankfort_elberta_mi,lake_whitefish,48,2025-11-26,2025-12-02,2025-11-29,,0,7,unavailable_evidence_gap,insufficient_for_numeric_calibration,false
frankfort_elberta_mi,lake_whitefish,49,2025-12-03,2025-12-09,2025-12-06,,0,7,unavailable_evidence_gap,insufficient_for_numeric_calibration,false
frankfort_elberta_mi,lake_whitefish,50,2025-12-10,2025-12-16,2025-12-13,,0,7,unavailable_evidence_gap,insufficient_for_numeric_calibration,false
frankfort_elberta_mi,lake_whitefish,51,2025-12-17,2025-12-23,2025-12-20,,0,7,unavailable_evidence_gap,insufficient_for_numeric_calibration,false
frankfort_elberta_mi,lake_whitefish,52,2025-12-24,2025-12-31,2025-12-27,,0,8,unavailable_evidence_gap,insufficient_for_numeric_calibration,false
frankfort_elberta_mi,round_whitefish,1,2025-01-01,2025-01-07,2025-01-04,,0,7,unavailable_evidence_gap,insufficient_for_numeric_calibration,false
frankfort_elberta_mi,round_whitefish,2,2025-01-08,2025-01-14,2025-01-11,,0,7,unavailable_evidence_gap,insufficient_for_numeric_calibration,false
frankfort_elberta_mi,round_whitefish,3,2025-01-15,2025-01-21,2025-01-18,,0,7,unavailable_evidence_gap,insufficient_for_numeric_calibration,false
frankfort_elberta_mi,round_whitefish,4,2025-01-22,2025-01-28,2025-01-25,,0,7,unavailable_evidence_gap,insufficient_for_numeric_calibration,false
frankfort_elberta_mi,round_whitefish,5,2025-01-29,2025-02-04,2025-02-01,,0,7,unavailable_evidence_gap,insufficient_for_numeric_calibration,false
frankfort_elberta_mi,round_whitefish,6,2025-02-05,2025-02-11,2025-02-08,,0,7,unavailable_evidence_gap,insufficient_for_numeric_calibration,false
frankfort_elberta_mi,round_whitefish,7,2025-02-12,2025-02-18,2025-02-15,,0,7,unavailable_evidence_gap,insufficient_for_numeric_calibration,false
frankfort_elberta_mi,round_whitefish,8,2025-02-19,2025-02-25,2025-02-22,,0,7,unavailable_evidence_gap,insufficient_for_numeric_calibration,false
frankfort_elberta_mi,round_whitefish,9,2025-02-26,2025-03-04,2025-03-01,,0,7,unavailable_evidence_gap,insufficient_for_numeric_calibration,false
frankfort_elberta_mi,round_whitefish,10,2025-03-05,2025-03-11,2025-03-08,,0,7,unavailable_evidence_gap,insufficient_for_numeric_calibration,false
frankfort_elberta_mi,round_whitefish,11,2025-03-12,2025-03-18,2025-03-15,,0,7,unavailable_evidence_gap,insufficient_for_numeric_calibration,false
frankfort_elberta_mi,round_whitefish,12,2025-03-19,2025-03-25,2025-03-22,,0,7,unavailable_evidence_gap,insufficient_for_numeric_calibration,false
frankfort_elberta_mi,round_whitefish,13,2025-03-26,2025-04-01,2025-03-29,,0,7,unavailable_evidence_gap,insufficient_for_numeric_calibration,false
frankfort_elberta_mi,round_whitefish,14,2025-04-02,2025-04-08,2025-04-05,,0,7,unavailable_evidence_gap,insufficient_for_numeric_calibration,false
frankfort_elberta_mi,round_whitefish,15,2025-04-09,2025-04-15,2025-04-12,,0,7,unavailable_evidence_gap,insufficient_for_numeric_calibration,false
frankfort_elberta_mi,round_whitefish,16,2025-04-16,2025-04-22,2025-04-19,,0,7,unavailable_evidence_gap,insufficient_for_numeric_calibration,false
frankfort_elberta_mi,round_whitefish,17,2025-04-23,2025-04-29,2025-04-26,,0,7,unavailable_evidence_gap,insufficient_for_numeric_calibration,false
frankfort_elberta_mi,round_whitefish,18,2025-04-30,2025-05-06,2025-05-03,,0,7,unavailable_evidence_gap,insufficient_for_numeric_calibration,false
frankfort_elberta_mi,round_whitefish,19,2025-05-07,2025-05-13,2025-05-10,,0,7,unavailable_evidence_gap,insufficient_for_numeric_calibration,false
frankfort_elberta_mi,round_whitefish,20,2025-05-14,2025-05-20,2025-05-17,,0,7,unavailable_evidence_gap,insufficient_for_numeric_calibration,false
frankfort_elberta_mi,round_whitefish,21,2025-05-21,2025-05-27,2025-05-24,,0,7,unavailable_evidence_gap,insufficient_for_numeric_calibration,false
frankfort_elberta_mi,round_whitefish,22,2025-05-28,2025-06-03,2025-05-31,,0,7,unavailable_evidence_gap,insufficient_for_numeric_calibration,false
frankfort_elberta_mi,round_whitefish,23,2025-06-04,2025-06-10,2025-06-07,,0,7,unavailable_evidence_gap,insufficient_for_numeric_calibration,false
frankfort_elberta_mi,round_whitefish,24,2025-06-11,2025-06-17,2025-06-14,,0,7,unavailable_evidence_gap,insufficient_for_numeric_calibration,false
frankfort_elberta_mi,round_whitefish,25,2025-06-18,2025-06-24,2025-06-21,,0,7,unavailable_evidence_gap,insufficient_for_numeric_calibration,false
frankfort_elberta_mi,round_whitefish,26,2025-06-25,2025-07-01,2025-06-28,,0,7,unavailable_evidence_gap,insufficient_for_numeric_calibration,false
frankfort_elberta_mi,round_whitefish,27,2025-07-02,2025-07-08,2025-07-05,,0,7,unavailable_evidence_gap,insufficient_for_numeric_calibration,false
frankfort_elberta_mi,round_whitefish,28,2025-07-09,2025-07-15,2025-07-12,,0,7,unavailable_evidence_gap,insufficient_for_numeric_calibration,false
frankfort_elberta_mi,round_whitefish,29,2025-07-16,2025-07-22,2025-07-19,,0,7,unavailable_evidence_gap,insufficient_for_numeric_calibration,false
frankfort_elberta_mi,round_whitefish,30,2025-07-23,2025-07-29,2025-07-26,,0,7,unavailable_evidence_gap,insufficient_for_numeric_calibration,false
frankfort_elberta_mi,round_whitefish,31,2025-07-30,2025-08-05,2025-08-02,,0,7,unavailable_evidence_gap,insufficient_for_numeric_calibration,false
frankfort_elberta_mi,round_whitefish,32,2025-08-06,2025-08-12,2025-08-09,,0,7,unavailable_evidence_gap,insufficient_for_numeric_calibration,false
frankfort_elberta_mi,round_whitefish,33,2025-08-13,2025-08-19,2025-08-16,,0,7,unavailable_evidence_gap,insufficient_for_numeric_calibration,false
frankfort_elberta_mi,round_whitefish,34,2025-08-20,2025-08-26,2025-08-23,,0,7,unavailable_evidence_gap,insufficient_for_numeric_calibration,false
frankfort_elberta_mi,round_whitefish,35,2025-08-27,2025-09-02,2025-08-30,,0,7,unavailable_evidence_gap,insufficient_for_numeric_calibration,false
frankfort_elberta_mi,round_whitefish,36,2025-09-03,2025-09-09,2025-09-06,,0,7,unavailable_evidence_gap,insufficient_for_numeric_calibration,false
frankfort_elberta_mi,round_whitefish,37,2025-09-10,2025-09-16,2025-09-13,,0,7,unavailable_evidence_gap,insufficient_for_numeric_calibration,false
frankfort_elberta_mi,round_whitefish,38,2025-09-17,2025-09-23,2025-09-20,,0,7,unavailable_evidence_gap,insufficient_for_numeric_calibration,false
frankfort_elberta_mi,round_whitefish,39,2025-09-24,2025-09-30,2025-09-27,,0,7,unavailable_evidence_gap,insufficient_for_numeric_calibration,false
frankfort_elberta_mi,round_whitefish,40,2025-10-01,2025-10-07,2025-10-04,,0,7,unavailable_evidence_gap,insufficient_for_numeric_calibration,false
frankfort_elberta_mi,round_whitefish,41,2025-10-08,2025-10-14,2025-10-11,,0,7,unavailable_evidence_gap,insufficient_for_numeric_calibration,false
frankfort_elberta_mi,round_whitefish,42,2025-10-15,2025-10-21,2025-10-18,,0,7,unavailable_evidence_gap,insufficient_for_numeric_calibration,false
frankfort_elberta_mi,round_whitefish,43,2025-10-22,2025-10-28,2025-10-25,,0,7,unavailable_evidence_gap,insufficient_for_numeric_calibration,false
frankfort_elberta_mi,round_whitefish,44,2025-10-29,2025-11-04,2025-11-01,,0,7,unavailable_evidence_gap,insufficient_for_numeric_calibration,false
frankfort_elberta_mi,round_whitefish,45,2025-11-05,2025-11-11,2025-11-08,,0,7,unavailable_evidence_gap,insufficient_for_numeric_calibration,false
frankfort_elberta_mi,round_whitefish,46,2025-11-12,2025-11-18,2025-11-15,,0,7,unavailable_evidence_gap,insufficient_for_numeric_calibration,false
frankfort_elberta_mi,round_whitefish,47,2025-11-19,2025-11-25,2025-11-22,,0,7,unavailable_evidence_gap,insufficient_for_numeric_calibration,false
frankfort_elberta_mi,round_whitefish,48,2025-11-26,2025-12-02,2025-11-29,,0,7,unavailable_evidence_gap,insufficient_for_numeric_calibration,false
frankfort_elberta_mi,round_whitefish,49,2025-12-03,2025-12-09,2025-12-06,,0,7,unavailable_evidence_gap,insufficient_for_numeric_calibration,false
frankfort_elberta_mi,round_whitefish,50,2025-12-10,2025-12-16,2025-12-13,,0,7,unavailable_evidence_gap,insufficient_for_numeric_calibration,false
frankfort_elberta_mi,round_whitefish,51,2025-12-17,2025-12-23,2025-12-20,,0,7,unavailable_evidence_gap,insufficient_for_numeric_calibration,false
frankfort_elberta_mi,round_whitefish,52,2025-12-24,2025-12-31,2025-12-27,,0,8,unavailable_evidence_gap,insufficient_for_numeric_calibration,false
frankfort_elberta_mi,channel_catfish,1,2025-01-01,2025-01-07,2025-01-04,,0,7,unavailable_evidence_gap,insufficient_for_numeric_calibration,false
frankfort_elberta_mi,channel_catfish,2,2025-01-08,2025-01-14,2025-01-11,,0,7,unavailable_evidence_gap,insufficient_for_numeric_calibration,false
frankfort_elberta_mi,channel_catfish,3,2025-01-15,2025-01-21,2025-01-18,,0,7,unavailable_evidence_gap,insufficient_for_numeric_calibration,false
frankfort_elberta_mi,channel_catfish,4,2025-01-22,2025-01-28,2025-01-25,,0,7,unavailable_evidence_gap,insufficient_for_numeric_calibration,false
frankfort_elberta_mi,channel_catfish,5,2025-01-29,2025-02-04,2025-02-01,,0,7,unavailable_evidence_gap,insufficient_for_numeric_calibration,false
frankfort_elberta_mi,channel_catfish,6,2025-02-05,2025-02-11,2025-02-08,,0,7,unavailable_evidence_gap,insufficient_for_numeric_calibration,false
frankfort_elberta_mi,channel_catfish,7,2025-02-12,2025-02-18,2025-02-15,,0,7,unavailable_evidence_gap,insufficient_for_numeric_calibration,false
frankfort_elberta_mi,channel_catfish,8,2025-02-19,2025-02-25,2025-02-22,,0,7,unavailable_evidence_gap,insufficient_for_numeric_calibration,false
frankfort_elberta_mi,channel_catfish,9,2025-02-26,2025-03-04,2025-03-01,,0,7,unavailable_evidence_gap,insufficient_for_numeric_calibration,false
frankfort_elberta_mi,channel_catfish,10,2025-03-05,2025-03-11,2025-03-08,,0,7,unavailable_evidence_gap,insufficient_for_numeric_calibration,false
frankfort_elberta_mi,channel_catfish,11,2025-03-12,2025-03-18,2025-03-15,,0,7,unavailable_evidence_gap,insufficient_for_numeric_calibration,false
frankfort_elberta_mi,channel_catfish,12,2025-03-19,2025-03-25,2025-03-22,,0,7,unavailable_evidence_gap,insufficient_for_numeric_calibration,false
frankfort_elberta_mi,channel_catfish,13,2025-03-26,2025-04-01,2025-03-29,,0,7,unavailable_evidence_gap,insufficient_for_numeric_calibration,false
frankfort_elberta_mi,channel_catfish,14,2025-04-02,2025-04-08,2025-04-05,,0,7,unavailable_evidence_gap,insufficient_for_numeric_calibration,false
frankfort_elberta_mi,channel_catfish,15,2025-04-09,2025-04-15,2025-04-12,,0,7,unavailable_evidence_gap,insufficient_for_numeric_calibration,false
frankfort_elberta_mi,channel_catfish,16,2025-04-16,2025-04-22,2025-04-19,,0,7,unavailable_evidence_gap,insufficient_for_numeric_calibration,false
frankfort_elberta_mi,channel_catfish,17,2025-04-23,2025-04-29,2025-04-26,,0,7,unavailable_evidence_gap,insufficient_for_numeric_calibration,false
frankfort_elberta_mi,channel_catfish,18,2025-04-30,2025-05-06,2025-05-03,,0,7,unavailable_evidence_gap,insufficient_for_numeric_calibration,false
frankfort_elberta_mi,channel_catfish,19,2025-05-07,2025-05-13,2025-05-10,,0,7,unavailable_evidence_gap,insufficient_for_numeric_calibration,false
frankfort_elberta_mi,channel_catfish,20,2025-05-14,2025-05-20,2025-05-17,,0,7,unavailable_evidence_gap,insufficient_for_numeric_calibration,false
frankfort_elberta_mi,channel_catfish,21,2025-05-21,2025-05-27,2025-05-24,,0,7,unavailable_evidence_gap,insufficient_for_numeric_calibration,false
frankfort_elberta_mi,channel_catfish,22,2025-05-28,2025-06-03,2025-05-31,,0,7,unavailable_evidence_gap,insufficient_for_numeric_calibration,false
frankfort_elberta_mi,channel_catfish,23,2025-06-04,2025-06-10,2025-06-07,,0,7,unavailable_evidence_gap,insufficient_for_numeric_calibration,false
frankfort_elberta_mi,channel_catfish,24,2025-06-11,2025-06-17,2025-06-14,,0,7,unavailable_evidence_gap,insufficient_for_numeric_calibration,false
frankfort_elberta_mi,channel_catfish,25,2025-06-18,2025-06-24,2025-06-21,,0,7,unavailable_evidence_gap,insufficient_for_numeric_calibration,false
frankfort_elberta_mi,channel_catfish,26,2025-06-25,2025-07-01,2025-06-28,,0,7,unavailable_evidence_gap,insufficient_for_numeric_calibration,false
frankfort_elberta_mi,channel_catfish,27,2025-07-02,2025-07-08,2025-07-05,,0,7,unavailable_evidence_gap,insufficient_for_numeric_calibration,false
frankfort_elberta_mi,channel_catfish,28,2025-07-09,2025-07-15,2025-07-12,,0,7,unavailable_evidence_gap,insufficient_for_numeric_calibration,false
frankfort_elberta_mi,channel_catfish,29,2025-07-16,2025-07-22,2025-07-19,,0,7,unavailable_evidence_gap,insufficient_for_numeric_calibration,false
frankfort_elberta_mi,channel_catfish,30,2025-07-23,2025-07-29,2025-07-26,,0,7,unavailable_evidence_gap,insufficient_for_numeric_calibration,false
frankfort_elberta_mi,channel_catfish,31,2025-07-30,2025-08-05,2025-08-02,,0,7,unavailable_evidence_gap,insufficient_for_numeric_calibration,false
frankfort_elberta_mi,channel_catfish,32,2025-08-06,2025-08-12,2025-08-09,,0,7,unavailable_evidence_gap,insufficient_for_numeric_calibration,false
frankfort_elberta_mi,channel_catfish,33,2025-08-13,2025-08-19,2025-08-16,,0,7,unavailable_evidence_gap,insufficient_for_numeric_calibration,false
frankfort_elberta_mi,channel_catfish,34,2025-08-20,2025-08-26,2025-08-23,,0,7,unavailable_evidence_gap,insufficient_for_numeric_calibration,false
frankfort_elberta_mi,channel_catfish,35,2025-08-27,2025-09-02,2025-08-30,,0,7,unavailable_evidence_gap,insufficient_for_numeric_calibration,false
frankfort_elberta_mi,channel_catfish,36,2025-09-03,2025-09-09,2025-09-06,,0,7,unavailable_evidence_gap,insufficient_for_numeric_calibration,false
frankfort_elberta_mi,channel_catfish,37,2025-09-10,2025-09-16,2025-09-13,,0,7,unavailable_evidence_gap,insufficient_for_numeric_calibration,false
frankfort_elberta_mi,channel_catfish,38,2025-09-17,2025-09-23,2025-09-20,,0,7,unavailable_evidence_gap,insufficient_for_numeric_calibration,false
frankfort_elberta_mi,channel_catfish,39,2025-09-24,2025-09-30,2025-09-27,,0,7,unavailable_evidence_gap,insufficient_for_numeric_calibration,false
frankfort_elberta_mi,channel_catfish,40,2025-10-01,2025-10-07,2025-10-04,,0,7,unavailable_evidence_gap,insufficient_for_numeric_calibration,false
frankfort_elberta_mi,channel_catfish,41,2025-10-08,2025-10-14,2025-10-11,,0,7,unavailable_evidence_gap,insufficient_for_numeric_calibration,false
frankfort_elberta_mi,channel_catfish,42,2025-10-15,2025-10-21,2025-10-18,,0,7,unavailable_evidence_gap,insufficient_for_numeric_calibration,false
frankfort_elberta_mi,channel_catfish,43,2025-10-22,2025-10-28,2025-10-25,,0,7,unavailable_evidence_gap,insufficient_for_numeric_calibration,false
frankfort_elberta_mi,channel_catfish,44,2025-10-29,2025-11-04,2025-11-01,,0,7,unavailable_evidence_gap,insufficient_for_numeric_calibration,false
frankfort_elberta_mi,channel_catfish,45,2025-11-05,2025-11-11,2025-11-08,,0,7,unavailable_evidence_gap,insufficient_for_numeric_calibration,false
frankfort_elberta_mi,channel_catfish,46,2025-11-12,2025-11-18,2025-11-15,,0,7,unavailable_evidence_gap,insufficient_for_numeric_calibration,false
frankfort_elberta_mi,channel_catfish,47,2025-11-19,2025-11-25,2025-11-22,,0,7,unavailable_evidence_gap,insufficient_for_numeric_calibration,false
frankfort_elberta_mi,channel_catfish,48,2025-11-26,2025-12-02,2025-11-29,,0,7,unavailable_evidence_gap,insufficient_for_numeric_calibration,false
frankfort_elberta_mi,channel_catfish,49,2025-12-03,2025-12-09,2025-12-06,,0,7,unavailable_evidence_gap,insufficient_for_numeric_calibration,false
frankfort_elberta_mi,channel_catfish,50,2025-12-10,2025-12-16,2025-12-13,,0,7,unavailable_evidence_gap,insufficient_for_numeric_calibration,false
frankfort_elberta_mi,channel_catfish,51,2025-12-17,2025-12-23,2025-12-20,,0,7,unavailable_evidence_gap,insufficient_for_numeric_calibration,false
frankfort_elberta_mi,channel_catfish,52,2025-12-24,2025-12-31,2025-12-27,,0,8,unavailable_evidence_gap,insufficient_for_numeric_calibration,false
frankfort_elberta_mi,largemouth_bass,1,2025-01-01,2025-01-07,2025-01-04,,0,7,unavailable_evidence_gap,insufficient_for_numeric_calibration,false
frankfort_elberta_mi,largemouth_bass,2,2025-01-08,2025-01-14,2025-01-11,,0,7,unavailable_evidence_gap,insufficient_for_numeric_calibration,false
frankfort_elberta_mi,largemouth_bass,3,2025-01-15,2025-01-21,2025-01-18,,0,7,unavailable_evidence_gap,insufficient_for_numeric_calibration,false
frankfort_elberta_mi,largemouth_bass,4,2025-01-22,2025-01-28,2025-01-25,,0,7,unavailable_evidence_gap,insufficient_for_numeric_calibration,false
frankfort_elberta_mi,largemouth_bass,5,2025-01-29,2025-02-04,2025-02-01,,0,7,unavailable_evidence_gap,insufficient_for_numeric_calibration,false
frankfort_elberta_mi,largemouth_bass,6,2025-02-05,2025-02-11,2025-02-08,,0,7,unavailable_evidence_gap,insufficient_for_numeric_calibration,false
frankfort_elberta_mi,largemouth_bass,7,2025-02-12,2025-02-18,2025-02-15,,0,7,unavailable_evidence_gap,insufficient_for_numeric_calibration,false
frankfort_elberta_mi,largemouth_bass,8,2025-02-19,2025-02-25,2025-02-22,,0,7,unavailable_evidence_gap,insufficient_for_numeric_calibration,false
frankfort_elberta_mi,largemouth_bass,9,2025-02-26,2025-03-04,2025-03-01,,0,7,unavailable_evidence_gap,insufficient_for_numeric_calibration,false
frankfort_elberta_mi,largemouth_bass,10,2025-03-05,2025-03-11,2025-03-08,,0,7,unavailable_evidence_gap,insufficient_for_numeric_calibration,false
frankfort_elberta_mi,largemouth_bass,11,2025-03-12,2025-03-18,2025-03-15,,0,7,unavailable_evidence_gap,insufficient_for_numeric_calibration,false
frankfort_elberta_mi,largemouth_bass,12,2025-03-19,2025-03-25,2025-03-22,,0,7,unavailable_evidence_gap,insufficient_for_numeric_calibration,false
frankfort_elberta_mi,largemouth_bass,13,2025-03-26,2025-04-01,2025-03-29,,0,7,unavailable_evidence_gap,insufficient_for_numeric_calibration,false
frankfort_elberta_mi,largemouth_bass,14,2025-04-02,2025-04-08,2025-04-05,,0,7,unavailable_evidence_gap,insufficient_for_numeric_calibration,false
frankfort_elberta_mi,largemouth_bass,15,2025-04-09,2025-04-15,2025-04-12,,0,7,unavailable_evidence_gap,insufficient_for_numeric_calibration,false
frankfort_elberta_mi,largemouth_bass,16,2025-04-16,2025-04-22,2025-04-19,,0,7,unavailable_evidence_gap,insufficient_for_numeric_calibration,false
frankfort_elberta_mi,largemouth_bass,17,2025-04-23,2025-04-29,2025-04-26,,0,7,unavailable_evidence_gap,insufficient_for_numeric_calibration,false
frankfort_elberta_mi,largemouth_bass,18,2025-04-30,2025-05-06,2025-05-03,,0,7,unavailable_evidence_gap,insufficient_for_numeric_calibration,false
frankfort_elberta_mi,largemouth_bass,19,2025-05-07,2025-05-13,2025-05-10,,0,7,unavailable_evidence_gap,insufficient_for_numeric_calibration,false
frankfort_elberta_mi,largemouth_bass,20,2025-05-14,2025-05-20,2025-05-17,,0,7,unavailable_evidence_gap,insufficient_for_numeric_calibration,false
frankfort_elberta_mi,largemouth_bass,21,2025-05-21,2025-05-27,2025-05-24,,0,7,unavailable_evidence_gap,insufficient_for_numeric_calibration,false
frankfort_elberta_mi,largemouth_bass,22,2025-05-28,2025-06-03,2025-05-31,,0,7,unavailable_evidence_gap,insufficient_for_numeric_calibration,false
frankfort_elberta_mi,largemouth_bass,23,2025-06-04,2025-06-10,2025-06-07,,0,7,unavailable_evidence_gap,insufficient_for_numeric_calibration,false
frankfort_elberta_mi,largemouth_bass,24,2025-06-11,2025-06-17,2025-06-14,,0,7,unavailable_evidence_gap,insufficient_for_numeric_calibration,false
frankfort_elberta_mi,largemouth_bass,25,2025-06-18,2025-06-24,2025-06-21,,0,7,unavailable_evidence_gap,insufficient_for_numeric_calibration,false
frankfort_elberta_mi,largemouth_bass,26,2025-06-25,2025-07-01,2025-06-28,,0,7,unavailable_evidence_gap,insufficient_for_numeric_calibration,false
frankfort_elberta_mi,largemouth_bass,27,2025-07-02,2025-07-08,2025-07-05,,0,7,unavailable_evidence_gap,insufficient_for_numeric_calibration,false
frankfort_elberta_mi,largemouth_bass,28,2025-07-09,2025-07-15,2025-07-12,,0,7,unavailable_evidence_gap,insufficient_for_numeric_calibration,false
frankfort_elberta_mi,largemouth_bass,29,2025-07-16,2025-07-22,2025-07-19,,0,7,unavailable_evidence_gap,insufficient_for_numeric_calibration,false
frankfort_elberta_mi,largemouth_bass,30,2025-07-23,2025-07-29,2025-07-26,,0,7,unavailable_evidence_gap,insufficient_for_numeric_calibration,false
frankfort_elberta_mi,largemouth_bass,31,2025-07-30,2025-08-05,2025-08-02,,0,7,unavailable_evidence_gap,insufficient_for_numeric_calibration,false
frankfort_elberta_mi,largemouth_bass,32,2025-08-06,2025-08-12,2025-08-09,,0,7,unavailable_evidence_gap,insufficient_for_numeric_calibration,false
frankfort_elberta_mi,largemouth_bass,33,2025-08-13,2025-08-19,2025-08-16,,0,7,unavailable_evidence_gap,insufficient_for_numeric_calibration,false
frankfort_elberta_mi,largemouth_bass,34,2025-08-20,2025-08-26,2025-08-23,,0,7,unavailable_evidence_gap,insufficient_for_numeric_calibration,false
frankfort_elberta_mi,largemouth_bass,35,2025-08-27,2025-09-02,2025-08-30,,0,7,unavailable_evidence_gap,insufficient_for_numeric_calibration,false
frankfort_elberta_mi,largemouth_bass,36,2025-09-03,2025-09-09,2025-09-06,,0,7,unavailable_evidence_gap,insufficient_for_numeric_calibration,false
frankfort_elberta_mi,largemouth_bass,37,2025-09-10,2025-09-16,2025-09-13,,0,7,unavailable_evidence_gap,insufficient_for_numeric_calibration,false
frankfort_elberta_mi,largemouth_bass,38,2025-09-17,2025-09-23,2025-09-20,,0,7,unavailable_evidence_gap,insufficient_for_numeric_calibration,false
frankfort_elberta_mi,largemouth_bass,39,2025-09-24,2025-09-30,2025-09-27,,0,7,unavailable_evidence_gap,insufficient_for_numeric_calibration,false
frankfort_elberta_mi,largemouth_bass,40,2025-10-01,2025-10-07,2025-10-04,,0,7,unavailable_evidence_gap,insufficient_for_numeric_calibration,false
frankfort_elberta_mi,largemouth_bass,41,2025-10-08,2025-10-14,2025-10-11,,0,7,unavailable_evidence_gap,insufficient_for_numeric_calibration,false
frankfort_elberta_mi,largemouth_bass,42,2025-10-15,2025-10-21,2025-10-18,,0,7,unavailable_evidence_gap,insufficient_for_numeric_calibration,false
frankfort_elberta_mi,largemouth_bass,43,2025-10-22,2025-10-28,2025-10-25,,0,7,unavailable_evidence_gap,insufficient_for_numeric_calibration,false
frankfort_elberta_mi,largemouth_bass,44,2025-10-29,2025-11-04,2025-11-01,,0,7,unavailable_evidence_gap,insufficient_for_numeric_calibration,false
frankfort_elberta_mi,largemouth_bass,45,2025-11-05,2025-11-11,2025-11-08,,0,7,unavailable_evidence_gap,insufficient_for_numeric_calibration,false
frankfort_elberta_mi,largemouth_bass,46,2025-11-12,2025-11-18,2025-11-15,,0,7,unavailable_evidence_gap,insufficient_for_numeric_calibration,false
frankfort_elberta_mi,largemouth_bass,47,2025-11-19,2025-11-25,2025-11-22,,0,7,unavailable_evidence_gap,insufficient_for_numeric_calibration,false
frankfort_elberta_mi,largemouth_bass,48,2025-11-26,2025-12-02,2025-11-29,,0,7,unavailable_evidence_gap,insufficient_for_numeric_calibration,false
frankfort_elberta_mi,largemouth_bass,49,2025-12-03,2025-12-09,2025-12-06,,0,7,unavailable_evidence_gap,insufficient_for_numeric_calibration,false
frankfort_elberta_mi,largemouth_bass,50,2025-12-10,2025-12-16,2025-12-13,,0,7,unavailable_evidence_gap,insufficient_for_numeric_calibration,false
frankfort_elberta_mi,largemouth_bass,51,2025-12-17,2025-12-23,2025-12-20,,0,7,unavailable_evidence_gap,insufficient_for_numeric_calibration,false
frankfort_elberta_mi,largemouth_bass,52,2025-12-24,2025-12-31,2025-12-27,,0,8,unavailable_evidence_gap,insufficient_for_numeric_calibration,false
sheboygan_wi,lake_trout,1,2025-01-01,2025-01-07,2025-01-04,,0,7,unavailable_evidence_gap,insufficient_for_numeric_calibration,false
sheboygan_wi,lake_trout,2,2025-01-08,2025-01-14,2025-01-11,,0,7,unavailable_evidence_gap,insufficient_for_numeric_calibration,false
sheboygan_wi,lake_trout,3,2025-01-15,2025-01-21,2025-01-18,,0,7,unavailable_evidence_gap,insufficient_for_numeric_calibration,false
sheboygan_wi,lake_trout,4,2025-01-22,2025-01-28,2025-01-25,,0,7,unavailable_evidence_gap,insufficient_for_numeric_calibration,false
sheboygan_wi,lake_trout,5,2025-01-29,2025-02-04,2025-02-01,,0,7,unavailable_evidence_gap,insufficient_for_numeric_calibration,false
sheboygan_wi,lake_trout,6,2025-02-05,2025-02-11,2025-02-08,,0,7,unavailable_evidence_gap,insufficient_for_numeric_calibration,false
sheboygan_wi,lake_trout,7,2025-02-12,2025-02-18,2025-02-15,,0,7,unavailable_evidence_gap,insufficient_for_numeric_calibration,false
sheboygan_wi,lake_trout,8,2025-02-19,2025-02-25,2025-02-22,,0,7,unavailable_evidence_gap,insufficient_for_numeric_calibration,false
sheboygan_wi,lake_trout,9,2025-02-26,2025-03-04,2025-03-01,,0,7,unavailable_evidence_gap,insufficient_for_numeric_calibration,false
sheboygan_wi,lake_trout,10,2025-03-05,2025-03-11,2025-03-08,,0,7,unavailable_evidence_gap,insufficient_for_numeric_calibration,false
sheboygan_wi,lake_trout,11,2025-03-12,2025-03-18,2025-03-15,,0,7,unavailable_evidence_gap,insufficient_for_numeric_calibration,false
sheboygan_wi,lake_trout,12,2025-03-19,2025-03-25,2025-03-22,,0,7,unavailable_evidence_gap,insufficient_for_numeric_calibration,false
sheboygan_wi,lake_trout,13,2025-03-26,2025-04-01,2025-03-29,,0,7,unavailable_evidence_gap,insufficient_for_numeric_calibration,false
sheboygan_wi,lake_trout,14,2025-04-02,2025-04-08,2025-04-05,,0,7,unavailable_evidence_gap,insufficient_for_numeric_calibration,false
sheboygan_wi,lake_trout,15,2025-04-09,2025-04-15,2025-04-12,,0,7,unavailable_evidence_gap,insufficient_for_numeric_calibration,false
sheboygan_wi,lake_trout,16,2025-04-16,2025-04-22,2025-04-19,,0,7,unavailable_evidence_gap,insufficient_for_numeric_calibration,false
sheboygan_wi,lake_trout,17,2025-04-23,2025-04-29,2025-04-26,,0,7,unavailable_evidence_gap,insufficient_for_numeric_calibration,false
sheboygan_wi,lake_trout,18,2025-04-30,2025-05-06,2025-05-03,,0,7,unavailable_evidence_gap,insufficient_for_numeric_calibration,false
sheboygan_wi,lake_trout,19,2025-05-07,2025-05-13,2025-05-10,,0,7,unavailable_evidence_gap,insufficient_for_numeric_calibration,false
sheboygan_wi,lake_trout,20,2025-05-14,2025-05-20,2025-05-17,,0,7,unavailable_evidence_gap,insufficient_for_numeric_calibration,false
sheboygan_wi,lake_trout,21,2025-05-21,2025-05-27,2025-05-24,,0,7,unavailable_evidence_gap,insufficient_for_numeric_calibration,false
sheboygan_wi,lake_trout,22,2025-05-28,2025-06-03,2025-05-31,,0,7,unavailable_evidence_gap,insufficient_for_numeric_calibration,false
sheboygan_wi,lake_trout,23,2025-06-04,2025-06-10,2025-06-07,,0,7,unavailable_evidence_gap,insufficient_for_numeric_calibration,false
sheboygan_wi,lake_trout,24,2025-06-11,2025-06-17,2025-06-14,,0,7,unavailable_evidence_gap,insufficient_for_numeric_calibration,false
sheboygan_wi,lake_trout,25,2025-06-18,2025-06-24,2025-06-21,,0,7,unavailable_evidence_gap,insufficient_for_numeric_calibration,false
sheboygan_wi,lake_trout,26,2025-06-25,2025-07-01,2025-06-28,,0,7,unavailable_evidence_gap,insufficient_for_numeric_calibration,false
sheboygan_wi,lake_trout,27,2025-07-02,2025-07-08,2025-07-05,,0,7,unavailable_evidence_gap,insufficient_for_numeric_calibration,false
sheboygan_wi,lake_trout,28,2025-07-09,2025-07-15,2025-07-12,,0,7,unavailable_evidence_gap,insufficient_for_numeric_calibration,false
sheboygan_wi,lake_trout,29,2025-07-16,2025-07-22,2025-07-19,,0,7,unavailable_evidence_gap,insufficient_for_numeric_calibration,false
sheboygan_wi,lake_trout,30,2025-07-23,2025-07-29,2025-07-26,,0,7,unavailable_evidence_gap,insufficient_for_numeric_calibration,false
sheboygan_wi,lake_trout,31,2025-07-30,2025-08-05,2025-08-02,,0,7,unavailable_evidence_gap,insufficient_for_numeric_calibration,false
sheboygan_wi,lake_trout,32,2025-08-06,2025-08-12,2025-08-09,,0,7,unavailable_evidence_gap,insufficient_for_numeric_calibration,false
sheboygan_wi,lake_trout,33,2025-08-13,2025-08-19,2025-08-16,,0,7,unavailable_evidence_gap,insufficient_for_numeric_calibration,false
sheboygan_wi,lake_trout,34,2025-08-20,2025-08-26,2025-08-23,,0,7,unavailable_evidence_gap,insufficient_for_numeric_calibration,false
sheboygan_wi,lake_trout,35,2025-08-27,2025-09-02,2025-08-30,,0,7,unavailable_evidence_gap,insufficient_for_numeric_calibration,false
sheboygan_wi,lake_trout,36,2025-09-03,2025-09-09,2025-09-06,,0,7,unavailable_evidence_gap,insufficient_for_numeric_calibration,false
sheboygan_wi,lake_trout,37,2025-09-10,2025-09-16,2025-09-13,,0,7,unavailable_evidence_gap,insufficient_for_numeric_calibration,false
sheboygan_wi,lake_trout,38,2025-09-17,2025-09-23,2025-09-20,,0,7,unavailable_evidence_gap,insufficient_for_numeric_calibration,false
sheboygan_wi,lake_trout,39,2025-09-24,2025-09-30,2025-09-27,,0,7,unavailable_evidence_gap,insufficient_for_numeric_calibration,false
sheboygan_wi,lake_trout,40,2025-10-01,2025-10-07,2025-10-04,,0,7,unavailable_evidence_gap,insufficient_for_numeric_calibration,false
sheboygan_wi,lake_trout,41,2025-10-08,2025-10-14,2025-10-11,,0,7,unavailable_evidence_gap,insufficient_for_numeric_calibration,false
sheboygan_wi,lake_trout,42,2025-10-15,2025-10-21,2025-10-18,,0,7,unavailable_evidence_gap,insufficient_for_numeric_calibration,false
sheboygan_wi,lake_trout,43,2025-10-22,2025-10-28,2025-10-25,,0,7,unavailable_evidence_gap,insufficient_for_numeric_calibration,false
sheboygan_wi,lake_trout,44,2025-10-29,2025-11-04,2025-11-01,,0,7,unavailable_evidence_gap,insufficient_for_numeric_calibration,false
sheboygan_wi,lake_trout,45,2025-11-05,2025-11-11,2025-11-08,,0,7,unavailable_evidence_gap,insufficient_for_numeric_calibration,false
sheboygan_wi,lake_trout,46,2025-11-12,2025-11-18,2025-11-15,,0,7,unavailable_evidence_gap,insufficient_for_numeric_calibration,false
sheboygan_wi,lake_trout,47,2025-11-19,2025-11-25,2025-11-22,,0,7,unavailable_evidence_gap,insufficient_for_numeric_calibration,false
sheboygan_wi,lake_trout,48,2025-11-26,2025-12-02,2025-11-29,,0,7,unavailable_evidence_gap,insufficient_for_numeric_calibration,false
sheboygan_wi,lake_trout,49,2025-12-03,2025-12-09,2025-12-06,,0,7,unavailable_evidence_gap,insufficient_for_numeric_calibration,false
sheboygan_wi,lake_trout,50,2025-12-10,2025-12-16,2025-12-13,,0,7,unavailable_evidence_gap,insufficient_for_numeric_calibration,false
sheboygan_wi,lake_trout,51,2025-12-17,2025-12-23,2025-12-20,,0,7,unavailable_evidence_gap,insufficient_for_numeric_calibration,false
sheboygan_wi,lake_trout,52,2025-12-24,2025-12-31,2025-12-27,,0,8,unavailable_evidence_gap,insufficient_for_numeric_calibration,false
sheboygan_wi,walleye,1,2025-01-01,2025-01-07,2025-01-04,,0,7,unavailable_evidence_gap,insufficient_for_numeric_calibration,false
sheboygan_wi,walleye,2,2025-01-08,2025-01-14,2025-01-11,,0,7,unavailable_evidence_gap,insufficient_for_numeric_calibration,false
sheboygan_wi,walleye,3,2025-01-15,2025-01-21,2025-01-18,,0,7,unavailable_evidence_gap,insufficient_for_numeric_calibration,false
sheboygan_wi,walleye,4,2025-01-22,2025-01-28,2025-01-25,,0,7,unavailable_evidence_gap,insufficient_for_numeric_calibration,false
sheboygan_wi,walleye,5,2025-01-29,2025-02-04,2025-02-01,,0,7,unavailable_evidence_gap,insufficient_for_numeric_calibration,false
sheboygan_wi,walleye,6,2025-02-05,2025-02-11,2025-02-08,,0,7,unavailable_evidence_gap,insufficient_for_numeric_calibration,false
sheboygan_wi,walleye,7,2025-02-12,2025-02-18,2025-02-15,,0,7,unavailable_evidence_gap,insufficient_for_numeric_calibration,false
sheboygan_wi,walleye,8,2025-02-19,2025-02-25,2025-02-22,,0,7,unavailable_evidence_gap,insufficient_for_numeric_calibration,false
sheboygan_wi,walleye,9,2025-02-26,2025-03-04,2025-03-01,,0,7,unavailable_evidence_gap,insufficient_for_numeric_calibration,false
sheboygan_wi,walleye,10,2025-03-05,2025-03-11,2025-03-08,,0,7,unavailable_evidence_gap,insufficient_for_numeric_calibration,false
sheboygan_wi,walleye,11,2025-03-12,2025-03-18,2025-03-15,,0,7,unavailable_evidence_gap,insufficient_for_numeric_calibration,false
sheboygan_wi,walleye,12,2025-03-19,2025-03-25,2025-03-22,,0,7,unavailable_evidence_gap,insufficient_for_numeric_calibration,false
sheboygan_wi,walleye,13,2025-03-26,2025-04-01,2025-03-29,,0,7,unavailable_evidence_gap,insufficient_for_numeric_calibration,false
sheboygan_wi,walleye,14,2025-04-02,2025-04-08,2025-04-05,,0,7,unavailable_evidence_gap,insufficient_for_numeric_calibration,false
sheboygan_wi,walleye,15,2025-04-09,2025-04-15,2025-04-12,,0,7,unavailable_evidence_gap,insufficient_for_numeric_calibration,false
sheboygan_wi,walleye,16,2025-04-16,2025-04-22,2025-04-19,,0,7,unavailable_evidence_gap,insufficient_for_numeric_calibration,false
sheboygan_wi,walleye,17,2025-04-23,2025-04-29,2025-04-26,,0,7,unavailable_evidence_gap,insufficient_for_numeric_calibration,false
sheboygan_wi,walleye,18,2025-04-30,2025-05-06,2025-05-03,,0,7,unavailable_evidence_gap,insufficient_for_numeric_calibration,false
sheboygan_wi,walleye,19,2025-05-07,2025-05-13,2025-05-10,,0,7,unavailable_evidence_gap,insufficient_for_numeric_calibration,false
sheboygan_wi,walleye,20,2025-05-14,2025-05-20,2025-05-17,,0,7,unavailable_evidence_gap,insufficient_for_numeric_calibration,false
sheboygan_wi,walleye,21,2025-05-21,2025-05-27,2025-05-24,,0,7,unavailable_evidence_gap,insufficient_for_numeric_calibration,false
sheboygan_wi,walleye,22,2025-05-28,2025-06-03,2025-05-31,,0,7,unavailable_evidence_gap,insufficient_for_numeric_calibration,false
sheboygan_wi,walleye,23,2025-06-04,2025-06-10,2025-06-07,,0,7,unavailable_evidence_gap,insufficient_for_numeric_calibration,false
sheboygan_wi,walleye,24,2025-06-11,2025-06-17,2025-06-14,,0,7,unavailable_evidence_gap,insufficient_for_numeric_calibration,false
sheboygan_wi,walleye,25,2025-06-18,2025-06-24,2025-06-21,,0,7,unavailable_evidence_gap,insufficient_for_numeric_calibration,false
sheboygan_wi,walleye,26,2025-06-25,2025-07-01,2025-06-28,,0,7,unavailable_evidence_gap,insufficient_for_numeric_calibration,false
sheboygan_wi,walleye,27,2025-07-02,2025-07-08,2025-07-05,,0,7,unavailable_evidence_gap,insufficient_for_numeric_calibration,false
sheboygan_wi,walleye,28,2025-07-09,2025-07-15,2025-07-12,,0,7,unavailable_evidence_gap,insufficient_for_numeric_calibration,false
sheboygan_wi,walleye,29,2025-07-16,2025-07-22,2025-07-19,,0,7,unavailable_evidence_gap,insufficient_for_numeric_calibration,false
sheboygan_wi,walleye,30,2025-07-23,2025-07-29,2025-07-26,,0,7,unavailable_evidence_gap,insufficient_for_numeric_calibration,false
sheboygan_wi,walleye,31,2025-07-30,2025-08-05,2025-08-02,,0,7,unavailable_evidence_gap,insufficient_for_numeric_calibration,false
sheboygan_wi,walleye,32,2025-08-06,2025-08-12,2025-08-09,,0,7,unavailable_evidence_gap,insufficient_for_numeric_calibration,false
sheboygan_wi,walleye,33,2025-08-13,2025-08-19,2025-08-16,,0,7,unavailable_evidence_gap,insufficient_for_numeric_calibration,false
sheboygan_wi,walleye,34,2025-08-20,2025-08-26,2025-08-23,,0,7,unavailable_evidence_gap,insufficient_for_numeric_calibration,false
sheboygan_wi,walleye,35,2025-08-27,2025-09-02,2025-08-30,,0,7,unavailable_evidence_gap,insufficient_for_numeric_calibration,false
sheboygan_wi,walleye,36,2025-09-03,2025-09-09,2025-09-06,,0,7,unavailable_evidence_gap,insufficient_for_numeric_calibration,false
sheboygan_wi,walleye,37,2025-09-10,2025-09-16,2025-09-13,,0,7,unavailable_evidence_gap,insufficient_for_numeric_calibration,false
sheboygan_wi,walleye,38,2025-09-17,2025-09-23,2025-09-20,,0,7,unavailable_evidence_gap,insufficient_for_numeric_calibration,false
sheboygan_wi,walleye,39,2025-09-24,2025-09-30,2025-09-27,,0,7,unavailable_evidence_gap,insufficient_for_numeric_calibration,false
sheboygan_wi,walleye,40,2025-10-01,2025-10-07,2025-10-04,,0,7,unavailable_evidence_gap,insufficient_for_numeric_calibration,false
sheboygan_wi,walleye,41,2025-10-08,2025-10-14,2025-10-11,,0,7,unavailable_evidence_gap,insufficient_for_numeric_calibration,false
sheboygan_wi,walleye,42,2025-10-15,2025-10-21,2025-10-18,,0,7,unavailable_evidence_gap,insufficient_for_numeric_calibration,false
sheboygan_wi,walleye,43,2025-10-22,2025-10-28,2025-10-25,,0,7,unavailable_evidence_gap,insufficient_for_numeric_calibration,false
sheboygan_wi,walleye,44,2025-10-29,2025-11-04,2025-11-01,,0,7,unavailable_evidence_gap,insufficient_for_numeric_calibration,false
sheboygan_wi,walleye,45,2025-11-05,2025-11-11,2025-11-08,,0,7,unavailable_evidence_gap,insufficient_for_numeric_calibration,false
sheboygan_wi,walleye,46,2025-11-12,2025-11-18,2025-11-15,,0,7,unavailable_evidence_gap,insufficient_for_numeric_calibration,false
sheboygan_wi,walleye,47,2025-11-19,2025-11-25,2025-11-22,,0,7,unavailable_evidence_gap,insufficient_for_numeric_calibration,false
sheboygan_wi,walleye,48,2025-11-26,2025-12-02,2025-11-29,,0,7,unavailable_evidence_gap,insufficient_for_numeric_calibration,false
sheboygan_wi,walleye,49,2025-12-03,2025-12-09,2025-12-06,,0,7,unavailable_evidence_gap,insufficient_for_numeric_calibration,false
sheboygan_wi,walleye,50,2025-12-10,2025-12-16,2025-12-13,,0,7,unavailable_evidence_gap,insufficient_for_numeric_calibration,false
sheboygan_wi,walleye,51,2025-12-17,2025-12-23,2025-12-20,,0,7,unavailable_evidence_gap,insufficient_for_numeric_calibration,false
sheboygan_wi,walleye,52,2025-12-24,2025-12-31,2025-12-27,,0,8,unavailable_evidence_gap,insufficient_for_numeric_calibration,false
sheboygan_wi,smallmouth_bass,1,2025-01-01,2025-01-07,2025-01-04,,0,7,unavailable_evidence_gap,insufficient_for_numeric_calibration,false
sheboygan_wi,smallmouth_bass,2,2025-01-08,2025-01-14,2025-01-11,,0,7,unavailable_evidence_gap,insufficient_for_numeric_calibration,false
sheboygan_wi,smallmouth_bass,3,2025-01-15,2025-01-21,2025-01-18,,0,7,unavailable_evidence_gap,insufficient_for_numeric_calibration,false
sheboygan_wi,smallmouth_bass,4,2025-01-22,2025-01-28,2025-01-25,,0,7,unavailable_evidence_gap,insufficient_for_numeric_calibration,false
sheboygan_wi,smallmouth_bass,5,2025-01-29,2025-02-04,2025-02-01,,0,7,unavailable_evidence_gap,insufficient_for_numeric_calibration,false
sheboygan_wi,smallmouth_bass,6,2025-02-05,2025-02-11,2025-02-08,,0,7,unavailable_evidence_gap,insufficient_for_numeric_calibration,false
sheboygan_wi,smallmouth_bass,7,2025-02-12,2025-02-18,2025-02-15,,0,7,unavailable_evidence_gap,insufficient_for_numeric_calibration,false
sheboygan_wi,smallmouth_bass,8,2025-02-19,2025-02-25,2025-02-22,,0,7,unavailable_evidence_gap,insufficient_for_numeric_calibration,false
sheboygan_wi,smallmouth_bass,9,2025-02-26,2025-03-04,2025-03-01,,0,7,unavailable_evidence_gap,insufficient_for_numeric_calibration,false
sheboygan_wi,smallmouth_bass,10,2025-03-05,2025-03-11,2025-03-08,,0,7,unavailable_evidence_gap,insufficient_for_numeric_calibration,false
sheboygan_wi,smallmouth_bass,11,2025-03-12,2025-03-18,2025-03-15,,0,7,unavailable_evidence_gap,insufficient_for_numeric_calibration,false
sheboygan_wi,smallmouth_bass,12,2025-03-19,2025-03-25,2025-03-22,,0,7,unavailable_evidence_gap,insufficient_for_numeric_calibration,false
sheboygan_wi,smallmouth_bass,13,2025-03-26,2025-04-01,2025-03-29,,0,7,unavailable_evidence_gap,insufficient_for_numeric_calibration,false
sheboygan_wi,smallmouth_bass,14,2025-04-02,2025-04-08,2025-04-05,,0,7,unavailable_evidence_gap,insufficient_for_numeric_calibration,false
sheboygan_wi,smallmouth_bass,15,2025-04-09,2025-04-15,2025-04-12,,0,7,unavailable_evidence_gap,insufficient_for_numeric_calibration,false
sheboygan_wi,smallmouth_bass,16,2025-04-16,2025-04-22,2025-04-19,,0,7,unavailable_evidence_gap,insufficient_for_numeric_calibration,false
sheboygan_wi,smallmouth_bass,17,2025-04-23,2025-04-29,2025-04-26,,0,7,unavailable_evidence_gap,insufficient_for_numeric_calibration,false
sheboygan_wi,smallmouth_bass,18,2025-04-30,2025-05-06,2025-05-03,,0,7,unavailable_evidence_gap,insufficient_for_numeric_calibration,false
sheboygan_wi,smallmouth_bass,19,2025-05-07,2025-05-13,2025-05-10,,0,7,unavailable_evidence_gap,insufficient_for_numeric_calibration,false
sheboygan_wi,smallmouth_bass,20,2025-05-14,2025-05-20,2025-05-17,,0,7,unavailable_evidence_gap,insufficient_for_numeric_calibration,false
sheboygan_wi,smallmouth_bass,21,2025-05-21,2025-05-27,2025-05-24,,0,7,unavailable_evidence_gap,insufficient_for_numeric_calibration,false
sheboygan_wi,smallmouth_bass,22,2025-05-28,2025-06-03,2025-05-31,,0,7,unavailable_evidence_gap,insufficient_for_numeric_calibration,false
sheboygan_wi,smallmouth_bass,23,2025-06-04,2025-06-10,2025-06-07,,0,7,unavailable_evidence_gap,insufficient_for_numeric_calibration,false
sheboygan_wi,smallmouth_bass,24,2025-06-11,2025-06-17,2025-06-14,,0,7,unavailable_evidence_gap,insufficient_for_numeric_calibration,false
sheboygan_wi,smallmouth_bass,25,2025-06-18,2025-06-24,2025-06-21,,0,7,unavailable_evidence_gap,insufficient_for_numeric_calibration,false
sheboygan_wi,smallmouth_bass,26,2025-06-25,2025-07-01,2025-06-28,,0,7,unavailable_evidence_gap,insufficient_for_numeric_calibration,false
sheboygan_wi,smallmouth_bass,27,2025-07-02,2025-07-08,2025-07-05,,0,7,unavailable_evidence_gap,insufficient_for_numeric_calibration,false
sheboygan_wi,smallmouth_bass,28,2025-07-09,2025-07-15,2025-07-12,,0,7,unavailable_evidence_gap,insufficient_for_numeric_calibration,false
sheboygan_wi,smallmouth_bass,29,2025-07-16,2025-07-22,2025-07-19,,0,7,unavailable_evidence_gap,insufficient_for_numeric_calibration,false
sheboygan_wi,smallmouth_bass,30,2025-07-23,2025-07-29,2025-07-26,,0,7,unavailable_evidence_gap,insufficient_for_numeric_calibration,false
sheboygan_wi,smallmouth_bass,31,2025-07-30,2025-08-05,2025-08-02,,0,7,unavailable_evidence_gap,insufficient_for_numeric_calibration,false
sheboygan_wi,smallmouth_bass,32,2025-08-06,2025-08-12,2025-08-09,,0,7,unavailable_evidence_gap,insufficient_for_numeric_calibration,false
sheboygan_wi,smallmouth_bass,33,2025-08-13,2025-08-19,2025-08-16,,0,7,unavailable_evidence_gap,insufficient_for_numeric_calibration,false
sheboygan_wi,smallmouth_bass,34,2025-08-20,2025-08-26,2025-08-23,,0,7,unavailable_evidence_gap,insufficient_for_numeric_calibration,false
sheboygan_wi,smallmouth_bass,35,2025-08-27,2025-09-02,2025-08-30,,0,7,unavailable_evidence_gap,insufficient_for_numeric_calibration,false
sheboygan_wi,smallmouth_bass,36,2025-09-03,2025-09-09,2025-09-06,,0,7,unavailable_evidence_gap,insufficient_for_numeric_calibration,false
sheboygan_wi,smallmouth_bass,37,2025-09-10,2025-09-16,2025-09-13,,0,7,unavailable_evidence_gap,insufficient_for_numeric_calibration,false
sheboygan_wi,smallmouth_bass,38,2025-09-17,2025-09-23,2025-09-20,,0,7,unavailable_evidence_gap,insufficient_for_numeric_calibration,false
sheboygan_wi,smallmouth_bass,39,2025-09-24,2025-09-30,2025-09-27,,0,7,unavailable_evidence_gap,insufficient_for_numeric_calibration,false
sheboygan_wi,smallmouth_bass,40,2025-10-01,2025-10-07,2025-10-04,,0,7,unavailable_evidence_gap,insufficient_for_numeric_calibration,false
sheboygan_wi,smallmouth_bass,41,2025-10-08,2025-10-14,2025-10-11,,0,7,unavailable_evidence_gap,insufficient_for_numeric_calibration,false
sheboygan_wi,smallmouth_bass,42,2025-10-15,2025-10-21,2025-10-18,,0,7,unavailable_evidence_gap,insufficient_for_numeric_calibration,false
sheboygan_wi,smallmouth_bass,43,2025-10-22,2025-10-28,2025-10-25,,0,7,unavailable_evidence_gap,insufficient_for_numeric_calibration,false
sheboygan_wi,smallmouth_bass,44,2025-10-29,2025-11-04,2025-11-01,,0,7,unavailable_evidence_gap,insufficient_for_numeric_calibration,false
sheboygan_wi,smallmouth_bass,45,2025-11-05,2025-11-11,2025-11-08,,0,7,unavailable_evidence_gap,insufficient_for_numeric_calibration,false
sheboygan_wi,smallmouth_bass,46,2025-11-12,2025-11-18,2025-11-15,,0,7,unavailable_evidence_gap,insufficient_for_numeric_calibration,false
sheboygan_wi,smallmouth_bass,47,2025-11-19,2025-11-25,2025-11-22,,0,7,unavailable_evidence_gap,insufficient_for_numeric_calibration,false
sheboygan_wi,smallmouth_bass,48,2025-11-26,2025-12-02,2025-11-29,,0,7,unavailable_evidence_gap,insufficient_for_numeric_calibration,false
sheboygan_wi,smallmouth_bass,49,2025-12-03,2025-12-09,2025-12-06,,0,7,unavailable_evidence_gap,insufficient_for_numeric_calibration,false
sheboygan_wi,smallmouth_bass,50,2025-12-10,2025-12-16,2025-12-13,,0,7,unavailable_evidence_gap,insufficient_for_numeric_calibration,false
sheboygan_wi,smallmouth_bass,51,2025-12-17,2025-12-23,2025-12-20,,0,7,unavailable_evidence_gap,insufficient_for_numeric_calibration,false
sheboygan_wi,smallmouth_bass,52,2025-12-24,2025-12-31,2025-12-27,,0,8,unavailable_evidence_gap,insufficient_for_numeric_calibration,false
sheboygan_wi,freshwater_drum,1,2025-01-01,2025-01-07,2025-01-04,,0,7,unavailable_evidence_gap,insufficient_for_numeric_calibration,false
sheboygan_wi,freshwater_drum,2,2025-01-08,2025-01-14,2025-01-11,,0,7,unavailable_evidence_gap,insufficient_for_numeric_calibration,false
sheboygan_wi,freshwater_drum,3,2025-01-15,2025-01-21,2025-01-18,,0,7,unavailable_evidence_gap,insufficient_for_numeric_calibration,false
sheboygan_wi,freshwater_drum,4,2025-01-22,2025-01-28,2025-01-25,,0,7,unavailable_evidence_gap,insufficient_for_numeric_calibration,false
sheboygan_wi,freshwater_drum,5,2025-01-29,2025-02-04,2025-02-01,,0,7,unavailable_evidence_gap,insufficient_for_numeric_calibration,false
sheboygan_wi,freshwater_drum,6,2025-02-05,2025-02-11,2025-02-08,,0,7,unavailable_evidence_gap,insufficient_for_numeric_calibration,false
sheboygan_wi,freshwater_drum,7,2025-02-12,2025-02-18,2025-02-15,,0,7,unavailable_evidence_gap,insufficient_for_numeric_calibration,false
sheboygan_wi,freshwater_drum,8,2025-02-19,2025-02-25,2025-02-22,,0,7,unavailable_evidence_gap,insufficient_for_numeric_calibration,false
sheboygan_wi,freshwater_drum,9,2025-02-26,2025-03-04,2025-03-01,,0,7,unavailable_evidence_gap,insufficient_for_numeric_calibration,false
sheboygan_wi,freshwater_drum,10,2025-03-05,2025-03-11,2025-03-08,,0,7,unavailable_evidence_gap,insufficient_for_numeric_calibration,false
sheboygan_wi,freshwater_drum,11,2025-03-12,2025-03-18,2025-03-15,,0,7,unavailable_evidence_gap,insufficient_for_numeric_calibration,false
sheboygan_wi,freshwater_drum,12,2025-03-19,2025-03-25,2025-03-22,,0,7,unavailable_evidence_gap,insufficient_for_numeric_calibration,false
sheboygan_wi,freshwater_drum,13,2025-03-26,2025-04-01,2025-03-29,,0,7,unavailable_evidence_gap,insufficient_for_numeric_calibration,false
sheboygan_wi,freshwater_drum,14,2025-04-02,2025-04-08,2025-04-05,,0,7,unavailable_evidence_gap,insufficient_for_numeric_calibration,false
sheboygan_wi,freshwater_drum,15,2025-04-09,2025-04-15,2025-04-12,,0,7,unavailable_evidence_gap,insufficient_for_numeric_calibration,false
sheboygan_wi,freshwater_drum,16,2025-04-16,2025-04-22,2025-04-19,,0,7,unavailable_evidence_gap,insufficient_for_numeric_calibration,false
sheboygan_wi,freshwater_drum,17,2025-04-23,2025-04-29,2025-04-26,,0,7,unavailable_evidence_gap,insufficient_for_numeric_calibration,false
sheboygan_wi,freshwater_drum,18,2025-04-30,2025-05-06,2025-05-03,,0,7,unavailable_evidence_gap,insufficient_for_numeric_calibration,false
sheboygan_wi,freshwater_drum,19,2025-05-07,2025-05-13,2025-05-10,,0,7,unavailable_evidence_gap,insufficient_for_numeric_calibration,false
sheboygan_wi,freshwater_drum,20,2025-05-14,2025-05-20,2025-05-17,,0,7,unavailable_evidence_gap,insufficient_for_numeric_calibration,false
sheboygan_wi,freshwater_drum,21,2025-05-21,2025-05-27,2025-05-24,,0,7,unavailable_evidence_gap,insufficient_for_numeric_calibration,false
sheboygan_wi,freshwater_drum,22,2025-05-28,2025-06-03,2025-05-31,,0,7,unavailable_evidence_gap,insufficient_for_numeric_calibration,false
sheboygan_wi,freshwater_drum,23,2025-06-04,2025-06-10,2025-06-07,,0,7,unavailable_evidence_gap,insufficient_for_numeric_calibration,false
sheboygan_wi,freshwater_drum,24,2025-06-11,2025-06-17,2025-06-14,,0,7,unavailable_evidence_gap,insufficient_for_numeric_calibration,false
sheboygan_wi,freshwater_drum,25,2025-06-18,2025-06-24,2025-06-21,,0,7,unavailable_evidence_gap,insufficient_for_numeric_calibration,false
sheboygan_wi,freshwater_drum,26,2025-06-25,2025-07-01,2025-06-28,,0,7,unavailable_evidence_gap,insufficient_for_numeric_calibration,false
sheboygan_wi,freshwater_drum,27,2025-07-02,2025-07-08,2025-07-05,,0,7,unavailable_evidence_gap,insufficient_for_numeric_calibration,false
sheboygan_wi,freshwater_drum,28,2025-07-09,2025-07-15,2025-07-12,,0,7,unavailable_evidence_gap,insufficient_for_numeric_calibration,false
sheboygan_wi,freshwater_drum,29,2025-07-16,2025-07-22,2025-07-19,,0,7,unavailable_evidence_gap,insufficient_for_numeric_calibration,false
sheboygan_wi,freshwater_drum,30,2025-07-23,2025-07-29,2025-07-26,,0,7,unavailable_evidence_gap,insufficient_for_numeric_calibration,false
sheboygan_wi,freshwater_drum,31,2025-07-30,2025-08-05,2025-08-02,,0,7,unavailable_evidence_gap,insufficient_for_numeric_calibration,false
sheboygan_wi,freshwater_drum,32,2025-08-06,2025-08-12,2025-08-09,,0,7,unavailable_evidence_gap,insufficient_for_numeric_calibration,false
sheboygan_wi,freshwater_drum,33,2025-08-13,2025-08-19,2025-08-16,,0,7,unavailable_evidence_gap,insufficient_for_numeric_calibration,false
sheboygan_wi,freshwater_drum,34,2025-08-20,2025-08-26,2025-08-23,,0,7,unavailable_evidence_gap,insufficient_for_numeric_calibration,false
sheboygan_wi,freshwater_drum,35,2025-08-27,2025-09-02,2025-08-30,,0,7,unavailable_evidence_gap,insufficient_for_numeric_calibration,false
sheboygan_wi,freshwater_drum,36,2025-09-03,2025-09-09,2025-09-06,,0,7,unavailable_evidence_gap,insufficient_for_numeric_calibration,false
sheboygan_wi,freshwater_drum,37,2025-09-10,2025-09-16,2025-09-13,,0,7,unavailable_evidence_gap,insufficient_for_numeric_calibration,false
sheboygan_wi,freshwater_drum,38,2025-09-17,2025-09-23,2025-09-20,,0,7,unavailable_evidence_gap,insufficient_for_numeric_calibration,false
sheboygan_wi,freshwater_drum,39,2025-09-24,2025-09-30,2025-09-27,,0,7,unavailable_evidence_gap,insufficient_for_numeric_calibration,false
sheboygan_wi,freshwater_drum,40,2025-10-01,2025-10-07,2025-10-04,,0,7,unavailable_evidence_gap,insufficient_for_numeric_calibration,false
sheboygan_wi,freshwater_drum,41,2025-10-08,2025-10-14,2025-10-11,,0,7,unavailable_evidence_gap,insufficient_for_numeric_calibration,false
sheboygan_wi,freshwater_drum,42,2025-10-15,2025-10-21,2025-10-18,,0,7,unavailable_evidence_gap,insufficient_for_numeric_calibration,false
sheboygan_wi,freshwater_drum,43,2025-10-22,2025-10-28,2025-10-25,,0,7,unavailable_evidence_gap,insufficient_for_numeric_calibration,false
sheboygan_wi,freshwater_drum,44,2025-10-29,2025-11-04,2025-11-01,,0,7,unavailable_evidence_gap,insufficient_for_numeric_calibration,false
sheboygan_wi,freshwater_drum,45,2025-11-05,2025-11-11,2025-11-08,,0,7,unavailable_evidence_gap,insufficient_for_numeric_calibration,false
sheboygan_wi,freshwater_drum,46,2025-11-12,2025-11-18,2025-11-15,,0,7,unavailable_evidence_gap,insufficient_for_numeric_calibration,false
sheboygan_wi,freshwater_drum,47,2025-11-19,2025-11-25,2025-11-22,,0,7,unavailable_evidence_gap,insufficient_for_numeric_calibration,false
sheboygan_wi,freshwater_drum,48,2025-11-26,2025-12-02,2025-11-29,,0,7,unavailable_evidence_gap,insufficient_for_numeric_calibration,false
sheboygan_wi,freshwater_drum,49,2025-12-03,2025-12-09,2025-12-06,,0,7,unavailable_evidence_gap,insufficient_for_numeric_calibration,false
sheboygan_wi,freshwater_drum,50,2025-12-10,2025-12-16,2025-12-13,,0,7,unavailable_evidence_gap,insufficient_for_numeric_calibration,false
sheboygan_wi,freshwater_drum,51,2025-12-17,2025-12-23,2025-12-20,,0,7,unavailable_evidence_gap,insufficient_for_numeric_calibration,false
sheboygan_wi,freshwater_drum,52,2025-12-24,2025-12-31,2025-12-27,,0,8,unavailable_evidence_gap,insufficient_for_numeric_calibration,false
sheboygan_wi,yellow_perch,1,2025-01-01,2025-01-07,2025-01-04,,0,7,unavailable_evidence_gap,insufficient_for_numeric_calibration,false
sheboygan_wi,yellow_perch,2,2025-01-08,2025-01-14,2025-01-11,,0,7,unavailable_evidence_gap,insufficient_for_numeric_calibration,false
sheboygan_wi,yellow_perch,3,2025-01-15,2025-01-21,2025-01-18,,0,7,unavailable_evidence_gap,insufficient_for_numeric_calibration,false
sheboygan_wi,yellow_perch,4,2025-01-22,2025-01-28,2025-01-25,,0,7,unavailable_evidence_gap,insufficient_for_numeric_calibration,false
sheboygan_wi,yellow_perch,5,2025-01-29,2025-02-04,2025-02-01,,0,7,unavailable_evidence_gap,insufficient_for_numeric_calibration,false
sheboygan_wi,yellow_perch,6,2025-02-05,2025-02-11,2025-02-08,,0,7,unavailable_evidence_gap,insufficient_for_numeric_calibration,false
sheboygan_wi,yellow_perch,7,2025-02-12,2025-02-18,2025-02-15,,0,7,unavailable_evidence_gap,insufficient_for_numeric_calibration,false
sheboygan_wi,yellow_perch,8,2025-02-19,2025-02-25,2025-02-22,,0,7,unavailable_evidence_gap,insufficient_for_numeric_calibration,false
sheboygan_wi,yellow_perch,9,2025-02-26,2025-03-04,2025-03-01,,0,7,unavailable_evidence_gap,insufficient_for_numeric_calibration,false
sheboygan_wi,yellow_perch,10,2025-03-05,2025-03-11,2025-03-08,,0,7,unavailable_evidence_gap,insufficient_for_numeric_calibration,false
sheboygan_wi,yellow_perch,11,2025-03-12,2025-03-18,2025-03-15,,0,7,unavailable_evidence_gap,insufficient_for_numeric_calibration,false
sheboygan_wi,yellow_perch,12,2025-03-19,2025-03-25,2025-03-22,,0,7,unavailable_evidence_gap,insufficient_for_numeric_calibration,false
sheboygan_wi,yellow_perch,13,2025-03-26,2025-04-01,2025-03-29,,0,7,unavailable_evidence_gap,insufficient_for_numeric_calibration,false
sheboygan_wi,yellow_perch,14,2025-04-02,2025-04-08,2025-04-05,,0,7,unavailable_evidence_gap,insufficient_for_numeric_calibration,false
sheboygan_wi,yellow_perch,15,2025-04-09,2025-04-15,2025-04-12,,0,7,unavailable_evidence_gap,insufficient_for_numeric_calibration,false
sheboygan_wi,yellow_perch,16,2025-04-16,2025-04-22,2025-04-19,,0,7,unavailable_evidence_gap,insufficient_for_numeric_calibration,false
sheboygan_wi,yellow_perch,17,2025-04-23,2025-04-29,2025-04-26,,0,7,unavailable_evidence_gap,insufficient_for_numeric_calibration,false
sheboygan_wi,yellow_perch,18,2025-04-30,2025-05-06,2025-05-03,,0,7,unavailable_evidence_gap,insufficient_for_numeric_calibration,false
sheboygan_wi,yellow_perch,19,2025-05-07,2025-05-13,2025-05-10,,0,7,unavailable_evidence_gap,insufficient_for_numeric_calibration,false
sheboygan_wi,yellow_perch,20,2025-05-14,2025-05-20,2025-05-17,,0,7,unavailable_evidence_gap,insufficient_for_numeric_calibration,false
sheboygan_wi,yellow_perch,21,2025-05-21,2025-05-27,2025-05-24,,0,7,unavailable_evidence_gap,insufficient_for_numeric_calibration,false
sheboygan_wi,yellow_perch,22,2025-05-28,2025-06-03,2025-05-31,,0,7,unavailable_evidence_gap,insufficient_for_numeric_calibration,false
sheboygan_wi,yellow_perch,23,2025-06-04,2025-06-10,2025-06-07,,0,7,unavailable_evidence_gap,insufficient_for_numeric_calibration,false
sheboygan_wi,yellow_perch,24,2025-06-11,2025-06-17,2025-06-14,,0,7,unavailable_evidence_gap,insufficient_for_numeric_calibration,false
sheboygan_wi,yellow_perch,25,2025-06-18,2025-06-24,2025-06-21,,0,7,unavailable_evidence_gap,insufficient_for_numeric_calibration,false
sheboygan_wi,yellow_perch,26,2025-06-25,2025-07-01,2025-06-28,,0,7,unavailable_evidence_gap,insufficient_for_numeric_calibration,false
sheboygan_wi,yellow_perch,27,2025-07-02,2025-07-08,2025-07-05,,0,7,unavailable_evidence_gap,insufficient_for_numeric_calibration,false
sheboygan_wi,yellow_perch,28,2025-07-09,2025-07-15,2025-07-12,,0,7,unavailable_evidence_gap,insufficient_for_numeric_calibration,false
sheboygan_wi,yellow_perch,29,2025-07-16,2025-07-22,2025-07-19,,0,7,unavailable_evidence_gap,insufficient_for_numeric_calibration,false
sheboygan_wi,yellow_perch,30,2025-07-23,2025-07-29,2025-07-26,,0,7,unavailable_evidence_gap,insufficient_for_numeric_calibration,false
sheboygan_wi,yellow_perch,31,2025-07-30,2025-08-05,2025-08-02,,0,7,unavailable_evidence_gap,insufficient_for_numeric_calibration,false
sheboygan_wi,yellow_perch,32,2025-08-06,2025-08-12,2025-08-09,,0,7,unavailable_evidence_gap,insufficient_for_numeric_calibration,false
sheboygan_wi,yellow_perch,33,2025-08-13,2025-08-19,2025-08-16,,0,7,unavailable_evidence_gap,insufficient_for_numeric_calibration,false
sheboygan_wi,yellow_perch,34,2025-08-20,2025-08-26,2025-08-23,,0,7,unavailable_evidence_gap,insufficient_for_numeric_calibration,false
sheboygan_wi,yellow_perch,35,2025-08-27,2025-09-02,2025-08-30,,0,7,unavailable_evidence_gap,insufficient_for_numeric_calibration,false
sheboygan_wi,yellow_perch,36,2025-09-03,2025-09-09,2025-09-06,,0,7,unavailable_evidence_gap,insufficient_for_numeric_calibration,false
sheboygan_wi,yellow_perch,37,2025-09-10,2025-09-16,2025-09-13,,0,7,unavailable_evidence_gap,insufficient_for_numeric_calibration,false
sheboygan_wi,yellow_perch,38,2025-09-17,2025-09-23,2025-09-20,,0,7,unavailable_evidence_gap,insufficient_for_numeric_calibration,false
sheboygan_wi,yellow_perch,39,2025-09-24,2025-09-30,2025-09-27,,0,7,unavailable_evidence_gap,insufficient_for_numeric_calibration,false
sheboygan_wi,yellow_perch,40,2025-10-01,2025-10-07,2025-10-04,,0,7,unavailable_evidence_gap,insufficient_for_numeric_calibration,false
sheboygan_wi,yellow_perch,41,2025-10-08,2025-10-14,2025-10-11,,0,7,unavailable_evidence_gap,insufficient_for_numeric_calibration,false
sheboygan_wi,yellow_perch,42,2025-10-15,2025-10-21,2025-10-18,,0,7,unavailable_evidence_gap,insufficient_for_numeric_calibration,false
sheboygan_wi,yellow_perch,43,2025-10-22,2025-10-28,2025-10-25,,0,7,unavailable_evidence_gap,insufficient_for_numeric_calibration,false
sheboygan_wi,yellow_perch,44,2025-10-29,2025-11-04,2025-11-01,,0,7,unavailable_evidence_gap,insufficient_for_numeric_calibration,false
sheboygan_wi,yellow_perch,45,2025-11-05,2025-11-11,2025-11-08,,0,7,unavailable_evidence_gap,insufficient_for_numeric_calibration,false
sheboygan_wi,yellow_perch,46,2025-11-12,2025-11-18,2025-11-15,,0,7,unavailable_evidence_gap,insufficient_for_numeric_calibration,false
sheboygan_wi,yellow_perch,47,2025-11-19,2025-11-25,2025-11-22,,0,7,unavailable_evidence_gap,insufficient_for_numeric_calibration,false
sheboygan_wi,yellow_perch,48,2025-11-26,2025-12-02,2025-11-29,,0,7,unavailable_evidence_gap,insufficient_for_numeric_calibration,false
sheboygan_wi,yellow_perch,49,2025-12-03,2025-12-09,2025-12-06,,0,7,unavailable_evidence_gap,insufficient_for_numeric_calibration,false
sheboygan_wi,yellow_perch,50,2025-12-10,2025-12-16,2025-12-13,,0,7,unavailable_evidence_gap,insufficient_for_numeric_calibration,false
sheboygan_wi,yellow_perch,51,2025-12-17,2025-12-23,2025-12-20,,0,7,unavailable_evidence_gap,insufficient_for_numeric_calibration,false
sheboygan_wi,yellow_perch,52,2025-12-24,2025-12-31,2025-12-27,,0,8,unavailable_evidence_gap,insufficient_for_numeric_calibration,false
sheboygan_wi,lake_whitefish,1,2025-01-01,2025-01-07,2025-01-04,,0,7,unavailable_evidence_gap,insufficient_for_numeric_calibration,false
sheboygan_wi,lake_whitefish,2,2025-01-08,2025-01-14,2025-01-11,,0,7,unavailable_evidence_gap,insufficient_for_numeric_calibration,false
sheboygan_wi,lake_whitefish,3,2025-01-15,2025-01-21,2025-01-18,,0,7,unavailable_evidence_gap,insufficient_for_numeric_calibration,false
sheboygan_wi,lake_whitefish,4,2025-01-22,2025-01-28,2025-01-25,,0,7,unavailable_evidence_gap,insufficient_for_numeric_calibration,false
sheboygan_wi,lake_whitefish,5,2025-01-29,2025-02-04,2025-02-01,,0,7,unavailable_evidence_gap,insufficient_for_numeric_calibration,false
sheboygan_wi,lake_whitefish,6,2025-02-05,2025-02-11,2025-02-08,,0,7,unavailable_evidence_gap,insufficient_for_numeric_calibration,false
sheboygan_wi,lake_whitefish,7,2025-02-12,2025-02-18,2025-02-15,,0,7,unavailable_evidence_gap,insufficient_for_numeric_calibration,false
sheboygan_wi,lake_whitefish,8,2025-02-19,2025-02-25,2025-02-22,,0,7,unavailable_evidence_gap,insufficient_for_numeric_calibration,false
sheboygan_wi,lake_whitefish,9,2025-02-26,2025-03-04,2025-03-01,,0,7,unavailable_evidence_gap,insufficient_for_numeric_calibration,false
sheboygan_wi,lake_whitefish,10,2025-03-05,2025-03-11,2025-03-08,,0,7,unavailable_evidence_gap,insufficient_for_numeric_calibration,false
sheboygan_wi,lake_whitefish,11,2025-03-12,2025-03-18,2025-03-15,,0,7,unavailable_evidence_gap,insufficient_for_numeric_calibration,false
sheboygan_wi,lake_whitefish,12,2025-03-19,2025-03-25,2025-03-22,,0,7,unavailable_evidence_gap,insufficient_for_numeric_calibration,false
sheboygan_wi,lake_whitefish,13,2025-03-26,2025-04-01,2025-03-29,,0,7,unavailable_evidence_gap,insufficient_for_numeric_calibration,false
sheboygan_wi,lake_whitefish,14,2025-04-02,2025-04-08,2025-04-05,,0,7,unavailable_evidence_gap,insufficient_for_numeric_calibration,false
sheboygan_wi,lake_whitefish,15,2025-04-09,2025-04-15,2025-04-12,,0,7,unavailable_evidence_gap,insufficient_for_numeric_calibration,false
sheboygan_wi,lake_whitefish,16,2025-04-16,2025-04-22,2025-04-19,,0,7,unavailable_evidence_gap,insufficient_for_numeric_calibration,false
sheboygan_wi,lake_whitefish,17,2025-04-23,2025-04-29,2025-04-26,,0,7,unavailable_evidence_gap,insufficient_for_numeric_calibration,false
sheboygan_wi,lake_whitefish,18,2025-04-30,2025-05-06,2025-05-03,,0,7,unavailable_evidence_gap,insufficient_for_numeric_calibration,false
sheboygan_wi,lake_whitefish,19,2025-05-07,2025-05-13,2025-05-10,,0,7,unavailable_evidence_gap,insufficient_for_numeric_calibration,false
sheboygan_wi,lake_whitefish,20,2025-05-14,2025-05-20,2025-05-17,,0,7,unavailable_evidence_gap,insufficient_for_numeric_calibration,false
sheboygan_wi,lake_whitefish,21,2025-05-21,2025-05-27,2025-05-24,,0,7,unavailable_evidence_gap,insufficient_for_numeric_calibration,false
sheboygan_wi,lake_whitefish,22,2025-05-28,2025-06-03,2025-05-31,,0,7,unavailable_evidence_gap,insufficient_for_numeric_calibration,false
sheboygan_wi,lake_whitefish,23,2025-06-04,2025-06-10,2025-06-07,,0,7,unavailable_evidence_gap,insufficient_for_numeric_calibration,false
sheboygan_wi,lake_whitefish,24,2025-06-11,2025-06-17,2025-06-14,,0,7,unavailable_evidence_gap,insufficient_for_numeric_calibration,false
sheboygan_wi,lake_whitefish,25,2025-06-18,2025-06-24,2025-06-21,,0,7,unavailable_evidence_gap,insufficient_for_numeric_calibration,false
sheboygan_wi,lake_whitefish,26,2025-06-25,2025-07-01,2025-06-28,,0,7,unavailable_evidence_gap,insufficient_for_numeric_calibration,false
sheboygan_wi,lake_whitefish,27,2025-07-02,2025-07-08,2025-07-05,,0,7,unavailable_evidence_gap,insufficient_for_numeric_calibration,false
sheboygan_wi,lake_whitefish,28,2025-07-09,2025-07-15,2025-07-12,,0,7,unavailable_evidence_gap,insufficient_for_numeric_calibration,false
sheboygan_wi,lake_whitefish,29,2025-07-16,2025-07-22,2025-07-19,,0,7,unavailable_evidence_gap,insufficient_for_numeric_calibration,false
sheboygan_wi,lake_whitefish,30,2025-07-23,2025-07-29,2025-07-26,,0,7,unavailable_evidence_gap,insufficient_for_numeric_calibration,false
sheboygan_wi,lake_whitefish,31,2025-07-30,2025-08-05,2025-08-02,,0,7,unavailable_evidence_gap,insufficient_for_numeric_calibration,false
sheboygan_wi,lake_whitefish,32,2025-08-06,2025-08-12,2025-08-09,,0,7,unavailable_evidence_gap,insufficient_for_numeric_calibration,false
sheboygan_wi,lake_whitefish,33,2025-08-13,2025-08-19,2025-08-16,,0,7,unavailable_evidence_gap,insufficient_for_numeric_calibration,false
sheboygan_wi,lake_whitefish,34,2025-08-20,2025-08-26,2025-08-23,,0,7,unavailable_evidence_gap,insufficient_for_numeric_calibration,false
sheboygan_wi,lake_whitefish,35,2025-08-27,2025-09-02,2025-08-30,,0,7,unavailable_evidence_gap,insufficient_for_numeric_calibration,false
sheboygan_wi,lake_whitefish,36,2025-09-03,2025-09-09,2025-09-06,,0,7,unavailable_evidence_gap,insufficient_for_numeric_calibration,false
sheboygan_wi,lake_whitefish,37,2025-09-10,2025-09-16,2025-09-13,,0,7,unavailable_evidence_gap,insufficient_for_numeric_calibration,false
sheboygan_wi,lake_whitefish,38,2025-09-17,2025-09-23,2025-09-20,,0,7,unavailable_evidence_gap,insufficient_for_numeric_calibration,false
sheboygan_wi,lake_whitefish,39,2025-09-24,2025-09-30,2025-09-27,,0,7,unavailable_evidence_gap,insufficient_for_numeric_calibration,false
sheboygan_wi,lake_whitefish,40,2025-10-01,2025-10-07,2025-10-04,,0,7,unavailable_evidence_gap,insufficient_for_numeric_calibration,false
sheboygan_wi,lake_whitefish,41,2025-10-08,2025-10-14,2025-10-11,,0,7,unavailable_evidence_gap,insufficient_for_numeric_calibration,false
sheboygan_wi,lake_whitefish,42,2025-10-15,2025-10-21,2025-10-18,,0,7,unavailable_evidence_gap,insufficient_for_numeric_calibration,false
sheboygan_wi,lake_whitefish,43,2025-10-22,2025-10-28,2025-10-25,,0,7,unavailable_evidence_gap,insufficient_for_numeric_calibration,false
sheboygan_wi,lake_whitefish,44,2025-10-29,2025-11-04,2025-11-01,,0,7,unavailable_evidence_gap,insufficient_for_numeric_calibration,false
sheboygan_wi,lake_whitefish,45,2025-11-05,2025-11-11,2025-11-08,,0,7,unavailable_evidence_gap,insufficient_for_numeric_calibration,false
sheboygan_wi,lake_whitefish,46,2025-11-12,2025-11-18,2025-11-15,,0,7,unavailable_evidence_gap,insufficient_for_numeric_calibration,false
sheboygan_wi,lake_whitefish,47,2025-11-19,2025-11-25,2025-11-22,,0,7,unavailable_evidence_gap,insufficient_for_numeric_calibration,false
sheboygan_wi,lake_whitefish,48,2025-11-26,2025-12-02,2025-11-29,,0,7,unavailable_evidence_gap,insufficient_for_numeric_calibration,false
sheboygan_wi,lake_whitefish,49,2025-12-03,2025-12-09,2025-12-06,,0,7,unavailable_evidence_gap,insufficient_for_numeric_calibration,false
sheboygan_wi,lake_whitefish,50,2025-12-10,2025-12-16,2025-12-13,,0,7,unavailable_evidence_gap,insufficient_for_numeric_calibration,false
sheboygan_wi,lake_whitefish,51,2025-12-17,2025-12-23,2025-12-20,,0,7,unavailable_evidence_gap,insufficient_for_numeric_calibration,false
sheboygan_wi,lake_whitefish,52,2025-12-24,2025-12-31,2025-12-27,,0,8,unavailable_evidence_gap,insufficient_for_numeric_calibration,false
sheboygan_wi,round_whitefish,1,2025-01-01,2025-01-07,2025-01-04,,0,7,unavailable_evidence_gap,insufficient_for_numeric_calibration,false
sheboygan_wi,round_whitefish,2,2025-01-08,2025-01-14,2025-01-11,,0,7,unavailable_evidence_gap,insufficient_for_numeric_calibration,false
sheboygan_wi,round_whitefish,3,2025-01-15,2025-01-21,2025-01-18,,0,7,unavailable_evidence_gap,insufficient_for_numeric_calibration,false
sheboygan_wi,round_whitefish,4,2025-01-22,2025-01-28,2025-01-25,,0,7,unavailable_evidence_gap,insufficient_for_numeric_calibration,false
sheboygan_wi,round_whitefish,5,2025-01-29,2025-02-04,2025-02-01,,0,7,unavailable_evidence_gap,insufficient_for_numeric_calibration,false
sheboygan_wi,round_whitefish,6,2025-02-05,2025-02-11,2025-02-08,,0,7,unavailable_evidence_gap,insufficient_for_numeric_calibration,false
sheboygan_wi,round_whitefish,7,2025-02-12,2025-02-18,2025-02-15,,0,7,unavailable_evidence_gap,insufficient_for_numeric_calibration,false
sheboygan_wi,round_whitefish,8,2025-02-19,2025-02-25,2025-02-22,,0,7,unavailable_evidence_gap,insufficient_for_numeric_calibration,false
sheboygan_wi,round_whitefish,9,2025-02-26,2025-03-04,2025-03-01,,0,7,unavailable_evidence_gap,insufficient_for_numeric_calibration,false
sheboygan_wi,round_whitefish,10,2025-03-05,2025-03-11,2025-03-08,,0,7,unavailable_evidence_gap,insufficient_for_numeric_calibration,false
sheboygan_wi,round_whitefish,11,2025-03-12,2025-03-18,2025-03-15,,0,7,unavailable_evidence_gap,insufficient_for_numeric_calibration,false
sheboygan_wi,round_whitefish,12,2025-03-19,2025-03-25,2025-03-22,,0,7,unavailable_evidence_gap,insufficient_for_numeric_calibration,false
sheboygan_wi,round_whitefish,13,2025-03-26,2025-04-01,2025-03-29,,0,7,unavailable_evidence_gap,insufficient_for_numeric_calibration,false
sheboygan_wi,round_whitefish,14,2025-04-02,2025-04-08,2025-04-05,,0,7,unavailable_evidence_gap,insufficient_for_numeric_calibration,false
sheboygan_wi,round_whitefish,15,2025-04-09,2025-04-15,2025-04-12,,0,7,unavailable_evidence_gap,insufficient_for_numeric_calibration,false
sheboygan_wi,round_whitefish,16,2025-04-16,2025-04-22,2025-04-19,,0,7,unavailable_evidence_gap,insufficient_for_numeric_calibration,false
sheboygan_wi,round_whitefish,17,2025-04-23,2025-04-29,2025-04-26,,0,7,unavailable_evidence_gap,insufficient_for_numeric_calibration,false
sheboygan_wi,round_whitefish,18,2025-04-30,2025-05-06,2025-05-03,,0,7,unavailable_evidence_gap,insufficient_for_numeric_calibration,false
sheboygan_wi,round_whitefish,19,2025-05-07,2025-05-13,2025-05-10,,0,7,unavailable_evidence_gap,insufficient_for_numeric_calibration,false
sheboygan_wi,round_whitefish,20,2025-05-14,2025-05-20,2025-05-17,,0,7,unavailable_evidence_gap,insufficient_for_numeric_calibration,false
sheboygan_wi,round_whitefish,21,2025-05-21,2025-05-27,2025-05-24,,0,7,unavailable_evidence_gap,insufficient_for_numeric_calibration,false
sheboygan_wi,round_whitefish,22,2025-05-28,2025-06-03,2025-05-31,,0,7,unavailable_evidence_gap,insufficient_for_numeric_calibration,false
sheboygan_wi,round_whitefish,23,2025-06-04,2025-06-10,2025-06-07,,0,7,unavailable_evidence_gap,insufficient_for_numeric_calibration,false
sheboygan_wi,round_whitefish,24,2025-06-11,2025-06-17,2025-06-14,,0,7,unavailable_evidence_gap,insufficient_for_numeric_calibration,false
sheboygan_wi,round_whitefish,25,2025-06-18,2025-06-24,2025-06-21,,0,7,unavailable_evidence_gap,insufficient_for_numeric_calibration,false
sheboygan_wi,round_whitefish,26,2025-06-25,2025-07-01,2025-06-28,,0,7,unavailable_evidence_gap,insufficient_for_numeric_calibration,false
sheboygan_wi,round_whitefish,27,2025-07-02,2025-07-08,2025-07-05,,0,7,unavailable_evidence_gap,insufficient_for_numeric_calibration,false
sheboygan_wi,round_whitefish,28,2025-07-09,2025-07-15,2025-07-12,,0,7,unavailable_evidence_gap,insufficient_for_numeric_calibration,false
sheboygan_wi,round_whitefish,29,2025-07-16,2025-07-22,2025-07-19,,0,7,unavailable_evidence_gap,insufficient_for_numeric_calibration,false
sheboygan_wi,round_whitefish,30,2025-07-23,2025-07-29,2025-07-26,,0,7,unavailable_evidence_gap,insufficient_for_numeric_calibration,false
sheboygan_wi,round_whitefish,31,2025-07-30,2025-08-05,2025-08-02,,0,7,unavailable_evidence_gap,insufficient_for_numeric_calibration,false
sheboygan_wi,round_whitefish,32,2025-08-06,2025-08-12,2025-08-09,,0,7,unavailable_evidence_gap,insufficient_for_numeric_calibration,false
sheboygan_wi,round_whitefish,33,2025-08-13,2025-08-19,2025-08-16,,0,7,unavailable_evidence_gap,insufficient_for_numeric_calibration,false
sheboygan_wi,round_whitefish,34,2025-08-20,2025-08-26,2025-08-23,,0,7,unavailable_evidence_gap,insufficient_for_numeric_calibration,false
sheboygan_wi,round_whitefish,35,2025-08-27,2025-09-02,2025-08-30,,0,7,unavailable_evidence_gap,insufficient_for_numeric_calibration,false
sheboygan_wi,round_whitefish,36,2025-09-03,2025-09-09,2025-09-06,,0,7,unavailable_evidence_gap,insufficient_for_numeric_calibration,false
sheboygan_wi,round_whitefish,37,2025-09-10,2025-09-16,2025-09-13,,0,7,unavailable_evidence_gap,insufficient_for_numeric_calibration,false
sheboygan_wi,round_whitefish,38,2025-09-17,2025-09-23,2025-09-20,,0,7,unavailable_evidence_gap,insufficient_for_numeric_calibration,false
sheboygan_wi,round_whitefish,39,2025-09-24,2025-09-30,2025-09-27,,0,7,unavailable_evidence_gap,insufficient_for_numeric_calibration,false
sheboygan_wi,round_whitefish,40,2025-10-01,2025-10-07,2025-10-04,,0,7,unavailable_evidence_gap,insufficient_for_numeric_calibration,false
sheboygan_wi,round_whitefish,41,2025-10-08,2025-10-14,2025-10-11,,0,7,unavailable_evidence_gap,insufficient_for_numeric_calibration,false
sheboygan_wi,round_whitefish,42,2025-10-15,2025-10-21,2025-10-18,,0,7,unavailable_evidence_gap,insufficient_for_numeric_calibration,false
sheboygan_wi,round_whitefish,43,2025-10-22,2025-10-28,2025-10-25,,0,7,unavailable_evidence_gap,insufficient_for_numeric_calibration,false
sheboygan_wi,round_whitefish,44,2025-10-29,2025-11-04,2025-11-01,,0,7,unavailable_evidence_gap,insufficient_for_numeric_calibration,false
sheboygan_wi,round_whitefish,45,2025-11-05,2025-11-11,2025-11-08,,0,7,unavailable_evidence_gap,insufficient_for_numeric_calibration,false
sheboygan_wi,round_whitefish,46,2025-11-12,2025-11-18,2025-11-15,,0,7,unavailable_evidence_gap,insufficient_for_numeric_calibration,false
sheboygan_wi,round_whitefish,47,2025-11-19,2025-11-25,2025-11-22,,0,7,unavailable_evidence_gap,insufficient_for_numeric_calibration,false
sheboygan_wi,round_whitefish,48,2025-11-26,2025-12-02,2025-11-29,,0,7,unavailable_evidence_gap,insufficient_for_numeric_calibration,false
sheboygan_wi,round_whitefish,49,2025-12-03,2025-12-09,2025-12-06,,0,7,unavailable_evidence_gap,insufficient_for_numeric_calibration,false
sheboygan_wi,round_whitefish,50,2025-12-10,2025-12-16,2025-12-13,,0,7,unavailable_evidence_gap,insufficient_for_numeric_calibration,false
sheboygan_wi,round_whitefish,51,2025-12-17,2025-12-23,2025-12-20,,0,7,unavailable_evidence_gap,insufficient_for_numeric_calibration,false
sheboygan_wi,round_whitefish,52,2025-12-24,2025-12-31,2025-12-27,,0,8,unavailable_evidence_gap,insufficient_for_numeric_calibration,false
sheboygan_wi,channel_catfish,1,2025-01-01,2025-01-07,2025-01-04,,0,7,unavailable_evidence_gap,insufficient_for_numeric_calibration,false
sheboygan_wi,channel_catfish,2,2025-01-08,2025-01-14,2025-01-11,,0,7,unavailable_evidence_gap,insufficient_for_numeric_calibration,false
sheboygan_wi,channel_catfish,3,2025-01-15,2025-01-21,2025-01-18,,0,7,unavailable_evidence_gap,insufficient_for_numeric_calibration,false
sheboygan_wi,channel_catfish,4,2025-01-22,2025-01-28,2025-01-25,,0,7,unavailable_evidence_gap,insufficient_for_numeric_calibration,false
sheboygan_wi,channel_catfish,5,2025-01-29,2025-02-04,2025-02-01,,0,7,unavailable_evidence_gap,insufficient_for_numeric_calibration,false
sheboygan_wi,channel_catfish,6,2025-02-05,2025-02-11,2025-02-08,,0,7,unavailable_evidence_gap,insufficient_for_numeric_calibration,false
sheboygan_wi,channel_catfish,7,2025-02-12,2025-02-18,2025-02-15,,0,7,unavailable_evidence_gap,insufficient_for_numeric_calibration,false
sheboygan_wi,channel_catfish,8,2025-02-19,2025-02-25,2025-02-22,,0,7,unavailable_evidence_gap,insufficient_for_numeric_calibration,false
sheboygan_wi,channel_catfish,9,2025-02-26,2025-03-04,2025-03-01,,0,7,unavailable_evidence_gap,insufficient_for_numeric_calibration,false
sheboygan_wi,channel_catfish,10,2025-03-05,2025-03-11,2025-03-08,,0,7,unavailable_evidence_gap,insufficient_for_numeric_calibration,false
sheboygan_wi,channel_catfish,11,2025-03-12,2025-03-18,2025-03-15,,0,7,unavailable_evidence_gap,insufficient_for_numeric_calibration,false
sheboygan_wi,channel_catfish,12,2025-03-19,2025-03-25,2025-03-22,,0,7,unavailable_evidence_gap,insufficient_for_numeric_calibration,false
sheboygan_wi,channel_catfish,13,2025-03-26,2025-04-01,2025-03-29,,0,7,unavailable_evidence_gap,insufficient_for_numeric_calibration,false
sheboygan_wi,channel_catfish,14,2025-04-02,2025-04-08,2025-04-05,,0,7,unavailable_evidence_gap,insufficient_for_numeric_calibration,false
sheboygan_wi,channel_catfish,15,2025-04-09,2025-04-15,2025-04-12,,0,7,unavailable_evidence_gap,insufficient_for_numeric_calibration,false
sheboygan_wi,channel_catfish,16,2025-04-16,2025-04-22,2025-04-19,,0,7,unavailable_evidence_gap,insufficient_for_numeric_calibration,false
sheboygan_wi,channel_catfish,17,2025-04-23,2025-04-29,2025-04-26,,0,7,unavailable_evidence_gap,insufficient_for_numeric_calibration,false
sheboygan_wi,channel_catfish,18,2025-04-30,2025-05-06,2025-05-03,,0,7,unavailable_evidence_gap,insufficient_for_numeric_calibration,false
sheboygan_wi,channel_catfish,19,2025-05-07,2025-05-13,2025-05-10,,0,7,unavailable_evidence_gap,insufficient_for_numeric_calibration,false
sheboygan_wi,channel_catfish,20,2025-05-14,2025-05-20,2025-05-17,,0,7,unavailable_evidence_gap,insufficient_for_numeric_calibration,false
sheboygan_wi,channel_catfish,21,2025-05-21,2025-05-27,2025-05-24,,0,7,unavailable_evidence_gap,insufficient_for_numeric_calibration,false
sheboygan_wi,channel_catfish,22,2025-05-28,2025-06-03,2025-05-31,,0,7,unavailable_evidence_gap,insufficient_for_numeric_calibration,false
sheboygan_wi,channel_catfish,23,2025-06-04,2025-06-10,2025-06-07,,0,7,unavailable_evidence_gap,insufficient_for_numeric_calibration,false
sheboygan_wi,channel_catfish,24,2025-06-11,2025-06-17,2025-06-14,,0,7,unavailable_evidence_gap,insufficient_for_numeric_calibration,false
sheboygan_wi,channel_catfish,25,2025-06-18,2025-06-24,2025-06-21,,0,7,unavailable_evidence_gap,insufficient_for_numeric_calibration,false
sheboygan_wi,channel_catfish,26,2025-06-25,2025-07-01,2025-06-28,,0,7,unavailable_evidence_gap,insufficient_for_numeric_calibration,false
sheboygan_wi,channel_catfish,27,2025-07-02,2025-07-08,2025-07-05,,0,7,unavailable_evidence_gap,insufficient_for_numeric_calibration,false
sheboygan_wi,channel_catfish,28,2025-07-09,2025-07-15,2025-07-12,,0,7,unavailable_evidence_gap,insufficient_for_numeric_calibration,false
sheboygan_wi,channel_catfish,29,2025-07-16,2025-07-22,2025-07-19,,0,7,unavailable_evidence_gap,insufficient_for_numeric_calibration,false
sheboygan_wi,channel_catfish,30,2025-07-23,2025-07-29,2025-07-26,,0,7,unavailable_evidence_gap,insufficient_for_numeric_calibration,false
sheboygan_wi,channel_catfish,31,2025-07-30,2025-08-05,2025-08-02,,0,7,unavailable_evidence_gap,insufficient_for_numeric_calibration,false
sheboygan_wi,channel_catfish,32,2025-08-06,2025-08-12,2025-08-09,,0,7,unavailable_evidence_gap,insufficient_for_numeric_calibration,false
sheboygan_wi,channel_catfish,33,2025-08-13,2025-08-19,2025-08-16,,0,7,unavailable_evidence_gap,insufficient_for_numeric_calibration,false
sheboygan_wi,channel_catfish,34,2025-08-20,2025-08-26,2025-08-23,,0,7,unavailable_evidence_gap,insufficient_for_numeric_calibration,false
sheboygan_wi,channel_catfish,35,2025-08-27,2025-09-02,2025-08-30,,0,7,unavailable_evidence_gap,insufficient_for_numeric_calibration,false
sheboygan_wi,channel_catfish,36,2025-09-03,2025-09-09,2025-09-06,,0,7,unavailable_evidence_gap,insufficient_for_numeric_calibration,false
sheboygan_wi,channel_catfish,37,2025-09-10,2025-09-16,2025-09-13,,0,7,unavailable_evidence_gap,insufficient_for_numeric_calibration,false
sheboygan_wi,channel_catfish,38,2025-09-17,2025-09-23,2025-09-20,,0,7,unavailable_evidence_gap,insufficient_for_numeric_calibration,false
sheboygan_wi,channel_catfish,39,2025-09-24,2025-09-30,2025-09-27,,0,7,unavailable_evidence_gap,insufficient_for_numeric_calibration,false
sheboygan_wi,channel_catfish,40,2025-10-01,2025-10-07,2025-10-04,,0,7,unavailable_evidence_gap,insufficient_for_numeric_calibration,false
sheboygan_wi,channel_catfish,41,2025-10-08,2025-10-14,2025-10-11,,0,7,unavailable_evidence_gap,insufficient_for_numeric_calibration,false
sheboygan_wi,channel_catfish,42,2025-10-15,2025-10-21,2025-10-18,,0,7,unavailable_evidence_gap,insufficient_for_numeric_calibration,false
sheboygan_wi,channel_catfish,43,2025-10-22,2025-10-28,2025-10-25,,0,7,unavailable_evidence_gap,insufficient_for_numeric_calibration,false
sheboygan_wi,channel_catfish,44,2025-10-29,2025-11-04,2025-11-01,,0,7,unavailable_evidence_gap,insufficient_for_numeric_calibration,false
sheboygan_wi,channel_catfish,45,2025-11-05,2025-11-11,2025-11-08,,0,7,unavailable_evidence_gap,insufficient_for_numeric_calibration,false
sheboygan_wi,channel_catfish,46,2025-11-12,2025-11-18,2025-11-15,,0,7,unavailable_evidence_gap,insufficient_for_numeric_calibration,false
sheboygan_wi,channel_catfish,47,2025-11-19,2025-11-25,2025-11-22,,0,7,unavailable_evidence_gap,insufficient_for_numeric_calibration,false
sheboygan_wi,channel_catfish,48,2025-11-26,2025-12-02,2025-11-29,,0,7,unavailable_evidence_gap,insufficient_for_numeric_calibration,false
sheboygan_wi,channel_catfish,49,2025-12-03,2025-12-09,2025-12-06,,0,7,unavailable_evidence_gap,insufficient_for_numeric_calibration,false
sheboygan_wi,channel_catfish,50,2025-12-10,2025-12-16,2025-12-13,,0,7,unavailable_evidence_gap,insufficient_for_numeric_calibration,false
sheboygan_wi,channel_catfish,51,2025-12-17,2025-12-23,2025-12-20,,0,7,unavailable_evidence_gap,insufficient_for_numeric_calibration,false
sheboygan_wi,channel_catfish,52,2025-12-24,2025-12-31,2025-12-27,,0,8,unavailable_evidence_gap,insufficient_for_numeric_calibration,false
sheboygan_wi,largemouth_bass,1,2025-01-01,2025-01-07,2025-01-04,,0,7,unavailable_evidence_gap,insufficient_for_numeric_calibration,false
sheboygan_wi,largemouth_bass,2,2025-01-08,2025-01-14,2025-01-11,,0,7,unavailable_evidence_gap,insufficient_for_numeric_calibration,false
sheboygan_wi,largemouth_bass,3,2025-01-15,2025-01-21,2025-01-18,,0,7,unavailable_evidence_gap,insufficient_for_numeric_calibration,false
sheboygan_wi,largemouth_bass,4,2025-01-22,2025-01-28,2025-01-25,,0,7,unavailable_evidence_gap,insufficient_for_numeric_calibration,false
sheboygan_wi,largemouth_bass,5,2025-01-29,2025-02-04,2025-02-01,,0,7,unavailable_evidence_gap,insufficient_for_numeric_calibration,false
sheboygan_wi,largemouth_bass,6,2025-02-05,2025-02-11,2025-02-08,,0,7,unavailable_evidence_gap,insufficient_for_numeric_calibration,false
sheboygan_wi,largemouth_bass,7,2025-02-12,2025-02-18,2025-02-15,,0,7,unavailable_evidence_gap,insufficient_for_numeric_calibration,false
sheboygan_wi,largemouth_bass,8,2025-02-19,2025-02-25,2025-02-22,,0,7,unavailable_evidence_gap,insufficient_for_numeric_calibration,false
sheboygan_wi,largemouth_bass,9,2025-02-26,2025-03-04,2025-03-01,,0,7,unavailable_evidence_gap,insufficient_for_numeric_calibration,false
sheboygan_wi,largemouth_bass,10,2025-03-05,2025-03-11,2025-03-08,,0,7,unavailable_evidence_gap,insufficient_for_numeric_calibration,false
sheboygan_wi,largemouth_bass,11,2025-03-12,2025-03-18,2025-03-15,,0,7,unavailable_evidence_gap,insufficient_for_numeric_calibration,false
sheboygan_wi,largemouth_bass,12,2025-03-19,2025-03-25,2025-03-22,,0,7,unavailable_evidence_gap,insufficient_for_numeric_calibration,false
sheboygan_wi,largemouth_bass,13,2025-03-26,2025-04-01,2025-03-29,,0,7,unavailable_evidence_gap,insufficient_for_numeric_calibration,false
sheboygan_wi,largemouth_bass,14,2025-04-02,2025-04-08,2025-04-05,,0,7,unavailable_evidence_gap,insufficient_for_numeric_calibration,false
sheboygan_wi,largemouth_bass,15,2025-04-09,2025-04-15,2025-04-12,,0,7,unavailable_evidence_gap,insufficient_for_numeric_calibration,false
sheboygan_wi,largemouth_bass,16,2025-04-16,2025-04-22,2025-04-19,,0,7,unavailable_evidence_gap,insufficient_for_numeric_calibration,false
sheboygan_wi,largemouth_bass,17,2025-04-23,2025-04-29,2025-04-26,,0,7,unavailable_evidence_gap,insufficient_for_numeric_calibration,false
sheboygan_wi,largemouth_bass,18,2025-04-30,2025-05-06,2025-05-03,,0,7,unavailable_evidence_gap,insufficient_for_numeric_calibration,false
sheboygan_wi,largemouth_bass,19,2025-05-07,2025-05-13,2025-05-10,,0,7,unavailable_evidence_gap,insufficient_for_numeric_calibration,false
sheboygan_wi,largemouth_bass,20,2025-05-14,2025-05-20,2025-05-17,,0,7,unavailable_evidence_gap,insufficient_for_numeric_calibration,false
sheboygan_wi,largemouth_bass,21,2025-05-21,2025-05-27,2025-05-24,,0,7,unavailable_evidence_gap,insufficient_for_numeric_calibration,false
sheboygan_wi,largemouth_bass,22,2025-05-28,2025-06-03,2025-05-31,,0,7,unavailable_evidence_gap,insufficient_for_numeric_calibration,false
sheboygan_wi,largemouth_bass,23,2025-06-04,2025-06-10,2025-06-07,,0,7,unavailable_evidence_gap,insufficient_for_numeric_calibration,false
sheboygan_wi,largemouth_bass,24,2025-06-11,2025-06-17,2025-06-14,,0,7,unavailable_evidence_gap,insufficient_for_numeric_calibration,false
sheboygan_wi,largemouth_bass,25,2025-06-18,2025-06-24,2025-06-21,,0,7,unavailable_evidence_gap,insufficient_for_numeric_calibration,false
sheboygan_wi,largemouth_bass,26,2025-06-25,2025-07-01,2025-06-28,,0,7,unavailable_evidence_gap,insufficient_for_numeric_calibration,false
sheboygan_wi,largemouth_bass,27,2025-07-02,2025-07-08,2025-07-05,,0,7,unavailable_evidence_gap,insufficient_for_numeric_calibration,false
sheboygan_wi,largemouth_bass,28,2025-07-09,2025-07-15,2025-07-12,,0,7,unavailable_evidence_gap,insufficient_for_numeric_calibration,false
sheboygan_wi,largemouth_bass,29,2025-07-16,2025-07-22,2025-07-19,,0,7,unavailable_evidence_gap,insufficient_for_numeric_calibration,false
sheboygan_wi,largemouth_bass,30,2025-07-23,2025-07-29,2025-07-26,,0,7,unavailable_evidence_gap,insufficient_for_numeric_calibration,false
sheboygan_wi,largemouth_bass,31,2025-07-30,2025-08-05,2025-08-02,,0,7,unavailable_evidence_gap,insufficient_for_numeric_calibration,false
sheboygan_wi,largemouth_bass,32,2025-08-06,2025-08-12,2025-08-09,,0,7,unavailable_evidence_gap,insufficient_for_numeric_calibration,false
sheboygan_wi,largemouth_bass,33,2025-08-13,2025-08-19,2025-08-16,,0,7,unavailable_evidence_gap,insufficient_for_numeric_calibration,false
sheboygan_wi,largemouth_bass,34,2025-08-20,2025-08-26,2025-08-23,,0,7,unavailable_evidence_gap,insufficient_for_numeric_calibration,false
sheboygan_wi,largemouth_bass,35,2025-08-27,2025-09-02,2025-08-30,,0,7,unavailable_evidence_gap,insufficient_for_numeric_calibration,false
sheboygan_wi,largemouth_bass,36,2025-09-03,2025-09-09,2025-09-06,,0,7,unavailable_evidence_gap,insufficient_for_numeric_calibration,false
sheboygan_wi,largemouth_bass,37,2025-09-10,2025-09-16,2025-09-13,,0,7,unavailable_evidence_gap,insufficient_for_numeric_calibration,false
sheboygan_wi,largemouth_bass,38,2025-09-17,2025-09-23,2025-09-20,,0,7,unavailable_evidence_gap,insufficient_for_numeric_calibration,false
sheboygan_wi,largemouth_bass,39,2025-09-24,2025-09-30,2025-09-27,,0,7,unavailable_evidence_gap,insufficient_for_numeric_calibration,false
sheboygan_wi,largemouth_bass,40,2025-10-01,2025-10-07,2025-10-04,,0,7,unavailable_evidence_gap,insufficient_for_numeric_calibration,false
sheboygan_wi,largemouth_bass,41,2025-10-08,2025-10-14,2025-10-11,,0,7,unavailable_evidence_gap,insufficient_for_numeric_calibration,false
sheboygan_wi,largemouth_bass,42,2025-10-15,2025-10-21,2025-10-18,,0,7,unavailable_evidence_gap,insufficient_for_numeric_calibration,false
sheboygan_wi,largemouth_bass,43,2025-10-22,2025-10-28,2025-10-25,,0,7,unavailable_evidence_gap,insufficient_for_numeric_calibration,false
sheboygan_wi,largemouth_bass,44,2025-10-29,2025-11-04,2025-11-01,,0,7,unavailable_evidence_gap,insufficient_for_numeric_calibration,false
sheboygan_wi,largemouth_bass,45,2025-11-05,2025-11-11,2025-11-08,,0,7,unavailable_evidence_gap,insufficient_for_numeric_calibration,false
sheboygan_wi,largemouth_bass,46,2025-11-12,2025-11-18,2025-11-15,,0,7,unavailable_evidence_gap,insufficient_for_numeric_calibration,false
sheboygan_wi,largemouth_bass,47,2025-11-19,2025-11-25,2025-11-22,,0,7,unavailable_evidence_gap,insufficient_for_numeric_calibration,false
sheboygan_wi,largemouth_bass,48,2025-11-26,2025-12-02,2025-11-29,,0,7,unavailable_evidence_gap,insufficient_for_numeric_calibration,false
sheboygan_wi,largemouth_bass,49,2025-12-03,2025-12-09,2025-12-06,,0,7,unavailable_evidence_gap,insufficient_for_numeric_calibration,false
sheboygan_wi,largemouth_bass,50,2025-12-10,2025-12-16,2025-12-13,,0,7,unavailable_evidence_gap,insufficient_for_numeric_calibration,false
sheboygan_wi,largemouth_bass,51,2025-12-17,2025-12-23,2025-12-20,,0,7,unavailable_evidence_gap,insufficient_for_numeric_calibration,false
sheboygan_wi,largemouth_bass,52,2025-12-24,2025-12-31,2025-12-27,,0,8,unavailable_evidence_gap,insufficient_for_numeric_calibration,false
