cityId,speciesId,week,midpointDate,seasonalRating,curveId,rosterVersion,publicEnabled
ludington_mi,chinook_salmon,1,2025-01-04,1.000000,ludington_mi__chinook_salmon__v0_4,piercast-private-roster-v2-2026-09-12,false
ludington_mi,chinook_salmon,2,2025-01-11,1.000000,ludington_mi__chinook_salmon__v0_4,piercast-private-roster-v2-2026-09-12,false
ludington_mi,chinook_salmon,3,2025-01-18,1.010000,ludington_mi__chinook_salmon__v0_4,piercast-private-roster-v2-2026-09-12,false
ludington_mi,chinook_salmon,4,2025-01-25,1.033333,ludington_mi__chinook_salmon__v0_4,piercast-private-roster-v2-2026-09-12,false
ludington_mi,chinook_salmon,5,2025-02-01,1.056667,ludington_mi__chinook_salmon__v0_4,piercast-private-roster-v2-2026-09-12,false
ludington_mi,chinook_salmon,6,2025-02-08,1.080000,ludington_mi__chinook_salmon__v0_4,piercast-private-roster-v2-2026-09-12,false
ludington_mi,chinook_salmon,7,2025-02-15,1.103333,ludington_mi__chinook_salmon__v0_4,piercast-private-roster-v2-2026-09-12,false
ludington_mi,chinook_salmon,8,2025-02-22,1.126667,ludington_mi__chinook_salmon__v0_4,piercast-private-roster-v2-2026-09-12,false
ludington_mi,chinook_salmon,9,2025-03-01,1.150000,ludington_mi__chinook_salmon__v0_4,piercast-private-roster-v2-2026-09-12,false
ludington_mi,chinook_salmon,10,2025-03-08,1.173333,ludington_mi__chinook_salmon__v0_4,piercast-private-roster-v2-2026-09-12,false
ludington_mi,chinook_salmon,11,2025-03-15,1.196667,ludington_mi__chinook_salmon__v0_4,piercast-private-roster-v2-2026-09-12,false
ludington_mi,chinook_salmon,12,2025-03-22,1.220000,ludington_mi__chinook_salmon__v0_4,piercast-private-roster-v2-2026-09-12,false
ludington_mi,chinook_salmon,13,2025-03-29,1.243333,ludington_mi__chinook_salmon__v0_4,piercast-private-roster-v2-2026-09-12,false
ludington_mi,chinook_salmon,14,2025-04-05,1.266667,ludington_mi__chinook_salmon__v0_4,piercast-private-roster-v2-2026-09-12,false
ludington_mi,chinook_salmon,15,2025-04-12,1.290000,ludington_mi__chinook_salmon__v0_4,piercast-private-roster-v2-2026-09-12,false
ludington_mi,chinook_salmon,16,2025-04-19,1.566667,ludington_mi__chinook_salmon__v0_4,piercast-private-roster-v2-2026-09-12,false
ludington_mi,chinook_salmon,17,2025-04-26,2.033333,ludington_mi__chinook_salmon__v0_4,piercast-private-roster-v2-2026-09-12,false
ludington_mi,chinook_salmon,18,2025-05-03,2.500000,ludington_mi__chinook_salmon__v0_4,piercast-private-roster-v2-2026-09-12,false
ludington_mi,chinook_salmon,19,2025-05-10,2.966667,ludington_mi__chinook_salmon__v0_4,piercast-private-roster-v2-2026-09-12,false
ludington_mi,chinook_salmon,20,2025-05-17,3.478947,ludington_mi__chinook_salmon__v0_4,piercast-private-roster-v2-2026-09-12,false
ludington_mi,chinook_salmon,21,2025-05-24,4.105263,ludington_mi__chinook_salmon__v0_4,piercast-private-roster-v2-2026-09-12,false
ludington_mi,chinook_salmon,22,2025-05-31,4.731579,ludington_mi__chinook_salmon__v0_4,piercast-private-roster-v2-2026-09-12,false
ludington_mi,chinook_salmon,23,2025-06-07,4.733333,ludington_mi__chinook_salmon__v0_4,piercast-private-roster-v2-2026-09-12,false
ludington_mi,chinook_salmon,24,2025-06-14,4.266667,ludington_mi__chinook_salmon__v0_4,piercast-private-roster-v2-2026-09-12,false
ludington_mi,chinook_salmon,25,2025-06-21,3.800000,ludington_mi__chinook_salmon__v0_4,piercast-private-roster-v2-2026-09-12,false
ludington_mi,chinook_salmon,26,2025-06-28,3.476923,ludington_mi__chinook_salmon__v0_4,piercast-private-roster-v2-2026-09-12,false
ludington_mi,chinook_salmon,27,2025-07-05,3.261538,ludington_mi__chinook_salmon__v0_4,piercast-private-roster-v2-2026-09-12,false
ludington_mi,chinook_salmon,28,2025-07-12,3.046154,ludington_mi__chinook_salmon__v0_4,piercast-private-roster-v2-2026-09-12,false
ludington_mi,chinook_salmon,29,2025-07-19,2.830769,ludington_mi__chinook_salmon__v0_4,piercast-private-roster-v2-2026-09-12,false
ludington_mi,chinook_salmon,30,2025-07-26,3.325000,ludington_mi__chinook_salmon__v0_4,piercast-private-roster-v2-2026-09-12,false
ludington_mi,chinook_salmon,31,2025-08-02,3.937500,ludington_mi__chinook_salmon__v0_4,piercast-private-roster-v2-2026-09-12,false
ludington_mi,chinook_salmon,32,2025-08-09,4.925000,ludington_mi__chinook_salmon__v0_4,piercast-private-roster-v2-2026-09-12,false
ludington_mi,chinook_salmon,33,2025-08-16,6.193750,ludington_mi__chinook_salmon__v0_4,piercast-private-roster-v2-2026-09-12,false
ludington_mi,chinook_salmon,34,2025-08-23,7.366667,ludington_mi__chinook_salmon__v0_4,piercast-private-roster-v2-2026-09-12,false
ludington_mi,chinook_salmon,35,2025-08-30,8.300000,ludington_mi__chinook_salmon__v0_4,piercast-private-roster-v2-2026-09-12,false
ludington_mi,chinook_salmon,36,2025-09-06,8.066667,ludington_mi__chinook_salmon__v0_4,piercast-private-roster-v2-2026-09-12,false
ludington_mi,chinook_salmon,37,2025-09-13,6.823529,ludington_mi__chinook_salmon__v0_4,piercast-private-roster-v2-2026-09-12,false
ludington_mi,chinook_salmon,38,2025-09-20,5.176471,ludington_mi__chinook_salmon__v0_4,piercast-private-roster-v2-2026-09-12,false
ludington_mi,chinook_salmon,39,2025-09-27,3.776471,ludington_mi__chinook_salmon__v0_4,piercast-private-roster-v2-2026-09-12,false
ludington_mi,chinook_salmon,40,2025-10-04,2.994118,ludington_mi__chinook_salmon__v0_4,piercast-private-roster-v2-2026-09-12,false
ludington_mi,chinook_salmon,41,2025-10-11,2.211765,ludington_mi__chinook_salmon__v0_4,piercast-private-roster-v2-2026-09-12,false
ludington_mi,chinook_salmon,42,2025-10-18,1.830000,ludington_mi__chinook_salmon__v0_4,piercast-private-roster-v2-2026-09-12,false
ludington_mi,chinook_salmon,43,2025-10-25,1.515000,ludington_mi__chinook_salmon__v0_4,piercast-private-roster-v2-2026-09-12,false
ludington_mi,chinook_salmon,44,2025-11-01,1.200000,ludington_mi__chinook_salmon__v0_4,piercast-private-roster-v2-2026-09-12,false
ludington_mi,chinook_salmon,45,2025-11-08,1.168182,ludington_mi__chinook_salmon__v0_4,piercast-private-roster-v2-2026-09-12,false
ludington_mi,chinook_salmon,46,2025-11-15,1.136364,ludington_mi__chinook_salmon__v0_4,piercast-private-roster-v2-2026-09-12,false
ludington_mi,chinook_salmon,47,2025-11-22,1.104545,ludington_mi__chinook_salmon__v0_4,piercast-private-roster-v2-2026-09-12,false
ludington_mi,chinook_salmon,48,2025-11-29,1.072727,ludington_mi__chinook_salmon__v0_4,piercast-private-roster-v2-2026-09-12,false
ludington_mi,chinook_salmon,49,2025-12-06,1.040909,ludington_mi__chinook_salmon__v0_4,piercast-private-roster-v2-2026-09-12,false
ludington_mi,chinook_salmon,50,2025-12-13,1.009091,ludington_mi__chinook_salmon__v0_4,piercast-private-roster-v2-2026-09-12,false
ludington_mi,chinook_salmon,51,2025-12-20,1.000000,ludington_mi__chinook_salmon__v0_4,piercast-private-roster-v2-2026-09-12,false
ludington_mi,chinook_salmon,52,2025-12-27,1.000000,ludington_mi__chinook_salmon__v0_4,piercast-private-roster-v2-2026-09-12,false
ludington_mi,coho_salmon,1,2025-01-04,1.407317,ludington_mi__coho_salmon__v0_4,piercast-private-roster-v2-2026-09-12,false
ludington_mi,coho_salmon,2,2025-01-11,1.339024,ludington_mi__coho_salmon__v0_4,piercast-private-roster-v2-2026-09-12,false
ludington_mi,coho_salmon,3,2025-01-18,1.361111,ludington_mi__coho_salmon__v0_4,piercast-private-roster-v2-2026-09-12,false
ludington_mi,coho_salmon,4,2025-01-25,1.503704,ludington_mi__coho_salmon__v0_4,piercast-private-roster-v2-2026-09-12,false
ludington_mi,coho_salmon,5,2025-02-01,1.646296,ludington_mi__coho_salmon__v0_4,piercast-private-roster-v2-2026-09-12,false
ludington_mi,coho_salmon,6,2025-02-08,1.788889,ludington_mi__coho_salmon__v0_4,piercast-private-roster-v2-2026-09-12,false
ludington_mi,coho_salmon,7,2025-02-15,1.931481,ludington_mi__coho_salmon__v0_4,piercast-private-roster-v2-2026-09-12,false
ludington_mi,coho_salmon,8,2025-02-22,2.074074,ludington_mi__coho_salmon__v0_4,piercast-private-roster-v2-2026-09-12,false
ludington_mi,coho_salmon,9,2025-03-01,2.216667,ludington_mi__coho_salmon__v0_4,piercast-private-roster-v2-2026-09-12,false
ludington_mi,coho_salmon,10,2025-03-08,2.359259,ludington_mi__coho_salmon__v0_4,piercast-private-roster-v2-2026-09-12,false
ludington_mi,coho_salmon,11,2025-03-15,2.476923,ludington_mi__coho_salmon__v0_4,piercast-private-roster-v2-2026-09-12,false
ludington_mi,coho_salmon,12,2025-03-22,2.584615,ludington_mi__coho_salmon__v0_4,piercast-private-roster-v2-2026-09-12,false
ludington_mi,coho_salmon,13,2025-03-29,2.692308,ludington_mi__coho_salmon__v0_4,piercast-private-roster-v2-2026-09-12,false
ludington_mi,coho_salmon,14,2025-04-05,2.800000,ludington_mi__coho_salmon__v0_4,piercast-private-roster-v2-2026-09-12,false
ludington_mi,coho_salmon,15,2025-04-12,2.776667,ludington_mi__coho_salmon__v0_4,piercast-private-roster-v2-2026-09-12,false
ludington_mi,coho_salmon,16,2025-04-19,2.753333,ludington_mi__coho_salmon__v0_4,piercast-private-roster-v2-2026-09-12,false
ludington_mi,coho_salmon,17,2025-04-26,2.730000,ludington_mi__coho_salmon__v0_4,piercast-private-roster-v2-2026-09-12,false
ludington_mi,coho_salmon,18,2025-05-03,2.706667,ludington_mi__coho_salmon__v0_4,piercast-private-roster-v2-2026-09-12,false
ludington_mi,coho_salmon,19,2025-05-10,2.554839,ludington_mi__coho_salmon__v0_4,piercast-private-roster-v2-2026-09-12,false
ludington_mi,coho_salmon,20,2025-05-17,2.351613,ludington_mi__coho_salmon__v0_4,piercast-private-roster-v2-2026-09-12,false
ludington_mi,coho_salmon,21,2025-05-24,2.148387,ludington_mi__coho_salmon__v0_4,piercast-private-roster-v2-2026-09-12,false
ludington_mi,coho_salmon,22,2025-05-31,1.945161,ludington_mi__coho_salmon__v0_4,piercast-private-roster-v2-2026-09-12,false
ludington_mi,coho_salmon,23,2025-06-07,1.800000,ludington_mi__coho_salmon__v0_4,piercast-private-roster-v2-2026-09-12,false
ludington_mi,coho_salmon,24,2025-06-14,1.800000,ludington_mi__coho_salmon__v0_4,piercast-private-roster-v2-2026-09-12,false
ludington_mi,coho_salmon,25,2025-06-21,1.800000,ludington_mi__coho_salmon__v0_4,piercast-private-roster-v2-2026-09-12,false
ludington_mi,coho_salmon,26,2025-06-28,1.800000,ludington_mi__coho_salmon__v0_4,piercast-private-roster-v2-2026-09-12,false
ludington_mi,coho_salmon,27,2025-07-05,1.800000,ludington_mi__coho_salmon__v0_4,piercast-private-roster-v2-2026-09-12,false
ludington_mi,coho_salmon,28,2025-07-12,1.800000,ludington_mi__coho_salmon__v0_4,piercast-private-roster-v2-2026-09-12,false
ludington_mi,coho_salmon,29,2025-07-19,1.800000,ludington_mi__coho_salmon__v0_4,piercast-private-roster-v2-2026-09-12,false
ludington_mi,coho_salmon,30,2025-07-26,2.000000,ludington_mi__coho_salmon__v0_4,piercast-private-roster-v2-2026-09-12,false
ludington_mi,coho_salmon,31,2025-08-02,2.233333,ludington_mi__coho_salmon__v0_4,piercast-private-roster-v2-2026-09-12,false
ludington_mi,coho_salmon,32,2025-08-09,2.466667,ludington_mi__coho_salmon__v0_4,piercast-private-roster-v2-2026-09-12,false
ludington_mi,coho_salmon,33,2025-08-16,2.700000,ludington_mi__coho_salmon__v0_4,piercast-private-roster-v2-2026-09-12,false
ludington_mi,coho_salmon,34,2025-08-23,2.933333,ludington_mi__coho_salmon__v0_4,piercast-private-roster-v2-2026-09-12,false
ludington_mi,coho_salmon,35,2025-08-30,3.312500,ludington_mi__coho_salmon__v0_4,piercast-private-roster-v2-2026-09-12,false
ludington_mi,coho_salmon,36,2025-09-06,3.750000,ludington_mi__coho_salmon__v0_4,piercast-private-roster-v2-2026-09-12,false
ludington_mi,coho_salmon,37,2025-09-13,4.187500,ludington_mi__coho_salmon__v0_4,piercast-private-roster-v2-2026-09-12,false
ludington_mi,coho_salmon,38,2025-09-20,4.625000,ludington_mi__coho_salmon__v0_4,piercast-private-roster-v2-2026-09-12,false
ludington_mi,coho_salmon,39,2025-09-27,5.025000,ludington_mi__coho_salmon__v0_4,piercast-private-roster-v2-2026-09-12,false
ludington_mi,coho_salmon,40,2025-10-04,5.200000,ludington_mi__coho_salmon__v0_4,piercast-private-roster-v2-2026-09-12,false
ludington_mi,coho_salmon,41,2025-10-11,5.375000,ludington_mi__coho_salmon__v0_4,piercast-private-roster-v2-2026-09-12,false
ludington_mi,coho_salmon,42,2025-10-18,5.550000,ludington_mi__coho_salmon__v0_4,piercast-private-roster-v2-2026-09-12,false
ludington_mi,coho_salmon,43,2025-10-25,5.363158,ludington_mi__coho_salmon__v0_4,piercast-private-roster-v2-2026-09-12,false
ludington_mi,coho_salmon,44,2025-11-01,5.031579,ludington_mi__coho_salmon__v0_4,piercast-private-roster-v2-2026-09-12,false
ludington_mi,coho_salmon,45,2025-11-08,4.700000,ludington_mi__coho_salmon__v0_4,piercast-private-roster-v2-2026-09-12,false
ludington_mi,coho_salmon,46,2025-11-15,3.922222,ludington_mi__coho_salmon__v0_4,piercast-private-roster-v2-2026-09-12,false
ludington_mi,coho_salmon,47,2025-11-22,3.144444,ludington_mi__coho_salmon__v0_4,piercast-private-roster-v2-2026-09-12,false
ludington_mi,coho_salmon,48,2025-11-29,2.366667,ludington_mi__coho_salmon__v0_4,piercast-private-roster-v2-2026-09-12,false
ludington_mi,coho_salmon,49,2025-12-06,1.690244,ludington_mi__coho_salmon__v0_4,piercast-private-roster-v2-2026-09-12,false
ludington_mi,coho_salmon,50,2025-12-13,1.621951,ludington_mi__coho_salmon__v0_4,piercast-private-roster-v2-2026-09-12,false
ludington_mi,coho_salmon,51,2025-12-20,1.553659,ludington_mi__coho_salmon__v0_4,piercast-private-roster-v2-2026-09-12,false
ludington_mi,coho_salmon,52,2025-12-27,1.485366,ludington_mi__coho_salmon__v0_4,piercast-private-roster-v2-2026-09-12,false
ludington_mi,steelhead,1,2025-01-04,4.000000,ludington_mi__steelhead__v0_4,piercast-private-roster-v2-2026-09-12,false
ludington_mi,steelhead,2,2025-01-11,4.000000,ludington_mi__steelhead__v0_4,piercast-private-roster-v2-2026-09-12,false
ludington_mi,steelhead,3,2025-01-18,4.044444,ludington_mi__steelhead__v0_4,piercast-private-roster-v2-2026-09-12,false
ludington_mi,steelhead,4,2025-01-25,4.148148,ludington_mi__steelhead__v0_4,piercast-private-roster-v2-2026-09-12,false
ludington_mi,steelhead,5,2025-02-01,4.251852,ludington_mi__steelhead__v0_4,piercast-private-roster-v2-2026-09-12,false
ludington_mi,steelhead,6,2025-02-08,4.355556,ludington_mi__steelhead__v0_4,piercast-private-roster-v2-2026-09-12,false
ludington_mi,steelhead,7,2025-02-15,4.459259,ludington_mi__steelhead__v0_4,piercast-private-roster-v2-2026-09-12,false
ludington_mi,steelhead,8,2025-02-22,4.562963,ludington_mi__steelhead__v0_4,piercast-private-roster-v2-2026-09-12,false
ludington_mi,steelhead,9,2025-03-01,4.666667,ludington_mi__steelhead__v0_4,piercast-private-roster-v2-2026-09-12,false
ludington_mi,steelhead,10,2025-03-08,4.770370,ludington_mi__steelhead__v0_4,piercast-private-roster-v2-2026-09-12,false
ludington_mi,steelhead,11,2025-03-15,5.030769,ludington_mi__steelhead__v0_4,piercast-private-roster-v2-2026-09-12,false
ludington_mi,steelhead,12,2025-03-22,5.353846,ludington_mi__steelhead__v0_4,piercast-private-roster-v2-2026-09-12,false
ludington_mi,steelhead,13,2025-03-29,5.676923,ludington_mi__steelhead__v0_4,piercast-private-roster-v2-2026-09-12,false
ludington_mi,steelhead,14,2025-04-05,6.000000,ludington_mi__steelhead__v0_4,piercast-private-roster-v2-2026-09-12,false
ludington_mi,steelhead,15,2025-04-12,5.440000,ludington_mi__steelhead__v0_4,piercast-private-roster-v2-2026-09-12,false
ludington_mi,steelhead,16,2025-04-19,4.880000,ludington_mi__steelhead__v0_4,piercast-private-roster-v2-2026-09-12,false
ludington_mi,steelhead,17,2025-04-26,4.320000,ludington_mi__steelhead__v0_4,piercast-private-roster-v2-2026-09-12,false
ludington_mi,steelhead,18,2025-05-03,3.760000,ludington_mi__steelhead__v0_4,piercast-private-roster-v2-2026-09-12,false
ludington_mi,steelhead,19,2025-05-10,3.200000,ludington_mi__steelhead__v0_4,piercast-private-roster-v2-2026-09-12,false
ludington_mi,steelhead,20,2025-05-17,3.122222,ludington_mi__steelhead__v0_4,piercast-private-roster-v2-2026-09-12,false
ludington_mi,steelhead,21,2025-05-24,3.044444,ludington_mi__steelhead__v0_4,piercast-private-roster-v2-2026-09-12,false
ludington_mi,steelhead,22,2025-05-31,2.966667,ludington_mi__steelhead__v0_4,piercast-private-roster-v2-2026-09-12,false
ludington_mi,steelhead,23,2025-06-07,2.888889,ludington_mi__steelhead__v0_4,piercast-private-roster-v2-2026-09-12,false
ludington_mi,steelhead,24,2025-06-14,2.811111,ludington_mi__steelhead__v0_4,piercast-private-roster-v2-2026-09-12,false
ludington_mi,steelhead,25,2025-06-21,2.672131,ludington_mi__steelhead__v0_4,piercast-private-roster-v2-2026-09-12,false
ludington_mi,steelhead,26,2025-06-28,2.522951,ludington_mi__steelhead__v0_4,piercast-private-roster-v2-2026-09-12,false
ludington_mi,steelhead,27,2025-07-05,2.373770,ludington_mi__steelhead__v0_4,piercast-private-roster-v2-2026-09-12,false
ludington_mi,steelhead,28,2025-07-12,2.224590,ludington_mi__steelhead__v0_4,piercast-private-roster-v2-2026-09-12,false
ludington_mi,steelhead,29,2025-07-19,2.075410,ludington_mi__steelhead__v0_4,piercast-private-roster-v2-2026-09-12,false
ludington_mi,steelhead,30,2025-07-26,1.926230,ludington_mi__steelhead__v0_4,piercast-private-roster-v2-2026-09-12,false
ludington_mi,steelhead,31,2025-08-02,1.777049,ludington_mi__steelhead__v0_4,piercast-private-roster-v2-2026-09-12,false
ludington_mi,steelhead,32,2025-08-09,1.627869,ludington_mi__steelhead__v0_4,piercast-private-roster-v2-2026-09-12,false
ludington_mi,steelhead,33,2025-08-16,1.546341,ludington_mi__steelhead__v0_4,piercast-private-roster-v2-2026-09-12,false
ludington_mi,steelhead,34,2025-08-23,1.870732,ludington_mi__steelhead__v0_4,piercast-private-roster-v2-2026-09-12,false
ludington_mi,steelhead,35,2025-08-30,2.195122,ludington_mi__steelhead__v0_4,piercast-private-roster-v2-2026-09-12,false
ludington_mi,steelhead,36,2025-09-06,2.519512,ludington_mi__steelhead__v0_4,piercast-private-roster-v2-2026-09-12,false
ludington_mi,steelhead,37,2025-09-13,2.843902,ludington_mi__steelhead__v0_4,piercast-private-roster-v2-2026-09-12,false
ludington_mi,steelhead,38,2025-09-20,3.168293,ludington_mi__steelhead__v0_4,piercast-private-roster-v2-2026-09-12,false
ludington_mi,steelhead,39,2025-09-27,3.776000,ludington_mi__steelhead__v0_4,piercast-private-roster-v2-2026-09-12,false
ludington_mi,steelhead,40,2025-10-04,5.092000,ludington_mi__steelhead__v0_4,piercast-private-roster-v2-2026-09-12,false
ludington_mi,steelhead,41,2025-10-11,6.408000,ludington_mi__steelhead__v0_4,piercast-private-roster-v2-2026-09-12,false
ludington_mi,steelhead,42,2025-10-18,7.724000,ludington_mi__steelhead__v0_4,piercast-private-roster-v2-2026-09-12,false
ludington_mi,steelhead,43,2025-10-25,7.863158,ludington_mi__steelhead__v0_4,piercast-private-roster-v2-2026-09-12,false
ludington_mi,steelhead,44,2025-11-01,7.531579,ludington_mi__steelhead__v0_4,piercast-private-roster-v2-2026-09-12,false
ludington_mi,steelhead,45,2025-11-08,7.200000,ludington_mi__steelhead__v0_4,piercast-private-roster-v2-2026-09-12,false
ludington_mi,steelhead,46,2025-11-15,6.577778,ludington_mi__steelhead__v0_4,piercast-private-roster-v2-2026-09-12,false
ludington_mi,steelhead,47,2025-11-22,5.955556,ludington_mi__steelhead__v0_4,piercast-private-roster-v2-2026-09-12,false
ludington_mi,steelhead,48,2025-11-29,5.333333,ludington_mi__steelhead__v0_4,piercast-private-roster-v2-2026-09-12,false
ludington_mi,steelhead,49,2025-12-06,4.769231,ludington_mi__steelhead__v0_4,piercast-private-roster-v2-2026-09-12,false
ludington_mi,steelhead,50,2025-12-13,4.553846,ludington_mi__steelhead__v0_4,piercast-private-roster-v2-2026-09-12,false
ludington_mi,steelhead,51,2025-12-20,4.338462,ludington_mi__steelhead__v0_4,piercast-private-roster-v2-2026-09-12,false
ludington_mi,steelhead,52,2025-12-27,4.123077,ludington_mi__steelhead__v0_4,piercast-private-roster-v2-2026-09-12,false
ludington_mi,brown_trout,1,2025-01-04,4.000000,ludington_mi__brown_trout__v0_4,piercast-private-roster-v2-2026-09-12,false
ludington_mi,brown_trout,2,2025-01-11,4.000000,ludington_mi__brown_trout__v0_4,piercast-private-roster-v2-2026-09-12,false
ludington_mi,brown_trout,3,2025-01-18,4.088889,ludington_mi__brown_trout__v0_4,piercast-private-roster-v2-2026-09-12,false
ludington_mi,brown_trout,4,2025-01-25,4.296296,ludington_mi__brown_trout__v0_4,piercast-private-roster-v2-2026-09-12,false
ludington_mi,brown_trout,5,2025-02-01,4.503704,ludington_mi__brown_trout__v0_4,piercast-private-roster-v2-2026-09-12,false
ludington_mi,brown_trout,6,2025-02-08,4.711111,ludington_mi__brown_trout__v0_4,piercast-private-roster-v2-2026-09-12,false
ludington_mi,brown_trout,7,2025-02-15,4.918519,ludington_mi__brown_trout__v0_4,piercast-private-roster-v2-2026-09-12,false
ludington_mi,brown_trout,8,2025-02-22,5.125926,ludington_mi__brown_trout__v0_4,piercast-private-roster-v2-2026-09-12,false
ludington_mi,brown_trout,9,2025-03-01,5.333333,ludington_mi__brown_trout__v0_4,piercast-private-roster-v2-2026-09-12,false
ludington_mi,brown_trout,10,2025-03-08,5.540741,ludington_mi__brown_trout__v0_4,piercast-private-roster-v2-2026-09-12,false
ludington_mi,brown_trout,11,2025-03-15,5.984615,ludington_mi__brown_trout__v0_4,piercast-private-roster-v2-2026-09-12,false
ludington_mi,brown_trout,12,2025-03-22,6.523077,ludington_mi__brown_trout__v0_4,piercast-private-roster-v2-2026-09-12,false
ludington_mi,brown_trout,13,2025-03-29,7.061538,ludington_mi__brown_trout__v0_4,piercast-private-roster-v2-2026-09-12,false
ludington_mi,brown_trout,14,2025-04-05,7.600000,ludington_mi__brown_trout__v0_4,piercast-private-roster-v2-2026-09-12,false
ludington_mi,brown_trout,15,2025-04-12,7.460000,ludington_mi__brown_trout__v0_4,piercast-private-roster-v2-2026-09-12,false
ludington_mi,brown_trout,16,2025-04-19,7.320000,ludington_mi__brown_trout__v0_4,piercast-private-roster-v2-2026-09-12,false
ludington_mi,brown_trout,17,2025-04-26,7.136000,ludington_mi__brown_trout__v0_4,piercast-private-roster-v2-2026-09-12,false
ludington_mi,brown_trout,18,2025-05-03,6.688000,ludington_mi__brown_trout__v0_4,piercast-private-roster-v2-2026-09-12,false
ludington_mi,brown_trout,19,2025-05-10,6.240000,ludington_mi__brown_trout__v0_4,piercast-private-roster-v2-2026-09-12,false
ludington_mi,brown_trout,20,2025-05-17,5.792000,ludington_mi__brown_trout__v0_4,piercast-private-roster-v2-2026-09-12,false
ludington_mi,brown_trout,21,2025-05-24,5.316129,ludington_mi__brown_trout__v0_4,piercast-private-roster-v2-2026-09-12,false
ludington_mi,brown_trout,22,2025-05-31,4.819355,ludington_mi__brown_trout__v0_4,piercast-private-roster-v2-2026-09-12,false
ludington_mi,brown_trout,23,2025-06-07,4.322581,ludington_mi__brown_trout__v0_4,piercast-private-roster-v2-2026-09-12,false
ludington_mi,brown_trout,24,2025-06-14,3.825806,ludington_mi__brown_trout__v0_4,piercast-private-roster-v2-2026-09-12,false
ludington_mi,brown_trout,25,2025-06-21,3.360714,ludington_mi__brown_trout__v0_4,piercast-private-roster-v2-2026-09-12,false
ludington_mi,brown_trout,26,2025-06-28,3.085714,ludington_mi__brown_trout__v0_4,piercast-private-roster-v2-2026-09-12,false
ludington_mi,brown_trout,27,2025-07-05,2.810714,ludington_mi__brown_trout__v0_4,piercast-private-roster-v2-2026-09-12,false
ludington_mi,brown_trout,28,2025-07-12,2.535714,ludington_mi__brown_trout__v0_4,piercast-private-roster-v2-2026-09-12,false
ludington_mi,brown_trout,29,2025-07-19,2.260714,ludington_mi__brown_trout__v0_4,piercast-private-roster-v2-2026-09-12,false
ludington_mi,brown_trout,30,2025-07-26,1.985714,ludington_mi__brown_trout__v0_4,piercast-private-roster-v2-2026-09-12,false
ludington_mi,brown_trout,31,2025-08-02,1.710714,ludington_mi__brown_trout__v0_4,piercast-private-roster-v2-2026-09-12,false
ludington_mi,brown_trout,32,2025-08-09,1.435714,ludington_mi__brown_trout__v0_4,piercast-private-roster-v2-2026-09-12,false
ludington_mi,brown_trout,33,2025-08-16,1.216393,ludington_mi__brown_trout__v0_4,piercast-private-roster-v2-2026-09-12,false
ludington_mi,brown_trout,34,2025-08-23,1.331148,ludington_mi__brown_trout__v0_4,piercast-private-roster-v2-2026-09-12,false
ludington_mi,brown_trout,35,2025-08-30,1.445902,ludington_mi__brown_trout__v0_4,piercast-private-roster-v2-2026-09-12,false
ludington_mi,brown_trout,36,2025-09-06,1.560656,ludington_mi__brown_trout__v0_4,piercast-private-roster-v2-2026-09-12,false
ludington_mi,brown_trout,37,2025-09-13,1.675410,ludington_mi__brown_trout__v0_4,piercast-private-roster-v2-2026-09-12,false
ludington_mi,brown_trout,38,2025-09-20,1.790164,ludington_mi__brown_trout__v0_4,piercast-private-roster-v2-2026-09-12,false
ludington_mi,brown_trout,39,2025-09-27,1.904918,ludington_mi__brown_trout__v0_4,piercast-private-roster-v2-2026-09-12,false
ludington_mi,brown_trout,40,2025-10-04,2.019672,ludington_mi__brown_trout__v0_4,piercast-private-roster-v2-2026-09-12,false
ludington_mi,brown_trout,41,2025-10-11,2.134426,ludington_mi__brown_trout__v0_4,piercast-private-roster-v2-2026-09-12,false
ludington_mi,brown_trout,42,2025-10-18,2.250000,ludington_mi__brown_trout__v0_4,piercast-private-roster-v2-2026-09-12,false
ludington_mi,brown_trout,43,2025-10-25,2.366667,ludington_mi__brown_trout__v0_4,piercast-private-roster-v2-2026-09-12,false
ludington_mi,brown_trout,44,2025-11-01,2.483333,ludington_mi__brown_trout__v0_4,piercast-private-roster-v2-2026-09-12,false
ludington_mi,brown_trout,45,2025-11-08,2.600000,ludington_mi__brown_trout__v0_4,piercast-private-roster-v2-2026-09-12,false
ludington_mi,brown_trout,46,2025-11-15,2.716667,ludington_mi__brown_trout__v0_4,piercast-private-roster-v2-2026-09-12,false
ludington_mi,brown_trout,47,2025-11-22,2.858537,ludington_mi__brown_trout__v0_4,piercast-private-roster-v2-2026-09-12,false
ludington_mi,brown_trout,48,2025-11-29,3.063415,ludington_mi__brown_trout__v0_4,piercast-private-roster-v2-2026-09-12,false
ludington_mi,brown_trout,49,2025-12-06,3.268293,ludington_mi__brown_trout__v0_4,piercast-private-roster-v2-2026-09-12,false
ludington_mi,brown_trout,50,2025-12-13,3.473171,ludington_mi__brown_trout__v0_4,piercast-private-roster-v2-2026-09-12,false
ludington_mi,brown_trout,51,2025-12-20,3.678049,ludington_mi__brown_trout__v0_4,piercast-private-roster-v2-2026-09-12,false
ludington_mi,brown_trout,52,2025-12-27,3.882927,ludington_mi__brown_trout__v0_4,piercast-private-roster-v2-2026-09-12,false
ludington_mi,smallmouth_bass,1,2025-01-04,1.500000,ludington_mi__smallmouth_bass__annual_v1,piercast-private-roster-v2-2026-09-12,false
ludington_mi,smallmouth_bass,2,2025-01-11,1.500000,ludington_mi__smallmouth_bass__annual_v1,piercast-private-roster-v2-2026-09-12,false
ludington_mi,smallmouth_bass,3,2025-01-18,1.500000,ludington_mi__smallmouth_bass__annual_v1,piercast-private-roster-v2-2026-09-12,false
ludington_mi,smallmouth_bass,4,2025-01-25,1.500000,ludington_mi__smallmouth_bass__annual_v1,piercast-private-roster-v2-2026-09-12,false
ludington_mi,smallmouth_bass,5,2025-02-01,1.500000,ludington_mi__smallmouth_bass__annual_v1,piercast-private-roster-v2-2026-09-12,false
ludington_mi,smallmouth_bass,6,2025-02-08,1.500000,ludington_mi__smallmouth_bass__annual_v1,piercast-private-roster-v2-2026-09-12,false
ludington_mi,smallmouth_bass,7,2025-02-15,1.500000,ludington_mi__smallmouth_bass__annual_v1,piercast-private-roster-v2-2026-09-12,false
ludington_mi,smallmouth_bass,8,2025-02-22,1.500000,ludington_mi__smallmouth_bass__annual_v1,piercast-private-roster-v2-2026-09-12,false
ludington_mi,smallmouth_bass,9,2025-03-01,1.500000,ludington_mi__smallmouth_bass__annual_v1,piercast-private-roster-v2-2026-09-12,false
ludington_mi,smallmouth_bass,10,2025-03-08,1.500000,ludington_mi__smallmouth_bass__annual_v1,piercast-private-roster-v2-2026-09-12,false
ludington_mi,smallmouth_bass,11,2025-03-15,1.500000,ludington_mi__smallmouth_bass__annual_v1,piercast-private-roster-v2-2026-09-12,false
ludington_mi,smallmouth_bass,12,2025-03-22,1.500000,ludington_mi__smallmouth_bass__annual_v1,piercast-private-roster-v2-2026-09-12,false
ludington_mi,smallmouth_bass,13,2025-03-29,1.500000,ludington_mi__smallmouth_bass__annual_v1,piercast-private-roster-v2-2026-09-12,false
ludington_mi,smallmouth_bass,14,2025-04-05,1.500000,ludington_mi__smallmouth_bass__annual_v1,piercast-private-roster-v2-2026-09-12,false
ludington_mi,smallmouth_bass,15,2025-04-12,1.500000,ludington_mi__smallmouth_bass__annual_v1,piercast-private-roster-v2-2026-09-12,false
ludington_mi,smallmouth_bass,16,2025-04-19,1.633333,ludington_mi__smallmouth_bass__annual_v1,piercast-private-roster-v2-2026-09-12,false
ludington_mi,smallmouth_bass,17,2025-04-26,1.866667,ludington_mi__smallmouth_bass__annual_v1,piercast-private-roster-v2-2026-09-12,false
ludington_mi,smallmouth_bass,18,2025-05-03,2.100000,ludington_mi__smallmouth_bass__annual_v1,piercast-private-roster-v2-2026-09-12,false
ludington_mi,smallmouth_bass,19,2025-05-10,2.333333,ludington_mi__smallmouth_bass__annual_v1,piercast-private-roster-v2-2026-09-12,false
ludington_mi,smallmouth_bass,20,2025-05-17,2.564516,ludington_mi__smallmouth_bass__annual_v1,piercast-private-roster-v2-2026-09-12,false
ludington_mi,smallmouth_bass,21,2025-05-24,2.790323,ludington_mi__smallmouth_bass__annual_v1,piercast-private-roster-v2-2026-09-12,false
ludington_mi,smallmouth_bass,22,2025-05-31,3.016129,ludington_mi__smallmouth_bass__annual_v1,piercast-private-roster-v2-2026-09-12,false
ludington_mi,smallmouth_bass,23,2025-06-07,3.241935,ludington_mi__smallmouth_bass__annual_v1,piercast-private-roster-v2-2026-09-12,false
ludington_mi,smallmouth_bass,24,2025-06-14,3.467742,ludington_mi__smallmouth_bass__annual_v1,piercast-private-roster-v2-2026-09-12,false
ludington_mi,smallmouth_bass,25,2025-06-21,3.700000,ludington_mi__smallmouth_bass__annual_v1,piercast-private-roster-v2-2026-09-12,false
ludington_mi,smallmouth_bass,26,2025-06-28,3.933333,ludington_mi__smallmouth_bass__annual_v1,piercast-private-roster-v2-2026-09-12,false
ludington_mi,smallmouth_bass,27,2025-07-05,4.166667,ludington_mi__smallmouth_bass__annual_v1,piercast-private-roster-v2-2026-09-12,false
ludington_mi,smallmouth_bass,28,2025-07-12,4.400000,ludington_mi__smallmouth_bass__annual_v1,piercast-private-roster-v2-2026-09-12,false
ludington_mi,smallmouth_bass,29,2025-07-19,4.435484,ludington_mi__smallmouth_bass__annual_v1,piercast-private-roster-v2-2026-09-12,false
ludington_mi,smallmouth_bass,30,2025-07-26,4.322581,ludington_mi__smallmouth_bass__annual_v1,piercast-private-roster-v2-2026-09-12,false
ludington_mi,smallmouth_bass,31,2025-08-02,4.209677,ludington_mi__smallmouth_bass__annual_v1,piercast-private-roster-v2-2026-09-12,false
ludington_mi,smallmouth_bass,32,2025-08-09,4.096774,ludington_mi__smallmouth_bass__annual_v1,piercast-private-roster-v2-2026-09-12,false
ludington_mi,smallmouth_bass,33,2025-08-16,3.951613,ludington_mi__smallmouth_bass__annual_v1,piercast-private-roster-v2-2026-09-12,false
ludington_mi,smallmouth_bass,34,2025-08-23,3.612903,ludington_mi__smallmouth_bass__annual_v1,piercast-private-roster-v2-2026-09-12,false
ludington_mi,smallmouth_bass,35,2025-08-30,3.274194,ludington_mi__smallmouth_bass__annual_v1,piercast-private-roster-v2-2026-09-12,false
ludington_mi,smallmouth_bass,36,2025-09-06,2.935484,ludington_mi__smallmouth_bass__annual_v1,piercast-private-roster-v2-2026-09-12,false
ludington_mi,smallmouth_bass,37,2025-09-13,2.596774,ludington_mi__smallmouth_bass__annual_v1,piercast-private-roster-v2-2026-09-12,false
ludington_mi,smallmouth_bass,38,2025-09-20,2.333333,ludington_mi__smallmouth_bass__annual_v1,piercast-private-roster-v2-2026-09-12,false
ludington_mi,smallmouth_bass,39,2025-09-27,2.100000,ludington_mi__smallmouth_bass__annual_v1,piercast-private-roster-v2-2026-09-12,false
ludington_mi,smallmouth_bass,40,2025-10-04,1.866667,ludington_mi__smallmouth_bass__annual_v1,piercast-private-roster-v2-2026-09-12,false
ludington_mi,smallmouth_bass,41,2025-10-11,1.633333,ludington_mi__smallmouth_bass__annual_v1,piercast-private-roster-v2-2026-09-12,false
ludington_mi,smallmouth_bass,42,2025-10-18,1.500000,ludington_mi__smallmouth_bass__annual_v1,piercast-private-roster-v2-2026-09-12,false
ludington_mi,smallmouth_bass,43,2025-10-25,1.500000,ludington_mi__smallmouth_bass__annual_v1,piercast-private-roster-v2-2026-09-12,false
ludington_mi,smallmouth_bass,44,2025-11-01,1.500000,ludington_mi__smallmouth_bass__annual_v1,piercast-private-roster-v2-2026-09-12,false
ludington_mi,smallmouth_bass,45,2025-11-08,1.500000,ludington_mi__smallmouth_bass__annual_v1,piercast-private-roster-v2-2026-09-12,false
ludington_mi,smallmouth_bass,46,2025-11-15,1.500000,ludington_mi__smallmouth_bass__annual_v1,piercast-private-roster-v2-2026-09-12,false
ludington_mi,smallmouth_bass,47,2025-11-22,1.500000,ludington_mi__smallmouth_bass__annual_v1,piercast-private-roster-v2-2026-09-12,false
ludington_mi,smallmouth_bass,48,2025-11-29,1.500000,ludington_mi__smallmouth_bass__annual_v1,piercast-private-roster-v2-2026-09-12,false
ludington_mi,smallmouth_bass,49,2025-12-06,1.500000,ludington_mi__smallmouth_bass__annual_v1,piercast-private-roster-v2-2026-09-12,false
ludington_mi,smallmouth_bass,50,2025-12-13,1.500000,ludington_mi__smallmouth_bass__annual_v1,piercast-private-roster-v2-2026-09-12,false
ludington_mi,smallmouth_bass,51,2025-12-20,1.500000,ludington_mi__smallmouth_bass__annual_v1,piercast-private-roster-v2-2026-09-12,false
ludington_mi,smallmouth_bass,52,2025-12-27,1.500000,ludington_mi__smallmouth_bass__annual_v1,piercast-private-roster-v2-2026-09-12,false
ludington_mi,yellow_perch,1,2025-01-04,1.500000,ludington_mi__yellow_perch__annual_v1,piercast-private-roster-v2-2026-09-12,false
ludington_mi,yellow_perch,2,2025-01-11,1.500000,ludington_mi__yellow_perch__annual_v1,piercast-private-roster-v2-2026-09-12,false
ludington_mi,yellow_perch,3,2025-01-18,1.500000,ludington_mi__yellow_perch__annual_v1,piercast-private-roster-v2-2026-09-12,false
ludington_mi,yellow_perch,4,2025-01-25,1.500000,ludington_mi__yellow_perch__annual_v1,piercast-private-roster-v2-2026-09-12,false
ludington_mi,yellow_perch,5,2025-02-01,1.500000,ludington_mi__yellow_perch__annual_v1,piercast-private-roster-v2-2026-09-12,false
ludington_mi,yellow_perch,6,2025-02-08,1.500000,ludington_mi__yellow_perch__annual_v1,piercast-private-roster-v2-2026-09-12,false
ludington_mi,yellow_perch,7,2025-02-15,1.500000,ludington_mi__yellow_perch__annual_v1,piercast-private-roster-v2-2026-09-12,false
ludington_mi,yellow_perch,8,2025-02-22,1.625000,ludington_mi__yellow_perch__annual_v1,piercast-private-roster-v2-2026-09-12,false
ludington_mi,yellow_perch,9,2025-03-01,1.750000,ludington_mi__yellow_perch__annual_v1,piercast-private-roster-v2-2026-09-12,false
ludington_mi,yellow_perch,10,2025-03-08,1.875000,ludington_mi__yellow_perch__annual_v1,piercast-private-roster-v2-2026-09-12,false
ludington_mi,yellow_perch,11,2025-03-15,2.000000,ludington_mi__yellow_perch__annual_v1,piercast-private-roster-v2-2026-09-12,false
ludington_mi,yellow_perch,12,2025-03-22,2.000000,ludington_mi__yellow_perch__annual_v1,piercast-private-roster-v2-2026-09-12,false
ludington_mi,yellow_perch,13,2025-03-29,2.000000,ludington_mi__yellow_perch__annual_v1,piercast-private-roster-v2-2026-09-12,false
ludington_mi,yellow_perch,14,2025-04-05,2.000000,ludington_mi__yellow_perch__annual_v1,piercast-private-roster-v2-2026-09-12,false
ludington_mi,yellow_perch,15,2025-04-12,2.000000,ludington_mi__yellow_perch__annual_v1,piercast-private-roster-v2-2026-09-12,false
ludington_mi,yellow_perch,16,2025-04-19,2.000000,ludington_mi__yellow_perch__annual_v1,piercast-private-roster-v2-2026-09-12,false
ludington_mi,yellow_perch,17,2025-04-26,2.000000,ludington_mi__yellow_perch__annual_v1,piercast-private-roster-v2-2026-09-12,false
ludington_mi,yellow_perch,18,2025-05-03,2.000000,ludington_mi__yellow_perch__annual_v1,piercast-private-roster-v2-2026-09-12,false
ludington_mi,yellow_perch,19,2025-05-10,2.000000,ludington_mi__yellow_perch__annual_v1,piercast-private-roster-v2-2026-09-12,false
ludington_mi,yellow_perch,20,2025-05-17,2.193548,ludington_mi__yellow_perch__annual_v1,piercast-private-roster-v2-2026-09-12,false
ludington_mi,yellow_perch,21,2025-05-24,2.870968,ludington_mi__yellow_perch__annual_v1,piercast-private-roster-v2-2026-09-12,false
ludington_mi,yellow_perch,22,2025-05-31,3.548387,ludington_mi__yellow_perch__annual_v1,piercast-private-roster-v2-2026-09-12,false
ludington_mi,yellow_perch,23,2025-06-07,4.225806,ludington_mi__yellow_perch__annual_v1,piercast-private-roster-v2-2026-09-12,false
ludington_mi,yellow_perch,24,2025-06-14,4.903226,ludington_mi__yellow_perch__annual_v1,piercast-private-roster-v2-2026-09-12,false
ludington_mi,yellow_perch,25,2025-06-21,5.200000,ludington_mi__yellow_perch__annual_v1,piercast-private-roster-v2-2026-09-12,false
ludington_mi,yellow_perch,26,2025-06-28,5.433333,ludington_mi__yellow_perch__annual_v1,piercast-private-roster-v2-2026-09-12,false
ludington_mi,yellow_perch,27,2025-07-05,5.666667,ludington_mi__yellow_perch__annual_v1,piercast-private-roster-v2-2026-09-12,false
ludington_mi,yellow_perch,28,2025-07-12,5.900000,ludington_mi__yellow_perch__annual_v1,piercast-private-roster-v2-2026-09-12,false
ludington_mi,yellow_perch,29,2025-07-19,5.548387,ludington_mi__yellow_perch__annual_v1,piercast-private-roster-v2-2026-09-12,false
ludington_mi,yellow_perch,30,2025-07-26,4.758065,ludington_mi__yellow_perch__annual_v1,piercast-private-roster-v2-2026-09-12,false
ludington_mi,yellow_perch,31,2025-08-02,3.967742,ludington_mi__yellow_perch__annual_v1,piercast-private-roster-v2-2026-09-12,false
ludington_mi,yellow_perch,32,2025-08-09,3.177419,ludington_mi__yellow_perch__annual_v1,piercast-private-roster-v2-2026-09-12,false
ludington_mi,yellow_perch,33,2025-08-16,2.483871,ludington_mi__yellow_perch__annual_v1,piercast-private-roster-v2-2026-09-12,false
ludington_mi,yellow_perch,34,2025-08-23,2.370968,ludington_mi__yellow_perch__annual_v1,piercast-private-roster-v2-2026-09-12,false
ludington_mi,yellow_perch,35,2025-08-30,2.258065,ludington_mi__yellow_perch__annual_v1,piercast-private-roster-v2-2026-09-12,false
ludington_mi,yellow_perch,36,2025-09-06,2.145161,ludington_mi__yellow_perch__annual_v1,piercast-private-roster-v2-2026-09-12,false
ludington_mi,yellow_perch,37,2025-09-13,2.032258,ludington_mi__yellow_perch__annual_v1,piercast-private-roster-v2-2026-09-12,false
ludington_mi,yellow_perch,38,2025-09-20,1.916667,ludington_mi__yellow_perch__annual_v1,piercast-private-roster-v2-2026-09-12,false
ludington_mi,yellow_perch,39,2025-09-27,1.800000,ludington_mi__yellow_perch__annual_v1,piercast-private-roster-v2-2026-09-12,false
ludington_mi,yellow_perch,40,2025-10-04,1.683333,ludington_mi__yellow_perch__annual_v1,piercast-private-roster-v2-2026-09-12,false
ludington_mi,yellow_perch,41,2025-10-11,1.566667,ludington_mi__yellow_perch__annual_v1,piercast-private-roster-v2-2026-09-12,false
ludington_mi,yellow_perch,42,2025-10-18,1.500000,ludington_mi__yellow_perch__annual_v1,piercast-private-roster-v2-2026-09-12,false
ludington_mi,yellow_perch,43,2025-10-25,1.500000,ludington_mi__yellow_perch__annual_v1,piercast-private-roster-v2-2026-09-12,false
ludington_mi,yellow_perch,44,2025-11-01,1.500000,ludington_mi__yellow_perch__annual_v1,piercast-private-roster-v2-2026-09-12,false
ludington_mi,yellow_perch,45,2025-11-08,1.500000,ludington_mi__yellow_perch__annual_v1,piercast-private-roster-v2-2026-09-12,false
ludington_mi,yellow_perch,46,2025-11-15,1.500000,ludington_mi__yellow_perch__annual_v1,piercast-private-roster-v2-2026-09-12,false
ludington_mi,yellow_perch,47,2025-11-22,1.500000,ludington_mi__yellow_perch__annual_v1,piercast-private-roster-v2-2026-09-12,false
ludington_mi,yellow_perch,48,2025-11-29,1.500000,ludington_mi__yellow_perch__annual_v1,piercast-private-roster-v2-2026-09-12,false
ludington_mi,yellow_perch,49,2025-12-06,1.500000,ludington_mi__yellow_perch__annual_v1,piercast-private-roster-v2-2026-09-12,false
ludington_mi,yellow_perch,50,2025-12-13,1.500000,ludington_mi__yellow_perch__annual_v1,piercast-private-roster-v2-2026-09-12,false
ludington_mi,yellow_perch,51,2025-12-20,1.500000,ludington_mi__yellow_perch__annual_v1,piercast-private-roster-v2-2026-09-12,false
ludington_mi,yellow_perch,52,2025-12-27,1.500000,ludington_mi__yellow_perch__annual_v1,piercast-private-roster-v2-2026-09-12,false
grand_haven_mi,chinook_salmon,1,2025-01-04,1.000000,grand_haven_mi__chinook_salmon__v0_4,piercast-private-roster-v2-2026-09-12,false
grand_haven_mi,chinook_salmon,2,2025-01-11,1.000000,grand_haven_mi__chinook_salmon__v0_4,piercast-private-roster-v2-2026-09-12,false
grand_haven_mi,chinook_salmon,3,2025-01-18,1.070000,grand_haven_mi__chinook_salmon__v0_4,piercast-private-roster-v2-2026-09-12,false
grand_haven_mi,chinook_salmon,4,2025-01-25,1.233333,grand_haven_mi__chinook_salmon__v0_4,piercast-private-roster-v2-2026-09-12,false
grand_haven_mi,chinook_salmon,5,2025-02-01,1.396667,grand_haven_mi__chinook_salmon__v0_4,piercast-private-roster-v2-2026-09-12,false
grand_haven_mi,chinook_salmon,6,2025-02-08,1.560000,grand_haven_mi__chinook_salmon__v0_4,piercast-private-roster-v2-2026-09-12,false
grand_haven_mi,chinook_salmon,7,2025-02-15,1.723333,grand_haven_mi__chinook_salmon__v0_4,piercast-private-roster-v2-2026-09-12,false
grand_haven_mi,chinook_salmon,8,2025-02-22,1.886667,grand_haven_mi__chinook_salmon__v0_4,piercast-private-roster-v2-2026-09-12,false
grand_haven_mi,chinook_salmon,9,2025-03-01,2.050000,grand_haven_mi__chinook_salmon__v0_4,piercast-private-roster-v2-2026-09-12,false
grand_haven_mi,chinook_salmon,10,2025-03-08,2.213333,grand_haven_mi__chinook_salmon__v0_4,piercast-private-roster-v2-2026-09-12,false
grand_haven_mi,chinook_salmon,11,2025-03-15,2.376667,grand_haven_mi__chinook_salmon__v0_4,piercast-private-roster-v2-2026-09-12,false
grand_haven_mi,chinook_salmon,12,2025-03-22,2.540000,grand_haven_mi__chinook_salmon__v0_4,piercast-private-roster-v2-2026-09-12,false
grand_haven_mi,chinook_salmon,13,2025-03-29,2.703333,grand_haven_mi__chinook_salmon__v0_4,piercast-private-roster-v2-2026-09-12,false
grand_haven_mi,chinook_salmon,14,2025-04-05,2.866667,grand_haven_mi__chinook_salmon__v0_4,piercast-private-roster-v2-2026-09-12,false
grand_haven_mi,chinook_salmon,15,2025-04-12,3.030000,grand_haven_mi__chinook_salmon__v0_4,piercast-private-roster-v2-2026-09-12,false
grand_haven_mi,chinook_salmon,16,2025-04-19,3.193333,grand_haven_mi__chinook_salmon__v0_4,piercast-private-roster-v2-2026-09-12,false
grand_haven_mi,chinook_salmon,17,2025-04-26,3.356667,grand_haven_mi__chinook_salmon__v0_4,piercast-private-roster-v2-2026-09-12,false
grand_haven_mi,chinook_salmon,18,2025-05-03,3.520000,grand_haven_mi__chinook_salmon__v0_4,piercast-private-roster-v2-2026-09-12,false
grand_haven_mi,chinook_salmon,19,2025-05-10,3.683333,grand_haven_mi__chinook_salmon__v0_4,piercast-private-roster-v2-2026-09-12,false
grand_haven_mi,chinook_salmon,20,2025-05-17,3.672222,grand_haven_mi__chinook_salmon__v0_4,piercast-private-roster-v2-2026-09-12,false
grand_haven_mi,chinook_salmon,21,2025-05-24,3.225000,grand_haven_mi__chinook_salmon__v0_4,piercast-private-roster-v2-2026-09-12,false
grand_haven_mi,chinook_salmon,22,2025-05-31,2.777778,grand_haven_mi__chinook_salmon__v0_4,piercast-private-roster-v2-2026-09-12,false
grand_haven_mi,chinook_salmon,23,2025-06-07,2.330556,grand_haven_mi__chinook_salmon__v0_4,piercast-private-roster-v2-2026-09-12,false
grand_haven_mi,chinook_salmon,24,2025-06-14,1.883333,grand_haven_mi__chinook_salmon__v0_4,piercast-private-roster-v2-2026-09-12,false
grand_haven_mi,chinook_salmon,25,2025-06-21,1.562500,grand_haven_mi__chinook_salmon__v0_4,piercast-private-roster-v2-2026-09-12,false
grand_haven_mi,chinook_salmon,26,2025-06-28,2.000000,grand_haven_mi__chinook_salmon__v0_4,piercast-private-roster-v2-2026-09-12,false
grand_haven_mi,chinook_salmon,27,2025-07-05,2.437500,grand_haven_mi__chinook_salmon__v0_4,piercast-private-roster-v2-2026-09-12,false
grand_haven_mi,chinook_salmon,28,2025-07-12,2.875000,grand_haven_mi__chinook_salmon__v0_4,piercast-private-roster-v2-2026-09-12,false
grand_haven_mi,chinook_salmon,29,2025-07-19,3.312500,grand_haven_mi__chinook_salmon__v0_4,piercast-private-roster-v2-2026-09-12,false
grand_haven_mi,chinook_salmon,30,2025-07-26,3.642857,grand_haven_mi__chinook_salmon__v0_4,piercast-private-roster-v2-2026-09-12,false
grand_haven_mi,chinook_salmon,31,2025-08-02,3.892857,grand_haven_mi__chinook_salmon__v0_4,piercast-private-roster-v2-2026-09-12,false
grand_haven_mi,chinook_salmon,32,2025-08-09,4.533333,grand_haven_mi__chinook_salmon__v0_4,piercast-private-roster-v2-2026-09-12,false
grand_haven_mi,chinook_salmon,33,2025-08-16,5.466667,grand_haven_mi__chinook_salmon__v0_4,piercast-private-roster-v2-2026-09-12,false
grand_haven_mi,chinook_salmon,34,2025-08-23,6.400000,grand_haven_mi__chinook_salmon__v0_4,piercast-private-roster-v2-2026-09-12,false
grand_haven_mi,chinook_salmon,35,2025-08-30,7.107692,grand_haven_mi__chinook_salmon__v0_4,piercast-private-roster-v2-2026-09-12,false
grand_haven_mi,chinook_salmon,36,2025-09-06,7.646154,grand_haven_mi__chinook_salmon__v0_4,piercast-private-roster-v2-2026-09-12,false
grand_haven_mi,chinook_salmon,37,2025-09-13,7.225000,grand_haven_mi__chinook_salmon__v0_4,piercast-private-roster-v2-2026-09-12,false
grand_haven_mi,chinook_salmon,38,2025-09-20,6.420000,grand_haven_mi__chinook_salmon__v0_4,piercast-private-roster-v2-2026-09-12,false
grand_haven_mi,chinook_salmon,39,2025-09-27,5.615000,grand_haven_mi__chinook_salmon__v0_4,piercast-private-roster-v2-2026-09-12,false
grand_haven_mi,chinook_salmon,40,2025-10-04,4.688235,grand_haven_mi__chinook_salmon__v0_4,piercast-private-roster-v2-2026-09-12,false
grand_haven_mi,chinook_salmon,41,2025-10-11,3.741176,grand_haven_mi__chinook_salmon__v0_4,piercast-private-roster-v2-2026-09-12,false
grand_haven_mi,chinook_salmon,42,2025-10-18,3.091803,grand_haven_mi__chinook_salmon__v0_4,piercast-private-roster-v2-2026-09-12,false
grand_haven_mi,chinook_salmon,43,2025-10-25,2.839344,grand_haven_mi__chinook_salmon__v0_4,piercast-private-roster-v2-2026-09-12,false
grand_haven_mi,chinook_salmon,44,2025-11-01,2.586885,grand_haven_mi__chinook_salmon__v0_4,piercast-private-roster-v2-2026-09-12,false
grand_haven_mi,chinook_salmon,45,2025-11-08,2.334426,grand_haven_mi__chinook_salmon__v0_4,piercast-private-roster-v2-2026-09-12,false
grand_haven_mi,chinook_salmon,46,2025-11-15,2.081967,grand_haven_mi__chinook_salmon__v0_4,piercast-private-roster-v2-2026-09-12,false
grand_haven_mi,chinook_salmon,47,2025-11-22,1.829508,grand_haven_mi__chinook_salmon__v0_4,piercast-private-roster-v2-2026-09-12,false
grand_haven_mi,chinook_salmon,48,2025-11-29,1.577049,grand_haven_mi__chinook_salmon__v0_4,piercast-private-roster-v2-2026-09-12,false
grand_haven_mi,chinook_salmon,49,2025-12-06,1.324590,grand_haven_mi__chinook_salmon__v0_4,piercast-private-roster-v2-2026-09-12,false
grand_haven_mi,chinook_salmon,50,2025-12-13,1.072131,grand_haven_mi__chinook_salmon__v0_4,piercast-private-roster-v2-2026-09-12,false
grand_haven_mi,chinook_salmon,51,2025-12-20,1.000000,grand_haven_mi__chinook_salmon__v0_4,piercast-private-roster-v2-2026-09-12,false
grand_haven_mi,chinook_salmon,52,2025-12-27,1.000000,grand_haven_mi__chinook_salmon__v0_4,piercast-private-roster-v2-2026-09-12,false
grand_haven_mi,coho_salmon,1,2025-01-04,3.600000,grand_haven_mi__coho_salmon__v0_4,piercast-private-roster-v2-2026-09-12,false
grand_haven_mi,coho_salmon,2,2025-01-11,3.600000,grand_haven_mi__coho_salmon__v0_4,piercast-private-roster-v2-2026-09-12,false
grand_haven_mi,coho_salmon,3,2025-01-18,3.671186,grand_haven_mi__coho_salmon__v0_4,piercast-private-roster-v2-2026-09-12,false
grand_haven_mi,coho_salmon,4,2025-01-25,3.837288,grand_haven_mi__coho_salmon__v0_4,piercast-private-roster-v2-2026-09-12,false
grand_haven_mi,coho_salmon,5,2025-02-01,4.003390,grand_haven_mi__coho_salmon__v0_4,piercast-private-roster-v2-2026-09-12,false
grand_haven_mi,coho_salmon,6,2025-02-08,4.169492,grand_haven_mi__coho_salmon__v0_4,piercast-private-roster-v2-2026-09-12,false
grand_haven_mi,coho_salmon,7,2025-02-15,4.335593,grand_haven_mi__coho_salmon__v0_4,piercast-private-roster-v2-2026-09-12,false
grand_haven_mi,coho_salmon,8,2025-02-22,4.501695,grand_haven_mi__coho_salmon__v0_4,piercast-private-roster-v2-2026-09-12,false
grand_haven_mi,coho_salmon,9,2025-03-01,4.667797,grand_haven_mi__coho_salmon__v0_4,piercast-private-roster-v2-2026-09-12,false
grand_haven_mi,coho_salmon,10,2025-03-08,4.833898,grand_haven_mi__coho_salmon__v0_4,piercast-private-roster-v2-2026-09-12,false
grand_haven_mi,coho_salmon,11,2025-03-15,5.000000,grand_haven_mi__coho_salmon__v0_4,piercast-private-roster-v2-2026-09-12,false
grand_haven_mi,coho_salmon,12,2025-03-22,5.225806,grand_haven_mi__coho_salmon__v0_4,piercast-private-roster-v2-2026-09-12,false
grand_haven_mi,coho_salmon,13,2025-03-29,5.451613,grand_haven_mi__coho_salmon__v0_4,piercast-private-roster-v2-2026-09-12,false
grand_haven_mi,coho_salmon,14,2025-04-05,5.677419,grand_haven_mi__coho_salmon__v0_4,piercast-private-roster-v2-2026-09-12,false
grand_haven_mi,coho_salmon,15,2025-04-12,5.903226,grand_haven_mi__coho_salmon__v0_4,piercast-private-roster-v2-2026-09-12,false
grand_haven_mi,coho_salmon,16,2025-04-19,6.145455,grand_haven_mi__coho_salmon__v0_4,piercast-private-roster-v2-2026-09-12,false
grand_haven_mi,coho_salmon,17,2025-04-26,6.400000,grand_haven_mi__coho_salmon__v0_4,piercast-private-roster-v2-2026-09-12,false
grand_haven_mi,coho_salmon,18,2025-05-03,6.654545,grand_haven_mi__coho_salmon__v0_4,piercast-private-roster-v2-2026-09-12,false
grand_haven_mi,coho_salmon,19,2025-05-10,6.358824,grand_haven_mi__coho_salmon__v0_4,piercast-private-roster-v2-2026-09-12,false
grand_haven_mi,coho_salmon,20,2025-05-17,5.329412,grand_haven_mi__coho_salmon__v0_4,piercast-private-roster-v2-2026-09-12,false
grand_haven_mi,coho_salmon,21,2025-05-24,4.300000,grand_haven_mi__coho_salmon__v0_4,piercast-private-roster-v2-2026-09-12,false
grand_haven_mi,coho_salmon,22,2025-05-31,3.270588,grand_haven_mi__coho_salmon__v0_4,piercast-private-roster-v2-2026-09-12,false
grand_haven_mi,coho_salmon,23,2025-06-07,2.241176,grand_haven_mi__coho_salmon__v0_4,piercast-private-roster-v2-2026-09-12,false
grand_haven_mi,coho_salmon,24,2025-06-14,1.790000,grand_haven_mi__coho_salmon__v0_4,piercast-private-roster-v2-2026-09-12,false
grand_haven_mi,coho_salmon,25,2025-06-21,1.772500,grand_haven_mi__coho_salmon__v0_4,piercast-private-roster-v2-2026-09-12,false
grand_haven_mi,coho_salmon,26,2025-06-28,1.755000,grand_haven_mi__coho_salmon__v0_4,piercast-private-roster-v2-2026-09-12,false
grand_haven_mi,coho_salmon,27,2025-07-05,1.737500,grand_haven_mi__coho_salmon__v0_4,piercast-private-roster-v2-2026-09-12,false
grand_haven_mi,coho_salmon,28,2025-07-12,1.720000,grand_haven_mi__coho_salmon__v0_4,piercast-private-roster-v2-2026-09-12,false
grand_haven_mi,coho_salmon,29,2025-07-19,1.702500,grand_haven_mi__coho_salmon__v0_4,piercast-private-roster-v2-2026-09-12,false
grand_haven_mi,coho_salmon,30,2025-07-26,2.300000,grand_haven_mi__coho_salmon__v0_4,piercast-private-roster-v2-2026-09-12,false
grand_haven_mi,coho_salmon,31,2025-08-02,3.000000,grand_haven_mi__coho_salmon__v0_4,piercast-private-roster-v2-2026-09-12,false
grand_haven_mi,coho_salmon,32,2025-08-09,3.700000,grand_haven_mi__coho_salmon__v0_4,piercast-private-roster-v2-2026-09-12,false
grand_haven_mi,coho_salmon,33,2025-08-16,4.400000,grand_haven_mi__coho_salmon__v0_4,piercast-private-roster-v2-2026-09-12,false
grand_haven_mi,coho_salmon,34,2025-08-23,5.100000,grand_haven_mi__coho_salmon__v0_4,piercast-private-roster-v2-2026-09-12,false
grand_haven_mi,coho_salmon,35,2025-08-30,6.393750,grand_haven_mi__coho_salmon__v0_4,piercast-private-roster-v2-2026-09-12,false
grand_haven_mi,coho_salmon,36,2025-09-06,7.925000,grand_haven_mi__coho_salmon__v0_4,piercast-private-roster-v2-2026-09-12,false
grand_haven_mi,coho_salmon,37,2025-09-13,8.621277,grand_haven_mi__coho_salmon__v0_4,piercast-private-roster-v2-2026-09-12,false
grand_haven_mi,coho_salmon,38,2025-09-20,8.204255,grand_haven_mi__coho_salmon__v0_4,piercast-private-roster-v2-2026-09-12,false
grand_haven_mi,coho_salmon,39,2025-09-27,7.787234,grand_haven_mi__coho_salmon__v0_4,piercast-private-roster-v2-2026-09-12,false
grand_haven_mi,coho_salmon,40,2025-10-04,7.370213,grand_haven_mi__coho_salmon__v0_4,piercast-private-roster-v2-2026-09-12,false
grand_haven_mi,coho_salmon,41,2025-10-11,6.953191,grand_haven_mi__coho_salmon__v0_4,piercast-private-roster-v2-2026-09-12,false
grand_haven_mi,coho_salmon,42,2025-10-18,6.536170,grand_haven_mi__coho_salmon__v0_4,piercast-private-roster-v2-2026-09-12,false
grand_haven_mi,coho_salmon,43,2025-10-25,6.119149,grand_haven_mi__coho_salmon__v0_4,piercast-private-roster-v2-2026-09-12,false
grand_haven_mi,coho_salmon,44,2025-11-01,5.270833,grand_haven_mi__coho_salmon__v0_4,piercast-private-roster-v2-2026-09-12,false
grand_haven_mi,coho_salmon,45,2025-11-08,4.250000,grand_haven_mi__coho_salmon__v0_4,piercast-private-roster-v2-2026-09-12,false
grand_haven_mi,coho_salmon,46,2025-11-15,3.229167,grand_haven_mi__coho_salmon__v0_4,piercast-private-roster-v2-2026-09-12,false
grand_haven_mi,coho_salmon,47,2025-11-22,2.553659,grand_haven_mi__coho_salmon__v0_4,piercast-private-roster-v2-2026-09-12,false
grand_haven_mi,coho_salmon,48,2025-11-29,2.741463,grand_haven_mi__coho_salmon__v0_4,piercast-private-roster-v2-2026-09-12,false
grand_haven_mi,coho_salmon,49,2025-12-06,2.929268,grand_haven_mi__coho_salmon__v0_4,piercast-private-roster-v2-2026-09-12,false
grand_haven_mi,coho_salmon,50,2025-12-13,3.117073,grand_haven_mi__coho_salmon__v0_4,piercast-private-roster-v2-2026-09-12,false
grand_haven_mi,coho_salmon,51,2025-12-20,3.304878,grand_haven_mi__coho_salmon__v0_4,piercast-private-roster-v2-2026-09-12,false
grand_haven_mi,coho_salmon,52,2025-12-27,3.492683,grand_haven_mi__coho_salmon__v0_4,piercast-private-roster-v2-2026-09-12,false
grand_haven_mi,steelhead,1,2025-01-04,4.000000,grand_haven_mi__steelhead__v0_4,piercast-private-roster-v2-2026-09-12,false
grand_haven_mi,steelhead,2,2025-01-11,4.000000,grand_haven_mi__steelhead__v0_4,piercast-private-roster-v2-2026-09-12,false
grand_haven_mi,steelhead,3,2025-01-18,4.040678,grand_haven_mi__steelhead__v0_4,piercast-private-roster-v2-2026-09-12,false
grand_haven_mi,steelhead,4,2025-01-25,4.135593,grand_haven_mi__steelhead__v0_4,piercast-private-roster-v2-2026-09-12,false
grand_haven_mi,steelhead,5,2025-02-01,4.230508,grand_haven_mi__steelhead__v0_4,piercast-private-roster-v2-2026-09-12,false
grand_haven_mi,steelhead,6,2025-02-08,4.325424,grand_haven_mi__steelhead__v0_4,piercast-private-roster-v2-2026-09-12,false
grand_haven_mi,steelhead,7,2025-02-15,4.420339,grand_haven_mi__steelhead__v0_4,piercast-private-roster-v2-2026-09-12,false
grand_haven_mi,steelhead,8,2025-02-22,4.515254,grand_haven_mi__steelhead__v0_4,piercast-private-roster-v2-2026-09-12,false
grand_haven_mi,steelhead,9,2025-03-01,4.610169,grand_haven_mi__steelhead__v0_4,piercast-private-roster-v2-2026-09-12,false
grand_haven_mi,steelhead,10,2025-03-08,4.705085,grand_haven_mi__steelhead__v0_4,piercast-private-roster-v2-2026-09-12,false
grand_haven_mi,steelhead,11,2025-03-15,4.800000,grand_haven_mi__steelhead__v0_4,piercast-private-roster-v2-2026-09-12,false
grand_haven_mi,steelhead,12,2025-03-22,5.130556,grand_haven_mi__steelhead__v0_4,piercast-private-roster-v2-2026-09-12,false
grand_haven_mi,steelhead,13,2025-03-29,5.461111,grand_haven_mi__steelhead__v0_4,piercast-private-roster-v2-2026-09-12,false
grand_haven_mi,steelhead,14,2025-04-05,5.791667,grand_haven_mi__steelhead__v0_4,piercast-private-roster-v2-2026-09-12,false
grand_haven_mi,steelhead,15,2025-04-12,6.122222,grand_haven_mi__steelhead__v0_4,piercast-private-roster-v2-2026-09-12,false
grand_haven_mi,steelhead,16,2025-04-19,6.452778,grand_haven_mi__steelhead__v0_4,piercast-private-roster-v2-2026-09-12,false
grand_haven_mi,steelhead,17,2025-04-26,5.990000,grand_haven_mi__steelhead__v0_4,piercast-private-roster-v2-2026-09-12,false
grand_haven_mi,steelhead,18,2025-05-03,5.395000,grand_haven_mi__steelhead__v0_4,piercast-private-roster-v2-2026-09-12,false
grand_haven_mi,steelhead,19,2025-05-10,4.800000,grand_haven_mi__steelhead__v0_4,piercast-private-roster-v2-2026-09-12,false
grand_haven_mi,steelhead,20,2025-05-17,5.577778,grand_haven_mi__steelhead__v0_4,piercast-private-roster-v2-2026-09-12,false
grand_haven_mi,steelhead,21,2025-05-24,6.355556,grand_haven_mi__steelhead__v0_4,piercast-private-roster-v2-2026-09-12,false
grand_haven_mi,steelhead,22,2025-05-31,7.133333,grand_haven_mi__steelhead__v0_4,piercast-private-roster-v2-2026-09-12,false
grand_haven_mi,steelhead,23,2025-06-07,7.911111,grand_haven_mi__steelhead__v0_4,piercast-private-roster-v2-2026-09-12,false
grand_haven_mi,steelhead,24,2025-06-14,8.688889,grand_haven_mi__steelhead__v0_4,piercast-private-roster-v2-2026-09-12,false
grand_haven_mi,steelhead,25,2025-06-21,8.783784,grand_haven_mi__steelhead__v0_4,piercast-private-roster-v2-2026-09-12,false
grand_haven_mi,steelhead,26,2025-06-28,8.764865,grand_haven_mi__steelhead__v0_4,piercast-private-roster-v2-2026-09-12,false
grand_haven_mi,steelhead,27,2025-07-05,8.745946,grand_haven_mi__steelhead__v0_4,piercast-private-roster-v2-2026-09-12,false
grand_haven_mi,steelhead,28,2025-07-12,8.727027,grand_haven_mi__steelhead__v0_4,piercast-private-roster-v2-2026-09-12,false
grand_haven_mi,steelhead,29,2025-07-19,8.708108,grand_haven_mi__steelhead__v0_4,piercast-private-roster-v2-2026-09-12,false
grand_haven_mi,steelhead,30,2025-07-26,8.327586,grand_haven_mi__steelhead__v0_4,piercast-private-roster-v2-2026-09-12,false
grand_haven_mi,steelhead,31,2025-08-02,7.675862,grand_haven_mi__steelhead__v0_4,piercast-private-roster-v2-2026-09-12,false
grand_haven_mi,steelhead,32,2025-08-09,7.024138,grand_haven_mi__steelhead__v0_4,piercast-private-roster-v2-2026-09-12,false
grand_haven_mi,steelhead,33,2025-08-16,6.372414,grand_haven_mi__steelhead__v0_4,piercast-private-roster-v2-2026-09-12,false
grand_haven_mi,steelhead,34,2025-08-23,5.783333,grand_haven_mi__steelhead__v0_4,piercast-private-roster-v2-2026-09-12,false
grand_haven_mi,steelhead,35,2025-08-30,5.277778,grand_haven_mi__steelhead__v0_4,piercast-private-roster-v2-2026-09-12,false
grand_haven_mi,steelhead,36,2025-09-06,4.772222,grand_haven_mi__steelhead__v0_4,piercast-private-roster-v2-2026-09-12,false
grand_haven_mi,steelhead,37,2025-09-13,4.266667,grand_haven_mi__steelhead__v0_4,piercast-private-roster-v2-2026-09-12,false
grand_haven_mi,steelhead,38,2025-09-20,3.761111,grand_haven_mi__steelhead__v0_4,piercast-private-roster-v2-2026-09-12,false
grand_haven_mi,steelhead,39,2025-09-27,3.731429,grand_haven_mi__steelhead__v0_4,piercast-private-roster-v2-2026-09-12,false
grand_haven_mi,steelhead,40,2025-10-04,4.891429,grand_haven_mi__steelhead__v0_4,piercast-private-roster-v2-2026-09-12,false
grand_haven_mi,steelhead,41,2025-10-11,6.051429,grand_haven_mi__steelhead__v0_4,piercast-private-roster-v2-2026-09-12,false
grand_haven_mi,steelhead,42,2025-10-18,7.211429,grand_haven_mi__steelhead__v0_4,piercast-private-roster-v2-2026-09-12,false
grand_haven_mi,steelhead,43,2025-10-25,8.371429,grand_haven_mi__steelhead__v0_4,piercast-private-roster-v2-2026-09-12,false
grand_haven_mi,steelhead,44,2025-11-01,8.836364,grand_haven_mi__steelhead__v0_4,piercast-private-roster-v2-2026-09-12,false
grand_haven_mi,steelhead,45,2025-11-08,7.563636,grand_haven_mi__steelhead__v0_4,piercast-private-roster-v2-2026-09-12,false
grand_haven_mi,steelhead,46,2025-11-15,6.886275,grand_haven_mi__steelhead__v0_4,piercast-private-roster-v2-2026-09-12,false
grand_haven_mi,steelhead,47,2025-11-22,6.447059,grand_haven_mi__steelhead__v0_4,piercast-private-roster-v2-2026-09-12,false
grand_haven_mi,steelhead,48,2025-11-29,6.007843,grand_haven_mi__steelhead__v0_4,piercast-private-roster-v2-2026-09-12,false
grand_haven_mi,steelhead,49,2025-12-06,5.568627,grand_haven_mi__steelhead__v0_4,piercast-private-roster-v2-2026-09-12,false
grand_haven_mi,steelhead,50,2025-12-13,5.129412,grand_haven_mi__steelhead__v0_4,piercast-private-roster-v2-2026-09-12,false
grand_haven_mi,steelhead,51,2025-12-20,4.690196,grand_haven_mi__steelhead__v0_4,piercast-private-roster-v2-2026-09-12,false
grand_haven_mi,steelhead,52,2025-12-27,4.250980,grand_haven_mi__steelhead__v0_4,piercast-private-roster-v2-2026-09-12,false
grand_haven_mi,brown_trout,1,2025-01-04,4.000000,grand_haven_mi__brown_trout__v0_4,piercast-private-roster-v2-2026-09-12,false
grand_haven_mi,brown_trout,2,2025-01-11,4.000000,grand_haven_mi__brown_trout__v0_4,piercast-private-roster-v2-2026-09-12,false
grand_haven_mi,brown_trout,3,2025-01-18,4.100000,grand_haven_mi__brown_trout__v0_4,piercast-private-roster-v2-2026-09-12,false
grand_haven_mi,brown_trout,4,2025-01-25,4.333333,grand_haven_mi__brown_trout__v0_4,piercast-private-roster-v2-2026-09-12,false
grand_haven_mi,brown_trout,5,2025-02-01,4.566667,grand_haven_mi__brown_trout__v0_4,piercast-private-roster-v2-2026-09-12,false
grand_haven_mi,brown_trout,6,2025-02-08,4.800000,grand_haven_mi__brown_trout__v0_4,piercast-private-roster-v2-2026-09-12,false
grand_haven_mi,brown_trout,7,2025-02-15,5.033333,grand_haven_mi__brown_trout__v0_4,piercast-private-roster-v2-2026-09-12,false
grand_haven_mi,brown_trout,8,2025-02-22,5.266667,grand_haven_mi__brown_trout__v0_4,piercast-private-roster-v2-2026-09-12,false
grand_haven_mi,brown_trout,9,2025-03-01,5.500000,grand_haven_mi__brown_trout__v0_4,piercast-private-roster-v2-2026-09-12,false
grand_haven_mi,brown_trout,10,2025-03-08,5.733333,grand_haven_mi__brown_trout__v0_4,piercast-private-roster-v2-2026-09-12,false
grand_haven_mi,brown_trout,11,2025-03-15,6.050000,grand_haven_mi__brown_trout__v0_4,piercast-private-roster-v2-2026-09-12,false
grand_haven_mi,brown_trout,12,2025-03-22,6.400000,grand_haven_mi__brown_trout__v0_4,piercast-private-roster-v2-2026-09-12,false
grand_haven_mi,brown_trout,13,2025-03-29,6.750000,grand_haven_mi__brown_trout__v0_4,piercast-private-roster-v2-2026-09-12,false
grand_haven_mi,brown_trout,14,2025-04-05,7.100000,grand_haven_mi__brown_trout__v0_4,piercast-private-roster-v2-2026-09-12,false
grand_haven_mi,brown_trout,15,2025-04-12,7.450000,grand_haven_mi__brown_trout__v0_4,piercast-private-roster-v2-2026-09-12,false
grand_haven_mi,brown_trout,16,2025-04-19,7.344000,grand_haven_mi__brown_trout__v0_4,piercast-private-roster-v2-2026-09-12,false
grand_haven_mi,brown_trout,17,2025-04-26,6.896000,grand_haven_mi__brown_trout__v0_4,piercast-private-roster-v2-2026-09-12,false
grand_haven_mi,brown_trout,18,2025-05-03,6.448000,grand_haven_mi__brown_trout__v0_4,piercast-private-roster-v2-2026-09-12,false
grand_haven_mi,brown_trout,19,2025-05-10,6.000000,grand_haven_mi__brown_trout__v0_4,piercast-private-roster-v2-2026-09-12,false
grand_haven_mi,brown_trout,20,2025-05-17,5.319444,grand_haven_mi__brown_trout__v0_4,piercast-private-roster-v2-2026-09-12,false
grand_haven_mi,brown_trout,21,2025-05-24,4.638889,grand_haven_mi__brown_trout__v0_4,piercast-private-roster-v2-2026-09-12,false
grand_haven_mi,brown_trout,22,2025-05-31,3.958333,grand_haven_mi__brown_trout__v0_4,piercast-private-roster-v2-2026-09-12,false
grand_haven_mi,brown_trout,23,2025-06-07,3.277778,grand_haven_mi__brown_trout__v0_4,piercast-private-roster-v2-2026-09-12,false
grand_haven_mi,brown_trout,24,2025-06-14,2.597222,grand_haven_mi__brown_trout__v0_4,piercast-private-roster-v2-2026-09-12,false
grand_haven_mi,brown_trout,25,2025-06-21,2.352459,grand_haven_mi__brown_trout__v0_4,piercast-private-roster-v2-2026-09-12,false
grand_haven_mi,brown_trout,26,2025-06-28,2.180328,grand_haven_mi__brown_trout__v0_4,piercast-private-roster-v2-2026-09-12,false
grand_haven_mi,brown_trout,27,2025-07-05,2.008197,grand_haven_mi__brown_trout__v0_4,piercast-private-roster-v2-2026-09-12,false
grand_haven_mi,brown_trout,28,2025-07-12,1.836066,grand_haven_mi__brown_trout__v0_4,piercast-private-roster-v2-2026-09-12,false
grand_haven_mi,brown_trout,29,2025-07-19,1.663934,grand_haven_mi__brown_trout__v0_4,piercast-private-roster-v2-2026-09-12,false
grand_haven_mi,brown_trout,30,2025-07-26,1.491803,grand_haven_mi__brown_trout__v0_4,piercast-private-roster-v2-2026-09-12,false
grand_haven_mi,brown_trout,31,2025-08-02,1.319672,grand_haven_mi__brown_trout__v0_4,piercast-private-roster-v2-2026-09-12,false
grand_haven_mi,brown_trout,32,2025-08-09,1.147541,grand_haven_mi__brown_trout__v0_4,piercast-private-roster-v2-2026-09-12,false
grand_haven_mi,brown_trout,33,2025-08-16,1.018182,grand_haven_mi__brown_trout__v0_4,piercast-private-roster-v2-2026-09-12,false
grand_haven_mi,brown_trout,34,2025-08-23,1.145455,grand_haven_mi__brown_trout__v0_4,piercast-private-roster-v2-2026-09-12,false
grand_haven_mi,brown_trout,35,2025-08-30,1.272727,grand_haven_mi__brown_trout__v0_4,piercast-private-roster-v2-2026-09-12,false
grand_haven_mi,brown_trout,36,2025-09-06,1.400000,grand_haven_mi__brown_trout__v0_4,piercast-private-roster-v2-2026-09-12,false
grand_haven_mi,brown_trout,37,2025-09-13,1.527273,grand_haven_mi__brown_trout__v0_4,piercast-private-roster-v2-2026-09-12,false
grand_haven_mi,brown_trout,38,2025-09-20,1.654545,grand_haven_mi__brown_trout__v0_4,piercast-private-roster-v2-2026-09-12,false
grand_haven_mi,brown_trout,39,2025-09-27,1.781818,grand_haven_mi__brown_trout__v0_4,piercast-private-roster-v2-2026-09-12,false
grand_haven_mi,brown_trout,40,2025-10-04,1.909091,grand_haven_mi__brown_trout__v0_4,piercast-private-roster-v2-2026-09-12,false
grand_haven_mi,brown_trout,41,2025-10-11,2.036364,grand_haven_mi__brown_trout__v0_4,piercast-private-roster-v2-2026-09-12,false
grand_haven_mi,brown_trout,42,2025-10-18,2.163636,grand_haven_mi__brown_trout__v0_4,piercast-private-roster-v2-2026-09-12,false
grand_haven_mi,brown_trout,43,2025-10-25,2.325000,grand_haven_mi__brown_trout__v0_4,piercast-private-roster-v2-2026-09-12,false
grand_haven_mi,brown_trout,44,2025-11-01,2.500000,grand_haven_mi__brown_trout__v0_4,piercast-private-roster-v2-2026-09-12,false
grand_haven_mi,brown_trout,45,2025-11-08,2.675000,grand_haven_mi__brown_trout__v0_4,piercast-private-roster-v2-2026-09-12,false
grand_haven_mi,brown_trout,46,2025-11-15,2.850000,grand_haven_mi__brown_trout__v0_4,piercast-private-roster-v2-2026-09-12,false
grand_haven_mi,brown_trout,47,2025-11-22,3.025000,grand_haven_mi__brown_trout__v0_4,piercast-private-roster-v2-2026-09-12,false
grand_haven_mi,brown_trout,48,2025-11-29,3.200000,grand_haven_mi__brown_trout__v0_4,piercast-private-roster-v2-2026-09-12,false
grand_haven_mi,brown_trout,49,2025-12-06,3.375000,grand_haven_mi__brown_trout__v0_4,piercast-private-roster-v2-2026-09-12,false
grand_haven_mi,brown_trout,50,2025-12-13,3.550000,grand_haven_mi__brown_trout__v0_4,piercast-private-roster-v2-2026-09-12,false
grand_haven_mi,brown_trout,51,2025-12-20,3.725000,grand_haven_mi__brown_trout__v0_4,piercast-private-roster-v2-2026-09-12,false
grand_haven_mi,brown_trout,52,2025-12-27,3.900000,grand_haven_mi__brown_trout__v0_4,piercast-private-roster-v2-2026-09-12,false
grand_haven_mi,freshwater_drum,1,2025-01-04,1.500000,grand_haven_mi__freshwater_drum__annual_v1,piercast-private-roster-v2-2026-09-12,false
grand_haven_mi,freshwater_drum,2,2025-01-11,1.500000,grand_haven_mi__freshwater_drum__annual_v1,piercast-private-roster-v2-2026-09-12,false
grand_haven_mi,freshwater_drum,3,2025-01-18,1.500000,grand_haven_mi__freshwater_drum__annual_v1,piercast-private-roster-v2-2026-09-12,false
grand_haven_mi,freshwater_drum,4,2025-01-25,1.500000,grand_haven_mi__freshwater_drum__annual_v1,piercast-private-roster-v2-2026-09-12,false
grand_haven_mi,freshwater_drum,5,2025-02-01,1.500000,grand_haven_mi__freshwater_drum__annual_v1,piercast-private-roster-v2-2026-09-12,false
grand_haven_mi,freshwater_drum,6,2025-02-08,1.500000,grand_haven_mi__freshwater_drum__annual_v1,piercast-private-roster-v2-2026-09-12,false
grand_haven_mi,freshwater_drum,7,2025-02-15,1.500000,grand_haven_mi__freshwater_drum__annual_v1,piercast-private-roster-v2-2026-09-12,false
grand_haven_mi,freshwater_drum,8,2025-02-22,1.500000,grand_haven_mi__freshwater_drum__annual_v1,piercast-private-roster-v2-2026-09-12,false
grand_haven_mi,freshwater_drum,9,2025-03-01,1.500000,grand_haven_mi__freshwater_drum__annual_v1,piercast-private-roster-v2-2026-09-12,false
grand_haven_mi,freshwater_drum,10,2025-03-08,1.500000,grand_haven_mi__freshwater_drum__annual_v1,piercast-private-roster-v2-2026-09-12,false
grand_haven_mi,freshwater_drum,11,2025-03-15,1.500000,grand_haven_mi__freshwater_drum__annual_v1,piercast-private-roster-v2-2026-09-12,false
grand_haven_mi,freshwater_drum,12,2025-03-22,1.725806,grand_haven_mi__freshwater_drum__annual_v1,piercast-private-roster-v2-2026-09-12,false
grand_haven_mi,freshwater_drum,13,2025-03-29,1.951613,grand_haven_mi__freshwater_drum__annual_v1,piercast-private-roster-v2-2026-09-12,false
grand_haven_mi,freshwater_drum,14,2025-04-05,2.177419,grand_haven_mi__freshwater_drum__annual_v1,piercast-private-roster-v2-2026-09-12,false
grand_haven_mi,freshwater_drum,15,2025-04-12,2.403226,grand_haven_mi__freshwater_drum__annual_v1,piercast-private-roster-v2-2026-09-12,false
grand_haven_mi,freshwater_drum,16,2025-04-19,3.033333,grand_haven_mi__freshwater_drum__annual_v1,piercast-private-roster-v2-2026-09-12,false
grand_haven_mi,freshwater_drum,17,2025-04-26,3.966667,grand_haven_mi__freshwater_drum__annual_v1,piercast-private-roster-v2-2026-09-12,false
grand_haven_mi,freshwater_drum,18,2025-05-03,4.900000,grand_haven_mi__freshwater_drum__annual_v1,piercast-private-roster-v2-2026-09-12,false
grand_haven_mi,freshwater_drum,19,2025-05-10,5.833333,grand_haven_mi__freshwater_drum__annual_v1,piercast-private-roster-v2-2026-09-12,false
grand_haven_mi,freshwater_drum,20,2025-05-17,6.532258,grand_haven_mi__freshwater_drum__annual_v1,piercast-private-roster-v2-2026-09-12,false
grand_haven_mi,freshwater_drum,21,2025-05-24,6.645161,grand_haven_mi__freshwater_drum__annual_v1,piercast-private-roster-v2-2026-09-12,false
grand_haven_mi,freshwater_drum,22,2025-05-31,6.758065,grand_haven_mi__freshwater_drum__annual_v1,piercast-private-roster-v2-2026-09-12,false
grand_haven_mi,freshwater_drum,23,2025-06-07,6.870968,grand_haven_mi__freshwater_drum__annual_v1,piercast-private-roster-v2-2026-09-12,false
grand_haven_mi,freshwater_drum,24,2025-06-14,6.983871,grand_haven_mi__freshwater_drum__annual_v1,piercast-private-roster-v2-2026-09-12,false
grand_haven_mi,freshwater_drum,25,2025-06-21,6.900000,grand_haven_mi__freshwater_drum__annual_v1,piercast-private-roster-v2-2026-09-12,false
grand_haven_mi,freshwater_drum,26,2025-06-28,6.783333,grand_haven_mi__freshwater_drum__annual_v1,piercast-private-roster-v2-2026-09-12,false
grand_haven_mi,freshwater_drum,27,2025-07-05,6.666667,grand_haven_mi__freshwater_drum__annual_v1,piercast-private-roster-v2-2026-09-12,false
grand_haven_mi,freshwater_drum,28,2025-07-12,6.550000,grand_haven_mi__freshwater_drum__annual_v1,piercast-private-roster-v2-2026-09-12,false
grand_haven_mi,freshwater_drum,29,2025-07-19,6.500000,grand_haven_mi__freshwater_drum__annual_v1,piercast-private-roster-v2-2026-09-12,false
grand_haven_mi,freshwater_drum,30,2025-07-26,6.500000,grand_haven_mi__freshwater_drum__annual_v1,piercast-private-roster-v2-2026-09-12,false
grand_haven_mi,freshwater_drum,31,2025-08-02,6.500000,grand_haven_mi__freshwater_drum__annual_v1,piercast-private-roster-v2-2026-09-12,false
grand_haven_mi,freshwater_drum,32,2025-08-09,6.500000,grand_haven_mi__freshwater_drum__annual_v1,piercast-private-roster-v2-2026-09-12,false
grand_haven_mi,freshwater_drum,33,2025-08-16,6.435484,grand_haven_mi__freshwater_drum__annual_v1,piercast-private-roster-v2-2026-09-12,false
grand_haven_mi,freshwater_drum,34,2025-08-23,5.983871,grand_haven_mi__freshwater_drum__annual_v1,piercast-private-roster-v2-2026-09-12,false
grand_haven_mi,freshwater_drum,35,2025-08-30,5.532258,grand_haven_mi__freshwater_drum__annual_v1,piercast-private-roster-v2-2026-09-12,false
grand_haven_mi,freshwater_drum,36,2025-09-06,5.080645,grand_haven_mi__freshwater_drum__annual_v1,piercast-private-roster-v2-2026-09-12,false
grand_haven_mi,freshwater_drum,37,2025-09-13,4.629032,grand_haven_mi__freshwater_drum__annual_v1,piercast-private-roster-v2-2026-09-12,false
grand_haven_mi,freshwater_drum,38,2025-09-20,4.166667,grand_haven_mi__freshwater_drum__annual_v1,piercast-private-roster-v2-2026-09-12,false
grand_haven_mi,freshwater_drum,39,2025-09-27,3.700000,grand_haven_mi__freshwater_drum__annual_v1,piercast-private-roster-v2-2026-09-12,false
grand_haven_mi,freshwater_drum,40,2025-10-04,3.233333,grand_haven_mi__freshwater_drum__annual_v1,piercast-private-roster-v2-2026-09-12,false
grand_haven_mi,freshwater_drum,41,2025-10-11,2.766667,grand_haven_mi__freshwater_drum__annual_v1,piercast-private-roster-v2-2026-09-12,false
grand_haven_mi,freshwater_drum,42,2025-10-18,2.403226,grand_haven_mi__freshwater_drum__annual_v1,piercast-private-roster-v2-2026-09-12,false
grand_haven_mi,freshwater_drum,43,2025-10-25,2.177419,grand_haven_mi__freshwater_drum__annual_v1,piercast-private-roster-v2-2026-09-12,false
grand_haven_mi,freshwater_drum,44,2025-11-01,1.951613,grand_haven_mi__freshwater_drum__annual_v1,piercast-private-roster-v2-2026-09-12,false
grand_haven_mi,freshwater_drum,45,2025-11-08,1.725806,grand_haven_mi__freshwater_drum__annual_v1,piercast-private-roster-v2-2026-09-12,false
grand_haven_mi,freshwater_drum,46,2025-11-15,1.500000,grand_haven_mi__freshwater_drum__annual_v1,piercast-private-roster-v2-2026-09-12,false
grand_haven_mi,freshwater_drum,47,2025-11-22,1.500000,grand_haven_mi__freshwater_drum__annual_v1,piercast-private-roster-v2-2026-09-12,false
grand_haven_mi,freshwater_drum,48,2025-11-29,1.500000,grand_haven_mi__freshwater_drum__annual_v1,piercast-private-roster-v2-2026-09-12,false
grand_haven_mi,freshwater_drum,49,2025-12-06,1.500000,grand_haven_mi__freshwater_drum__annual_v1,piercast-private-roster-v2-2026-09-12,false
grand_haven_mi,freshwater_drum,50,2025-12-13,1.500000,grand_haven_mi__freshwater_drum__annual_v1,piercast-private-roster-v2-2026-09-12,false
grand_haven_mi,freshwater_drum,51,2025-12-20,1.500000,grand_haven_mi__freshwater_drum__annual_v1,piercast-private-roster-v2-2026-09-12,false
grand_haven_mi,freshwater_drum,52,2025-12-27,1.500000,grand_haven_mi__freshwater_drum__annual_v1,piercast-private-roster-v2-2026-09-12,false
grand_haven_mi,largemouth_bass,1,2025-01-04,1.500000,grand_haven_mi__largemouth_bass__annual_v1,piercast-private-roster-v2-2026-09-12,false
grand_haven_mi,largemouth_bass,2,2025-01-11,1.500000,grand_haven_mi__largemouth_bass__annual_v1,piercast-private-roster-v2-2026-09-12,false
grand_haven_mi,largemouth_bass,3,2025-01-18,1.500000,grand_haven_mi__largemouth_bass__annual_v1,piercast-private-roster-v2-2026-09-12,false
grand_haven_mi,largemouth_bass,4,2025-01-25,1.500000,grand_haven_mi__largemouth_bass__annual_v1,piercast-private-roster-v2-2026-09-12,false
grand_haven_mi,largemouth_bass,5,2025-02-01,1.500000,grand_haven_mi__largemouth_bass__annual_v1,piercast-private-roster-v2-2026-09-12,false
grand_haven_mi,largemouth_bass,6,2025-02-08,1.500000,grand_haven_mi__largemouth_bass__annual_v1,piercast-private-roster-v2-2026-09-12,false
grand_haven_mi,largemouth_bass,7,2025-02-15,1.500000,grand_haven_mi__largemouth_bass__annual_v1,piercast-private-roster-v2-2026-09-12,false
grand_haven_mi,largemouth_bass,8,2025-02-22,1.500000,grand_haven_mi__largemouth_bass__annual_v1,piercast-private-roster-v2-2026-09-12,false
grand_haven_mi,largemouth_bass,9,2025-03-01,1.500000,grand_haven_mi__largemouth_bass__annual_v1,piercast-private-roster-v2-2026-09-12,false
grand_haven_mi,largemouth_bass,10,2025-03-08,1.500000,grand_haven_mi__largemouth_bass__annual_v1,piercast-private-roster-v2-2026-09-12,false
grand_haven_mi,largemouth_bass,11,2025-03-15,1.500000,grand_haven_mi__largemouth_bass__annual_v1,piercast-private-roster-v2-2026-09-12,false
grand_haven_mi,largemouth_bass,12,2025-03-22,1.612903,grand_haven_mi__largemouth_bass__annual_v1,piercast-private-roster-v2-2026-09-12,false
grand_haven_mi,largemouth_bass,13,2025-03-29,1.725806,grand_haven_mi__largemouth_bass__annual_v1,piercast-private-roster-v2-2026-09-12,false
grand_haven_mi,largemouth_bass,14,2025-04-05,1.838710,grand_haven_mi__largemouth_bass__annual_v1,piercast-private-roster-v2-2026-09-12,false
grand_haven_mi,largemouth_bass,15,2025-04-12,1.951613,grand_haven_mi__largemouth_bass__annual_v1,piercast-private-roster-v2-2026-09-12,false
grand_haven_mi,largemouth_bass,16,2025-04-19,2.066667,grand_haven_mi__largemouth_bass__annual_v1,piercast-private-roster-v2-2026-09-12,false
grand_haven_mi,largemouth_bass,17,2025-04-26,2.183333,grand_haven_mi__largemouth_bass__annual_v1,piercast-private-roster-v2-2026-09-12,false
grand_haven_mi,largemouth_bass,18,2025-05-03,2.300000,grand_haven_mi__largemouth_bass__annual_v1,piercast-private-roster-v2-2026-09-12,false
grand_haven_mi,largemouth_bass,19,2025-05-10,2.416667,grand_haven_mi__largemouth_bass__annual_v1,piercast-private-roster-v2-2026-09-12,false
grand_haven_mi,largemouth_bass,20,2025-05-17,2.596774,grand_haven_mi__largemouth_bass__annual_v1,piercast-private-roster-v2-2026-09-12,false
grand_haven_mi,largemouth_bass,21,2025-05-24,2.935484,grand_haven_mi__largemouth_bass__annual_v1,piercast-private-roster-v2-2026-09-12,false
grand_haven_mi,largemouth_bass,22,2025-05-31,3.274194,grand_haven_mi__largemouth_bass__annual_v1,piercast-private-roster-v2-2026-09-12,false
grand_haven_mi,largemouth_bass,23,2025-06-07,3.612903,grand_haven_mi__largemouth_bass__annual_v1,piercast-private-roster-v2-2026-09-12,false
grand_haven_mi,largemouth_bass,24,2025-06-14,3.951613,grand_haven_mi__largemouth_bass__annual_v1,piercast-private-roster-v2-2026-09-12,false
grand_haven_mi,largemouth_bass,25,2025-06-21,4.200000,grand_haven_mi__largemouth_bass__annual_v1,piercast-private-roster-v2-2026-09-12,false
grand_haven_mi,largemouth_bass,26,2025-06-28,4.433333,grand_haven_mi__largemouth_bass__annual_v1,piercast-private-roster-v2-2026-09-12,false
grand_haven_mi,largemouth_bass,27,2025-07-05,4.666667,grand_haven_mi__largemouth_bass__annual_v1,piercast-private-roster-v2-2026-09-12,false
grand_haven_mi,largemouth_bass,28,2025-07-12,4.900000,grand_haven_mi__largemouth_bass__annual_v1,piercast-private-roster-v2-2026-09-12,false
grand_haven_mi,largemouth_bass,29,2025-07-19,5.193548,grand_haven_mi__largemouth_bass__annual_v1,piercast-private-roster-v2-2026-09-12,false
grand_haven_mi,largemouth_bass,30,2025-07-26,5.532258,grand_haven_mi__largemouth_bass__annual_v1,piercast-private-roster-v2-2026-09-12,false
grand_haven_mi,largemouth_bass,31,2025-08-02,5.870968,grand_haven_mi__largemouth_bass__annual_v1,piercast-private-roster-v2-2026-09-12,false
grand_haven_mi,largemouth_bass,32,2025-08-09,6.209677,grand_haven_mi__largemouth_bass__annual_v1,piercast-private-roster-v2-2026-09-12,false
grand_haven_mi,largemouth_bass,33,2025-08-16,6.403226,grand_haven_mi__largemouth_bass__annual_v1,piercast-private-roster-v2-2026-09-12,false
grand_haven_mi,largemouth_bass,34,2025-08-23,5.725806,grand_haven_mi__largemouth_bass__annual_v1,piercast-private-roster-v2-2026-09-12,false
grand_haven_mi,largemouth_bass,35,2025-08-30,5.048387,grand_haven_mi__largemouth_bass__annual_v1,piercast-private-roster-v2-2026-09-12,false
grand_haven_mi,largemouth_bass,36,2025-09-06,4.370968,grand_haven_mi__largemouth_bass__annual_v1,piercast-private-roster-v2-2026-09-12,false
grand_haven_mi,largemouth_bass,37,2025-09-13,3.693548,grand_haven_mi__largemouth_bass__annual_v1,piercast-private-roster-v2-2026-09-12,false
grand_haven_mi,largemouth_bass,38,2025-09-20,3.250000,grand_haven_mi__largemouth_bass__annual_v1,piercast-private-roster-v2-2026-09-12,false
grand_haven_mi,largemouth_bass,39,2025-09-27,2.900000,grand_haven_mi__largemouth_bass__annual_v1,piercast-private-roster-v2-2026-09-12,false
grand_haven_mi,largemouth_bass,40,2025-10-04,2.550000,grand_haven_mi__largemouth_bass__annual_v1,piercast-private-roster-v2-2026-09-12,false
grand_haven_mi,largemouth_bass,41,2025-10-11,2.200000,grand_haven_mi__largemouth_bass__annual_v1,piercast-private-roster-v2-2026-09-12,false
grand_haven_mi,largemouth_bass,42,2025-10-18,1.951613,grand_haven_mi__largemouth_bass__annual_v1,piercast-private-roster-v2-2026-09-12,false
grand_haven_mi,largemouth_bass,43,2025-10-25,1.838710,grand_haven_mi__largemouth_bass__annual_v1,piercast-private-roster-v2-2026-09-12,false
grand_haven_mi,largemouth_bass,44,2025-11-01,1.725806,grand_haven_mi__largemouth_bass__annual_v1,piercast-private-roster-v2-2026-09-12,false
grand_haven_mi,largemouth_bass,45,2025-11-08,1.612903,grand_haven_mi__largemouth_bass__annual_v1,piercast-private-roster-v2-2026-09-12,false
grand_haven_mi,largemouth_bass,46,2025-11-15,1.500000,grand_haven_mi__largemouth_bass__annual_v1,piercast-private-roster-v2-2026-09-12,false
grand_haven_mi,largemouth_bass,47,2025-11-22,1.500000,grand_haven_mi__largemouth_bass__annual_v1,piercast-private-roster-v2-2026-09-12,false
grand_haven_mi,largemouth_bass,48,2025-11-29,1.500000,grand_haven_mi__largemouth_bass__annual_v1,piercast-private-roster-v2-2026-09-12,false
grand_haven_mi,largemouth_bass,49,2025-12-06,1.500000,grand_haven_mi__largemouth_bass__annual_v1,piercast-private-roster-v2-2026-09-12,false
grand_haven_mi,largemouth_bass,50,2025-12-13,1.500000,grand_haven_mi__largemouth_bass__annual_v1,piercast-private-roster-v2-2026-09-12,false
grand_haven_mi,largemouth_bass,51,2025-12-20,1.500000,grand_haven_mi__largemouth_bass__annual_v1,piercast-private-roster-v2-2026-09-12,false
grand_haven_mi,largemouth_bass,52,2025-12-27,1.500000,grand_haven_mi__largemouth_bass__annual_v1,piercast-private-roster-v2-2026-09-12,false
manistee_mi,chinook_salmon,1,2025-01-04,1.000000,manistee_mi__chinook_salmon__v0_4,piercast-private-roster-v2-2026-09-12,false
manistee_mi,chinook_salmon,2,2025-01-11,1.000000,manistee_mi__chinook_salmon__v0_4,piercast-private-roster-v2-2026-09-12,false
manistee_mi,chinook_salmon,3,2025-01-18,1.006667,manistee_mi__chinook_salmon__v0_4,piercast-private-roster-v2-2026-09-12,false
manistee_mi,chinook_salmon,4,2025-01-25,1.022222,manistee_mi__chinook_salmon__v0_4,piercast-private-roster-v2-2026-09-12,false
manistee_mi,chinook_salmon,5,2025-02-01,1.037778,manistee_mi__chinook_salmon__v0_4,piercast-private-roster-v2-2026-09-12,false
manistee_mi,chinook_salmon,6,2025-02-08,1.053333,manistee_mi__chinook_salmon__v0_4,piercast-private-roster-v2-2026-09-12,false
manistee_mi,chinook_salmon,7,2025-02-15,1.068889,manistee_mi__chinook_salmon__v0_4,piercast-private-roster-v2-2026-09-12,false
manistee_mi,chinook_salmon,8,2025-02-22,1.084444,manistee_mi__chinook_salmon__v0_4,piercast-private-roster-v2-2026-09-12,false
manistee_mi,chinook_salmon,9,2025-03-01,1.100000,manistee_mi__chinook_salmon__v0_4,piercast-private-roster-v2-2026-09-12,false
manistee_mi,chinook_salmon,10,2025-03-08,1.115556,manistee_mi__chinook_salmon__v0_4,piercast-private-roster-v2-2026-09-12,false
manistee_mi,chinook_salmon,11,2025-03-15,1.131111,manistee_mi__chinook_salmon__v0_4,piercast-private-roster-v2-2026-09-12,false
manistee_mi,chinook_salmon,12,2025-03-22,1.146667,manistee_mi__chinook_salmon__v0_4,piercast-private-roster-v2-2026-09-12,false
manistee_mi,chinook_salmon,13,2025-03-29,1.162222,manistee_mi__chinook_salmon__v0_4,piercast-private-roster-v2-2026-09-12,false
manistee_mi,chinook_salmon,14,2025-04-05,1.177778,manistee_mi__chinook_salmon__v0_4,piercast-private-roster-v2-2026-09-12,false
manistee_mi,chinook_salmon,15,2025-04-12,1.193333,manistee_mi__chinook_salmon__v0_4,piercast-private-roster-v2-2026-09-12,false
manistee_mi,chinook_salmon,16,2025-04-19,1.440000,manistee_mi__chinook_salmon__v0_4,piercast-private-roster-v2-2026-09-12,false
manistee_mi,chinook_salmon,17,2025-04-26,1.860000,manistee_mi__chinook_salmon__v0_4,piercast-private-roster-v2-2026-09-12,false
manistee_mi,chinook_salmon,18,2025-05-03,2.280000,manistee_mi__chinook_salmon__v0_4,piercast-private-roster-v2-2026-09-12,false
manistee_mi,chinook_salmon,19,2025-05-10,2.700000,manistee_mi__chinook_salmon__v0_4,piercast-private-roster-v2-2026-09-12,false
manistee_mi,chinook_salmon,20,2025-05-17,3.368421,manistee_mi__chinook_salmon__v0_4,piercast-private-roster-v2-2026-09-12,false
manistee_mi,chinook_salmon,21,2025-05-24,4.657895,manistee_mi__chinook_salmon__v0_4,piercast-private-roster-v2-2026-09-12,false
manistee_mi,chinook_salmon,22,2025-05-31,5.947368,manistee_mi__chinook_salmon__v0_4,piercast-private-roster-v2-2026-09-12,false
manistee_mi,chinook_salmon,23,2025-06-07,6.100000,manistee_mi__chinook_salmon__v0_4,piercast-private-roster-v2-2026-09-12,false
manistee_mi,chinook_salmon,24,2025-06-14,5.400000,manistee_mi__chinook_salmon__v0_4,piercast-private-roster-v2-2026-09-12,false
manistee_mi,chinook_salmon,25,2025-06-21,4.760000,manistee_mi__chinook_salmon__v0_4,piercast-private-roster-v2-2026-09-12,false
manistee_mi,chinook_salmon,26,2025-06-28,4.480000,manistee_mi__chinook_salmon__v0_4,piercast-private-roster-v2-2026-09-12,false
manistee_mi,chinook_salmon,27,2025-07-05,4.200000,manistee_mi__chinook_salmon__v0_4,piercast-private-roster-v2-2026-09-12,false
manistee_mi,chinook_salmon,28,2025-07-12,3.920000,manistee_mi__chinook_salmon__v0_4,piercast-private-roster-v2-2026-09-12,false
manistee_mi,chinook_salmon,29,2025-07-19,3.640000,manistee_mi__chinook_salmon__v0_4,piercast-private-roster-v2-2026-09-12,false
manistee_mi,chinook_salmon,30,2025-07-26,4.312500,manistee_mi__chinook_salmon__v0_4,piercast-private-roster-v2-2026-09-12,false
manistee_mi,chinook_salmon,31,2025-08-02,5.143750,manistee_mi__chinook_salmon__v0_4,piercast-private-roster-v2-2026-09-12,false
manistee_mi,chinook_salmon,32,2025-08-09,6.300000,manistee_mi__chinook_salmon__v0_4,piercast-private-roster-v2-2026-09-12,false
manistee_mi,chinook_salmon,33,2025-08-16,7.700000,manistee_mi__chinook_salmon__v0_4,piercast-private-roster-v2-2026-09-12,false
manistee_mi,chinook_salmon,34,2025-08-23,8.800000,manistee_mi__chinook_salmon__v0_4,piercast-private-roster-v2-2026-09-12,false
manistee_mi,chinook_salmon,35,2025-08-30,9.500000,manistee_mi__chinook_salmon__v0_4,piercast-private-roster-v2-2026-09-12,false
manistee_mi,chinook_salmon,36,2025-09-06,9.062500,manistee_mi__chinook_salmon__v0_4,piercast-private-roster-v2-2026-09-12,false
manistee_mi,chinook_salmon,37,2025-09-13,7.764706,manistee_mi__chinook_salmon__v0_4,piercast-private-roster-v2-2026-09-12,false
manistee_mi,chinook_salmon,38,2025-09-20,6.323529,manistee_mi__chinook_salmon__v0_4,piercast-private-roster-v2-2026-09-12,false
manistee_mi,chinook_salmon,39,2025-09-27,5.550000,manistee_mi__chinook_salmon__v0_4,piercast-private-roster-v2-2026-09-12,false
manistee_mi,chinook_salmon,40,2025-10-04,5.666667,manistee_mi__chinook_salmon__v0_4,piercast-private-roster-v2-2026-09-12,false
manistee_mi,chinook_salmon,41,2025-10-11,5.783333,manistee_mi__chinook_salmon__v0_4,piercast-private-roster-v2-2026-09-12,false
manistee_mi,chinook_salmon,42,2025-10-18,5.164706,manistee_mi__chinook_salmon__v0_4,piercast-private-roster-v2-2026-09-12,false
manistee_mi,chinook_salmon,43,2025-10-25,4.423529,manistee_mi__chinook_salmon__v0_4,piercast-private-roster-v2-2026-09-12,false
manistee_mi,chinook_salmon,44,2025-11-01,3.682353,manistee_mi__chinook_salmon__v0_4,piercast-private-roster-v2-2026-09-12,false
manistee_mi,chinook_salmon,45,2025-11-08,2.941176,manistee_mi__chinook_salmon__v0_4,piercast-private-roster-v2-2026-09-12,false
manistee_mi,chinook_salmon,46,2025-11-15,2.200000,manistee_mi__chinook_salmon__v0_4,piercast-private-roster-v2-2026-09-12,false
manistee_mi,chinook_salmon,47,2025-11-22,2.017391,manistee_mi__chinook_salmon__v0_4,piercast-private-roster-v2-2026-09-12,false
manistee_mi,chinook_salmon,48,2025-11-29,1.834783,manistee_mi__chinook_salmon__v0_4,piercast-private-roster-v2-2026-09-12,false
manistee_mi,chinook_salmon,49,2025-12-06,1.652174,manistee_mi__chinook_salmon__v0_4,piercast-private-roster-v2-2026-09-12,false
manistee_mi,chinook_salmon,50,2025-12-13,1.469565,manistee_mi__chinook_salmon__v0_4,piercast-private-roster-v2-2026-09-12,false
manistee_mi,chinook_salmon,51,2025-12-20,1.286957,manistee_mi__chinook_salmon__v0_4,piercast-private-roster-v2-2026-09-12,false
manistee_mi,chinook_salmon,52,2025-12-27,1.104348,manistee_mi__chinook_salmon__v0_4,piercast-private-roster-v2-2026-09-12,false
manistee_mi,coho_salmon,1,2025-01-04,1.591667,manistee_mi__coho_salmon__v0_4,piercast-private-roster-v2-2026-09-12,false
manistee_mi,coho_salmon,2,2025-01-11,1.533333,manistee_mi__coho_salmon__v0_4,piercast-private-roster-v2-2026-09-12,false
manistee_mi,coho_salmon,3,2025-01-18,1.580357,manistee_mi__coho_salmon__v0_4,piercast-private-roster-v2-2026-09-12,false
manistee_mi,coho_salmon,4,2025-01-25,1.767857,manistee_mi__coho_salmon__v0_4,piercast-private-roster-v2-2026-09-12,false
manistee_mi,coho_salmon,5,2025-02-01,1.955357,manistee_mi__coho_salmon__v0_4,piercast-private-roster-v2-2026-09-12,false
manistee_mi,coho_salmon,6,2025-02-08,2.142857,manistee_mi__coho_salmon__v0_4,piercast-private-roster-v2-2026-09-12,false
manistee_mi,coho_salmon,7,2025-02-15,2.330357,manistee_mi__coho_salmon__v0_4,piercast-private-roster-v2-2026-09-12,false
manistee_mi,coho_salmon,8,2025-02-22,2.517857,manistee_mi__coho_salmon__v0_4,piercast-private-roster-v2-2026-09-12,false
manistee_mi,coho_salmon,9,2025-03-01,2.705357,manistee_mi__coho_salmon__v0_4,piercast-private-roster-v2-2026-09-12,false
manistee_mi,coho_salmon,10,2025-03-08,2.892857,manistee_mi__coho_salmon__v0_4,piercast-private-roster-v2-2026-09-12,false
manistee_mi,coho_salmon,11,2025-03-15,3.048387,manistee_mi__coho_salmon__v0_4,piercast-private-roster-v2-2026-09-12,false
manistee_mi,coho_salmon,12,2025-03-22,3.161290,manistee_mi__coho_salmon__v0_4,piercast-private-roster-v2-2026-09-12,false
manistee_mi,coho_salmon,13,2025-03-29,3.274194,manistee_mi__coho_salmon__v0_4,piercast-private-roster-v2-2026-09-12,false
manistee_mi,coho_salmon,14,2025-04-05,3.387097,manistee_mi__coho_salmon__v0_4,piercast-private-roster-v2-2026-09-12,false
manistee_mi,coho_salmon,15,2025-04-12,3.500000,manistee_mi__coho_salmon__v0_4,piercast-private-roster-v2-2026-09-12,false
manistee_mi,coho_salmon,16,2025-04-19,3.575000,manistee_mi__coho_salmon__v0_4,piercast-private-roster-v2-2026-09-12,false
manistee_mi,coho_salmon,17,2025-04-26,3.650000,manistee_mi__coho_salmon__v0_4,piercast-private-roster-v2-2026-09-12,false
manistee_mi,coho_salmon,18,2025-05-03,3.725000,manistee_mi__coho_salmon__v0_4,piercast-private-roster-v2-2026-09-12,false
manistee_mi,coho_salmon,19,2025-05-10,3.800000,manistee_mi__coho_salmon__v0_4,piercast-private-roster-v2-2026-09-12,false
manistee_mi,coho_salmon,20,2025-05-17,3.543902,manistee_mi__coho_salmon__v0_4,piercast-private-roster-v2-2026-09-12,false
manistee_mi,coho_salmon,21,2025-05-24,3.287805,manistee_mi__coho_salmon__v0_4,piercast-private-roster-v2-2026-09-12,false
manistee_mi,coho_salmon,22,2025-05-31,3.031707,manistee_mi__coho_salmon__v0_4,piercast-private-roster-v2-2026-09-12,false
manistee_mi,coho_salmon,23,2025-06-07,2.775610,manistee_mi__coho_salmon__v0_4,piercast-private-roster-v2-2026-09-12,false
manistee_mi,coho_salmon,24,2025-06-14,2.519512,manistee_mi__coho_salmon__v0_4,piercast-private-roster-v2-2026-09-12,false
manistee_mi,coho_salmon,25,2025-06-21,2.291429,manistee_mi__coho_salmon__v0_4,piercast-private-roster-v2-2026-09-12,false
manistee_mi,coho_salmon,26,2025-06-28,2.231429,manistee_mi__coho_salmon__v0_4,piercast-private-roster-v2-2026-09-12,false
manistee_mi,coho_salmon,27,2025-07-05,2.171429,manistee_mi__coho_salmon__v0_4,piercast-private-roster-v2-2026-09-12,false
manistee_mi,coho_salmon,28,2025-07-12,2.111429,manistee_mi__coho_salmon__v0_4,piercast-private-roster-v2-2026-09-12,false
manistee_mi,coho_salmon,29,2025-07-19,2.051429,manistee_mi__coho_salmon__v0_4,piercast-private-roster-v2-2026-09-12,false
manistee_mi,coho_salmon,30,2025-07-26,2.069231,manistee_mi__coho_salmon__v0_4,piercast-private-roster-v2-2026-09-12,false
manistee_mi,coho_salmon,31,2025-08-02,2.553846,manistee_mi__coho_salmon__v0_4,piercast-private-roster-v2-2026-09-12,false
manistee_mi,coho_salmon,32,2025-08-09,3.038462,manistee_mi__coho_salmon__v0_4,piercast-private-roster-v2-2026-09-12,false
manistee_mi,coho_salmon,33,2025-08-16,3.523077,manistee_mi__coho_salmon__v0_4,piercast-private-roster-v2-2026-09-12,false
manistee_mi,coho_salmon,34,2025-08-23,4.185714,manistee_mi__coho_salmon__v0_4,piercast-private-roster-v2-2026-09-12,false
manistee_mi,coho_salmon,35,2025-08-30,5.085714,manistee_mi__coho_salmon__v0_4,piercast-private-roster-v2-2026-09-12,false
manistee_mi,coho_salmon,36,2025-09-06,5.985714,manistee_mi__coho_salmon__v0_4,piercast-private-roster-v2-2026-09-12,false
manistee_mi,coho_salmon,37,2025-09-13,6.704000,manistee_mi__coho_salmon__v0_4,piercast-private-roster-v2-2026-09-12,false
manistee_mi,coho_salmon,38,2025-09-20,7.180000,manistee_mi__coho_salmon__v0_4,piercast-private-roster-v2-2026-09-12,false
manistee_mi,coho_salmon,39,2025-09-27,7.656000,manistee_mi__coho_salmon__v0_4,piercast-private-roster-v2-2026-09-12,false
manistee_mi,coho_salmon,40,2025-10-04,8.132000,manistee_mi__coho_salmon__v0_4,piercast-private-roster-v2-2026-09-12,false
manistee_mi,coho_salmon,41,2025-10-11,7.812903,manistee_mi__coho_salmon__v0_4,piercast-private-roster-v2-2026-09-12,false
manistee_mi,coho_salmon,42,2025-10-18,7.361290,manistee_mi__coho_salmon__v0_4,piercast-private-roster-v2-2026-09-12,false
manistee_mi,coho_salmon,43,2025-10-25,6.909677,manistee_mi__coho_salmon__v0_4,piercast-private-roster-v2-2026-09-12,false
manistee_mi,coho_salmon,44,2025-11-01,6.458065,manistee_mi__coho_salmon__v0_4,piercast-private-roster-v2-2026-09-12,false
manistee_mi,coho_salmon,45,2025-11-08,5.822857,manistee_mi__coho_salmon__v0_4,piercast-private-roster-v2-2026-09-12,false
manistee_mi,coho_salmon,46,2025-11-15,4.942857,manistee_mi__coho_salmon__v0_4,piercast-private-roster-v2-2026-09-12,false
manistee_mi,coho_salmon,47,2025-11-22,4.062857,manistee_mi__coho_salmon__v0_4,piercast-private-roster-v2-2026-09-12,false
manistee_mi,coho_salmon,48,2025-11-29,3.182857,manistee_mi__coho_salmon__v0_4,piercast-private-roster-v2-2026-09-12,false
manistee_mi,coho_salmon,49,2025-12-06,2.302857,manistee_mi__coho_salmon__v0_4,piercast-private-roster-v2-2026-09-12,false
manistee_mi,coho_salmon,50,2025-12-13,1.775000,manistee_mi__coho_salmon__v0_4,piercast-private-roster-v2-2026-09-12,false
manistee_mi,coho_salmon,51,2025-12-20,1.716667,manistee_mi__coho_salmon__v0_4,piercast-private-roster-v2-2026-09-12,false
manistee_mi,coho_salmon,52,2025-12-27,1.658333,manistee_mi__coho_salmon__v0_4,piercast-private-roster-v2-2026-09-12,false
manistee_mi,steelhead,1,2025-01-04,3.420000,manistee_mi__steelhead__v0_4,piercast-private-roster-v2-2026-09-12,false
manistee_mi,steelhead,2,2025-01-11,3.280000,manistee_mi__steelhead__v0_4,piercast-private-roster-v2-2026-09-12,false
manistee_mi,steelhead,3,2025-01-18,3.333929,manistee_mi__steelhead__v0_4,piercast-private-roster-v2-2026-09-12,false
manistee_mi,steelhead,4,2025-01-25,3.646429,manistee_mi__steelhead__v0_4,piercast-private-roster-v2-2026-09-12,false
manistee_mi,steelhead,5,2025-02-01,3.958929,manistee_mi__steelhead__v0_4,piercast-private-roster-v2-2026-09-12,false
manistee_mi,steelhead,6,2025-02-08,4.271429,manistee_mi__steelhead__v0_4,piercast-private-roster-v2-2026-09-12,false
manistee_mi,steelhead,7,2025-02-15,4.583929,manistee_mi__steelhead__v0_4,piercast-private-roster-v2-2026-09-12,false
manistee_mi,steelhead,8,2025-02-22,4.896429,manistee_mi__steelhead__v0_4,piercast-private-roster-v2-2026-09-12,false
manistee_mi,steelhead,9,2025-03-01,5.208929,manistee_mi__steelhead__v0_4,piercast-private-roster-v2-2026-09-12,false
manistee_mi,steelhead,10,2025-03-08,5.521429,manistee_mi__steelhead__v0_4,piercast-private-roster-v2-2026-09-12,false
manistee_mi,steelhead,11,2025-03-15,5.813793,manistee_mi__steelhead__v0_4,piercast-private-roster-v2-2026-09-12,false
manistee_mi,steelhead,12,2025-03-22,6.079310,manistee_mi__steelhead__v0_4,piercast-private-roster-v2-2026-09-12,false
manistee_mi,steelhead,13,2025-03-29,6.344828,manistee_mi__steelhead__v0_4,piercast-private-roster-v2-2026-09-12,false
manistee_mi,steelhead,14,2025-04-05,6.610345,manistee_mi__steelhead__v0_4,piercast-private-roster-v2-2026-09-12,false
manistee_mi,steelhead,15,2025-04-12,6.592593,manistee_mi__steelhead__v0_4,piercast-private-roster-v2-2026-09-12,false
manistee_mi,steelhead,16,2025-04-19,5.866667,manistee_mi__steelhead__v0_4,piercast-private-roster-v2-2026-09-12,false
manistee_mi,steelhead,17,2025-04-26,5.140741,manistee_mi__steelhead__v0_4,piercast-private-roster-v2-2026-09-12,false
manistee_mi,steelhead,18,2025-05-03,4.414815,manistee_mi__steelhead__v0_4,piercast-private-roster-v2-2026-09-12,false
manistee_mi,steelhead,19,2025-05-10,4.048000,manistee_mi__steelhead__v0_4,piercast-private-roster-v2-2026-09-12,false
manistee_mi,steelhead,20,2025-05-17,4.160000,manistee_mi__steelhead__v0_4,piercast-private-roster-v2-2026-09-12,false
manistee_mi,steelhead,21,2025-05-24,4.272000,manistee_mi__steelhead__v0_4,piercast-private-roster-v2-2026-09-12,false
manistee_mi,steelhead,22,2025-05-31,4.384000,manistee_mi__steelhead__v0_4,piercast-private-roster-v2-2026-09-12,false
manistee_mi,steelhead,23,2025-06-07,4.496000,manistee_mi__steelhead__v0_4,piercast-private-roster-v2-2026-09-12,false
manistee_mi,steelhead,24,2025-06-14,4.608000,manistee_mi__steelhead__v0_4,piercast-private-roster-v2-2026-09-12,false
manistee_mi,steelhead,25,2025-06-21,4.720000,manistee_mi__steelhead__v0_4,piercast-private-roster-v2-2026-09-12,false
manistee_mi,steelhead,26,2025-06-28,4.631579,manistee_mi__steelhead__v0_4,piercast-private-roster-v2-2026-09-12,false
manistee_mi,steelhead,27,2025-07-05,4.042105,manistee_mi__steelhead__v0_4,piercast-private-roster-v2-2026-09-12,false
manistee_mi,steelhead,28,2025-07-12,3.452632,manistee_mi__steelhead__v0_4,piercast-private-roster-v2-2026-09-12,false
manistee_mi,steelhead,29,2025-07-19,3.180488,manistee_mi__steelhead__v0_4,piercast-private-roster-v2-2026-09-12,false
manistee_mi,steelhead,30,2025-07-26,3.146341,manistee_mi__steelhead__v0_4,piercast-private-roster-v2-2026-09-12,false
manistee_mi,steelhead,31,2025-08-02,3.112195,manistee_mi__steelhead__v0_4,piercast-private-roster-v2-2026-09-12,false
manistee_mi,steelhead,32,2025-08-09,3.078049,manistee_mi__steelhead__v0_4,piercast-private-roster-v2-2026-09-12,false
manistee_mi,steelhead,33,2025-08-16,3.043902,manistee_mi__steelhead__v0_4,piercast-private-roster-v2-2026-09-12,false
manistee_mi,steelhead,34,2025-08-23,3.009756,manistee_mi__steelhead__v0_4,piercast-private-roster-v2-2026-09-12,false
manistee_mi,steelhead,35,2025-08-30,3.646341,manistee_mi__steelhead__v0_4,piercast-private-roster-v2-2026-09-12,false
manistee_mi,steelhead,36,2025-09-06,4.551220,manistee_mi__steelhead__v0_4,piercast-private-roster-v2-2026-09-12,false
manistee_mi,steelhead,37,2025-09-13,5.456098,manistee_mi__steelhead__v0_4,piercast-private-roster-v2-2026-09-12,false
manistee_mi,steelhead,38,2025-09-20,6.360976,manistee_mi__steelhead__v0_4,piercast-private-roster-v2-2026-09-12,false
manistee_mi,steelhead,39,2025-09-27,7.265854,manistee_mi__steelhead__v0_4,piercast-private-roster-v2-2026-09-12,false
manistee_mi,steelhead,40,2025-10-04,8.170732,manistee_mi__steelhead__v0_4,piercast-private-roster-v2-2026-09-12,false
manistee_mi,steelhead,41,2025-10-11,8.743478,manistee_mi__steelhead__v0_4,piercast-private-roster-v2-2026-09-12,false
manistee_mi,steelhead,42,2025-10-18,9.260870,manistee_mi__steelhead__v0_4,piercast-private-roster-v2-2026-09-12,false
manistee_mi,steelhead,43,2025-10-25,9.778261,manistee_mi__steelhead__v0_4,piercast-private-roster-v2-2026-09-12,false
manistee_mi,steelhead,44,2025-11-01,9.446154,manistee_mi__steelhead__v0_4,piercast-private-roster-v2-2026-09-12,false
manistee_mi,steelhead,45,2025-11-08,8.476923,manistee_mi__steelhead__v0_4,piercast-private-roster-v2-2026-09-12,false
manistee_mi,steelhead,46,2025-11-15,7.760000,manistee_mi__steelhead__v0_4,piercast-private-roster-v2-2026-09-12,false
manistee_mi,steelhead,47,2025-11-22,7.144000,manistee_mi__steelhead__v0_4,piercast-private-roster-v2-2026-09-12,false
manistee_mi,steelhead,48,2025-11-29,6.528000,manistee_mi__steelhead__v0_4,piercast-private-roster-v2-2026-09-12,false
manistee_mi,steelhead,49,2025-12-06,5.903846,manistee_mi__steelhead__v0_4,piercast-private-roster-v2-2026-09-12,false
manistee_mi,steelhead,50,2025-12-13,5.230769,manistee_mi__steelhead__v0_4,piercast-private-roster-v2-2026-09-12,false
manistee_mi,steelhead,51,2025-12-20,4.557692,manistee_mi__steelhead__v0_4,piercast-private-roster-v2-2026-09-12,false
manistee_mi,steelhead,52,2025-12-27,3.884615,manistee_mi__steelhead__v0_4,piercast-private-roster-v2-2026-09-12,false
manistee_mi,brown_trout,1,2025-01-04,4.200000,manistee_mi__brown_trout__v0_4,piercast-private-roster-v2-2026-09-12,false
manistee_mi,brown_trout,2,2025-01-11,4.200000,manistee_mi__brown_trout__v0_4,piercast-private-roster-v2-2026-09-12,false
manistee_mi,brown_trout,3,2025-01-18,4.300000,manistee_mi__brown_trout__v0_4,piercast-private-roster-v2-2026-09-12,false
manistee_mi,brown_trout,4,2025-01-25,4.533333,manistee_mi__brown_trout__v0_4,piercast-private-roster-v2-2026-09-12,false
manistee_mi,brown_trout,5,2025-02-01,4.766667,manistee_mi__brown_trout__v0_4,piercast-private-roster-v2-2026-09-12,false
manistee_mi,brown_trout,6,2025-02-08,5.000000,manistee_mi__brown_trout__v0_4,piercast-private-roster-v2-2026-09-12,false
manistee_mi,brown_trout,7,2025-02-15,5.233333,manistee_mi__brown_trout__v0_4,piercast-private-roster-v2-2026-09-12,false
manistee_mi,brown_trout,8,2025-02-22,5.466667,manistee_mi__brown_trout__v0_4,piercast-private-roster-v2-2026-09-12,false
manistee_mi,brown_trout,9,2025-03-01,5.700000,manistee_mi__brown_trout__v0_4,piercast-private-roster-v2-2026-09-12,false
manistee_mi,brown_trout,10,2025-03-08,5.933333,manistee_mi__brown_trout__v0_4,piercast-private-roster-v2-2026-09-12,false
manistee_mi,brown_trout,11,2025-03-15,6.354839,manistee_mi__brown_trout__v0_4,piercast-private-roster-v2-2026-09-12,false
manistee_mi,brown_trout,12,2025-03-22,6.851613,manistee_mi__brown_trout__v0_4,piercast-private-roster-v2-2026-09-12,false
manistee_mi,brown_trout,13,2025-03-29,7.348387,manistee_mi__brown_trout__v0_4,piercast-private-roster-v2-2026-09-12,false
manistee_mi,brown_trout,14,2025-04-05,7.845161,manistee_mi__brown_trout__v0_4,piercast-private-roster-v2-2026-09-12,false
manistee_mi,brown_trout,15,2025-04-12,8.160000,manistee_mi__brown_trout__v0_4,piercast-private-roster-v2-2026-09-12,false
manistee_mi,brown_trout,16,2025-04-19,8.020000,manistee_mi__brown_trout__v0_4,piercast-private-roster-v2-2026-09-12,false
manistee_mi,brown_trout,17,2025-04-26,7.880000,manistee_mi__brown_trout__v0_4,piercast-private-roster-v2-2026-09-12,false
manistee_mi,brown_trout,18,2025-05-03,7.500000,manistee_mi__brown_trout__v0_4,piercast-private-roster-v2-2026-09-12,false
manistee_mi,brown_trout,19,2025-05-10,6.800000,manistee_mi__brown_trout__v0_4,piercast-private-roster-v2-2026-09-12,false
manistee_mi,brown_trout,20,2025-05-17,6.183333,manistee_mi__brown_trout__v0_4,piercast-private-roster-v2-2026-09-12,false
manistee_mi,brown_trout,21,2025-05-24,5.775000,manistee_mi__brown_trout__v0_4,piercast-private-roster-v2-2026-09-12,false
manistee_mi,brown_trout,22,2025-05-31,5.366667,manistee_mi__brown_trout__v0_4,piercast-private-roster-v2-2026-09-12,false
manistee_mi,brown_trout,23,2025-06-07,4.958333,manistee_mi__brown_trout__v0_4,piercast-private-roster-v2-2026-09-12,false
manistee_mi,brown_trout,24,2025-06-14,4.550000,manistee_mi__brown_trout__v0_4,piercast-private-roster-v2-2026-09-12,false
manistee_mi,brown_trout,25,2025-06-21,4.142857,manistee_mi__brown_trout__v0_4,piercast-private-roster-v2-2026-09-12,false
manistee_mi,brown_trout,26,2025-06-28,3.742857,manistee_mi__brown_trout__v0_4,piercast-private-roster-v2-2026-09-12,false
manistee_mi,brown_trout,27,2025-07-05,3.342857,manistee_mi__brown_trout__v0_4,piercast-private-roster-v2-2026-09-12,false
manistee_mi,brown_trout,28,2025-07-12,2.942857,manistee_mi__brown_trout__v0_4,piercast-private-roster-v2-2026-09-12,false
manistee_mi,brown_trout,29,2025-07-19,2.542857,manistee_mi__brown_trout__v0_4,piercast-private-roster-v2-2026-09-12,false
manistee_mi,brown_trout,30,2025-07-26,2.142857,manistee_mi__brown_trout__v0_4,piercast-private-roster-v2-2026-09-12,false
manistee_mi,brown_trout,31,2025-08-02,1.742857,manistee_mi__brown_trout__v0_4,piercast-private-roster-v2-2026-09-12,false
manistee_mi,brown_trout,32,2025-08-09,1.342857,manistee_mi__brown_trout__v0_4,piercast-private-roster-v2-2026-09-12,false
manistee_mi,brown_trout,33,2025-08-16,1.021311,manistee_mi__brown_trout__v0_4,piercast-private-roster-v2-2026-09-12,false
manistee_mi,brown_trout,34,2025-08-23,1.170492,manistee_mi__brown_trout__v0_4,piercast-private-roster-v2-2026-09-12,false
manistee_mi,brown_trout,35,2025-08-30,1.319672,manistee_mi__brown_trout__v0_4,piercast-private-roster-v2-2026-09-12,false
manistee_mi,brown_trout,36,2025-09-06,1.468852,manistee_mi__brown_trout__v0_4,piercast-private-roster-v2-2026-09-12,false
manistee_mi,brown_trout,37,2025-09-13,1.618033,manistee_mi__brown_trout__v0_4,piercast-private-roster-v2-2026-09-12,false
manistee_mi,brown_trout,38,2025-09-20,1.767213,manistee_mi__brown_trout__v0_4,piercast-private-roster-v2-2026-09-12,false
manistee_mi,brown_trout,39,2025-09-27,1.916393,manistee_mi__brown_trout__v0_4,piercast-private-roster-v2-2026-09-12,false
manistee_mi,brown_trout,40,2025-10-04,2.065574,manistee_mi__brown_trout__v0_4,piercast-private-roster-v2-2026-09-12,false
manistee_mi,brown_trout,41,2025-10-11,2.214754,manistee_mi__brown_trout__v0_4,piercast-private-roster-v2-2026-09-12,false
manistee_mi,brown_trout,42,2025-10-18,2.374026,manistee_mi__brown_trout__v0_4,piercast-private-roster-v2-2026-09-12,false
manistee_mi,brown_trout,43,2025-10-25,2.546753,manistee_mi__brown_trout__v0_4,piercast-private-roster-v2-2026-09-12,false
manistee_mi,brown_trout,44,2025-11-01,2.719481,manistee_mi__brown_trout__v0_4,piercast-private-roster-v2-2026-09-12,false
manistee_mi,brown_trout,45,2025-11-08,2.892208,manistee_mi__brown_trout__v0_4,piercast-private-roster-v2-2026-09-12,false
manistee_mi,brown_trout,46,2025-11-15,3.064935,manistee_mi__brown_trout__v0_4,piercast-private-roster-v2-2026-09-12,false
manistee_mi,brown_trout,47,2025-11-22,3.237662,manistee_mi__brown_trout__v0_4,piercast-private-roster-v2-2026-09-12,false
manistee_mi,brown_trout,48,2025-11-29,3.410390,manistee_mi__brown_trout__v0_4,piercast-private-roster-v2-2026-09-12,false
manistee_mi,brown_trout,49,2025-12-06,3.583117,manistee_mi__brown_trout__v0_4,piercast-private-roster-v2-2026-09-12,false
manistee_mi,brown_trout,50,2025-12-13,3.755844,manistee_mi__brown_trout__v0_4,piercast-private-roster-v2-2026-09-12,false
manistee_mi,brown_trout,51,2025-12-20,3.928571,manistee_mi__brown_trout__v0_4,piercast-private-roster-v2-2026-09-12,false
manistee_mi,brown_trout,52,2025-12-27,4.101299,manistee_mi__brown_trout__v0_4,piercast-private-roster-v2-2026-09-12,false
manistee_mi,lake_trout,1,2025-01-04,2.000000,manistee_mi__lake_trout__annual_v1,piercast-private-roster-v2-2026-09-12,false
manistee_mi,lake_trout,2,2025-01-11,2.000000,manistee_mi__lake_trout__annual_v1,piercast-private-roster-v2-2026-09-12,false
manistee_mi,lake_trout,3,2025-01-18,2.000000,manistee_mi__lake_trout__annual_v1,piercast-private-roster-v2-2026-09-12,false
manistee_mi,lake_trout,4,2025-01-25,2.000000,manistee_mi__lake_trout__annual_v1,piercast-private-roster-v2-2026-09-12,false
manistee_mi,lake_trout,5,2025-02-01,2.000000,manistee_mi__lake_trout__annual_v1,piercast-private-roster-v2-2026-09-12,false
manistee_mi,lake_trout,6,2025-02-08,2.000000,manistee_mi__lake_trout__annual_v1,piercast-private-roster-v2-2026-09-12,false
manistee_mi,lake_trout,7,2025-02-15,2.000000,manistee_mi__lake_trout__annual_v1,piercast-private-roster-v2-2026-09-12,false
manistee_mi,lake_trout,8,2025-02-22,2.125000,manistee_mi__lake_trout__annual_v1,piercast-private-roster-v2-2026-09-12,false
manistee_mi,lake_trout,9,2025-03-01,2.250000,manistee_mi__lake_trout__annual_v1,piercast-private-roster-v2-2026-09-12,false
manistee_mi,lake_trout,10,2025-03-08,2.375000,manistee_mi__lake_trout__annual_v1,piercast-private-roster-v2-2026-09-12,false
manistee_mi,lake_trout,11,2025-03-15,2.500000,manistee_mi__lake_trout__annual_v1,piercast-private-roster-v2-2026-09-12,false
manistee_mi,lake_trout,12,2025-03-22,2.612903,manistee_mi__lake_trout__annual_v1,piercast-private-roster-v2-2026-09-12,false
manistee_mi,lake_trout,13,2025-03-29,2.725806,manistee_mi__lake_trout__annual_v1,piercast-private-roster-v2-2026-09-12,false
manistee_mi,lake_trout,14,2025-04-05,2.838710,manistee_mi__lake_trout__annual_v1,piercast-private-roster-v2-2026-09-12,false
manistee_mi,lake_trout,15,2025-04-12,2.951613,manistee_mi__lake_trout__annual_v1,piercast-private-roster-v2-2026-09-12,false
manistee_mi,lake_trout,16,2025-04-19,2.933333,manistee_mi__lake_trout__annual_v1,piercast-private-roster-v2-2026-09-12,false
manistee_mi,lake_trout,17,2025-04-26,2.816667,manistee_mi__lake_trout__annual_v1,piercast-private-roster-v2-2026-09-12,false
manistee_mi,lake_trout,18,2025-05-03,2.700000,manistee_mi__lake_trout__annual_v1,piercast-private-roster-v2-2026-09-12,false
manistee_mi,lake_trout,19,2025-05-10,2.583333,manistee_mi__lake_trout__annual_v1,piercast-private-roster-v2-2026-09-12,false
manistee_mi,lake_trout,20,2025-05-17,2.435484,manistee_mi__lake_trout__annual_v1,piercast-private-roster-v2-2026-09-12,false
manistee_mi,lake_trout,21,2025-05-24,2.209677,manistee_mi__lake_trout__annual_v1,piercast-private-roster-v2-2026-09-12,false
manistee_mi,lake_trout,22,2025-05-31,1.983871,manistee_mi__lake_trout__annual_v1,piercast-private-roster-v2-2026-09-12,false
manistee_mi,lake_trout,23,2025-06-07,1.758065,manistee_mi__lake_trout__annual_v1,piercast-private-roster-v2-2026-09-12,false
manistee_mi,lake_trout,24,2025-06-14,1.532258,manistee_mi__lake_trout__annual_v1,piercast-private-roster-v2-2026-09-12,false
manistee_mi,lake_trout,25,2025-06-21,1.400000,manistee_mi__lake_trout__annual_v1,piercast-private-roster-v2-2026-09-12,false
manistee_mi,lake_trout,26,2025-06-28,1.283333,manistee_mi__lake_trout__annual_v1,piercast-private-roster-v2-2026-09-12,false
manistee_mi,lake_trout,27,2025-07-05,1.166667,manistee_mi__lake_trout__annual_v1,piercast-private-roster-v2-2026-09-12,false
manistee_mi,lake_trout,28,2025-07-12,1.050000,manistee_mi__lake_trout__annual_v1,piercast-private-roster-v2-2026-09-12,false
manistee_mi,lake_trout,29,2025-07-19,1.000000,manistee_mi__lake_trout__annual_v1,piercast-private-roster-v2-2026-09-12,false
manistee_mi,lake_trout,30,2025-07-26,1.000000,manistee_mi__lake_trout__annual_v1,piercast-private-roster-v2-2026-09-12,false
manistee_mi,lake_trout,31,2025-08-02,1.000000,manistee_mi__lake_trout__annual_v1,piercast-private-roster-v2-2026-09-12,false
manistee_mi,lake_trout,32,2025-08-09,1.000000,manistee_mi__lake_trout__annual_v1,piercast-private-roster-v2-2026-09-12,false
manistee_mi,lake_trout,33,2025-08-16,1.016129,manistee_mi__lake_trout__annual_v1,piercast-private-roster-v2-2026-09-12,false
manistee_mi,lake_trout,34,2025-08-23,1.129032,manistee_mi__lake_trout__annual_v1,piercast-private-roster-v2-2026-09-12,false
manistee_mi,lake_trout,35,2025-08-30,1.241935,manistee_mi__lake_trout__annual_v1,piercast-private-roster-v2-2026-09-12,false
manistee_mi,lake_trout,36,2025-09-06,1.354839,manistee_mi__lake_trout__annual_v1,piercast-private-roster-v2-2026-09-12,false
manistee_mi,lake_trout,37,2025-09-13,1.467742,manistee_mi__lake_trout__annual_v1,piercast-private-roster-v2-2026-09-12,false
manistee_mi,lake_trout,38,2025-09-20,1.750000,manistee_mi__lake_trout__annual_v1,piercast-private-roster-v2-2026-09-12,false
manistee_mi,lake_trout,39,2025-09-27,2.100000,manistee_mi__lake_trout__annual_v1,piercast-private-roster-v2-2026-09-12,false
manistee_mi,lake_trout,40,2025-10-04,2.450000,manistee_mi__lake_trout__annual_v1,piercast-private-roster-v2-2026-09-12,false
manistee_mi,lake_trout,41,2025-10-11,2.800000,manistee_mi__lake_trout__annual_v1,piercast-private-roster-v2-2026-09-12,false
manistee_mi,lake_trout,42,2025-10-18,2.951613,manistee_mi__lake_trout__annual_v1,piercast-private-roster-v2-2026-09-12,false
manistee_mi,lake_trout,43,2025-10-25,2.838710,manistee_mi__lake_trout__annual_v1,piercast-private-roster-v2-2026-09-12,false
manistee_mi,lake_trout,44,2025-11-01,2.725806,manistee_mi__lake_trout__annual_v1,piercast-private-roster-v2-2026-09-12,false
manistee_mi,lake_trout,45,2025-11-08,2.612903,manistee_mi__lake_trout__annual_v1,piercast-private-roster-v2-2026-09-12,false
manistee_mi,lake_trout,46,2025-11-15,2.500000,manistee_mi__lake_trout__annual_v1,piercast-private-roster-v2-2026-09-12,false
manistee_mi,lake_trout,47,2025-11-22,2.383333,manistee_mi__lake_trout__annual_v1,piercast-private-roster-v2-2026-09-12,false
manistee_mi,lake_trout,48,2025-11-29,2.266667,manistee_mi__lake_trout__annual_v1,piercast-private-roster-v2-2026-09-12,false
manistee_mi,lake_trout,49,2025-12-06,2.150000,manistee_mi__lake_trout__annual_v1,piercast-private-roster-v2-2026-09-12,false
manistee_mi,lake_trout,50,2025-12-13,2.033333,manistee_mi__lake_trout__annual_v1,piercast-private-roster-v2-2026-09-12,false
manistee_mi,lake_trout,51,2025-12-20,2.000000,manistee_mi__lake_trout__annual_v1,piercast-private-roster-v2-2026-09-12,false
manistee_mi,lake_trout,52,2025-12-27,2.000000,manistee_mi__lake_trout__annual_v1,piercast-private-roster-v2-2026-09-12,false
manistee_mi,freshwater_drum,1,2025-01-04,1.500000,manistee_mi__freshwater_drum__annual_v1,piercast-private-roster-v2-2026-09-12,false
manistee_mi,freshwater_drum,2,2025-01-11,1.500000,manistee_mi__freshwater_drum__annual_v1,piercast-private-roster-v2-2026-09-12,false
manistee_mi,freshwater_drum,3,2025-01-18,1.500000,manistee_mi__freshwater_drum__annual_v1,piercast-private-roster-v2-2026-09-12,false
manistee_mi,freshwater_drum,4,2025-01-25,1.500000,manistee_mi__freshwater_drum__annual_v1,piercast-private-roster-v2-2026-09-12,false
manistee_mi,freshwater_drum,5,2025-02-01,1.500000,manistee_mi__freshwater_drum__annual_v1,piercast-private-roster-v2-2026-09-12,false
manistee_mi,freshwater_drum,6,2025-02-08,1.500000,manistee_mi__freshwater_drum__annual_v1,piercast-private-roster-v2-2026-09-12,false
manistee_mi,freshwater_drum,7,2025-02-15,1.500000,manistee_mi__freshwater_drum__annual_v1,piercast-private-roster-v2-2026-09-12,false
manistee_mi,freshwater_drum,8,2025-02-22,1.500000,manistee_mi__freshwater_drum__annual_v1,piercast-private-roster-v2-2026-09-12,false
manistee_mi,freshwater_drum,9,2025-03-01,1.500000,manistee_mi__freshwater_drum__annual_v1,piercast-private-roster-v2-2026-09-12,false
manistee_mi,freshwater_drum,10,2025-03-08,1.500000,manistee_mi__freshwater_drum__annual_v1,piercast-private-roster-v2-2026-09-12,false
manistee_mi,freshwater_drum,11,2025-03-15,1.500000,manistee_mi__freshwater_drum__annual_v1,piercast-private-roster-v2-2026-09-12,false
manistee_mi,freshwater_drum,12,2025-03-22,1.500000,manistee_mi__freshwater_drum__annual_v1,piercast-private-roster-v2-2026-09-12,false
manistee_mi,freshwater_drum,13,2025-03-29,1.500000,manistee_mi__freshwater_drum__annual_v1,piercast-private-roster-v2-2026-09-12,false
manistee_mi,freshwater_drum,14,2025-04-05,1.500000,manistee_mi__freshwater_drum__annual_v1,piercast-private-roster-v2-2026-09-12,false
manistee_mi,freshwater_drum,15,2025-04-12,1.500000,manistee_mi__freshwater_drum__annual_v1,piercast-private-roster-v2-2026-09-12,false
manistee_mi,freshwater_drum,16,2025-04-19,1.633333,manistee_mi__freshwater_drum__annual_v1,piercast-private-roster-v2-2026-09-12,false
manistee_mi,freshwater_drum,17,2025-04-26,1.866667,manistee_mi__freshwater_drum__annual_v1,piercast-private-roster-v2-2026-09-12,false
manistee_mi,freshwater_drum,18,2025-05-03,2.100000,manistee_mi__freshwater_drum__annual_v1,piercast-private-roster-v2-2026-09-12,false
manistee_mi,freshwater_drum,19,2025-05-10,2.333333,manistee_mi__freshwater_drum__annual_v1,piercast-private-roster-v2-2026-09-12,false
manistee_mi,freshwater_drum,20,2025-05-17,2.564516,manistee_mi__freshwater_drum__annual_v1,piercast-private-roster-v2-2026-09-12,false
manistee_mi,freshwater_drum,21,2025-05-24,2.790323,manistee_mi__freshwater_drum__annual_v1,piercast-private-roster-v2-2026-09-12,false
manistee_mi,freshwater_drum,22,2025-05-31,3.016129,manistee_mi__freshwater_drum__annual_v1,piercast-private-roster-v2-2026-09-12,false
manistee_mi,freshwater_drum,23,2025-06-07,3.241935,manistee_mi__freshwater_drum__annual_v1,piercast-private-roster-v2-2026-09-12,false
manistee_mi,freshwater_drum,24,2025-06-14,3.467742,manistee_mi__freshwater_drum__annual_v1,piercast-private-roster-v2-2026-09-12,false
manistee_mi,freshwater_drum,25,2025-06-21,3.700000,manistee_mi__freshwater_drum__annual_v1,piercast-private-roster-v2-2026-09-12,false
manistee_mi,freshwater_drum,26,2025-06-28,3.933333,manistee_mi__freshwater_drum__annual_v1,piercast-private-roster-v2-2026-09-12,false
manistee_mi,freshwater_drum,27,2025-07-05,4.166667,manistee_mi__freshwater_drum__annual_v1,piercast-private-roster-v2-2026-09-12,false
manistee_mi,freshwater_drum,28,2025-07-12,4.400000,manistee_mi__freshwater_drum__annual_v1,piercast-private-roster-v2-2026-09-12,false
manistee_mi,freshwater_drum,29,2025-07-19,4.241935,manistee_mi__freshwater_drum__annual_v1,piercast-private-roster-v2-2026-09-12,false
manistee_mi,freshwater_drum,30,2025-07-26,3.790323,manistee_mi__freshwater_drum__annual_v1,piercast-private-roster-v2-2026-09-12,false
manistee_mi,freshwater_drum,31,2025-08-02,3.338710,manistee_mi__freshwater_drum__annual_v1,piercast-private-roster-v2-2026-09-12,false
manistee_mi,freshwater_drum,32,2025-08-09,2.887097,manistee_mi__freshwater_drum__annual_v1,piercast-private-roster-v2-2026-09-12,false
manistee_mi,freshwater_drum,33,2025-08-16,2.483871,manistee_mi__freshwater_drum__annual_v1,piercast-private-roster-v2-2026-09-12,false
manistee_mi,freshwater_drum,34,2025-08-23,2.370968,manistee_mi__freshwater_drum__annual_v1,piercast-private-roster-v2-2026-09-12,false
manistee_mi,freshwater_drum,35,2025-08-30,2.258065,manistee_mi__freshwater_drum__annual_v1,piercast-private-roster-v2-2026-09-12,false
manistee_mi,freshwater_drum,36,2025-09-06,2.145161,manistee_mi__freshwater_drum__annual_v1,piercast-private-roster-v2-2026-09-12,false
manistee_mi,freshwater_drum,37,2025-09-13,2.032258,manistee_mi__freshwater_drum__annual_v1,piercast-private-roster-v2-2026-09-12,false
manistee_mi,freshwater_drum,38,2025-09-20,1.916667,manistee_mi__freshwater_drum__annual_v1,piercast-private-roster-v2-2026-09-12,false
manistee_mi,freshwater_drum,39,2025-09-27,1.800000,manistee_mi__freshwater_drum__annual_v1,piercast-private-roster-v2-2026-09-12,false
manistee_mi,freshwater_drum,40,2025-10-04,1.683333,manistee_mi__freshwater_drum__annual_v1,piercast-private-roster-v2-2026-09-12,false
manistee_mi,freshwater_drum,41,2025-10-11,1.566667,manistee_mi__freshwater_drum__annual_v1,piercast-private-roster-v2-2026-09-12,false
manistee_mi,freshwater_drum,42,2025-10-18,1.500000,manistee_mi__freshwater_drum__annual_v1,piercast-private-roster-v2-2026-09-12,false
manistee_mi,freshwater_drum,43,2025-10-25,1.500000,manistee_mi__freshwater_drum__annual_v1,piercast-private-roster-v2-2026-09-12,false
manistee_mi,freshwater_drum,44,2025-11-01,1.500000,manistee_mi__freshwater_drum__annual_v1,piercast-private-roster-v2-2026-09-12,false
manistee_mi,freshwater_drum,45,2025-11-08,1.500000,manistee_mi__freshwater_drum__annual_v1,piercast-private-roster-v2-2026-09-12,false
manistee_mi,freshwater_drum,46,2025-11-15,1.500000,manistee_mi__freshwater_drum__annual_v1,piercast-private-roster-v2-2026-09-12,false
manistee_mi,freshwater_drum,47,2025-11-22,1.500000,manistee_mi__freshwater_drum__annual_v1,piercast-private-roster-v2-2026-09-12,false
manistee_mi,freshwater_drum,48,2025-11-29,1.500000,manistee_mi__freshwater_drum__annual_v1,piercast-private-roster-v2-2026-09-12,false
manistee_mi,freshwater_drum,49,2025-12-06,1.500000,manistee_mi__freshwater_drum__annual_v1,piercast-private-roster-v2-2026-09-12,false
manistee_mi,freshwater_drum,50,2025-12-13,1.500000,manistee_mi__freshwater_drum__annual_v1,piercast-private-roster-v2-2026-09-12,false
manistee_mi,freshwater_drum,51,2025-12-20,1.500000,manistee_mi__freshwater_drum__annual_v1,piercast-private-roster-v2-2026-09-12,false
manistee_mi,freshwater_drum,52,2025-12-27,1.500000,manistee_mi__freshwater_drum__annual_v1,piercast-private-roster-v2-2026-09-12,false
manistee_mi,yellow_perch,1,2025-01-04,1.500000,manistee_mi__yellow_perch__annual_v1,piercast-private-roster-v2-2026-09-12,false
manistee_mi,yellow_perch,2,2025-01-11,1.500000,manistee_mi__yellow_perch__annual_v1,piercast-private-roster-v2-2026-09-12,false
manistee_mi,yellow_perch,3,2025-01-18,1.500000,manistee_mi__yellow_perch__annual_v1,piercast-private-roster-v2-2026-09-12,false
manistee_mi,yellow_perch,4,2025-01-25,1.500000,manistee_mi__yellow_perch__annual_v1,piercast-private-roster-v2-2026-09-12,false
manistee_mi,yellow_perch,5,2025-02-01,1.500000,manistee_mi__yellow_perch__annual_v1,piercast-private-roster-v2-2026-09-12,false
manistee_mi,yellow_perch,6,2025-02-08,1.500000,manistee_mi__yellow_perch__annual_v1,piercast-private-roster-v2-2026-09-12,false
manistee_mi,yellow_perch,7,2025-02-15,1.500000,manistee_mi__yellow_perch__annual_v1,piercast-private-roster-v2-2026-09-12,false
manistee_mi,yellow_perch,8,2025-02-22,1.750000,manistee_mi__yellow_perch__annual_v1,piercast-private-roster-v2-2026-09-12,false
manistee_mi,yellow_perch,9,2025-03-01,2.000000,manistee_mi__yellow_perch__annual_v1,piercast-private-roster-v2-2026-09-12,false
manistee_mi,yellow_perch,10,2025-03-08,2.250000,manistee_mi__yellow_perch__annual_v1,piercast-private-roster-v2-2026-09-12,false
manistee_mi,yellow_perch,11,2025-03-15,2.500000,manistee_mi__yellow_perch__annual_v1,piercast-private-roster-v2-2026-09-12,false
manistee_mi,yellow_perch,12,2025-03-22,3.290323,manistee_mi__yellow_perch__annual_v1,piercast-private-roster-v2-2026-09-12,false
manistee_mi,yellow_perch,13,2025-03-29,4.080645,manistee_mi__yellow_perch__annual_v1,piercast-private-roster-v2-2026-09-12,false
manistee_mi,yellow_perch,14,2025-04-05,4.870968,manistee_mi__yellow_perch__annual_v1,piercast-private-roster-v2-2026-09-12,false
manistee_mi,yellow_perch,15,2025-04-12,5.661290,manistee_mi__yellow_perch__annual_v1,piercast-private-roster-v2-2026-09-12,false
manistee_mi,yellow_perch,16,2025-04-19,6.133333,manistee_mi__yellow_perch__annual_v1,piercast-private-roster-v2-2026-09-12,false
manistee_mi,yellow_perch,17,2025-04-26,6.366667,manistee_mi__yellow_perch__annual_v1,piercast-private-roster-v2-2026-09-12,false
manistee_mi,yellow_perch,18,2025-05-03,6.600000,manistee_mi__yellow_perch__annual_v1,piercast-private-roster-v2-2026-09-12,false
manistee_mi,yellow_perch,19,2025-05-10,6.833333,manistee_mi__yellow_perch__annual_v1,piercast-private-roster-v2-2026-09-12,false
manistee_mi,yellow_perch,20,2025-05-17,6.806452,manistee_mi__yellow_perch__annual_v1,piercast-private-roster-v2-2026-09-12,false
manistee_mi,yellow_perch,21,2025-05-24,6.129032,manistee_mi__yellow_perch__annual_v1,piercast-private-roster-v2-2026-09-12,false
manistee_mi,yellow_perch,22,2025-05-31,5.451613,manistee_mi__yellow_perch__annual_v1,piercast-private-roster-v2-2026-09-12,false
manistee_mi,yellow_perch,23,2025-06-07,4.774194,manistee_mi__yellow_perch__annual_v1,piercast-private-roster-v2-2026-09-12,false
manistee_mi,yellow_perch,24,2025-06-14,4.096774,manistee_mi__yellow_perch__annual_v1,piercast-private-roster-v2-2026-09-12,false
manistee_mi,yellow_perch,25,2025-06-21,3.600000,manistee_mi__yellow_perch__annual_v1,piercast-private-roster-v2-2026-09-12,false
manistee_mi,yellow_perch,26,2025-06-28,3.133333,manistee_mi__yellow_perch__annual_v1,piercast-private-roster-v2-2026-09-12,false
manistee_mi,yellow_perch,27,2025-07-05,2.666667,manistee_mi__yellow_perch__annual_v1,piercast-private-roster-v2-2026-09-12,false
manistee_mi,yellow_perch,28,2025-07-12,2.200000,manistee_mi__yellow_perch__annual_v1,piercast-private-roster-v2-2026-09-12,false
manistee_mi,yellow_perch,29,2025-07-19,1.935484,manistee_mi__yellow_perch__annual_v1,piercast-private-roster-v2-2026-09-12,false
manistee_mi,yellow_perch,30,2025-07-26,1.822581,manistee_mi__yellow_perch__annual_v1,piercast-private-roster-v2-2026-09-12,false
manistee_mi,yellow_perch,31,2025-08-02,1.709677,manistee_mi__yellow_perch__annual_v1,piercast-private-roster-v2-2026-09-12,false
manistee_mi,yellow_perch,32,2025-08-09,1.596774,manistee_mi__yellow_perch__annual_v1,piercast-private-roster-v2-2026-09-12,false
manistee_mi,yellow_perch,33,2025-08-16,1.500000,manistee_mi__yellow_perch__annual_v1,piercast-private-roster-v2-2026-09-12,false
manistee_mi,yellow_perch,34,2025-08-23,1.500000,manistee_mi__yellow_perch__annual_v1,piercast-private-roster-v2-2026-09-12,false
manistee_mi,yellow_perch,35,2025-08-30,1.500000,manistee_mi__yellow_perch__annual_v1,piercast-private-roster-v2-2026-09-12,false
manistee_mi,yellow_perch,36,2025-09-06,1.500000,manistee_mi__yellow_perch__annual_v1,piercast-private-roster-v2-2026-09-12,false
manistee_mi,yellow_perch,37,2025-09-13,1.500000,manistee_mi__yellow_perch__annual_v1,piercast-private-roster-v2-2026-09-12,false
manistee_mi,yellow_perch,38,2025-09-20,1.500000,manistee_mi__yellow_perch__annual_v1,piercast-private-roster-v2-2026-09-12,false
manistee_mi,yellow_perch,39,2025-09-27,1.500000,manistee_mi__yellow_perch__annual_v1,piercast-private-roster-v2-2026-09-12,false
manistee_mi,yellow_perch,40,2025-10-04,1.500000,manistee_mi__yellow_perch__annual_v1,piercast-private-roster-v2-2026-09-12,false
manistee_mi,yellow_perch,41,2025-10-11,1.500000,manistee_mi__yellow_perch__annual_v1,piercast-private-roster-v2-2026-09-12,false
manistee_mi,yellow_perch,42,2025-10-18,1.500000,manistee_mi__yellow_perch__annual_v1,piercast-private-roster-v2-2026-09-12,false
manistee_mi,yellow_perch,43,2025-10-25,1.500000,manistee_mi__yellow_perch__annual_v1,piercast-private-roster-v2-2026-09-12,false
manistee_mi,yellow_perch,44,2025-11-01,1.500000,manistee_mi__yellow_perch__annual_v1,piercast-private-roster-v2-2026-09-12,false
manistee_mi,yellow_perch,45,2025-11-08,1.500000,manistee_mi__yellow_perch__annual_v1,piercast-private-roster-v2-2026-09-12,false
manistee_mi,yellow_perch,46,2025-11-15,1.500000,manistee_mi__yellow_perch__annual_v1,piercast-private-roster-v2-2026-09-12,false
manistee_mi,yellow_perch,47,2025-11-22,1.500000,manistee_mi__yellow_perch__annual_v1,piercast-private-roster-v2-2026-09-12,false
manistee_mi,yellow_perch,48,2025-11-29,1.500000,manistee_mi__yellow_perch__annual_v1,piercast-private-roster-v2-2026-09-12,false
manistee_mi,yellow_perch,49,2025-12-06,1.500000,manistee_mi__yellow_perch__annual_v1,piercast-private-roster-v2-2026-09-12,false
manistee_mi,yellow_perch,50,2025-12-13,1.500000,manistee_mi__yellow_perch__annual_v1,piercast-private-roster-v2-2026-09-12,false
manistee_mi,yellow_perch,51,2025-12-20,1.500000,manistee_mi__yellow_perch__annual_v1,piercast-private-roster-v2-2026-09-12,false
manistee_mi,yellow_perch,52,2025-12-27,1.500000,manistee_mi__yellow_perch__annual_v1,piercast-private-roster-v2-2026-09-12,false
frankfort_elberta_mi,chinook_salmon,1,2025-01-04,1.000000,frankfort_elberta_mi__chinook_salmon__v0_4,piercast-private-roster-v2-2026-09-12,false
frankfort_elberta_mi,chinook_salmon,2,2025-01-11,1.000000,frankfort_elberta_mi__chinook_salmon__v0_4,piercast-private-roster-v2-2026-09-12,false
frankfort_elberta_mi,chinook_salmon,3,2025-01-18,1.006667,frankfort_elberta_mi__chinook_salmon__v0_4,piercast-private-roster-v2-2026-09-12,false
frankfort_elberta_mi,chinook_salmon,4,2025-01-25,1.022222,frankfort_elberta_mi__chinook_salmon__v0_4,piercast-private-roster-v2-2026-09-12,false
frankfort_elberta_mi,chinook_salmon,5,2025-02-01,1.037778,frankfort_elberta_mi__chinook_salmon__v0_4,piercast-private-roster-v2-2026-09-12,false
frankfort_elberta_mi,chinook_salmon,6,2025-02-08,1.053333,frankfort_elberta_mi__chinook_salmon__v0_4,piercast-private-roster-v2-2026-09-12,false
frankfort_elberta_mi,chinook_salmon,7,2025-02-15,1.068889,frankfort_elberta_mi__chinook_salmon__v0_4,piercast-private-roster-v2-2026-09-12,false
frankfort_elberta_mi,chinook_salmon,8,2025-02-22,1.084444,frankfort_elberta_mi__chinook_salmon__v0_4,piercast-private-roster-v2-2026-09-12,false
frankfort_elberta_mi,chinook_salmon,9,2025-03-01,1.100000,frankfort_elberta_mi__chinook_salmon__v0_4,piercast-private-roster-v2-2026-09-12,false
frankfort_elberta_mi,chinook_salmon,10,2025-03-08,1.115556,frankfort_elberta_mi__chinook_salmon__v0_4,piercast-private-roster-v2-2026-09-12,false
frankfort_elberta_mi,chinook_salmon,11,2025-03-15,1.131111,frankfort_elberta_mi__chinook_salmon__v0_4,piercast-private-roster-v2-2026-09-12,false
frankfort_elberta_mi,chinook_salmon,12,2025-03-22,1.146667,frankfort_elberta_mi__chinook_salmon__v0_4,piercast-private-roster-v2-2026-09-12,false
frankfort_elberta_mi,chinook_salmon,13,2025-03-29,1.162222,frankfort_elberta_mi__chinook_salmon__v0_4,piercast-private-roster-v2-2026-09-12,false
frankfort_elberta_mi,chinook_salmon,14,2025-04-05,1.177778,frankfort_elberta_mi__chinook_salmon__v0_4,piercast-private-roster-v2-2026-09-12,false
frankfort_elberta_mi,chinook_salmon,15,2025-04-12,1.193333,frankfort_elberta_mi__chinook_salmon__v0_4,piercast-private-roster-v2-2026-09-12,false
frankfort_elberta_mi,chinook_salmon,16,2025-04-19,1.371429,frankfort_elberta_mi__chinook_salmon__v0_4,piercast-private-roster-v2-2026-09-12,false
frankfort_elberta_mi,chinook_salmon,17,2025-04-26,1.671429,frankfort_elberta_mi__chinook_salmon__v0_4,piercast-private-roster-v2-2026-09-12,false
frankfort_elberta_mi,chinook_salmon,18,2025-05-03,1.971429,frankfort_elberta_mi__chinook_salmon__v0_4,piercast-private-roster-v2-2026-09-12,false
frankfort_elberta_mi,chinook_salmon,19,2025-05-10,2.271429,frankfort_elberta_mi__chinook_salmon__v0_4,piercast-private-roster-v2-2026-09-12,false
frankfort_elberta_mi,chinook_salmon,20,2025-05-17,2.571429,frankfort_elberta_mi__chinook_salmon__v0_4,piercast-private-roster-v2-2026-09-12,false
frankfort_elberta_mi,chinook_salmon,21,2025-05-24,2.857143,frankfort_elberta_mi__chinook_salmon__v0_4,piercast-private-roster-v2-2026-09-12,false
frankfort_elberta_mi,chinook_salmon,22,2025-05-31,3.132143,frankfort_elberta_mi__chinook_salmon__v0_4,piercast-private-roster-v2-2026-09-12,false
frankfort_elberta_mi,chinook_salmon,23,2025-06-07,3.407143,frankfort_elberta_mi__chinook_salmon__v0_4,piercast-private-roster-v2-2026-09-12,false
frankfort_elberta_mi,chinook_salmon,24,2025-06-14,3.682143,frankfort_elberta_mi__chinook_salmon__v0_4,piercast-private-roster-v2-2026-09-12,false
frankfort_elberta_mi,chinook_salmon,25,2025-06-21,4.150000,frankfort_elberta_mi__chinook_salmon__v0_4,piercast-private-roster-v2-2026-09-12,false
frankfort_elberta_mi,chinook_salmon,26,2025-06-28,4.656000,frankfort_elberta_mi__chinook_salmon__v0_4,piercast-private-roster-v2-2026-09-12,false
frankfort_elberta_mi,chinook_salmon,27,2025-07-05,5.020000,frankfort_elberta_mi__chinook_salmon__v0_4,piercast-private-roster-v2-2026-09-12,false
frankfort_elberta_mi,chinook_salmon,28,2025-07-12,5.384000,frankfort_elberta_mi__chinook_salmon__v0_4,piercast-private-roster-v2-2026-09-12,false
frankfort_elberta_mi,chinook_salmon,29,2025-07-19,5.748000,frankfort_elberta_mi__chinook_salmon__v0_4,piercast-private-roster-v2-2026-09-12,false
frankfort_elberta_mi,chinook_salmon,30,2025-07-26,6.625000,frankfort_elberta_mi__chinook_salmon__v0_4,piercast-private-roster-v2-2026-09-12,false
frankfort_elberta_mi,chinook_salmon,31,2025-08-02,7.587500,frankfort_elberta_mi__chinook_salmon__v0_4,piercast-private-roster-v2-2026-09-12,false
frankfort_elberta_mi,chinook_salmon,32,2025-08-09,8.618182,frankfort_elberta_mi__chinook_salmon__v0_4,piercast-private-roster-v2-2026-09-12,false
frankfort_elberta_mi,chinook_salmon,33,2025-08-16,9.700000,frankfort_elberta_mi__chinook_salmon__v0_4,piercast-private-roster-v2-2026-09-12,false
frankfort_elberta_mi,chinook_salmon,34,2025-08-23,9.509091,frankfort_elberta_mi__chinook_salmon__v0_4,piercast-private-roster-v2-2026-09-12,false
frankfort_elberta_mi,chinook_salmon,35,2025-08-30,9.357143,frankfort_elberta_mi__chinook_salmon__v0_4,piercast-private-roster-v2-2026-09-12,false
frankfort_elberta_mi,chinook_salmon,36,2025-09-06,9.257143,frankfort_elberta_mi__chinook_salmon__v0_4,piercast-private-roster-v2-2026-09-12,false
frankfort_elberta_mi,chinook_salmon,37,2025-09-13,8.825000,frankfort_elberta_mi__chinook_salmon__v0_4,piercast-private-roster-v2-2026-09-12,false
frankfort_elberta_mi,chinook_salmon,38,2025-09-20,7.950000,frankfort_elberta_mi__chinook_salmon__v0_4,piercast-private-roster-v2-2026-09-12,false
frankfort_elberta_mi,chinook_salmon,39,2025-09-27,6.936842,frankfort_elberta_mi__chinook_salmon__v0_4,piercast-private-roster-v2-2026-09-12,false
frankfort_elberta_mi,chinook_salmon,40,2025-10-04,5.094737,frankfort_elberta_mi__chinook_salmon__v0_4,piercast-private-roster-v2-2026-09-12,false
frankfort_elberta_mi,chinook_salmon,41,2025-10-11,3.252632,frankfort_elberta_mi__chinook_salmon__v0_4,piercast-private-roster-v2-2026-09-12,false
frankfort_elberta_mi,chinook_salmon,42,2025-10-18,2.083871,frankfort_elberta_mi__chinook_salmon__v0_4,piercast-private-roster-v2-2026-09-12,false
frankfort_elberta_mi,chinook_salmon,43,2025-10-25,1.812903,frankfort_elberta_mi__chinook_salmon__v0_4,piercast-private-roster-v2-2026-09-12,false
frankfort_elberta_mi,chinook_salmon,44,2025-11-01,1.541935,frankfort_elberta_mi__chinook_salmon__v0_4,piercast-private-roster-v2-2026-09-12,false
frankfort_elberta_mi,chinook_salmon,45,2025-11-08,1.270968,frankfort_elberta_mi__chinook_salmon__v0_4,piercast-private-roster-v2-2026-09-12,false
frankfort_elberta_mi,chinook_salmon,46,2025-11-15,1.000000,frankfort_elberta_mi__chinook_salmon__v0_4,piercast-private-roster-v2-2026-09-12,false
frankfort_elberta_mi,chinook_salmon,47,2025-11-22,1.000000,frankfort_elberta_mi__chinook_salmon__v0_4,piercast-private-roster-v2-2026-09-12,false
frankfort_elberta_mi,chinook_salmon,48,2025-11-29,1.000000,frankfort_elberta_mi__chinook_salmon__v0_4,piercast-private-roster-v2-2026-09-12,false
frankfort_elberta_mi,chinook_salmon,49,2025-12-06,1.000000,frankfort_elberta_mi__chinook_salmon__v0_4,piercast-private-roster-v2-2026-09-12,false
frankfort_elberta_mi,chinook_salmon,50,2025-12-13,1.000000,frankfort_elberta_mi__chinook_salmon__v0_4,piercast-private-roster-v2-2026-09-12,false
frankfort_elberta_mi,chinook_salmon,51,2025-12-20,1.000000,frankfort_elberta_mi__chinook_salmon__v0_4,piercast-private-roster-v2-2026-09-12,false
frankfort_elberta_mi,chinook_salmon,52,2025-12-27,1.000000,frankfort_elberta_mi__chinook_salmon__v0_4,piercast-private-roster-v2-2026-09-12,false
frankfort_elberta_mi,coho_salmon,1,2025-01-04,1.322222,frankfort_elberta_mi__coho_salmon__v0_4,piercast-private-roster-v2-2026-09-12,false
frankfort_elberta_mi,coho_salmon,2,2025-01-11,1.244444,frankfort_elberta_mi__coho_salmon__v0_4,piercast-private-roster-v2-2026-09-12,false
frankfort_elberta_mi,coho_salmon,3,2025-01-18,1.240678,frankfort_elberta_mi__coho_salmon__v0_4,piercast-private-roster-v2-2026-09-12,false
frankfort_elberta_mi,coho_salmon,4,2025-01-25,1.335593,frankfort_elberta_mi__coho_salmon__v0_4,piercast-private-roster-v2-2026-09-12,false
frankfort_elberta_mi,coho_salmon,5,2025-02-01,1.430508,frankfort_elberta_mi__coho_salmon__v0_4,piercast-private-roster-v2-2026-09-12,false
frankfort_elberta_mi,coho_salmon,6,2025-02-08,1.525424,frankfort_elberta_mi__coho_salmon__v0_4,piercast-private-roster-v2-2026-09-12,false
frankfort_elberta_mi,coho_salmon,7,2025-02-15,1.620339,frankfort_elberta_mi__coho_salmon__v0_4,piercast-private-roster-v2-2026-09-12,false
frankfort_elberta_mi,coho_salmon,8,2025-02-22,1.715254,frankfort_elberta_mi__coho_salmon__v0_4,piercast-private-roster-v2-2026-09-12,false
frankfort_elberta_mi,coho_salmon,9,2025-03-01,1.810169,frankfort_elberta_mi__coho_salmon__v0_4,piercast-private-roster-v2-2026-09-12,false
frankfort_elberta_mi,coho_salmon,10,2025-03-08,1.905085,frankfort_elberta_mi__coho_salmon__v0_4,piercast-private-roster-v2-2026-09-12,false
frankfort_elberta_mi,coho_salmon,11,2025-03-15,2.000000,frankfort_elberta_mi__coho_salmon__v0_4,piercast-private-roster-v2-2026-09-12,false
frankfort_elberta_mi,coho_salmon,12,2025-03-22,2.180645,frankfort_elberta_mi__coho_salmon__v0_4,piercast-private-roster-v2-2026-09-12,false
frankfort_elberta_mi,coho_salmon,13,2025-03-29,2.361290,frankfort_elberta_mi__coho_salmon__v0_4,piercast-private-roster-v2-2026-09-12,false
frankfort_elberta_mi,coho_salmon,14,2025-04-05,2.541935,frankfort_elberta_mi__coho_salmon__v0_4,piercast-private-roster-v2-2026-09-12,false
frankfort_elberta_mi,coho_salmon,15,2025-04-12,2.722581,frankfort_elberta_mi__coho_salmon__v0_4,piercast-private-roster-v2-2026-09-12,false
frankfort_elberta_mi,coho_salmon,16,2025-04-19,2.734426,frankfort_elberta_mi__coho_salmon__v0_4,piercast-private-roster-v2-2026-09-12,false
frankfort_elberta_mi,coho_salmon,17,2025-04-26,2.619672,frankfort_elberta_mi__coho_salmon__v0_4,piercast-private-roster-v2-2026-09-12,false
frankfort_elberta_mi,coho_salmon,18,2025-05-03,2.504918,frankfort_elberta_mi__coho_salmon__v0_4,piercast-private-roster-v2-2026-09-12,false
frankfort_elberta_mi,coho_salmon,19,2025-05-10,2.390164,frankfort_elberta_mi__coho_salmon__v0_4,piercast-private-roster-v2-2026-09-12,false
frankfort_elberta_mi,coho_salmon,20,2025-05-17,2.275410,frankfort_elberta_mi__coho_salmon__v0_4,piercast-private-roster-v2-2026-09-12,false
frankfort_elberta_mi,coho_salmon,21,2025-05-24,2.160656,frankfort_elberta_mi__coho_salmon__v0_4,piercast-private-roster-v2-2026-09-12,false
frankfort_elberta_mi,coho_salmon,22,2025-05-31,2.045902,frankfort_elberta_mi__coho_salmon__v0_4,piercast-private-roster-v2-2026-09-12,false
frankfort_elberta_mi,coho_salmon,23,2025-06-07,1.931148,frankfort_elberta_mi__coho_salmon__v0_4,piercast-private-roster-v2-2026-09-12,false
frankfort_elberta_mi,coho_salmon,24,2025-06-14,1.816393,frankfort_elberta_mi__coho_salmon__v0_4,piercast-private-roster-v2-2026-09-12,false
frankfort_elberta_mi,coho_salmon,25,2025-06-21,2.225806,frankfort_elberta_mi__coho_salmon__v0_4,piercast-private-roster-v2-2026-09-12,false
frankfort_elberta_mi,coho_salmon,26,2025-06-28,2.722581,frankfort_elberta_mi__coho_salmon__v0_4,piercast-private-roster-v2-2026-09-12,false
frankfort_elberta_mi,coho_salmon,27,2025-07-05,3.219355,frankfort_elberta_mi__coho_salmon__v0_4,piercast-private-roster-v2-2026-09-12,false
frankfort_elberta_mi,coho_salmon,28,2025-07-12,3.716129,frankfort_elberta_mi__coho_salmon__v0_4,piercast-private-roster-v2-2026-09-12,false
frankfort_elberta_mi,coho_salmon,29,2025-07-19,4.212903,frankfort_elberta_mi__coho_salmon__v0_4,piercast-private-roster-v2-2026-09-12,false
frankfort_elberta_mi,coho_salmon,30,2025-07-26,4.709677,frankfort_elberta_mi__coho_salmon__v0_4,piercast-private-roster-v2-2026-09-12,false
frankfort_elberta_mi,coho_salmon,31,2025-08-02,5.206452,frankfort_elberta_mi__coho_salmon__v0_4,piercast-private-roster-v2-2026-09-12,false
frankfort_elberta_mi,coho_salmon,32,2025-08-09,5.703226,frankfort_elberta_mi__coho_salmon__v0_4,piercast-private-roster-v2-2026-09-12,false
frankfort_elberta_mi,coho_salmon,33,2025-08-16,6.200000,frankfort_elberta_mi__coho_salmon__v0_4,piercast-private-roster-v2-2026-09-12,false
frankfort_elberta_mi,coho_salmon,34,2025-08-23,6.760000,frankfort_elberta_mi__coho_salmon__v0_4,piercast-private-roster-v2-2026-09-12,false
frankfort_elberta_mi,coho_salmon,35,2025-08-30,7.320000,frankfort_elberta_mi__coho_salmon__v0_4,piercast-private-roster-v2-2026-09-12,false
frankfort_elberta_mi,coho_salmon,36,2025-09-06,7.880000,frankfort_elberta_mi__coho_salmon__v0_4,piercast-private-roster-v2-2026-09-12,false
frankfort_elberta_mi,coho_salmon,37,2025-09-13,8.440000,frankfort_elberta_mi__coho_salmon__v0_4,piercast-private-roster-v2-2026-09-12,false
frankfort_elberta_mi,coho_salmon,38,2025-09-20,8.250000,frankfort_elberta_mi__coho_salmon__v0_4,piercast-private-roster-v2-2026-09-12,false
frankfort_elberta_mi,coho_salmon,39,2025-09-27,7.760000,frankfort_elberta_mi__coho_salmon__v0_4,piercast-private-roster-v2-2026-09-12,false
frankfort_elberta_mi,coho_salmon,40,2025-10-04,7.270000,frankfort_elberta_mi__coho_salmon__v0_4,piercast-private-roster-v2-2026-09-12,false
frankfort_elberta_mi,coho_salmon,41,2025-10-11,6.777778,frankfort_elberta_mi__coho_salmon__v0_4,piercast-private-roster-v2-2026-09-12,false
frankfort_elberta_mi,coho_salmon,42,2025-10-18,6.285185,frankfort_elberta_mi__coho_salmon__v0_4,piercast-private-roster-v2-2026-09-12,false
frankfort_elberta_mi,coho_salmon,43,2025-10-25,5.792593,frankfort_elberta_mi__coho_salmon__v0_4,piercast-private-roster-v2-2026-09-12,false
frankfort_elberta_mi,coho_salmon,44,2025-11-01,5.300000,frankfort_elberta_mi__coho_salmon__v0_4,piercast-private-roster-v2-2026-09-12,false
frankfort_elberta_mi,coho_salmon,45,2025-11-08,4.460000,frankfort_elberta_mi__coho_salmon__v0_4,piercast-private-roster-v2-2026-09-12,false
frankfort_elberta_mi,coho_salmon,46,2025-11-15,3.620000,frankfort_elberta_mi__coho_salmon__v0_4,piercast-private-roster-v2-2026-09-12,false
frankfort_elberta_mi,coho_salmon,47,2025-11-22,2.780000,frankfort_elberta_mi__coho_salmon__v0_4,piercast-private-roster-v2-2026-09-12,false
frankfort_elberta_mi,coho_salmon,48,2025-11-29,1.940000,frankfort_elberta_mi__coho_salmon__v0_4,piercast-private-roster-v2-2026-09-12,false
frankfort_elberta_mi,coho_salmon,49,2025-12-06,1.644444,frankfort_elberta_mi__coho_salmon__v0_4,piercast-private-roster-v2-2026-09-12,false
frankfort_elberta_mi,coho_salmon,50,2025-12-13,1.566667,frankfort_elberta_mi__coho_salmon__v0_4,piercast-private-roster-v2-2026-09-12,false
frankfort_elberta_mi,coho_salmon,51,2025-12-20,1.488889,frankfort_elberta_mi__coho_salmon__v0_4,piercast-private-roster-v2-2026-09-12,false
frankfort_elberta_mi,coho_salmon,52,2025-12-27,1.411111,frankfort_elberta_mi__coho_salmon__v0_4,piercast-private-roster-v2-2026-09-12,false
frankfort_elberta_mi,steelhead,1,2025-01-04,4.000000,frankfort_elberta_mi__steelhead__v0_4,piercast-private-roster-v2-2026-09-12,false
frankfort_elberta_mi,steelhead,2,2025-01-11,4.000000,frankfort_elberta_mi__steelhead__v0_4,piercast-private-roster-v2-2026-09-12,false
frankfort_elberta_mi,steelhead,3,2025-01-18,4.111111,frankfort_elberta_mi__steelhead__v0_4,piercast-private-roster-v2-2026-09-12,false
frankfort_elberta_mi,steelhead,4,2025-01-25,4.370370,frankfort_elberta_mi__steelhead__v0_4,piercast-private-roster-v2-2026-09-12,false
frankfort_elberta_mi,steelhead,5,2025-02-01,4.629630,frankfort_elberta_mi__steelhead__v0_4,piercast-private-roster-v2-2026-09-12,false
frankfort_elberta_mi,steelhead,6,2025-02-08,4.888889,frankfort_elberta_mi__steelhead__v0_4,piercast-private-roster-v2-2026-09-12,false
frankfort_elberta_mi,steelhead,7,2025-02-15,5.148148,frankfort_elberta_mi__steelhead__v0_4,piercast-private-roster-v2-2026-09-12,false
frankfort_elberta_mi,steelhead,8,2025-02-22,5.407407,frankfort_elberta_mi__steelhead__v0_4,piercast-private-roster-v2-2026-09-12,false
frankfort_elberta_mi,steelhead,9,2025-03-01,5.666667,frankfort_elberta_mi__steelhead__v0_4,piercast-private-roster-v2-2026-09-12,false
frankfort_elberta_mi,steelhead,10,2025-03-08,5.925926,frankfort_elberta_mi__steelhead__v0_4,piercast-private-roster-v2-2026-09-12,false
frankfort_elberta_mi,steelhead,11,2025-03-15,6.217391,frankfort_elberta_mi__steelhead__v0_4,piercast-private-roster-v2-2026-09-12,false
frankfort_elberta_mi,steelhead,12,2025-03-22,6.521739,frankfort_elberta_mi__steelhead__v0_4,piercast-private-roster-v2-2026-09-12,false
frankfort_elberta_mi,steelhead,13,2025-03-29,6.826087,frankfort_elberta_mi__steelhead__v0_4,piercast-private-roster-v2-2026-09-12,false
frankfort_elberta_mi,steelhead,14,2025-04-05,6.781818,frankfort_elberta_mi__steelhead__v0_4,piercast-private-roster-v2-2026-09-12,false
frankfort_elberta_mi,steelhead,15,2025-04-12,6.272727,frankfort_elberta_mi__steelhead__v0_4,piercast-private-roster-v2-2026-09-12,false
frankfort_elberta_mi,steelhead,16,2025-04-19,5.763636,frankfort_elberta_mi__steelhead__v0_4,piercast-private-roster-v2-2026-09-12,false
frankfort_elberta_mi,steelhead,17,2025-04-26,5.322581,frankfort_elberta_mi__steelhead__v0_4,piercast-private-roster-v2-2026-09-12,false
frankfort_elberta_mi,steelhead,18,2025-05-03,5.051613,frankfort_elberta_mi__steelhead__v0_4,piercast-private-roster-v2-2026-09-12,false
frankfort_elberta_mi,steelhead,19,2025-05-10,4.780645,frankfort_elberta_mi__steelhead__v0_4,piercast-private-roster-v2-2026-09-12,false
frankfort_elberta_mi,steelhead,20,2025-05-17,4.509677,frankfort_elberta_mi__steelhead__v0_4,piercast-private-roster-v2-2026-09-12,false
frankfort_elberta_mi,steelhead,21,2025-05-24,4.238710,frankfort_elberta_mi__steelhead__v0_4,piercast-private-roster-v2-2026-09-12,false
frankfort_elberta_mi,steelhead,22,2025-05-31,4.317647,frankfort_elberta_mi__steelhead__v0_4,piercast-private-roster-v2-2026-09-12,false
frankfort_elberta_mi,steelhead,23,2025-06-07,4.454902,frankfort_elberta_mi__steelhead__v0_4,piercast-private-roster-v2-2026-09-12,false
frankfort_elberta_mi,steelhead,24,2025-06-14,4.592157,frankfort_elberta_mi__steelhead__v0_4,piercast-private-roster-v2-2026-09-12,false
frankfort_elberta_mi,steelhead,25,2025-06-21,4.729412,frankfort_elberta_mi__steelhead__v0_4,piercast-private-roster-v2-2026-09-12,false
frankfort_elberta_mi,steelhead,26,2025-06-28,4.866667,frankfort_elberta_mi__steelhead__v0_4,piercast-private-roster-v2-2026-09-12,false
frankfort_elberta_mi,steelhead,27,2025-07-05,5.003922,frankfort_elberta_mi__steelhead__v0_4,piercast-private-roster-v2-2026-09-12,false
frankfort_elberta_mi,steelhead,28,2025-07-12,5.141176,frankfort_elberta_mi__steelhead__v0_4,piercast-private-roster-v2-2026-09-12,false
frankfort_elberta_mi,steelhead,29,2025-07-19,5.098507,frankfort_elberta_mi__steelhead__v0_4,piercast-private-roster-v2-2026-09-12,false
frankfort_elberta_mi,steelhead,30,2025-07-26,4.920896,frankfort_elberta_mi__steelhead__v0_4,piercast-private-roster-v2-2026-09-12,false
frankfort_elberta_mi,steelhead,31,2025-08-02,4.743284,frankfort_elberta_mi__steelhead__v0_4,piercast-private-roster-v2-2026-09-12,false
frankfort_elberta_mi,steelhead,32,2025-08-09,4.565672,frankfort_elberta_mi__steelhead__v0_4,piercast-private-roster-v2-2026-09-12,false
frankfort_elberta_mi,steelhead,33,2025-08-16,4.388060,frankfort_elberta_mi__steelhead__v0_4,piercast-private-roster-v2-2026-09-12,false
frankfort_elberta_mi,steelhead,34,2025-08-23,4.210448,frankfort_elberta_mi__steelhead__v0_4,piercast-private-roster-v2-2026-09-12,false
frankfort_elberta_mi,steelhead,35,2025-08-30,4.032836,frankfort_elberta_mi__steelhead__v0_4,piercast-private-roster-v2-2026-09-12,false
frankfort_elberta_mi,steelhead,36,2025-09-06,3.855224,frankfort_elberta_mi__steelhead__v0_4,piercast-private-roster-v2-2026-09-12,false
frankfort_elberta_mi,steelhead,37,2025-09-13,3.677612,frankfort_elberta_mi__steelhead__v0_4,piercast-private-roster-v2-2026-09-12,false
frankfort_elberta_mi,steelhead,38,2025-09-20,3.500000,frankfort_elberta_mi__steelhead__v0_4,piercast-private-roster-v2-2026-09-12,false
frankfort_elberta_mi,steelhead,39,2025-09-27,5.196154,frankfort_elberta_mi__steelhead__v0_4,piercast-private-roster-v2-2026-09-12,false
frankfort_elberta_mi,steelhead,40,2025-10-04,6.892308,frankfort_elberta_mi__steelhead__v0_4,piercast-private-roster-v2-2026-09-12,false
frankfort_elberta_mi,steelhead,41,2025-10-11,8.588462,frankfort_elberta_mi__steelhead__v0_4,piercast-private-roster-v2-2026-09-12,false
frankfort_elberta_mi,steelhead,42,2025-10-18,9.575000,frankfort_elberta_mi__steelhead__v0_4,piercast-private-roster-v2-2026-09-12,false
frankfort_elberta_mi,steelhead,43,2025-10-25,8.787500,frankfort_elberta_mi__steelhead__v0_4,piercast-private-roster-v2-2026-09-12,false
frankfort_elberta_mi,steelhead,44,2025-11-01,8.000000,frankfort_elberta_mi__steelhead__v0_4,piercast-private-roster-v2-2026-09-12,false
frankfort_elberta_mi,steelhead,45,2025-11-08,7.183333,frankfort_elberta_mi__steelhead__v0_4,piercast-private-roster-v2-2026-09-12,false
frankfort_elberta_mi,steelhead,46,2025-11-15,6.366667,frankfort_elberta_mi__steelhead__v0_4,piercast-private-roster-v2-2026-09-12,false
frankfort_elberta_mi,steelhead,47,2025-11-22,5.550000,frankfort_elberta_mi__steelhead__v0_4,piercast-private-roster-v2-2026-09-12,false
frankfort_elberta_mi,steelhead,48,2025-11-29,5.066667,frankfort_elberta_mi__steelhead__v0_4,piercast-private-roster-v2-2026-09-12,false
frankfort_elberta_mi,steelhead,49,2025-12-06,4.833333,frankfort_elberta_mi__steelhead__v0_4,piercast-private-roster-v2-2026-09-12,false
frankfort_elberta_mi,steelhead,50,2025-12-13,4.600000,frankfort_elberta_mi__steelhead__v0_4,piercast-private-roster-v2-2026-09-12,false
frankfort_elberta_mi,steelhead,51,2025-12-20,4.366667,frankfort_elberta_mi__steelhead__v0_4,piercast-private-roster-v2-2026-09-12,false
frankfort_elberta_mi,steelhead,52,2025-12-27,4.133333,frankfort_elberta_mi__steelhead__v0_4,piercast-private-roster-v2-2026-09-12,false
frankfort_elberta_mi,brown_trout,1,2025-01-04,4.300000,frankfort_elberta_mi__brown_trout__v0_4,piercast-private-roster-v2-2026-09-12,false
frankfort_elberta_mi,brown_trout,2,2025-01-11,4.300000,frankfort_elberta_mi__brown_trout__v0_4,piercast-private-roster-v2-2026-09-12,false
frankfort_elberta_mi,brown_trout,3,2025-01-18,4.394444,frankfort_elberta_mi__brown_trout__v0_4,piercast-private-roster-v2-2026-09-12,false
frankfort_elberta_mi,brown_trout,4,2025-01-25,4.614815,frankfort_elberta_mi__brown_trout__v0_4,piercast-private-roster-v2-2026-09-12,false
frankfort_elberta_mi,brown_trout,5,2025-02-01,4.835185,frankfort_elberta_mi__brown_trout__v0_4,piercast-private-roster-v2-2026-09-12,false
frankfort_elberta_mi,brown_trout,6,2025-02-08,5.055556,frankfort_elberta_mi__brown_trout__v0_4,piercast-private-roster-v2-2026-09-12,false
frankfort_elberta_mi,brown_trout,7,2025-02-15,5.275926,frankfort_elberta_mi__brown_trout__v0_4,piercast-private-roster-v2-2026-09-12,false
frankfort_elberta_mi,brown_trout,8,2025-02-22,5.496296,frankfort_elberta_mi__brown_trout__v0_4,piercast-private-roster-v2-2026-09-12,false
frankfort_elberta_mi,brown_trout,9,2025-03-01,5.716667,frankfort_elberta_mi__brown_trout__v0_4,piercast-private-roster-v2-2026-09-12,false
frankfort_elberta_mi,brown_trout,10,2025-03-08,5.937037,frankfort_elberta_mi__brown_trout__v0_4,piercast-private-roster-v2-2026-09-12,false
frankfort_elberta_mi,brown_trout,11,2025-03-15,6.288462,frankfort_elberta_mi__brown_trout__v0_4,piercast-private-roster-v2-2026-09-12,false
frankfort_elberta_mi,brown_trout,12,2025-03-22,6.692308,frankfort_elberta_mi__brown_trout__v0_4,piercast-private-roster-v2-2026-09-12,false
frankfort_elberta_mi,brown_trout,13,2025-03-29,7.096154,frankfort_elberta_mi__brown_trout__v0_4,piercast-private-roster-v2-2026-09-12,false
frankfort_elberta_mi,brown_trout,14,2025-04-05,7.500000,frankfort_elberta_mi__brown_trout__v0_4,piercast-private-roster-v2-2026-09-12,false
frankfort_elberta_mi,brown_trout,15,2025-04-12,7.400000,frankfort_elberta_mi__brown_trout__v0_4,piercast-private-roster-v2-2026-09-12,false
frankfort_elberta_mi,brown_trout,16,2025-04-19,7.300000,frankfort_elberta_mi__brown_trout__v0_4,piercast-private-roster-v2-2026-09-12,false
frankfort_elberta_mi,brown_trout,17,2025-04-26,7.200000,frankfort_elberta_mi__brown_trout__v0_4,piercast-private-roster-v2-2026-09-12,false
frankfort_elberta_mi,brown_trout,18,2025-05-03,7.100000,frankfort_elberta_mi__brown_trout__v0_4,piercast-private-roster-v2-2026-09-12,false
frankfort_elberta_mi,brown_trout,19,2025-05-10,7.000000,frankfort_elberta_mi__brown_trout__v0_4,piercast-private-roster-v2-2026-09-12,false
frankfort_elberta_mi,brown_trout,20,2025-05-17,6.619565,frankfort_elberta_mi__brown_trout__v0_4,piercast-private-roster-v2-2026-09-12,false
frankfort_elberta_mi,brown_trout,21,2025-05-24,6.239130,frankfort_elberta_mi__brown_trout__v0_4,piercast-private-roster-v2-2026-09-12,false
frankfort_elberta_mi,brown_trout,22,2025-05-31,5.858696,frankfort_elberta_mi__brown_trout__v0_4,piercast-private-roster-v2-2026-09-12,false
frankfort_elberta_mi,brown_trout,23,2025-06-07,5.478261,frankfort_elberta_mi__brown_trout__v0_4,piercast-private-roster-v2-2026-09-12,false
frankfort_elberta_mi,brown_trout,24,2025-06-14,5.097826,frankfort_elberta_mi__brown_trout__v0_4,piercast-private-roster-v2-2026-09-12,false
frankfort_elberta_mi,brown_trout,25,2025-06-21,4.717391,frankfort_elberta_mi__brown_trout__v0_4,piercast-private-roster-v2-2026-09-12,false
frankfort_elberta_mi,brown_trout,26,2025-06-28,4.380000,frankfort_elberta_mi__brown_trout__v0_4,piercast-private-roster-v2-2026-09-12,false
frankfort_elberta_mi,brown_trout,27,2025-07-05,4.100000,frankfort_elberta_mi__brown_trout__v0_4,piercast-private-roster-v2-2026-09-12,false
frankfort_elberta_mi,brown_trout,28,2025-07-12,3.820000,frankfort_elberta_mi__brown_trout__v0_4,piercast-private-roster-v2-2026-09-12,false
frankfort_elberta_mi,brown_trout,29,2025-07-19,3.540000,frankfort_elberta_mi__brown_trout__v0_4,piercast-private-roster-v2-2026-09-12,false
frankfort_elberta_mi,brown_trout,30,2025-07-26,3.193023,frankfort_elberta_mi__brown_trout__v0_4,piercast-private-roster-v2-2026-09-12,false
frankfort_elberta_mi,brown_trout,31,2025-08-02,2.834884,frankfort_elberta_mi__brown_trout__v0_4,piercast-private-roster-v2-2026-09-12,false
frankfort_elberta_mi,brown_trout,32,2025-08-09,2.476744,frankfort_elberta_mi__brown_trout__v0_4,piercast-private-roster-v2-2026-09-12,false
frankfort_elberta_mi,brown_trout,33,2025-08-16,2.118605,frankfort_elberta_mi__brown_trout__v0_4,piercast-private-roster-v2-2026-09-12,false
frankfort_elberta_mi,brown_trout,34,2025-08-23,1.760465,frankfort_elberta_mi__brown_trout__v0_4,piercast-private-roster-v2-2026-09-12,false
frankfort_elberta_mi,brown_trout,35,2025-08-30,1.402326,frankfort_elberta_mi__brown_trout__v0_4,piercast-private-roster-v2-2026-09-12,false
frankfort_elberta_mi,brown_trout,36,2025-09-06,1.470455,frankfort_elberta_mi__brown_trout__v0_4,piercast-private-roster-v2-2026-09-12,false
frankfort_elberta_mi,brown_trout,37,2025-09-13,1.709091,frankfort_elberta_mi__brown_trout__v0_4,piercast-private-roster-v2-2026-09-12,false
frankfort_elberta_mi,brown_trout,38,2025-09-20,1.947727,frankfort_elberta_mi__brown_trout__v0_4,piercast-private-roster-v2-2026-09-12,false
frankfort_elberta_mi,brown_trout,39,2025-09-27,2.186364,frankfort_elberta_mi__brown_trout__v0_4,piercast-private-roster-v2-2026-09-12,false
frankfort_elberta_mi,brown_trout,40,2025-10-04,2.425000,frankfort_elberta_mi__brown_trout__v0_4,piercast-private-roster-v2-2026-09-12,false
frankfort_elberta_mi,brown_trout,41,2025-10-11,2.663636,frankfort_elberta_mi__brown_trout__v0_4,piercast-private-roster-v2-2026-09-12,false
frankfort_elberta_mi,brown_trout,42,2025-10-18,2.833333,frankfort_elberta_mi__brown_trout__v0_4,piercast-private-roster-v2-2026-09-12,false
frankfort_elberta_mi,brown_trout,43,2025-10-25,2.911111,frankfort_elberta_mi__brown_trout__v0_4,piercast-private-roster-v2-2026-09-12,false
frankfort_elberta_mi,brown_trout,44,2025-11-01,2.988889,frankfort_elberta_mi__brown_trout__v0_4,piercast-private-roster-v2-2026-09-12,false
frankfort_elberta_mi,brown_trout,45,2025-11-08,3.066667,frankfort_elberta_mi__brown_trout__v0_4,piercast-private-roster-v2-2026-09-12,false
frankfort_elberta_mi,brown_trout,46,2025-11-15,3.144444,frankfort_elberta_mi__brown_trout__v0_4,piercast-private-roster-v2-2026-09-12,false
frankfort_elberta_mi,brown_trout,47,2025-11-22,3.253659,frankfort_elberta_mi__brown_trout__v0_4,piercast-private-roster-v2-2026-09-12,false
frankfort_elberta_mi,brown_trout,48,2025-11-29,3.441463,frankfort_elberta_mi__brown_trout__v0_4,piercast-private-roster-v2-2026-09-12,false
frankfort_elberta_mi,brown_trout,49,2025-12-06,3.629268,frankfort_elberta_mi__brown_trout__v0_4,piercast-private-roster-v2-2026-09-12,false
frankfort_elberta_mi,brown_trout,50,2025-12-13,3.817073,frankfort_elberta_mi__brown_trout__v0_4,piercast-private-roster-v2-2026-09-12,false
frankfort_elberta_mi,brown_trout,51,2025-12-20,4.004878,frankfort_elberta_mi__brown_trout__v0_4,piercast-private-roster-v2-2026-09-12,false
frankfort_elberta_mi,brown_trout,52,2025-12-27,4.192683,frankfort_elberta_mi__brown_trout__v0_4,piercast-private-roster-v2-2026-09-12,false
sheboygan_wi,chinook_salmon,1,2025-01-04,1.000000,sheboygan_wi__chinook_salmon__v0_4,piercast-private-roster-v2-2026-09-12,false
sheboygan_wi,chinook_salmon,2,2025-01-11,1.000000,sheboygan_wi__chinook_salmon__v0_4,piercast-private-roster-v2-2026-09-12,false
sheboygan_wi,chinook_salmon,3,2025-01-18,1.010000,sheboygan_wi__chinook_salmon__v0_4,piercast-private-roster-v2-2026-09-12,false
sheboygan_wi,chinook_salmon,4,2025-01-25,1.033333,sheboygan_wi__chinook_salmon__v0_4,piercast-private-roster-v2-2026-09-12,false
sheboygan_wi,chinook_salmon,5,2025-02-01,1.056667,sheboygan_wi__chinook_salmon__v0_4,piercast-private-roster-v2-2026-09-12,false
sheboygan_wi,chinook_salmon,6,2025-02-08,1.080000,sheboygan_wi__chinook_salmon__v0_4,piercast-private-roster-v2-2026-09-12,false
sheboygan_wi,chinook_salmon,7,2025-02-15,1.103333,sheboygan_wi__chinook_salmon__v0_4,piercast-private-roster-v2-2026-09-12,false
sheboygan_wi,chinook_salmon,8,2025-02-22,1.126667,sheboygan_wi__chinook_salmon__v0_4,piercast-private-roster-v2-2026-09-12,false
sheboygan_wi,chinook_salmon,9,2025-03-01,1.150000,sheboygan_wi__chinook_salmon__v0_4,piercast-private-roster-v2-2026-09-12,false
sheboygan_wi,chinook_salmon,10,2025-03-08,1.173333,sheboygan_wi__chinook_salmon__v0_4,piercast-private-roster-v2-2026-09-12,false
sheboygan_wi,chinook_salmon,11,2025-03-15,1.196667,sheboygan_wi__chinook_salmon__v0_4,piercast-private-roster-v2-2026-09-12,false
sheboygan_wi,chinook_salmon,12,2025-03-22,1.220000,sheboygan_wi__chinook_salmon__v0_4,piercast-private-roster-v2-2026-09-12,false
sheboygan_wi,chinook_salmon,13,2025-03-29,1.243333,sheboygan_wi__chinook_salmon__v0_4,piercast-private-roster-v2-2026-09-12,false
sheboygan_wi,chinook_salmon,14,2025-04-05,1.266667,sheboygan_wi__chinook_salmon__v0_4,piercast-private-roster-v2-2026-09-12,false
sheboygan_wi,chinook_salmon,15,2025-04-12,1.290000,sheboygan_wi__chinook_salmon__v0_4,piercast-private-roster-v2-2026-09-12,false
sheboygan_wi,chinook_salmon,16,2025-04-19,1.313333,sheboygan_wi__chinook_salmon__v0_4,piercast-private-roster-v2-2026-09-12,false
sheboygan_wi,chinook_salmon,17,2025-04-26,1.336667,sheboygan_wi__chinook_salmon__v0_4,piercast-private-roster-v2-2026-09-12,false
sheboygan_wi,chinook_salmon,18,2025-05-03,1.360000,sheboygan_wi__chinook_salmon__v0_4,piercast-private-roster-v2-2026-09-12,false
sheboygan_wi,chinook_salmon,19,2025-05-10,1.383333,sheboygan_wi__chinook_salmon__v0_4,piercast-private-roster-v2-2026-09-12,false
sheboygan_wi,chinook_salmon,20,2025-05-17,1.461111,sheboygan_wi__chinook_salmon__v0_4,piercast-private-roster-v2-2026-09-12,false
sheboygan_wi,chinook_salmon,21,2025-05-24,1.675000,sheboygan_wi__chinook_salmon__v0_4,piercast-private-roster-v2-2026-09-12,false
sheboygan_wi,chinook_salmon,22,2025-05-31,1.888889,sheboygan_wi__chinook_salmon__v0_4,piercast-private-roster-v2-2026-09-12,false
sheboygan_wi,chinook_salmon,23,2025-06-07,2.102778,sheboygan_wi__chinook_salmon__v0_4,piercast-private-roster-v2-2026-09-12,false
sheboygan_wi,chinook_salmon,24,2025-06-14,2.316667,sheboygan_wi__chinook_salmon__v0_4,piercast-private-roster-v2-2026-09-12,false
sheboygan_wi,chinook_salmon,25,2025-06-21,2.576667,sheboygan_wi__chinook_salmon__v0_4,piercast-private-roster-v2-2026-09-12,false
sheboygan_wi,chinook_salmon,26,2025-06-28,3.113333,sheboygan_wi__chinook_salmon__v0_4,piercast-private-roster-v2-2026-09-12,false
sheboygan_wi,chinook_salmon,27,2025-07-05,3.650000,sheboygan_wi__chinook_salmon__v0_4,piercast-private-roster-v2-2026-09-12,false
sheboygan_wi,chinook_salmon,28,2025-07-12,4.186667,sheboygan_wi__chinook_salmon__v0_4,piercast-private-roster-v2-2026-09-12,false
sheboygan_wi,chinook_salmon,29,2025-07-19,4.723333,sheboygan_wi__chinook_salmon__v0_4,piercast-private-roster-v2-2026-09-12,false
sheboygan_wi,chinook_salmon,30,2025-07-26,5.625000,sheboygan_wi__chinook_salmon__v0_4,piercast-private-roster-v2-2026-09-12,false
sheboygan_wi,chinook_salmon,31,2025-08-02,6.587500,sheboygan_wi__chinook_salmon__v0_4,piercast-private-roster-v2-2026-09-12,false
sheboygan_wi,chinook_salmon,32,2025-08-09,7.492308,sheboygan_wi__chinook_salmon__v0_4,piercast-private-roster-v2-2026-09-12,false
sheboygan_wi,chinook_salmon,33,2025-08-16,8.353846,sheboygan_wi__chinook_salmon__v0_4,piercast-private-roster-v2-2026-09-12,false
sheboygan_wi,chinook_salmon,34,2025-08-23,8.984615,sheboygan_wi__chinook_salmon__v0_4,piercast-private-roster-v2-2026-09-12,false
sheboygan_wi,chinook_salmon,35,2025-08-30,9.523077,sheboygan_wi__chinook_salmon__v0_4,piercast-private-roster-v2-2026-09-12,false
sheboygan_wi,chinook_salmon,36,2025-09-06,9.200000,sheboygan_wi__chinook_salmon__v0_4,piercast-private-roster-v2-2026-09-12,false
sheboygan_wi,chinook_salmon,37,2025-09-13,8.652632,sheboygan_wi__chinook_salmon__v0_4,piercast-private-roster-v2-2026-09-12,false
sheboygan_wi,chinook_salmon,38,2025-09-20,7.621053,sheboygan_wi__chinook_salmon__v0_4,piercast-private-roster-v2-2026-09-12,false
sheboygan_wi,chinook_salmon,39,2025-09-27,6.589474,sheboygan_wi__chinook_salmon__v0_4,piercast-private-roster-v2-2026-09-12,false
sheboygan_wi,chinook_salmon,40,2025-10-04,5.630000,sheboygan_wi__chinook_salmon__v0_4,piercast-private-roster-v2-2026-09-12,false
sheboygan_wi,chinook_salmon,41,2025-10-11,4.766667,sheboygan_wi__chinook_salmon__v0_4,piercast-private-roster-v2-2026-09-12,false
sheboygan_wi,chinook_salmon,42,2025-10-18,3.903333,sheboygan_wi__chinook_salmon__v0_4,piercast-private-roster-v2-2026-09-12,false
sheboygan_wi,chinook_salmon,43,2025-10-25,3.040000,sheboygan_wi__chinook_salmon__v0_4,piercast-private-roster-v2-2026-09-12,false
sheboygan_wi,chinook_salmon,44,2025-11-01,2.271111,sheboygan_wi__chinook_salmon__v0_4,piercast-private-roster-v2-2026-09-12,false
sheboygan_wi,chinook_salmon,45,2025-11-08,2.068889,sheboygan_wi__chinook_salmon__v0_4,piercast-private-roster-v2-2026-09-12,false
sheboygan_wi,chinook_salmon,46,2025-11-15,1.866667,sheboygan_wi__chinook_salmon__v0_4,piercast-private-roster-v2-2026-09-12,false
sheboygan_wi,chinook_salmon,47,2025-11-22,1.664444,sheboygan_wi__chinook_salmon__v0_4,piercast-private-roster-v2-2026-09-12,false
sheboygan_wi,chinook_salmon,48,2025-11-29,1.462222,sheboygan_wi__chinook_salmon__v0_4,piercast-private-roster-v2-2026-09-12,false
sheboygan_wi,chinook_salmon,49,2025-12-06,1.260000,sheboygan_wi__chinook_salmon__v0_4,piercast-private-roster-v2-2026-09-12,false
sheboygan_wi,chinook_salmon,50,2025-12-13,1.057778,sheboygan_wi__chinook_salmon__v0_4,piercast-private-roster-v2-2026-09-12,false
sheboygan_wi,chinook_salmon,51,2025-12-20,1.000000,sheboygan_wi__chinook_salmon__v0_4,piercast-private-roster-v2-2026-09-12,false
sheboygan_wi,chinook_salmon,52,2025-12-27,1.000000,sheboygan_wi__chinook_salmon__v0_4,piercast-private-roster-v2-2026-09-12,false
sheboygan_wi,coho_salmon,1,2025-01-04,1.200000,sheboygan_wi__coho_salmon__v0_4,piercast-private-roster-v2-2026-09-12,false
sheboygan_wi,coho_salmon,2,2025-01-11,1.200000,sheboygan_wi__coho_salmon__v0_4,piercast-private-roster-v2-2026-09-12,false
sheboygan_wi,coho_salmon,3,2025-01-18,1.403390,sheboygan_wi__coho_salmon__v0_4,piercast-private-roster-v2-2026-09-12,false
sheboygan_wi,coho_salmon,4,2025-01-25,1.877966,sheboygan_wi__coho_salmon__v0_4,piercast-private-roster-v2-2026-09-12,false
sheboygan_wi,coho_salmon,5,2025-02-01,2.352542,sheboygan_wi__coho_salmon__v0_4,piercast-private-roster-v2-2026-09-12,false
sheboygan_wi,coho_salmon,6,2025-02-08,2.827119,sheboygan_wi__coho_salmon__v0_4,piercast-private-roster-v2-2026-09-12,false
sheboygan_wi,coho_salmon,7,2025-02-15,3.301695,sheboygan_wi__coho_salmon__v0_4,piercast-private-roster-v2-2026-09-12,false
sheboygan_wi,coho_salmon,8,2025-02-22,3.776271,sheboygan_wi__coho_salmon__v0_4,piercast-private-roster-v2-2026-09-12,false
sheboygan_wi,coho_salmon,9,2025-03-01,4.250847,sheboygan_wi__coho_salmon__v0_4,piercast-private-roster-v2-2026-09-12,false
sheboygan_wi,coho_salmon,10,2025-03-08,4.725424,sheboygan_wi__coho_salmon__v0_4,piercast-private-roster-v2-2026-09-12,false
sheboygan_wi,coho_salmon,11,2025-03-15,5.200000,sheboygan_wi__coho_salmon__v0_4,piercast-private-roster-v2-2026-09-12,false
sheboygan_wi,coho_salmon,12,2025-03-22,5.764516,sheboygan_wi__coho_salmon__v0_4,piercast-private-roster-v2-2026-09-12,false
sheboygan_wi,coho_salmon,13,2025-03-29,6.329032,sheboygan_wi__coho_salmon__v0_4,piercast-private-roster-v2-2026-09-12,false
sheboygan_wi,coho_salmon,14,2025-04-05,6.893548,sheboygan_wi__coho_salmon__v0_4,piercast-private-roster-v2-2026-09-12,false
sheboygan_wi,coho_salmon,15,2025-04-12,7.458065,sheboygan_wi__coho_salmon__v0_4,piercast-private-roster-v2-2026-09-12,false
sheboygan_wi,coho_salmon,16,2025-04-19,7.606667,sheboygan_wi__coho_salmon__v0_4,piercast-private-roster-v2-2026-09-12,false
sheboygan_wi,coho_salmon,17,2025-04-26,7.443333,sheboygan_wi__coho_salmon__v0_4,piercast-private-roster-v2-2026-09-12,false
sheboygan_wi,coho_salmon,18,2025-05-03,7.280000,sheboygan_wi__coho_salmon__v0_4,piercast-private-roster-v2-2026-09-12,false
sheboygan_wi,coho_salmon,19,2025-05-10,7.116667,sheboygan_wi__coho_salmon__v0_4,piercast-private-roster-v2-2026-09-12,false
sheboygan_wi,coho_salmon,20,2025-05-17,6.861111,sheboygan_wi__coho_salmon__v0_4,piercast-private-roster-v2-2026-09-12,false
sheboygan_wi,coho_salmon,21,2025-05-24,6.375000,sheboygan_wi__coho_salmon__v0_4,piercast-private-roster-v2-2026-09-12,false
sheboygan_wi,coho_salmon,22,2025-05-31,5.888889,sheboygan_wi__coho_salmon__v0_4,piercast-private-roster-v2-2026-09-12,false
sheboygan_wi,coho_salmon,23,2025-06-07,5.402778,sheboygan_wi__coho_salmon__v0_4,piercast-private-roster-v2-2026-09-12,false
sheboygan_wi,coho_salmon,24,2025-06-14,4.916667,sheboygan_wi__coho_salmon__v0_4,piercast-private-roster-v2-2026-09-12,false
sheboygan_wi,coho_salmon,25,2025-06-21,4.620000,sheboygan_wi__coho_salmon__v0_4,piercast-private-roster-v2-2026-09-12,false
sheboygan_wi,coho_salmon,26,2025-06-28,5.460000,sheboygan_wi__coho_salmon__v0_4,piercast-private-roster-v2-2026-09-12,false
sheboygan_wi,coho_salmon,27,2025-07-05,6.300000,sheboygan_wi__coho_salmon__v0_4,piercast-private-roster-v2-2026-09-12,false
sheboygan_wi,coho_salmon,28,2025-07-12,7.140000,sheboygan_wi__coho_salmon__v0_4,piercast-private-roster-v2-2026-09-12,false
sheboygan_wi,coho_salmon,29,2025-07-19,7.320690,sheboygan_wi__coho_salmon__v0_4,piercast-private-roster-v2-2026-09-12,false
sheboygan_wi,coho_salmon,30,2025-07-26,7.006897,sheboygan_wi__coho_salmon__v0_4,piercast-private-roster-v2-2026-09-12,false
sheboygan_wi,coho_salmon,31,2025-08-02,6.693103,sheboygan_wi__coho_salmon__v0_4,piercast-private-roster-v2-2026-09-12,false
sheboygan_wi,coho_salmon,32,2025-08-09,6.379310,sheboygan_wi__coho_salmon__v0_4,piercast-private-roster-v2-2026-09-12,false
sheboygan_wi,coho_salmon,33,2025-08-16,6.288889,sheboygan_wi__coho_salmon__v0_4,piercast-private-roster-v2-2026-09-12,false
sheboygan_wi,coho_salmon,34,2025-08-23,6.496296,sheboygan_wi__coho_salmon__v0_4,piercast-private-roster-v2-2026-09-12,false
sheboygan_wi,coho_salmon,35,2025-08-30,6.703704,sheboygan_wi__coho_salmon__v0_4,piercast-private-roster-v2-2026-09-12,false
sheboygan_wi,coho_salmon,36,2025-09-06,6.911111,sheboygan_wi__coho_salmon__v0_4,piercast-private-roster-v2-2026-09-12,false
sheboygan_wi,coho_salmon,37,2025-09-13,6.840000,sheboygan_wi__coho_salmon__v0_4,piercast-private-roster-v2-2026-09-12,false
sheboygan_wi,coho_salmon,38,2025-09-20,6.560000,sheboygan_wi__coho_salmon__v0_4,piercast-private-roster-v2-2026-09-12,false
sheboygan_wi,coho_salmon,39,2025-09-27,6.280000,sheboygan_wi__coho_salmon__v0_4,piercast-private-roster-v2-2026-09-12,false
sheboygan_wi,coho_salmon,40,2025-10-04,6.000000,sheboygan_wi__coho_salmon__v0_4,piercast-private-roster-v2-2026-09-12,false
sheboygan_wi,coho_salmon,41,2025-10-11,5.720000,sheboygan_wi__coho_salmon__v0_4,piercast-private-roster-v2-2026-09-12,false
sheboygan_wi,coho_salmon,42,2025-10-18,5.440000,sheboygan_wi__coho_salmon__v0_4,piercast-private-roster-v2-2026-09-12,false
sheboygan_wi,coho_salmon,43,2025-10-25,4.733333,sheboygan_wi__coho_salmon__v0_4,piercast-private-roster-v2-2026-09-12,false
sheboygan_wi,coho_salmon,44,2025-11-01,3.955556,sheboygan_wi__coho_salmon__v0_4,piercast-private-roster-v2-2026-09-12,false
sheboygan_wi,coho_salmon,45,2025-11-08,3.177778,sheboygan_wi__coho_salmon__v0_4,piercast-private-roster-v2-2026-09-12,false
sheboygan_wi,coho_salmon,46,2025-11-15,2.400000,sheboygan_wi__coho_salmon__v0_4,piercast-private-roster-v2-2026-09-12,false
sheboygan_wi,coho_salmon,47,2025-11-22,2.217391,sheboygan_wi__coho_salmon__v0_4,piercast-private-roster-v2-2026-09-12,false
sheboygan_wi,coho_salmon,48,2025-11-29,2.034783,sheboygan_wi__coho_salmon__v0_4,piercast-private-roster-v2-2026-09-12,false
sheboygan_wi,coho_salmon,49,2025-12-06,1.852174,sheboygan_wi__coho_salmon__v0_4,piercast-private-roster-v2-2026-09-12,false
sheboygan_wi,coho_salmon,50,2025-12-13,1.669565,sheboygan_wi__coho_salmon__v0_4,piercast-private-roster-v2-2026-09-12,false
sheboygan_wi,coho_salmon,51,2025-12-20,1.486957,sheboygan_wi__coho_salmon__v0_4,piercast-private-roster-v2-2026-09-12,false
sheboygan_wi,coho_salmon,52,2025-12-27,1.304348,sheboygan_wi__coho_salmon__v0_4,piercast-private-roster-v2-2026-09-12,false
sheboygan_wi,steelhead,1,2025-01-04,2.946667,sheboygan_wi__steelhead__v0_4,piercast-private-roster-v2-2026-09-12,false
sheboygan_wi,steelhead,2,2025-01-11,2.853333,sheboygan_wi__steelhead__v0_4,piercast-private-roster-v2-2026-09-12,false
sheboygan_wi,steelhead,3,2025-01-18,2.922034,sheboygan_wi__steelhead__v0_4,piercast-private-roster-v2-2026-09-12,false
sheboygan_wi,steelhead,4,2025-01-25,3.206780,sheboygan_wi__steelhead__v0_4,piercast-private-roster-v2-2026-09-12,false
sheboygan_wi,steelhead,5,2025-02-01,3.491525,sheboygan_wi__steelhead__v0_4,piercast-private-roster-v2-2026-09-12,false
sheboygan_wi,steelhead,6,2025-02-08,3.776271,sheboygan_wi__steelhead__v0_4,piercast-private-roster-v2-2026-09-12,false
sheboygan_wi,steelhead,7,2025-02-15,4.061017,sheboygan_wi__steelhead__v0_4,piercast-private-roster-v2-2026-09-12,false
sheboygan_wi,steelhead,8,2025-02-22,4.345763,sheboygan_wi__steelhead__v0_4,piercast-private-roster-v2-2026-09-12,false
sheboygan_wi,steelhead,9,2025-03-01,4.630508,sheboygan_wi__steelhead__v0_4,piercast-private-roster-v2-2026-09-12,false
sheboygan_wi,steelhead,10,2025-03-08,4.915254,sheboygan_wi__steelhead__v0_4,piercast-private-roster-v2-2026-09-12,false
sheboygan_wi,steelhead,11,2025-03-15,5.200000,sheboygan_wi__steelhead__v0_4,piercast-private-roster-v2-2026-09-12,false
sheboygan_wi,steelhead,12,2025-03-22,5.511111,sheboygan_wi__steelhead__v0_4,piercast-private-roster-v2-2026-09-12,false
sheboygan_wi,steelhead,13,2025-03-29,5.822222,sheboygan_wi__steelhead__v0_4,piercast-private-roster-v2-2026-09-12,false
sheboygan_wi,steelhead,14,2025-04-05,6.133333,sheboygan_wi__steelhead__v0_4,piercast-private-roster-v2-2026-09-12,false
sheboygan_wi,steelhead,15,2025-04-12,6.444444,sheboygan_wi__steelhead__v0_4,piercast-private-roster-v2-2026-09-12,false
sheboygan_wi,steelhead,16,2025-04-19,6.755556,sheboygan_wi__steelhead__v0_4,piercast-private-roster-v2-2026-09-12,false
sheboygan_wi,steelhead,17,2025-04-26,6.577143,sheboygan_wi__steelhead__v0_4,piercast-private-roster-v2-2026-09-12,false
sheboygan_wi,steelhead,18,2025-05-03,6.317143,sheboygan_wi__steelhead__v0_4,piercast-private-roster-v2-2026-09-12,false
sheboygan_wi,steelhead,19,2025-05-10,6.057143,sheboygan_wi__steelhead__v0_4,piercast-private-roster-v2-2026-09-12,false
sheboygan_wi,steelhead,20,2025-05-17,5.797143,sheboygan_wi__steelhead__v0_4,piercast-private-roster-v2-2026-09-12,false
sheboygan_wi,steelhead,21,2025-05-24,5.537143,sheboygan_wi__steelhead__v0_4,piercast-private-roster-v2-2026-09-12,false
sheboygan_wi,steelhead,22,2025-05-31,5.711765,sheboygan_wi__steelhead__v0_4,piercast-private-roster-v2-2026-09-12,false
sheboygan_wi,steelhead,23,2025-06-07,5.958824,sheboygan_wi__steelhead__v0_4,piercast-private-roster-v2-2026-09-12,false
sheboygan_wi,steelhead,24,2025-06-14,6.205882,sheboygan_wi__steelhead__v0_4,piercast-private-roster-v2-2026-09-12,false
sheboygan_wi,steelhead,25,2025-06-21,6.452941,sheboygan_wi__steelhead__v0_4,piercast-private-roster-v2-2026-09-12,false
sheboygan_wi,steelhead,26,2025-06-28,6.700000,sheboygan_wi__steelhead__v0_4,piercast-private-roster-v2-2026-09-12,false
sheboygan_wi,steelhead,27,2025-07-05,6.947059,sheboygan_wi__steelhead__v0_4,piercast-private-roster-v2-2026-09-12,false
sheboygan_wi,steelhead,28,2025-07-12,7.194118,sheboygan_wi__steelhead__v0_4,piercast-private-roster-v2-2026-09-12,false
sheboygan_wi,steelhead,29,2025-07-19,7.104878,sheboygan_wi__steelhead__v0_4,piercast-private-roster-v2-2026-09-12,false
sheboygan_wi,steelhead,30,2025-07-26,6.763415,sheboygan_wi__steelhead__v0_4,piercast-private-roster-v2-2026-09-12,false
sheboygan_wi,steelhead,31,2025-08-02,6.421951,sheboygan_wi__steelhead__v0_4,piercast-private-roster-v2-2026-09-12,false
sheboygan_wi,steelhead,32,2025-08-09,6.080488,sheboygan_wi__steelhead__v0_4,piercast-private-roster-v2-2026-09-12,false
sheboygan_wi,steelhead,33,2025-08-16,5.739024,sheboygan_wi__steelhead__v0_4,piercast-private-roster-v2-2026-09-12,false
sheboygan_wi,steelhead,34,2025-08-23,5.397561,sheboygan_wi__steelhead__v0_4,piercast-private-roster-v2-2026-09-12,false
sheboygan_wi,steelhead,35,2025-08-30,5.408696,sheboygan_wi__steelhead__v0_4,piercast-private-roster-v2-2026-09-12,false
sheboygan_wi,steelhead,36,2025-09-06,5.560870,sheboygan_wi__steelhead__v0_4,piercast-private-roster-v2-2026-09-12,false
sheboygan_wi,steelhead,37,2025-09-13,5.713043,sheboygan_wi__steelhead__v0_4,piercast-private-roster-v2-2026-09-12,false
sheboygan_wi,steelhead,38,2025-09-20,5.865217,sheboygan_wi__steelhead__v0_4,piercast-private-roster-v2-2026-09-12,false
sheboygan_wi,steelhead,39,2025-09-27,6.017391,sheboygan_wi__steelhead__v0_4,piercast-private-roster-v2-2026-09-12,false
sheboygan_wi,steelhead,40,2025-10-04,6.169565,sheboygan_wi__steelhead__v0_4,piercast-private-roster-v2-2026-09-12,false
sheboygan_wi,steelhead,41,2025-10-11,6.236111,sheboygan_wi__steelhead__v0_4,piercast-private-roster-v2-2026-09-12,false
sheboygan_wi,steelhead,42,2025-10-18,5.788889,sheboygan_wi__steelhead__v0_4,piercast-private-roster-v2-2026-09-12,false
sheboygan_wi,steelhead,43,2025-10-25,5.341667,sheboygan_wi__steelhead__v0_4,piercast-private-roster-v2-2026-09-12,false
sheboygan_wi,steelhead,44,2025-11-01,4.894444,sheboygan_wi__steelhead__v0_4,piercast-private-roster-v2-2026-09-12,false
sheboygan_wi,steelhead,45,2025-11-08,4.447222,sheboygan_wi__steelhead__v0_4,piercast-private-roster-v2-2026-09-12,false
sheboygan_wi,steelhead,46,2025-11-15,4.000000,sheboygan_wi__steelhead__v0_4,piercast-private-roster-v2-2026-09-12,false
sheboygan_wi,steelhead,47,2025-11-22,3.847826,sheboygan_wi__steelhead__v0_4,piercast-private-roster-v2-2026-09-12,false
sheboygan_wi,steelhead,48,2025-11-29,3.695652,sheboygan_wi__steelhead__v0_4,piercast-private-roster-v2-2026-09-12,false
sheboygan_wi,steelhead,49,2025-12-06,3.543478,sheboygan_wi__steelhead__v0_4,piercast-private-roster-v2-2026-09-12,false
sheboygan_wi,steelhead,50,2025-12-13,3.391304,sheboygan_wi__steelhead__v0_4,piercast-private-roster-v2-2026-09-12,false
sheboygan_wi,steelhead,51,2025-12-20,3.239130,sheboygan_wi__steelhead__v0_4,piercast-private-roster-v2-2026-09-12,false
sheboygan_wi,steelhead,52,2025-12-27,3.086957,sheboygan_wi__steelhead__v0_4,piercast-private-roster-v2-2026-09-12,false
sheboygan_wi,brown_trout,1,2025-01-04,4.200000,sheboygan_wi__brown_trout__v0_4,piercast-private-roster-v2-2026-09-12,false
sheboygan_wi,brown_trout,2,2025-01-11,4.200000,sheboygan_wi__brown_trout__v0_4,piercast-private-roster-v2-2026-09-12,false
sheboygan_wi,brown_trout,3,2025-01-18,4.344444,sheboygan_wi__brown_trout__v0_4,piercast-private-roster-v2-2026-09-12,false
sheboygan_wi,brown_trout,4,2025-01-25,4.681481,sheboygan_wi__brown_trout__v0_4,piercast-private-roster-v2-2026-09-12,false
sheboygan_wi,brown_trout,5,2025-02-01,5.018519,sheboygan_wi__brown_trout__v0_4,piercast-private-roster-v2-2026-09-12,false
sheboygan_wi,brown_trout,6,2025-02-08,5.355556,sheboygan_wi__brown_trout__v0_4,piercast-private-roster-v2-2026-09-12,false
sheboygan_wi,brown_trout,7,2025-02-15,5.692593,sheboygan_wi__brown_trout__v0_4,piercast-private-roster-v2-2026-09-12,false
sheboygan_wi,brown_trout,8,2025-02-22,6.029630,sheboygan_wi__brown_trout__v0_4,piercast-private-roster-v2-2026-09-12,false
sheboygan_wi,brown_trout,9,2025-03-01,6.366667,sheboygan_wi__brown_trout__v0_4,piercast-private-roster-v2-2026-09-12,false
sheboygan_wi,brown_trout,10,2025-03-08,6.703704,sheboygan_wi__brown_trout__v0_4,piercast-private-roster-v2-2026-09-12,false
sheboygan_wi,brown_trout,11,2025-03-15,6.938889,sheboygan_wi__brown_trout__v0_4,piercast-private-roster-v2-2026-09-12,false
sheboygan_wi,brown_trout,12,2025-03-22,7.133333,sheboygan_wi__brown_trout__v0_4,piercast-private-roster-v2-2026-09-12,false
sheboygan_wi,brown_trout,13,2025-03-29,7.327778,sheboygan_wi__brown_trout__v0_4,piercast-private-roster-v2-2026-09-12,false
sheboygan_wi,brown_trout,14,2025-04-05,7.522222,sheboygan_wi__brown_trout__v0_4,piercast-private-roster-v2-2026-09-12,false
sheboygan_wi,brown_trout,15,2025-04-12,7.716667,sheboygan_wi__brown_trout__v0_4,piercast-private-roster-v2-2026-09-12,false
sheboygan_wi,brown_trout,16,2025-04-19,7.731429,sheboygan_wi__brown_trout__v0_4,piercast-private-roster-v2-2026-09-12,false
sheboygan_wi,brown_trout,17,2025-04-26,7.611429,sheboygan_wi__brown_trout__v0_4,piercast-private-roster-v2-2026-09-12,false
sheboygan_wi,brown_trout,18,2025-05-03,7.491429,sheboygan_wi__brown_trout__v0_4,piercast-private-roster-v2-2026-09-12,false
sheboygan_wi,brown_trout,19,2025-05-10,7.371429,sheboygan_wi__brown_trout__v0_4,piercast-private-roster-v2-2026-09-12,false
sheboygan_wi,brown_trout,20,2025-05-17,7.251429,sheboygan_wi__brown_trout__v0_4,piercast-private-roster-v2-2026-09-12,false
sheboygan_wi,brown_trout,21,2025-05-24,6.828571,sheboygan_wi__brown_trout__v0_4,piercast-private-roster-v2-2026-09-12,false
sheboygan_wi,brown_trout,22,2025-05-31,6.178571,sheboygan_wi__brown_trout__v0_4,piercast-private-roster-v2-2026-09-12,false
sheboygan_wi,brown_trout,23,2025-06-07,5.528571,sheboygan_wi__brown_trout__v0_4,piercast-private-roster-v2-2026-09-12,false
sheboygan_wi,brown_trout,24,2025-06-14,4.878571,sheboygan_wi__brown_trout__v0_4,piercast-private-roster-v2-2026-09-12,false
sheboygan_wi,brown_trout,25,2025-06-21,4.228571,sheboygan_wi__brown_trout__v0_4,piercast-private-roster-v2-2026-09-12,false
sheboygan_wi,brown_trout,26,2025-06-28,3.578571,sheboygan_wi__brown_trout__v0_4,piercast-private-roster-v2-2026-09-12,false
sheboygan_wi,brown_trout,27,2025-07-05,2.928571,sheboygan_wi__brown_trout__v0_4,piercast-private-roster-v2-2026-09-12,false
sheboygan_wi,brown_trout,28,2025-07-12,2.278571,sheboygan_wi__brown_trout__v0_4,piercast-private-roster-v2-2026-09-12,false
sheboygan_wi,brown_trout,29,2025-07-19,2.137931,sheboygan_wi__brown_trout__v0_4,piercast-private-roster-v2-2026-09-12,false
sheboygan_wi,brown_trout,30,2025-07-26,2.379310,sheboygan_wi__brown_trout__v0_4,piercast-private-roster-v2-2026-09-12,false
sheboygan_wi,brown_trout,31,2025-08-02,2.620690,sheboygan_wi__brown_trout__v0_4,piercast-private-roster-v2-2026-09-12,false
sheboygan_wi,brown_trout,32,2025-08-09,2.862069,sheboygan_wi__brown_trout__v0_4,piercast-private-roster-v2-2026-09-12,false
sheboygan_wi,brown_trout,33,2025-08-16,3.166667,sheboygan_wi__brown_trout__v0_4,piercast-private-roster-v2-2026-09-12,false
sheboygan_wi,brown_trout,34,2025-08-23,3.555556,sheboygan_wi__brown_trout__v0_4,piercast-private-roster-v2-2026-09-12,false
sheboygan_wi,brown_trout,35,2025-08-30,3.944444,sheboygan_wi__brown_trout__v0_4,piercast-private-roster-v2-2026-09-12,false
sheboygan_wi,brown_trout,36,2025-09-06,4.333333,sheboygan_wi__brown_trout__v0_4,piercast-private-roster-v2-2026-09-12,false
sheboygan_wi,brown_trout,37,2025-09-13,4.470000,sheboygan_wi__brown_trout__v0_4,piercast-private-roster-v2-2026-09-12,false
sheboygan_wi,brown_trout,38,2025-09-20,4.417500,sheboygan_wi__brown_trout__v0_4,piercast-private-roster-v2-2026-09-12,false
sheboygan_wi,brown_trout,39,2025-09-27,4.365000,sheboygan_wi__brown_trout__v0_4,piercast-private-roster-v2-2026-09-12,false
sheboygan_wi,brown_trout,40,2025-10-04,4.312500,sheboygan_wi__brown_trout__v0_4,piercast-private-roster-v2-2026-09-12,false
sheboygan_wi,brown_trout,41,2025-10-11,4.260000,sheboygan_wi__brown_trout__v0_4,piercast-private-roster-v2-2026-09-12,false
sheboygan_wi,brown_trout,42,2025-10-18,4.207500,sheboygan_wi__brown_trout__v0_4,piercast-private-roster-v2-2026-09-12,false
sheboygan_wi,brown_trout,43,2025-10-25,4.135135,sheboygan_wi__brown_trout__v0_4,piercast-private-roster-v2-2026-09-12,false
sheboygan_wi,brown_trout,44,2025-11-01,4.059459,sheboygan_wi__brown_trout__v0_4,piercast-private-roster-v2-2026-09-12,false
sheboygan_wi,brown_trout,45,2025-11-08,3.983784,sheboygan_wi__brown_trout__v0_4,piercast-private-roster-v2-2026-09-12,false
sheboygan_wi,brown_trout,46,2025-11-15,3.908108,sheboygan_wi__brown_trout__v0_4,piercast-private-roster-v2-2026-09-12,false
sheboygan_wi,brown_trout,47,2025-11-22,3.832432,sheboygan_wi__brown_trout__v0_4,piercast-private-roster-v2-2026-09-12,false
sheboygan_wi,brown_trout,48,2025-11-29,3.844444,sheboygan_wi__brown_trout__v0_4,piercast-private-roster-v2-2026-09-12,false
sheboygan_wi,brown_trout,49,2025-12-06,3.922222,sheboygan_wi__brown_trout__v0_4,piercast-private-roster-v2-2026-09-12,false
sheboygan_wi,brown_trout,50,2025-12-13,4.000000,sheboygan_wi__brown_trout__v0_4,piercast-private-roster-v2-2026-09-12,false
sheboygan_wi,brown_trout,51,2025-12-20,4.077778,sheboygan_wi__brown_trout__v0_4,piercast-private-roster-v2-2026-09-12,false
sheboygan_wi,brown_trout,52,2025-12-27,4.155556,sheboygan_wi__brown_trout__v0_4,piercast-private-roster-v2-2026-09-12,false
