research_version,curve_id,city_id,species_id,week,week_start_mm_dd,week_midpoint_mm_dd,seasonal_opportunity_ceiling,one_decimal_display_preview,confidence,production_ready
piercast-core-seasonal-v0.1.0,ludington_mi__chinook_salmon__v0_1,ludington_mi,chinook_salmon,1,01-01,01-04,1.4,1.4/10,medium,false
piercast-core-seasonal-v0.1.0,ludington_mi__chinook_salmon__v0_1,ludington_mi,chinook_salmon,2,01-08,01-11,1.4,1.4/10,medium,false
piercast-core-seasonal-v0.1.0,ludington_mi__chinook_salmon__v0_1,ludington_mi,chinook_salmon,3,01-15,01-18,1.4,1.4/10,medium,false
piercast-core-seasonal-v0.1.0,ludington_mi__chinook_salmon__v0_1,ludington_mi,chinook_salmon,4,01-22,01-25,1.4,1.4/10,medium,false
piercast-core-seasonal-v0.1.0,ludington_mi__chinook_salmon__v0_1,ludington_mi,chinook_salmon,5,01-29,02-01,1.5,1.5/10,medium,false
piercast-core-seasonal-v0.1.0,ludington_mi__chinook_salmon__v0_1,ludington_mi,chinook_salmon,6,02-05,02-08,1.5,1.5/10,medium,false
piercast-core-seasonal-v0.1.0,ludington_mi__chinook_salmon__v0_1,ludington_mi,chinook_salmon,7,02-12,02-15,1.5,1.5/10,medium,false
piercast-core-seasonal-v0.1.0,ludington_mi__chinook_salmon__v0_1,ludington_mi,chinook_salmon,8,02-19,02-22,1.5,1.5/10,medium,false
piercast-core-seasonal-v0.1.0,ludington_mi__chinook_salmon__v0_1,ludington_mi,chinook_salmon,9,02-26,03-01,1.5,1.5/10,medium,false
piercast-core-seasonal-v0.1.0,ludington_mi__chinook_salmon__v0_1,ludington_mi,chinook_salmon,10,03-05,03-08,1.6,1.6/10,medium,false
piercast-core-seasonal-v0.1.0,ludington_mi__chinook_salmon__v0_1,ludington_mi,chinook_salmon,11,03-12,03-15,1.6,1.6/10,medium,false
piercast-core-seasonal-v0.1.0,ludington_mi__chinook_salmon__v0_1,ludington_mi,chinook_salmon,12,03-19,03-22,1.6,1.6/10,medium,false
piercast-core-seasonal-v0.1.0,ludington_mi__chinook_salmon__v0_1,ludington_mi,chinook_salmon,13,03-26,03-29,1.6,1.6/10,medium,false
piercast-core-seasonal-v0.1.0,ludington_mi__chinook_salmon__v0_1,ludington_mi,chinook_salmon,14,04-02,04-05,1.7,1.7/10,medium,false
piercast-core-seasonal-v0.1.0,ludington_mi__chinook_salmon__v0_1,ludington_mi,chinook_salmon,15,04-09,04-12,1.7,1.7/10,medium,false
piercast-core-seasonal-v0.1.0,ludington_mi__chinook_salmon__v0_1,ludington_mi,chinook_salmon,16,04-16,04-19,1.9,1.9/10,medium,false
piercast-core-seasonal-v0.1.0,ludington_mi__chinook_salmon__v0_1,ludington_mi,chinook_salmon,17,04-23,04-26,2.2,2.2/10,medium,false
piercast-core-seasonal-v0.1.0,ludington_mi__chinook_salmon__v0_1,ludington_mi,chinook_salmon,18,04-30,05-03,2.5,2.5/10,medium,false
piercast-core-seasonal-v0.1.0,ludington_mi__chinook_salmon__v0_1,ludington_mi,chinook_salmon,19,05-07,05-10,2.8,2.8/10,medium,false
piercast-core-seasonal-v0.1.0,ludington_mi__chinook_salmon__v0_1,ludington_mi,chinook_salmon,20,05-14,05-17,3.3,3.3/10,medium,false
piercast-core-seasonal-v0.1.0,ludington_mi__chinook_salmon__v0_1,ludington_mi,chinook_salmon,21,05-21,05-24,4.3,4.3/10,medium,false
piercast-core-seasonal-v0.1.0,ludington_mi__chinook_salmon__v0_1,ludington_mi,chinook_salmon,22,05-28,05-31,5.4,5.4/10,medium,false
piercast-core-seasonal-v0.1.0,ludington_mi__chinook_salmon__v0_1,ludington_mi,chinook_salmon,23,06-04,06-07,5.5,5.5/10,medium,false
piercast-core-seasonal-v0.1.0,ludington_mi__chinook_salmon__v0_1,ludington_mi,chinook_salmon,24,06-11,06-14,4.9,4.9/10,medium,false
piercast-core-seasonal-v0.1.0,ludington_mi__chinook_salmon__v0_1,ludington_mi,chinook_salmon,25,06-18,06-21,4.3,4.3/10,medium,false
piercast-core-seasonal-v0.1.0,ludington_mi__chinook_salmon__v0_1,ludington_mi,chinook_salmon,26,06-25,06-28,4.0,4.0/10,medium,false
piercast-core-seasonal-v0.1.0,ludington_mi__chinook_salmon__v0_1,ludington_mi,chinook_salmon,27,07-02,07-05,3.9,3.9/10,medium,false
piercast-core-seasonal-v0.1.0,ludington_mi__chinook_salmon__v0_1,ludington_mi,chinook_salmon,28,07-09,07-12,3.8,3.8/10,medium,false
piercast-core-seasonal-v0.1.0,ludington_mi__chinook_salmon__v0_1,ludington_mi,chinook_salmon,29,07-16,07-19,3.6,3.6/10,medium,false
piercast-core-seasonal-v0.1.0,ludington_mi__chinook_salmon__v0_1,ludington_mi,chinook_salmon,30,07-23,07-26,4.0,4.0/10,medium,false
piercast-core-seasonal-v0.1.0,ludington_mi__chinook_salmon__v0_1,ludington_mi,chinook_salmon,31,07-30,08-02,4.6,4.6/10,medium,false
piercast-core-seasonal-v0.1.0,ludington_mi__chinook_salmon__v0_1,ludington_mi,chinook_salmon,32,08-06,08-09,5.3,5.3/10,medium,false
piercast-core-seasonal-v0.1.0,ludington_mi__chinook_salmon__v0_1,ludington_mi,chinook_salmon,33,08-13,08-16,6.2,6.2/10,medium,false
piercast-core-seasonal-v0.1.0,ludington_mi__chinook_salmon__v0_1,ludington_mi,chinook_salmon,34,08-20,08-23,7.1,7.1/10,medium,false
piercast-core-seasonal-v0.1.0,ludington_mi__chinook_salmon__v0_1,ludington_mi,chinook_salmon,35,08-27,08-30,8.2,8.2/10,medium,false
piercast-core-seasonal-v0.1.0,ludington_mi__chinook_salmon__v0_1,ludington_mi,chinook_salmon,36,09-03,09-06,7.9,7.9/10,medium,false
piercast-core-seasonal-v0.1.0,ludington_mi__chinook_salmon__v0_1,ludington_mi,chinook_salmon,37,09-10,09-13,6.9,6.9/10,medium,false
piercast-core-seasonal-v0.1.0,ludington_mi__chinook_salmon__v0_1,ludington_mi,chinook_salmon,38,09-17,09-20,5.5,5.5/10,medium,false
piercast-core-seasonal-v0.1.0,ludington_mi__chinook_salmon__v0_1,ludington_mi,chinook_salmon,39,09-24,09-27,4.3,4.3/10,medium,false
piercast-core-seasonal-v0.1.0,ludington_mi__chinook_salmon__v0_1,ludington_mi,chinook_salmon,40,10-01,10-04,3.3,3.3/10,medium,false
piercast-core-seasonal-v0.1.0,ludington_mi__chinook_salmon__v0_1,ludington_mi,chinook_salmon,41,10-08,10-11,2.2,2.2/10,medium,false
piercast-core-seasonal-v0.1.0,ludington_mi__chinook_salmon__v0_1,ludington_mi,chinook_salmon,42,10-15,10-18,1.9,1.9/10,medium,false
piercast-core-seasonal-v0.1.0,ludington_mi__chinook_salmon__v0_1,ludington_mi,chinook_salmon,43,10-22,10-25,1.7,1.7/10,medium,false
piercast-core-seasonal-v0.1.0,ludington_mi__chinook_salmon__v0_1,ludington_mi,chinook_salmon,44,10-29,11-01,1.5,1.5/10,medium,false
piercast-core-seasonal-v0.1.0,ludington_mi__chinook_salmon__v0_1,ludington_mi,chinook_salmon,45,11-05,11-08,1.5,1.5/10,medium,false
piercast-core-seasonal-v0.1.0,ludington_mi__chinook_salmon__v0_1,ludington_mi,chinook_salmon,46,11-12,11-15,1.5,1.5/10,medium,false
piercast-core-seasonal-v0.1.0,ludington_mi__chinook_salmon__v0_1,ludington_mi,chinook_salmon,47,11-19,11-22,1.5,1.5/10,medium,false
piercast-core-seasonal-v0.1.0,ludington_mi__chinook_salmon__v0_1,ludington_mi,chinook_salmon,48,11-26,11-29,1.4,1.4/10,medium,false
piercast-core-seasonal-v0.1.0,ludington_mi__chinook_salmon__v0_1,ludington_mi,chinook_salmon,49,12-03,12-06,1.4,1.4/10,medium,false
piercast-core-seasonal-v0.1.0,ludington_mi__chinook_salmon__v0_1,ludington_mi,chinook_salmon,50,12-10,12-13,1.4,1.4/10,medium,false
piercast-core-seasonal-v0.1.0,ludington_mi__chinook_salmon__v0_1,ludington_mi,chinook_salmon,51,12-17,12-20,1.4,1.4/10,medium,false
piercast-core-seasonal-v0.1.0,ludington_mi__chinook_salmon__v0_1,ludington_mi,chinook_salmon,52,12-24,12-27,1.4,1.4/10,medium,false
piercast-core-seasonal-v0.1.0,ludington_mi__coho_salmon__v0_1,ludington_mi,coho_salmon,1,01-01,01-04,1.7,1.7/10,medium_low,false
piercast-core-seasonal-v0.1.0,ludington_mi__coho_salmon__v0_1,ludington_mi,coho_salmon,2,01-08,01-11,1.6,1.6/10,medium_low,false
piercast-core-seasonal-v0.1.0,ludington_mi__coho_salmon__v0_1,ludington_mi,coho_salmon,3,01-15,01-18,1.6,1.6/10,medium_low,false
piercast-core-seasonal-v0.1.0,ludington_mi__coho_salmon__v0_1,ludington_mi,coho_salmon,4,01-22,01-25,1.7,1.7/10,medium_low,false
piercast-core-seasonal-v0.1.0,ludington_mi__coho_salmon__v0_1,ludington_mi,coho_salmon,5,01-29,02-01,1.9,1.9/10,medium_low,false
piercast-core-seasonal-v0.1.0,ludington_mi__coho_salmon__v0_1,ludington_mi,coho_salmon,6,02-05,02-08,2.0,2.0/10,medium_low,false
piercast-core-seasonal-v0.1.0,ludington_mi__coho_salmon__v0_1,ludington_mi,coho_salmon,7,02-12,02-15,2.1,2.1/10,medium_low,false
piercast-core-seasonal-v0.1.0,ludington_mi__coho_salmon__v0_1,ludington_mi,coho_salmon,8,02-19,02-22,2.2,2.2/10,medium_low,false
piercast-core-seasonal-v0.1.0,ludington_mi__coho_salmon__v0_1,ludington_mi,coho_salmon,9,02-26,03-01,2.3,2.3/10,medium_low,false
piercast-core-seasonal-v0.1.0,ludington_mi__coho_salmon__v0_1,ludington_mi,coho_salmon,10,03-05,03-08,2.4,2.4/10,medium_low,false
piercast-core-seasonal-v0.1.0,ludington_mi__coho_salmon__v0_1,ludington_mi,coho_salmon,11,03-12,03-15,3.0,3.0/10,medium_low,false
piercast-core-seasonal-v0.1.0,ludington_mi__coho_salmon__v0_1,ludington_mi,coho_salmon,12,03-19,03-22,3.8,3.8/10,medium_low,false
piercast-core-seasonal-v0.1.0,ludington_mi__coho_salmon__v0_1,ludington_mi,coho_salmon,13,03-26,03-29,4.6,4.6/10,medium_low,false
piercast-core-seasonal-v0.1.0,ludington_mi__coho_salmon__v0_1,ludington_mi,coho_salmon,14,04-02,04-05,5.4,5.4/10,medium_low,false
piercast-core-seasonal-v0.1.0,ludington_mi__coho_salmon__v0_1,ludington_mi,coho_salmon,15,04-09,04-12,5.3,5.3/10,medium_low,false
piercast-core-seasonal-v0.1.0,ludington_mi__coho_salmon__v0_1,ludington_mi,coho_salmon,16,04-16,04-19,5.2,5.2/10,medium_low,false
piercast-core-seasonal-v0.1.0,ludington_mi__coho_salmon__v0_1,ludington_mi,coho_salmon,17,04-23,04-26,5.1,5.1/10,medium_low,false
piercast-core-seasonal-v0.1.0,ludington_mi__coho_salmon__v0_1,ludington_mi,coho_salmon,18,04-30,05-03,4.9,4.9/10,medium_low,false
piercast-core-seasonal-v0.1.0,ludington_mi__coho_salmon__v0_1,ludington_mi,coho_salmon,19,05-07,05-10,4.5,4.5/10,medium_low,false
piercast-core-seasonal-v0.1.0,ludington_mi__coho_salmon__v0_1,ludington_mi,coho_salmon,20,05-14,05-17,4.0,4.0/10,medium_low,false
piercast-core-seasonal-v0.1.0,ludington_mi__coho_salmon__v0_1,ludington_mi,coho_salmon,21,05-21,05-24,3.6,3.6/10,medium_low,false
piercast-core-seasonal-v0.1.0,ludington_mi__coho_salmon__v0_1,ludington_mi,coho_salmon,22,05-28,05-31,3.1,3.1/10,medium_low,false
piercast-core-seasonal-v0.1.0,ludington_mi__coho_salmon__v0_1,ludington_mi,coho_salmon,23,06-04,06-07,2.7,2.7/10,medium_low,false
piercast-core-seasonal-v0.1.0,ludington_mi__coho_salmon__v0_1,ludington_mi,coho_salmon,24,06-11,06-14,2.5,2.5/10,medium_low,false
piercast-core-seasonal-v0.1.0,ludington_mi__coho_salmon__v0_1,ludington_mi,coho_salmon,25,06-18,06-21,2.4,2.4/10,medium_low,false
piercast-core-seasonal-v0.1.0,ludington_mi__coho_salmon__v0_1,ludington_mi,coho_salmon,26,06-25,06-28,2.2,2.2/10,medium_low,false
piercast-core-seasonal-v0.1.0,ludington_mi__coho_salmon__v0_1,ludington_mi,coho_salmon,27,07-02,07-05,2.1,2.1/10,medium_low,false
piercast-core-seasonal-v0.1.0,ludington_mi__coho_salmon__v0_1,ludington_mi,coho_salmon,28,07-09,07-12,2.0,2.0/10,medium_low,false
piercast-core-seasonal-v0.1.0,ludington_mi__coho_salmon__v0_1,ludington_mi,coho_salmon,29,07-16,07-19,1.8,1.8/10,medium_low,false
piercast-core-seasonal-v0.1.0,ludington_mi__coho_salmon__v0_1,ludington_mi,coho_salmon,30,07-23,07-26,2.0,2.0/10,medium_low,false
piercast-core-seasonal-v0.1.0,ludington_mi__coho_salmon__v0_1,ludington_mi,coho_salmon,31,07-30,08-02,2.2,2.2/10,medium_low,false
piercast-core-seasonal-v0.1.0,ludington_mi__coho_salmon__v0_1,ludington_mi,coho_salmon,32,08-06,08-09,2.5,2.5/10,medium_low,false
piercast-core-seasonal-v0.1.0,ludington_mi__coho_salmon__v0_1,ludington_mi,coho_salmon,33,08-13,08-16,2.7,2.7/10,medium_low,false
piercast-core-seasonal-v0.1.0,ludington_mi__coho_salmon__v0_1,ludington_mi,coho_salmon,34,08-20,08-23,2.9,2.9/10,medium_low,false
piercast-core-seasonal-v0.1.0,ludington_mi__coho_salmon__v0_1,ludington_mi,coho_salmon,35,08-27,08-30,3.3,3.3/10,medium_low,false
piercast-core-seasonal-v0.1.0,ludington_mi__coho_salmon__v0_1,ludington_mi,coho_salmon,36,09-03,09-06,3.7,3.7/10,medium_low,false
piercast-core-seasonal-v0.1.0,ludington_mi__coho_salmon__v0_1,ludington_mi,coho_salmon,37,09-10,09-13,4.1,4.1/10,medium_low,false
piercast-core-seasonal-v0.1.0,ludington_mi__coho_salmon__v0_1,ludington_mi,coho_salmon,38,09-17,09-20,4.5,4.5/10,medium_low,false
piercast-core-seasonal-v0.1.0,ludington_mi__coho_salmon__v0_1,ludington_mi,coho_salmon,39,09-24,09-27,4.8,4.8/10,medium_low,false
piercast-core-seasonal-v0.1.0,ludington_mi__coho_salmon__v0_1,ludington_mi,coho_salmon,40,10-01,10-04,4.9,4.9/10,medium_low,false
piercast-core-seasonal-v0.1.0,ludington_mi__coho_salmon__v0_1,ludington_mi,coho_salmon,41,10-08,10-11,4.9,4.9/10,medium_low,false
piercast-core-seasonal-v0.1.0,ludington_mi__coho_salmon__v0_1,ludington_mi,coho_salmon,42,10-15,10-18,5.0,5.0/10,medium_low,false
piercast-core-seasonal-v0.1.0,ludington_mi__coho_salmon__v0_1,ludington_mi,coho_salmon,43,10-22,10-25,4.8,4.8/10,medium_low,false
piercast-core-seasonal-v0.1.0,ludington_mi__coho_salmon__v0_1,ludington_mi,coho_salmon,44,10-29,11-01,4.6,4.6/10,medium_low,false
piercast-core-seasonal-v0.1.0,ludington_mi__coho_salmon__v0_1,ludington_mi,coho_salmon,45,11-05,11-08,4.4,4.4/10,medium_low,false
piercast-core-seasonal-v0.1.0,ludington_mi__coho_salmon__v0_1,ludington_mi,coho_salmon,46,11-12,11-15,3.8,3.8/10,medium_low,false
piercast-core-seasonal-v0.1.0,ludington_mi__coho_salmon__v0_1,ludington_mi,coho_salmon,47,11-19,11-22,3.2,3.2/10,medium_low,false
piercast-core-seasonal-v0.1.0,ludington_mi__coho_salmon__v0_1,ludington_mi,coho_salmon,48,11-26,11-29,2.5,2.5/10,medium_low,false
piercast-core-seasonal-v0.1.0,ludington_mi__coho_salmon__v0_1,ludington_mi,coho_salmon,49,12-03,12-06,2.0,2.0/10,medium_low,false
piercast-core-seasonal-v0.1.0,ludington_mi__coho_salmon__v0_1,ludington_mi,coho_salmon,50,12-10,12-13,1.9,1.9/10,medium_low,false
piercast-core-seasonal-v0.1.0,ludington_mi__coho_salmon__v0_1,ludington_mi,coho_salmon,51,12-17,12-20,1.9,1.9/10,medium_low,false
piercast-core-seasonal-v0.1.0,ludington_mi__coho_salmon__v0_1,ludington_mi,coho_salmon,52,12-24,12-27,1.8,1.8/10,medium_low,false
piercast-core-seasonal-v0.1.0,ludington_mi__steelhead__v0_1,ludington_mi,steelhead,1,01-01,01-04,2.8,2.8/10,medium,false
piercast-core-seasonal-v0.1.0,ludington_mi__steelhead__v0_1,ludington_mi,steelhead,2,01-08,01-11,2.5,2.5/10,medium,false
piercast-core-seasonal-v0.1.0,ludington_mi__steelhead__v0_1,ludington_mi,steelhead,3,01-15,01-18,2.5,2.5/10,medium,false
piercast-core-seasonal-v0.1.0,ludington_mi__steelhead__v0_1,ludington_mi,steelhead,4,01-22,01-25,2.6,2.6/10,medium,false
piercast-core-seasonal-v0.1.0,ludington_mi__steelhead__v0_1,ludington_mi,steelhead,5,01-29,02-01,2.7,2.7/10,medium,false
piercast-core-seasonal-v0.1.0,ludington_mi__steelhead__v0_1,ludington_mi,steelhead,6,02-05,02-08,2.9,2.9/10,medium,false
piercast-core-seasonal-v0.1.0,ludington_mi__steelhead__v0_1,ludington_mi,steelhead,7,02-12,02-15,3.0,3.0/10,medium,false
piercast-core-seasonal-v0.1.0,ludington_mi__steelhead__v0_1,ludington_mi,steelhead,8,02-19,02-22,3.2,3.2/10,medium,false
piercast-core-seasonal-v0.1.0,ludington_mi__steelhead__v0_1,ludington_mi,steelhead,9,02-26,03-01,3.3,3.3/10,medium,false
piercast-core-seasonal-v0.1.0,ludington_mi__steelhead__v0_1,ludington_mi,steelhead,10,03-05,03-08,3.5,3.5/10,medium,false
piercast-core-seasonal-v0.1.0,ludington_mi__steelhead__v0_1,ludington_mi,steelhead,11,03-12,03-15,3.9,3.9/10,medium,false
piercast-core-seasonal-v0.1.0,ludington_mi__steelhead__v0_1,ludington_mi,steelhead,12,03-19,03-22,4.6,4.6/10,medium,false
piercast-core-seasonal-v0.1.0,ludington_mi__steelhead__v0_1,ludington_mi,steelhead,13,03-26,03-29,5.2,5.2/10,medium,false
piercast-core-seasonal-v0.1.0,ludington_mi__steelhead__v0_1,ludington_mi,steelhead,14,04-02,04-05,5.8,5.8/10,medium,false
piercast-core-seasonal-v0.1.0,ludington_mi__steelhead__v0_1,ludington_mi,steelhead,15,04-09,04-12,5.5,5.5/10,medium,false
piercast-core-seasonal-v0.1.0,ludington_mi__steelhead__v0_1,ludington_mi,steelhead,16,04-16,04-19,5.2,5.2/10,medium,false
piercast-core-seasonal-v0.1.0,ludington_mi__steelhead__v0_1,ludington_mi,steelhead,17,04-23,04-26,4.8,4.8/10,medium,false
piercast-core-seasonal-v0.1.0,ludington_mi__steelhead__v0_1,ludington_mi,steelhead,18,04-30,05-03,4.5,4.5/10,medium,false
piercast-core-seasonal-v0.1.0,ludington_mi__steelhead__v0_1,ludington_mi,steelhead,19,05-07,05-10,4.2,4.2/10,medium,false
piercast-core-seasonal-v0.1.0,ludington_mi__steelhead__v0_1,ludington_mi,steelhead,20,05-14,05-17,3.9,3.9/10,medium,false
piercast-core-seasonal-v0.1.0,ludington_mi__steelhead__v0_1,ludington_mi,steelhead,21,05-21,05-24,3.7,3.7/10,medium,false
piercast-core-seasonal-v0.1.0,ludington_mi__steelhead__v0_1,ludington_mi,steelhead,22,05-28,05-31,3.4,3.4/10,medium,false
piercast-core-seasonal-v0.1.0,ludington_mi__steelhead__v0_1,ludington_mi,steelhead,23,06-04,06-07,3.1,3.1/10,medium,false
piercast-core-seasonal-v0.1.0,ludington_mi__steelhead__v0_1,ludington_mi,steelhead,24,06-11,06-14,2.8,2.8/10,medium,false
piercast-core-seasonal-v0.1.0,ludington_mi__steelhead__v0_1,ludington_mi,steelhead,25,06-18,06-21,2.8,2.8/10,medium,false
piercast-core-seasonal-v0.1.0,ludington_mi__steelhead__v0_1,ludington_mi,steelhead,26,06-25,06-28,2.7,2.7/10,medium,false
piercast-core-seasonal-v0.1.0,ludington_mi__steelhead__v0_1,ludington_mi,steelhead,27,07-02,07-05,2.7,2.7/10,medium,false
piercast-core-seasonal-v0.1.0,ludington_mi__steelhead__v0_1,ludington_mi,steelhead,28,07-09,07-12,2.7,2.7/10,medium,false
piercast-core-seasonal-v0.1.0,ludington_mi__steelhead__v0_1,ludington_mi,steelhead,29,07-16,07-19,2.6,2.6/10,medium,false
piercast-core-seasonal-v0.1.0,ludington_mi__steelhead__v0_1,ludington_mi,steelhead,30,07-23,07-26,2.6,2.6/10,medium,false
piercast-core-seasonal-v0.1.0,ludington_mi__steelhead__v0_1,ludington_mi,steelhead,31,07-30,08-02,2.6,2.6/10,medium,false
piercast-core-seasonal-v0.1.0,ludington_mi__steelhead__v0_1,ludington_mi,steelhead,32,08-06,08-09,2.5,2.5/10,medium,false
piercast-core-seasonal-v0.1.0,ludington_mi__steelhead__v0_1,ludington_mi,steelhead,33,08-13,08-16,2.5,2.5/10,medium,false
piercast-core-seasonal-v0.1.0,ludington_mi__steelhead__v0_1,ludington_mi,steelhead,34,08-20,08-23,2.7,2.7/10,medium,false
piercast-core-seasonal-v0.1.0,ludington_mi__steelhead__v0_1,ludington_mi,steelhead,35,08-27,08-30,2.8,2.8/10,medium,false
piercast-core-seasonal-v0.1.0,ludington_mi__steelhead__v0_1,ludington_mi,steelhead,36,09-03,09-06,3.0,3.0/10,medium,false
piercast-core-seasonal-v0.1.0,ludington_mi__steelhead__v0_1,ludington_mi,steelhead,37,09-10,09-13,3.1,3.1/10,medium,false
piercast-core-seasonal-v0.1.0,ludington_mi__steelhead__v0_1,ludington_mi,steelhead,38,09-17,09-20,3.3,3.3/10,medium,false
piercast-core-seasonal-v0.1.0,ludington_mi__steelhead__v0_1,ludington_mi,steelhead,39,09-24,09-27,3.6,3.6/10,medium,false
piercast-core-seasonal-v0.1.0,ludington_mi__steelhead__v0_1,ludington_mi,steelhead,40,10-01,10-04,4.1,4.1/10,medium,false
piercast-core-seasonal-v0.1.0,ludington_mi__steelhead__v0_1,ludington_mi,steelhead,41,10-08,10-11,4.7,4.7/10,medium,false
piercast-core-seasonal-v0.1.0,ludington_mi__steelhead__v0_1,ludington_mi,steelhead,42,10-15,10-18,5.2,5.2/10,medium,false
piercast-core-seasonal-v0.1.0,ludington_mi__steelhead__v0_1,ludington_mi,steelhead,43,10-22,10-25,5.6,5.6/10,medium,false
piercast-core-seasonal-v0.1.0,ludington_mi__steelhead__v0_1,ludington_mi,steelhead,44,10-29,11-01,5.9,5.9/10,medium,false
piercast-core-seasonal-v0.1.0,ludington_mi__steelhead__v0_1,ludington_mi,steelhead,45,11-05,11-08,6.2,6.2/10,medium,false
piercast-core-seasonal-v0.1.0,ludington_mi__steelhead__v0_1,ludington_mi,steelhead,46,11-12,11-15,5.9,5.9/10,medium,false
piercast-core-seasonal-v0.1.0,ludington_mi__steelhead__v0_1,ludington_mi,steelhead,47,11-19,11-22,5.6,5.6/10,medium,false
piercast-core-seasonal-v0.1.0,ludington_mi__steelhead__v0_1,ludington_mi,steelhead,48,11-26,11-29,5.3,5.3/10,medium,false
piercast-core-seasonal-v0.1.0,ludington_mi__steelhead__v0_1,ludington_mi,steelhead,49,12-03,12-06,5.0,5.0/10,medium,false
piercast-core-seasonal-v0.1.0,ludington_mi__steelhead__v0_1,ludington_mi,steelhead,50,12-10,12-13,4.4,4.4/10,medium,false
piercast-core-seasonal-v0.1.0,ludington_mi__steelhead__v0_1,ludington_mi,steelhead,51,12-17,12-20,3.8,3.8/10,medium,false
piercast-core-seasonal-v0.1.0,ludington_mi__steelhead__v0_1,ludington_mi,steelhead,52,12-24,12-27,3.2,3.2/10,medium,false
piercast-core-seasonal-v0.1.0,ludington_mi__brown_trout__v0_1,ludington_mi,brown_trout,1,01-01,01-04,1.8,1.8/10,medium_low,false
piercast-core-seasonal-v0.1.0,ludington_mi__brown_trout__v0_1,ludington_mi,brown_trout,2,01-08,01-11,1.8,1.8/10,medium_low,false
piercast-core-seasonal-v0.1.0,ludington_mi__brown_trout__v0_1,ludington_mi,brown_trout,3,01-15,01-18,1.9,1.9/10,medium_low,false
piercast-core-seasonal-v0.1.0,ludington_mi__brown_trout__v0_1,ludington_mi,brown_trout,4,01-22,01-25,2.0,2.0/10,medium_low,false
piercast-core-seasonal-v0.1.0,ludington_mi__brown_trout__v0_1,ludington_mi,brown_trout,5,01-29,02-01,2.1,2.1/10,medium_low,false
piercast-core-seasonal-v0.1.0,ludington_mi__brown_trout__v0_1,ludington_mi,brown_trout,6,02-05,02-08,2.2,2.2/10,medium_low,false
piercast-core-seasonal-v0.1.0,ludington_mi__brown_trout__v0_1,ludington_mi,brown_trout,7,02-12,02-15,2.4,2.4/10,medium_low,false
piercast-core-seasonal-v0.1.0,ludington_mi__brown_trout__v0_1,ludington_mi,brown_trout,8,02-19,02-22,2.5,2.5/10,medium_low,false
piercast-core-seasonal-v0.1.0,ludington_mi__brown_trout__v0_1,ludington_mi,brown_trout,9,02-26,03-01,2.6,2.6/10,medium_low,false
piercast-core-seasonal-v0.1.0,ludington_mi__brown_trout__v0_1,ludington_mi,brown_trout,10,03-05,03-08,2.8,2.8/10,medium_low,false
piercast-core-seasonal-v0.1.0,ludington_mi__brown_trout__v0_1,ludington_mi,brown_trout,11,03-12,03-15,3.3,3.3/10,medium_low,false
piercast-core-seasonal-v0.1.0,ludington_mi__brown_trout__v0_1,ludington_mi,brown_trout,12,03-19,03-22,3.9,3.9/10,medium_low,false
piercast-core-seasonal-v0.1.0,ludington_mi__brown_trout__v0_1,ludington_mi,brown_trout,13,03-26,03-29,4.6,4.6/10,medium_low,false
piercast-core-seasonal-v0.1.0,ludington_mi__brown_trout__v0_1,ludington_mi,brown_trout,14,04-02,04-05,5.2,5.2/10,medium_low,false
piercast-core-seasonal-v0.1.0,ludington_mi__brown_trout__v0_1,ludington_mi,brown_trout,15,04-09,04-12,5.1,5.1/10,medium_low,false
piercast-core-seasonal-v0.1.0,ludington_mi__brown_trout__v0_1,ludington_mi,brown_trout,16,04-16,04-19,5.1,5.1/10,medium_low,false
piercast-core-seasonal-v0.1.0,ludington_mi__brown_trout__v0_1,ludington_mi,brown_trout,17,04-23,04-26,4.9,4.9/10,medium_low,false
piercast-core-seasonal-v0.1.0,ludington_mi__brown_trout__v0_1,ludington_mi,brown_trout,18,04-30,05-03,4.6,4.6/10,medium_low,false
piercast-core-seasonal-v0.1.0,ludington_mi__brown_trout__v0_1,ludington_mi,brown_trout,19,05-07,05-10,4.2,4.2/10,medium_low,false
piercast-core-seasonal-v0.1.0,ludington_mi__brown_trout__v0_1,ludington_mi,brown_trout,20,05-14,05-17,3.9,3.9/10,medium_low,false
piercast-core-seasonal-v0.1.0,ludington_mi__brown_trout__v0_1,ludington_mi,brown_trout,21,05-21,05-24,3.5,3.5/10,medium_low,false
piercast-core-seasonal-v0.1.0,ludington_mi__brown_trout__v0_1,ludington_mi,brown_trout,22,05-28,05-31,3.2,3.2/10,medium_low,false
piercast-core-seasonal-v0.1.0,ludington_mi__brown_trout__v0_1,ludington_mi,brown_trout,23,06-04,06-07,2.9,2.9/10,medium_low,false
piercast-core-seasonal-v0.1.0,ludington_mi__brown_trout__v0_1,ludington_mi,brown_trout,24,06-11,06-14,2.6,2.6/10,medium_low,false
piercast-core-seasonal-v0.1.0,ludington_mi__brown_trout__v0_1,ludington_mi,brown_trout,25,06-18,06-21,2.3,2.3/10,medium_low,false
piercast-core-seasonal-v0.1.0,ludington_mi__brown_trout__v0_1,ludington_mi,brown_trout,26,06-25,06-28,2.2,2.2/10,medium_low,false
piercast-core-seasonal-v0.1.0,ludington_mi__brown_trout__v0_1,ludington_mi,brown_trout,27,07-02,07-05,2.1,2.1/10,medium_low,false
piercast-core-seasonal-v0.1.0,ludington_mi__brown_trout__v0_1,ludington_mi,brown_trout,28,07-09,07-12,2.0,2.0/10,medium_low,false
piercast-core-seasonal-v0.1.0,ludington_mi__brown_trout__v0_1,ludington_mi,brown_trout,29,07-16,07-19,1.9,1.9/10,medium_low,false
piercast-core-seasonal-v0.1.0,ludington_mi__brown_trout__v0_1,ludington_mi,brown_trout,30,07-23,07-26,1.9,1.9/10,medium_low,false
piercast-core-seasonal-v0.1.0,ludington_mi__brown_trout__v0_1,ludington_mi,brown_trout,31,07-30,08-02,1.8,1.8/10,medium_low,false
piercast-core-seasonal-v0.1.0,ludington_mi__brown_trout__v0_1,ludington_mi,brown_trout,32,08-06,08-09,1.7,1.7/10,medium_low,false
piercast-core-seasonal-v0.1.0,ludington_mi__brown_trout__v0_1,ludington_mi,brown_trout,33,08-13,08-16,1.6,1.6/10,medium_low,false
piercast-core-seasonal-v0.1.0,ludington_mi__brown_trout__v0_1,ludington_mi,brown_trout,34,08-20,08-23,1.7,1.7/10,medium_low,false
piercast-core-seasonal-v0.1.0,ludington_mi__brown_trout__v0_1,ludington_mi,brown_trout,35,08-27,08-30,1.7,1.7/10,medium_low,false
piercast-core-seasonal-v0.1.0,ludington_mi__brown_trout__v0_1,ludington_mi,brown_trout,36,09-03,09-06,1.8,1.8/10,medium_low,false
piercast-core-seasonal-v0.1.0,ludington_mi__brown_trout__v0_1,ludington_mi,brown_trout,37,09-10,09-13,1.9,1.9/10,medium_low,false
piercast-core-seasonal-v0.1.0,ludington_mi__brown_trout__v0_1,ludington_mi,brown_trout,38,09-17,09-20,2.0,2.0/10,medium_low,false
piercast-core-seasonal-v0.1.0,ludington_mi__brown_trout__v0_1,ludington_mi,brown_trout,39,09-24,09-27,2.0,2.0/10,medium_low,false
piercast-core-seasonal-v0.1.0,ludington_mi__brown_trout__v0_1,ludington_mi,brown_trout,40,10-01,10-04,2.1,2.1/10,medium_low,false
piercast-core-seasonal-v0.1.0,ludington_mi__brown_trout__v0_1,ludington_mi,brown_trout,41,10-08,10-11,2.2,2.2/10,medium_low,false
piercast-core-seasonal-v0.1.0,ludington_mi__brown_trout__v0_1,ludington_mi,brown_trout,42,10-15,10-18,2.2,2.2/10,medium_low,false
piercast-core-seasonal-v0.1.0,ludington_mi__brown_trout__v0_1,ludington_mi,brown_trout,43,10-22,10-25,2.2,2.2/10,medium_low,false
piercast-core-seasonal-v0.1.0,ludington_mi__brown_trout__v0_1,ludington_mi,brown_trout,44,10-29,11-01,2.2,2.2/10,medium_low,false
piercast-core-seasonal-v0.1.0,ludington_mi__brown_trout__v0_1,ludington_mi,brown_trout,45,11-05,11-08,2.1,2.1/10,medium_low,false
piercast-core-seasonal-v0.1.0,ludington_mi__brown_trout__v0_1,ludington_mi,brown_trout,46,11-12,11-15,2.1,2.1/10,medium_low,false
piercast-core-seasonal-v0.1.0,ludington_mi__brown_trout__v0_1,ludington_mi,brown_trout,47,11-19,11-22,2.1,2.1/10,medium_low,false
piercast-core-seasonal-v0.1.0,ludington_mi__brown_trout__v0_1,ludington_mi,brown_trout,48,11-26,11-29,2.0,2.0/10,medium_low,false
piercast-core-seasonal-v0.1.0,ludington_mi__brown_trout__v0_1,ludington_mi,brown_trout,49,12-03,12-06,2.0,2.0/10,medium_low,false
piercast-core-seasonal-v0.1.0,ludington_mi__brown_trout__v0_1,ludington_mi,brown_trout,50,12-10,12-13,1.9,1.9/10,medium_low,false
piercast-core-seasonal-v0.1.0,ludington_mi__brown_trout__v0_1,ludington_mi,brown_trout,51,12-17,12-20,1.9,1.9/10,medium_low,false
piercast-core-seasonal-v0.1.0,ludington_mi__brown_trout__v0_1,ludington_mi,brown_trout,52,12-24,12-27,1.8,1.8/10,medium_low,false
piercast-core-seasonal-v0.1.0,grand_haven_mi__chinook_salmon__v0_1,grand_haven_mi,chinook_salmon,1,01-01,01-04,1.3,1.3/10,medium_low,false
piercast-core-seasonal-v0.1.0,grand_haven_mi__chinook_salmon__v0_1,grand_haven_mi,chinook_salmon,2,01-08,01-11,1.3,1.3/10,medium_low,false
piercast-core-seasonal-v0.1.0,grand_haven_mi__chinook_salmon__v0_1,grand_haven_mi,chinook_salmon,3,01-15,01-18,1.3,1.3/10,medium_low,false
piercast-core-seasonal-v0.1.0,grand_haven_mi__chinook_salmon__v0_1,grand_haven_mi,chinook_salmon,4,01-22,01-25,1.4,1.4/10,medium_low,false
piercast-core-seasonal-v0.1.0,grand_haven_mi__chinook_salmon__v0_1,grand_haven_mi,chinook_salmon,5,01-29,02-01,1.4,1.4/10,medium_low,false
piercast-core-seasonal-v0.1.0,grand_haven_mi__chinook_salmon__v0_1,grand_haven_mi,chinook_salmon,6,02-05,02-08,1.4,1.4/10,medium_low,false
piercast-core-seasonal-v0.1.0,grand_haven_mi__chinook_salmon__v0_1,grand_haven_mi,chinook_salmon,7,02-12,02-15,1.5,1.5/10,medium_low,false
piercast-core-seasonal-v0.1.0,grand_haven_mi__chinook_salmon__v0_1,grand_haven_mi,chinook_salmon,8,02-19,02-22,1.5,1.5/10,medium_low,false
piercast-core-seasonal-v0.1.0,grand_haven_mi__chinook_salmon__v0_1,grand_haven_mi,chinook_salmon,9,02-26,03-01,1.5,1.5/10,medium_low,false
piercast-core-seasonal-v0.1.0,grand_haven_mi__chinook_salmon__v0_1,grand_haven_mi,chinook_salmon,10,03-05,03-08,1.6,1.6/10,medium_low,false
piercast-core-seasonal-v0.1.0,grand_haven_mi__chinook_salmon__v0_1,grand_haven_mi,chinook_salmon,11,03-12,03-15,1.6,1.6/10,medium_low,false
piercast-core-seasonal-v0.1.0,grand_haven_mi__chinook_salmon__v0_1,grand_haven_mi,chinook_salmon,12,03-19,03-22,1.6,1.6/10,medium_low,false
piercast-core-seasonal-v0.1.0,grand_haven_mi__chinook_salmon__v0_1,grand_haven_mi,chinook_salmon,13,03-26,03-29,1.7,1.7/10,medium_low,false
piercast-core-seasonal-v0.1.0,grand_haven_mi__chinook_salmon__v0_1,grand_haven_mi,chinook_salmon,14,04-02,04-05,1.7,1.7/10,medium_low,false
piercast-core-seasonal-v0.1.0,grand_haven_mi__chinook_salmon__v0_1,grand_haven_mi,chinook_salmon,15,04-09,04-12,1.7,1.7/10,medium_low,false
piercast-core-seasonal-v0.1.0,grand_haven_mi__chinook_salmon__v0_1,grand_haven_mi,chinook_salmon,16,04-16,04-19,1.8,1.8/10,medium_low,false
piercast-core-seasonal-v0.1.0,grand_haven_mi__chinook_salmon__v0_1,grand_haven_mi,chinook_salmon,17,04-23,04-26,1.8,1.8/10,medium_low,false
piercast-core-seasonal-v0.1.0,grand_haven_mi__chinook_salmon__v0_1,grand_haven_mi,chinook_salmon,18,04-30,05-03,1.8,1.8/10,medium_low,false
piercast-core-seasonal-v0.1.0,grand_haven_mi__chinook_salmon__v0_1,grand_haven_mi,chinook_salmon,19,05-07,05-10,1.9,1.9/10,medium_low,false
piercast-core-seasonal-v0.1.0,grand_haven_mi__chinook_salmon__v0_1,grand_haven_mi,chinook_salmon,20,05-14,05-17,1.9,1.9/10,medium_low,false
piercast-core-seasonal-v0.1.0,grand_haven_mi__chinook_salmon__v0_1,grand_haven_mi,chinook_salmon,21,05-21,05-24,2.1,2.1/10,medium_low,false
piercast-core-seasonal-v0.1.0,grand_haven_mi__chinook_salmon__v0_1,grand_haven_mi,chinook_salmon,22,05-28,05-31,2.3,2.3/10,medium_low,false
piercast-core-seasonal-v0.1.0,grand_haven_mi__chinook_salmon__v0_1,grand_haven_mi,chinook_salmon,23,06-04,06-07,2.5,2.5/10,medium_low,false
piercast-core-seasonal-v0.1.0,grand_haven_mi__chinook_salmon__v0_1,grand_haven_mi,chinook_salmon,24,06-11,06-14,2.6,2.6/10,medium_low,false
piercast-core-seasonal-v0.1.0,grand_haven_mi__chinook_salmon__v0_1,grand_haven_mi,chinook_salmon,25,06-18,06-21,2.9,2.9/10,medium_low,false
piercast-core-seasonal-v0.1.0,grand_haven_mi__chinook_salmon__v0_1,grand_haven_mi,chinook_salmon,26,06-25,06-28,3.5,3.5/10,medium_low,false
piercast-core-seasonal-v0.1.0,grand_haven_mi__chinook_salmon__v0_1,grand_haven_mi,chinook_salmon,27,07-02,07-05,4.1,4.1/10,medium_low,false
piercast-core-seasonal-v0.1.0,grand_haven_mi__chinook_salmon__v0_1,grand_haven_mi,chinook_salmon,28,07-09,07-12,4.7,4.7/10,medium_low,false
piercast-core-seasonal-v0.1.0,grand_haven_mi__chinook_salmon__v0_1,grand_haven_mi,chinook_salmon,29,07-16,07-19,5.3,5.3/10,medium_low,false
piercast-core-seasonal-v0.1.0,grand_haven_mi__chinook_salmon__v0_1,grand_haven_mi,chinook_salmon,30,07-23,07-26,5.5,5.5/10,medium_low,false
piercast-core-seasonal-v0.1.0,grand_haven_mi__chinook_salmon__v0_1,grand_haven_mi,chinook_salmon,31,07-30,08-02,5.3,5.3/10,medium_low,false
piercast-core-seasonal-v0.1.0,grand_haven_mi__chinook_salmon__v0_1,grand_haven_mi,chinook_salmon,32,08-06,08-09,5.5,5.5/10,medium_low,false
piercast-core-seasonal-v0.1.0,grand_haven_mi__chinook_salmon__v0_1,grand_haven_mi,chinook_salmon,33,08-13,08-16,6.0,6.0/10,medium_low,false
piercast-core-seasonal-v0.1.0,grand_haven_mi__chinook_salmon__v0_1,grand_haven_mi,chinook_salmon,34,08-20,08-23,6.5,6.5/10,medium_low,false
piercast-core-seasonal-v0.1.0,grand_haven_mi__chinook_salmon__v0_1,grand_haven_mi,chinook_salmon,35,08-27,08-30,6.5,6.5/10,medium_low,false
piercast-core-seasonal-v0.1.0,grand_haven_mi__chinook_salmon__v0_1,grand_haven_mi,chinook_salmon,36,09-03,09-06,6.2,6.2/10,medium_low,false
piercast-core-seasonal-v0.1.0,grand_haven_mi__chinook_salmon__v0_1,grand_haven_mi,chinook_salmon,37,09-10,09-13,5.5,5.5/10,medium_low,false
piercast-core-seasonal-v0.1.0,grand_haven_mi__chinook_salmon__v0_1,grand_haven_mi,chinook_salmon,38,09-17,09-20,4.7,4.7/10,medium_low,false
piercast-core-seasonal-v0.1.0,grand_haven_mi__chinook_salmon__v0_1,grand_haven_mi,chinook_salmon,39,09-24,09-27,3.9,3.9/10,medium_low,false
piercast-core-seasonal-v0.1.0,grand_haven_mi__chinook_salmon__v0_1,grand_haven_mi,chinook_salmon,40,10-01,10-04,3.1,3.1/10,medium_low,false
piercast-core-seasonal-v0.1.0,grand_haven_mi__chinook_salmon__v0_1,grand_haven_mi,chinook_salmon,41,10-08,10-11,2.3,2.3/10,medium_low,false
piercast-core-seasonal-v0.1.0,grand_haven_mi__chinook_salmon__v0_1,grand_haven_mi,chinook_salmon,42,10-15,10-18,1.9,1.9/10,medium_low,false
piercast-core-seasonal-v0.1.0,grand_haven_mi__chinook_salmon__v0_1,grand_haven_mi,chinook_salmon,43,10-22,10-25,1.8,1.8/10,medium_low,false
piercast-core-seasonal-v0.1.0,grand_haven_mi__chinook_salmon__v0_1,grand_haven_mi,chinook_salmon,44,10-29,11-01,1.7,1.7/10,medium_low,false
piercast-core-seasonal-v0.1.0,grand_haven_mi__chinook_salmon__v0_1,grand_haven_mi,chinook_salmon,45,11-05,11-08,1.7,1.7/10,medium_low,false
piercast-core-seasonal-v0.1.0,grand_haven_mi__chinook_salmon__v0_1,grand_haven_mi,chinook_salmon,46,11-12,11-15,1.6,1.6/10,medium_low,false
piercast-core-seasonal-v0.1.0,grand_haven_mi__chinook_salmon__v0_1,grand_haven_mi,chinook_salmon,47,11-19,11-22,1.5,1.5/10,medium_low,false
piercast-core-seasonal-v0.1.0,grand_haven_mi__chinook_salmon__v0_1,grand_haven_mi,chinook_salmon,48,11-26,11-29,1.5,1.5/10,medium_low,false
piercast-core-seasonal-v0.1.0,grand_haven_mi__chinook_salmon__v0_1,grand_haven_mi,chinook_salmon,49,12-03,12-06,1.4,1.4/10,medium_low,false
piercast-core-seasonal-v0.1.0,grand_haven_mi__chinook_salmon__v0_1,grand_haven_mi,chinook_salmon,50,12-10,12-13,1.3,1.3/10,medium_low,false
piercast-core-seasonal-v0.1.0,grand_haven_mi__chinook_salmon__v0_1,grand_haven_mi,chinook_salmon,51,12-17,12-20,1.3,1.3/10,medium_low,false
piercast-core-seasonal-v0.1.0,grand_haven_mi__chinook_salmon__v0_1,grand_haven_mi,chinook_salmon,52,12-24,12-27,1.3,1.3/10,medium_low,false
piercast-core-seasonal-v0.1.0,grand_haven_mi__coho_salmon__v0_1,grand_haven_mi,coho_salmon,1,01-01,01-04,1.5,1.5/10,medium_low,false
piercast-core-seasonal-v0.1.0,grand_haven_mi__coho_salmon__v0_1,grand_haven_mi,coho_salmon,2,01-08,01-11,1.5,1.5/10,medium_low,false
piercast-core-seasonal-v0.1.0,grand_haven_mi__coho_salmon__v0_1,grand_haven_mi,coho_salmon,3,01-15,01-18,1.6,1.6/10,medium_low,false
piercast-core-seasonal-v0.1.0,grand_haven_mi__coho_salmon__v0_1,grand_haven_mi,coho_salmon,4,01-22,01-25,1.7,1.7/10,medium_low,false
piercast-core-seasonal-v0.1.0,grand_haven_mi__coho_salmon__v0_1,grand_haven_mi,coho_salmon,5,01-29,02-01,1.9,1.9/10,medium_low,false
piercast-core-seasonal-v0.1.0,grand_haven_mi__coho_salmon__v0_1,grand_haven_mi,coho_salmon,6,02-05,02-08,2.0,2.0/10,medium_low,false
piercast-core-seasonal-v0.1.0,grand_haven_mi__coho_salmon__v0_1,grand_haven_mi,coho_salmon,7,02-12,02-15,2.2,2.2/10,medium_low,false
piercast-core-seasonal-v0.1.0,grand_haven_mi__coho_salmon__v0_1,grand_haven_mi,coho_salmon,8,02-19,02-22,2.3,2.3/10,medium_low,false
piercast-core-seasonal-v0.1.0,grand_haven_mi__coho_salmon__v0_1,grand_haven_mi,coho_salmon,9,02-26,03-01,2.5,2.5/10,medium_low,false
piercast-core-seasonal-v0.1.0,grand_haven_mi__coho_salmon__v0_1,grand_haven_mi,coho_salmon,10,03-05,03-08,2.6,2.6/10,medium_low,false
piercast-core-seasonal-v0.1.0,grand_haven_mi__coho_salmon__v0_1,grand_haven_mi,coho_salmon,11,03-12,03-15,2.8,2.8/10,medium_low,false
piercast-core-seasonal-v0.1.0,grand_haven_mi__coho_salmon__v0_1,grand_haven_mi,coho_salmon,12,03-19,03-22,3.5,3.5/10,medium_low,false
piercast-core-seasonal-v0.1.0,grand_haven_mi__coho_salmon__v0_1,grand_haven_mi,coho_salmon,13,03-26,03-29,4.1,4.1/10,medium_low,false
piercast-core-seasonal-v0.1.0,grand_haven_mi__coho_salmon__v0_1,grand_haven_mi,coho_salmon,14,04-02,04-05,4.8,4.8/10,medium_low,false
piercast-core-seasonal-v0.1.0,grand_haven_mi__coho_salmon__v0_1,grand_haven_mi,coho_salmon,15,04-09,04-12,5.4,5.4/10,medium_low,false
piercast-core-seasonal-v0.1.0,grand_haven_mi__coho_salmon__v0_1,grand_haven_mi,coho_salmon,16,04-16,04-19,5.6,5.6/10,medium_low,false
piercast-core-seasonal-v0.1.0,grand_haven_mi__coho_salmon__v0_1,grand_haven_mi,coho_salmon,17,04-23,04-26,5.4,5.4/10,medium_low,false
piercast-core-seasonal-v0.1.0,grand_haven_mi__coho_salmon__v0_1,grand_haven_mi,coho_salmon,18,04-30,05-03,5.2,5.2/10,medium_low,false
piercast-core-seasonal-v0.1.0,grand_haven_mi__coho_salmon__v0_1,grand_haven_mi,coho_salmon,19,05-07,05-10,4.9,4.9/10,medium_low,false
piercast-core-seasonal-v0.1.0,grand_haven_mi__coho_salmon__v0_1,grand_haven_mi,coho_salmon,20,05-14,05-17,4.3,4.3/10,medium_low,false
piercast-core-seasonal-v0.1.0,grand_haven_mi__coho_salmon__v0_1,grand_haven_mi,coho_salmon,21,05-21,05-24,3.8,3.8/10,medium_low,false
piercast-core-seasonal-v0.1.0,grand_haven_mi__coho_salmon__v0_1,grand_haven_mi,coho_salmon,22,05-28,05-31,3.3,3.3/10,medium_low,false
piercast-core-seasonal-v0.1.0,grand_haven_mi__coho_salmon__v0_1,grand_haven_mi,coho_salmon,23,06-04,06-07,2.7,2.7/10,medium_low,false
piercast-core-seasonal-v0.1.0,grand_haven_mi__coho_salmon__v0_1,grand_haven_mi,coho_salmon,24,06-11,06-14,2.4,2.4/10,medium_low,false
piercast-core-seasonal-v0.1.0,grand_haven_mi__coho_salmon__v0_1,grand_haven_mi,coho_salmon,25,06-18,06-21,2.3,2.3/10,medium_low,false
piercast-core-seasonal-v0.1.0,grand_haven_mi__coho_salmon__v0_1,grand_haven_mi,coho_salmon,26,06-25,06-28,2.1,2.1/10,medium_low,false
piercast-core-seasonal-v0.1.0,grand_haven_mi__coho_salmon__v0_1,grand_haven_mi,coho_salmon,27,07-02,07-05,2.0,2.0/10,medium_low,false
piercast-core-seasonal-v0.1.0,grand_haven_mi__coho_salmon__v0_1,grand_haven_mi,coho_salmon,28,07-09,07-12,1.9,1.9/10,medium_low,false
piercast-core-seasonal-v0.1.0,grand_haven_mi__coho_salmon__v0_1,grand_haven_mi,coho_salmon,29,07-16,07-19,1.7,1.7/10,medium_low,false
piercast-core-seasonal-v0.1.0,grand_haven_mi__coho_salmon__v0_1,grand_haven_mi,coho_salmon,30,07-23,07-26,2.0,2.0/10,medium_low,false
piercast-core-seasonal-v0.1.0,grand_haven_mi__coho_salmon__v0_1,grand_haven_mi,coho_salmon,31,07-30,08-02,2.3,2.3/10,medium_low,false
piercast-core-seasonal-v0.1.0,grand_haven_mi__coho_salmon__v0_1,grand_haven_mi,coho_salmon,32,08-06,08-09,2.6,2.6/10,medium_low,false
piercast-core-seasonal-v0.1.0,grand_haven_mi__coho_salmon__v0_1,grand_haven_mi,coho_salmon,33,08-13,08-16,3.0,3.0/10,medium_low,false
piercast-core-seasonal-v0.1.0,grand_haven_mi__coho_salmon__v0_1,grand_haven_mi,coho_salmon,34,08-20,08-23,3.3,3.3/10,medium_low,false
piercast-core-seasonal-v0.1.0,grand_haven_mi__coho_salmon__v0_1,grand_haven_mi,coho_salmon,35,08-27,08-30,3.7,3.7/10,medium_low,false
piercast-core-seasonal-v0.1.0,grand_haven_mi__coho_salmon__v0_1,grand_haven_mi,coho_salmon,36,09-03,09-06,4.2,4.2/10,medium_low,false
piercast-core-seasonal-v0.1.0,grand_haven_mi__coho_salmon__v0_1,grand_haven_mi,coho_salmon,37,09-10,09-13,4.4,4.4/10,medium_low,false
piercast-core-seasonal-v0.1.0,grand_haven_mi__coho_salmon__v0_1,grand_haven_mi,coho_salmon,38,09-17,09-20,4.4,4.4/10,medium_low,false
piercast-core-seasonal-v0.1.0,grand_haven_mi__coho_salmon__v0_1,grand_haven_mi,coho_salmon,39,09-24,09-27,4.5,4.5/10,medium_low,false
piercast-core-seasonal-v0.1.0,grand_haven_mi__coho_salmon__v0_1,grand_haven_mi,coho_salmon,40,10-01,10-04,4.5,4.5/10,medium_low,false
piercast-core-seasonal-v0.1.0,grand_haven_mi__coho_salmon__v0_1,grand_haven_mi,coho_salmon,41,10-08,10-11,4.5,4.5/10,medium_low,false
piercast-core-seasonal-v0.1.0,grand_haven_mi__coho_salmon__v0_1,grand_haven_mi,coho_salmon,42,10-15,10-18,4.6,4.6/10,medium_low,false
piercast-core-seasonal-v0.1.0,grand_haven_mi__coho_salmon__v0_1,grand_haven_mi,coho_salmon,43,10-22,10-25,4.6,4.6/10,medium_low,false
piercast-core-seasonal-v0.1.0,grand_haven_mi__coho_salmon__v0_1,grand_haven_mi,coho_salmon,44,10-29,11-01,4.2,4.2/10,medium_low,false
piercast-core-seasonal-v0.1.0,grand_haven_mi__coho_salmon__v0_1,grand_haven_mi,coho_salmon,45,11-05,11-08,3.6,3.6/10,medium_low,false
piercast-core-seasonal-v0.1.0,grand_haven_mi__coho_salmon__v0_1,grand_haven_mi,coho_salmon,46,11-12,11-15,3.1,3.1/10,medium_low,false
piercast-core-seasonal-v0.1.0,grand_haven_mi__coho_salmon__v0_1,grand_haven_mi,coho_salmon,47,11-19,11-22,2.6,2.6/10,medium_low,false
piercast-core-seasonal-v0.1.0,grand_haven_mi__coho_salmon__v0_1,grand_haven_mi,coho_salmon,48,11-26,11-29,2.4,2.4/10,medium_low,false
piercast-core-seasonal-v0.1.0,grand_haven_mi__coho_salmon__v0_1,grand_haven_mi,coho_salmon,49,12-03,12-06,2.2,2.2/10,medium_low,false
piercast-core-seasonal-v0.1.0,grand_haven_mi__coho_salmon__v0_1,grand_haven_mi,coho_salmon,50,12-10,12-13,2.0,2.0/10,medium_low,false
piercast-core-seasonal-v0.1.0,grand_haven_mi__coho_salmon__v0_1,grand_haven_mi,coho_salmon,51,12-17,12-20,1.8,1.8/10,medium_low,false
piercast-core-seasonal-v0.1.0,grand_haven_mi__coho_salmon__v0_1,grand_haven_mi,coho_salmon,52,12-24,12-27,1.6,1.6/10,medium_low,false
piercast-core-seasonal-v0.1.0,grand_haven_mi__steelhead__v0_1,grand_haven_mi,steelhead,1,01-01,01-04,2.2,2.2/10,medium,false
piercast-core-seasonal-v0.1.0,grand_haven_mi__steelhead__v0_1,grand_haven_mi,steelhead,2,01-08,01-11,2.1,2.1/10,medium,false
piercast-core-seasonal-v0.1.0,grand_haven_mi__steelhead__v0_1,grand_haven_mi,steelhead,3,01-15,01-18,2.1,2.1/10,medium,false
piercast-core-seasonal-v0.1.0,grand_haven_mi__steelhead__v0_1,grand_haven_mi,steelhead,4,01-22,01-25,2.2,2.2/10,medium,false
piercast-core-seasonal-v0.1.0,grand_haven_mi__steelhead__v0_1,grand_haven_mi,steelhead,5,01-29,02-01,2.3,2.3/10,medium,false
piercast-core-seasonal-v0.1.0,grand_haven_mi__steelhead__v0_1,grand_haven_mi,steelhead,6,02-05,02-08,2.4,2.4/10,medium,false
piercast-core-seasonal-v0.1.0,grand_haven_mi__steelhead__v0_1,grand_haven_mi,steelhead,7,02-12,02-15,2.5,2.5/10,medium,false
piercast-core-seasonal-v0.1.0,grand_haven_mi__steelhead__v0_1,grand_haven_mi,steelhead,8,02-19,02-22,2.6,2.6/10,medium,false
piercast-core-seasonal-v0.1.0,grand_haven_mi__steelhead__v0_1,grand_haven_mi,steelhead,9,02-26,03-01,2.8,2.8/10,medium,false
piercast-core-seasonal-v0.1.0,grand_haven_mi__steelhead__v0_1,grand_haven_mi,steelhead,10,03-05,03-08,2.9,2.9/10,medium,false
piercast-core-seasonal-v0.1.0,grand_haven_mi__steelhead__v0_1,grand_haven_mi,steelhead,11,03-12,03-15,3.0,3.0/10,medium,false
piercast-core-seasonal-v0.1.0,grand_haven_mi__steelhead__v0_1,grand_haven_mi,steelhead,12,03-19,03-22,3.4,3.4/10,medium,false
piercast-core-seasonal-v0.1.0,grand_haven_mi__steelhead__v0_1,grand_haven_mi,steelhead,13,03-26,03-29,3.7,3.7/10,medium,false
piercast-core-seasonal-v0.1.0,grand_haven_mi__steelhead__v0_1,grand_haven_mi,steelhead,14,04-02,04-05,4.0,4.0/10,medium,false
piercast-core-seasonal-v0.1.0,grand_haven_mi__steelhead__v0_1,grand_haven_mi,steelhead,15,04-09,04-12,4.4,4.4/10,medium,false
piercast-core-seasonal-v0.1.0,grand_haven_mi__steelhead__v0_1,grand_haven_mi,steelhead,16,04-16,04-19,4.8,4.8/10,medium,false
piercast-core-seasonal-v0.1.0,grand_haven_mi__steelhead__v0_1,grand_haven_mi,steelhead,17,04-23,04-26,4.9,4.9/10,medium,false
piercast-core-seasonal-v0.1.0,grand_haven_mi__steelhead__v0_1,grand_haven_mi,steelhead,18,04-30,05-03,5.0,5.0/10,medium,false
piercast-core-seasonal-v0.1.0,grand_haven_mi__steelhead__v0_1,grand_haven_mi,steelhead,19,05-07,05-10,5.1,5.1/10,medium,false
piercast-core-seasonal-v0.1.0,grand_haven_mi__steelhead__v0_1,grand_haven_mi,steelhead,20,05-14,05-17,5.0,5.0/10,medium,false
piercast-core-seasonal-v0.1.0,grand_haven_mi__steelhead__v0_1,grand_haven_mi,steelhead,21,05-21,05-24,4.9,4.9/10,medium,false
piercast-core-seasonal-v0.1.0,grand_haven_mi__steelhead__v0_1,grand_haven_mi,steelhead,22,05-28,05-31,4.9,4.9/10,medium,false
piercast-core-seasonal-v0.1.0,grand_haven_mi__steelhead__v0_1,grand_haven_mi,steelhead,23,06-04,06-07,4.8,4.8/10,medium,false
piercast-core-seasonal-v0.1.0,grand_haven_mi__steelhead__v0_1,grand_haven_mi,steelhead,24,06-11,06-14,4.7,4.7/10,medium,false
piercast-core-seasonal-v0.1.0,grand_haven_mi__steelhead__v0_1,grand_haven_mi,steelhead,25,06-18,06-21,4.8,4.8/10,medium,false
piercast-core-seasonal-v0.1.0,grand_haven_mi__steelhead__v0_1,grand_haven_mi,steelhead,26,06-25,06-28,4.9,4.9/10,medium,false
piercast-core-seasonal-v0.1.0,grand_haven_mi__steelhead__v0_1,grand_haven_mi,steelhead,27,07-02,07-05,5.1,5.1/10,medium,false
piercast-core-seasonal-v0.1.0,grand_haven_mi__steelhead__v0_1,grand_haven_mi,steelhead,28,07-09,07-12,5.2,5.2/10,medium,false
piercast-core-seasonal-v0.1.0,grand_haven_mi__steelhead__v0_1,grand_haven_mi,steelhead,29,07-16,07-19,5.3,5.3/10,medium,false
piercast-core-seasonal-v0.1.0,grand_haven_mi__steelhead__v0_1,grand_haven_mi,steelhead,30,07-23,07-26,5.2,5.2/10,medium,false
piercast-core-seasonal-v0.1.0,grand_haven_mi__steelhead__v0_1,grand_haven_mi,steelhead,31,07-30,08-02,4.8,4.8/10,medium,false
piercast-core-seasonal-v0.1.0,grand_haven_mi__steelhead__v0_1,grand_haven_mi,steelhead,32,08-06,08-09,4.3,4.3/10,medium,false
piercast-core-seasonal-v0.1.0,grand_haven_mi__steelhead__v0_1,grand_haven_mi,steelhead,33,08-13,08-16,3.9,3.9/10,medium,false
piercast-core-seasonal-v0.1.0,grand_haven_mi__steelhead__v0_1,grand_haven_mi,steelhead,34,08-20,08-23,3.7,3.7/10,medium,false
piercast-core-seasonal-v0.1.0,grand_haven_mi__steelhead__v0_1,grand_haven_mi,steelhead,35,08-27,08-30,3.6,3.6/10,medium,false
piercast-core-seasonal-v0.1.0,grand_haven_mi__steelhead__v0_1,grand_haven_mi,steelhead,36,09-03,09-06,3.6,3.6/10,medium,false
piercast-core-seasonal-v0.1.0,grand_haven_mi__steelhead__v0_1,grand_haven_mi,steelhead,37,09-10,09-13,3.5,3.5/10,medium,false
piercast-core-seasonal-v0.1.0,grand_haven_mi__steelhead__v0_1,grand_haven_mi,steelhead,38,09-17,09-20,3.4,3.4/10,medium,false
piercast-core-seasonal-v0.1.0,grand_haven_mi__steelhead__v0_1,grand_haven_mi,steelhead,39,09-24,09-27,3.6,3.6/10,medium,false
piercast-core-seasonal-v0.1.0,grand_haven_mi__steelhead__v0_1,grand_haven_mi,steelhead,40,10-01,10-04,4.2,4.2/10,medium,false
piercast-core-seasonal-v0.1.0,grand_haven_mi__steelhead__v0_1,grand_haven_mi,steelhead,41,10-08,10-11,4.8,4.8/10,medium,false
piercast-core-seasonal-v0.1.0,grand_haven_mi__steelhead__v0_1,grand_haven_mi,steelhead,42,10-15,10-18,5.4,5.4/10,medium,false
piercast-core-seasonal-v0.1.0,grand_haven_mi__steelhead__v0_1,grand_haven_mi,steelhead,43,10-22,10-25,6.1,6.1/10,medium,false
piercast-core-seasonal-v0.1.0,grand_haven_mi__steelhead__v0_1,grand_haven_mi,steelhead,44,10-29,11-01,6.4,6.4/10,medium,false
piercast-core-seasonal-v0.1.0,grand_haven_mi__steelhead__v0_1,grand_haven_mi,steelhead,45,11-05,11-08,6.0,6.0/10,medium,false
piercast-core-seasonal-v0.1.0,grand_haven_mi__steelhead__v0_1,grand_haven_mi,steelhead,46,11-12,11-15,5.5,5.5/10,medium,false
piercast-core-seasonal-v0.1.0,grand_haven_mi__steelhead__v0_1,grand_haven_mi,steelhead,47,11-19,11-22,5.1,5.1/10,medium,false
piercast-core-seasonal-v0.1.0,grand_haven_mi__steelhead__v0_1,grand_haven_mi,steelhead,48,11-26,11-29,4.6,4.6/10,medium,false
piercast-core-seasonal-v0.1.0,grand_haven_mi__steelhead__v0_1,grand_haven_mi,steelhead,49,12-03,12-06,4.1,4.1/10,medium,false
piercast-core-seasonal-v0.1.0,grand_haven_mi__steelhead__v0_1,grand_haven_mi,steelhead,50,12-10,12-13,3.6,3.6/10,medium,false
piercast-core-seasonal-v0.1.0,grand_haven_mi__steelhead__v0_1,grand_haven_mi,steelhead,51,12-17,12-20,3.1,3.1/10,medium,false
piercast-core-seasonal-v0.1.0,grand_haven_mi__steelhead__v0_1,grand_haven_mi,steelhead,52,12-24,12-27,2.6,2.6/10,medium,false
piercast-core-seasonal-v0.1.0,grand_haven_mi__brown_trout__v0_1,grand_haven_mi,brown_trout,1,01-01,01-04,1.7,1.7/10,medium_low,false
piercast-core-seasonal-v0.1.0,grand_haven_mi__brown_trout__v0_1,grand_haven_mi,brown_trout,2,01-08,01-11,1.7,1.7/10,medium_low,false
piercast-core-seasonal-v0.1.0,grand_haven_mi__brown_trout__v0_1,grand_haven_mi,brown_trout,3,01-15,01-18,1.8,1.8/10,medium_low,false
piercast-core-seasonal-v0.1.0,grand_haven_mi__brown_trout__v0_1,grand_haven_mi,brown_trout,4,01-22,01-25,1.9,1.9/10,medium_low,false
piercast-core-seasonal-v0.1.0,grand_haven_mi__brown_trout__v0_1,grand_haven_mi,brown_trout,5,01-29,02-01,2.0,2.0/10,medium_low,false
piercast-core-seasonal-v0.1.0,grand_haven_mi__brown_trout__v0_1,grand_haven_mi,brown_trout,6,02-05,02-08,2.1,2.1/10,medium_low,false
piercast-core-seasonal-v0.1.0,grand_haven_mi__brown_trout__v0_1,grand_haven_mi,brown_trout,7,02-12,02-15,2.3,2.3/10,medium_low,false
piercast-core-seasonal-v0.1.0,grand_haven_mi__brown_trout__v0_1,grand_haven_mi,brown_trout,8,02-19,02-22,2.4,2.4/10,medium_low,false
piercast-core-seasonal-v0.1.0,grand_haven_mi__brown_trout__v0_1,grand_haven_mi,brown_trout,9,02-26,03-01,2.5,2.5/10,medium_low,false
piercast-core-seasonal-v0.1.0,grand_haven_mi__brown_trout__v0_1,grand_haven_mi,brown_trout,10,03-05,03-08,2.7,2.7/10,medium_low,false
piercast-core-seasonal-v0.1.0,grand_haven_mi__brown_trout__v0_1,grand_haven_mi,brown_trout,11,03-12,03-15,3.1,3.1/10,medium_low,false
piercast-core-seasonal-v0.1.0,grand_haven_mi__brown_trout__v0_1,grand_haven_mi,brown_trout,12,03-19,03-22,3.6,3.6/10,medium_low,false
piercast-core-seasonal-v0.1.0,grand_haven_mi__brown_trout__v0_1,grand_haven_mi,brown_trout,13,03-26,03-29,4.2,4.2/10,medium_low,false
piercast-core-seasonal-v0.1.0,grand_haven_mi__brown_trout__v0_1,grand_haven_mi,brown_trout,14,04-02,04-05,4.7,4.7/10,medium_low,false
piercast-core-seasonal-v0.1.0,grand_haven_mi__brown_trout__v0_1,grand_haven_mi,brown_trout,15,04-09,04-12,5.3,5.3/10,medium_low,false
piercast-core-seasonal-v0.1.0,grand_haven_mi__brown_trout__v0_1,grand_haven_mi,brown_trout,16,04-16,04-19,5.4,5.4/10,medium_low,false
piercast-core-seasonal-v0.1.0,grand_haven_mi__brown_trout__v0_1,grand_haven_mi,brown_trout,17,04-23,04-26,5.2,5.2/10,medium_low,false
piercast-core-seasonal-v0.1.0,grand_haven_mi__brown_trout__v0_1,grand_haven_mi,brown_trout,18,04-30,05-03,5.1,5.1/10,medium_low,false
piercast-core-seasonal-v0.1.0,grand_haven_mi__brown_trout__v0_1,grand_haven_mi,brown_trout,19,05-07,05-10,4.9,4.9/10,medium_low,false
piercast-core-seasonal-v0.1.0,grand_haven_mi__brown_trout__v0_1,grand_haven_mi,brown_trout,20,05-14,05-17,4.5,4.5/10,medium_low,false
piercast-core-seasonal-v0.1.0,grand_haven_mi__brown_trout__v0_1,grand_haven_mi,brown_trout,21,05-21,05-24,4.0,4.0/10,medium_low,false
piercast-core-seasonal-v0.1.0,grand_haven_mi__brown_trout__v0_1,grand_haven_mi,brown_trout,22,05-28,05-31,3.6,3.6/10,medium_low,false
piercast-core-seasonal-v0.1.0,grand_haven_mi__brown_trout__v0_1,grand_haven_mi,brown_trout,23,06-04,06-07,3.1,3.1/10,medium_low,false
piercast-core-seasonal-v0.1.0,grand_haven_mi__brown_trout__v0_1,grand_haven_mi,brown_trout,24,06-11,06-14,2.7,2.7/10,medium_low,false
piercast-core-seasonal-v0.1.0,grand_haven_mi__brown_trout__v0_1,grand_haven_mi,brown_trout,25,06-18,06-21,2.5,2.5/10,medium_low,false
piercast-core-seasonal-v0.1.0,grand_haven_mi__brown_trout__v0_1,grand_haven_mi,brown_trout,26,06-25,06-28,2.4,2.4/10,medium_low,false
piercast-core-seasonal-v0.1.0,grand_haven_mi__brown_trout__v0_1,grand_haven_mi,brown_trout,27,07-02,07-05,2.3,2.3/10,medium_low,false
piercast-core-seasonal-v0.1.0,grand_haven_mi__brown_trout__v0_1,grand_haven_mi,brown_trout,28,07-09,07-12,2.2,2.2/10,medium_low,false
piercast-core-seasonal-v0.1.0,grand_haven_mi__brown_trout__v0_1,grand_haven_mi,brown_trout,29,07-16,07-19,2.0,2.0/10,medium_low,false
piercast-core-seasonal-v0.1.0,grand_haven_mi__brown_trout__v0_1,grand_haven_mi,brown_trout,30,07-23,07-26,1.9,1.9/10,medium_low,false
piercast-core-seasonal-v0.1.0,grand_haven_mi__brown_trout__v0_1,grand_haven_mi,brown_trout,31,07-30,08-02,1.8,1.8/10,medium_low,false
piercast-core-seasonal-v0.1.0,grand_haven_mi__brown_trout__v0_1,grand_haven_mi,brown_trout,32,08-06,08-09,1.7,1.7/10,medium_low,false
piercast-core-seasonal-v0.1.0,grand_haven_mi__brown_trout__v0_1,grand_haven_mi,brown_trout,33,08-13,08-16,1.6,1.6/10,medium_low,false
piercast-core-seasonal-v0.1.0,grand_haven_mi__brown_trout__v0_1,grand_haven_mi,brown_trout,34,08-20,08-23,1.7,1.7/10,medium_low,false
piercast-core-seasonal-v0.1.0,grand_haven_mi__brown_trout__v0_1,grand_haven_mi,brown_trout,35,08-27,08-30,1.7,1.7/10,medium_low,false
piercast-core-seasonal-v0.1.0,grand_haven_mi__brown_trout__v0_1,grand_haven_mi,brown_trout,36,09-03,09-06,1.8,1.8/10,medium_low,false
piercast-core-seasonal-v0.1.0,grand_haven_mi__brown_trout__v0_1,grand_haven_mi,brown_trout,37,09-10,09-13,1.9,1.9/10,medium_low,false
piercast-core-seasonal-v0.1.0,grand_haven_mi__brown_trout__v0_1,grand_haven_mi,brown_trout,38,09-17,09-20,1.9,1.9/10,medium_low,false
piercast-core-seasonal-v0.1.0,grand_haven_mi__brown_trout__v0_1,grand_haven_mi,brown_trout,39,09-24,09-27,2.0,2.0/10,medium_low,false
piercast-core-seasonal-v0.1.0,grand_haven_mi__brown_trout__v0_1,grand_haven_mi,brown_trout,40,10-01,10-04,2.1,2.1/10,medium_low,false
piercast-core-seasonal-v0.1.0,grand_haven_mi__brown_trout__v0_1,grand_haven_mi,brown_trout,41,10-08,10-11,2.1,2.1/10,medium_low,false
piercast-core-seasonal-v0.1.0,grand_haven_mi__brown_trout__v0_1,grand_haven_mi,brown_trout,42,10-15,10-18,2.2,2.2/10,medium_low,false
piercast-core-seasonal-v0.1.0,grand_haven_mi__brown_trout__v0_1,grand_haven_mi,brown_trout,43,10-22,10-25,2.2,2.2/10,medium_low,false
piercast-core-seasonal-v0.1.0,grand_haven_mi__brown_trout__v0_1,grand_haven_mi,brown_trout,44,10-29,11-01,2.1,2.1/10,medium_low,false
piercast-core-seasonal-v0.1.0,grand_haven_mi__brown_trout__v0_1,grand_haven_mi,brown_trout,45,11-05,11-08,2.1,2.1/10,medium_low,false
piercast-core-seasonal-v0.1.0,grand_haven_mi__brown_trout__v0_1,grand_haven_mi,brown_trout,46,11-12,11-15,2.0,2.0/10,medium_low,false
piercast-core-seasonal-v0.1.0,grand_haven_mi__brown_trout__v0_1,grand_haven_mi,brown_trout,47,11-19,11-22,2.0,2.0/10,medium_low,false
piercast-core-seasonal-v0.1.0,grand_haven_mi__brown_trout__v0_1,grand_haven_mi,brown_trout,48,11-26,11-29,1.9,1.9/10,medium_low,false
piercast-core-seasonal-v0.1.0,grand_haven_mi__brown_trout__v0_1,grand_haven_mi,brown_trout,49,12-03,12-06,1.9,1.9/10,medium_low,false
piercast-core-seasonal-v0.1.0,grand_haven_mi__brown_trout__v0_1,grand_haven_mi,brown_trout,50,12-10,12-13,1.8,1.8/10,medium_low,false
piercast-core-seasonal-v0.1.0,grand_haven_mi__brown_trout__v0_1,grand_haven_mi,brown_trout,51,12-17,12-20,1.8,1.8/10,medium_low,false
piercast-core-seasonal-v0.1.0,grand_haven_mi__brown_trout__v0_1,grand_haven_mi,brown_trout,52,12-24,12-27,1.7,1.7/10,medium_low,false
piercast-core-seasonal-v0.1.0,manistee_mi__chinook_salmon__v0_1,manistee_mi,chinook_salmon,1,01-01,01-04,1.4,1.4/10,medium_high,false
piercast-core-seasonal-v0.1.0,manistee_mi__chinook_salmon__v0_1,manistee_mi,chinook_salmon,2,01-08,01-11,1.4,1.4/10,medium_high,false
piercast-core-seasonal-v0.1.0,manistee_mi__chinook_salmon__v0_1,manistee_mi,chinook_salmon,3,01-15,01-18,1.4,1.4/10,medium_high,false
piercast-core-seasonal-v0.1.0,manistee_mi__chinook_salmon__v0_1,manistee_mi,chinook_salmon,4,01-22,01-25,1.4,1.4/10,medium_high,false
piercast-core-seasonal-v0.1.0,manistee_mi__chinook_salmon__v0_1,manistee_mi,chinook_salmon,5,01-29,02-01,1.5,1.5/10,medium_high,false
piercast-core-seasonal-v0.1.0,manistee_mi__chinook_salmon__v0_1,manistee_mi,chinook_salmon,6,02-05,02-08,1.5,1.5/10,medium_high,false
piercast-core-seasonal-v0.1.0,manistee_mi__chinook_salmon__v0_1,manistee_mi,chinook_salmon,7,02-12,02-15,1.5,1.5/10,medium_high,false
piercast-core-seasonal-v0.1.0,manistee_mi__chinook_salmon__v0_1,manistee_mi,chinook_salmon,8,02-19,02-22,1.6,1.6/10,medium_high,false
piercast-core-seasonal-v0.1.0,manistee_mi__chinook_salmon__v0_1,manistee_mi,chinook_salmon,9,02-26,03-01,1.6,1.6/10,medium_high,false
piercast-core-seasonal-v0.1.0,manistee_mi__chinook_salmon__v0_1,manistee_mi,chinook_salmon,10,03-05,03-08,1.6,1.6/10,medium_high,false
piercast-core-seasonal-v0.1.0,manistee_mi__chinook_salmon__v0_1,manistee_mi,chinook_salmon,11,03-12,03-15,1.7,1.7/10,medium_high,false
piercast-core-seasonal-v0.1.0,manistee_mi__chinook_salmon__v0_1,manistee_mi,chinook_salmon,12,03-19,03-22,1.7,1.7/10,medium_high,false
piercast-core-seasonal-v0.1.0,manistee_mi__chinook_salmon__v0_1,manistee_mi,chinook_salmon,13,03-26,03-29,1.7,1.7/10,medium_high,false
piercast-core-seasonal-v0.1.0,manistee_mi__chinook_salmon__v0_1,manistee_mi,chinook_salmon,14,04-02,04-05,1.8,1.8/10,medium_high,false
piercast-core-seasonal-v0.1.0,manistee_mi__chinook_salmon__v0_1,manistee_mi,chinook_salmon,15,04-09,04-12,1.8,1.8/10,medium_high,false
piercast-core-seasonal-v0.1.0,manistee_mi__chinook_salmon__v0_1,manistee_mi,chinook_salmon,16,04-16,04-19,2.0,2.0/10,medium_high,false
piercast-core-seasonal-v0.1.0,manistee_mi__chinook_salmon__v0_1,manistee_mi,chinook_salmon,17,04-23,04-26,2.2,2.2/10,medium_high,false
piercast-core-seasonal-v0.1.0,manistee_mi__chinook_salmon__v0_1,manistee_mi,chinook_salmon,18,04-30,05-03,2.5,2.5/10,medium_high,false
piercast-core-seasonal-v0.1.0,manistee_mi__chinook_salmon__v0_1,manistee_mi,chinook_salmon,19,05-07,05-10,2.8,2.8/10,medium_high,false
piercast-core-seasonal-v0.1.0,manistee_mi__chinook_salmon__v0_1,manistee_mi,chinook_salmon,20,05-14,05-17,3.3,3.3/10,medium_high,false
piercast-core-seasonal-v0.1.0,manistee_mi__chinook_salmon__v0_1,manistee_mi,chinook_salmon,21,05-21,05-24,4.4,4.4/10,medium_high,false
piercast-core-seasonal-v0.1.0,manistee_mi__chinook_salmon__v0_1,manistee_mi,chinook_salmon,22,05-28,05-31,5.5,5.5/10,medium_high,false
piercast-core-seasonal-v0.1.0,manistee_mi__chinook_salmon__v0_1,manistee_mi,chinook_salmon,23,06-04,06-07,5.7,5.7/10,medium_high,false
piercast-core-seasonal-v0.1.0,manistee_mi__chinook_salmon__v0_1,manistee_mi,chinook_salmon,24,06-11,06-14,5.2,5.2/10,medium_high,false
piercast-core-seasonal-v0.1.0,manistee_mi__chinook_salmon__v0_1,manistee_mi,chinook_salmon,25,06-18,06-21,4.8,4.8/10,medium_high,false
piercast-core-seasonal-v0.1.0,manistee_mi__chinook_salmon__v0_1,manistee_mi,chinook_salmon,26,06-25,06-28,4.5,4.5/10,medium_high,false
piercast-core-seasonal-v0.1.0,manistee_mi__chinook_salmon__v0_1,manistee_mi,chinook_salmon,27,07-02,07-05,4.2,4.2/10,medium_high,false
piercast-core-seasonal-v0.1.0,manistee_mi__chinook_salmon__v0_1,manistee_mi,chinook_salmon,28,07-09,07-12,3.9,3.9/10,medium_high,false
piercast-core-seasonal-v0.1.0,manistee_mi__chinook_salmon__v0_1,manistee_mi,chinook_salmon,29,07-16,07-19,3.6,3.6/10,medium_high,false
piercast-core-seasonal-v0.1.0,manistee_mi__chinook_salmon__v0_1,manistee_mi,chinook_salmon,30,07-23,07-26,4.1,4.1/10,medium_high,false
piercast-core-seasonal-v0.1.0,manistee_mi__chinook_salmon__v0_1,manistee_mi,chinook_salmon,31,07-30,08-02,4.7,4.7/10,medium_high,false
piercast-core-seasonal-v0.1.0,manistee_mi__chinook_salmon__v0_1,manistee_mi,chinook_salmon,32,08-06,08-09,5.7,5.7/10,medium_high,false
piercast-core-seasonal-v0.1.0,manistee_mi__chinook_salmon__v0_1,manistee_mi,chinook_salmon,33,08-13,08-16,7.1,7.1/10,medium_high,false
piercast-core-seasonal-v0.1.0,manistee_mi__chinook_salmon__v0_1,manistee_mi,chinook_salmon,34,08-20,08-23,8.1,8.1/10,medium_high,false
piercast-core-seasonal-v0.1.0,manistee_mi__chinook_salmon__v0_1,manistee_mi,chinook_salmon,35,08-27,08-30,8.7,8.7/10,medium_high,false
piercast-core-seasonal-v0.1.0,manistee_mi__chinook_salmon__v0_1,manistee_mi,chinook_salmon,36,09-03,09-06,8.4,8.4/10,medium_high,false
piercast-core-seasonal-v0.1.0,manistee_mi__chinook_salmon__v0_1,manistee_mi,chinook_salmon,37,09-10,09-13,7.1,7.1/10,medium_high,false
piercast-core-seasonal-v0.1.0,manistee_mi__chinook_salmon__v0_1,manistee_mi,chinook_salmon,38,09-17,09-20,5.6,5.6/10,medium_high,false
piercast-core-seasonal-v0.1.0,manistee_mi__chinook_salmon__v0_1,manistee_mi,chinook_salmon,39,09-24,09-27,4.4,4.4/10,medium_high,false
piercast-core-seasonal-v0.1.0,manistee_mi__chinook_salmon__v0_1,manistee_mi,chinook_salmon,40,10-01,10-04,3.5,3.5/10,medium_high,false
piercast-core-seasonal-v0.1.0,manistee_mi__chinook_salmon__v0_1,manistee_mi,chinook_salmon,41,10-08,10-11,2.5,2.5/10,medium_high,false
piercast-core-seasonal-v0.1.0,manistee_mi__chinook_salmon__v0_1,manistee_mi,chinook_salmon,42,10-15,10-18,2.3,2.3/10,medium_high,false
piercast-core-seasonal-v0.1.0,manistee_mi__chinook_salmon__v0_1,manistee_mi,chinook_salmon,43,10-22,10-25,2.1,2.1/10,medium_high,false
piercast-core-seasonal-v0.1.0,manistee_mi__chinook_salmon__v0_1,manistee_mi,chinook_salmon,44,10-29,11-01,1.9,1.9/10,medium_high,false
piercast-core-seasonal-v0.1.0,manistee_mi__chinook_salmon__v0_1,manistee_mi,chinook_salmon,45,11-05,11-08,1.8,1.8/10,medium_high,false
piercast-core-seasonal-v0.1.0,manistee_mi__chinook_salmon__v0_1,manistee_mi,chinook_salmon,46,11-12,11-15,1.6,1.6/10,medium_high,false
piercast-core-seasonal-v0.1.0,manistee_mi__chinook_salmon__v0_1,manistee_mi,chinook_salmon,47,11-19,11-22,1.6,1.6/10,medium_high,false
piercast-core-seasonal-v0.1.0,manistee_mi__chinook_salmon__v0_1,manistee_mi,chinook_salmon,48,11-26,11-29,1.5,1.5/10,medium_high,false
piercast-core-seasonal-v0.1.0,manistee_mi__chinook_salmon__v0_1,manistee_mi,chinook_salmon,49,12-03,12-06,1.5,1.5/10,medium_high,false
piercast-core-seasonal-v0.1.0,manistee_mi__chinook_salmon__v0_1,manistee_mi,chinook_salmon,50,12-10,12-13,1.5,1.5/10,medium_high,false
piercast-core-seasonal-v0.1.0,manistee_mi__chinook_salmon__v0_1,manistee_mi,chinook_salmon,51,12-17,12-20,1.4,1.4/10,medium_high,false
piercast-core-seasonal-v0.1.0,manistee_mi__chinook_salmon__v0_1,manistee_mi,chinook_salmon,52,12-24,12-27,1.4,1.4/10,medium_high,false
piercast-core-seasonal-v0.1.0,manistee_mi__coho_salmon__v0_1,manistee_mi,coho_salmon,1,01-01,01-04,2.1,2.1/10,medium,false
piercast-core-seasonal-v0.1.0,manistee_mi__coho_salmon__v0_1,manistee_mi,coho_salmon,2,01-08,01-11,2.0,2.0/10,medium,false
piercast-core-seasonal-v0.1.0,manistee_mi__coho_salmon__v0_1,manistee_mi,coho_salmon,3,01-15,01-18,2.0,2.0/10,medium,false
piercast-core-seasonal-v0.1.0,manistee_mi__coho_salmon__v0_1,manistee_mi,coho_salmon,4,01-22,01-25,2.4,2.4/10,medium,false
piercast-core-seasonal-v0.1.0,manistee_mi__coho_salmon__v0_1,manistee_mi,coho_salmon,5,01-29,02-01,2.7,2.7/10,medium,false
piercast-core-seasonal-v0.1.0,manistee_mi__coho_salmon__v0_1,manistee_mi,coho_salmon,6,02-05,02-08,3.1,3.1/10,medium,false
piercast-core-seasonal-v0.1.0,manistee_mi__coho_salmon__v0_1,manistee_mi,coho_salmon,7,02-12,02-15,3.4,3.4/10,medium,false
piercast-core-seasonal-v0.1.0,manistee_mi__coho_salmon__v0_1,manistee_mi,coho_salmon,8,02-19,02-22,3.7,3.7/10,medium,false
piercast-core-seasonal-v0.1.0,manistee_mi__coho_salmon__v0_1,manistee_mi,coho_salmon,9,02-26,03-01,4.1,4.1/10,medium,false
piercast-core-seasonal-v0.1.0,manistee_mi__coho_salmon__v0_1,manistee_mi,coho_salmon,10,03-05,03-08,4.4,4.4/10,medium,false
piercast-core-seasonal-v0.1.0,manistee_mi__coho_salmon__v0_1,manistee_mi,coho_salmon,11,03-12,03-15,4.7,4.7/10,medium,false
piercast-core-seasonal-v0.1.0,manistee_mi__coho_salmon__v0_1,manistee_mi,coho_salmon,12,03-19,03-22,5.0,5.0/10,medium,false
piercast-core-seasonal-v0.1.0,manistee_mi__coho_salmon__v0_1,manistee_mi,coho_salmon,13,03-26,03-29,5.3,5.3/10,medium,false
piercast-core-seasonal-v0.1.0,manistee_mi__coho_salmon__v0_1,manistee_mi,coho_salmon,14,04-02,04-05,5.5,5.5/10,medium,false
piercast-core-seasonal-v0.1.0,manistee_mi__coho_salmon__v0_1,manistee_mi,coho_salmon,15,04-09,04-12,5.8,5.8/10,medium,false
piercast-core-seasonal-v0.1.0,manistee_mi__coho_salmon__v0_1,manistee_mi,coho_salmon,16,04-16,04-19,5.5,5.5/10,medium,false
piercast-core-seasonal-v0.1.0,manistee_mi__coho_salmon__v0_1,manistee_mi,coho_salmon,17,04-23,04-26,5.2,5.2/10,medium,false
piercast-core-seasonal-v0.1.0,manistee_mi__coho_salmon__v0_1,manistee_mi,coho_salmon,18,04-30,05-03,4.8,4.8/10,medium,false
piercast-core-seasonal-v0.1.0,manistee_mi__coho_salmon__v0_1,manistee_mi,coho_salmon,19,05-07,05-10,4.5,4.5/10,medium,false
piercast-core-seasonal-v0.1.0,manistee_mi__coho_salmon__v0_1,manistee_mi,coho_salmon,20,05-14,05-17,4.1,4.1/10,medium,false
piercast-core-seasonal-v0.1.0,manistee_mi__coho_salmon__v0_1,manistee_mi,coho_salmon,21,05-21,05-24,3.7,3.7/10,medium,false
piercast-core-seasonal-v0.1.0,manistee_mi__coho_salmon__v0_1,manistee_mi,coho_salmon,22,05-28,05-31,3.4,3.4/10,medium,false
piercast-core-seasonal-v0.1.0,manistee_mi__coho_salmon__v0_1,manistee_mi,coho_salmon,23,06-04,06-07,3.0,3.0/10,medium,false
piercast-core-seasonal-v0.1.0,manistee_mi__coho_salmon__v0_1,manistee_mi,coho_salmon,24,06-11,06-14,2.6,2.6/10,medium,false
piercast-core-seasonal-v0.1.0,manistee_mi__coho_salmon__v0_1,manistee_mi,coho_salmon,25,06-18,06-21,2.3,2.3/10,medium,false
piercast-core-seasonal-v0.1.0,manistee_mi__coho_salmon__v0_1,manistee_mi,coho_salmon,26,06-25,06-28,2.2,2.2/10,medium,false
piercast-core-seasonal-v0.1.0,manistee_mi__coho_salmon__v0_1,manistee_mi,coho_salmon,27,07-02,07-05,2.2,2.2/10,medium,false
piercast-core-seasonal-v0.1.0,manistee_mi__coho_salmon__v0_1,manistee_mi,coho_salmon,28,07-09,07-12,2.1,2.1/10,medium,false
piercast-core-seasonal-v0.1.0,manistee_mi__coho_salmon__v0_1,manistee_mi,coho_salmon,29,07-16,07-19,2.1,2.1/10,medium,false
piercast-core-seasonal-v0.1.0,manistee_mi__coho_salmon__v0_1,manistee_mi,coho_salmon,30,07-23,07-26,2.1,2.1/10,medium,false
piercast-core-seasonal-v0.1.0,manistee_mi__coho_salmon__v0_1,manistee_mi,coho_salmon,31,07-30,08-02,2.9,2.9/10,medium,false
piercast-core-seasonal-v0.1.0,manistee_mi__coho_salmon__v0_1,manistee_mi,coho_salmon,32,08-06,08-09,3.7,3.7/10,medium,false
piercast-core-seasonal-v0.1.0,manistee_mi__coho_salmon__v0_1,manistee_mi,coho_salmon,33,08-13,08-16,4.5,4.5/10,medium,false
piercast-core-seasonal-v0.1.0,manistee_mi__coho_salmon__v0_1,manistee_mi,coho_salmon,34,08-20,08-23,5.1,5.1/10,medium,false
piercast-core-seasonal-v0.1.0,manistee_mi__coho_salmon__v0_1,manistee_mi,coho_salmon,35,08-27,08-30,5.6,5.6/10,medium,false
piercast-core-seasonal-v0.1.0,manistee_mi__coho_salmon__v0_1,manistee_mi,coho_salmon,36,09-03,09-06,6.1,6.1/10,medium,false
piercast-core-seasonal-v0.1.0,manistee_mi__coho_salmon__v0_1,manistee_mi,coho_salmon,37,09-10,09-13,6.4,6.4/10,medium,false
piercast-core-seasonal-v0.1.0,manistee_mi__coho_salmon__v0_1,manistee_mi,coho_salmon,38,09-17,09-20,6.5,6.5/10,medium,false
piercast-core-seasonal-v0.1.0,manistee_mi__coho_salmon__v0_1,manistee_mi,coho_salmon,39,09-24,09-27,6.6,6.6/10,medium,false
piercast-core-seasonal-v0.1.0,manistee_mi__coho_salmon__v0_1,manistee_mi,coho_salmon,40,10-01,10-04,6.7,6.7/10,medium,false
piercast-core-seasonal-v0.1.0,manistee_mi__coho_salmon__v0_1,manistee_mi,coho_salmon,41,10-08,10-11,6.4,6.4/10,medium,false
piercast-core-seasonal-v0.1.0,manistee_mi__coho_salmon__v0_1,manistee_mi,coho_salmon,42,10-15,10-18,6.1,6.1/10,medium,false
piercast-core-seasonal-v0.1.0,manistee_mi__coho_salmon__v0_1,manistee_mi,coho_salmon,43,10-22,10-25,5.8,5.8/10,medium,false
piercast-core-seasonal-v0.1.0,manistee_mi__coho_salmon__v0_1,manistee_mi,coho_salmon,44,10-29,11-01,5.5,5.5/10,medium,false
piercast-core-seasonal-v0.1.0,manistee_mi__coho_salmon__v0_1,manistee_mi,coho_salmon,45,11-05,11-08,5.1,5.1/10,medium,false
piercast-core-seasonal-v0.1.0,manistee_mi__coho_salmon__v0_1,manistee_mi,coho_salmon,46,11-12,11-15,4.5,4.5/10,medium,false
piercast-core-seasonal-v0.1.0,manistee_mi__coho_salmon__v0_1,manistee_mi,coho_salmon,47,11-19,11-22,3.9,3.9/10,medium,false
piercast-core-seasonal-v0.1.0,manistee_mi__coho_salmon__v0_1,manistee_mi,coho_salmon,48,11-26,11-29,3.3,3.3/10,medium,false
piercast-core-seasonal-v0.1.0,manistee_mi__coho_salmon__v0_1,manistee_mi,coho_salmon,49,12-03,12-06,2.7,2.7/10,medium,false
piercast-core-seasonal-v0.1.0,manistee_mi__coho_salmon__v0_1,manistee_mi,coho_salmon,50,12-10,12-13,2.4,2.4/10,medium,false
piercast-core-seasonal-v0.1.0,manistee_mi__coho_salmon__v0_1,manistee_mi,coho_salmon,51,12-17,12-20,2.3,2.3/10,medium,false
piercast-core-seasonal-v0.1.0,manistee_mi__coho_salmon__v0_1,manistee_mi,coho_salmon,52,12-24,12-27,2.2,2.2/10,medium,false
piercast-core-seasonal-v0.1.0,manistee_mi__steelhead__v0_1,manistee_mi,steelhead,1,01-01,01-04,3.0,3.0/10,medium_high,false
piercast-core-seasonal-v0.1.0,manistee_mi__steelhead__v0_1,manistee_mi,steelhead,2,01-08,01-11,2.8,2.8/10,medium_high,false
piercast-core-seasonal-v0.1.0,manistee_mi__steelhead__v0_1,manistee_mi,steelhead,3,01-15,01-18,2.8,2.8/10,medium_high,false
piercast-core-seasonal-v0.1.0,manistee_mi__steelhead__v0_1,manistee_mi,steelhead,4,01-22,01-25,3.1,3.1/10,medium_high,false
piercast-core-seasonal-v0.1.0,manistee_mi__steelhead__v0_1,manistee_mi,steelhead,5,01-29,02-01,3.3,3.3/10,medium_high,false
piercast-core-seasonal-v0.1.0,manistee_mi__steelhead__v0_1,manistee_mi,steelhead,6,02-05,02-08,3.6,3.6/10,medium_high,false
piercast-core-seasonal-v0.1.0,manistee_mi__steelhead__v0_1,manistee_mi,steelhead,7,02-12,02-15,3.9,3.9/10,medium_high,false
piercast-core-seasonal-v0.1.0,manistee_mi__steelhead__v0_1,manistee_mi,steelhead,8,02-19,02-22,4.1,4.1/10,medium_high,false
piercast-core-seasonal-v0.1.0,manistee_mi__steelhead__v0_1,manistee_mi,steelhead,9,02-26,03-01,4.4,4.4/10,medium_high,false
piercast-core-seasonal-v0.1.0,manistee_mi__steelhead__v0_1,manistee_mi,steelhead,10,03-05,03-08,4.7,4.7/10,medium_high,false
piercast-core-seasonal-v0.1.0,manistee_mi__steelhead__v0_1,manistee_mi,steelhead,11,03-12,03-15,4.9,4.9/10,medium_high,false
piercast-core-seasonal-v0.1.0,manistee_mi__steelhead__v0_1,manistee_mi,steelhead,12,03-19,03-22,5.2,5.2/10,medium_high,false
piercast-core-seasonal-v0.1.0,manistee_mi__steelhead__v0_1,manistee_mi,steelhead,13,03-26,03-29,5.6,5.6/10,medium_high,false
piercast-core-seasonal-v0.1.0,manistee_mi__steelhead__v0_1,manistee_mi,steelhead,14,04-02,04-05,5.9,5.9/10,medium_high,false
piercast-core-seasonal-v0.1.0,manistee_mi__steelhead__v0_1,manistee_mi,steelhead,15,04-09,04-12,6.0,6.0/10,medium_high,false
piercast-core-seasonal-v0.1.0,manistee_mi__steelhead__v0_1,manistee_mi,steelhead,16,04-16,04-19,5.8,5.8/10,medium_high,false
piercast-core-seasonal-v0.1.0,manistee_mi__steelhead__v0_1,manistee_mi,steelhead,17,04-23,04-26,5.6,5.6/10,medium_high,false
piercast-core-seasonal-v0.1.0,manistee_mi__steelhead__v0_1,manistee_mi,steelhead,18,04-30,05-03,5.3,5.3/10,medium_high,false
piercast-core-seasonal-v0.1.0,manistee_mi__steelhead__v0_1,manistee_mi,steelhead,19,05-07,05-10,5.2,5.2/10,medium_high,false
piercast-core-seasonal-v0.1.0,manistee_mi__steelhead__v0_1,manistee_mi,steelhead,20,05-14,05-17,5.0,5.0/10,medium_high,false
piercast-core-seasonal-v0.1.0,manistee_mi__steelhead__v0_1,manistee_mi,steelhead,21,05-21,05-24,4.9,4.9/10,medium_high,false
piercast-core-seasonal-v0.1.0,manistee_mi__steelhead__v0_1,manistee_mi,steelhead,22,05-28,05-31,4.8,4.8/10,medium_high,false
piercast-core-seasonal-v0.1.0,manistee_mi__steelhead__v0_1,manistee_mi,steelhead,23,06-04,06-07,4.7,4.7/10,medium_high,false
piercast-core-seasonal-v0.1.0,manistee_mi__steelhead__v0_1,manistee_mi,steelhead,24,06-11,06-14,4.6,4.6/10,medium_high,false
piercast-core-seasonal-v0.1.0,manistee_mi__steelhead__v0_1,manistee_mi,steelhead,25,06-18,06-21,4.5,4.5/10,medium_high,false
piercast-core-seasonal-v0.1.0,manistee_mi__steelhead__v0_1,manistee_mi,steelhead,26,06-25,06-28,4.3,4.3/10,medium_high,false
piercast-core-seasonal-v0.1.0,manistee_mi__steelhead__v0_1,manistee_mi,steelhead,27,07-02,07-05,3.8,3.8/10,medium_high,false
piercast-core-seasonal-v0.1.0,manistee_mi__steelhead__v0_1,manistee_mi,steelhead,28,07-09,07-12,3.4,3.4/10,medium_high,false
piercast-core-seasonal-v0.1.0,manistee_mi__steelhead__v0_1,manistee_mi,steelhead,29,07-16,07-19,3.2,3.2/10,medium_high,false
piercast-core-seasonal-v0.1.0,manistee_mi__steelhead__v0_1,manistee_mi,steelhead,30,07-23,07-26,3.1,3.1/10,medium_high,false
piercast-core-seasonal-v0.1.0,manistee_mi__steelhead__v0_1,manistee_mi,steelhead,31,07-30,08-02,3.1,3.1/10,medium_high,false
piercast-core-seasonal-v0.1.0,manistee_mi__steelhead__v0_1,manistee_mi,steelhead,32,08-06,08-09,3.1,3.1/10,medium_high,false
piercast-core-seasonal-v0.1.0,manistee_mi__steelhead__v0_1,manistee_mi,steelhead,33,08-13,08-16,3.0,3.0/10,medium_high,false
piercast-core-seasonal-v0.1.0,manistee_mi__steelhead__v0_1,manistee_mi,steelhead,34,08-20,08-23,3.0,3.0/10,medium_high,false
piercast-core-seasonal-v0.1.0,manistee_mi__steelhead__v0_1,manistee_mi,steelhead,35,08-27,08-30,3.3,3.3/10,medium_high,false
piercast-core-seasonal-v0.1.0,manistee_mi__steelhead__v0_1,manistee_mi,steelhead,36,09-03,09-06,3.6,3.6/10,medium_high,false
piercast-core-seasonal-v0.1.0,manistee_mi__steelhead__v0_1,manistee_mi,steelhead,37,09-10,09-13,4.0,4.0/10,medium_high,false
piercast-core-seasonal-v0.1.0,manistee_mi__steelhead__v0_1,manistee_mi,steelhead,38,09-17,09-20,4.4,4.4/10,medium_high,false
piercast-core-seasonal-v0.1.0,manistee_mi__steelhead__v0_1,manistee_mi,steelhead,39,09-24,09-27,4.8,4.8/10,medium_high,false
piercast-core-seasonal-v0.1.0,manistee_mi__steelhead__v0_1,manistee_mi,steelhead,40,10-01,10-04,5.1,5.1/10,medium_high,false
piercast-core-seasonal-v0.1.0,manistee_mi__steelhead__v0_1,manistee_mi,steelhead,41,10-08,10-11,5.6,5.6/10,medium_high,false
piercast-core-seasonal-v0.1.0,manistee_mi__steelhead__v0_1,manistee_mi,steelhead,42,10-15,10-18,6.0,6.0/10,medium_high,false
piercast-core-seasonal-v0.1.0,manistee_mi__steelhead__v0_1,manistee_mi,steelhead,43,10-22,10-25,6.4,6.4/10,medium_high,false
piercast-core-seasonal-v0.1.0,manistee_mi__steelhead__v0_1,manistee_mi,steelhead,44,10-29,11-01,6.5,6.5/10,medium_high,false
piercast-core-seasonal-v0.1.0,manistee_mi__steelhead__v0_1,manistee_mi,steelhead,45,11-05,11-08,6.3,6.3/10,medium_high,false
piercast-core-seasonal-v0.1.0,manistee_mi__steelhead__v0_1,manistee_mi,steelhead,46,11-12,11-15,6.1,6.1/10,medium_high,false
piercast-core-seasonal-v0.1.0,manistee_mi__steelhead__v0_1,manistee_mi,steelhead,47,11-19,11-22,5.9,5.9/10,medium_high,false
piercast-core-seasonal-v0.1.0,manistee_mi__steelhead__v0_1,manistee_mi,steelhead,48,11-26,11-29,5.7,5.7/10,medium_high,false
piercast-core-seasonal-v0.1.0,manistee_mi__steelhead__v0_1,manistee_mi,steelhead,49,12-03,12-06,5.4,5.4/10,medium_high,false
piercast-core-seasonal-v0.1.0,manistee_mi__steelhead__v0_1,manistee_mi,steelhead,50,12-10,12-13,4.8,4.8/10,medium_high,false
piercast-core-seasonal-v0.1.0,manistee_mi__steelhead__v0_1,manistee_mi,steelhead,51,12-17,12-20,4.1,4.1/10,medium_high,false
piercast-core-seasonal-v0.1.0,manistee_mi__steelhead__v0_1,manistee_mi,steelhead,52,12-24,12-27,3.5,3.5/10,medium_high,false
piercast-core-seasonal-v0.1.0,manistee_mi__brown_trout__v0_1,manistee_mi,brown_trout,1,01-01,01-04,1.9,1.9/10,medium,false
piercast-core-seasonal-v0.1.0,manistee_mi__brown_trout__v0_1,manistee_mi,brown_trout,2,01-08,01-11,1.9,1.9/10,medium,false
piercast-core-seasonal-v0.1.0,manistee_mi__brown_trout__v0_1,manistee_mi,brown_trout,3,01-15,01-18,2.0,2.0/10,medium,false
piercast-core-seasonal-v0.1.0,manistee_mi__brown_trout__v0_1,manistee_mi,brown_trout,4,01-22,01-25,2.1,2.1/10,medium,false
piercast-core-seasonal-v0.1.0,manistee_mi__brown_trout__v0_1,manistee_mi,brown_trout,5,01-29,02-01,2.3,2.3/10,medium,false
piercast-core-seasonal-v0.1.0,manistee_mi__brown_trout__v0_1,manistee_mi,brown_trout,6,02-05,02-08,2.4,2.4/10,medium,false
piercast-core-seasonal-v0.1.0,manistee_mi__brown_trout__v0_1,manistee_mi,brown_trout,7,02-12,02-15,2.6,2.6/10,medium,false
piercast-core-seasonal-v0.1.0,manistee_mi__brown_trout__v0_1,manistee_mi,brown_trout,8,02-19,02-22,2.7,2.7/10,medium,false
piercast-core-seasonal-v0.1.0,manistee_mi__brown_trout__v0_1,manistee_mi,brown_trout,9,02-26,03-01,2.9,2.9/10,medium,false
piercast-core-seasonal-v0.1.0,manistee_mi__brown_trout__v0_1,manistee_mi,brown_trout,10,03-05,03-08,3.1,3.1/10,medium,false
piercast-core-seasonal-v0.1.0,manistee_mi__brown_trout__v0_1,manistee_mi,brown_trout,11,03-12,03-15,3.6,3.6/10,medium,false
piercast-core-seasonal-v0.1.0,manistee_mi__brown_trout__v0_1,manistee_mi,brown_trout,12,03-19,03-22,4.3,4.3/10,medium,false
piercast-core-seasonal-v0.1.0,manistee_mi__brown_trout__v0_1,manistee_mi,brown_trout,13,03-26,03-29,5.0,5.0/10,medium,false
piercast-core-seasonal-v0.1.0,manistee_mi__brown_trout__v0_1,manistee_mi,brown_trout,14,04-02,04-05,5.7,5.7/10,medium,false
piercast-core-seasonal-v0.1.0,manistee_mi__brown_trout__v0_1,manistee_mi,brown_trout,15,04-09,04-12,6.2,6.2/10,medium,false
piercast-core-seasonal-v0.1.0,manistee_mi__brown_trout__v0_1,manistee_mi,brown_trout,16,04-16,04-19,6.1,6.1/10,medium,false
piercast-core-seasonal-v0.1.0,manistee_mi__brown_trout__v0_1,manistee_mi,brown_trout,17,04-23,04-26,6.0,6.0/10,medium,false
piercast-core-seasonal-v0.1.0,manistee_mi__brown_trout__v0_1,manistee_mi,brown_trout,18,04-30,05-03,5.7,5.7/10,medium,false
piercast-core-seasonal-v0.1.0,manistee_mi__brown_trout__v0_1,manistee_mi,brown_trout,19,05-07,05-10,5.1,5.1/10,medium,false
piercast-core-seasonal-v0.1.0,manistee_mi__brown_trout__v0_1,manistee_mi,brown_trout,20,05-14,05-17,4.6,4.6/10,medium,false
piercast-core-seasonal-v0.1.0,manistee_mi__brown_trout__v0_1,manistee_mi,brown_trout,21,05-21,05-24,4.2,4.2/10,medium,false
piercast-core-seasonal-v0.1.0,manistee_mi__brown_trout__v0_1,manistee_mi,brown_trout,22,05-28,05-31,3.8,3.8/10,medium,false
piercast-core-seasonal-v0.1.0,manistee_mi__brown_trout__v0_1,manistee_mi,brown_trout,23,06-04,06-07,3.4,3.4/10,medium,false
piercast-core-seasonal-v0.1.0,manistee_mi__brown_trout__v0_1,manistee_mi,brown_trout,24,06-11,06-14,3.0,3.0/10,medium,false
piercast-core-seasonal-v0.1.0,manistee_mi__brown_trout__v0_1,manistee_mi,brown_trout,25,06-18,06-21,2.6,2.6/10,medium,false
piercast-core-seasonal-v0.1.0,manistee_mi__brown_trout__v0_1,manistee_mi,brown_trout,26,06-25,06-28,2.5,2.5/10,medium,false
piercast-core-seasonal-v0.1.0,manistee_mi__brown_trout__v0_1,manistee_mi,brown_trout,27,07-02,07-05,2.4,2.4/10,medium,false
piercast-core-seasonal-v0.1.0,manistee_mi__brown_trout__v0_1,manistee_mi,brown_trout,28,07-09,07-12,2.2,2.2/10,medium,false
piercast-core-seasonal-v0.1.0,manistee_mi__brown_trout__v0_1,manistee_mi,brown_trout,29,07-16,07-19,2.1,2.1/10,medium,false
piercast-core-seasonal-v0.1.0,manistee_mi__brown_trout__v0_1,manistee_mi,brown_trout,30,07-23,07-26,2.0,2.0/10,medium,false
piercast-core-seasonal-v0.1.0,manistee_mi__brown_trout__v0_1,manistee_mi,brown_trout,31,07-30,08-02,1.9,1.9/10,medium,false
piercast-core-seasonal-v0.1.0,manistee_mi__brown_trout__v0_1,manistee_mi,brown_trout,32,08-06,08-09,1.8,1.8/10,medium,false
piercast-core-seasonal-v0.1.0,manistee_mi__brown_trout__v0_1,manistee_mi,brown_trout,33,08-13,08-16,1.7,1.7/10,medium,false
piercast-core-seasonal-v0.1.0,manistee_mi__brown_trout__v0_1,manistee_mi,brown_trout,34,08-20,08-23,1.8,1.8/10,medium,false
piercast-core-seasonal-v0.1.0,manistee_mi__brown_trout__v0_1,manistee_mi,brown_trout,35,08-27,08-30,1.8,1.8/10,medium,false
piercast-core-seasonal-v0.1.0,manistee_mi__brown_trout__v0_1,manistee_mi,brown_trout,36,09-03,09-06,1.9,1.9/10,medium,false
piercast-core-seasonal-v0.1.0,manistee_mi__brown_trout__v0_1,manistee_mi,brown_trout,37,09-10,09-13,2.0,2.0/10,medium,false
piercast-core-seasonal-v0.1.0,manistee_mi__brown_trout__v0_1,manistee_mi,brown_trout,38,09-17,09-20,2.1,2.1/10,medium,false
piercast-core-seasonal-v0.1.0,manistee_mi__brown_trout__v0_1,manistee_mi,brown_trout,39,09-24,09-27,2.1,2.1/10,medium,false
piercast-core-seasonal-v0.1.0,manistee_mi__brown_trout__v0_1,manistee_mi,brown_trout,40,10-01,10-04,2.2,2.2/10,medium,false
piercast-core-seasonal-v0.1.0,manistee_mi__brown_trout__v0_1,manistee_mi,brown_trout,41,10-08,10-11,2.3,2.3/10,medium,false
piercast-core-seasonal-v0.1.0,manistee_mi__brown_trout__v0_1,manistee_mi,brown_trout,42,10-15,10-18,2.3,2.3/10,medium,false
piercast-core-seasonal-v0.1.0,manistee_mi__brown_trout__v0_1,manistee_mi,brown_trout,43,10-22,10-25,2.2,2.2/10,medium,false
piercast-core-seasonal-v0.1.0,manistee_mi__brown_trout__v0_1,manistee_mi,brown_trout,44,10-29,11-01,2.2,2.2/10,medium,false
piercast-core-seasonal-v0.1.0,manistee_mi__brown_trout__v0_1,manistee_mi,brown_trout,45,11-05,11-08,2.2,2.2/10,medium,false
piercast-core-seasonal-v0.1.0,manistee_mi__brown_trout__v0_1,manistee_mi,brown_trout,46,11-12,11-15,2.1,2.1/10,medium,false
piercast-core-seasonal-v0.1.0,manistee_mi__brown_trout__v0_1,manistee_mi,brown_trout,47,11-19,11-22,2.1,2.1/10,medium,false
piercast-core-seasonal-v0.1.0,manistee_mi__brown_trout__v0_1,manistee_mi,brown_trout,48,11-26,11-29,2.1,2.1/10,medium,false
piercast-core-seasonal-v0.1.0,manistee_mi__brown_trout__v0_1,manistee_mi,brown_trout,49,12-03,12-06,2.0,2.0/10,medium,false
piercast-core-seasonal-v0.1.0,manistee_mi__brown_trout__v0_1,manistee_mi,brown_trout,50,12-10,12-13,2.0,2.0/10,medium,false
piercast-core-seasonal-v0.1.0,manistee_mi__brown_trout__v0_1,manistee_mi,brown_trout,51,12-17,12-20,2.0,2.0/10,medium,false
piercast-core-seasonal-v0.1.0,manistee_mi__brown_trout__v0_1,manistee_mi,brown_trout,52,12-24,12-27,1.9,1.9/10,medium,false
piercast-core-seasonal-v0.1.0,frankfort_elberta_mi__chinook_salmon__v0_1,frankfort_elberta_mi,chinook_salmon,1,01-01,01-04,1.3,1.3/10,medium_high,false
piercast-core-seasonal-v0.1.0,frankfort_elberta_mi__chinook_salmon__v0_1,frankfort_elberta_mi,chinook_salmon,2,01-08,01-11,1.3,1.3/10,medium_high,false
piercast-core-seasonal-v0.1.0,frankfort_elberta_mi__chinook_salmon__v0_1,frankfort_elberta_mi,chinook_salmon,3,01-15,01-18,1.3,1.3/10,medium_high,false
piercast-core-seasonal-v0.1.0,frankfort_elberta_mi__chinook_salmon__v0_1,frankfort_elberta_mi,chinook_salmon,4,01-22,01-25,1.3,1.3/10,medium_high,false
piercast-core-seasonal-v0.1.0,frankfort_elberta_mi__chinook_salmon__v0_1,frankfort_elberta_mi,chinook_salmon,5,01-29,02-01,1.4,1.4/10,medium_high,false
piercast-core-seasonal-v0.1.0,frankfort_elberta_mi__chinook_salmon__v0_1,frankfort_elberta_mi,chinook_salmon,6,02-05,02-08,1.4,1.4/10,medium_high,false
piercast-core-seasonal-v0.1.0,frankfort_elberta_mi__chinook_salmon__v0_1,frankfort_elberta_mi,chinook_salmon,7,02-12,02-15,1.4,1.4/10,medium_high,false
piercast-core-seasonal-v0.1.0,frankfort_elberta_mi__chinook_salmon__v0_1,frankfort_elberta_mi,chinook_salmon,8,02-19,02-22,1.5,1.5/10,medium_high,false
piercast-core-seasonal-v0.1.0,frankfort_elberta_mi__chinook_salmon__v0_1,frankfort_elberta_mi,chinook_salmon,9,02-26,03-01,1.5,1.5/10,medium_high,false
piercast-core-seasonal-v0.1.0,frankfort_elberta_mi__chinook_salmon__v0_1,frankfort_elberta_mi,chinook_salmon,10,03-05,03-08,1.5,1.5/10,medium_high,false
piercast-core-seasonal-v0.1.0,frankfort_elberta_mi__chinook_salmon__v0_1,frankfort_elberta_mi,chinook_salmon,11,03-12,03-15,1.6,1.6/10,medium_high,false
piercast-core-seasonal-v0.1.0,frankfort_elberta_mi__chinook_salmon__v0_1,frankfort_elberta_mi,chinook_salmon,12,03-19,03-22,1.6,1.6/10,medium_high,false
piercast-core-seasonal-v0.1.0,frankfort_elberta_mi__chinook_salmon__v0_1,frankfort_elberta_mi,chinook_salmon,13,03-26,03-29,1.6,1.6/10,medium_high,false
piercast-core-seasonal-v0.1.0,frankfort_elberta_mi__chinook_salmon__v0_1,frankfort_elberta_mi,chinook_salmon,14,04-02,04-05,1.7,1.7/10,medium_high,false
piercast-core-seasonal-v0.1.0,frankfort_elberta_mi__chinook_salmon__v0_1,frankfort_elberta_mi,chinook_salmon,15,04-09,04-12,1.7,1.7/10,medium_high,false
piercast-core-seasonal-v0.1.0,frankfort_elberta_mi__chinook_salmon__v0_1,frankfort_elberta_mi,chinook_salmon,16,04-16,04-19,1.8,1.8/10,medium_high,false
piercast-core-seasonal-v0.1.0,frankfort_elberta_mi__chinook_salmon__v0_1,frankfort_elberta_mi,chinook_salmon,17,04-23,04-26,2.0,2.0/10,medium_high,false
piercast-core-seasonal-v0.1.0,frankfort_elberta_mi__chinook_salmon__v0_1,frankfort_elberta_mi,chinook_salmon,18,04-30,05-03,2.2,2.2/10,medium_high,false
piercast-core-seasonal-v0.1.0,frankfort_elberta_mi__chinook_salmon__v0_1,frankfort_elberta_mi,chinook_salmon,19,05-07,05-10,2.4,2.4/10,medium_high,false
piercast-core-seasonal-v0.1.0,frankfort_elberta_mi__chinook_salmon__v0_1,frankfort_elberta_mi,chinook_salmon,20,05-14,05-17,2.6,2.6/10,medium_high,false
piercast-core-seasonal-v0.1.0,frankfort_elberta_mi__chinook_salmon__v0_1,frankfort_elberta_mi,chinook_salmon,21,05-21,05-24,2.9,2.9/10,medium_high,false
piercast-core-seasonal-v0.1.0,frankfort_elberta_mi__chinook_salmon__v0_1,frankfort_elberta_mi,chinook_salmon,22,05-28,05-31,3.1,3.1/10,medium_high,false
piercast-core-seasonal-v0.1.0,frankfort_elberta_mi__chinook_salmon__v0_1,frankfort_elberta_mi,chinook_salmon,23,06-04,06-07,3.4,3.4/10,medium_high,false
piercast-core-seasonal-v0.1.0,frankfort_elberta_mi__chinook_salmon__v0_1,frankfort_elberta_mi,chinook_salmon,24,06-11,06-14,3.7,3.7/10,medium_high,false
piercast-core-seasonal-v0.1.0,frankfort_elberta_mi__chinook_salmon__v0_1,frankfort_elberta_mi,chinook_salmon,25,06-18,06-21,4.8,4.8/10,medium_high,false
piercast-core-seasonal-v0.1.0,frankfort_elberta_mi__chinook_salmon__v0_1,frankfort_elberta_mi,chinook_salmon,26,06-25,06-28,5.7,5.7/10,medium_high,false
piercast-core-seasonal-v0.1.0,frankfort_elberta_mi__chinook_salmon__v0_1,frankfort_elberta_mi,chinook_salmon,27,07-02,07-05,5.1,5.1/10,medium_high,false
piercast-core-seasonal-v0.1.0,frankfort_elberta_mi__chinook_salmon__v0_1,frankfort_elberta_mi,chinook_salmon,28,07-09,07-12,4.6,4.6/10,medium_high,false
piercast-core-seasonal-v0.1.0,frankfort_elberta_mi__chinook_salmon__v0_1,frankfort_elberta_mi,chinook_salmon,29,07-16,07-19,4.1,4.1/10,medium_high,false
piercast-core-seasonal-v0.1.0,frankfort_elberta_mi__chinook_salmon__v0_1,frankfort_elberta_mi,chinook_salmon,30,07-23,07-26,4.5,4.5/10,medium_high,false
piercast-core-seasonal-v0.1.0,frankfort_elberta_mi__chinook_salmon__v0_1,frankfort_elberta_mi,chinook_salmon,31,07-30,08-02,5.0,5.0/10,medium_high,false
piercast-core-seasonal-v0.1.0,frankfort_elberta_mi__chinook_salmon__v0_1,frankfort_elberta_mi,chinook_salmon,32,08-06,08-09,6.5,6.5/10,medium_high,false
piercast-core-seasonal-v0.1.0,frankfort_elberta_mi__chinook_salmon__v0_1,frankfort_elberta_mi,chinook_salmon,33,08-13,08-16,8.8,8.8/10,medium_high,false
piercast-core-seasonal-v0.1.0,frankfort_elberta_mi__chinook_salmon__v0_1,frankfort_elberta_mi,chinook_salmon,34,08-20,08-23,8.5,8.5/10,medium_high,false
piercast-core-seasonal-v0.1.0,frankfort_elberta_mi__chinook_salmon__v0_1,frankfort_elberta_mi,chinook_salmon,35,08-27,08-30,8.2,8.2/10,medium_high,false
piercast-core-seasonal-v0.1.0,frankfort_elberta_mi__chinook_salmon__v0_1,frankfort_elberta_mi,chinook_salmon,36,09-03,09-06,7.7,7.7/10,medium_high,false
piercast-core-seasonal-v0.1.0,frankfort_elberta_mi__chinook_salmon__v0_1,frankfort_elberta_mi,chinook_salmon,37,09-10,09-13,7.0,7.0/10,medium_high,false
piercast-core-seasonal-v0.1.0,frankfort_elberta_mi__chinook_salmon__v0_1,frankfort_elberta_mi,chinook_salmon,38,09-17,09-20,6.1,6.1/10,medium_high,false
piercast-core-seasonal-v0.1.0,frankfort_elberta_mi__chinook_salmon__v0_1,frankfort_elberta_mi,chinook_salmon,39,09-24,09-27,5.1,5.1/10,medium_high,false
piercast-core-seasonal-v0.1.0,frankfort_elberta_mi__chinook_salmon__v0_1,frankfort_elberta_mi,chinook_salmon,40,10-01,10-04,4.0,4.0/10,medium_high,false
piercast-core-seasonal-v0.1.0,frankfort_elberta_mi__chinook_salmon__v0_1,frankfort_elberta_mi,chinook_salmon,41,10-08,10-11,2.9,2.9/10,medium_high,false
piercast-core-seasonal-v0.1.0,frankfort_elberta_mi__chinook_salmon__v0_1,frankfort_elberta_mi,chinook_salmon,42,10-15,10-18,2.1,2.1/10,medium_high,false
piercast-core-seasonal-v0.1.0,frankfort_elberta_mi__chinook_salmon__v0_1,frankfort_elberta_mi,chinook_salmon,43,10-22,10-25,2.0,2.0/10,medium_high,false
piercast-core-seasonal-v0.1.0,frankfort_elberta_mi__chinook_salmon__v0_1,frankfort_elberta_mi,chinook_salmon,44,10-29,11-01,1.8,1.8/10,medium_high,false
piercast-core-seasonal-v0.1.0,frankfort_elberta_mi__chinook_salmon__v0_1,frankfort_elberta_mi,chinook_salmon,45,11-05,11-08,1.7,1.7/10,medium_high,false
piercast-core-seasonal-v0.1.0,frankfort_elberta_mi__chinook_salmon__v0_1,frankfort_elberta_mi,chinook_salmon,46,11-12,11-15,1.5,1.5/10,medium_high,false
piercast-core-seasonal-v0.1.0,frankfort_elberta_mi__chinook_salmon__v0_1,frankfort_elberta_mi,chinook_salmon,47,11-19,11-22,1.5,1.5/10,medium_high,false
piercast-core-seasonal-v0.1.0,frankfort_elberta_mi__chinook_salmon__v0_1,frankfort_elberta_mi,chinook_salmon,48,11-26,11-29,1.4,1.4/10,medium_high,false
piercast-core-seasonal-v0.1.0,frankfort_elberta_mi__chinook_salmon__v0_1,frankfort_elberta_mi,chinook_salmon,49,12-03,12-06,1.4,1.4/10,medium_high,false
piercast-core-seasonal-v0.1.0,frankfort_elberta_mi__chinook_salmon__v0_1,frankfort_elberta_mi,chinook_salmon,50,12-10,12-13,1.4,1.4/10,medium_high,false
piercast-core-seasonal-v0.1.0,frankfort_elberta_mi__chinook_salmon__v0_1,frankfort_elberta_mi,chinook_salmon,51,12-17,12-20,1.3,1.3/10,medium_high,false
piercast-core-seasonal-v0.1.0,frankfort_elberta_mi__chinook_salmon__v0_1,frankfort_elberta_mi,chinook_salmon,52,12-24,12-27,1.3,1.3/10,medium_high,false
piercast-core-seasonal-v0.1.0,frankfort_elberta_mi__coho_salmon__v0_1,frankfort_elberta_mi,coho_salmon,1,01-01,01-04,1.6,1.6/10,medium_low,false
piercast-core-seasonal-v0.1.0,frankfort_elberta_mi__coho_salmon__v0_1,frankfort_elberta_mi,coho_salmon,2,01-08,01-11,1.5,1.5/10,medium_low,false
piercast-core-seasonal-v0.1.0,frankfort_elberta_mi__coho_salmon__v0_1,frankfort_elberta_mi,coho_salmon,3,01-15,01-18,1.5,1.5/10,medium_low,false
piercast-core-seasonal-v0.1.0,frankfort_elberta_mi__coho_salmon__v0_1,frankfort_elberta_mi,coho_salmon,4,01-22,01-25,1.6,1.6/10,medium_low,false
piercast-core-seasonal-v0.1.0,frankfort_elberta_mi__coho_salmon__v0_1,frankfort_elberta_mi,coho_salmon,5,01-29,02-01,1.6,1.6/10,medium_low,false
piercast-core-seasonal-v0.1.0,frankfort_elberta_mi__coho_salmon__v0_1,frankfort_elberta_mi,coho_salmon,6,02-05,02-08,1.7,1.7/10,medium_low,false
piercast-core-seasonal-v0.1.0,frankfort_elberta_mi__coho_salmon__v0_1,frankfort_elberta_mi,coho_salmon,7,02-12,02-15,1.8,1.8/10,medium_low,false
piercast-core-seasonal-v0.1.0,frankfort_elberta_mi__coho_salmon__v0_1,frankfort_elberta_mi,coho_salmon,8,02-19,02-22,1.8,1.8/10,medium_low,false
piercast-core-seasonal-v0.1.0,frankfort_elberta_mi__coho_salmon__v0_1,frankfort_elberta_mi,coho_salmon,9,02-26,03-01,1.9,1.9/10,medium_low,false
piercast-core-seasonal-v0.1.0,frankfort_elberta_mi__coho_salmon__v0_1,frankfort_elberta_mi,coho_salmon,10,03-05,03-08,1.9,1.9/10,medium_low,false
piercast-core-seasonal-v0.1.0,frankfort_elberta_mi__coho_salmon__v0_1,frankfort_elberta_mi,coho_salmon,11,03-12,03-15,2.0,2.0/10,medium_low,false
piercast-core-seasonal-v0.1.0,frankfort_elberta_mi__coho_salmon__v0_1,frankfort_elberta_mi,coho_salmon,12,03-19,03-22,2.2,2.2/10,medium_low,false
piercast-core-seasonal-v0.1.0,frankfort_elberta_mi__coho_salmon__v0_1,frankfort_elberta_mi,coho_salmon,13,03-26,03-29,2.4,2.4/10,medium_low,false
piercast-core-seasonal-v0.1.0,frankfort_elberta_mi__coho_salmon__v0_1,frankfort_elberta_mi,coho_salmon,14,04-02,04-05,2.5,2.5/10,medium_low,false
piercast-core-seasonal-v0.1.0,frankfort_elberta_mi__coho_salmon__v0_1,frankfort_elberta_mi,coho_salmon,15,04-09,04-12,2.7,2.7/10,medium_low,false
piercast-core-seasonal-v0.1.0,frankfort_elberta_mi__coho_salmon__v0_1,frankfort_elberta_mi,coho_salmon,16,04-16,04-19,2.7,2.7/10,medium_low,false
piercast-core-seasonal-v0.1.0,frankfort_elberta_mi__coho_salmon__v0_1,frankfort_elberta_mi,coho_salmon,17,04-23,04-26,2.6,2.6/10,medium_low,false
piercast-core-seasonal-v0.1.0,frankfort_elberta_mi__coho_salmon__v0_1,frankfort_elberta_mi,coho_salmon,18,04-30,05-03,2.5,2.5/10,medium_low,false
piercast-core-seasonal-v0.1.0,frankfort_elberta_mi__coho_salmon__v0_1,frankfort_elberta_mi,coho_salmon,19,05-07,05-10,2.4,2.4/10,medium_low,false
piercast-core-seasonal-v0.1.0,frankfort_elberta_mi__coho_salmon__v0_1,frankfort_elberta_mi,coho_salmon,20,05-14,05-17,2.3,2.3/10,medium_low,false
piercast-core-seasonal-v0.1.0,frankfort_elberta_mi__coho_salmon__v0_1,frankfort_elberta_mi,coho_salmon,21,05-21,05-24,2.2,2.2/10,medium_low,false
piercast-core-seasonal-v0.1.0,frankfort_elberta_mi__coho_salmon__v0_1,frankfort_elberta_mi,coho_salmon,22,05-28,05-31,2.0,2.0/10,medium_low,false
piercast-core-seasonal-v0.1.0,frankfort_elberta_mi__coho_salmon__v0_1,frankfort_elberta_mi,coho_salmon,23,06-04,06-07,1.9,1.9/10,medium_low,false
piercast-core-seasonal-v0.1.0,frankfort_elberta_mi__coho_salmon__v0_1,frankfort_elberta_mi,coho_salmon,24,06-11,06-14,1.8,1.8/10,medium_low,false
piercast-core-seasonal-v0.1.0,frankfort_elberta_mi__coho_salmon__v0_1,frankfort_elberta_mi,coho_salmon,25,06-18,06-21,2.1,2.1/10,medium_low,false
piercast-core-seasonal-v0.1.0,frankfort_elberta_mi__coho_salmon__v0_1,frankfort_elberta_mi,coho_salmon,26,06-25,06-28,2.3,2.3/10,medium_low,false
piercast-core-seasonal-v0.1.0,frankfort_elberta_mi__coho_salmon__v0_1,frankfort_elberta_mi,coho_salmon,27,07-02,07-05,2.6,2.6/10,medium_low,false
piercast-core-seasonal-v0.1.0,frankfort_elberta_mi__coho_salmon__v0_1,frankfort_elberta_mi,coho_salmon,28,07-09,07-12,2.9,2.9/10,medium_low,false
piercast-core-seasonal-v0.1.0,frankfort_elberta_mi__coho_salmon__v0_1,frankfort_elberta_mi,coho_salmon,29,07-16,07-19,3.2,3.2/10,medium_low,false
piercast-core-seasonal-v0.1.0,frankfort_elberta_mi__coho_salmon__v0_1,frankfort_elberta_mi,coho_salmon,30,07-23,07-26,3.5,3.5/10,medium_low,false
piercast-core-seasonal-v0.1.0,frankfort_elberta_mi__coho_salmon__v0_1,frankfort_elberta_mi,coho_salmon,31,07-30,08-02,3.8,3.8/10,medium_low,false
piercast-core-seasonal-v0.1.0,frankfort_elberta_mi__coho_salmon__v0_1,frankfort_elberta_mi,coho_salmon,32,08-06,08-09,4.1,4.1/10,medium_low,false
piercast-core-seasonal-v0.1.0,frankfort_elberta_mi__coho_salmon__v0_1,frankfort_elberta_mi,coho_salmon,33,08-13,08-16,4.4,4.4/10,medium_low,false
piercast-core-seasonal-v0.1.0,frankfort_elberta_mi__coho_salmon__v0_1,frankfort_elberta_mi,coho_salmon,34,08-20,08-23,4.8,4.8/10,medium_low,false
piercast-core-seasonal-v0.1.0,frankfort_elberta_mi__coho_salmon__v0_1,frankfort_elberta_mi,coho_salmon,35,08-27,08-30,5.1,5.1/10,medium_low,false
piercast-core-seasonal-v0.1.0,frankfort_elberta_mi__coho_salmon__v0_1,frankfort_elberta_mi,coho_salmon,36,09-03,09-06,5.5,5.5/10,medium_low,false
piercast-core-seasonal-v0.1.0,frankfort_elberta_mi__coho_salmon__v0_1,frankfort_elberta_mi,coho_salmon,37,09-10,09-13,5.9,5.9/10,medium_low,false
piercast-core-seasonal-v0.1.0,frankfort_elberta_mi__coho_salmon__v0_1,frankfort_elberta_mi,coho_salmon,38,09-17,09-20,6.1,6.1/10,medium_low,false
piercast-core-seasonal-v0.1.0,frankfort_elberta_mi__coho_salmon__v0_1,frankfort_elberta_mi,coho_salmon,39,09-24,09-27,6.2,6.2/10,medium_low,false
piercast-core-seasonal-v0.1.0,frankfort_elberta_mi__coho_salmon__v0_1,frankfort_elberta_mi,coho_salmon,40,10-01,10-04,6.4,6.4/10,medium_low,false
piercast-core-seasonal-v0.1.0,frankfort_elberta_mi__coho_salmon__v0_1,frankfort_elberta_mi,coho_salmon,41,10-08,10-11,6.0,6.0/10,medium_low,false
piercast-core-seasonal-v0.1.0,frankfort_elberta_mi__coho_salmon__v0_1,frankfort_elberta_mi,coho_salmon,42,10-15,10-18,5.6,5.6/10,medium_low,false
piercast-core-seasonal-v0.1.0,frankfort_elberta_mi__coho_salmon__v0_1,frankfort_elberta_mi,coho_salmon,43,10-22,10-25,5.2,5.2/10,medium_low,false
piercast-core-seasonal-v0.1.0,frankfort_elberta_mi__coho_salmon__v0_1,frankfort_elberta_mi,coho_salmon,44,10-29,11-01,4.8,4.8/10,medium_low,false
piercast-core-seasonal-v0.1.0,frankfort_elberta_mi__coho_salmon__v0_1,frankfort_elberta_mi,coho_salmon,45,11-05,11-08,4.1,4.1/10,medium_low,false
piercast-core-seasonal-v0.1.0,frankfort_elberta_mi__coho_salmon__v0_1,frankfort_elberta_mi,coho_salmon,46,11-12,11-15,3.5,3.5/10,medium_low,false
piercast-core-seasonal-v0.1.0,frankfort_elberta_mi__coho_salmon__v0_1,frankfort_elberta_mi,coho_salmon,47,11-19,11-22,2.8,2.8/10,medium_low,false
piercast-core-seasonal-v0.1.0,frankfort_elberta_mi__coho_salmon__v0_1,frankfort_elberta_mi,coho_salmon,48,11-26,11-29,2.2,2.2/10,medium_low,false
piercast-core-seasonal-v0.1.0,frankfort_elberta_mi__coho_salmon__v0_1,frankfort_elberta_mi,coho_salmon,49,12-03,12-06,1.9,1.9/10,medium_low,false
piercast-core-seasonal-v0.1.0,frankfort_elberta_mi__coho_salmon__v0_1,frankfort_elberta_mi,coho_salmon,50,12-10,12-13,1.9,1.9/10,medium_low,false
piercast-core-seasonal-v0.1.0,frankfort_elberta_mi__coho_salmon__v0_1,frankfort_elberta_mi,coho_salmon,51,12-17,12-20,1.8,1.8/10,medium_low,false
piercast-core-seasonal-v0.1.0,frankfort_elberta_mi__coho_salmon__v0_1,frankfort_elberta_mi,coho_salmon,52,12-24,12-27,1.7,1.7/10,medium_low,false
piercast-core-seasonal-v0.1.0,frankfort_elberta_mi__steelhead__v0_1,frankfort_elberta_mi,steelhead,1,01-01,01-04,2.7,2.7/10,medium_high,false
piercast-core-seasonal-v0.1.0,frankfort_elberta_mi__steelhead__v0_1,frankfort_elberta_mi,steelhead,2,01-08,01-11,2.6,2.6/10,medium_high,false
piercast-core-seasonal-v0.1.0,frankfort_elberta_mi__steelhead__v0_1,frankfort_elberta_mi,steelhead,3,01-15,01-18,2.6,2.6/10,medium_high,false
piercast-core-seasonal-v0.1.0,frankfort_elberta_mi__steelhead__v0_1,frankfort_elberta_mi,steelhead,4,01-22,01-25,2.8,2.8/10,medium_high,false
piercast-core-seasonal-v0.1.0,frankfort_elberta_mi__steelhead__v0_1,frankfort_elberta_mi,steelhead,5,01-29,02-01,3.0,3.0/10,medium_high,false
piercast-core-seasonal-v0.1.0,frankfort_elberta_mi__steelhead__v0_1,frankfort_elberta_mi,steelhead,6,02-05,02-08,3.2,3.2/10,medium_high,false
piercast-core-seasonal-v0.1.0,frankfort_elberta_mi__steelhead__v0_1,frankfort_elberta_mi,steelhead,7,02-12,02-15,3.4,3.4/10,medium_high,false
piercast-core-seasonal-v0.1.0,frankfort_elberta_mi__steelhead__v0_1,frankfort_elberta_mi,steelhead,8,02-19,02-22,3.6,3.6/10,medium_high,false
piercast-core-seasonal-v0.1.0,frankfort_elberta_mi__steelhead__v0_1,frankfort_elberta_mi,steelhead,9,02-26,03-01,3.8,3.8/10,medium_high,false
piercast-core-seasonal-v0.1.0,frankfort_elberta_mi__steelhead__v0_1,frankfort_elberta_mi,steelhead,10,03-05,03-08,3.9,3.9/10,medium_high,false
piercast-core-seasonal-v0.1.0,frankfort_elberta_mi__steelhead__v0_1,frankfort_elberta_mi,steelhead,11,03-12,03-15,4.7,4.7/10,medium_high,false
piercast-core-seasonal-v0.1.0,frankfort_elberta_mi__steelhead__v0_1,frankfort_elberta_mi,steelhead,12,03-19,03-22,5.7,5.7/10,medium_high,false
piercast-core-seasonal-v0.1.0,frankfort_elberta_mi__steelhead__v0_1,frankfort_elberta_mi,steelhead,13,03-26,03-29,6.6,6.6/10,medium_high,false
piercast-core-seasonal-v0.1.0,frankfort_elberta_mi__steelhead__v0_1,frankfort_elberta_mi,steelhead,14,04-02,04-05,7.0,7.0/10,medium_high,false
piercast-core-seasonal-v0.1.0,frankfort_elberta_mi__steelhead__v0_1,frankfort_elberta_mi,steelhead,15,04-09,04-12,6.4,6.4/10,medium_high,false
piercast-core-seasonal-v0.1.0,frankfort_elberta_mi__steelhead__v0_1,frankfort_elberta_mi,steelhead,16,04-16,04-19,5.8,5.8/10,medium_high,false
piercast-core-seasonal-v0.1.0,frankfort_elberta_mi__steelhead__v0_1,frankfort_elberta_mi,steelhead,17,04-23,04-26,5.3,5.3/10,medium_high,false
piercast-core-seasonal-v0.1.0,frankfort_elberta_mi__steelhead__v0_1,frankfort_elberta_mi,steelhead,18,04-30,05-03,4.8,4.8/10,medium_high,false
piercast-core-seasonal-v0.1.0,frankfort_elberta_mi__steelhead__v0_1,frankfort_elberta_mi,steelhead,19,05-07,05-10,4.3,4.3/10,medium_high,false
piercast-core-seasonal-v0.1.0,frankfort_elberta_mi__steelhead__v0_1,frankfort_elberta_mi,steelhead,20,05-14,05-17,3.8,3.8/10,medium_high,false
piercast-core-seasonal-v0.1.0,frankfort_elberta_mi__steelhead__v0_1,frankfort_elberta_mi,steelhead,21,05-21,05-24,3.3,3.3/10,medium_high,false
piercast-core-seasonal-v0.1.0,frankfort_elberta_mi__steelhead__v0_1,frankfort_elberta_mi,steelhead,22,05-28,05-31,3.1,3.1/10,medium_high,false
piercast-core-seasonal-v0.1.0,frankfort_elberta_mi__steelhead__v0_1,frankfort_elberta_mi,steelhead,23,06-04,06-07,2.9,2.9/10,medium_high,false
piercast-core-seasonal-v0.1.0,frankfort_elberta_mi__steelhead__v0_1,frankfort_elberta_mi,steelhead,24,06-11,06-14,2.7,2.7/10,medium_high,false
piercast-core-seasonal-v0.1.0,frankfort_elberta_mi__steelhead__v0_1,frankfort_elberta_mi,steelhead,25,06-18,06-21,2.6,2.6/10,medium_high,false
piercast-core-seasonal-v0.1.0,frankfort_elberta_mi__steelhead__v0_1,frankfort_elberta_mi,steelhead,26,06-25,06-28,2.4,2.4/10,medium_high,false
piercast-core-seasonal-v0.1.0,frankfort_elberta_mi__steelhead__v0_1,frankfort_elberta_mi,steelhead,27,07-02,07-05,2.2,2.2/10,medium_high,false
piercast-core-seasonal-v0.1.0,frankfort_elberta_mi__steelhead__v0_1,frankfort_elberta_mi,steelhead,28,07-09,07-12,2.1,2.1/10,medium_high,false
piercast-core-seasonal-v0.1.0,frankfort_elberta_mi__steelhead__v0_1,frankfort_elberta_mi,steelhead,29,07-16,07-19,2.1,2.1/10,medium_high,false
piercast-core-seasonal-v0.1.0,frankfort_elberta_mi__steelhead__v0_1,frankfort_elberta_mi,steelhead,30,07-23,07-26,2.4,2.4/10,medium_high,false
piercast-core-seasonal-v0.1.0,frankfort_elberta_mi__steelhead__v0_1,frankfort_elberta_mi,steelhead,31,07-30,08-02,2.7,2.7/10,medium_high,false
piercast-core-seasonal-v0.1.0,frankfort_elberta_mi__steelhead__v0_1,frankfort_elberta_mi,steelhead,32,08-06,08-09,2.9,2.9/10,medium_high,false
piercast-core-seasonal-v0.1.0,frankfort_elberta_mi__steelhead__v0_1,frankfort_elberta_mi,steelhead,33,08-13,08-16,3.2,3.2/10,medium_high,false
piercast-core-seasonal-v0.1.0,frankfort_elberta_mi__steelhead__v0_1,frankfort_elberta_mi,steelhead,34,08-20,08-23,3.5,3.5/10,medium_high,false
piercast-core-seasonal-v0.1.0,frankfort_elberta_mi__steelhead__v0_1,frankfort_elberta_mi,steelhead,35,08-27,08-30,3.7,3.7/10,medium_high,false
piercast-core-seasonal-v0.1.0,frankfort_elberta_mi__steelhead__v0_1,frankfort_elberta_mi,steelhead,36,09-03,09-06,4.0,4.0/10,medium_high,false
piercast-core-seasonal-v0.1.0,frankfort_elberta_mi__steelhead__v0_1,frankfort_elberta_mi,steelhead,37,09-10,09-13,4.2,4.2/10,medium_high,false
piercast-core-seasonal-v0.1.0,frankfort_elberta_mi__steelhead__v0_1,frankfort_elberta_mi,steelhead,38,09-17,09-20,4.5,4.5/10,medium_high,false
piercast-core-seasonal-v0.1.0,frankfort_elberta_mi__steelhead__v0_1,frankfort_elberta_mi,steelhead,39,09-24,09-27,5.5,5.5/10,medium_high,false
piercast-core-seasonal-v0.1.0,frankfort_elberta_mi__steelhead__v0_1,frankfort_elberta_mi,steelhead,40,10-01,10-04,6.6,6.6/10,medium_high,false
piercast-core-seasonal-v0.1.0,frankfort_elberta_mi__steelhead__v0_1,frankfort_elberta_mi,steelhead,41,10-08,10-11,7.7,7.7/10,medium_high,false
piercast-core-seasonal-v0.1.0,frankfort_elberta_mi__steelhead__v0_1,frankfort_elberta_mi,steelhead,42,10-15,10-18,8.1,8.1/10,medium_high,false
piercast-core-seasonal-v0.1.0,frankfort_elberta_mi__steelhead__v0_1,frankfort_elberta_mi,steelhead,43,10-22,10-25,7.1,7.1/10,medium_high,false
piercast-core-seasonal-v0.1.0,frankfort_elberta_mi__steelhead__v0_1,frankfort_elberta_mi,steelhead,44,10-29,11-01,6.0,6.0/10,medium_high,false
piercast-core-seasonal-v0.1.0,frankfort_elberta_mi__steelhead__v0_1,frankfort_elberta_mi,steelhead,45,11-05,11-08,5.6,5.6/10,medium_high,false
piercast-core-seasonal-v0.1.0,frankfort_elberta_mi__steelhead__v0_1,frankfort_elberta_mi,steelhead,46,11-12,11-15,5.1,5.1/10,medium_high,false
piercast-core-seasonal-v0.1.0,frankfort_elberta_mi__steelhead__v0_1,frankfort_elberta_mi,steelhead,47,11-19,11-22,4.7,4.7/10,medium_high,false
piercast-core-seasonal-v0.1.0,frankfort_elberta_mi__steelhead__v0_1,frankfort_elberta_mi,steelhead,48,11-26,11-29,4.3,4.3/10,medium_high,false
piercast-core-seasonal-v0.1.0,frankfort_elberta_mi__steelhead__v0_1,frankfort_elberta_mi,steelhead,49,12-03,12-06,4.0,4.0/10,medium_high,false
piercast-core-seasonal-v0.1.0,frankfort_elberta_mi__steelhead__v0_1,frankfort_elberta_mi,steelhead,50,12-10,12-13,3.6,3.6/10,medium_high,false
piercast-core-seasonal-v0.1.0,frankfort_elberta_mi__steelhead__v0_1,frankfort_elberta_mi,steelhead,51,12-17,12-20,3.3,3.3/10,medium_high,false
piercast-core-seasonal-v0.1.0,frankfort_elberta_mi__steelhead__v0_1,frankfort_elberta_mi,steelhead,52,12-24,12-27,3.0,3.0/10,medium_high,false
piercast-core-seasonal-v0.1.0,frankfort_elberta_mi__brown_trout__v0_1,frankfort_elberta_mi,brown_trout,1,01-01,01-04,1.9,1.9/10,medium,false
piercast-core-seasonal-v0.1.0,frankfort_elberta_mi__brown_trout__v0_1,frankfort_elberta_mi,brown_trout,2,01-08,01-11,1.9,1.9/10,medium,false
piercast-core-seasonal-v0.1.0,frankfort_elberta_mi__brown_trout__v0_1,frankfort_elberta_mi,brown_trout,3,01-15,01-18,2.0,2.0/10,medium,false
piercast-core-seasonal-v0.1.0,frankfort_elberta_mi__brown_trout__v0_1,frankfort_elberta_mi,brown_trout,4,01-22,01-25,2.1,2.1/10,medium,false
piercast-core-seasonal-v0.1.0,frankfort_elberta_mi__brown_trout__v0_1,frankfort_elberta_mi,brown_trout,5,01-29,02-01,2.3,2.3/10,medium,false
piercast-core-seasonal-v0.1.0,frankfort_elberta_mi__brown_trout__v0_1,frankfort_elberta_mi,brown_trout,6,02-05,02-08,2.4,2.4/10,medium,false
piercast-core-seasonal-v0.1.0,frankfort_elberta_mi__brown_trout__v0_1,frankfort_elberta_mi,brown_trout,7,02-12,02-15,2.6,2.6/10,medium,false
piercast-core-seasonal-v0.1.0,frankfort_elberta_mi__brown_trout__v0_1,frankfort_elberta_mi,brown_trout,8,02-19,02-22,2.7,2.7/10,medium,false
piercast-core-seasonal-v0.1.0,frankfort_elberta_mi__brown_trout__v0_1,frankfort_elberta_mi,brown_trout,9,02-26,03-01,2.9,2.9/10,medium,false
piercast-core-seasonal-v0.1.0,frankfort_elberta_mi__brown_trout__v0_1,frankfort_elberta_mi,brown_trout,10,03-05,03-08,3.1,3.1/10,medium,false
piercast-core-seasonal-v0.1.0,frankfort_elberta_mi__brown_trout__v0_1,frankfort_elberta_mi,brown_trout,11,03-12,03-15,3.7,3.7/10,medium,false
piercast-core-seasonal-v0.1.0,frankfort_elberta_mi__brown_trout__v0_1,frankfort_elberta_mi,brown_trout,12,03-19,03-22,4.4,4.4/10,medium,false
piercast-core-seasonal-v0.1.0,frankfort_elberta_mi__brown_trout__v0_1,frankfort_elberta_mi,brown_trout,13,03-26,03-29,5.2,5.2/10,medium,false
piercast-core-seasonal-v0.1.0,frankfort_elberta_mi__brown_trout__v0_1,frankfort_elberta_mi,brown_trout,14,04-02,04-05,6.0,6.0/10,medium,false
piercast-core-seasonal-v0.1.0,frankfort_elberta_mi__brown_trout__v0_1,frankfort_elberta_mi,brown_trout,15,04-09,04-12,5.7,5.7/10,medium,false
piercast-core-seasonal-v0.1.0,frankfort_elberta_mi__brown_trout__v0_1,frankfort_elberta_mi,brown_trout,16,04-16,04-19,5.4,5.4/10,medium,false
piercast-core-seasonal-v0.1.0,frankfort_elberta_mi__brown_trout__v0_1,frankfort_elberta_mi,brown_trout,17,04-23,04-26,5.1,5.1/10,medium,false
piercast-core-seasonal-v0.1.0,frankfort_elberta_mi__brown_trout__v0_1,frankfort_elberta_mi,brown_trout,18,04-30,05-03,4.8,4.8/10,medium,false
piercast-core-seasonal-v0.1.0,frankfort_elberta_mi__brown_trout__v0_1,frankfort_elberta_mi,brown_trout,19,05-07,05-10,4.5,4.5/10,medium,false
piercast-core-seasonal-v0.1.0,frankfort_elberta_mi__brown_trout__v0_1,frankfort_elberta_mi,brown_trout,20,05-14,05-17,4.5,4.5/10,medium,false
piercast-core-seasonal-v0.1.0,frankfort_elberta_mi__brown_trout__v0_1,frankfort_elberta_mi,brown_trout,21,05-21,05-24,4.4,4.4/10,medium,false
piercast-core-seasonal-v0.1.0,frankfort_elberta_mi__brown_trout__v0_1,frankfort_elberta_mi,brown_trout,22,05-28,05-31,4.4,4.4/10,medium,false
piercast-core-seasonal-v0.1.0,frankfort_elberta_mi__brown_trout__v0_1,frankfort_elberta_mi,brown_trout,23,06-04,06-07,4.3,4.3/10,medium,false
piercast-core-seasonal-v0.1.0,frankfort_elberta_mi__brown_trout__v0_1,frankfort_elberta_mi,brown_trout,24,06-11,06-14,4.3,4.3/10,medium,false
piercast-core-seasonal-v0.1.0,frankfort_elberta_mi__brown_trout__v0_1,frankfort_elberta_mi,brown_trout,25,06-18,06-21,4.2,4.2/10,medium,false
piercast-core-seasonal-v0.1.0,frankfort_elberta_mi__brown_trout__v0_1,frankfort_elberta_mi,brown_trout,26,06-25,06-28,4.0,4.0/10,medium,false
piercast-core-seasonal-v0.1.0,frankfort_elberta_mi__brown_trout__v0_1,frankfort_elberta_mi,brown_trout,27,07-02,07-05,3.5,3.5/10,medium,false
piercast-core-seasonal-v0.1.0,frankfort_elberta_mi__brown_trout__v0_1,frankfort_elberta_mi,brown_trout,28,07-09,07-12,3.0,3.0/10,medium,false
piercast-core-seasonal-v0.1.0,frankfort_elberta_mi__brown_trout__v0_1,frankfort_elberta_mi,brown_trout,29,07-16,07-19,2.6,2.6/10,medium,false
piercast-core-seasonal-v0.1.0,frankfort_elberta_mi__brown_trout__v0_1,frankfort_elberta_mi,brown_trout,30,07-23,07-26,2.4,2.4/10,medium,false
piercast-core-seasonal-v0.1.0,frankfort_elberta_mi__brown_trout__v0_1,frankfort_elberta_mi,brown_trout,31,07-30,08-02,2.3,2.3/10,medium,false
piercast-core-seasonal-v0.1.0,frankfort_elberta_mi__brown_trout__v0_1,frankfort_elberta_mi,brown_trout,32,08-06,08-09,2.2,2.2/10,medium,false
piercast-core-seasonal-v0.1.0,frankfort_elberta_mi__brown_trout__v0_1,frankfort_elberta_mi,brown_trout,33,08-13,08-16,2.1,2.1/10,medium,false
piercast-core-seasonal-v0.1.0,frankfort_elberta_mi__brown_trout__v0_1,frankfort_elberta_mi,brown_trout,34,08-20,08-23,1.9,1.9/10,medium,false
piercast-core-seasonal-v0.1.0,frankfort_elberta_mi__brown_trout__v0_1,frankfort_elberta_mi,brown_trout,35,08-27,08-30,1.8,1.8/10,medium,false
piercast-core-seasonal-v0.1.0,frankfort_elberta_mi__brown_trout__v0_1,frankfort_elberta_mi,brown_trout,36,09-03,09-06,1.9,1.9/10,medium,false
piercast-core-seasonal-v0.1.0,frankfort_elberta_mi__brown_trout__v0_1,frankfort_elberta_mi,brown_trout,37,09-10,09-13,2.1,2.1/10,medium,false
piercast-core-seasonal-v0.1.0,frankfort_elberta_mi__brown_trout__v0_1,frankfort_elberta_mi,brown_trout,38,09-17,09-20,2.2,2.2/10,medium,false
piercast-core-seasonal-v0.1.0,frankfort_elberta_mi__brown_trout__v0_1,frankfort_elberta_mi,brown_trout,39,09-24,09-27,2.4,2.4/10,medium,false
piercast-core-seasonal-v0.1.0,frankfort_elberta_mi__brown_trout__v0_1,frankfort_elberta_mi,brown_trout,40,10-01,10-04,2.5,2.5/10,medium,false
piercast-core-seasonal-v0.1.0,frankfort_elberta_mi__brown_trout__v0_1,frankfort_elberta_mi,brown_trout,41,10-08,10-11,2.7,2.7/10,medium,false
piercast-core-seasonal-v0.1.0,frankfort_elberta_mi__brown_trout__v0_1,frankfort_elberta_mi,brown_trout,42,10-15,10-18,2.8,2.8/10,medium,false
piercast-core-seasonal-v0.1.0,frankfort_elberta_mi__brown_trout__v0_1,frankfort_elberta_mi,brown_trout,43,10-22,10-25,2.7,2.7/10,medium,false
piercast-core-seasonal-v0.1.0,frankfort_elberta_mi__brown_trout__v0_1,frankfort_elberta_mi,brown_trout,44,10-29,11-01,2.6,2.6/10,medium,false
piercast-core-seasonal-v0.1.0,frankfort_elberta_mi__brown_trout__v0_1,frankfort_elberta_mi,brown_trout,45,11-05,11-08,2.5,2.5/10,medium,false
piercast-core-seasonal-v0.1.0,frankfort_elberta_mi__brown_trout__v0_1,frankfort_elberta_mi,brown_trout,46,11-12,11-15,2.5,2.5/10,medium,false
piercast-core-seasonal-v0.1.0,frankfort_elberta_mi__brown_trout__v0_1,frankfort_elberta_mi,brown_trout,47,11-19,11-22,2.4,2.4/10,medium,false
piercast-core-seasonal-v0.1.0,frankfort_elberta_mi__brown_trout__v0_1,frankfort_elberta_mi,brown_trout,48,11-26,11-29,2.3,2.3/10,medium,false
piercast-core-seasonal-v0.1.0,frankfort_elberta_mi__brown_trout__v0_1,frankfort_elberta_mi,brown_trout,49,12-03,12-06,2.2,2.2/10,medium,false
piercast-core-seasonal-v0.1.0,frankfort_elberta_mi__brown_trout__v0_1,frankfort_elberta_mi,brown_trout,50,12-10,12-13,2.1,2.1/10,medium,false
piercast-core-seasonal-v0.1.0,frankfort_elberta_mi__brown_trout__v0_1,frankfort_elberta_mi,brown_trout,51,12-17,12-20,2.0,2.0/10,medium,false
piercast-core-seasonal-v0.1.0,frankfort_elberta_mi__brown_trout__v0_1,frankfort_elberta_mi,brown_trout,52,12-24,12-27,1.9,1.9/10,medium,false
piercast-core-seasonal-v0.1.0,sheboygan_wi__chinook_salmon__v0_1,sheboygan_wi,chinook_salmon,1,01-01,01-04,1.4,1.4/10,medium_low,false
piercast-core-seasonal-v0.1.0,sheboygan_wi__chinook_salmon__v0_1,sheboygan_wi,chinook_salmon,2,01-08,01-11,1.4,1.4/10,medium_low,false
piercast-core-seasonal-v0.1.0,sheboygan_wi__chinook_salmon__v0_1,sheboygan_wi,chinook_salmon,3,01-15,01-18,1.4,1.4/10,medium_low,false
piercast-core-seasonal-v0.1.0,sheboygan_wi__chinook_salmon__v0_1,sheboygan_wi,chinook_salmon,4,01-22,01-25,1.4,1.4/10,medium_low,false
piercast-core-seasonal-v0.1.0,sheboygan_wi__chinook_salmon__v0_1,sheboygan_wi,chinook_salmon,5,01-29,02-01,1.5,1.5/10,medium_low,false
piercast-core-seasonal-v0.1.0,sheboygan_wi__chinook_salmon__v0_1,sheboygan_wi,chinook_salmon,6,02-05,02-08,1.5,1.5/10,medium_low,false
piercast-core-seasonal-v0.1.0,sheboygan_wi__chinook_salmon__v0_1,sheboygan_wi,chinook_salmon,7,02-12,02-15,1.5,1.5/10,medium_low,false
piercast-core-seasonal-v0.1.0,sheboygan_wi__chinook_salmon__v0_1,sheboygan_wi,chinook_salmon,8,02-19,02-22,1.5,1.5/10,medium_low,false
piercast-core-seasonal-v0.1.0,sheboygan_wi__chinook_salmon__v0_1,sheboygan_wi,chinook_salmon,9,02-26,03-01,1.6,1.6/10,medium_low,false
piercast-core-seasonal-v0.1.0,sheboygan_wi__chinook_salmon__v0_1,sheboygan_wi,chinook_salmon,10,03-05,03-08,1.6,1.6/10,medium_low,false
piercast-core-seasonal-v0.1.0,sheboygan_wi__chinook_salmon__v0_1,sheboygan_wi,chinook_salmon,11,03-12,03-15,1.6,1.6/10,medium_low,false
piercast-core-seasonal-v0.1.0,sheboygan_wi__chinook_salmon__v0_1,sheboygan_wi,chinook_salmon,12,03-19,03-22,1.6,1.6/10,medium_low,false
piercast-core-seasonal-v0.1.0,sheboygan_wi__chinook_salmon__v0_1,sheboygan_wi,chinook_salmon,13,03-26,03-29,1.6,1.6/10,medium_low,false
piercast-core-seasonal-v0.1.0,sheboygan_wi__chinook_salmon__v0_1,sheboygan_wi,chinook_salmon,14,04-02,04-05,1.7,1.7/10,medium_low,false
piercast-core-seasonal-v0.1.0,sheboygan_wi__chinook_salmon__v0_1,sheboygan_wi,chinook_salmon,15,04-09,04-12,1.7,1.7/10,medium_low,false
piercast-core-seasonal-v0.1.0,sheboygan_wi__chinook_salmon__v0_1,sheboygan_wi,chinook_salmon,16,04-16,04-19,1.7,1.7/10,medium_low,false
piercast-core-seasonal-v0.1.0,sheboygan_wi__chinook_salmon__v0_1,sheboygan_wi,chinook_salmon,17,04-23,04-26,1.7,1.7/10,medium_low,false
piercast-core-seasonal-v0.1.0,sheboygan_wi__chinook_salmon__v0_1,sheboygan_wi,chinook_salmon,18,04-30,05-03,1.8,1.8/10,medium_low,false
piercast-core-seasonal-v0.1.0,sheboygan_wi__chinook_salmon__v0_1,sheboygan_wi,chinook_salmon,19,05-07,05-10,1.8,1.8/10,medium_low,false
piercast-core-seasonal-v0.1.0,sheboygan_wi__chinook_salmon__v0_1,sheboygan_wi,chinook_salmon,20,05-14,05-17,1.8,1.8/10,medium_low,false
piercast-core-seasonal-v0.1.0,sheboygan_wi__chinook_salmon__v0_1,sheboygan_wi,chinook_salmon,21,05-21,05-24,2.0,2.0/10,medium_low,false
piercast-core-seasonal-v0.1.0,sheboygan_wi__chinook_salmon__v0_1,sheboygan_wi,chinook_salmon,22,05-28,05-31,2.1,2.1/10,medium_low,false
piercast-core-seasonal-v0.1.0,sheboygan_wi__chinook_salmon__v0_1,sheboygan_wi,chinook_salmon,23,06-04,06-07,2.2,2.2/10,medium_low,false
piercast-core-seasonal-v0.1.0,sheboygan_wi__chinook_salmon__v0_1,sheboygan_wi,chinook_salmon,24,06-11,06-14,2.4,2.4/10,medium_low,false
piercast-core-seasonal-v0.1.0,sheboygan_wi__chinook_salmon__v0_1,sheboygan_wi,chinook_salmon,25,06-18,06-21,2.5,2.5/10,medium_low,false
piercast-core-seasonal-v0.1.0,sheboygan_wi__chinook_salmon__v0_1,sheboygan_wi,chinook_salmon,26,06-25,06-28,2.7,2.7/10,medium_low,false
piercast-core-seasonal-v0.1.0,sheboygan_wi__chinook_salmon__v0_1,sheboygan_wi,chinook_salmon,27,07-02,07-05,3.0,3.0/10,medium_low,false
piercast-core-seasonal-v0.1.0,sheboygan_wi__chinook_salmon__v0_1,sheboygan_wi,chinook_salmon,28,07-09,07-12,3.2,3.2/10,medium_low,false
piercast-core-seasonal-v0.1.0,sheboygan_wi__chinook_salmon__v0_1,sheboygan_wi,chinook_salmon,29,07-16,07-19,3.4,3.4/10,medium_low,false
piercast-core-seasonal-v0.1.0,sheboygan_wi__chinook_salmon__v0_1,sheboygan_wi,chinook_salmon,30,07-23,07-26,3.9,3.9/10,medium_low,false
piercast-core-seasonal-v0.1.0,sheboygan_wi__chinook_salmon__v0_1,sheboygan_wi,chinook_salmon,31,07-30,08-02,4.5,4.5/10,medium_low,false
piercast-core-seasonal-v0.1.0,sheboygan_wi__chinook_salmon__v0_1,sheboygan_wi,chinook_salmon,32,08-06,08-09,5.3,5.3/10,medium_low,false
piercast-core-seasonal-v0.1.0,sheboygan_wi__chinook_salmon__v0_1,sheboygan_wi,chinook_salmon,33,08-13,08-16,6.3,6.3/10,medium_low,false
piercast-core-seasonal-v0.1.0,sheboygan_wi__chinook_salmon__v0_1,sheboygan_wi,chinook_salmon,34,08-20,08-23,7.3,7.3/10,medium_low,false
piercast-core-seasonal-v0.1.0,sheboygan_wi__chinook_salmon__v0_1,sheboygan_wi,chinook_salmon,35,08-27,08-30,8.2,8.2/10,medium_low,false
piercast-core-seasonal-v0.1.0,sheboygan_wi__chinook_salmon__v0_1,sheboygan_wi,chinook_salmon,36,09-03,09-06,8.0,8.0/10,medium_low,false
piercast-core-seasonal-v0.1.0,sheboygan_wi__chinook_salmon__v0_1,sheboygan_wi,chinook_salmon,37,09-10,09-13,7.5,7.5/10,medium_low,false
piercast-core-seasonal-v0.1.0,sheboygan_wi__chinook_salmon__v0_1,sheboygan_wi,chinook_salmon,38,09-17,09-20,6.6,6.6/10,medium_low,false
piercast-core-seasonal-v0.1.0,sheboygan_wi__chinook_salmon__v0_1,sheboygan_wi,chinook_salmon,39,09-24,09-27,5.7,5.7/10,medium_low,false
piercast-core-seasonal-v0.1.0,sheboygan_wi__chinook_salmon__v0_1,sheboygan_wi,chinook_salmon,40,10-01,10-04,4.9,4.9/10,medium_low,false
piercast-core-seasonal-v0.1.0,sheboygan_wi__chinook_salmon__v0_1,sheboygan_wi,chinook_salmon,41,10-08,10-11,4.2,4.2/10,medium_low,false
piercast-core-seasonal-v0.1.0,sheboygan_wi__chinook_salmon__v0_1,sheboygan_wi,chinook_salmon,42,10-15,10-18,3.6,3.6/10,medium_low,false
piercast-core-seasonal-v0.1.0,sheboygan_wi__chinook_salmon__v0_1,sheboygan_wi,chinook_salmon,43,10-22,10-25,2.9,2.9/10,medium_low,false
piercast-core-seasonal-v0.1.0,sheboygan_wi__chinook_salmon__v0_1,sheboygan_wi,chinook_salmon,44,10-29,11-01,2.3,2.3/10,medium_low,false
piercast-core-seasonal-v0.1.0,sheboygan_wi__chinook_salmon__v0_1,sheboygan_wi,chinook_salmon,45,11-05,11-08,2.1,2.1/10,medium_low,false
piercast-core-seasonal-v0.1.0,sheboygan_wi__chinook_salmon__v0_1,sheboygan_wi,chinook_salmon,46,11-12,11-15,2.0,2.0/10,medium_low,false
piercast-core-seasonal-v0.1.0,sheboygan_wi__chinook_salmon__v0_1,sheboygan_wi,chinook_salmon,47,11-19,11-22,1.9,1.9/10,medium_low,false
piercast-core-seasonal-v0.1.0,sheboygan_wi__chinook_salmon__v0_1,sheboygan_wi,chinook_salmon,48,11-26,11-29,1.7,1.7/10,medium_low,false
piercast-core-seasonal-v0.1.0,sheboygan_wi__chinook_salmon__v0_1,sheboygan_wi,chinook_salmon,49,12-03,12-06,1.6,1.6/10,medium_low,false
piercast-core-seasonal-v0.1.0,sheboygan_wi__chinook_salmon__v0_1,sheboygan_wi,chinook_salmon,50,12-10,12-13,1.4,1.4/10,medium_low,false
piercast-core-seasonal-v0.1.0,sheboygan_wi__chinook_salmon__v0_1,sheboygan_wi,chinook_salmon,51,12-17,12-20,1.4,1.4/10,medium_low,false
piercast-core-seasonal-v0.1.0,sheboygan_wi__chinook_salmon__v0_1,sheboygan_wi,chinook_salmon,52,12-24,12-27,1.4,1.4/10,medium_low,false
piercast-core-seasonal-v0.1.0,sheboygan_wi__coho_salmon__v0_1,sheboygan_wi,coho_salmon,1,01-01,01-04,1.5,1.5/10,low,false
piercast-core-seasonal-v0.1.0,sheboygan_wi__coho_salmon__v0_1,sheboygan_wi,coho_salmon,2,01-08,01-11,1.5,1.5/10,low,false
piercast-core-seasonal-v0.1.0,sheboygan_wi__coho_salmon__v0_1,sheboygan_wi,coho_salmon,3,01-15,01-18,1.6,1.6/10,low,false
piercast-core-seasonal-v0.1.0,sheboygan_wi__coho_salmon__v0_1,sheboygan_wi,coho_salmon,4,01-22,01-25,1.7,1.7/10,low,false
piercast-core-seasonal-v0.1.0,sheboygan_wi__coho_salmon__v0_1,sheboygan_wi,coho_salmon,5,01-29,02-01,1.9,1.9/10,low,false
piercast-core-seasonal-v0.1.0,sheboygan_wi__coho_salmon__v0_1,sheboygan_wi,coho_salmon,6,02-05,02-08,2.0,2.0/10,low,false
piercast-core-seasonal-v0.1.0,sheboygan_wi__coho_salmon__v0_1,sheboygan_wi,coho_salmon,7,02-12,02-15,2.2,2.2/10,low,false
piercast-core-seasonal-v0.1.0,sheboygan_wi__coho_salmon__v0_1,sheboygan_wi,coho_salmon,8,02-19,02-22,2.3,2.3/10,low,false
piercast-core-seasonal-v0.1.0,sheboygan_wi__coho_salmon__v0_1,sheboygan_wi,coho_salmon,9,02-26,03-01,2.5,2.5/10,low,false
piercast-core-seasonal-v0.1.0,sheboygan_wi__coho_salmon__v0_1,sheboygan_wi,coho_salmon,10,03-05,03-08,2.6,2.6/10,low,false
piercast-core-seasonal-v0.1.0,sheboygan_wi__coho_salmon__v0_1,sheboygan_wi,coho_salmon,11,03-12,03-15,2.8,2.8/10,low,false
piercast-core-seasonal-v0.1.0,sheboygan_wi__coho_salmon__v0_1,sheboygan_wi,coho_salmon,12,03-19,03-22,3.3,3.3/10,low,false
piercast-core-seasonal-v0.1.0,sheboygan_wi__coho_salmon__v0_1,sheboygan_wi,coho_salmon,13,03-26,03-29,3.7,3.7/10,low,false
piercast-core-seasonal-v0.1.0,sheboygan_wi__coho_salmon__v0_1,sheboygan_wi,coho_salmon,14,04-02,04-05,4.2,4.2/10,low,false
piercast-core-seasonal-v0.1.0,sheboygan_wi__coho_salmon__v0_1,sheboygan_wi,coho_salmon,15,04-09,04-12,4.6,4.6/10,low,false
piercast-core-seasonal-v0.1.0,sheboygan_wi__coho_salmon__v0_1,sheboygan_wi,coho_salmon,16,04-16,04-19,4.7,4.7/10,low,false
piercast-core-seasonal-v0.1.0,sheboygan_wi__coho_salmon__v0_1,sheboygan_wi,coho_salmon,17,04-23,04-26,4.6,4.6/10,low,false
piercast-core-seasonal-v0.1.0,sheboygan_wi__coho_salmon__v0_1,sheboygan_wi,coho_salmon,18,04-30,05-03,4.4,4.4/10,low,false
piercast-core-seasonal-v0.1.0,sheboygan_wi__coho_salmon__v0_1,sheboygan_wi,coho_salmon,19,05-07,05-10,4.3,4.3/10,low,false
piercast-core-seasonal-v0.1.0,sheboygan_wi__coho_salmon__v0_1,sheboygan_wi,coho_salmon,20,05-14,05-17,4.1,4.1/10,low,false
piercast-core-seasonal-v0.1.0,sheboygan_wi__coho_salmon__v0_1,sheboygan_wi,coho_salmon,21,05-21,05-24,3.8,3.8/10,low,false
piercast-core-seasonal-v0.1.0,sheboygan_wi__coho_salmon__v0_1,sheboygan_wi,coho_salmon,22,05-28,05-31,3.4,3.4/10,low,false
piercast-core-seasonal-v0.1.0,sheboygan_wi__coho_salmon__v0_1,sheboygan_wi,coho_salmon,23,06-04,06-07,3.0,3.0/10,low,false
piercast-core-seasonal-v0.1.0,sheboygan_wi__coho_salmon__v0_1,sheboygan_wi,coho_salmon,24,06-11,06-14,2.7,2.7/10,low,false
piercast-core-seasonal-v0.1.0,sheboygan_wi__coho_salmon__v0_1,sheboygan_wi,coho_salmon,25,06-18,06-21,2.4,2.4/10,low,false
piercast-core-seasonal-v0.1.0,sheboygan_wi__coho_salmon__v0_1,sheboygan_wi,coho_salmon,26,06-25,06-28,2.3,2.3/10,low,false
piercast-core-seasonal-v0.1.0,sheboygan_wi__coho_salmon__v0_1,sheboygan_wi,coho_salmon,27,07-02,07-05,2.2,2.2/10,low,false
piercast-core-seasonal-v0.1.0,sheboygan_wi__coho_salmon__v0_1,sheboygan_wi,coho_salmon,28,07-09,07-12,2.1,2.1/10,low,false
piercast-core-seasonal-v0.1.0,sheboygan_wi__coho_salmon__v0_1,sheboygan_wi,coho_salmon,29,07-16,07-19,2.1,2.1/10,low,false
piercast-core-seasonal-v0.1.0,sheboygan_wi__coho_salmon__v0_1,sheboygan_wi,coho_salmon,30,07-23,07-26,2.1,2.1/10,low,false
piercast-core-seasonal-v0.1.0,sheboygan_wi__coho_salmon__v0_1,sheboygan_wi,coho_salmon,31,07-30,08-02,2.5,2.5/10,low,false
piercast-core-seasonal-v0.1.0,sheboygan_wi__coho_salmon__v0_1,sheboygan_wi,coho_salmon,32,08-06,08-09,2.9,2.9/10,low,false
piercast-core-seasonal-v0.1.0,sheboygan_wi__coho_salmon__v0_1,sheboygan_wi,coho_salmon,33,08-13,08-16,3.3,3.3/10,low,false
piercast-core-seasonal-v0.1.0,sheboygan_wi__coho_salmon__v0_1,sheboygan_wi,coho_salmon,34,08-20,08-23,3.7,3.7/10,low,false
piercast-core-seasonal-v0.1.0,sheboygan_wi__coho_salmon__v0_1,sheboygan_wi,coho_salmon,35,08-27,08-30,4.1,4.1/10,low,false
piercast-core-seasonal-v0.1.0,sheboygan_wi__coho_salmon__v0_1,sheboygan_wi,coho_salmon,36,09-03,09-06,4.5,4.5/10,low,false
piercast-core-seasonal-v0.1.0,sheboygan_wi__coho_salmon__v0_1,sheboygan_wi,coho_salmon,37,09-10,09-13,5.0,5.0/10,low,false
piercast-core-seasonal-v0.1.0,sheboygan_wi__coho_salmon__v0_1,sheboygan_wi,coho_salmon,38,09-17,09-20,4.9,4.9/10,low,false
piercast-core-seasonal-v0.1.0,sheboygan_wi__coho_salmon__v0_1,sheboygan_wi,coho_salmon,39,09-24,09-27,4.7,4.7/10,low,false
piercast-core-seasonal-v0.1.0,sheboygan_wi__coho_salmon__v0_1,sheboygan_wi,coho_salmon,40,10-01,10-04,4.5,4.5/10,low,false
piercast-core-seasonal-v0.1.0,sheboygan_wi__coho_salmon__v0_1,sheboygan_wi,coho_salmon,41,10-08,10-11,4.3,4.3/10,low,false
piercast-core-seasonal-v0.1.0,sheboygan_wi__coho_salmon__v0_1,sheboygan_wi,coho_salmon,42,10-15,10-18,4.0,4.0/10,low,false
piercast-core-seasonal-v0.1.0,sheboygan_wi__coho_salmon__v0_1,sheboygan_wi,coho_salmon,43,10-22,10-25,3.6,3.6/10,low,false
piercast-core-seasonal-v0.1.0,sheboygan_wi__coho_salmon__v0_1,sheboygan_wi,coho_salmon,44,10-29,11-01,3.2,3.2/10,low,false
piercast-core-seasonal-v0.1.0,sheboygan_wi__coho_salmon__v0_1,sheboygan_wi,coho_salmon,45,11-05,11-08,2.8,2.8/10,low,false
piercast-core-seasonal-v0.1.0,sheboygan_wi__coho_salmon__v0_1,sheboygan_wi,coho_salmon,46,11-12,11-15,2.4,2.4/10,low,false
piercast-core-seasonal-v0.1.0,sheboygan_wi__coho_salmon__v0_1,sheboygan_wi,coho_salmon,47,11-19,11-22,2.3,2.3/10,low,false
piercast-core-seasonal-v0.1.0,sheboygan_wi__coho_salmon__v0_1,sheboygan_wi,coho_salmon,48,11-26,11-29,2.1,2.1/10,low,false
piercast-core-seasonal-v0.1.0,sheboygan_wi__coho_salmon__v0_1,sheboygan_wi,coho_salmon,49,12-03,12-06,2.0,2.0/10,low,false
piercast-core-seasonal-v0.1.0,sheboygan_wi__coho_salmon__v0_1,sheboygan_wi,coho_salmon,50,12-10,12-13,1.9,1.9/10,low,false
piercast-core-seasonal-v0.1.0,sheboygan_wi__coho_salmon__v0_1,sheboygan_wi,coho_salmon,51,12-17,12-20,1.7,1.7/10,low,false
piercast-core-seasonal-v0.1.0,sheboygan_wi__coho_salmon__v0_1,sheboygan_wi,coho_salmon,52,12-24,12-27,1.6,1.6/10,low,false
piercast-core-seasonal-v0.1.0,sheboygan_wi__steelhead__v0_1,sheboygan_wi,steelhead,1,01-01,01-04,2.3,2.3/10,low,false
piercast-core-seasonal-v0.1.0,sheboygan_wi__steelhead__v0_1,sheboygan_wi,steelhead,2,01-08,01-11,2.2,2.2/10,low,false
piercast-core-seasonal-v0.1.0,sheboygan_wi__steelhead__v0_1,sheboygan_wi,steelhead,3,01-15,01-18,2.2,2.2/10,low,false
piercast-core-seasonal-v0.1.0,sheboygan_wi__steelhead__v0_1,sheboygan_wi,steelhead,4,01-22,01-25,2.3,2.3/10,low,false
piercast-core-seasonal-v0.1.0,sheboygan_wi__steelhead__v0_1,sheboygan_wi,steelhead,5,01-29,02-01,2.5,2.5/10,low,false
piercast-core-seasonal-v0.1.0,sheboygan_wi__steelhead__v0_1,sheboygan_wi,steelhead,6,02-05,02-08,2.7,2.7/10,low,false
piercast-core-seasonal-v0.1.0,sheboygan_wi__steelhead__v0_1,sheboygan_wi,steelhead,7,02-12,02-15,2.8,2.8/10,low,false
piercast-core-seasonal-v0.1.0,sheboygan_wi__steelhead__v0_1,sheboygan_wi,steelhead,8,02-19,02-22,3.0,3.0/10,low,false
piercast-core-seasonal-v0.1.0,sheboygan_wi__steelhead__v0_1,sheboygan_wi,steelhead,9,02-26,03-01,3.2,3.2/10,low,false
piercast-core-seasonal-v0.1.0,sheboygan_wi__steelhead__v0_1,sheboygan_wi,steelhead,10,03-05,03-08,3.3,3.3/10,low,false
piercast-core-seasonal-v0.1.0,sheboygan_wi__steelhead__v0_1,sheboygan_wi,steelhead,11,03-12,03-15,3.5,3.5/10,low,false
piercast-core-seasonal-v0.1.0,sheboygan_wi__steelhead__v0_1,sheboygan_wi,steelhead,12,03-19,03-22,3.9,3.9/10,low,false
piercast-core-seasonal-v0.1.0,sheboygan_wi__steelhead__v0_1,sheboygan_wi,steelhead,13,03-26,03-29,4.2,4.2/10,low,false
piercast-core-seasonal-v0.1.0,sheboygan_wi__steelhead__v0_1,sheboygan_wi,steelhead,14,04-02,04-05,4.5,4.5/10,low,false
piercast-core-seasonal-v0.1.0,sheboygan_wi__steelhead__v0_1,sheboygan_wi,steelhead,15,04-09,04-12,4.9,4.9/10,low,false
piercast-core-seasonal-v0.1.0,sheboygan_wi__steelhead__v0_1,sheboygan_wi,steelhead,16,04-16,04-19,5.3,5.3/10,low,false
piercast-core-seasonal-v0.1.0,sheboygan_wi__steelhead__v0_1,sheboygan_wi,steelhead,17,04-23,04-26,5.1,5.1/10,low,false
piercast-core-seasonal-v0.1.0,sheboygan_wi__steelhead__v0_1,sheboygan_wi,steelhead,18,04-30,05-03,5.0,5.0/10,low,false
piercast-core-seasonal-v0.1.0,sheboygan_wi__steelhead__v0_1,sheboygan_wi,steelhead,19,05-07,05-10,4.8,4.8/10,low,false
piercast-core-seasonal-v0.1.0,sheboygan_wi__steelhead__v0_1,sheboygan_wi,steelhead,20,05-14,05-17,4.6,4.6/10,low,false
piercast-core-seasonal-v0.1.0,sheboygan_wi__steelhead__v0_1,sheboygan_wi,steelhead,21,05-21,05-24,4.4,4.4/10,low,false
piercast-core-seasonal-v0.1.0,sheboygan_wi__steelhead__v0_1,sheboygan_wi,steelhead,22,05-28,05-31,4.3,4.3/10,low,false
piercast-core-seasonal-v0.1.0,sheboygan_wi__steelhead__v0_1,sheboygan_wi,steelhead,23,06-04,06-07,4.2,4.2/10,low,false
piercast-core-seasonal-v0.1.0,sheboygan_wi__steelhead__v0_1,sheboygan_wi,steelhead,24,06-11,06-14,4.0,4.0/10,low,false
piercast-core-seasonal-v0.1.0,sheboygan_wi__steelhead__v0_1,sheboygan_wi,steelhead,25,06-18,06-21,3.9,3.9/10,low,false
piercast-core-seasonal-v0.1.0,sheboygan_wi__steelhead__v0_1,sheboygan_wi,steelhead,26,06-25,06-28,3.8,3.8/10,low,false
piercast-core-seasonal-v0.1.0,sheboygan_wi__steelhead__v0_1,sheboygan_wi,steelhead,27,07-02,07-05,3.7,3.7/10,low,false
piercast-core-seasonal-v0.1.0,sheboygan_wi__steelhead__v0_1,sheboygan_wi,steelhead,28,07-09,07-12,3.6,3.6/10,low,false
piercast-core-seasonal-v0.1.0,sheboygan_wi__steelhead__v0_1,sheboygan_wi,steelhead,29,07-16,07-19,3.5,3.5/10,low,false
piercast-core-seasonal-v0.1.0,sheboygan_wi__steelhead__v0_1,sheboygan_wi,steelhead,30,07-23,07-26,3.6,3.6/10,low,false
piercast-core-seasonal-v0.1.0,sheboygan_wi__steelhead__v0_1,sheboygan_wi,steelhead,31,07-30,08-02,3.6,3.6/10,low,false
piercast-core-seasonal-v0.1.0,sheboygan_wi__steelhead__v0_1,sheboygan_wi,steelhead,32,08-06,08-09,3.7,3.7/10,low,false
piercast-core-seasonal-v0.1.0,sheboygan_wi__steelhead__v0_1,sheboygan_wi,steelhead,33,08-13,08-16,3.7,3.7/10,low,false
piercast-core-seasonal-v0.1.0,sheboygan_wi__steelhead__v0_1,sheboygan_wi,steelhead,34,08-20,08-23,3.8,3.8/10,low,false
piercast-core-seasonal-v0.1.0,sheboygan_wi__steelhead__v0_1,sheboygan_wi,steelhead,35,08-27,08-30,4.0,4.0/10,low,false
piercast-core-seasonal-v0.1.0,sheboygan_wi__steelhead__v0_1,sheboygan_wi,steelhead,36,09-03,09-06,4.2,4.2/10,low,false
piercast-core-seasonal-v0.1.0,sheboygan_wi__steelhead__v0_1,sheboygan_wi,steelhead,37,09-10,09-13,4.5,4.5/10,low,false
piercast-core-seasonal-v0.1.0,sheboygan_wi__steelhead__v0_1,sheboygan_wi,steelhead,38,09-17,09-20,4.8,4.8/10,low,false
piercast-core-seasonal-v0.1.0,sheboygan_wi__steelhead__v0_1,sheboygan_wi,steelhead,39,09-24,09-27,5.0,5.0/10,low,false
piercast-core-seasonal-v0.1.0,sheboygan_wi__steelhead__v0_1,sheboygan_wi,steelhead,40,10-01,10-04,5.3,5.3/10,low,false
piercast-core-seasonal-v0.1.0,sheboygan_wi__steelhead__v0_1,sheboygan_wi,steelhead,41,10-08,10-11,5.5,5.5/10,low,false
piercast-core-seasonal-v0.1.0,sheboygan_wi__steelhead__v0_1,sheboygan_wi,steelhead,42,10-15,10-18,5.3,5.3/10,low,false
piercast-core-seasonal-v0.1.0,sheboygan_wi__steelhead__v0_1,sheboygan_wi,steelhead,43,10-22,10-25,5.0,5.0/10,low,false
piercast-core-seasonal-v0.1.0,sheboygan_wi__steelhead__v0_1,sheboygan_wi,steelhead,44,10-29,11-01,4.8,4.8/10,low,false
piercast-core-seasonal-v0.1.0,sheboygan_wi__steelhead__v0_1,sheboygan_wi,steelhead,45,11-05,11-08,4.6,4.6/10,low,false
piercast-core-seasonal-v0.1.0,sheboygan_wi__steelhead__v0_1,sheboygan_wi,steelhead,46,11-12,11-15,4.4,4.4/10,low,false
piercast-core-seasonal-v0.1.0,sheboygan_wi__steelhead__v0_1,sheboygan_wi,steelhead,47,11-19,11-22,4.1,4.1/10,low,false
piercast-core-seasonal-v0.1.0,sheboygan_wi__steelhead__v0_1,sheboygan_wi,steelhead,48,11-26,11-29,3.8,3.8/10,low,false
piercast-core-seasonal-v0.1.0,sheboygan_wi__steelhead__v0_1,sheboygan_wi,steelhead,49,12-03,12-06,3.5,3.5/10,low,false
piercast-core-seasonal-v0.1.0,sheboygan_wi__steelhead__v0_1,sheboygan_wi,steelhead,50,12-10,12-13,3.2,3.2/10,low,false
piercast-core-seasonal-v0.1.0,sheboygan_wi__steelhead__v0_1,sheboygan_wi,steelhead,51,12-17,12-20,2.9,2.9/10,low,false
piercast-core-seasonal-v0.1.0,sheboygan_wi__steelhead__v0_1,sheboygan_wi,steelhead,52,12-24,12-27,2.6,2.6/10,low,false
piercast-core-seasonal-v0.1.0,sheboygan_wi__brown_trout__v0_1,sheboygan_wi,brown_trout,1,01-01,01-04,2.3,2.3/10,low,false
piercast-core-seasonal-v0.1.0,sheboygan_wi__brown_trout__v0_1,sheboygan_wi,brown_trout,2,01-08,01-11,2.3,2.3/10,low,false
piercast-core-seasonal-v0.1.0,sheboygan_wi__brown_trout__v0_1,sheboygan_wi,brown_trout,3,01-15,01-18,2.3,2.3/10,low,false
piercast-core-seasonal-v0.1.0,sheboygan_wi__brown_trout__v0_1,sheboygan_wi,brown_trout,4,01-22,01-25,2.4,2.4/10,low,false
piercast-core-seasonal-v0.1.0,sheboygan_wi__brown_trout__v0_1,sheboygan_wi,brown_trout,5,01-29,02-01,2.6,2.6/10,low,false
piercast-core-seasonal-v0.1.0,sheboygan_wi__brown_trout__v0_1,sheboygan_wi,brown_trout,6,02-05,02-08,2.7,2.7/10,low,false
piercast-core-seasonal-v0.1.0,sheboygan_wi__brown_trout__v0_1,sheboygan_wi,brown_trout,7,02-12,02-15,2.9,2.9/10,low,false
piercast-core-seasonal-v0.1.0,sheboygan_wi__brown_trout__v0_1,sheboygan_wi,brown_trout,8,02-19,02-22,3.0,3.0/10,low,false
piercast-core-seasonal-v0.1.0,sheboygan_wi__brown_trout__v0_1,sheboygan_wi,brown_trout,9,02-26,03-01,3.2,3.2/10,low,false
piercast-core-seasonal-v0.1.0,sheboygan_wi__brown_trout__v0_1,sheboygan_wi,brown_trout,10,03-05,03-08,3.4,3.4/10,low,false
piercast-core-seasonal-v0.1.0,sheboygan_wi__brown_trout__v0_1,sheboygan_wi,brown_trout,11,03-12,03-15,3.6,3.6/10,low,false
piercast-core-seasonal-v0.1.0,sheboygan_wi__brown_trout__v0_1,sheboygan_wi,brown_trout,12,03-19,03-22,3.9,3.9/10,low,false
piercast-core-seasonal-v0.1.0,sheboygan_wi__brown_trout__v0_1,sheboygan_wi,brown_trout,13,03-26,03-29,4.2,4.2/10,low,false
piercast-core-seasonal-v0.1.0,sheboygan_wi__brown_trout__v0_1,sheboygan_wi,brown_trout,14,04-02,04-05,4.5,4.5/10,low,false
piercast-core-seasonal-v0.1.0,sheboygan_wi__brown_trout__v0_1,sheboygan_wi,brown_trout,15,04-09,04-12,4.8,4.8/10,low,false
piercast-core-seasonal-v0.1.0,sheboygan_wi__brown_trout__v0_1,sheboygan_wi,brown_trout,16,04-16,04-19,4.8,4.8/10,low,false
piercast-core-seasonal-v0.1.0,sheboygan_wi__brown_trout__v0_1,sheboygan_wi,brown_trout,17,04-23,04-26,4.6,4.6/10,low,false
piercast-core-seasonal-v0.1.0,sheboygan_wi__brown_trout__v0_1,sheboygan_wi,brown_trout,18,04-30,05-03,4.4,4.4/10,low,false
piercast-core-seasonal-v0.1.0,sheboygan_wi__brown_trout__v0_1,sheboygan_wi,brown_trout,19,05-07,05-10,4.3,4.3/10,low,false
piercast-core-seasonal-v0.1.0,sheboygan_wi__brown_trout__v0_1,sheboygan_wi,brown_trout,20,05-14,05-17,4.1,4.1/10,low,false
piercast-core-seasonal-v0.1.0,sheboygan_wi__brown_trout__v0_1,sheboygan_wi,brown_trout,21,05-21,05-24,3.9,3.9/10,low,false
piercast-core-seasonal-v0.1.0,sheboygan_wi__brown_trout__v0_1,sheboygan_wi,brown_trout,22,05-28,05-31,3.6,3.6/10,low,false
piercast-core-seasonal-v0.1.0,sheboygan_wi__brown_trout__v0_1,sheboygan_wi,brown_trout,23,06-04,06-07,3.4,3.4/10,low,false
piercast-core-seasonal-v0.1.0,sheboygan_wi__brown_trout__v0_1,sheboygan_wi,brown_trout,24,06-11,06-14,3.2,3.2/10,low,false
piercast-core-seasonal-v0.1.0,sheboygan_wi__brown_trout__v0_1,sheboygan_wi,brown_trout,25,06-18,06-21,3.0,3.0/10,low,false
piercast-core-seasonal-v0.1.0,sheboygan_wi__brown_trout__v0_1,sheboygan_wi,brown_trout,26,06-25,06-28,2.7,2.7/10,low,false
piercast-core-seasonal-v0.1.0,sheboygan_wi__brown_trout__v0_1,sheboygan_wi,brown_trout,27,07-02,07-05,2.5,2.5/10,low,false
piercast-core-seasonal-v0.1.0,sheboygan_wi__brown_trout__v0_1,sheboygan_wi,brown_trout,28,07-09,07-12,2.3,2.3/10,low,false
piercast-core-seasonal-v0.1.0,sheboygan_wi__brown_trout__v0_1,sheboygan_wi,brown_trout,29,07-16,07-19,2.3,2.3/10,low,false
piercast-core-seasonal-v0.1.0,sheboygan_wi__brown_trout__v0_1,sheboygan_wi,brown_trout,30,07-23,07-26,2.4,2.4/10,low,false
piercast-core-seasonal-v0.1.0,sheboygan_wi__brown_trout__v0_1,sheboygan_wi,brown_trout,31,07-30,08-02,2.5,2.5/10,low,false
piercast-core-seasonal-v0.1.0,sheboygan_wi__brown_trout__v0_1,sheboygan_wi,brown_trout,32,08-06,08-09,2.6,2.6/10,low,false
piercast-core-seasonal-v0.1.0,sheboygan_wi__brown_trout__v0_1,sheboygan_wi,brown_trout,33,08-13,08-16,2.7,2.7/10,low,false
piercast-core-seasonal-v0.1.0,sheboygan_wi__brown_trout__v0_1,sheboygan_wi,brown_trout,34,08-20,08-23,2.8,2.8/10,low,false
piercast-core-seasonal-v0.1.0,sheboygan_wi__brown_trout__v0_1,sheboygan_wi,brown_trout,35,08-27,08-30,2.9,2.9/10,low,false
piercast-core-seasonal-v0.1.0,sheboygan_wi__brown_trout__v0_1,sheboygan_wi,brown_trout,36,09-03,09-06,3.0,3.0/10,low,false
piercast-core-seasonal-v0.1.0,sheboygan_wi__brown_trout__v0_1,sheboygan_wi,brown_trout,37,09-10,09-13,3.2,3.2/10,low,false
piercast-core-seasonal-v0.1.0,sheboygan_wi__brown_trout__v0_1,sheboygan_wi,brown_trout,38,09-17,09-20,3.4,3.4/10,low,false
piercast-core-seasonal-v0.1.0,sheboygan_wi__brown_trout__v0_1,sheboygan_wi,brown_trout,39,09-24,09-27,3.7,3.7/10,low,false
piercast-core-seasonal-v0.1.0,sheboygan_wi__brown_trout__v0_1,sheboygan_wi,brown_trout,40,10-01,10-04,3.9,3.9/10,low,false
piercast-core-seasonal-v0.1.0,sheboygan_wi__brown_trout__v0_1,sheboygan_wi,brown_trout,41,10-08,10-11,4.1,4.1/10,low,false
piercast-core-seasonal-v0.1.0,sheboygan_wi__brown_trout__v0_1,sheboygan_wi,brown_trout,42,10-15,10-18,4.3,4.3/10,low,false
piercast-core-seasonal-v0.1.0,sheboygan_wi__brown_trout__v0_1,sheboygan_wi,brown_trout,43,10-22,10-25,4.3,4.3/10,low,false
piercast-core-seasonal-v0.1.0,sheboygan_wi__brown_trout__v0_1,sheboygan_wi,brown_trout,44,10-29,11-01,4.1,4.1/10,low,false
piercast-core-seasonal-v0.1.0,sheboygan_wi__brown_trout__v0_1,sheboygan_wi,brown_trout,45,11-05,11-08,4.0,4.0/10,low,false
piercast-core-seasonal-v0.1.0,sheboygan_wi__brown_trout__v0_1,sheboygan_wi,brown_trout,46,11-12,11-15,3.8,3.8/10,low,false
piercast-core-seasonal-v0.1.0,sheboygan_wi__brown_trout__v0_1,sheboygan_wi,brown_trout,47,11-19,11-22,3.7,3.7/10,low,false
piercast-core-seasonal-v0.1.0,sheboygan_wi__brown_trout__v0_1,sheboygan_wi,brown_trout,48,11-26,11-29,3.5,3.5/10,low,false
piercast-core-seasonal-v0.1.0,sheboygan_wi__brown_trout__v0_1,sheboygan_wi,brown_trout,49,12-03,12-06,3.2,3.2/10,low,false
piercast-core-seasonal-v0.1.0,sheboygan_wi__brown_trout__v0_1,sheboygan_wi,brown_trout,50,12-10,12-13,3.0,3.0/10,low,false
piercast-core-seasonal-v0.1.0,sheboygan_wi__brown_trout__v0_1,sheboygan_wi,brown_trout,51,12-17,12-20,2.8,2.8/10,low,false
piercast-core-seasonal-v0.1.0,sheboygan_wi__brown_trout__v0_1,sheboygan_wi,brown_trout,52,12-24,12-27,2.5,2.5/10,low,false
