date,pair_key,city_id,species_id,legal_status,access_status,product_availability,winning_mode,fishery_strength,seasonal_availability,seasonal_potential,score_t0,score_t0_25,score_t0_5,score_t0_75,score_t1,user_facing_score
2026-01-15,st_joseph_mi/chinook_salmon,st_joseph_mi,chinook_salmon,open,published_access_subject_to_live_conditions,private_research_not_published,spring_nearshore,5.52,0.036,1.161,1.048,1.076,1.105,1.133,1.161,
2026-02-15,st_joseph_mi/chinook_salmon,st_joseph_mi,chinook_salmon,open,published_access_subject_to_live_conditions,private_research_not_published,spring_nearshore,5.52,0.114,1.517,1.155,1.246,1.336,1.427,1.517,
2026-03-15,st_joseph_mi/chinook_salmon,st_joseph_mi,chinook_salmon,open,published_access_subject_to_live_conditions,private_research_not_published,spring_nearshore,5.52,0.32,2.446,1.434,1.687,1.94,2.193,2.446,
2026-04-15,st_joseph_mi/chinook_salmon,st_joseph_mi,chinook_salmon,open,published_access_subject_to_live_conditions,private_research_not_published,spring_nearshore,5.52,0.696,4.148,1.944,2.495,3.046,3.597,4.148,
2026-05-15,st_joseph_mi/chinook_salmon,st_joseph_mi,chinook_salmon,open,published_access_subject_to_live_conditions,private_research_not_published,spring_nearshore,5.52,0.938,5.237,2.271,3.013,3.754,4.496,5.237,
2026-06-15,st_joseph_mi/chinook_salmon,st_joseph_mi,chinook_salmon,open,published_access_subject_to_live_conditions,private_research_not_published,spring_nearshore,5.52,0.55,3.486,1.746,2.181,2.616,3.051,3.486,
2026-07-15,st_joseph_mi/chinook_salmon,st_joseph_mi,chinook_salmon,open,published_access_subject_to_live_conditions,private_research_not_published,summer_pier,6.8,0.917,6.317,2.595,3.525,4.456,5.386,6.317,
2026-08-15,st_joseph_mi/chinook_salmon,st_joseph_mi,chinook_salmon,open,published_access_subject_to_live_conditions,private_research_not_published,summer_pier,6.8,0.567,4.287,1.986,2.561,3.136,3.712,4.287,
2026-09-15,st_joseph_mi/chinook_salmon,st_joseph_mi,chinook_salmon,open,published_access_subject_to_live_conditions,private_research_not_published,summer_pier,6.8,0.077,1.446,1.134,1.212,1.29,1.368,1.446,
2026-10-15,st_joseph_mi/chinook_salmon,st_joseph_mi,chinook_salmon,open,published_access_subject_to_live_conditions,private_research_not_published,spring_nearshore,5.52,0,1,1,1,1,1,1,
2026-11-15,st_joseph_mi/chinook_salmon,st_joseph_mi,chinook_salmon,open,published_access_subject_to_live_conditions,private_research_not_published,spring_nearshore,5.52,0,1,1,1,1,1,1,
2026-12-15,st_joseph_mi/chinook_salmon,st_joseph_mi,chinook_salmon,open,published_access_subject_to_live_conditions,private_research_not_published,spring_nearshore,5.52,0,1,1,1,1,1,1,
2026-01-15,st_joseph_mi/coho_salmon,st_joseph_mi,coho_salmon,open,published_access_subject_to_live_conditions,private_research_not_published,spring_nearshore,8.6,0.192,2.456,1.437,1.692,1.946,2.201,2.456,
2026-02-15,st_joseph_mi/coho_salmon,st_joseph_mi,coho_salmon,open,published_access_subject_to_live_conditions,private_research_not_published,spring_nearshore,8.6,0.35,3.66,1.798,2.263,2.729,3.194,3.66,
2026-03-15,st_joseph_mi/coho_salmon,st_joseph_mi,coho_salmon,open,published_access_subject_to_live_conditions,private_research_not_published,spring_nearshore,8.6,0.658,6.004,2.501,3.377,4.253,5.129,6.004,
2026-04-15,st_joseph_mi/coho_salmon,st_joseph_mi,coho_salmon,open,published_access_subject_to_live_conditions,private_research_not_published,spring_nearshore,8.6,1,8.6,3.28,4.61,5.94,7.27,8.6,
2026-05-15,st_joseph_mi/coho_salmon,st_joseph_mi,coho_salmon,open,published_access_subject_to_live_conditions,private_research_not_published,spring_nearshore,8.6,0.625,5.75,2.425,3.256,4.087,4.919,5.75,
2026-06-15,st_joseph_mi/coho_salmon,st_joseph_mi,coho_salmon,open,published_access_subject_to_live_conditions,private_research_not_published,spring_nearshore,8.6,0.177,2.345,1.403,1.639,1.874,2.109,2.345,
2026-07-15,st_joseph_mi/coho_salmon,st_joseph_mi,coho_salmon,open,published_access_subject_to_live_conditions,private_research_not_published,spring_nearshore,8.6,0,1,1,1,1,1,1,
2026-08-15,st_joseph_mi/coho_salmon,st_joseph_mi,coho_salmon,open,published_access_subject_to_live_conditions,private_research_not_published,spring_nearshore,8.6,0,1,1,1,1,1,1,
2026-09-15,st_joseph_mi/coho_salmon,st_joseph_mi,coho_salmon,open,published_access_subject_to_live_conditions,private_research_not_published,fall_harbor_return,6.47,0.474,3.591,1.777,2.231,2.684,3.137,3.591,
2026-10-15,st_joseph_mi/coho_salmon,st_joseph_mi,coho_salmon,open,published_access_subject_to_live_conditions,private_research_not_published,fall_harbor_return,6.47,1,6.47,2.641,3.598,4.555,5.513,6.47,
2026-11-15,st_joseph_mi/coho_salmon,st_joseph_mi,coho_salmon,open,published_access_subject_to_live_conditions,private_research_not_published,fall_harbor_return,6.47,0.268,2.466,1.44,1.696,1.953,2.21,2.466,
2026-12-15,st_joseph_mi/coho_salmon,st_joseph_mi,coho_salmon,open,published_access_subject_to_live_conditions,private_research_not_published,spring_nearshore,8.6,0.056,1.426,1.128,1.202,1.277,1.351,1.426,
2026-01-15,st_joseph_mi/steelhead,st_joseph_mi,steelhead,open,published_access_subject_to_live_conditions,private_research_not_published,winter_spring_pier,7.12,0.598,4.659,2.098,2.738,3.379,4.019,4.659,
2026-02-15,st_joseph_mi/steelhead,st_joseph_mi,steelhead,open,published_access_subject_to_live_conditions,private_research_not_published,winter_spring_pier,7.12,0.704,5.309,2.293,3.047,3.801,4.555,5.309,
2026-03-15,st_joseph_mi/steelhead,st_joseph_mi,steelhead,open,published_access_subject_to_live_conditions,private_research_not_published,winter_spring_pier,7.12,0.8,5.896,2.469,3.326,4.182,5.039,5.896,
2026-04-15,st_joseph_mi/steelhead,st_joseph_mi,steelhead,open,published_access_subject_to_live_conditions,private_research_not_published,winter_spring_pier,7.12,0.972,6.95,2.785,3.826,4.867,5.909,6.95,
2026-05-15,st_joseph_mi/steelhead,st_joseph_mi,steelhead,open,published_access_subject_to_live_conditions,private_research_not_published,winter_spring_pier,7.12,0.554,4.388,2.016,2.609,3.202,3.795,4.388,
2026-06-15,st_joseph_mi/steelhead,st_joseph_mi,steelhead,open,published_access_subject_to_live_conditions,private_research_not_published,summer_skamania_pier,7.8,0.503,4.422,2.027,2.625,3.224,3.823,4.422,
2026-07-15,st_joseph_mi/steelhead,st_joseph_mi,steelhead,open,published_access_subject_to_live_conditions,private_research_not_published,summer_skamania_pier,7.8,0.933,7.347,2.904,4.015,5.125,6.236,7.347,
2026-08-15,st_joseph_mi/steelhead,st_joseph_mi,steelhead,open,published_access_subject_to_live_conditions,private_research_not_published,summer_skamania_pier,7.8,0.623,5.234,2.27,3.011,3.752,4.493,5.234,
2026-09-15,st_joseph_mi/steelhead,st_joseph_mi,steelhead,open,published_access_subject_to_live_conditions,private_research_not_published,winter_spring_pier,7.12,0.194,2.188,1.356,1.564,1.772,1.98,2.188,
2026-10-15,st_joseph_mi/steelhead,st_joseph_mi,steelhead,open,published_access_subject_to_live_conditions,private_research_not_published,winter_spring_pier,7.12,0.271,2.657,1.497,1.787,2.077,2.367,2.657,
2026-11-15,st_joseph_mi/steelhead,st_joseph_mi,steelhead,open,published_access_subject_to_live_conditions,private_research_not_published,winter_spring_pier,7.12,0.35,3.142,1.643,2.017,2.392,2.767,3.142,
2026-12-15,st_joseph_mi/steelhead,st_joseph_mi,steelhead,open,published_access_subject_to_live_conditions,private_research_not_published,winter_spring_pier,7.12,0.48,3.94,1.882,2.397,2.911,3.426,3.94,
2026-01-15,st_joseph_mi/brown_trout,st_joseph_mi,brown_trout,open,published_access_subject_to_live_conditions,private_research_not_published,winter_spring_nearshore,6.5,0.47,3.584,1.775,2.227,2.679,3.132,3.584,
2026-02-15,st_joseph_mi/brown_trout,st_joseph_mi,brown_trout,open,published_access_subject_to_live_conditions,private_research_not_published,winter_spring_nearshore,6.5,0.58,4.19,1.957,2.515,3.073,3.632,4.19,
2026-03-15,st_joseph_mi/brown_trout,st_joseph_mi,brown_trout,open,published_access_subject_to_live_conditions,private_research_not_published,winter_spring_nearshore,6.5,0.798,5.388,2.316,3.084,3.852,4.62,5.388,
2026-04-15,st_joseph_mi/brown_trout,st_joseph_mi,brown_trout,open,published_access_subject_to_live_conditions,private_research_not_published,winter_spring_nearshore,6.5,0.944,6.194,2.558,3.467,4.376,5.285,6.194,
2026-05-15,st_joseph_mi/brown_trout,st_joseph_mi,brown_trout,open,published_access_subject_to_live_conditions,private_research_not_published,winter_spring_nearshore,6.5,0.611,4.361,2.008,2.597,3.185,3.773,4.361,
2026-06-15,st_joseph_mi/brown_trout,st_joseph_mi,brown_trout,open,published_access_subject_to_live_conditions,private_research_not_published,winter_spring_nearshore,6.5,0.195,2.073,1.322,1.51,1.698,1.886,2.073,
2026-07-15,st_joseph_mi/brown_trout,st_joseph_mi,brown_trout,open,published_access_subject_to_live_conditions,private_research_not_published,fall_harbor,4.96,0.061,1.241,1.072,1.114,1.157,1.199,1.241,
2026-08-15,st_joseph_mi/brown_trout,st_joseph_mi,brown_trout,open,published_access_subject_to_live_conditions,private_research_not_published,winter_spring_nearshore,6.5,0.095,1.522,1.157,1.248,1.34,1.431,1.522,
2026-09-15,st_joseph_mi/brown_trout,st_joseph_mi,brown_trout,open,published_access_subject_to_live_conditions,private_research_not_published,winter_spring_nearshore,6.5,0.177,1.972,1.292,1.462,1.632,1.802,1.972,
2026-10-15,st_joseph_mi/brown_trout,st_joseph_mi,brown_trout,open,published_access_subject_to_live_conditions,private_research_not_published,fall_harbor,4.96,0.61,3.416,1.725,2.147,2.57,2.993,3.416,
2026-11-15,st_joseph_mi/brown_trout,st_joseph_mi,brown_trout,open,published_access_subject_to_live_conditions,private_research_not_published,fall_harbor,4.96,0.936,4.708,2.112,2.761,3.41,4.059,4.708,
2026-12-15,st_joseph_mi/brown_trout,st_joseph_mi,brown_trout,open,published_access_subject_to_live_conditions,private_research_not_published,fall_harbor,4.96,0.554,3.194,1.658,2.042,2.426,2.81,3.194,
2026-01-15,st_joseph_mi/lake_trout,st_joseph_mi,lake_trout,open,published_access_subject_to_live_conditions,private_research_not_published,winter_spring_pier,4.1,0.798,3.474,1.742,2.175,2.608,3.041,3.474,
2026-02-15,st_joseph_mi/lake_trout,st_joseph_mi,lake_trout,open,published_access_subject_to_live_conditions,private_research_not_published,winter_spring_pier,4.1,0.904,3.803,1.841,2.331,2.822,3.312,3.803,
2026-03-15,st_joseph_mi/lake_trout,st_joseph_mi,lake_trout,open,published_access_subject_to_live_conditions,private_research_not_published,winter_spring_pier,4.1,1,4.1,1.93,2.472,3.015,3.557,4.1,
2026-04-15,st_joseph_mi/lake_trout,st_joseph_mi,lake_trout,open,published_access_subject_to_live_conditions,private_research_not_published,winter_spring_pier,4.1,0.742,3.299,1.69,2.092,2.494,2.897,3.299,
2026-05-15,st_joseph_mi/lake_trout,st_joseph_mi,lake_trout,open,published_access_subject_to_live_conditions,private_research_not_published,winter_spring_pier,4.1,0.492,2.524,1.457,1.724,1.991,2.257,2.524,
2026-06-15,st_joseph_mi/lake_trout,st_joseph_mi,lake_trout,open,published_access_subject_to_live_conditions,private_research_not_published,winter_spring_pier,4.1,0.073,1.225,1.067,1.107,1.146,1.186,1.225,
2026-07-15,st_joseph_mi/lake_trout,st_joseph_mi,lake_trout,open,published_access_subject_to_live_conditions,private_research_not_published,fall_nearshore,3.67,0.082,1.218,1.065,1.103,1.141,1.18,1.218,
2026-08-15,st_joseph_mi/lake_trout,st_joseph_mi,lake_trout,open,published_access_subject_to_live_conditions,private_research_not_published,fall_nearshore,3.67,0.166,1.443,1.133,1.21,1.288,1.365,1.443,
2026-09-15,st_joseph_mi/lake_trout,st_joseph_mi,lake_trout,open,published_access_subject_to_live_conditions,private_research_not_published,fall_nearshore,3.67,0.25,1.667,1.2,1.317,1.434,1.551,1.667,
2026-10-15,st_joseph_mi/lake_trout,st_joseph_mi,lake_trout,open,published_access_subject_to_live_conditions,private_research_not_published,fall_nearshore,3.67,0.652,2.74,1.522,1.827,2.131,2.436,2.74,
2026-11-15,st_joseph_mi/lake_trout,st_joseph_mi,lake_trout,open,published_access_subject_to_live_conditions,private_research_not_published,fall_nearshore,3.67,0.941,3.513,1.754,2.194,2.633,3.073,3.513,
2026-12-15,st_joseph_mi/lake_trout,st_joseph_mi,lake_trout,open,published_access_subject_to_live_conditions,private_research_not_published,winter_spring_pier,4.1,0.672,3.083,1.625,1.989,2.354,2.719,3.083,
2026-01-15,st_joseph_mi/yellow_perch,st_joseph_mi,yellow_perch,open,published_access_subject_to_live_conditions,private_research_not_published,summer_pier_schooling,6,0.02,1.101,1.03,1.048,1.066,1.083,1.101,
2026-02-15,st_joseph_mi/yellow_perch,st_joseph_mi,yellow_perch,open,published_access_subject_to_live_conditions,private_research_not_published,summer_pier_schooling,6,0.065,1.325,1.097,1.154,1.211,1.268,1.325,
2026-03-15,st_joseph_mi/yellow_perch,st_joseph_mi,yellow_perch,open,published_access_subject_to_live_conditions,private_research_not_published,summer_pier_schooling,6,0.105,1.526,1.158,1.25,1.342,1.434,1.526,
2026-04-15,st_joseph_mi/yellow_perch,st_joseph_mi,yellow_perch,open,published_access_subject_to_live_conditions,private_research_not_published,summer_pier_schooling,6,0.15,1.75,1.225,1.356,1.487,1.619,1.75,
2026-05-15,st_joseph_mi/yellow_perch,st_joseph_mi,yellow_perch,open,published_access_subject_to_live_conditions,private_research_not_published,summer_pier_schooling,6,0.347,2.734,1.52,1.823,2.127,2.43,2.734,
2026-06-15,st_joseph_mi/yellow_perch,st_joseph_mi,yellow_perch,open,published_access_subject_to_live_conditions,private_research_not_published,summer_pier_schooling,6,0.55,3.75,1.825,2.306,2.787,3.269,3.75,
2026-07-15,st_joseph_mi/yellow_perch,st_joseph_mi,yellow_perch,open,published_access_subject_to_live_conditions,private_research_not_published,summer_pier_schooling,6,0.936,5.679,2.404,3.222,4.041,4.86,5.679,
2026-08-15,st_joseph_mi/yellow_perch,st_joseph_mi,yellow_perch,open,published_access_subject_to_live_conditions,private_research_not_published,summer_pier_schooling,6,0.749,4.746,2.124,2.779,3.435,4.09,4.746,
2026-09-15,st_joseph_mi/yellow_perch,st_joseph_mi,yellow_perch,open,published_access_subject_to_live_conditions,private_research_not_published,summer_pier_schooling,6,0.45,3.25,1.675,2.069,2.462,2.856,3.25,
2026-10-15,st_joseph_mi/yellow_perch,st_joseph_mi,yellow_perch,open,published_access_subject_to_live_conditions,private_research_not_published,summer_pier_schooling,6,0.15,1.75,1.225,1.356,1.487,1.619,1.75,
2026-11-15,st_joseph_mi/yellow_perch,st_joseph_mi,yellow_perch,open,published_access_subject_to_live_conditions,private_research_not_published,summer_pier_schooling,6,0.016,1.081,1.024,1.038,1.052,1.067,1.081,
2026-12-15,st_joseph_mi/yellow_perch,st_joseph_mi,yellow_perch,open,published_access_subject_to_live_conditions,private_research_not_published,summer_pier_schooling,6,0,1,1,1,1,1,1,
2026-01-15,st_joseph_mi/lake_whitefish,st_joseph_mi,lake_whitefish,open,published_access_subject_to_live_conditions,private_research_not_published,spring_coldwater_pier,3.16,0.549,2.185,1.356,1.563,1.77,1.978,2.185,
2026-02-15,st_joseph_mi/lake_whitefish,st_joseph_mi,lake_whitefish,open,published_access_subject_to_live_conditions,private_research_not_published,spring_coldwater_pier,3.16,0.767,2.657,1.497,1.787,2.077,2.367,2.657,
2026-03-15,st_joseph_mi/lake_whitefish,st_joseph_mi,lake_whitefish,open,published_access_subject_to_live_conditions,private_research_not_published,spring_coldwater_pier,3.16,0.965,3.084,1.625,1.99,2.354,2.719,3.084,
2026-04-15,st_joseph_mi/lake_whitefish,st_joseph_mi,lake_whitefish,open,published_access_subject_to_live_conditions,private_research_not_published,spring_coldwater_pier,3.16,0.505,2.09,1.327,1.518,1.709,1.899,2.09,
2026-05-15,st_joseph_mi/lake_whitefish,st_joseph_mi,lake_whitefish,open,published_access_subject_to_live_conditions,private_research_not_published,spring_coldwater_pier,3.16,0.11,1.237,1.071,1.113,1.154,1.195,1.237,
2026-06-15,st_joseph_mi/lake_whitefish,st_joseph_mi,lake_whitefish,open,published_access_subject_to_live_conditions,private_research_not_published,spring_coldwater_pier,3.16,0.029,1.063,1.019,1.03,1.041,1.052,1.063,
2026-07-15,st_joseph_mi/lake_whitefish,st_joseph_mi,lake_whitefish,open,published_access_subject_to_live_conditions,private_research_not_published,spring_coldwater_pier,3.16,0.092,1.199,1.06,1.095,1.129,1.164,1.199,
2026-08-15,st_joseph_mi/lake_whitefish,st_joseph_mi,lake_whitefish,open,published_access_subject_to_live_conditions,private_research_not_published,spring_coldwater_pier,3.16,0.157,1.34,1.102,1.161,1.221,1.28,1.34,
2026-09-15,st_joseph_mi/lake_whitefish,st_joseph_mi,lake_whitefish,open,published_access_subject_to_live_conditions,private_research_not_published,spring_coldwater_pier,3.16,0.222,1.48,1.144,1.228,1.312,1.396,1.48,
2026-10-15,st_joseph_mi/lake_whitefish,st_joseph_mi,lake_whitefish,open,published_access_subject_to_live_conditions,private_research_not_published,late_fall_pier,4,0.333,2,1.3,1.475,1.65,1.825,2,
2026-11-15,st_joseph_mi/lake_whitefish,st_joseph_mi,lake_whitefish,open,published_access_subject_to_live_conditions,private_research_not_published,late_fall_pier,4,0.903,3.71,1.813,2.287,2.761,3.235,3.71,
2026-12-15,st_joseph_mi/lake_whitefish,st_joseph_mi,lake_whitefish,open,published_access_subject_to_live_conditions,private_research_not_published,late_fall_pier,4,0.634,2.902,1.571,1.904,2.237,2.57,2.902,
2026-01-15,south_haven_mi/chinook_salmon,south_haven_mi,chinook_salmon,open,published_access_subject_to_live_conditions,private_research_not_published,spring_nearshore_transient,4.3,0,1,1,1,1,1,1,
2026-02-15,south_haven_mi/chinook_salmon,south_haven_mi,chinook_salmon,open,published_access_subject_to_live_conditions,private_research_not_published,spring_nearshore_transient,4.3,0,1,1,1,1,1,1,
2026-03-15,south_haven_mi/chinook_salmon,south_haven_mi,chinook_salmon,open,published_access_subject_to_live_conditions,private_research_not_published,spring_nearshore_transient,4.3,0,1,1,1,1,1,1,
2026-04-15,south_haven_mi/chinook_salmon,south_haven_mi,chinook_salmon,open,published_access_subject_to_live_conditions,private_research_not_published,spring_nearshore_transient,4.3,0.554,2.827,1.548,1.868,2.187,2.507,2.827,
2026-05-15,south_haven_mi/chinook_salmon,south_haven_mi,chinook_salmon,open,published_access_subject_to_live_conditions,private_research_not_published,spring_nearshore_transient,4.3,0.902,3.978,1.893,2.415,2.936,3.457,3.978,
2026-06-15,south_haven_mi/chinook_salmon,south_haven_mi,chinook_salmon,open,published_access_subject_to_live_conditions,private_research_not_published,spring_nearshore_transient,4.3,0.298,1.982,1.295,1.466,1.638,1.81,1.982,
2026-07-15,south_haven_mi/chinook_salmon,south_haven_mi,chinook_salmon,open,published_access_subject_to_live_conditions,private_research_not_published,spring_nearshore_transient,4.3,0,1,1,1,1,1,1,
2026-08-15,south_haven_mi/chinook_salmon,south_haven_mi,chinook_salmon,open,published_access_subject_to_live_conditions,private_research_not_published,fall_harbor_staging,7,0.4,3.4,1.72,2.14,2.56,2.98,3.4,
2026-09-15,south_haven_mi/chinook_salmon,south_haven_mi,chinook_salmon,open,published_access_subject_to_live_conditions,private_research_not_published,fall_harbor_staging,7,0.87,6.22,2.566,3.479,4.393,5.306,6.22,
2026-10-15,south_haven_mi/chinook_salmon,south_haven_mi,chinook_salmon,open,published_access_subject_to_live_conditions,private_research_not_published,fall_harbor_staging,7,0.22,2.322,1.397,1.628,1.859,2.091,2.322,
2026-11-15,south_haven_mi/chinook_salmon,south_haven_mi,chinook_salmon,open,published_access_subject_to_live_conditions,private_research_not_published,spring_nearshore_transient,4.3,0,1,1,1,1,1,1,
2026-12-15,south_haven_mi/chinook_salmon,south_haven_mi,chinook_salmon,open,published_access_subject_to_live_conditions,private_research_not_published,spring_nearshore_transient,4.3,0,1,1,1,1,1,1,
2026-01-15,south_haven_mi/coho_salmon,south_haven_mi,coho_salmon,open,published_access_subject_to_live_conditions,private_research_not_published,spring_nearshore,7.8,0.192,2.303,1.391,1.619,1.847,2.075,2.303,
2026-02-15,south_haven_mi/coho_salmon,south_haven_mi,coho_salmon,open,published_access_subject_to_live_conditions,private_research_not_published,spring_nearshore,7.8,0.35,3.38,1.714,2.13,2.547,2.963,3.38,
2026-03-15,south_haven_mi/coho_salmon,south_haven_mi,coho_salmon,open,published_access_subject_to_live_conditions,private_research_not_published,spring_nearshore,7.8,0.658,5.478,2.343,3.127,3.91,4.694,5.478,
2026-04-15,south_haven_mi/coho_salmon,south_haven_mi,coho_salmon,open,published_access_subject_to_live_conditions,private_research_not_published,spring_nearshore,7.8,1,7.8,3.04,4.23,5.42,6.61,7.8,
2026-05-15,south_haven_mi/coho_salmon,south_haven_mi,coho_salmon,open,published_access_subject_to_live_conditions,private_research_not_published,spring_nearshore,7.8,0.625,5.25,2.275,3.019,3.762,4.506,5.25,
2026-06-15,south_haven_mi/coho_salmon,south_haven_mi,coho_salmon,open,published_access_subject_to_live_conditions,private_research_not_published,spring_nearshore,7.8,0.177,2.203,1.361,1.571,1.782,1.993,2.203,
2026-07-15,south_haven_mi/coho_salmon,south_haven_mi,coho_salmon,open,published_access_subject_to_live_conditions,private_research_not_published,spring_nearshore,7.8,0,1,1,1,1,1,1,
2026-08-15,south_haven_mi/coho_salmon,south_haven_mi,coho_salmon,open,published_access_subject_to_live_conditions,private_research_not_published,spring_nearshore,7.8,0,1,1,1,1,1,1,
2026-09-15,south_haven_mi/coho_salmon,south_haven_mi,coho_salmon,open,published_access_subject_to_live_conditions,private_research_not_published,fall_harbor_return,5.9,0.474,3.321,1.696,2.102,2.508,2.915,3.321,
2026-10-15,south_haven_mi/coho_salmon,south_haven_mi,coho_salmon,open,published_access_subject_to_live_conditions,private_research_not_published,fall_harbor_return,5.9,1,5.9,2.47,3.328,4.185,5.043,5.9,
2026-11-15,south_haven_mi/coho_salmon,south_haven_mi,coho_salmon,open,published_access_subject_to_live_conditions,private_research_not_published,fall_harbor_return,5.9,0.268,2.313,1.394,1.624,1.854,2.084,2.313,
2026-12-15,south_haven_mi/coho_salmon,south_haven_mi,coho_salmon,open,published_access_subject_to_live_conditions,private_research_not_published,spring_nearshore,7.8,0.056,1.381,1.114,1.181,1.248,1.314,1.381,
2026-01-15,south_haven_mi/steelhead,south_haven_mi,steelhead,open,published_access_subject_to_live_conditions,private_research_not_published,spring_pier,6.62,0.347,2.953,1.586,1.928,2.269,2.611,2.953,
2026-02-15,south_haven_mi/steelhead,south_haven_mi,steelhead,open,published_access_subject_to_live_conditions,private_research_not_published,spring_pier,6.62,0.453,3.543,1.763,2.208,2.653,3.098,3.543,
2026-03-15,south_haven_mi/steelhead,south_haven_mi,steelhead,open,published_access_subject_to_live_conditions,private_research_not_published,spring_pier,6.62,0.64,4.597,2.079,2.708,3.338,3.967,4.597,
2026-04-15,south_haven_mi/steelhead,south_haven_mi,steelhead,open,published_access_subject_to_live_conditions,private_research_not_published,spring_pier,6.62,0.95,6.339,2.602,3.536,4.47,5.405,6.339,
2026-05-15,south_haven_mi/steelhead,south_haven_mi,steelhead,open,published_access_subject_to_live_conditions,private_research_not_published,spring_pier,6.62,0.429,3.409,1.723,2.144,2.566,2.987,3.409,
2026-06-15,south_haven_mi/steelhead,south_haven_mi,steelhead,open,published_access_subject_to_live_conditions,private_research_not_published,summer_skamania_pier,8.8,0.713,6.561,2.668,3.641,4.614,5.588,6.561,
2026-07-15,south_haven_mi/steelhead,south_haven_mi,steelhead,open,published_access_subject_to_live_conditions,private_research_not_published,summer_skamania_pier,8.8,1,8.8,3.34,4.705,6.07,7.435,8.8,
2026-08-15,south_haven_mi/steelhead,south_haven_mi,steelhead,open,published_access_subject_to_live_conditions,private_research_not_published,summer_skamania_pier,8.8,0.44,4.434,2.03,2.631,3.232,3.833,4.434,
2026-09-15,south_haven_mi/steelhead,south_haven_mi,steelhead,open,published_access_subject_to_live_conditions,private_research_not_published,fall_harbor,7.86,0.335,3.301,1.69,2.093,2.496,2.899,3.301,
2026-10-15,south_haven_mi/steelhead,south_haven_mi,steelhead,open,published_access_subject_to_live_conditions,private_research_not_published,fall_harbor,7.86,0.9,7.174,2.852,3.933,5.013,6.094,7.174,
2026-11-15,south_haven_mi/steelhead,south_haven_mi,steelhead,open,published_access_subject_to_live_conditions,private_research_not_published,fall_harbor,7.86,0.675,5.631,2.389,3.199,4.01,4.82,5.631,
2026-12-15,south_haven_mi/steelhead,south_haven_mi,steelhead,open,published_access_subject_to_live_conditions,private_research_not_published,fall_harbor,7.86,0.356,3.439,1.732,2.159,2.585,3.012,3.439,
2026-01-15,south_haven_mi/brown_trout,south_haven_mi,brown_trout,open,published_access_subject_to_live_conditions,private_research_not_published,winter_spring_nearshore,6.5,0.47,3.584,1.775,2.227,2.679,3.132,3.584,
2026-02-15,south_haven_mi/brown_trout,south_haven_mi,brown_trout,open,published_access_subject_to_live_conditions,private_research_not_published,winter_spring_nearshore,6.5,0.58,4.19,1.957,2.515,3.073,3.632,4.19,
2026-03-15,south_haven_mi/brown_trout,south_haven_mi,brown_trout,open,published_access_subject_to_live_conditions,private_research_not_published,winter_spring_nearshore,6.5,0.798,5.388,2.316,3.084,3.852,4.62,5.388,
2026-04-15,south_haven_mi/brown_trout,south_haven_mi,brown_trout,open,published_access_subject_to_live_conditions,private_research_not_published,winter_spring_nearshore,6.5,0.944,6.194,2.558,3.467,4.376,5.285,6.194,
2026-05-15,south_haven_mi/brown_trout,south_haven_mi,brown_trout,open,published_access_subject_to_live_conditions,private_research_not_published,winter_spring_nearshore,6.5,0.611,4.361,2.008,2.597,3.185,3.773,4.361,
2026-06-15,south_haven_mi/brown_trout,south_haven_mi,brown_trout,open,published_access_subject_to_live_conditions,private_research_not_published,winter_spring_nearshore,6.5,0.195,2.073,1.322,1.51,1.698,1.886,2.073,
2026-07-15,south_haven_mi/brown_trout,south_haven_mi,brown_trout,open,published_access_subject_to_live_conditions,private_research_not_published,fall_harbor,4.96,0.061,1.241,1.072,1.114,1.157,1.199,1.241,
2026-08-15,south_haven_mi/brown_trout,south_haven_mi,brown_trout,open,published_access_subject_to_live_conditions,private_research_not_published,winter_spring_nearshore,6.5,0.095,1.522,1.157,1.248,1.34,1.431,1.522,
2026-09-15,south_haven_mi/brown_trout,south_haven_mi,brown_trout,open,published_access_subject_to_live_conditions,private_research_not_published,winter_spring_nearshore,6.5,0.177,1.972,1.292,1.462,1.632,1.802,1.972,
2026-10-15,south_haven_mi/brown_trout,south_haven_mi,brown_trout,open,published_access_subject_to_live_conditions,private_research_not_published,fall_harbor,4.96,0.61,3.416,1.725,2.147,2.57,2.993,3.416,
2026-11-15,south_haven_mi/brown_trout,south_haven_mi,brown_trout,open,published_access_subject_to_live_conditions,private_research_not_published,fall_harbor,4.96,0.936,4.708,2.112,2.761,3.41,4.059,4.708,
2026-12-15,south_haven_mi/brown_trout,south_haven_mi,brown_trout,open,published_access_subject_to_live_conditions,private_research_not_published,fall_harbor,4.96,0.554,3.194,1.658,2.042,2.426,2.81,3.194,
2026-01-15,south_haven_mi/lake_trout,south_haven_mi,lake_trout,open,published_access_subject_to_live_conditions,private_research_not_published,spring_coldwater_pier,3.02,0.504,2.018,1.305,1.483,1.662,1.84,2.018,
2026-02-15,south_haven_mi/lake_trout,south_haven_mi,lake_trout,open,published_access_subject_to_live_conditions,private_research_not_published,spring_coldwater_pier,3.02,0.623,2.259,1.378,1.598,1.818,2.038,2.259,
2026-03-15,south_haven_mi/lake_trout,south_haven_mi,lake_trout,open,published_access_subject_to_live_conditions,private_research_not_published,spring_coldwater_pier,3.02,0.731,2.476,1.443,1.701,1.96,2.218,2.476,
2026-04-15,south_haven_mi/lake_trout,south_haven_mi,lake_trout,open,published_access_subject_to_live_conditions,private_research_not_published,spring_coldwater_pier,3.02,0.877,2.772,1.532,1.842,2.152,2.462,2.772,
2026-05-15,south_haven_mi/lake_trout,south_haven_mi,lake_trout,open,published_access_subject_to_live_conditions,private_research_not_published,spring_coldwater_pier,3.02,0.839,2.694,1.508,1.805,2.101,2.398,2.694,
2026-06-15,south_haven_mi/lake_trout,south_haven_mi,lake_trout,open,published_access_subject_to_live_conditions,private_research_not_published,spring_coldwater_pier,3.02,0.011,1.022,1.007,1.011,1.015,1.018,1.022,
2026-07-15,south_haven_mi/lake_trout,south_haven_mi,lake_trout,open,published_access_subject_to_live_conditions,private_research_not_published,spring_coldwater_pier,3.02,0.078,1.157,1.047,1.074,1.102,1.129,1.157,
2026-08-15,south_haven_mi/lake_trout,south_haven_mi,lake_trout,open,published_access_subject_to_live_conditions,private_research_not_published,spring_coldwater_pier,3.02,0.146,1.295,1.089,1.14,1.192,1.244,1.295,
2026-09-15,south_haven_mi/lake_trout,south_haven_mi,lake_trout,open,published_access_subject_to_live_conditions,private_research_not_published,fall_nearshore,3.8,0.363,2.018,1.305,1.483,1.661,1.84,2.018,
2026-10-15,south_haven_mi/lake_trout,south_haven_mi,lake_trout,open,published_access_subject_to_live_conditions,private_research_not_published,fall_nearshore,3.8,0.908,3.543,1.763,2.208,2.653,3.098,3.543,
2026-11-15,south_haven_mi/lake_trout,south_haven_mi,lake_trout,open,published_access_subject_to_live_conditions,private_research_not_published,fall_nearshore,3.8,0.765,3.143,1.643,2.018,2.393,2.768,3.143,
2026-12-15,south_haven_mi/lake_trout,south_haven_mi,lake_trout,open,published_access_subject_to_live_conditions,private_research_not_published,fall_nearshore,3.8,0.494,2.384,1.415,1.658,1.9,2.142,2.384,
2026-01-15,south_haven_mi/walleye,south_haven_mi,walleye,open,published_access_subject_to_live_conditions,private_research_not_published,spring_low_light,4.3,0.103,1.34,1.102,1.161,1.221,1.28,1.34,
2026-02-15,south_haven_mi/walleye,south_haven_mi,walleye,open,published_access_subject_to_live_conditions,private_research_not_published,spring_low_light,4.3,0.154,1.508,1.152,1.241,1.33,1.419,1.508,
2026-03-15,south_haven_mi/walleye,south_haven_mi,walleye,open,published_access_subject_to_live_conditions,private_research_not_published,spring_low_light,4.3,0.2,1.66,1.198,1.314,1.429,1.545,1.66,
2026-04-15,south_haven_mi/walleye,south_haven_mi,walleye,open,published_access_subject_to_live_conditions,private_research_not_published,spring_low_light,4.3,0.607,3.002,1.6,1.951,2.301,2.651,3.002,
2026-05-15,south_haven_mi/walleye,south_haven_mi,walleye,open,published_access_subject_to_live_conditions,private_research_not_published,spring_low_light,4.3,1,4.3,1.99,2.567,3.145,3.722,4.3,
2026-06-15,south_haven_mi/walleye,south_haven_mi,walleye,open,published_access_subject_to_live_conditions,private_research_not_published,spring_low_light,4.3,0.66,3.177,1.653,2.034,2.415,2.796,3.177,
2026-07-15,south_haven_mi/walleye,south_haven_mi,walleye,open,published_access_subject_to_live_conditions,private_research_not_published,spring_low_light,4.3,0.461,2.52,1.456,1.722,1.988,2.254,2.52,
2026-08-15,south_haven_mi/walleye,south_haven_mi,walleye,open,published_access_subject_to_live_conditions,private_research_not_published,spring_low_light,4.3,0.322,2.064,1.319,1.505,1.691,1.878,2.064,
2026-09-15,south_haven_mi/walleye,south_haven_mi,walleye,open,published_access_subject_to_live_conditions,private_research_not_published,spring_low_light,4.3,0.23,1.76,1.228,1.361,1.494,1.627,1.76,
2026-10-15,south_haven_mi/walleye,south_haven_mi,walleye,open,published_access_subject_to_live_conditions,private_research_not_published,spring_low_light,4.3,0.15,1.495,1.148,1.235,1.322,1.408,1.495,
2026-11-15,south_haven_mi/walleye,south_haven_mi,walleye,open,published_access_subject_to_live_conditions,private_research_not_published,spring_low_light,4.3,0.122,1.402,1.121,1.191,1.261,1.332,1.402,
2026-12-15,south_haven_mi/walleye,south_haven_mi,walleye,open,published_access_subject_to_live_conditions,private_research_not_published,spring_low_light,4.3,0.095,1.312,1.094,1.148,1.203,1.257,1.312,
2026-01-15,south_haven_mi/smallmouth_bass,south_haven_mi,smallmouth_bass,open_catch_and_immediate_release_only,published_access_subject_to_live_conditions,private_research_not_published,warm_season_harbor,5.2,0,1,1,1,1,1,1,
2026-02-15,south_haven_mi/smallmouth_bass,south_haven_mi,smallmouth_bass,open_catch_and_immediate_release_only,published_access_subject_to_live_conditions,private_research_not_published,warm_season_harbor,5.2,0,1,1,1,1,1,1,
2026-03-15,south_haven_mi/smallmouth_bass,south_haven_mi,smallmouth_bass,open_catch_and_immediate_release_only,published_access_subject_to_live_conditions,private_research_not_published,warm_season_harbor,5.2,0,1,1,1,1,1,1,
2026-04-15,south_haven_mi/smallmouth_bass,south_haven_mi,smallmouth_bass,open_catch_and_immediate_release_only,published_access_subject_to_live_conditions,private_research_not_published,warm_season_harbor,5.2,0.108,1.452,1.136,1.215,1.294,1.373,1.452,
2026-05-15,south_haven_mi/smallmouth_bass,south_haven_mi,smallmouth_bass,open_catch_and_immediate_release_only,published_access_subject_to_live_conditions,private_research_not_published,warm_season_harbor,5.2,0.363,2.526,1.458,1.725,1.992,2.259,2.526,
2026-06-15,south_haven_mi/smallmouth_bass,south_haven_mi,smallmouth_bass,open,published_access_subject_to_live_conditions,private_research_not_published,warm_season_harbor,5.2,0.757,4.178,1.953,2.509,3.065,3.622,4.178,
2026-07-15,south_haven_mi/smallmouth_bass,south_haven_mi,smallmouth_bass,open,published_access_subject_to_live_conditions,private_research_not_published,warm_season_harbor,5.2,0.97,5.074,2.222,2.935,3.648,4.361,5.074,
2026-08-15,south_haven_mi/smallmouth_bass,south_haven_mi,smallmouth_bass,open,published_access_subject_to_live_conditions,private_research_not_published,warm_season_harbor,5.2,0.883,4.707,2.112,2.761,3.409,4.058,4.707,
2026-09-15,south_haven_mi/smallmouth_bass,south_haven_mi,smallmouth_bass,open,published_access_subject_to_live_conditions,private_research_not_published,warm_season_harbor,5.2,0.743,4.119,1.936,2.481,3.027,3.573,4.119,
2026-10-15,south_haven_mi/smallmouth_bass,south_haven_mi,smallmouth_bass,open,published_access_subject_to_live_conditions,private_research_not_published,warm_season_harbor,5.2,0.313,2.314,1.394,1.624,1.854,2.084,2.314,
2026-11-15,south_haven_mi/smallmouth_bass,south_haven_mi,smallmouth_bass,open,published_access_subject_to_live_conditions,private_research_not_published,warm_season_harbor,5.2,0,1,1,1,1,1,1,
2026-12-15,south_haven_mi/smallmouth_bass,south_haven_mi,smallmouth_bass,open,published_access_subject_to_live_conditions,private_research_not_published,warm_season_harbor,5.2,0,1,1,1,1,1,1,
2026-01-15,south_haven_mi/freshwater_drum,south_haven_mi,freshwater_drum,open,published_access_subject_to_live_conditions,private_research_not_published,warm_season_harbor,6.5,0,1,1,1,1,1,1,
2026-02-15,south_haven_mi/freshwater_drum,south_haven_mi,freshwater_drum,open,published_access_subject_to_live_conditions,private_research_not_published,warm_season_harbor,6.5,0,1,1,1,1,1,1,
2026-03-15,south_haven_mi/freshwater_drum,south_haven_mi,freshwater_drum,open,published_access_subject_to_live_conditions,private_research_not_published,warm_season_harbor,6.5,0,1,1,1,1,1,1,
2026-04-15,south_haven_mi/freshwater_drum,south_haven_mi,freshwater_drum,open,published_access_subject_to_live_conditions,private_research_not_published,warm_season_harbor,6.5,0,1,1,1,1,1,1,
2026-05-15,south_haven_mi/freshwater_drum,south_haven_mi,freshwater_drum,open,published_access_subject_to_live_conditions,private_research_not_published,warm_season_harbor,6.5,0.3,2.65,1.495,1.784,2.072,2.361,2.65,
2026-06-15,south_haven_mi/freshwater_drum,south_haven_mi,freshwater_drum,open,published_access_subject_to_live_conditions,private_research_not_published,warm_season_harbor,6.5,0.652,4.585,2.075,2.703,3.33,3.957,4.585,
2026-07-15,south_haven_mi/freshwater_drum,south_haven_mi,freshwater_drum,open,published_access_subject_to_live_conditions,private_research_not_published,warm_season_harbor,6.5,1,6.5,2.65,3.612,4.575,5.537,6.5,
2026-08-15,south_haven_mi/freshwater_drum,south_haven_mi,freshwater_drum,open,published_access_subject_to_live_conditions,private_research_not_published,warm_season_harbor,6.5,0.871,5.79,2.437,3.275,4.113,4.951,5.79,
2026-09-15,south_haven_mi/freshwater_drum,south_haven_mi,freshwater_drum,open,published_access_subject_to_live_conditions,private_research_not_published,warm_season_harbor,6.5,0.489,3.689,1.807,2.277,2.748,3.218,3.689,
2026-10-15,south_haven_mi/freshwater_drum,south_haven_mi,freshwater_drum,open,published_access_subject_to_live_conditions,private_research_not_published,warm_season_harbor,6.5,0.07,1.385,1.115,1.183,1.25,1.318,1.385,
2026-11-15,south_haven_mi/freshwater_drum,south_haven_mi,freshwater_drum,open,published_access_subject_to_live_conditions,private_research_not_published,warm_season_harbor,6.5,0,1,1,1,1,1,1,
2026-12-15,south_haven_mi/freshwater_drum,south_haven_mi,freshwater_drum,open,published_access_subject_to_live_conditions,private_research_not_published,warm_season_harbor,6.5,0,1,1,1,1,1,1,
2026-01-15,south_haven_mi/yellow_perch,south_haven_mi,yellow_perch,open,published_access_subject_to_live_conditions,private_research_not_published,summer_pier_schooling,5.4,0.013,1.059,1.018,1.028,1.038,1.049,1.059,
2026-02-15,south_haven_mi/yellow_perch,south_haven_mi,yellow_perch,open,published_access_subject_to_live_conditions,private_research_not_published,summer_pier_schooling,5.4,0.043,1.19,1.057,1.09,1.124,1.157,1.19,
2026-03-15,south_haven_mi/yellow_perch,south_haven_mi,yellow_perch,open,published_access_subject_to_live_conditions,private_research_not_published,summer_pier_schooling,5.4,0.07,1.309,1.093,1.147,1.201,1.255,1.309,
2026-04-15,south_haven_mi/yellow_perch,south_haven_mi,yellow_perch,open,published_access_subject_to_live_conditions,private_research_not_published,summer_pier_schooling,5.4,0.1,1.44,1.132,1.209,1.286,1.363,1.44,
2026-05-15,south_haven_mi/yellow_perch,south_haven_mi,yellow_perch,open,published_access_subject_to_live_conditions,private_research_not_published,summer_pier_schooling,5.4,0.297,2.306,1.392,1.62,1.849,2.077,2.306,
2026-06-15,south_haven_mi/yellow_perch,south_haven_mi,yellow_perch,open,published_access_subject_to_live_conditions,private_research_not_published,summer_pier_schooling,5.4,0.5,3.2,1.66,2.045,2.43,2.815,3.2,
2026-07-15,south_haven_mi/yellow_perch,south_haven_mi,yellow_perch,open,published_access_subject_to_live_conditions,private_research_not_published,summer_pier_schooling,5.4,0.929,5.086,2.226,2.941,3.656,4.371,5.086,
2026-08-15,south_haven_mi/yellow_perch,south_haven_mi,yellow_perch,open,published_access_subject_to_live_conditions,private_research_not_published,summer_pier_schooling,5.4,0.819,4.606,2.082,2.713,3.344,3.975,4.606,
2026-09-15,south_haven_mi/yellow_perch,south_haven_mi,yellow_perch,open,published_access_subject_to_live_conditions,private_research_not_published,fall_pier_schooling,4.61,0.906,4.272,1.981,2.554,3.127,3.699,4.272,
2026-10-15,south_haven_mi/yellow_perch,south_haven_mi,yellow_perch,open,published_access_subject_to_live_conditions,private_research_not_published,fall_pier_schooling,4.61,0.344,2.241,1.372,1.589,1.807,2.024,2.241,
2026-11-15,south_haven_mi/yellow_perch,south_haven_mi,yellow_perch,open,published_access_subject_to_live_conditions,private_research_not_published,summer_pier_schooling,5.4,0,1,1,1,1,1,1,
2026-12-15,south_haven_mi/yellow_perch,south_haven_mi,yellow_perch,open,published_access_subject_to_live_conditions,private_research_not_published,summer_pier_schooling,5.4,0,1,1,1,1,1,1,
2026-01-15,south_haven_mi/lake_whitefish,south_haven_mi,lake_whitefish,open,published_access_subject_to_live_conditions,private_research_not_published,spring_coldwater_pier,3.16,0.549,2.185,1.356,1.563,1.77,1.978,2.185,
2026-02-15,south_haven_mi/lake_whitefish,south_haven_mi,lake_whitefish,open,published_access_subject_to_live_conditions,private_research_not_published,spring_coldwater_pier,3.16,0.767,2.657,1.497,1.787,2.077,2.367,2.657,
2026-03-15,south_haven_mi/lake_whitefish,south_haven_mi,lake_whitefish,open,published_access_subject_to_live_conditions,private_research_not_published,spring_coldwater_pier,3.16,0.965,3.084,1.625,1.99,2.354,2.719,3.084,
2026-04-15,south_haven_mi/lake_whitefish,south_haven_mi,lake_whitefish,open,published_access_subject_to_live_conditions,private_research_not_published,spring_coldwater_pier,3.16,0.505,2.09,1.327,1.518,1.709,1.899,2.09,
2026-05-15,south_haven_mi/lake_whitefish,south_haven_mi,lake_whitefish,open,published_access_subject_to_live_conditions,private_research_not_published,spring_coldwater_pier,3.16,0.11,1.237,1.071,1.113,1.154,1.195,1.237,
2026-06-15,south_haven_mi/lake_whitefish,south_haven_mi,lake_whitefish,open,published_access_subject_to_live_conditions,private_research_not_published,spring_coldwater_pier,3.16,0.029,1.063,1.019,1.03,1.041,1.052,1.063,
2026-07-15,south_haven_mi/lake_whitefish,south_haven_mi,lake_whitefish,open,published_access_subject_to_live_conditions,private_research_not_published,spring_coldwater_pier,3.16,0.092,1.199,1.06,1.095,1.129,1.164,1.199,
2026-08-15,south_haven_mi/lake_whitefish,south_haven_mi,lake_whitefish,open,published_access_subject_to_live_conditions,private_research_not_published,spring_coldwater_pier,3.16,0.157,1.34,1.102,1.161,1.221,1.28,1.34,
2026-09-15,south_haven_mi/lake_whitefish,south_haven_mi,lake_whitefish,open,published_access_subject_to_live_conditions,private_research_not_published,spring_coldwater_pier,3.16,0.222,1.48,1.144,1.228,1.312,1.396,1.48,
2026-10-15,south_haven_mi/lake_whitefish,south_haven_mi,lake_whitefish,open,published_access_subject_to_live_conditions,private_research_not_published,late_fall_pier,4,0.333,2,1.3,1.475,1.65,1.825,2,
2026-11-15,south_haven_mi/lake_whitefish,south_haven_mi,lake_whitefish,open,published_access_subject_to_live_conditions,private_research_not_published,late_fall_pier,4,0.903,3.71,1.813,2.287,2.761,3.235,3.71,
2026-12-15,south_haven_mi/lake_whitefish,south_haven_mi,lake_whitefish,open,published_access_subject_to_live_conditions,private_research_not_published,late_fall_pier,4,0.634,2.902,1.571,1.904,2.237,2.57,2.902,
2026-01-15,south_haven_mi/round_whitefish,south_haven_mi,round_whitefish,open,published_access_subject_to_live_conditions,private_research_not_published,spring_channel,2.84,0.236,1.433,1.13,1.206,1.282,1.358,1.433,
2026-02-15,south_haven_mi/round_whitefish,south_haven_mi,round_whitefish,open,published_access_subject_to_live_conditions,private_research_not_published,spring_channel,2.84,0.314,1.579,1.174,1.275,1.376,1.477,1.579,
2026-03-15,south_haven_mi/round_whitefish,south_haven_mi,round_whitefish,open,published_access_subject_to_live_conditions,private_research_not_published,spring_channel,2.84,0.552,2.016,1.305,1.483,1.66,1.838,2.016,
2026-04-15,south_haven_mi/round_whitefish,south_haven_mi,round_whitefish,open,published_access_subject_to_live_conditions,private_research_not_published,spring_channel,2.84,1,2.84,1.552,1.874,2.196,2.518,2.84,
2026-05-15,south_haven_mi/round_whitefish,south_haven_mi,round_whitefish,open,published_access_subject_to_live_conditions,private_research_not_published,spring_channel,2.84,0,1,1,1,1,1,1,
2026-06-15,south_haven_mi/round_whitefish,south_haven_mi,round_whitefish,open,published_access_subject_to_live_conditions,private_research_not_published,spring_channel,2.84,0.025,1.045,1.014,1.022,1.029,1.037,1.045,
2026-07-15,south_haven_mi/round_whitefish,south_haven_mi,round_whitefish,open,published_access_subject_to_live_conditions,private_research_not_published,spring_channel,2.84,0.048,1.089,1.027,1.042,1.058,1.073,1.089,
2026-08-15,south_haven_mi/round_whitefish,south_haven_mi,round_whitefish,open,published_access_subject_to_live_conditions,private_research_not_published,spring_channel,2.84,0.073,1.134,1.04,1.064,1.087,1.111,1.134,
2026-09-15,south_haven_mi/round_whitefish,south_haven_mi,round_whitefish,open,published_access_subject_to_live_conditions,private_research_not_published,spring_channel,2.84,0.098,1.18,1.054,1.085,1.117,1.148,1.18,
2026-10-15,south_haven_mi/round_whitefish,south_haven_mi,round_whitefish,open,published_access_subject_to_live_conditions,private_research_not_published,fall_channel,3.7,0.857,3.314,1.694,2.099,2.504,2.909,3.314,
2026-11-15,south_haven_mi/round_whitefish,south_haven_mi,round_whitefish,open,published_access_subject_to_live_conditions,private_research_not_published,fall_channel,3.7,0.455,2.228,1.368,1.583,1.798,2.013,2.228,
2026-12-15,south_haven_mi/round_whitefish,south_haven_mi,round_whitefish,open,published_access_subject_to_live_conditions,private_research_not_published,spring_channel,2.84,0.18,1.332,1.1,1.158,1.216,1.274,1.332,
2026-01-15,south_haven_mi/channel_catfish,south_haven_mi,channel_catfish,open,published_access_subject_to_live_conditions,private_research_not_published,warm_season_channel,5.2,0,1,1,1,1,1,1,
2026-02-15,south_haven_mi/channel_catfish,south_haven_mi,channel_catfish,open,published_access_subject_to_live_conditions,private_research_not_published,warm_season_channel,5.2,0,1,1,1,1,1,1,
2026-03-15,south_haven_mi/channel_catfish,south_haven_mi,channel_catfish,open,published_access_subject_to_live_conditions,private_research_not_published,warm_season_channel,5.2,0,1,1,1,1,1,1,
2026-04-15,south_haven_mi/channel_catfish,south_haven_mi,channel_catfish,open,published_access_subject_to_live_conditions,private_research_not_published,warm_season_channel,5.2,0,1,1,1,1,1,1,
2026-05-15,south_haven_mi/channel_catfish,south_haven_mi,channel_catfish,open,published_access_subject_to_live_conditions,private_research_not_published,warm_season_channel,5.2,0.257,2.08,1.324,1.513,1.702,1.891,2.08,
2026-06-15,south_haven_mi/channel_catfish,south_haven_mi,channel_catfish,open,published_access_subject_to_live_conditions,private_research_not_published,warm_season_channel,5.2,0.522,3.191,1.657,2.041,2.424,2.807,3.191,
2026-07-15,south_haven_mi/channel_catfish,south_haven_mi,channel_catfish,open,published_access_subject_to_live_conditions,private_research_not_published,warm_season_channel,5.2,0.777,4.265,1.979,2.551,3.122,3.694,4.265,
2026-08-15,south_haven_mi/channel_catfish,south_haven_mi,channel_catfish,open,published_access_subject_to_live_conditions,private_research_not_published,warm_season_channel,5.2,0.971,5.078,2.223,2.937,3.651,4.364,5.078,
2026-09-15,south_haven_mi/channel_catfish,south_haven_mi,channel_catfish,open,published_access_subject_to_live_conditions,private_research_not_published,warm_season_channel,5.2,0.748,4.143,1.943,2.493,3.043,3.593,4.143,
2026-10-15,south_haven_mi/channel_catfish,south_haven_mi,channel_catfish,open,published_access_subject_to_live_conditions,private_research_not_published,warm_season_channel,5.2,0.283,2.19,1.357,1.565,1.773,1.982,2.19,
2026-11-15,south_haven_mi/channel_catfish,south_haven_mi,channel_catfish,open,published_access_subject_to_live_conditions,private_research_not_published,warm_season_channel,5.2,0,1,1,1,1,1,1,
2026-12-15,south_haven_mi/channel_catfish,south_haven_mi,channel_catfish,open,published_access_subject_to_live_conditions,private_research_not_published,warm_season_channel,5.2,0,1,1,1,1,1,1,
2026-01-15,south_haven_mi/northern_pike,south_haven_mi,northern_pike,open,published_access_subject_to_live_conditions,private_research_not_published,spring_harbor,4.8,0.263,1.998,1.299,1.474,1.649,1.824,1.998,
2026-02-15,south_haven_mi/northern_pike,south_haven_mi,northern_pike,open,published_access_subject_to_live_conditions,private_research_not_published,spring_harbor,4.8,0.357,2.358,1.407,1.645,1.883,2.12,2.358,
2026-03-15,south_haven_mi/northern_pike,south_haven_mi,northern_pike,open,published_access_subject_to_live_conditions,private_research_not_published,spring_harbor,4.8,0.538,3.043,1.613,1.971,2.328,2.686,3.043,
2026-04-15,south_haven_mi/northern_pike,south_haven_mi,northern_pike,open,published_access_subject_to_live_conditions,private_research_not_published,spring_harbor,4.8,0.843,4.202,1.961,2.521,3.081,3.642,4.202,
2026-05-15,south_haven_mi/northern_pike,south_haven_mi,northern_pike,open,published_access_subject_to_live_conditions,private_research_not_published,spring_harbor,4.8,0.86,4.268,1.98,2.552,3.124,3.696,4.268,
2026-06-15,south_haven_mi/northern_pike,south_haven_mi,northern_pike,open,published_access_subject_to_live_conditions,private_research_not_published,spring_harbor,4.8,0.55,3.09,1.627,1.993,2.358,2.724,3.09,
2026-07-15,south_haven_mi/northern_pike,south_haven_mi,northern_pike,open,published_access_subject_to_live_conditions,private_research_not_published,fall_harbor,4.5,0.338,2.184,1.355,1.562,1.77,1.977,2.184,
2026-08-15,south_haven_mi/northern_pike,south_haven_mi,northern_pike,open,published_access_subject_to_live_conditions,private_research_not_published,fall_harbor,4.5,0.644,3.256,1.677,2.071,2.466,2.861,3.256,
2026-09-15,south_haven_mi/northern_pike,south_haven_mi,northern_pike,open,published_access_subject_to_live_conditions,private_research_not_published,fall_harbor,4.5,0.951,4.327,1.998,2.58,3.163,3.745,4.327,
2026-10-15,south_haven_mi/northern_pike,south_haven_mi,northern_pike,open,published_access_subject_to_live_conditions,private_research_not_published,fall_harbor,4.5,0.754,3.641,1.792,2.254,2.716,3.179,3.641,
2026-11-15,south_haven_mi/northern_pike,south_haven_mi,northern_pike,open,published_access_subject_to_live_conditions,private_research_not_published,fall_harbor,4.5,0.45,2.575,1.472,1.748,2.024,2.299,2.575,
2026-12-15,south_haven_mi/northern_pike,south_haven_mi,northern_pike,open,published_access_subject_to_live_conditions,private_research_not_published,fall_harbor,4.5,0.287,2.004,1.301,1.477,1.653,1.829,2.004,
2026-01-15,holland_mi/chinook_salmon,holland_mi,chinook_salmon,open,published_access_subject_to_live_conditions,private_research_not_published,spring_nearshore_transient,4.74,0,1,1,1,1,1,1,
2026-02-15,holland_mi/chinook_salmon,holland_mi,chinook_salmon,open,published_access_subject_to_live_conditions,private_research_not_published,spring_nearshore_transient,4.74,0,1,1,1,1,1,1,
2026-03-15,holland_mi/chinook_salmon,holland_mi,chinook_salmon,open,published_access_subject_to_live_conditions,private_research_not_published,spring_nearshore_transient,4.74,0,1,1,1,1,1,1,
2026-04-15,holland_mi/chinook_salmon,holland_mi,chinook_salmon,open,published_access_subject_to_live_conditions,private_research_not_published,spring_nearshore_transient,4.74,0.554,3.07,1.621,1.983,2.346,2.708,3.07,
2026-05-15,holland_mi/chinook_salmon,holland_mi,chinook_salmon,open,published_access_subject_to_live_conditions,private_research_not_published,spring_nearshore_transient,4.74,0.902,4.375,2.013,2.603,3.194,3.784,4.375,
2026-06-15,holland_mi/chinook_salmon,holland_mi,chinook_salmon,open,published_access_subject_to_live_conditions,private_research_not_published,spring_nearshore_transient,4.74,0.298,2.113,1.334,1.529,1.723,1.918,2.113,
2026-07-15,holland_mi/chinook_salmon,holland_mi,chinook_salmon,open,published_access_subject_to_live_conditions,private_research_not_published,spring_nearshore_transient,4.74,0,1,1,1,1,1,1,
2026-08-15,holland_mi/chinook_salmon,holland_mi,chinook_salmon,open,published_access_subject_to_live_conditions,private_research_not_published,fall_harbor_staging,7.8,0.4,3.72,1.816,2.292,2.768,3.244,3.72,
2026-09-15,holland_mi/chinook_salmon,holland_mi,chinook_salmon,open,published_access_subject_to_live_conditions,private_research_not_published,fall_harbor_staging,7.8,0.87,6.916,2.775,3.81,4.845,5.881,6.916,
2026-10-15,holland_mi/chinook_salmon,holland_mi,chinook_salmon,open,published_access_subject_to_live_conditions,private_research_not_published,fall_harbor_staging,7.8,0.22,2.499,1.45,1.712,1.974,2.236,2.499,
2026-11-15,holland_mi/chinook_salmon,holland_mi,chinook_salmon,open,published_access_subject_to_live_conditions,private_research_not_published,spring_nearshore_transient,4.74,0,1,1,1,1,1,1,
2026-12-15,holland_mi/chinook_salmon,holland_mi,chinook_salmon,open,published_access_subject_to_live_conditions,private_research_not_published,spring_nearshore_transient,4.74,0,1,1,1,1,1,1,
2026-01-15,holland_mi/coho_salmon,holland_mi,coho_salmon,open,published_access_subject_to_live_conditions,private_research_not_published,spring_nearshore,7,0.192,2.149,1.345,1.546,1.747,1.948,2.149,
2026-02-15,holland_mi/coho_salmon,holland_mi,coho_salmon,open,published_access_subject_to_live_conditions,private_research_not_published,spring_nearshore,7,0.35,3.1,1.63,1.997,2.365,2.732,3.1,
2026-03-15,holland_mi/coho_salmon,holland_mi,coho_salmon,open,published_access_subject_to_live_conditions,private_research_not_published,spring_nearshore,7,0.658,4.951,2.185,2.877,3.568,4.259,4.951,
2026-04-15,holland_mi/coho_salmon,holland_mi,coho_salmon,open,published_access_subject_to_live_conditions,private_research_not_published,spring_nearshore,7,1,7,2.8,3.85,4.9,5.95,7,
2026-05-15,holland_mi/coho_salmon,holland_mi,coho_salmon,open,published_access_subject_to_live_conditions,private_research_not_published,spring_nearshore,7,0.625,4.75,2.125,2.781,3.437,4.094,4.75,
2026-06-15,holland_mi/coho_salmon,holland_mi,coho_salmon,open,published_access_subject_to_live_conditions,private_research_not_published,spring_nearshore,7,0.177,2.062,1.318,1.504,1.69,1.876,2.062,
2026-07-15,holland_mi/coho_salmon,holland_mi,coho_salmon,open,published_access_subject_to_live_conditions,private_research_not_published,spring_nearshore,7,0,1,1,1,1,1,1,
2026-08-15,holland_mi/coho_salmon,holland_mi,coho_salmon,open,published_access_subject_to_live_conditions,private_research_not_published,spring_nearshore,7,0,1,1,1,1,1,1,
2026-09-15,holland_mi/coho_salmon,holland_mi,coho_salmon,open,published_access_subject_to_live_conditions,private_research_not_published,fall_harbor_return,5.32,0.474,3.046,1.614,1.972,2.33,2.688,3.046,
2026-10-15,holland_mi/coho_salmon,holland_mi,coho_salmon,open,published_access_subject_to_live_conditions,private_research_not_published,fall_harbor_return,5.32,1,5.32,2.296,3.052,3.808,4.564,5.32,
2026-11-15,holland_mi/coho_salmon,holland_mi,coho_salmon,open,published_access_subject_to_live_conditions,private_research_not_published,fall_harbor_return,5.32,0.268,2.158,1.347,1.55,1.753,1.955,2.158,
2026-12-15,holland_mi/coho_salmon,holland_mi,coho_salmon,open,published_access_subject_to_live_conditions,private_research_not_published,spring_nearshore,7,0.056,1.336,1.101,1.16,1.218,1.277,1.336,
2026-01-15,holland_mi/steelhead,holland_mi,steelhead,open,published_access_subject_to_live_conditions,private_research_not_published,spring_pier,5.91,0.362,2.776,1.533,1.844,2.155,2.465,2.776,
2026-02-15,holland_mi/steelhead,holland_mi,steelhead,open,published_access_subject_to_live_conditions,private_research_not_published,spring_pier,5.91,0.499,3.448,1.734,2.163,2.591,3.019,3.448,
2026-03-15,holland_mi/steelhead,holland_mi,steelhead,open,published_access_subject_to_live_conditions,private_research_not_published,spring_pier,5.91,0.649,4.186,1.956,2.513,3.071,3.628,4.186,
2026-04-15,holland_mi/steelhead,holland_mi,steelhead,open,published_access_subject_to_live_conditions,private_research_not_published,spring_pier,5.91,0.951,5.67,2.401,3.218,4.036,4.853,5.67,
2026-05-15,holland_mi/steelhead,holland_mi,steelhead,open,published_access_subject_to_live_conditions,private_research_not_published,spring_pier,5.91,0.494,3.426,1.728,2.152,2.577,3.001,3.426,
2026-06-15,holland_mi/steelhead,holland_mi,steelhead,open,published_access_subject_to_live_conditions,private_research_not_published,summer_pier,7.3,0.419,3.642,1.793,2.255,2.717,3.18,3.642,
2026-07-15,holland_mi/steelhead,holland_mi,steelhead,open,published_access_subject_to_live_conditions,private_research_not_published,summer_pier,7.3,0.917,6.775,2.732,3.743,4.754,5.764,6.775,
2026-08-15,holland_mi/steelhead,holland_mi,steelhead,open,published_access_subject_to_live_conditions,private_research_not_published,summer_pier,7.3,0.494,4.115,1.934,2.48,3.025,3.57,4.115,
2026-09-15,holland_mi/steelhead,holland_mi,steelhead,open,published_access_subject_to_live_conditions,private_research_not_published,fall_harbor,6.17,0.339,2.751,1.525,1.832,2.138,2.445,2.751,
2026-10-15,holland_mi/steelhead,holland_mi,steelhead,open,published_access_subject_to_live_conditions,private_research_not_published,fall_harbor,6.17,0.9,5.653,2.396,3.21,4.024,4.839,5.653,
2026-11-15,holland_mi/steelhead,holland_mi,steelhead,open,published_access_subject_to_live_conditions,private_research_not_published,fall_harbor,6.17,0.603,4.116,1.935,2.48,3.026,3.571,4.116,
2026-12-15,holland_mi/steelhead,holland_mi,steelhead,open,published_access_subject_to_live_conditions,private_research_not_published,fall_harbor,6.17,0.311,2.608,1.483,1.764,2.045,2.327,2.608,
2026-01-15,holland_mi/brown_trout,holland_mi,brown_trout,open,published_access_subject_to_live_conditions,private_research_not_published,winter_spring_nearshore,7.2,0.47,3.913,1.874,2.383,2.893,3.403,3.913,
2026-02-15,holland_mi/brown_trout,holland_mi,brown_trout,open,published_access_subject_to_live_conditions,private_research_not_published,winter_spring_nearshore,7.2,0.58,4.596,2.079,2.708,3.337,3.967,4.596,
2026-03-15,holland_mi/brown_trout,holland_mi,brown_trout,open,published_access_subject_to_live_conditions,private_research_not_published,winter_spring_nearshore,7.2,0.798,5.946,2.484,3.349,4.215,5.081,5.946,
2026-04-15,holland_mi/brown_trout,holland_mi,brown_trout,open,published_access_subject_to_live_conditions,private_research_not_published,winter_spring_nearshore,7.2,0.944,6.856,2.757,3.781,4.806,5.831,6.856,
2026-05-15,holland_mi/brown_trout,holland_mi,brown_trout,open,published_access_subject_to_live_conditions,private_research_not_published,winter_spring_nearshore,7.2,0.611,4.789,2.137,2.8,3.463,4.126,4.789,
2026-06-15,holland_mi/brown_trout,holland_mi,brown_trout,open,published_access_subject_to_live_conditions,private_research_not_published,winter_spring_nearshore,7.2,0.195,2.21,1.363,1.575,1.786,1.998,2.21,
2026-07-15,holland_mi/brown_trout,holland_mi,brown_trout,open,published_access_subject_to_live_conditions,private_research_not_published,fall_harbor,5.46,0.061,1.271,1.081,1.129,1.176,1.224,1.271,
2026-08-15,holland_mi/brown_trout,holland_mi,brown_trout,open,published_access_subject_to_live_conditions,private_research_not_published,winter_spring_nearshore,7.2,0.095,1.589,1.177,1.28,1.383,1.486,1.589,
2026-09-15,holland_mi/brown_trout,holland_mi,brown_trout,open,published_access_subject_to_live_conditions,private_research_not_published,winter_spring_nearshore,7.2,0.177,2.096,1.329,1.521,1.713,1.904,2.096,
2026-10-15,holland_mi/brown_trout,holland_mi,brown_trout,open,published_access_subject_to_live_conditions,private_research_not_published,fall_harbor,5.46,0.61,3.721,1.816,2.292,2.768,3.244,3.721,
2026-11-15,holland_mi/brown_trout,holland_mi,brown_trout,open,published_access_subject_to_live_conditions,private_research_not_published,fall_harbor,5.46,0.936,5.176,2.253,2.983,3.714,4.445,5.176,
2026-12-15,holland_mi/brown_trout,holland_mi,brown_trout,open,published_access_subject_to_live_conditions,private_research_not_published,winter_spring_nearshore,7.2,0.399,3.472,1.742,2.174,2.607,3.039,3.472,
2026-01-15,holland_mi/lake_trout,holland_mi,lake_trout,open,published_access_subject_to_live_conditions,private_research_not_published,winter_spring_pier,3.8,0.798,3.234,1.67,2.061,2.452,2.843,3.234,
2026-02-15,holland_mi/lake_trout,holland_mi,lake_trout,open,published_access_subject_to_live_conditions,private_research_not_published,winter_spring_pier,3.8,0.904,3.532,1.759,2.202,2.645,3.088,3.532,
2026-03-15,holland_mi/lake_trout,holland_mi,lake_trout,open,published_access_subject_to_live_conditions,private_research_not_published,winter_spring_pier,3.8,1,3.8,1.84,2.33,2.82,3.31,3.8,
2026-04-15,holland_mi/lake_trout,holland_mi,lake_trout,open,published_access_subject_to_live_conditions,private_research_not_published,winter_spring_pier,3.8,0.742,3.077,1.623,1.986,2.35,2.713,3.077,
2026-05-15,holland_mi/lake_trout,holland_mi,lake_trout,open,published_access_subject_to_live_conditions,private_research_not_published,winter_spring_pier,3.8,0.492,2.377,1.413,1.654,1.895,2.136,2.377,
2026-06-15,holland_mi/lake_trout,holland_mi,lake_trout,open,published_access_subject_to_live_conditions,private_research_not_published,winter_spring_pier,3.8,0.073,1.203,1.061,1.097,1.132,1.168,1.203,
2026-07-15,holland_mi/lake_trout,holland_mi,lake_trout,open,published_access_subject_to_live_conditions,private_research_not_published,fall_nearshore,3.41,0.082,1.196,1.059,1.093,1.128,1.162,1.196,
2026-08-15,holland_mi/lake_trout,holland_mi,lake_trout,open,published_access_subject_to_live_conditions,private_research_not_published,fall_nearshore,3.41,0.166,1.399,1.12,1.19,1.26,1.33,1.399,
2026-09-15,holland_mi/lake_trout,holland_mi,lake_trout,open,published_access_subject_to_live_conditions,private_research_not_published,fall_nearshore,3.41,0.25,1.603,1.181,1.286,1.392,1.497,1.603,
2026-10-15,holland_mi/lake_trout,holland_mi,lake_trout,open,published_access_subject_to_live_conditions,private_research_not_published,fall_nearshore,3.41,0.652,2.571,1.471,1.746,2.021,2.296,2.571,
2026-11-15,holland_mi/lake_trout,holland_mi,lake_trout,open,published_access_subject_to_live_conditions,private_research_not_published,fall_nearshore,3.41,0.941,3.268,1.68,2.077,2.474,2.871,3.268,
2026-12-15,holland_mi/lake_trout,holland_mi,lake_trout,open,published_access_subject_to_live_conditions,private_research_not_published,winter_spring_pier,3.8,0.672,2.881,1.564,1.894,2.223,2.552,2.881,
2026-01-15,holland_mi/walleye,holland_mi,walleye,open,published_access_subject_to_live_conditions,private_research_not_published,summer_low_light,4.5,0.023,1.082,1.024,1.039,1.053,1.067,1.082,
2026-02-15,holland_mi/walleye,holland_mi,walleye,open,published_access_subject_to_live_conditions,private_research_not_published,summer_low_light,4.5,0.075,1.262,1.079,1.125,1.171,1.217,1.262,
2026-03-15,holland_mi/walleye,holland_mi,walleye,open,published_access_subject_to_live_conditions,private_research_not_published,summer_low_light,4.5,0.122,1.426,1.128,1.202,1.277,1.351,1.426,
2026-04-15,holland_mi/walleye,holland_mi,walleye,open,published_access_subject_to_live_conditions,private_research_not_published,summer_low_light,4.5,0.234,1.819,1.246,1.389,1.532,1.676,1.819,
2026-05-15,holland_mi/walleye,holland_mi,walleye,open,published_access_subject_to_live_conditions,private_research_not_published,summer_low_light,4.5,0.414,2.449,1.435,1.688,1.942,2.195,2.449,
2026-06-15,holland_mi/walleye,holland_mi,walleye,open,published_access_subject_to_live_conditions,private_research_not_published,summer_low_light,4.5,0.6,3.1,1.63,1.998,2.365,2.732,3.1,
2026-07-15,holland_mi/walleye,holland_mi,walleye,open,published_access_subject_to_live_conditions,private_research_not_published,summer_low_light,4.5,0.797,3.789,1.837,2.325,2.813,3.301,3.789,
2026-08-15,holland_mi/walleye,holland_mi,walleye,open,published_access_subject_to_live_conditions,private_research_not_published,summer_low_light,4.5,1,4.5,2.05,2.662,3.275,3.887,4.5,
2026-09-15,holland_mi/walleye,holland_mi,walleye,open,published_access_subject_to_live_conditions,private_research_not_published,summer_low_light,4.5,0.619,3.166,1.65,2.029,2.408,2.787,3.166,
2026-10-15,holland_mi/walleye,holland_mi,walleye,open,published_access_subject_to_live_conditions,private_research_not_published,summer_low_light,4.5,0.25,1.875,1.262,1.416,1.569,1.722,1.875,
2026-11-15,holland_mi/walleye,holland_mi,walleye,open,published_access_subject_to_live_conditions,private_research_not_published,summer_low_light,4.5,0,1,1,1,1,1,1,
2026-12-15,holland_mi/walleye,holland_mi,walleye,open,published_access_subject_to_live_conditions,private_research_not_published,summer_low_light,4.5,0,1,1,1,1,1,1,
2026-01-15,holland_mi/smallmouth_bass,holland_mi,smallmouth_bass,open_catch_and_immediate_release_only,published_access_subject_to_live_conditions,private_research_not_published,warm_season_harbor,5.2,0,1,1,1,1,1,1,
2026-02-15,holland_mi/smallmouth_bass,holland_mi,smallmouth_bass,open_catch_and_immediate_release_only,published_access_subject_to_live_conditions,private_research_not_published,warm_season_harbor,5.2,0,1,1,1,1,1,1,
2026-03-15,holland_mi/smallmouth_bass,holland_mi,smallmouth_bass,open_catch_and_immediate_release_only,published_access_subject_to_live_conditions,private_research_not_published,warm_season_harbor,5.2,0,1,1,1,1,1,1,
2026-04-15,holland_mi/smallmouth_bass,holland_mi,smallmouth_bass,open_catch_and_immediate_release_only,published_access_subject_to_live_conditions,private_research_not_published,warm_season_harbor,5.2,0.108,1.452,1.136,1.215,1.294,1.373,1.452,
2026-05-15,holland_mi/smallmouth_bass,holland_mi,smallmouth_bass,open_catch_and_immediate_release_only,published_access_subject_to_live_conditions,private_research_not_published,warm_season_harbor,5.2,0.363,2.526,1.458,1.725,1.992,2.259,2.526,
2026-06-15,holland_mi/smallmouth_bass,holland_mi,smallmouth_bass,open,published_access_subject_to_live_conditions,private_research_not_published,warm_season_harbor,5.2,0.757,4.178,1.953,2.509,3.065,3.622,4.178,
2026-07-15,holland_mi/smallmouth_bass,holland_mi,smallmouth_bass,open,published_access_subject_to_live_conditions,private_research_not_published,warm_season_harbor,5.2,0.97,5.074,2.222,2.935,3.648,4.361,5.074,
2026-08-15,holland_mi/smallmouth_bass,holland_mi,smallmouth_bass,open,published_access_subject_to_live_conditions,private_research_not_published,warm_season_harbor,5.2,0.883,4.707,2.112,2.761,3.409,4.058,4.707,
2026-09-15,holland_mi/smallmouth_bass,holland_mi,smallmouth_bass,open,published_access_subject_to_live_conditions,private_research_not_published,warm_season_harbor,5.2,0.743,4.119,1.936,2.481,3.027,3.573,4.119,
2026-10-15,holland_mi/smallmouth_bass,holland_mi,smallmouth_bass,open,published_access_subject_to_live_conditions,private_research_not_published,warm_season_harbor,5.2,0.313,2.314,1.394,1.624,1.854,2.084,2.314,
2026-11-15,holland_mi/smallmouth_bass,holland_mi,smallmouth_bass,open,published_access_subject_to_live_conditions,private_research_not_published,warm_season_harbor,5.2,0,1,1,1,1,1,1,
2026-12-15,holland_mi/smallmouth_bass,holland_mi,smallmouth_bass,open,published_access_subject_to_live_conditions,private_research_not_published,warm_season_harbor,5.2,0,1,1,1,1,1,1,
2026-01-15,holland_mi/freshwater_drum,holland_mi,freshwater_drum,open,published_access_subject_to_live_conditions,private_research_not_published,warm_season_harbor,5.8,0,1,1,1,1,1,1,
2026-02-15,holland_mi/freshwater_drum,holland_mi,freshwater_drum,open,published_access_subject_to_live_conditions,private_research_not_published,warm_season_harbor,5.8,0,1,1,1,1,1,1,
2026-03-15,holland_mi/freshwater_drum,holland_mi,freshwater_drum,open,published_access_subject_to_live_conditions,private_research_not_published,warm_season_harbor,5.8,0,1,1,1,1,1,1,
2026-04-15,holland_mi/freshwater_drum,holland_mi,freshwater_drum,open,published_access_subject_to_live_conditions,private_research_not_published,warm_season_harbor,5.8,0,1,1,1,1,1,1,
2026-05-15,holland_mi/freshwater_drum,holland_mi,freshwater_drum,open,published_access_subject_to_live_conditions,private_research_not_published,warm_season_harbor,5.8,0.3,2.44,1.432,1.684,1.936,2.188,2.44,
2026-06-15,holland_mi/freshwater_drum,holland_mi,freshwater_drum,open,published_access_subject_to_live_conditions,private_research_not_published,warm_season_harbor,5.8,0.652,4.129,1.939,2.486,3.034,3.581,4.129,
2026-07-15,holland_mi/freshwater_drum,holland_mi,freshwater_drum,open,published_access_subject_to_live_conditions,private_research_not_published,warm_season_harbor,5.8,1,5.8,2.44,3.28,4.12,4.96,5.8,
2026-08-15,holland_mi/freshwater_drum,holland_mi,freshwater_drum,open,published_access_subject_to_live_conditions,private_research_not_published,warm_season_harbor,5.8,0.871,5.18,2.254,2.986,3.717,4.448,5.18,
2026-09-15,holland_mi/freshwater_drum,holland_mi,freshwater_drum,open,published_access_subject_to_live_conditions,private_research_not_published,warm_season_harbor,5.8,0.489,3.347,1.704,2.115,2.525,2.936,3.347,
2026-10-15,holland_mi/freshwater_drum,holland_mi,freshwater_drum,open,published_access_subject_to_live_conditions,private_research_not_published,warm_season_harbor,5.8,0.07,1.336,1.101,1.16,1.218,1.277,1.336,
2026-11-15,holland_mi/freshwater_drum,holland_mi,freshwater_drum,open,published_access_subject_to_live_conditions,private_research_not_published,warm_season_harbor,5.8,0,1,1,1,1,1,1,
2026-12-15,holland_mi/freshwater_drum,holland_mi,freshwater_drum,open,published_access_subject_to_live_conditions,private_research_not_published,warm_season_harbor,5.8,0,1,1,1,1,1,1,
2026-01-15,holland_mi/yellow_perch,holland_mi,yellow_perch,open,published_access_subject_to_live_conditions,private_research_not_published,summer_pier_schooling,7.6,0.02,1.133,1.04,1.063,1.087,1.11,1.133,
2026-02-15,holland_mi/yellow_perch,holland_mi,yellow_perch,open,published_access_subject_to_live_conditions,private_research_not_published,summer_pier_schooling,7.6,0.065,1.428,1.129,1.203,1.278,1.353,1.428,
2026-03-15,holland_mi/yellow_perch,holland_mi,yellow_perch,open,published_access_subject_to_live_conditions,private_research_not_published,summer_pier_schooling,7.6,0.105,1.695,1.208,1.33,1.452,1.573,1.695,
2026-04-15,holland_mi/yellow_perch,holland_mi,yellow_perch,open,published_access_subject_to_live_conditions,private_research_not_published,summer_pier_schooling,7.6,0.15,1.99,1.297,1.47,1.643,1.817,1.99,
2026-05-15,holland_mi/yellow_perch,holland_mi,yellow_perch,open,published_access_subject_to_live_conditions,private_research_not_published,summer_pier_schooling,7.6,0.347,3.288,1.687,2.087,2.487,2.888,3.288,
2026-06-15,holland_mi/yellow_perch,holland_mi,yellow_perch,open,published_access_subject_to_live_conditions,private_research_not_published,summer_pier_schooling,7.6,0.55,4.63,2.089,2.724,3.359,3.995,4.63,
2026-07-15,holland_mi/yellow_perch,holland_mi,yellow_perch,open,published_access_subject_to_live_conditions,private_research_not_published,summer_pier_schooling,7.6,0.936,7.176,2.853,3.933,5.014,6.095,7.176,
2026-08-15,holland_mi/yellow_perch,holland_mi,yellow_perch,open,published_access_subject_to_live_conditions,private_research_not_published,summer_pier_schooling,7.6,0.749,5.944,2.483,3.348,4.214,5.079,5.944,
2026-09-15,holland_mi/yellow_perch,holland_mi,yellow_perch,open,published_access_subject_to_live_conditions,private_research_not_published,summer_pier_schooling,7.6,0.45,3.97,1.891,2.411,2.93,3.45,3.97,
2026-10-15,holland_mi/yellow_perch,holland_mi,yellow_perch,open,published_access_subject_to_live_conditions,private_research_not_published,summer_pier_schooling,7.6,0.15,1.99,1.297,1.47,1.643,1.817,1.99,
2026-11-15,holland_mi/yellow_perch,holland_mi,yellow_perch,open,published_access_subject_to_live_conditions,private_research_not_published,summer_pier_schooling,7.6,0.016,1.106,1.032,1.051,1.069,1.088,1.106,
2026-12-15,holland_mi/yellow_perch,holland_mi,yellow_perch,open,published_access_subject_to_live_conditions,private_research_not_published,summer_pier_schooling,7.6,0,1,1,1,1,1,1,
2026-01-15,holland_mi/lake_whitefish,holland_mi,lake_whitefish,open,published_access_subject_to_live_conditions,private_research_not_published,spring_coldwater_pier,3.16,0.549,2.185,1.356,1.563,1.77,1.978,2.185,
2026-02-15,holland_mi/lake_whitefish,holland_mi,lake_whitefish,open,published_access_subject_to_live_conditions,private_research_not_published,spring_coldwater_pier,3.16,0.767,2.657,1.497,1.787,2.077,2.367,2.657,
2026-03-15,holland_mi/lake_whitefish,holland_mi,lake_whitefish,open,published_access_subject_to_live_conditions,private_research_not_published,spring_coldwater_pier,3.16,0.965,3.084,1.625,1.99,2.354,2.719,3.084,
2026-04-15,holland_mi/lake_whitefish,holland_mi,lake_whitefish,open,published_access_subject_to_live_conditions,private_research_not_published,spring_coldwater_pier,3.16,0.505,2.09,1.327,1.518,1.709,1.899,2.09,
2026-05-15,holland_mi/lake_whitefish,holland_mi,lake_whitefish,open,published_access_subject_to_live_conditions,private_research_not_published,spring_coldwater_pier,3.16,0.11,1.237,1.071,1.113,1.154,1.195,1.237,
2026-06-15,holland_mi/lake_whitefish,holland_mi,lake_whitefish,open,published_access_subject_to_live_conditions,private_research_not_published,spring_coldwater_pier,3.16,0.029,1.063,1.019,1.03,1.041,1.052,1.063,
2026-07-15,holland_mi/lake_whitefish,holland_mi,lake_whitefish,open,published_access_subject_to_live_conditions,private_research_not_published,spring_coldwater_pier,3.16,0.092,1.199,1.06,1.095,1.129,1.164,1.199,
2026-08-15,holland_mi/lake_whitefish,holland_mi,lake_whitefish,open,published_access_subject_to_live_conditions,private_research_not_published,spring_coldwater_pier,3.16,0.157,1.34,1.102,1.161,1.221,1.28,1.34,
2026-09-15,holland_mi/lake_whitefish,holland_mi,lake_whitefish,open,published_access_subject_to_live_conditions,private_research_not_published,spring_coldwater_pier,3.16,0.222,1.48,1.144,1.228,1.312,1.396,1.48,
2026-10-15,holland_mi/lake_whitefish,holland_mi,lake_whitefish,open,published_access_subject_to_live_conditions,private_research_not_published,late_fall_pier,4,0.333,2,1.3,1.475,1.65,1.825,2,
2026-11-15,holland_mi/lake_whitefish,holland_mi,lake_whitefish,open,published_access_subject_to_live_conditions,private_research_not_published,late_fall_pier,4,0.903,3.71,1.813,2.287,2.761,3.235,3.71,
2026-12-15,holland_mi/lake_whitefish,holland_mi,lake_whitefish,open,published_access_subject_to_live_conditions,private_research_not_published,late_fall_pier,4,0.634,2.902,1.571,1.904,2.237,2.57,2.902,
2026-01-15,lexington_mi/chinook_salmon,lexington_mi,chinook_salmon,open,published_access_subject_to_live_conditions,private_research_not_published,fall_harbor_staging,5.6,0,1,1,1,1,1,1,
2026-02-15,lexington_mi/chinook_salmon,lexington_mi,chinook_salmon,open,published_access_subject_to_live_conditions,private_research_not_published,fall_harbor_staging,5.6,0,1,1,1,1,1,1,
2026-03-15,lexington_mi/chinook_salmon,lexington_mi,chinook_salmon,open,published_access_subject_to_live_conditions,private_research_not_published,fall_harbor_staging,5.6,0,1,1,1,1,1,1,
2026-04-15,lexington_mi/chinook_salmon,lexington_mi,chinook_salmon,open,published_access_subject_to_live_conditions,private_research_not_published,fall_harbor_staging,5.6,0,1,1,1,1,1,1,
2026-05-15,lexington_mi/chinook_salmon,lexington_mi,chinook_salmon,open,published_access_subject_to_live_conditions,private_research_not_published,fall_harbor_staging,5.6,0,1,1,1,1,1,1,
2026-06-15,lexington_mi/chinook_salmon,lexington_mi,chinook_salmon,open,published_access_subject_to_live_conditions,private_research_not_published,fall_harbor_staging,5.6,0,1,1,1,1,1,1,
2026-07-15,lexington_mi/chinook_salmon,lexington_mi,chinook_salmon,open,published_access_subject_to_live_conditions,private_research_not_published,fall_harbor_staging,5.6,0,1,1,1,1,1,1,
2026-08-15,lexington_mi/chinook_salmon,lexington_mi,chinook_salmon,open,published_access_subject_to_live_conditions,private_research_not_published,fall_harbor_staging,5.6,0.226,2.039,1.312,1.493,1.675,1.857,2.039,
2026-09-15,lexington_mi/chinook_salmon,lexington_mi,chinook_salmon,open,construction_closed,unavailable_access_closure,fall_harbor_staging,5.6,0.706,4.247,1.974,2.542,3.111,3.679,4.247,
2026-10-15,lexington_mi/chinook_salmon,lexington_mi,chinook_salmon,open,construction_closed,unavailable_access_closure,fall_harbor_staging,5.6,0.742,4.413,2.024,2.621,3.218,3.816,4.413,
2026-11-15,lexington_mi/chinook_salmon,lexington_mi,chinook_salmon,open,construction_closed,unavailable_access_closure,fall_harbor_staging,5.6,0.123,1.566,1.17,1.269,1.368,1.467,1.566,
2026-12-15,lexington_mi/chinook_salmon,lexington_mi,chinook_salmon,open,construction_closed,unavailable_access_closure,fall_harbor_staging,5.6,0,1,1,1,1,1,1,
2026-01-15,lexington_mi/coho_salmon,lexington_mi,coho_salmon,open,published_access_subject_to_live_conditions,private_research_not_published,spring_harbor,6.8,0.041,1.239,1.072,1.113,1.155,1.197,1.239,
2026-02-15,lexington_mi/coho_salmon,lexington_mi,coho_salmon,open,published_access_subject_to_live_conditions,private_research_not_published,spring_harbor,6.8,0.132,1.768,1.23,1.365,1.499,1.633,1.768,
2026-03-15,lexington_mi/coho_salmon,lexington_mi,coho_salmon,open,published_access_subject_to_live_conditions,private_research_not_published,spring_harbor,6.8,0.298,2.726,1.518,1.82,2.122,2.424,2.726,
2026-04-15,lexington_mi/coho_salmon,lexington_mi,coho_salmon,open,published_access_subject_to_live_conditions,private_research_not_published,spring_harbor,6.8,0.902,6.234,2.57,3.486,4.402,5.318,6.234,
2026-05-15,lexington_mi/coho_salmon,lexington_mi,coho_salmon,open,published_access_subject_to_live_conditions,private_research_not_published,spring_harbor,6.8,0.429,3.486,1.746,2.181,2.616,3.051,3.486,
2026-06-15,lexington_mi/coho_salmon,lexington_mi,coho_salmon,open,published_access_subject_to_live_conditions,private_research_not_published,spring_harbor,6.8,0,1,1,1,1,1,1,
2026-07-15,lexington_mi/coho_salmon,lexington_mi,coho_salmon,open,published_access_subject_to_live_conditions,private_research_not_published,spring_harbor,6.8,0,1,1,1,1,1,1,
2026-08-15,lexington_mi/coho_salmon,lexington_mi,coho_salmon,open,published_access_subject_to_live_conditions,private_research_not_published,spring_harbor,6.8,0,1,1,1,1,1,1,
2026-09-15,lexington_mi/coho_salmon,lexington_mi,coho_salmon,open,construction_closed,unavailable_access_closure,fall_harbor,5.76,0.461,3.196,1.659,2.043,2.427,2.811,3.196,
2026-10-15,lexington_mi/coho_salmon,lexington_mi,coho_salmon,open,construction_closed,unavailable_access_closure,fall_harbor,5.76,1,5.76,2.428,3.261,4.094,4.927,5.76,
2026-11-15,lexington_mi/coho_salmon,lexington_mi,coho_salmon,open,construction_closed,unavailable_access_closure,fall_harbor,5.76,0.15,1.714,1.214,1.339,1.464,1.589,1.714,
2026-12-15,lexington_mi/coho_salmon,lexington_mi,coho_salmon,open,construction_closed,unavailable_access_closure,spring_harbor,6.8,0,1,1,1,1,1,1,
2026-01-15,lexington_mi/steelhead,lexington_mi,steelhead,open,published_access_subject_to_live_conditions,private_research_not_published,spring_harbor,8.8,0.359,3.803,1.841,2.331,2.822,3.312,3.803,
2026-02-15,lexington_mi/steelhead,lexington_mi,steelhead,open,published_access_subject_to_live_conditions,private_research_not_published,spring_harbor,8.8,0.491,4.827,2.148,2.818,3.488,4.158,4.827,
2026-03-15,lexington_mi/steelhead,lexington_mi,steelhead,open,published_access_subject_to_live_conditions,private_research_not_published,spring_harbor,8.8,0.665,6.183,2.555,3.462,4.369,5.276,6.183,
2026-04-15,lexington_mi/steelhead,lexington_mi,steelhead,open,published_access_subject_to_live_conditions,private_research_not_published,spring_harbor,8.8,0.918,8.162,3.149,4.402,5.655,6.909,8.162,
2026-05-15,lexington_mi/steelhead,lexington_mi,steelhead,open,published_access_subject_to_live_conditions,private_research_not_published,spring_harbor,8.8,0.867,7.76,3.028,4.211,5.394,6.577,7.76,
2026-06-15,lexington_mi/steelhead,lexington_mi,steelhead,open,published_access_subject_to_live_conditions,private_research_not_published,spring_harbor,8.8,0.154,2.2,1.36,1.57,1.78,1.99,2.2,
2026-07-15,lexington_mi/steelhead,lexington_mi,steelhead,open,published_access_subject_to_live_conditions,private_research_not_published,spring_harbor,8.8,0.041,1.319,1.096,1.151,1.207,1.263,1.319,
2026-08-15,lexington_mi/steelhead,lexington_mi,steelhead,open,published_access_subject_to_live_conditions,private_research_not_published,spring_harbor,8.8,0.092,1.714,1.214,1.339,1.464,1.589,1.714,
2026-09-15,lexington_mi/steelhead,lexington_mi,steelhead,open,construction_closed,unavailable_access_closure,fall_harbor,8.02,0.377,3.649,1.795,2.259,2.722,3.186,3.649,
2026-10-15,lexington_mi/steelhead,lexington_mi,steelhead,open,construction_closed,unavailable_access_closure,fall_harbor,8.02,0.908,7.377,2.913,4.029,5.145,6.261,7.377,
2026-11-15,lexington_mi/steelhead,lexington_mi,steelhead,open,construction_closed,unavailable_access_closure,fall_harbor,8.02,0.819,6.752,2.726,3.732,4.739,5.746,6.752,
2026-12-15,lexington_mi/steelhead,lexington_mi,steelhead,open,construction_closed,unavailable_access_closure,fall_harbor,8.02,0.472,4.315,1.994,2.575,3.155,3.735,4.315,
2026-01-15,lexington_mi/brown_trout,lexington_mi,brown_trout,open,published_access_subject_to_live_conditions,private_research_not_published,spring_harbor,5,0.497,2.99,1.597,1.945,2.293,2.642,2.99,
2026-02-15,lexington_mi/brown_trout,lexington_mi,brown_trout,open,published_access_subject_to_live_conditions,private_research_not_published,spring_harbor,5,0.603,3.41,1.723,2.145,2.567,2.988,3.41,
2026-03-15,lexington_mi/brown_trout,lexington_mi,brown_trout,open,published_access_subject_to_live_conditions,private_research_not_published,spring_harbor,5,0.748,3.992,1.898,2.421,2.945,3.468,3.992,
2026-04-15,lexington_mi/brown_trout,lexington_mi,brown_trout,open,published_access_subject_to_live_conditions,private_research_not_published,spring_harbor,5,0.965,4.86,2.158,2.833,3.509,4.184,4.86,
2026-05-15,lexington_mi/brown_trout,lexington_mi,brown_trout,open,published_access_subject_to_live_conditions,private_research_not_published,spring_harbor,5,0.494,2.976,1.593,1.939,2.285,2.63,2.976,
2026-06-15,lexington_mi/brown_trout,lexington_mi,brown_trout,open,published_access_subject_to_live_conditions,private_research_not_published,fall_harbor,4.6,0.105,1.379,1.114,1.18,1.246,1.313,1.379,
2026-07-15,lexington_mi/brown_trout,lexington_mi,brown_trout,open,published_access_subject_to_live_conditions,private_research_not_published,fall_harbor,4.6,0.061,1.219,1.066,1.104,1.142,1.181,1.219,
2026-08-15,lexington_mi/brown_trout,lexington_mi,brown_trout,open,published_access_subject_to_live_conditions,private_research_not_published,spring_harbor,5,0.111,1.444,1.133,1.211,1.288,1.366,1.444,
2026-09-15,lexington_mi/brown_trout,lexington_mi,brown_trout,open,construction_closed,unavailable_access_closure,fall_harbor,4.6,0.237,1.854,1.256,1.405,1.555,1.704,1.854,
2026-10-15,lexington_mi/brown_trout,lexington_mi,brown_trout,open,construction_closed,unavailable_access_closure,fall_harbor,4.6,0.783,3.82,1.846,2.34,2.833,3.326,3.82,
2026-11-15,lexington_mi/brown_trout,lexington_mi,brown_trout,open,construction_closed,unavailable_access_closure,fall_harbor,4.6,0.796,3.867,1.86,2.362,2.863,3.365,3.867,
2026-12-15,lexington_mi/brown_trout,lexington_mi,brown_trout,open,construction_closed,unavailable_access_closure,fall_harbor,4.6,0.505,2.819,1.546,1.864,2.182,2.501,2.819,
2026-01-15,lexington_mi/lake_trout,lexington_mi,lake_trout,open,published_access_subject_to_live_conditions,private_research_not_published,spring_coldwater_harbor,4.8,0.397,2.51,1.453,1.717,1.982,2.246,2.51,
2026-02-15,lexington_mi/lake_trout,lexington_mi,lake_trout,open,published_access_subject_to_live_conditions,private_research_not_published,spring_coldwater_harbor,4.8,0.503,2.91,1.573,1.907,2.241,2.575,2.91,
2026-03-15,lexington_mi/lake_trout,lexington_mi,lake_trout,open,published_access_subject_to_live_conditions,private_research_not_published,spring_coldwater_harbor,4.8,0.676,3.569,1.771,2.22,2.67,3.119,3.569,
2026-04-15,lexington_mi/lake_trout,lexington_mi,lake_trout,open,published_access_subject_to_live_conditions,private_research_not_published,spring_coldwater_harbor,4.8,0.955,4.629,2.089,2.724,3.359,3.994,4.629,
2026-05-15,lexington_mi/lake_trout,lexington_mi,lake_trout,open,published_access_subject_to_live_conditions,private_research_not_published,spring_coldwater_harbor,4.8,0.464,2.764,1.529,1.838,2.147,2.456,2.764,
2026-06-15,lexington_mi/lake_trout,lexington_mi,lake_trout,open,published_access_subject_to_live_conditions,private_research_not_published,spring_coldwater_harbor,4.8,0.048,1.183,1.055,1.087,1.119,1.151,1.183,
2026-07-15,lexington_mi/lake_trout,lexington_mi,lake_trout,open,published_access_subject_to_live_conditions,private_research_not_published,spring_coldwater_harbor,4.8,0.041,1.155,1.047,1.074,1.101,1.128,1.155,
2026-08-15,lexington_mi/lake_trout,lexington_mi,lake_trout,open,published_access_subject_to_live_conditions,private_research_not_published,spring_coldwater_harbor,4.8,0.092,1.348,1.104,1.165,1.226,1.287,1.348,
2026-09-15,lexington_mi/lake_trout,lexington_mi,lake_trout,open,construction_closed,unavailable_access_closure,spring_coldwater_harbor,4.8,0.142,1.54,1.162,1.257,1.351,1.446,1.54,
2026-10-15,lexington_mi/lake_trout,lexington_mi,lake_trout,open,construction_closed,unavailable_access_closure,spring_coldwater_harbor,4.8,0.191,1.726,1.218,1.345,1.472,1.599,1.726,
2026-11-15,lexington_mi/lake_trout,lexington_mi,lake_trout,open,construction_closed,unavailable_access_closure,spring_coldwater_harbor,4.8,0.242,1.919,1.276,1.437,1.597,1.758,1.919,
2026-12-15,lexington_mi/lake_trout,lexington_mi,lake_trout,open,construction_closed,unavailable_access_closure,spring_coldwater_harbor,4.8,0.311,2.182,1.355,1.561,1.768,1.975,2.182,
2026-01-15,lexington_mi/walleye,lexington_mi,walleye,open,published_access_subject_to_live_conditions,private_research_not_published,summer_low_light,5.8,0.023,1.112,1.034,1.053,1.073,1.092,1.112,
2026-02-15,lexington_mi/walleye,lexington_mi,walleye,open,published_access_subject_to_live_conditions,private_research_not_published,summer_low_light,5.8,0.075,1.36,1.108,1.171,1.234,1.297,1.36,
2026-03-15,lexington_mi/walleye,lexington_mi,walleye,open,published_access_subject_to_live_conditions,private_research_not_published,summer_low_light,5.8,0.122,1.584,1.175,1.277,1.38,1.482,1.584,
2026-04-15,lexington_mi/walleye,lexington_mi,walleye,open,published_access_subject_to_live_conditions,private_research_not_published,summer_low_light,5.8,0.234,2.123,1.337,1.534,1.73,1.927,2.123,
2026-05-15,lexington_mi/walleye,lexington_mi,walleye,open,published_access_subject_to_live_conditions,private_research_not_published,summer_low_light,5.8,0.414,2.987,1.596,1.944,2.292,2.639,2.987,
2026-06-15,lexington_mi/walleye,lexington_mi,walleye,open,published_access_subject_to_live_conditions,private_research_not_published,summer_low_light,5.8,0.6,3.88,1.864,2.368,2.872,3.376,3.88,
2026-07-15,lexington_mi/walleye,lexington_mi,walleye,open,published_access_subject_to_live_conditions,private_research_not_published,summer_low_light,5.8,0.797,4.824,2.147,2.817,3.486,4.155,4.824,
2026-08-15,lexington_mi/walleye,lexington_mi,walleye,open,published_access_subject_to_live_conditions,private_research_not_published,summer_low_light,5.8,1,5.8,2.44,3.28,4.12,4.96,5.8,
2026-09-15,lexington_mi/walleye,lexington_mi,walleye,open,construction_closed,unavailable_access_closure,summer_low_light,5.8,0.619,3.97,1.891,2.411,2.931,3.451,3.97,
2026-10-15,lexington_mi/walleye,lexington_mi,walleye,open,construction_closed,unavailable_access_closure,summer_low_light,5.8,0.25,2.2,1.36,1.57,1.78,1.99,2.2,
2026-11-15,lexington_mi/walleye,lexington_mi,walleye,open,construction_closed,unavailable_access_closure,summer_low_light,5.8,0,1,1,1,1,1,1,
2026-12-15,lexington_mi/walleye,lexington_mi,walleye,open,construction_closed,unavailable_access_closure,summer_low_light,5.8,0,1,1,1,1,1,1,
2026-01-15,lexington_mi/smallmouth_bass,lexington_mi,smallmouth_bass,open_catch_and_immediate_release_only,published_access_subject_to_live_conditions,private_research_not_published,warm_season_harbor,6,0,1,1,1,1,1,1,
2026-02-15,lexington_mi/smallmouth_bass,lexington_mi,smallmouth_bass,open_catch_and_immediate_release_only,published_access_subject_to_live_conditions,private_research_not_published,warm_season_harbor,6,0,1,1,1,1,1,1,
2026-03-15,lexington_mi/smallmouth_bass,lexington_mi,smallmouth_bass,open_catch_and_immediate_release_only,published_access_subject_to_live_conditions,private_research_not_published,warm_season_harbor,6,0,1,1,1,1,1,1,
2026-04-15,lexington_mi/smallmouth_bass,lexington_mi,smallmouth_bass,open_catch_and_immediate_release_only,published_access_subject_to_live_conditions,private_research_not_published,warm_season_harbor,6,0.108,1.538,1.162,1.256,1.35,1.444,1.538,
2026-05-15,lexington_mi/smallmouth_bass,lexington_mi,smallmouth_bass,open_catch_and_immediate_release_only,published_access_subject_to_live_conditions,private_research_not_published,warm_season_harbor,6,0.363,2.817,1.545,1.863,2.181,2.499,2.817,
2026-06-15,lexington_mi/smallmouth_bass,lexington_mi,smallmouth_bass,open,published_access_subject_to_live_conditions,private_research_not_published,warm_season_harbor,6,0.757,4.783,2.135,2.797,3.459,4.121,4.783,
2026-07-15,lexington_mi/smallmouth_bass,lexington_mi,smallmouth_bass,open,published_access_subject_to_live_conditions,private_research_not_published,warm_season_harbor,6,0.97,5.85,2.455,3.304,4.152,5.001,5.85,
2026-08-15,lexington_mi/smallmouth_bass,lexington_mi,smallmouth_bass,open,published_access_subject_to_live_conditions,private_research_not_published,warm_season_harbor,6,0.883,5.413,2.324,3.096,3.868,4.641,5.413,
2026-09-15,lexington_mi/smallmouth_bass,lexington_mi,smallmouth_bass,open,construction_closed,unavailable_access_closure,warm_season_harbor,6,0.743,4.713,2.114,2.764,3.413,4.063,4.713,
2026-10-15,lexington_mi/smallmouth_bass,lexington_mi,smallmouth_bass,open,construction_closed,unavailable_access_closure,warm_season_harbor,6,0.313,2.564,1.469,1.743,2.017,2.291,2.564,
2026-11-15,lexington_mi/smallmouth_bass,lexington_mi,smallmouth_bass,open,construction_closed,unavailable_access_closure,warm_season_harbor,6,0,1,1,1,1,1,1,
2026-12-15,lexington_mi/smallmouth_bass,lexington_mi,smallmouth_bass,open,construction_closed,unavailable_access_closure,warm_season_harbor,6,0,1,1,1,1,1,1,
2026-01-15,lexington_mi/freshwater_drum,lexington_mi,freshwater_drum,open,published_access_subject_to_live_conditions,private_research_not_published,warm_season_harbor,4.8,0,1,1,1,1,1,1,
2026-02-15,lexington_mi/freshwater_drum,lexington_mi,freshwater_drum,open,published_access_subject_to_live_conditions,private_research_not_published,warm_season_harbor,4.8,0,1,1,1,1,1,1,
2026-03-15,lexington_mi/freshwater_drum,lexington_mi,freshwater_drum,open,published_access_subject_to_live_conditions,private_research_not_published,warm_season_harbor,4.8,0,1,1,1,1,1,1,
2026-04-15,lexington_mi/freshwater_drum,lexington_mi,freshwater_drum,open,published_access_subject_to_live_conditions,private_research_not_published,warm_season_harbor,4.8,0,1,1,1,1,1,1,
2026-05-15,lexington_mi/freshwater_drum,lexington_mi,freshwater_drum,open,published_access_subject_to_live_conditions,private_research_not_published,warm_season_harbor,4.8,0.3,2.14,1.342,1.541,1.741,1.94,2.14,
2026-06-15,lexington_mi/freshwater_drum,lexington_mi,freshwater_drum,open,published_access_subject_to_live_conditions,private_research_not_published,warm_season_harbor,4.8,0.652,3.477,1.743,2.176,2.61,3.043,3.477,
2026-07-15,lexington_mi/freshwater_drum,lexington_mi,freshwater_drum,open,published_access_subject_to_live_conditions,private_research_not_published,warm_season_harbor,4.8,1,4.8,2.14,2.805,3.47,4.135,4.8,
2026-08-15,lexington_mi/freshwater_drum,lexington_mi,freshwater_drum,open,published_access_subject_to_live_conditions,private_research_not_published,warm_season_harbor,4.8,0.871,4.309,1.993,2.572,3.151,3.73,4.309,
2026-09-15,lexington_mi/freshwater_drum,lexington_mi,freshwater_drum,open,construction_closed,unavailable_access_closure,warm_season_harbor,4.8,0.489,2.858,1.557,1.882,2.208,2.533,2.858,
2026-10-15,lexington_mi/freshwater_drum,lexington_mi,freshwater_drum,open,construction_closed,unavailable_access_closure,warm_season_harbor,4.8,0.07,1.266,1.08,1.126,1.173,1.219,1.266,
2026-11-15,lexington_mi/freshwater_drum,lexington_mi,freshwater_drum,open,construction_closed,unavailable_access_closure,warm_season_harbor,4.8,0,1,1,1,1,1,1,
2026-12-15,lexington_mi/freshwater_drum,lexington_mi,freshwater_drum,open,construction_closed,unavailable_access_closure,warm_season_harbor,4.8,0,1,1,1,1,1,1,
2026-01-15,lexington_mi/yellow_perch,lexington_mi,yellow_perch,open,published_access_subject_to_live_conditions,private_research_not_published,spring_harbor_schooling,7.45,0.186,2.199,1.36,1.57,1.779,1.989,2.199,
2026-02-15,lexington_mi/yellow_perch,lexington_mi,yellow_perch,open,published_access_subject_to_live_conditions,private_research_not_published,spring_harbor_schooling,7.45,0.265,2.712,1.514,1.813,2.113,2.412,2.712,
2026-03-15,lexington_mi/yellow_perch,lexington_mi,yellow_perch,open,published_access_subject_to_live_conditions,private_research_not_published,spring_harbor_schooling,7.45,0.337,3.175,1.652,2.033,2.414,2.794,3.175,
2026-04-15,lexington_mi/yellow_perch,lexington_mi,yellow_perch,open,published_access_subject_to_live_conditions,private_research_not_published,spring_harbor_schooling,7.45,0.895,6.774,2.732,3.743,4.753,5.763,6.774,
2026-05-15,lexington_mi/yellow_perch,lexington_mi,yellow_perch,open,published_access_subject_to_live_conditions,private_research_not_published,spring_harbor_schooling,7.45,0.554,4.571,2.071,2.696,3.321,3.946,4.571,
2026-06-15,lexington_mi/yellow_perch,lexington_mi,yellow_perch,open,published_access_subject_to_live_conditions,private_research_not_published,spring_harbor_schooling,7.45,0.133,1.86,1.258,1.408,1.559,1.709,1.86,
2026-07-15,lexington_mi/yellow_perch,lexington_mi,yellow_perch,open,published_access_subject_to_live_conditions,private_research_not_published,spring_harbor_schooling,7.45,0.01,1.061,1.018,1.029,1.04,1.051,1.061,
2026-08-15,lexington_mi/yellow_perch,lexington_mi,yellow_perch,open,published_access_subject_to_live_conditions,private_research_not_published,fall_harbor_schooling,8.5,0.19,2.428,1.428,1.678,1.928,2.178,2.428,
2026-09-15,lexington_mi/yellow_perch,lexington_mi,yellow_perch,open,construction_closed,unavailable_access_closure,fall_harbor_schooling,8.5,0.406,4.047,1.914,2.447,2.98,3.514,4.047,
2026-10-15,lexington_mi/yellow_perch,lexington_mi,yellow_perch,open,construction_closed,unavailable_access_closure,fall_harbor_schooling,8.5,0.744,6.578,2.673,3.65,4.626,5.602,6.578,
2026-11-15,lexington_mi/yellow_perch,lexington_mi,yellow_perch,open,construction_closed,unavailable_access_closure,fall_harbor_schooling,8.5,0.914,7.853,3.056,4.255,5.454,6.654,7.853,
2026-12-15,lexington_mi/yellow_perch,lexington_mi,yellow_perch,open,construction_closed,unavailable_access_closure,fall_harbor_schooling,8.5,0.396,3.971,1.891,2.411,2.931,3.451,3.971,
2026-01-15,lexington_mi/channel_catfish,lexington_mi,channel_catfish,open,published_access_subject_to_live_conditions,private_research_not_published,warm_season_channel,4.3,0,1,1,1,1,1,1,
2026-02-15,lexington_mi/channel_catfish,lexington_mi,channel_catfish,open,published_access_subject_to_live_conditions,private_research_not_published,warm_season_channel,4.3,0,1,1,1,1,1,1,
2026-03-15,lexington_mi/channel_catfish,lexington_mi,channel_catfish,open,published_access_subject_to_live_conditions,private_research_not_published,warm_season_channel,4.3,0,1,1,1,1,1,1,
2026-04-15,lexington_mi/channel_catfish,lexington_mi,channel_catfish,open,published_access_subject_to_live_conditions,private_research_not_published,warm_season_channel,4.3,0,1,1,1,1,1,1,
2026-05-15,lexington_mi/channel_catfish,lexington_mi,channel_catfish,open,published_access_subject_to_live_conditions,private_research_not_published,warm_season_channel,4.3,0.257,1.849,1.255,1.403,1.552,1.7,1.849,
2026-06-15,lexington_mi/channel_catfish,lexington_mi,channel_catfish,open,published_access_subject_to_live_conditions,private_research_not_published,warm_season_channel,4.3,0.522,2.721,1.516,1.818,2.119,2.42,2.721,
2026-07-15,lexington_mi/channel_catfish,lexington_mi,channel_catfish,open,published_access_subject_to_live_conditions,private_research_not_published,warm_season_channel,4.3,0.777,3.565,1.77,2.219,2.667,3.116,3.565,
2026-08-15,lexington_mi/channel_catfish,lexington_mi,channel_catfish,open,published_access_subject_to_live_conditions,private_research_not_published,warm_season_channel,4.3,0.971,4.204,1.961,2.522,3.083,3.643,4.204,
2026-09-15,lexington_mi/channel_catfish,lexington_mi,channel_catfish,open,construction_closed,unavailable_access_closure,warm_season_channel,4.3,0.748,3.47,1.741,2.173,2.605,3.037,3.47,
2026-10-15,lexington_mi/channel_catfish,lexington_mi,channel_catfish,open,construction_closed,unavailable_access_closure,warm_season_channel,4.3,0.283,1.935,1.28,1.444,1.608,1.771,1.935,
2026-11-15,lexington_mi/channel_catfish,lexington_mi,channel_catfish,open,construction_closed,unavailable_access_closure,warm_season_channel,4.3,0,1,1,1,1,1,1,
2026-12-15,lexington_mi/channel_catfish,lexington_mi,channel_catfish,open,construction_closed,unavailable_access_closure,warm_season_channel,4.3,0,1,1,1,1,1,1,
2026-01-15,lexington_mi/largemouth_bass,lexington_mi,largemouth_bass,open_catch_and_immediate_release_only,published_access_subject_to_live_conditions,private_research_not_published,warm_season_harbor,5.6,0,1,1,1,1,1,1,
2026-02-15,lexington_mi/largemouth_bass,lexington_mi,largemouth_bass,open_catch_and_immediate_release_only,published_access_subject_to_live_conditions,private_research_not_published,warm_season_harbor,5.6,0,1,1,1,1,1,1,
2026-03-15,lexington_mi/largemouth_bass,lexington_mi,largemouth_bass,open_catch_and_immediate_release_only,published_access_subject_to_live_conditions,private_research_not_published,warm_season_harbor,5.6,0,1,1,1,1,1,1,
2026-04-15,lexington_mi/largemouth_bass,lexington_mi,largemouth_bass,open_catch_and_immediate_release_only,published_access_subject_to_live_conditions,private_research_not_published,warm_season_harbor,5.6,0,1,1,1,1,1,1,
2026-05-15,lexington_mi/largemouth_bass,lexington_mi,largemouth_bass,open_catch_and_immediate_release_only,published_access_subject_to_live_conditions,private_research_not_published,warm_season_harbor,5.6,0.214,1.986,1.296,1.468,1.641,1.813,1.986,
2026-06-15,lexington_mi/largemouth_bass,lexington_mi,largemouth_bass,open,published_access_subject_to_live_conditions,private_research_not_published,warm_season_harbor,5.6,0.515,3.367,1.71,2.124,2.539,2.953,3.367,
2026-07-15,lexington_mi/largemouth_bass,lexington_mi,largemouth_bass,open,published_access_subject_to_live_conditions,private_research_not_published,warm_season_harbor,5.6,0.82,4.772,2.132,2.792,3.452,4.112,4.772,
2026-08-15,lexington_mi/largemouth_bass,lexington_mi,largemouth_bass,open,published_access_subject_to_live_conditions,private_research_not_published,warm_season_harbor,5.6,1,5.6,2.38,3.185,3.99,4.795,5.6,
2026-09-15,lexington_mi/largemouth_bass,lexington_mi,largemouth_bass,open,construction_closed,unavailable_access_closure,warm_season_harbor,5.6,0.699,4.214,1.964,2.526,3.089,3.651,4.214,
2026-10-15,lexington_mi/largemouth_bass,lexington_mi,largemouth_bass,open,construction_closed,unavailable_access_closure,warm_season_harbor,5.6,0.233,2.073,1.322,1.51,1.698,1.885,2.073,
2026-11-15,lexington_mi/largemouth_bass,lexington_mi,largemouth_bass,open,construction_closed,unavailable_access_closure,warm_season_harbor,5.6,0,1,1,1,1,1,1,
2026-12-15,lexington_mi/largemouth_bass,lexington_mi,largemouth_bass,open,construction_closed,unavailable_access_closure,warm_season_harbor,5.6,0,1,1,1,1,1,1,
2026-01-15,lexington_mi/atlantic_salmon,lexington_mi,atlantic_salmon,open,published_access_subject_to_live_conditions,private_research_not_published,spring_stocked_harbor,6.04,0.297,2.499,1.45,1.712,1.974,2.237,2.499,
2026-02-15,lexington_mi/atlantic_salmon,lexington_mi,atlantic_salmon,open,published_access_subject_to_live_conditions,private_research_not_published,spring_stocked_harbor,6.04,0.403,3.029,1.609,1.964,2.319,2.674,3.029,
2026-03-15,lexington_mi/atlantic_salmon,lexington_mi,atlantic_salmon,open,published_access_subject_to_live_conditions,private_research_not_published,spring_stocked_harbor,6.04,0.604,4.044,1.913,2.446,2.979,3.511,4.044,
2026-04-15,lexington_mi/atlantic_salmon,lexington_mi,atlantic_salmon,open,published_access_subject_to_live_conditions,private_research_not_published,spring_stocked_harbor,6.04,0.945,5.763,2.429,3.262,4.096,4.929,5.763,
2026-05-15,lexington_mi/atlantic_salmon,lexington_mi,atlantic_salmon,open,published_access_subject_to_live_conditions,private_research_not_published,spring_stocked_harbor,6.04,0.429,3.16,1.648,2.026,2.404,2.782,3.16,
2026-06-15,lexington_mi/atlantic_salmon,lexington_mi,atlantic_salmon,open,published_access_subject_to_live_conditions,private_research_not_published,fall_harbor_return,8,0.031,1.215,1.065,1.102,1.14,1.178,1.215,
2026-07-15,lexington_mi/atlantic_salmon,lexington_mi,atlantic_salmon,open,published_access_subject_to_live_conditions,private_research_not_published,spring_stocked_harbor,6.04,0.029,1.148,1.044,1.07,1.096,1.122,1.148,
2026-08-15,lexington_mi/atlantic_salmon,lexington_mi,atlantic_salmon,open,published_access_subject_to_live_conditions,private_research_not_published,fall_harbor_return,8,0.076,1.529,1.159,1.251,1.344,1.437,1.529,
2026-09-15,lexington_mi/atlantic_salmon,lexington_mi,atlantic_salmon,open,construction_closed,unavailable_access_closure,fall_harbor_return,8,0.544,4.81,2.143,2.81,3.476,4.143,4.81,
2026-10-15,lexington_mi/atlantic_salmon,lexington_mi,atlantic_salmon,open,construction_closed,unavailable_access_closure,fall_harbor_return,8,0.942,7.592,2.978,4.131,5.285,6.438,7.592,
2026-11-15,lexington_mi/atlantic_salmon,lexington_mi,atlantic_salmon,open,construction_closed,unavailable_access_closure,fall_harbor_return,8,0.783,6.483,2.645,3.605,4.564,5.524,6.483,
2026-12-15,lexington_mi/atlantic_salmon,lexington_mi,atlantic_salmon,open,construction_closed,unavailable_access_closure,fall_harbor_return,8,0.422,3.956,1.887,2.404,2.921,3.438,3.956,
2026-01-15,lexington_mi/northern_pike,lexington_mi,northern_pike,open,published_access_subject_to_live_conditions,private_research_not_published,spring_harbor,6,0.263,2.314,1.394,1.624,1.854,2.084,2.314,
2026-02-15,lexington_mi/northern_pike,lexington_mi,northern_pike,open,published_access_subject_to_live_conditions,private_research_not_published,spring_harbor,6,0.357,2.786,1.536,1.849,2.161,2.474,2.786,
2026-03-15,lexington_mi/northern_pike,lexington_mi,northern_pike,open,published_access_subject_to_live_conditions,private_research_not_published,spring_harbor,6,0.538,3.689,1.807,2.277,2.748,3.218,3.689,
2026-04-15,lexington_mi/northern_pike,lexington_mi,northern_pike,open,published_access_subject_to_live_conditions,private_research_not_published,spring_harbor,6,0.843,5.213,2.264,3.001,3.739,4.476,5.213,
2026-05-15,lexington_mi/northern_pike,lexington_mi,northern_pike,open,published_access_subject_to_live_conditions,private_research_not_published,spring_harbor,6,0.86,5.3,2.29,3.042,3.795,4.547,5.3,
2026-06-15,lexington_mi/northern_pike,lexington_mi,northern_pike,open,published_access_subject_to_live_conditions,private_research_not_published,spring_harbor,6,0.55,3.75,1.825,2.306,2.787,3.269,3.75,
2026-07-15,lexington_mi/northern_pike,lexington_mi,northern_pike,open,published_access_subject_to_live_conditions,private_research_not_published,fall_harbor,5.6,0.338,2.556,1.467,1.739,2.011,2.284,2.556,
2026-08-15,lexington_mi/northern_pike,lexington_mi,northern_pike,open,published_access_subject_to_live_conditions,private_research_not_published,fall_harbor,5.6,0.644,3.964,1.889,2.408,2.927,3.446,3.964,
2026-09-15,lexington_mi/northern_pike,lexington_mi,northern_pike,open,construction_closed,unavailable_access_closure,fall_harbor,5.6,0.951,5.373,2.312,3.077,3.842,4.608,5.373,
2026-10-15,lexington_mi/northern_pike,lexington_mi,northern_pike,open,construction_closed,unavailable_access_closure,fall_harbor,5.6,0.754,4.471,2.041,2.649,3.256,3.863,4.471,
2026-11-15,lexington_mi/northern_pike,lexington_mi,northern_pike,open,construction_closed,unavailable_access_closure,fall_harbor,5.6,0.45,3.07,1.621,1.983,2.345,2.708,3.07,
2026-12-15,lexington_mi/northern_pike,lexington_mi,northern_pike,open,construction_closed,unavailable_access_closure,fall_harbor,5.6,0.287,2.32,1.396,1.627,1.858,2.089,2.32,
2026-01-15,lexington_mi/white_bass,lexington_mi,white_bass,open,published_access_subject_to_live_conditions,private_research_not_published,warm_season_schooling,5.5,0,1,1,1,1,1,1,
2026-02-15,lexington_mi/white_bass,lexington_mi,white_bass,open,published_access_subject_to_live_conditions,private_research_not_published,warm_season_schooling,5.5,0,1,1,1,1,1,1,
2026-03-15,lexington_mi/white_bass,lexington_mi,white_bass,open,published_access_subject_to_live_conditions,private_research_not_published,warm_season_schooling,5.5,0,1,1,1,1,1,1,
2026-04-15,lexington_mi/white_bass,lexington_mi,white_bass,open,published_access_subject_to_live_conditions,private_research_not_published,warm_season_schooling,5.5,0,1,1,1,1,1,1,
2026-05-15,lexington_mi/white_bass,lexington_mi,white_bass,open,published_access_subject_to_live_conditions,private_research_not_published,warm_season_schooling,5.5,0.386,2.736,1.521,1.824,2.128,2.432,2.736,
2026-06-15,lexington_mi/white_bass,lexington_mi,white_bass,open,published_access_subject_to_live_conditions,private_research_not_published,warm_season_schooling,5.5,0.911,5.101,2.23,2.948,3.666,4.383,5.101,
2026-07-15,lexington_mi/white_bass,lexington_mi,white_bass,open,published_access_subject_to_live_conditions,private_research_not_published,warm_season_schooling,5.5,0.939,5.223,2.267,3.006,3.745,4.484,5.223,
2026-08-15,lexington_mi/white_bass,lexington_mi,white_bass,open,published_access_subject_to_live_conditions,private_research_not_published,warm_season_schooling,5.5,0.862,4.88,2.164,2.843,3.522,4.201,4.88,
2026-09-15,lexington_mi/white_bass,lexington_mi,white_bass,open,construction_closed,unavailable_access_closure,warm_season_schooling,5.5,0.389,2.749,1.525,1.831,2.137,2.443,2.749,
2026-10-15,lexington_mi/white_bass,lexington_mi,white_bass,open,construction_closed,unavailable_access_closure,warm_season_schooling,5.5,0,1,1,1,1,1,1,
2026-11-15,lexington_mi/white_bass,lexington_mi,white_bass,open,construction_closed,unavailable_access_closure,warm_season_schooling,5.5,0,1,1,1,1,1,1,
2026-12-15,lexington_mi/white_bass,lexington_mi,white_bass,open,construction_closed,unavailable_access_closure,warm_season_schooling,5.5,0,1,1,1,1,1,1,
2026-01-15,harrisville_mi/chinook_salmon,harrisville_mi,chinook_salmon,open,conditional_designated_unoccupied_docks_unverified,private_research_not_published,fall_harbor_staging,6.6,0,1,1,1,1,1,1,
2026-02-15,harrisville_mi/chinook_salmon,harrisville_mi,chinook_salmon,open,conditional_designated_unoccupied_docks_unverified,private_research_not_published,fall_harbor_staging,6.6,0,1,1,1,1,1,1,
2026-03-15,harrisville_mi/chinook_salmon,harrisville_mi,chinook_salmon,open,conditional_designated_unoccupied_docks_unverified,private_research_not_published,fall_harbor_staging,6.6,0,1,1,1,1,1,1,
2026-04-15,harrisville_mi/chinook_salmon,harrisville_mi,chinook_salmon,open,conditional_designated_unoccupied_docks_unverified,private_research_not_published,fall_harbor_staging,6.6,0,1,1,1,1,1,1,
2026-05-15,harrisville_mi/chinook_salmon,harrisville_mi,chinook_salmon,open,conditional_designated_unoccupied_docks_unverified,private_research_not_published,fall_harbor_staging,6.6,0,1,1,1,1,1,1,
2026-06-15,harrisville_mi/chinook_salmon,harrisville_mi,chinook_salmon,open,conditional_designated_unoccupied_docks_unverified,private_research_not_published,fall_harbor_staging,6.6,0,1,1,1,1,1,1,
2026-07-15,harrisville_mi/chinook_salmon,harrisville_mi,chinook_salmon,open,conditional_designated_unoccupied_docks_unverified,private_research_not_published,fall_harbor_staging,6.6,0,1,1,1,1,1,1,
2026-08-15,harrisville_mi/chinook_salmon,harrisville_mi,chinook_salmon,open,conditional_designated_unoccupied_docks_unverified,private_research_not_published,fall_harbor_staging,6.6,0.226,2.265,1.379,1.601,1.822,2.043,2.265,
2026-09-15,harrisville_mi/chinook_salmon,harrisville_mi,chinook_salmon,open,conditional_designated_unoccupied_docks_unverified,private_research_not_published,fall_harbor_staging,6.6,0.706,4.953,2.186,2.878,3.569,4.261,4.953,
2026-10-15,harrisville_mi/chinook_salmon,harrisville_mi,chinook_salmon,open,conditional_designated_unoccupied_docks_unverified,private_research_not_published,fall_harbor_staging,6.6,0.742,5.155,2.246,2.974,3.701,4.428,5.155,
2026-11-15,harrisville_mi/chinook_salmon,harrisville_mi,chinook_salmon,open,conditional_designated_unoccupied_docks_unverified,private_research_not_published,fall_harbor_staging,6.6,0.123,1.689,1.207,1.327,1.448,1.569,1.689,
2026-12-15,harrisville_mi/chinook_salmon,harrisville_mi,chinook_salmon,open,conditional_designated_unoccupied_docks_unverified,private_research_not_published,fall_harbor_staging,6.6,0,1,1,1,1,1,1,
2026-01-15,harrisville_mi/coho_salmon,harrisville_mi,coho_salmon,open,conditional_designated_unoccupied_docks_unverified,private_research_not_published,winter_harbor,5.06,0.862,4.501,2.05,2.663,3.275,3.888,4.501,
2026-02-15,harrisville_mi/coho_salmon,harrisville_mi,coho_salmon,open,conditional_designated_unoccupied_docks_unverified,private_research_not_published,winter_harbor,5.06,1,5.06,2.218,2.928,3.639,4.349,5.06,
2026-03-15,harrisville_mi/coho_salmon,harrisville_mi,coho_salmon,open,conditional_designated_unoccupied_docks_unverified,private_research_not_published,winter_harbor,5.06,0.533,3.165,1.65,2.029,2.407,2.786,3.165,
2026-04-15,harrisville_mi/coho_salmon,harrisville_mi,coho_salmon,open,conditional_designated_unoccupied_docks_unverified,private_research_not_published,fall_docks,6.2,0,1,1,1,1,1,1,
2026-05-15,harrisville_mi/coho_salmon,harrisville_mi,coho_salmon,open,conditional_designated_unoccupied_docks_unverified,private_research_not_published,winter_harbor,5.06,0.042,1.171,1.051,1.081,1.111,1.141,1.171,
2026-06-15,harrisville_mi/coho_salmon,harrisville_mi,coho_salmon,open,conditional_designated_unoccupied_docks_unverified,private_research_not_published,winter_harbor,5.06,0.086,1.347,1.104,1.165,1.226,1.286,1.347,
2026-07-15,harrisville_mi/coho_salmon,harrisville_mi,coho_salmon,open,conditional_designated_unoccupied_docks_unverified,private_research_not_published,winter_harbor,5.06,0.128,1.518,1.155,1.246,1.337,1.427,1.518,
2026-08-15,harrisville_mi/coho_salmon,harrisville_mi,coho_salmon,open,conditional_designated_unoccupied_docks_unverified,private_research_not_published,winter_harbor,5.06,0.171,1.694,1.208,1.33,1.451,1.573,1.694,
2026-09-15,harrisville_mi/coho_salmon,harrisville_mi,coho_salmon,open,conditional_designated_unoccupied_docks_unverified,private_research_not_published,fall_docks,6.2,0.587,4.053,1.916,2.45,2.984,3.519,4.053,
2026-10-15,harrisville_mi/coho_salmon,harrisville_mi,coho_salmon,open,conditional_designated_unoccupied_docks_unverified,private_research_not_published,fall_docks,6.2,0.871,5.529,2.359,3.151,3.944,4.736,5.529,
2026-11-15,harrisville_mi/coho_salmon,harrisville_mi,coho_salmon,open,conditional_designated_unoccupied_docks_unverified,private_research_not_published,winter_harbor,5.06,0.3,2.218,1.365,1.579,1.792,2.005,2.218,
2026-12-15,harrisville_mi/coho_salmon,harrisville_mi,coho_salmon,open,conditional_designated_unoccupied_docks_unverified,private_research_not_published,winter_harbor,5.06,0.626,3.542,1.763,2.207,2.652,3.097,3.542,
2026-01-15,harrisville_mi/steelhead,harrisville_mi,steelhead,open,conditional_designated_unoccupied_docks_unverified,private_research_not_published,spring_harbor,5.7,0.359,2.689,1.507,1.802,2.098,2.393,2.689,
2026-02-15,harrisville_mi/steelhead,harrisville_mi,steelhead,open,conditional_designated_unoccupied_docks_unverified,private_research_not_published,spring_harbor,5.7,0.491,3.306,1.692,2.095,2.499,2.903,3.306,
2026-03-15,harrisville_mi/steelhead,harrisville_mi,steelhead,open,conditional_designated_unoccupied_docks_unverified,private_research_not_published,spring_harbor,5.7,0.665,4.123,1.937,2.484,3.03,3.577,4.123,
2026-04-15,harrisville_mi/steelhead,harrisville_mi,steelhead,open,conditional_designated_unoccupied_docks_unverified,private_research_not_published,spring_harbor,5.7,0.918,5.315,2.295,3.05,3.805,4.56,5.315,
2026-05-15,harrisville_mi/steelhead,harrisville_mi,steelhead,open,conditional_designated_unoccupied_docks_unverified,private_research_not_published,spring_harbor,5.7,0.674,4.167,1.95,2.505,3.059,3.613,4.167,
2026-06-15,harrisville_mi/steelhead,harrisville_mi,steelhead,open,conditional_designated_unoccupied_docks_unverified,private_research_not_published,spring_harbor,5.7,0.19,1.895,1.269,1.425,1.582,1.739,1.895,
2026-07-15,harrisville_mi/steelhead,harrisville_mi,steelhead,open,conditional_designated_unoccupied_docks_unverified,private_research_not_published,fall_harbor,5.14,0.031,1.129,1.039,1.061,1.084,1.106,1.129,
2026-08-15,harrisville_mi/steelhead,harrisville_mi,steelhead,open,conditional_designated_unoccupied_docks_unverified,private_research_not_published,spring_harbor,5.7,0.07,1.328,1.098,1.156,1.213,1.27,1.328,
2026-09-15,harrisville_mi/steelhead,harrisville_mi,steelhead,open,conditional_designated_unoccupied_docks_unverified,private_research_not_published,fall_harbor,5.14,0.461,2.91,1.573,1.907,2.241,2.576,2.91,
2026-10-15,harrisville_mi/steelhead,harrisville_mi,steelhead,open,conditional_designated_unoccupied_docks_unverified,private_research_not_published,fall_harbor,5.14,0.925,4.829,2.149,2.819,3.489,4.159,4.829,
2026-11-15,harrisville_mi/steelhead,harrisville_mi,steelhead,open,conditional_designated_unoccupied_docks_unverified,private_research_not_published,fall_harbor,5.14,0.675,3.794,1.838,2.327,2.816,3.305,3.794,
2026-12-15,harrisville_mi/steelhead,harrisville_mi,steelhead,open,conditional_designated_unoccupied_docks_unverified,private_research_not_published,fall_harbor,5.14,0.356,2.472,1.442,1.699,1.957,2.214,2.472,
2026-01-15,harrisville_mi/brown_trout,harrisville_mi,brown_trout,open,conditional_designated_unoccupied_docks_unverified,private_research_not_published,late_fall_winter_harbor,5,0.738,3.951,1.885,2.402,2.918,3.435,3.951,
2026-02-15,harrisville_mi/brown_trout,harrisville_mi,brown_trout,open,conditional_designated_unoccupied_docks_unverified,private_research_not_published,late_fall_winter_harbor,5,0.6,3.4,1.72,2.14,2.56,2.98,3.4,
2026-03-15,harrisville_mi/brown_trout,harrisville_mi,brown_trout,open,conditional_designated_unoccupied_docks_unverified,private_research_not_published,late_fall_winter_harbor,5,0.425,2.7,1.51,1.808,2.105,2.402,2.7,
2026-04-15,harrisville_mi/brown_trout,harrisville_mi,brown_trout,open,conditional_designated_unoccupied_docks_unverified,private_research_not_published,late_fall_winter_harbor,5,0.231,1.925,1.278,1.439,1.601,1.763,1.925,
2026-05-15,harrisville_mi/brown_trout,harrisville_mi,brown_trout,open,conditional_designated_unoccupied_docks_unverified,private_research_not_published,late_fall_winter_harbor,5,0.081,1.324,1.097,1.154,1.21,1.267,1.324,
2026-06-15,harrisville_mi/brown_trout,harrisville_mi,brown_trout,open,conditional_designated_unoccupied_docks_unverified,private_research_not_published,late_fall_winter_harbor,5,0,1,1,1,1,1,1,
2026-07-15,harrisville_mi/brown_trout,harrisville_mi,brown_trout,open,conditional_designated_unoccupied_docks_unverified,private_research_not_published,late_fall_winter_harbor,5,0,1,1,1,1,1,1,
2026-08-15,harrisville_mi/brown_trout,harrisville_mi,brown_trout,open,conditional_designated_unoccupied_docks_unverified,private_research_not_published,late_fall_winter_harbor,5,0,1,1,1,1,1,1,
2026-09-15,harrisville_mi/brown_trout,harrisville_mi,brown_trout,open,conditional_designated_unoccupied_docks_unverified,private_research_not_published,late_fall_winter_harbor,5,0,1,1,1,1,1,1,
2026-10-15,harrisville_mi/brown_trout,harrisville_mi,brown_trout,open,conditional_designated_unoccupied_docks_unverified,private_research_not_published,late_fall_winter_harbor,5,0.5,3,1.6,1.95,2.3,2.65,3,
2026-11-15,harrisville_mi/brown_trout,harrisville_mi,brown_trout,open,conditional_designated_unoccupied_docks_unverified,private_research_not_published,late_fall_winter_harbor,5,0.889,4.556,2.067,2.689,3.311,3.933,4.556,
2026-12-15,harrisville_mi/brown_trout,harrisville_mi,brown_trout,open,conditional_designated_unoccupied_docks_unverified,private_research_not_published,late_fall_winter_harbor,5,0.889,4.556,2.067,2.689,3.311,3.933,4.556,
2026-01-15,harrisville_mi/atlantic_salmon,harrisville_mi,atlantic_salmon,open,conditional_designated_unoccupied_docks_unverified,private_research_not_published,winter_harbor,5.8,0.876,5.205,2.261,2.997,3.733,4.469,5.205,
2026-02-15,harrisville_mi/atlantic_salmon,harrisville_mi,atlantic_salmon,open,conditional_designated_unoccupied_docks_unverified,private_research_not_published,winter_harbor,5.8,1,5.8,2.44,3.28,4.12,4.96,5.8,
2026-03-15,harrisville_mi/atlantic_salmon,harrisville_mi,atlantic_salmon,open,conditional_designated_unoccupied_docks_unverified,private_research_not_published,winter_harbor,5.8,0.618,3.967,1.89,2.409,2.929,3.448,3.967,
2026-04-15,harrisville_mi/atlantic_salmon,harrisville_mi,atlantic_salmon,open,conditional_designated_unoccupied_docks_unverified,private_research_not_published,winter_harbor,5.8,0.21,2.006,1.302,1.478,1.654,1.83,2.006,
2026-05-15,harrisville_mi/atlantic_salmon,harrisville_mi,atlantic_salmon,open,conditional_designated_unoccupied_docks_unverified,private_research_not_published,fall_harbor,4.94,0.063,1.247,1.074,1.117,1.16,1.203,1.247,
2026-06-15,harrisville_mi/atlantic_salmon,harrisville_mi,atlantic_salmon,open,conditional_designated_unoccupied_docks_unverified,private_research_not_published,winter_harbor,5.8,0.078,1.372,1.112,1.177,1.242,1.307,1.372,
2026-07-15,harrisville_mi/atlantic_salmon,harrisville_mi,atlantic_salmon,open,conditional_designated_unoccupied_docks_unverified,private_research_not_published,winter_harbor,5.8,0.129,1.621,1.186,1.295,1.403,1.512,1.621,
2026-08-15,harrisville_mi/atlantic_salmon,harrisville_mi,atlantic_salmon,open,conditional_designated_unoccupied_docks_unverified,private_research_not_published,winter_harbor,5.8,0.183,1.877,1.263,1.417,1.57,1.724,1.877,
2026-09-15,harrisville_mi/atlantic_salmon,harrisville_mi,atlantic_salmon,open,conditional_designated_unoccupied_docks_unverified,private_research_not_published,fall_harbor,4.94,0.44,2.735,1.52,1.824,2.128,2.431,2.735,
2026-10-15,harrisville_mi/atlantic_salmon,harrisville_mi,atlantic_salmon,open,conditional_designated_unoccupied_docks_unverified,private_research_not_published,fall_harbor,4.94,0.93,4.664,2.099,2.74,3.382,4.023,4.664,
2026-11-15,harrisville_mi/atlantic_salmon,harrisville_mi,atlantic_salmon,open,conditional_designated_unoccupied_docks_unverified,private_research_not_published,fall_harbor,4.94,0.603,3.375,1.712,2.128,2.544,2.959,3.375,
2026-12-15,harrisville_mi/atlantic_salmon,harrisville_mi,atlantic_salmon,open,conditional_designated_unoccupied_docks_unverified,private_research_not_published,winter_harbor,5.8,0.637,4.056,1.917,2.451,2.986,3.521,4.056,
