date,stage,daily_score,daily_label,temp_f,flow_cfs,flow_band,spread,05_09,09_13,13_17,17_21,best_block,headline,detail,tip
2010-08-30,pre_run,7,Inactive,70.88,1330,low,2,8,6,6,7,05-09,Today’s lake-run Brown Trout activity outlook is inactive.,"Conditions provide little environmental support for an aggressive response. The strongest window is 5–9 AM: Clouds or lower light make this window more favorable. The main limitation: Water temperature limits responsiveness. Dependable river presence has not begun. The score applies only to a sparse early lake-run Brown Trout that may already have entered. The measured conditions represent the Wellston/Tippy tailwater in the Upper river. Migratory Brown Trout can be distributed elsewhere below Tippy Dam, where temperature, clarity, and presentation conditions can differ. Early migratory Brown Trout may still be lakeward or in the Lower and Middle river. Do not apply this Wellston-based score unchanged to those sections. This read uses a current river level, measured water temperature, and the hourly weather outlook.",Start with 5–9 AM. Keep this responsiveness outlook separate from abundance and migration stage.
2010-08-25,pre_run,9,Inactive,71.06,1530,ideal,1,8,8,9,9,13-17,Today’s lake-run Brown Trout activity outlook is inactive.,"Conditions provide little environmental support for an aggressive response. The strongest window is 1–5 PM: Clouds or lower light make this window more favorable. The main limitation: Water temperature limits responsiveness. Dependable river presence has not begun. The score applies only to a sparse early lake-run Brown Trout that may already have entered. The measured conditions represent the Wellston/Tippy tailwater in the Upper river. Migratory Brown Trout can be distributed elsewhere below Tippy Dam, where temperature, clarity, and presentation conditions can differ. Early migratory Brown Trout may still be lakeward or in the Lower and Middle river. Do not apply this Wellston-based score unchanged to those sections. This read uses a current river level, measured water temperature, and the hourly weather outlook.",Start with 1–5 PM. Keep this responsiveness outlook separate from abundance and migration stage.
2012-08-25,pre_run,16,Inactive,68.72,1240,low,3,16,14,14,17,17-21,Today’s lake-run Brown Trout activity outlook is inactive.,"Conditions provide little environmental support for an aggressive response. The strongest window is 5–9 PM: Clouds or lower light make this window more favorable. The main limitation: Water temperature limits responsiveness. Dependable river presence has not begun. The score applies only to a sparse early lake-run Brown Trout that may already have entered. The measured conditions represent the Wellston/Tippy tailwater in the Upper river. Migratory Brown Trout can be distributed elsewhere below Tippy Dam, where temperature, clarity, and presentation conditions can differ. Early migratory Brown Trout may still be lakeward or in the Lower and Middle river. Do not apply this Wellston-based score unchanged to those sections. This read uses a current river level, measured water temperature, and the hourly weather outlook.",Start with 5–9 PM. Keep this responsiveness outlook separate from abundance and migration stage.
2023-08-28,pre_run,17,Inactive,67.82,1350,low,4,18,15,14,18,05-09,Today’s lake-run Brown Trout activity outlook is inactive.,"Conditions provide little environmental support for an aggressive response. The strongest window is 5–9 AM: Clouds or lower light make this window more favorable. The main limitation: Water temperature limits responsiveness. Dependable river presence has not begun. The score applies only to a sparse early lake-run Brown Trout that may already have entered. The measured conditions represent the Wellston/Tippy tailwater in the Upper river. Migratory Brown Trout can be distributed elsewhere below Tippy Dam, where temperature, clarity, and presentation conditions can differ. Early migratory Brown Trout may still be lakeward or in the Lower and Middle river. Do not apply this Wellston-based score unchanged to those sections. This read uses a current river level, measured water temperature, and the hourly weather outlook.",Start with 5–9 AM. Keep this responsiveness outlook separate from abundance and migration stage.
2025-08-29,pre_run,17,Inactive,68.18,1350,low,2,17,15,16,17,05-09,Today’s lake-run Brown Trout activity outlook is inactive.,"Conditions provide little environmental support for an aggressive response. The strongest window is 5–9 AM: Clouds or lower light make this window more favorable. The main limitation: Water temperature limits responsiveness. Dependable river presence has not begun. The score applies only to a sparse early lake-run Brown Trout that may already have entered. The measured conditions represent the Wellston/Tippy tailwater in the Upper river. Migratory Brown Trout can be distributed elsewhere below Tippy Dam, where temperature, clarity, and presentation conditions can differ. Early migratory Brown Trout may still be lakeward or in the Lower and Middle river. Do not apply this Wellston-based score unchanged to those sections. This read uses a current river level, measured water temperature, and the hourly weather outlook.",Start with 5–9 AM. Keep this responsiveness outlook separate from abundance and migration stage.
2008-08-30,pre_run,18,Inactive,68.54,1470,ideal,3,18,16,17,19,17-21,Today’s lake-run Brown Trout activity outlook is inactive.,"Conditions provide little environmental support for an aggressive response. The strongest window is 5–9 PM: The river level and its recent change are favorable. The main limitation: Water temperature limits responsiveness. Dependable river presence has not begun. The score applies only to a sparse early lake-run Brown Trout that may already have entered. The measured conditions represent the Wellston/Tippy tailwater in the Upper river. Migratory Brown Trout can be distributed elsewhere below Tippy Dam, where temperature, clarity, and presentation conditions can differ. Early migratory Brown Trout may still be lakeward or in the Lower and Middle river. Do not apply this Wellston-based score unchanged to those sections. This read uses a current river level, measured water temperature, and the hourly weather outlook.",Start with 5–9 PM. Keep this responsiveness outlook separate from abundance and migration stage.
2007-08-28,pre_run,19,Inactive,68.18,1490,ideal,5,21,16,16,18,05-09,Today’s lake-run Brown Trout activity outlook is inactive.,"Conditions provide little environmental support for an aggressive response. The strongest window is 5–9 AM: Clouds or lower light make this window more favorable. The main limitation: Water temperature limits responsiveness. Dependable river presence has not begun. The score applies only to a sparse early lake-run Brown Trout that may already have entered. The measured conditions represent the Wellston/Tippy tailwater in the Upper river. Migratory Brown Trout can be distributed elsewhere below Tippy Dam, where temperature, clarity, and presentation conditions can differ. Early migratory Brown Trout may still be lakeward or in the Lower and Middle river. Do not apply this Wellston-based score unchanged to those sections. This read uses a current river level, measured water temperature, and the hourly weather outlook.",Start with 5–9 AM. Keep this responsiveness outlook separate from abundance and migration stage.
2019-08-30,pre_run,19,Inactive,66.74,1590,ideal,3,20,17,17,20,05-09,Today’s lake-run Brown Trout activity outlook is inactive.,"Conditions provide little environmental support for an aggressive response. The strongest window is 5–9 AM: The river level and its recent change are favorable. The main limitation: Water temperature limits responsiveness. Dependable river presence has not begun. The score applies only to a sparse early lake-run Brown Trout that may already have entered. The measured conditions represent the Wellston/Tippy tailwater in the Upper river. Migratory Brown Trout can be distributed elsewhere below Tippy Dam, where temperature, clarity, and presentation conditions can differ. Early migratory Brown Trout may still be lakeward or in the Lower and Middle river. Do not apply this Wellston-based score unchanged to those sections. This read uses a current river level, measured water temperature, and the hourly weather outlook.",Start with 5–9 AM. Keep this responsiveness outlook separate from abundance and migration stage.
2013-08-26,pre_run,20,Reserved,68.54,1270,low,4,20,20,20,16,05-09,Today’s lake-run Brown Trout activity outlook is reserved.,"Fish may respond selectively, with important environmental limitations. The strongest window is 5–9 AM: Clouds or lower light make this window more favorable. The main limitation: Water temperature limits responsiveness. Dependable river presence has not begun. The score applies only to a sparse early lake-run Brown Trout that may already have entered. The measured conditions represent the Wellston/Tippy tailwater in the Upper river. Migratory Brown Trout can be distributed elsewhere below Tippy Dam, where temperature, clarity, and presentation conditions can differ. Early migratory Brown Trout may still be lakeward or in the Lower and Middle river. Do not apply this Wellston-based score unchanged to those sections. This read uses a current river level, measured water temperature, and the hourly weather outlook.",Start with 5–9 AM. Keep this responsiveness outlook separate from abundance and migration stage.
2012-08-26,pre_run,20,Reserved,68.54,1240,low,1,19,19,20,20,13-17,Today’s lake-run Brown Trout activity outlook is reserved.,"Fish may respond selectively, with important environmental limitations. The strongest window is 1–5 PM: Clouds or lower light make this window more favorable. The main limitation: Water temperature limits responsiveness. Dependable river presence has not begun. The score applies only to a sparse early lake-run Brown Trout that may already have entered. The measured conditions represent the Wellston/Tippy tailwater in the Upper river. Migratory Brown Trout can be distributed elsewhere below Tippy Dam, where temperature, clarity, and presentation conditions can differ. Early migratory Brown Trout may still be lakeward or in the Lower and Middle river. Do not apply this Wellston-based score unchanged to those sections. This read uses a current river level, measured water temperature, and the hourly weather outlook.",Start with 1–5 PM. Keep this responsiveness outlook separate from abundance and migration stage.
2023-08-25,pre_run,21,Reserved,67.46,1430,ideal,4,21,22,18,19,09-13,Today’s lake-run Brown Trout activity outlook is reserved.,"Fish may respond selectively, with important environmental limitations. The strongest window is 9 AM–1 PM: Clouds or lower light make this window more favorable. The main limitation: Water temperature limits responsiveness. Dependable river presence has not begun. The score applies only to a sparse early lake-run Brown Trout that may already have entered. The measured conditions represent the Wellston/Tippy tailwater in the Upper river. Migratory Brown Trout can be distributed elsewhere below Tippy Dam, where temperature, clarity, and presentation conditions can differ. Early migratory Brown Trout may still be lakeward or in the Lower and Middle river. Do not apply this Wellston-based score unchanged to those sections. This read uses a current river level, measured water temperature, and the hourly weather outlook.",Start with 9 AM–1 PM. Keep this responsiveness outlook separate from abundance and migration stage.
2022-08-28,pre_run,21,Reserved,69.44,1460,ideal,2,21,21,19,21,05-09,Today’s lake-run Brown Trout activity outlook is reserved.,"Fish may respond selectively, with important environmental limitations. The strongest window is 5–9 AM: Clouds or lower light make this window more favorable. The main limitation: Water temperature limits responsiveness. Dependable river presence has not begun. The score applies only to a sparse early lake-run Brown Trout that may already have entered. The measured conditions represent the Wellston/Tippy tailwater in the Upper river. Migratory Brown Trout can be distributed elsewhere below Tippy Dam, where temperature, clarity, and presentation conditions can differ. Early migratory Brown Trout may still be lakeward or in the Lower and Middle river. Do not apply this Wellston-based score unchanged to those sections. This read uses a current river level, measured water temperature, and the hourly weather outlook.",Start with 5–9 AM. Keep this responsiveness outlook separate from abundance and migration stage.
2017-09-03,pre_run,22,Reserved,64.94,1530,ideal,3,21,23,20,21,09-13,Today’s lake-run Brown Trout activity outlook is reserved.,"Fish may respond selectively, with important environmental limitations. The strongest window is 9 AM–1 PM: Clouds or lower light make this window more favorable. The main limitation: Water temperature limits responsiveness. Dependable river presence has not begun. The score applies only to a sparse early lake-run Brown Trout that may already have entered. The measured conditions represent the Wellston/Tippy tailwater in the Upper river. Migratory Brown Trout can be distributed elsewhere below Tippy Dam, where temperature, clarity, and presentation conditions can differ. Early migratory Brown Trout may still be lakeward or in the Lower and Middle river. Do not apply this Wellston-based score unchanged to those sections. This read uses a current river level, measured water temperature, and the hourly weather outlook.",Start with 9 AM–1 PM. Keep this responsiveness outlook separate from abundance and migration stage.
2025-09-03,pre_run,22,Reserved,67.28,1530,ideal,1,22,21,21,22,05-09,Today’s lake-run Brown Trout activity outlook is reserved.,"Fish may respond selectively, with important environmental limitations. The strongest window is 5–9 AM: Clouds or lower light make this window more favorable. The main limitation: Water temperature limits responsiveness. Dependable river presence has not begun. The score applies only to a sparse early lake-run Brown Trout that may already have entered. The measured conditions represent the Wellston/Tippy tailwater in the Upper river. Migratory Brown Trout can be distributed elsewhere below Tippy Dam, where temperature, clarity, and presentation conditions can differ. Early migratory Brown Trout may still be lakeward or in the Lower and Middle river. Do not apply this Wellston-based score unchanged to those sections. This read uses a current river level, measured water temperature, and the hourly weather outlook.",Start with 5–9 AM. Keep this responsiveness outlook separate from abundance and migration stage.
2009-09-04,pre_run,60,Active,63.86,1500,ideal,8,62,54,60,61,05-09,Today’s lake-run Brown Trout activity outlook is active.,"Conditions favor a meaningful reaction opportunity. The strongest window is 5–9 AM: The river level and its recent change are favorable. The main limitation: Water temperature limits responsiveness. Dependable river presence has not begun. The score applies only to a sparse early lake-run Brown Trout that may already have entered. The measured conditions represent the Wellston/Tippy tailwater in the Upper river. Migratory Brown Trout can be distributed elsewhere below Tippy Dam, where temperature, clarity, and presentation conditions can differ. Early migratory Brown Trout may still be lakeward or in the Lower and Middle river. Do not apply this Wellston-based score unchanged to those sections. This read uses a current river level, measured water temperature, and the hourly weather outlook.",Start with 5–9 AM. Keep this responsiveness outlook separate from abundance and migration stage.
2014-09-06,beginning,15,Inactive,66.38,2690,very_high,3,16,14,13,16,05-09,Today’s lake-run Brown Trout activity outlook is inactive.,"Conditions provide little environmental support for an aggressive response. The strongest window is 5–9 AM: Clouds or lower light make this window more favorable. The main limitation: Water temperature limits responsiveness. Early lake-run Brown Trout can remain reactive as they enter the lower river; this score applies only to a fish already present. The measured conditions represent the Wellston/Tippy tailwater in the Upper river. Migratory Brown Trout can be distributed elsewhere below Tippy Dam, where temperature, clarity, and presentation conditions can differ. Early migratory Brown Trout may still be lakeward or in the Lower and Middle river. Do not apply this Wellston-based score unchanged to those sections. This read uses a current river level, measured water temperature, and the hourly weather outlook.",Start with 5–9 AM. Keep this responsiveness outlook separate from abundance and migration stage.
2012-09-11,beginning,17,Inactive,67.28,1280,low,3,18,15,17,17,05-09,Today’s lake-run Brown Trout activity outlook is inactive.,"Conditions provide little environmental support for an aggressive response. The strongest window is 5–9 AM: Clouds or lower light make this window more favorable. The main limitation: Water temperature limits responsiveness. Early lake-run Brown Trout can remain reactive as they enter the lower river; this score applies only to a fish already present. The measured conditions represent the Wellston/Tippy tailwater in the Upper river. Migratory Brown Trout can be distributed elsewhere below Tippy Dam, where temperature, clarity, and presentation conditions can differ. Early migratory Brown Trout may still be lakeward or in the Lower and Middle river. Do not apply this Wellston-based score unchanged to those sections. This read uses a current river level, measured water temperature, and the hourly weather outlook.",Start with 5–9 AM. Keep this responsiveness outlook separate from abundance and migration stage.
2016-09-12,beginning,18,Inactive,68.18,1650,ideal,3,19,16,16,19,05-09,Today’s lake-run Brown Trout activity outlook is inactive.,"Conditions provide little environmental support for an aggressive response. The strongest window is 5–9 AM: The river level and its recent change are favorable. The main limitation: Water temperature limits responsiveness. Early lake-run Brown Trout can remain reactive as they enter the lower river; this score applies only to a fish already present. The measured conditions represent the Wellston/Tippy tailwater in the Upper river. Migratory Brown Trout can be distributed elsewhere below Tippy Dam, where temperature, clarity, and presentation conditions can differ. Early migratory Brown Trout may still be lakeward or in the Lower and Middle river. Do not apply this Wellston-based score unchanged to those sections. This read uses a current river level, measured water temperature, and the hourly weather outlook.",Start with 5–9 AM. Keep this responsiveness outlook separate from abundance and migration stage.
2011-09-14,beginning,19,Inactive,65.84,1170,low,3,18,17,20,18,13-17,Today’s lake-run Brown Trout activity outlook is inactive.,"Conditions provide little environmental support for an aggressive response. The strongest window is 1–5 PM: Clouds or lower light make this window more favorable. The main limitation: Water temperature limits responsiveness. Early lake-run Brown Trout can remain reactive as they enter the lower river; this score applies only to a fish already present. The measured conditions represent the Wellston/Tippy tailwater in the Upper river. Migratory Brown Trout can be distributed elsewhere below Tippy Dam, where temperature, clarity, and presentation conditions can differ. Early migratory Brown Trout may still be lakeward or in the Lower and Middle river. Do not apply this Wellston-based score unchanged to those sections. This read uses a current river level, measured water temperature, and the hourly weather outlook.",Start with 1–5 PM. Keep this responsiveness outlook separate from abundance and migration stage.
2012-09-12,beginning,19,Inactive,67.28,1280,low,2,18,19,18,20,17-21,Today’s lake-run Brown Trout activity outlook is inactive.,"Conditions provide little environmental support for an aggressive response. The strongest window is 5–9 PM: Clouds or lower light make this window more favorable. The main limitation: Water temperature limits responsiveness. Early lake-run Brown Trout can remain reactive as they enter the lower river; this score applies only to a fish already present. The measured conditions represent the Wellston/Tippy tailwater in the Upper river. Migratory Brown Trout can be distributed elsewhere below Tippy Dam, where temperature, clarity, and presentation conditions can differ. Early migratory Brown Trout may still be lakeward or in the Lower and Middle river. Do not apply this Wellston-based score unchanged to those sections. This read uses a current river level, measured water temperature, and the hourly weather outlook.",Start with 5–9 PM. Keep this responsiveness outlook separate from abundance and migration stage.
2015-09-05,beginning,20,Reserved,66.74,1700,ideal,3,21,20,18,20,05-09,Today’s lake-run Brown Trout activity outlook is reserved.,"Fish may respond selectively, with important environmental limitations. The strongest window is 5–9 AM: Clouds or lower light make this window more favorable. The main limitation: Water temperature limits responsiveness. Early lake-run Brown Trout can remain reactive as they enter the lower river; this score applies only to a fish already present. The measured conditions represent the Wellston/Tippy tailwater in the Upper river. Migratory Brown Trout can be distributed elsewhere below Tippy Dam, where temperature, clarity, and presentation conditions can differ. Early migratory Brown Trout may still be lakeward or in the Lower and Middle river. Do not apply this Wellston-based score unchanged to those sections. This read uses a current river level, measured water temperature, and the hourly weather outlook.",Start with 5–9 AM. Keep this responsiveness outlook separate from abundance and migration stage.
2016-09-05,beginning,20,Reserved,69.62,1470,ideal,2,20,18,20,19,05-09,Today’s lake-run Brown Trout activity outlook is reserved.,"Fish may respond selectively, with important environmental limitations. The strongest window is 5–9 AM: Clouds or lower light make this window more favorable. The main limitation: Water temperature limits responsiveness. Early lake-run Brown Trout can remain reactive as they enter the lower river; this score applies only to a fish already present. The measured conditions represent the Wellston/Tippy tailwater in the Upper river. Migratory Brown Trout can be distributed elsewhere below Tippy Dam, where temperature, clarity, and presentation conditions can differ. Early migratory Brown Trout may still be lakeward or in the Lower and Middle river. Do not apply this Wellston-based score unchanged to those sections. This read uses a current river level, measured water temperature, and the hourly weather outlook.",Start with 5–9 AM. Keep this responsiveness outlook separate from abundance and migration stage.
2009-09-09,beginning,21,Reserved,64.94,1460,ideal,3,21,18,20,21,05-09,Today’s lake-run Brown Trout activity outlook is reserved.,"Fish may respond selectively, with important environmental limitations. The strongest window is 5–9 AM: The river level and its recent change are favorable. The main limitation: Water temperature limits responsiveness. Early lake-run Brown Trout can remain reactive as they enter the lower river; this score applies only to a fish already present. The measured conditions represent the Wellston/Tippy tailwater in the Upper river. Migratory Brown Trout can be distributed elsewhere below Tippy Dam, where temperature, clarity, and presentation conditions can differ. Early migratory Brown Trout may still be lakeward or in the Lower and Middle river. Do not apply this Wellston-based score unchanged to those sections. This read uses a current river level, measured water temperature, and the hourly weather outlook.",Start with 5–9 AM. Keep this responsiveness outlook separate from abundance and migration stage.
2016-09-07,beginning,21,Reserved,69.44,1670,ideal,1,21,21,21,20,05-09,Today’s lake-run Brown Trout activity outlook is reserved.,"Fish may respond selectively, with important environmental limitations. The strongest window is 5–9 AM: Clouds or lower light make this window more favorable. The main limitation: Water temperature limits responsiveness. Early lake-run Brown Trout can remain reactive as they enter the lower river; this score applies only to a fish already present. The measured conditions represent the Wellston/Tippy tailwater in the Upper river. Migratory Brown Trout can be distributed elsewhere below Tippy Dam, where temperature, clarity, and presentation conditions can differ. Early migratory Brown Trout may still be lakeward or in the Lower and Middle river. Do not apply this Wellston-based score unchanged to those sections. This read uses a current river level, measured water temperature, and the hourly weather outlook.",Start with 5–9 AM. Keep this responsiveness outlook separate from abundance and migration stage.
2023-09-06,beginning,22,Reserved,67.64,1480,ideal,3,23,20,21,21,05-09,Today’s lake-run Brown Trout activity outlook is reserved.,"Fish may respond selectively, with important environmental limitations. The strongest window is 5–9 AM: Clouds or lower light make this window more favorable. The main limitation: Water temperature limits responsiveness. Early lake-run Brown Trout can remain reactive as they enter the lower river; this score applies only to a fish already present. The measured conditions represent the Wellston/Tippy tailwater in the Upper river. Migratory Brown Trout can be distributed elsewhere below Tippy Dam, where temperature, clarity, and presentation conditions can differ. Early migratory Brown Trout may still be lakeward or in the Lower and Middle river. Do not apply this Wellston-based score unchanged to those sections. This read uses a current river level, measured water temperature, and the hourly weather outlook.",Start with 5–9 AM. Keep this responsiveness outlook separate from abundance and migration stage.
2015-09-08,beginning,23,Reserved,67.28,1820,ideal,2,23,21,22,23,05-09,Today’s lake-run Brown Trout activity outlook is reserved.,"Fish may respond selectively, with important environmental limitations. The strongest window is 5–9 AM: Clouds or lower light make this window more favorable. The main limitation: Water temperature limits responsiveness. Early lake-run Brown Trout can remain reactive as they enter the lower river; this score applies only to a fish already present. The measured conditions represent the Wellston/Tippy tailwater in the Upper river. Migratory Brown Trout can be distributed elsewhere below Tippy Dam, where temperature, clarity, and presentation conditions can differ. Early migratory Brown Trout may still be lakeward or in the Lower and Middle river. Do not apply this Wellston-based score unchanged to those sections. This read uses a current river level, measured water temperature, and the hourly weather outlook.",Start with 5–9 AM. Keep this responsiveness outlook separate from abundance and migration stage.
2020-09-08,beginning,24,Reserved,66.2,1630,ideal,1,24,23,24,23,05-09,Today’s lake-run Brown Trout activity outlook is reserved.,"Fish may respond selectively, with important environmental limitations. The strongest window is 5–9 AM: Clouds or lower light make this window more favorable. The main limitation: Water temperature limits responsiveness. Early lake-run Brown Trout can remain reactive as they enter the lower river; this score applies only to a fish already present. The measured conditions represent the Wellston/Tippy tailwater in the Upper river. Migratory Brown Trout can be distributed elsewhere below Tippy Dam, where temperature, clarity, and presentation conditions can differ. Early migratory Brown Trout may still be lakeward or in the Lower and Middle river. Do not apply this Wellston-based score unchanged to those sections. This read uses a current river level, measured water temperature, and the hourly weather outlook.",Start with 5–9 AM. Keep this responsiveness outlook separate from abundance and migration stage.
2025-09-08,beginning,61,Active,63.68,1490,ideal,6,62,56,61,61,05-09,Today’s lake-run Brown Trout activity outlook is active.,"Conditions favor a meaningful reaction opportunity. The strongest window is 5–9 AM: The river level and its recent change are favorable. The main limitation: Water temperature limits responsiveness. Early lake-run Brown Trout can remain reactive as they enter the lower river; this score applies only to a fish already present. The measured conditions represent the Wellston/Tippy tailwater in the Upper river. Migratory Brown Trout can be distributed elsewhere below Tippy Dam, where temperature, clarity, and presentation conditions can differ. Early migratory Brown Trout may still be lakeward or in the Lower and Middle river. Do not apply this Wellston-based score unchanged to those sections. This read uses a current river level, measured water temperature, and the hourly weather outlook.",Start with 5–9 AM. Keep this responsiveness outlook separate from abundance and migration stage.
2014-09-13,beginning,65,Active,63.68,1920,high_fishable,6,63,60,66,66,13-17,Today’s lake-run Brown Trout activity outlook is active.,"Conditions favor a meaningful reaction opportunity. The strongest window is 1–5 PM: Clouds or lower light make this window more favorable. The main limitation: Water temperature limits responsiveness. Early lake-run Brown Trout can remain reactive as they enter the lower river; this score applies only to a fish already present. The measured conditions represent the Wellston/Tippy tailwater in the Upper river. Migratory Brown Trout can be distributed elsewhere below Tippy Dam, where temperature, clarity, and presentation conditions can differ. Early migratory Brown Trout may still be lakeward or in the Lower and Middle river. Do not apply this Wellston-based score unchanged to those sections. This read uses a current river level, measured water temperature, and the hourly weather outlook.",Start with 1–5 PM. Keep this responsiveness outlook separate from abundance and migration stage.
2014-09-15,beginning,74,Active,62.06,1970,high_fishable,4,75,74,72,71,05-09,Today’s lake-run Brown Trout activity outlook is active.,"Conditions favor a meaningful reaction opportunity. The strongest window is 5–9 AM: Clouds or lower light make this window more favorable. The main limitation: Water temperature limits responsiveness. Early lake-run Brown Trout can remain reactive as they enter the lower river; this score applies only to a fish already present. The measured conditions represent the Wellston/Tippy tailwater in the Upper river. Migratory Brown Trout can be distributed elsewhere below Tippy Dam, where temperature, clarity, and presentation conditions can differ. Early migratory Brown Trout may still be lakeward or in the Lower and Middle river. Do not apply this Wellston-based score unchanged to those sections. This read uses a current river level, measured water temperature, and the hourly weather outlook.",Start with 5–9 AM. Keep this responsiveness outlook separate from abundance and migration stage.
2024-09-18,building,17,Inactive,66.38,1300,low,3,18,15,15,18,05-09,Today’s lake-run Brown Trout activity outlook is inactive.,"Conditions provide little environmental support for an aggressive response. The strongest window is 5–9 AM: Clouds or lower light make this window more favorable. The main limitation: Water temperature limits responsiveness. This score describes feeding or aggressive responsiveness for lake-run Brown Trout already present, not migration or abundance. The measured conditions represent the Wellston/Tippy tailwater in the Upper river. Migratory Brown Trout can be distributed elsewhere below Tippy Dam, where temperature, clarity, and presentation conditions can differ. Early migratory Brown Trout may still be lakeward or in the Lower and Middle river. Do not apply this Wellston-based score unchanged to those sections. This read uses a current river level, measured water temperature, and the hourly weather outlook.",Start with 5–9 AM. Keep this responsiveness outlook separate from abundance and migration stage.
2024-09-20,building,19,Inactive,66.02,1260,low,3,20,17,18,18,05-09,Today’s lake-run Brown Trout activity outlook is inactive.,"Conditions provide little environmental support for an aggressive response. The strongest window is 5–9 AM: Clouds or lower light make this window more favorable. The main limitation: Water temperature limits responsiveness. This score describes feeding or aggressive responsiveness for lake-run Brown Trout already present, not migration or abundance. The measured conditions represent the Wellston/Tippy tailwater in the Upper river. Migratory Brown Trout can be distributed elsewhere below Tippy Dam, where temperature, clarity, and presentation conditions can differ. Early migratory Brown Trout may still be lakeward or in the Lower and Middle river. Do not apply this Wellston-based score unchanged to those sections. This read uses a current river level, measured water temperature, and the hourly weather outlook.",Start with 5–9 AM. Keep this responsiveness outlook separate from abundance and migration stage.
2018-09-23,building,20,Reserved,64.4,1520,ideal,3,21,19,18,21,05-09,Today’s lake-run Brown Trout activity outlook is reserved.,"Fish may respond selectively, with important environmental limitations. The strongest window is 5–9 AM: The river level and its recent change are favorable. The main limitation: Water temperature limits responsiveness. This score describes feeding or aggressive responsiveness for lake-run Brown Trout already present, not migration or abundance. The measured conditions represent the Wellston/Tippy tailwater in the Upper river. Migratory Brown Trout can be distributed elsewhere below Tippy Dam, where temperature, clarity, and presentation conditions can differ. Early migratory Brown Trout may still be lakeward or in the Lower and Middle river. Do not apply this Wellston-based score unchanged to those sections. This read uses a current river level, measured water temperature, and the hourly weather outlook.",Start with 5–9 AM. Keep this responsiveness outlook separate from abundance and migration stage.
2025-09-19,building,21,Reserved,64.58,1370,low,4,22,18,19,21,05-09,Today’s lake-run Brown Trout activity outlook is reserved.,"Fish may respond selectively, with important environmental limitations. The strongest window is 5–9 AM: Clouds or lower light make this window more favorable. The main limitation: Water temperature limits responsiveness. This score describes feeding or aggressive responsiveness for lake-run Brown Trout already present, not migration or abundance. The measured conditions represent the Wellston/Tippy tailwater in the Upper river. Migratory Brown Trout can be distributed elsewhere below Tippy Dam, where temperature, clarity, and presentation conditions can differ. Early migratory Brown Trout may still be lakeward or in the Lower and Middle river. Do not apply this Wellston-based score unchanged to those sections. This read uses a current river level, measured water temperature, and the hourly weather outlook.",Start with 5–9 AM. Keep this responsiveness outlook separate from abundance and migration stage.
2015-09-25,building,22,Reserved,64.04,1620,ideal,4,24,20,20,22,05-09,Today’s lake-run Brown Trout activity outlook is reserved.,"Fish may respond selectively, with important environmental limitations. The strongest window is 5–9 AM: Clouds or lower light make this window more favorable. The main limitation: Water temperature limits responsiveness. This score describes feeding or aggressive responsiveness for lake-run Brown Trout already present, not migration or abundance. The measured conditions represent the Wellston/Tippy tailwater in the Upper river. Migratory Brown Trout can be distributed elsewhere below Tippy Dam, where temperature, clarity, and presentation conditions can differ. Early migratory Brown Trout may still be lakeward or in the Lower and Middle river. Do not apply this Wellston-based score unchanged to those sections. This read uses a current river level, measured water temperature, and the hourly weather outlook.",Start with 5–9 AM. Keep this responsiveness outlook separate from abundance and migration stage.
2024-09-27,building,23,Reserved,64.4,1510,ideal,3,22,24,21,23,09-13,Today’s lake-run Brown Trout activity outlook is reserved.,"Fish may respond selectively, with important environmental limitations. The strongest window is 9 AM–1 PM: Clouds or lower light make this window more favorable. The main limitation: Water temperature limits responsiveness. This score describes feeding or aggressive responsiveness for lake-run Brown Trout already present, not migration or abundance. The measured conditions represent the Wellston/Tippy tailwater in the Upper river. Migratory Brown Trout can be distributed elsewhere below Tippy Dam, where temperature, clarity, and presentation conditions can differ. Early migratory Brown Trout may still be lakeward or in the Lower and Middle river. Do not apply this Wellston-based score unchanged to those sections. This read uses a current river level, measured water temperature, and the hourly weather outlook.",Start with 9 AM–1 PM. Keep this responsiveness outlook separate from abundance and migration stage.
2011-09-17,building,50,Moderate,63.86,1160,low,8,52,45,44,51,05-09,Today’s lake-run Brown Trout activity outlook is moderate.,"Some useful factors are present, but the response window is mixed. The strongest window is 5–9 AM: Clouds or lower light make this window more favorable. The main limitation: Water temperature limits responsiveness. This score describes feeding or aggressive responsiveness for lake-run Brown Trout already present, not migration or abundance. The measured conditions represent the Wellston/Tippy tailwater in the Upper river. Migratory Brown Trout can be distributed elsewhere below Tippy Dam, where temperature, clarity, and presentation conditions can differ. Early migratory Brown Trout may still be lakeward or in the Lower and Middle river. Do not apply this Wellston-based score unchanged to those sections. This read uses a current river level, measured water temperature, and the hourly weather outlook.",Start with 5–9 AM. Keep this responsiveness outlook separate from abundance and migration stage.
2017-09-29,building,59,Moderate,63.86,1510,ideal,7,61,57,54,60,05-09,Today’s lake-run Brown Trout activity outlook is moderate.,"Some useful factors are present, but the response window is mixed. The strongest window is 5–9 AM: The river level and its recent change are favorable. The main limitation: Water temperature limits responsiveness. This score describes feeding or aggressive responsiveness for lake-run Brown Trout already present, not migration or abundance. The measured conditions represent the Wellston/Tippy tailwater in the Upper river. Migratory Brown Trout can be distributed elsewhere below Tippy Dam, where temperature, clarity, and presentation conditions can differ. Early migratory Brown Trout may still be lakeward or in the Lower and Middle river. Do not apply this Wellston-based score unchanged to those sections. This read uses a current river level, measured water temperature, and the hourly weather outlook.",Start with 5–9 AM. Keep this responsiveness outlook separate from abundance and migration stage.
2017-09-18,building,61,Active,63.32,1500,ideal,10,65,55,56,61,05-09,Today’s lake-run Brown Trout activity outlook is active.,"Conditions favor a meaningful reaction opportunity. The strongest window is 5–9 AM: Clouds or lower light make this window more favorable. The main limitation: Water temperature limits responsiveness. This score describes feeding or aggressive responsiveness for lake-run Brown Trout already present, not migration or abundance. The measured conditions represent the Wellston/Tippy tailwater in the Upper river. Migratory Brown Trout can be distributed elsewhere below Tippy Dam, where temperature, clarity, and presentation conditions can differ. Early migratory Brown Trout may still be lakeward or in the Lower and Middle river. Do not apply this Wellston-based score unchanged to those sections. This read uses a current river level, measured water temperature, and the hourly weather outlook.",Start with 5–9 AM. Keep this responsiveness outlook separate from abundance and migration stage.
2023-09-19,building,62,Active,63.14,1430,ideal,6,61,59,59,65,17-21,Today’s lake-run Brown Trout activity outlook is active.,"Conditions favor a meaningful reaction opportunity. The strongest window is 5–9 PM: Clouds or lower light make this window more favorable. The main limitation: Water temperature limits responsiveness. This score describes feeding or aggressive responsiveness for lake-run Brown Trout already present, not migration or abundance. The measured conditions represent the Wellston/Tippy tailwater in the Upper river. Migratory Brown Trout can be distributed elsewhere below Tippy Dam, where temperature, clarity, and presentation conditions can differ. Early migratory Brown Trout may still be lakeward or in the Lower and Middle river. Do not apply this Wellston-based score unchanged to those sections. This read uses a current river level, measured water temperature, and the hourly weather outlook.",Start with 5–9 PM. Keep this responsiveness outlook separate from abundance and migration stage.
2008-09-27,building,64,Active,62.24,1560,ideal,8,65,58,58,66,17-21,Today’s lake-run Brown Trout activity outlook is active.,"Conditions favor a meaningful reaction opportunity. The strongest window is 5–9 PM: The river level and its recent change are favorable. The main limitation: Water temperature limits responsiveness. This score describes feeding or aggressive responsiveness for lake-run Brown Trout already present, not migration or abundance. The measured conditions represent the Wellston/Tippy tailwater in the Upper river. Migratory Brown Trout can be distributed elsewhere below Tippy Dam, where temperature, clarity, and presentation conditions can differ. Early migratory Brown Trout may still be lakeward or in the Lower and Middle river. Do not apply this Wellston-based score unchanged to those sections. This read uses a current river level, measured water temperature, and the hourly weather outlook.",Start with 5–9 PM. Keep this responsiveness outlook separate from abundance and migration stage.
2007-09-16,building,65,Active,62.78,1440,ideal,6,66,60,65,66,05-09,Today’s lake-run Brown Trout activity outlook is active.,"Conditions favor a meaningful reaction opportunity. The strongest window is 5–9 AM: The river level and its recent change are favorable. The main limitation: Water temperature limits responsiveness. This score describes feeding or aggressive responsiveness for lake-run Brown Trout already present, not migration or abundance. The measured conditions represent the Wellston/Tippy tailwater in the Upper river. Migratory Brown Trout can be distributed elsewhere below Tippy Dam, where temperature, clarity, and presentation conditions can differ. Early migratory Brown Trout may still be lakeward or in the Lower and Middle river. Do not apply this Wellston-based score unchanged to those sections. This read uses a current river level, measured water temperature, and the hourly weather outlook.",Start with 5–9 AM. Keep this responsiveness outlook separate from abundance and migration stage.
2021-09-29,building,66,Active,61.52,1540,ideal,7,67,61,61,68,17-21,Today’s lake-run Brown Trout activity outlook is active.,"Conditions favor a meaningful reaction opportunity. The strongest window is 5–9 PM: The river level and its recent change are favorable. The main limitation: Rain adds little extra cover. This score describes feeding or aggressive responsiveness for lake-run Brown Trout already present, not migration or abundance. The measured conditions represent the Wellston/Tippy tailwater in the Upper river. Migratory Brown Trout can be distributed elsewhere below Tippy Dam, where temperature, clarity, and presentation conditions can differ. Early migratory Brown Trout may still be lakeward or in the Lower and Middle river. Do not apply this Wellston-based score unchanged to those sections. This read uses a current river level, measured water temperature, and the hourly weather outlook.",Start with 5–9 PM. Keep this responsiveness outlook separate from abundance and migration stage.
2010-09-20,building,68,Active,61.52,1420,ideal,12,67,60,65,72,17-21,Today’s lake-run Brown Trout activity outlook is active.,"Conditions favor a meaningful reaction opportunity. The strongest window is 5–9 PM: Clouds or lower light make this window more favorable. The main limitation: Rain adds little extra cover. This score describes feeding or aggressive responsiveness for lake-run Brown Trout already present, not migration or abundance. The measured conditions represent the Wellston/Tippy tailwater in the Upper river. Migratory Brown Trout can be distributed elsewhere below Tippy Dam, where temperature, clarity, and presentation conditions can differ. Early migratory Brown Trout may still be lakeward or in the Lower and Middle river. Do not apply this Wellston-based score unchanged to those sections. This read uses a current river level, measured water temperature, and the hourly weather outlook.",Start with 5–9 PM. Keep this responsiveness outlook separate from abundance and migration stage.
2012-09-23,building,69,Active,61.16,1540,ideal,5,70,66,65,70,05-09,Today’s lake-run Brown Trout activity outlook is active.,"Conditions favor a meaningful reaction opportunity. The strongest window is 5–9 AM: The river level and its recent change are favorable. The main limitation: Rain adds little extra cover. This score describes feeding or aggressive responsiveness for lake-run Brown Trout already present, not migration or abundance. The measured conditions represent the Wellston/Tippy tailwater in the Upper river. Migratory Brown Trout can be distributed elsewhere below Tippy Dam, where temperature, clarity, and presentation conditions can differ. Early migratory Brown Trout may still be lakeward or in the Lower and Middle river. Do not apply this Wellston-based score unchanged to those sections. This read uses a current river level, measured water temperature, and the hourly weather outlook.",Start with 5–9 AM. Keep this responsiveness outlook separate from abundance and migration stage.
2021-09-27,building,70,Active,61.88,1680,ideal,3,69,68,71,71,13-17,Today’s lake-run Brown Trout activity outlook is active.,"Conditions favor a meaningful reaction opportunity. The strongest window is 1–5 PM: Clouds or lower light make this window more favorable. The main limitation: Rain adds little extra cover. This score describes feeding or aggressive responsiveness for lake-run Brown Trout already present, not migration or abundance. The measured conditions represent the Wellston/Tippy tailwater in the Upper river. Migratory Brown Trout can be distributed elsewhere below Tippy Dam, where temperature, clarity, and presentation conditions can differ. Early migratory Brown Trout may still be lakeward or in the Lower and Middle river. Do not apply this Wellston-based score unchanged to those sections. This read uses a current river level, measured water temperature, and the hourly weather outlook.",Start with 1–5 PM. Keep this responsiveness outlook separate from abundance and migration stage.
2010-09-30,building,73,Active,59.54,1510,ideal,2,74,73,72,73,05-09,Today’s lake-run Brown Trout activity outlook is active.,"Conditions favor a meaningful reaction opportunity. The strongest window is 5–9 AM: The measured water temperature is favorable for lake-run Brown Trout. The main limitation: Rain adds little extra cover. This score describes feeding or aggressive responsiveness for lake-run Brown Trout already present, not migration or abundance. The measured conditions represent the Wellston/Tippy tailwater in the Upper river. Migratory Brown Trout can be distributed elsewhere below Tippy Dam, where temperature, clarity, and presentation conditions can differ. Early migratory Brown Trout may still be lakeward or in the Lower and Middle river. Do not apply this Wellston-based score unchanged to those sections. This read uses a current river level, measured water temperature, and the hourly weather outlook.",Start with 5–9 AM. Keep this responsiveness outlook separate from abundance and migration stage.
2009-09-30,building,75,Active,59.9,1950,high_fishable,5,76,75,71,72,05-09,Today’s lake-run Brown Trout activity outlook is active.,"Conditions favor a meaningful reaction opportunity. The strongest window is 5–9 AM: Clouds or lower light make this window more favorable. The main limitation: Rain adds little extra cover. This score describes feeding or aggressive responsiveness for lake-run Brown Trout already present, not migration or abundance. The measured conditions represent the Wellston/Tippy tailwater in the Upper river. Migratory Brown Trout can be distributed elsewhere below Tippy Dam, where temperature, clarity, and presentation conditions can differ. Early migratory Brown Trout may still be lakeward or in the Lower and Middle river. Do not apply this Wellston-based score unchanged to those sections. This read uses a current river level, measured water temperature, and the hourly weather outlook.",Start with 5–9 AM. Keep this responsiveness outlook separate from abundance and migration stage.
2010-09-29,building,77,Active,59.54,1560,ideal,3,77,76,77,74,05-09,Today’s lake-run Brown Trout activity outlook is active.,"Conditions favor a meaningful reaction opportunity. The strongest window is 5–9 AM: The measured water temperature is favorable for lake-run Brown Trout. The main limitation: Rain adds little extra cover. This score describes feeding or aggressive responsiveness for lake-run Brown Trout already present, not migration or abundance. The measured conditions represent the Wellston/Tippy tailwater in the Upper river. Migratory Brown Trout can be distributed elsewhere below Tippy Dam, where temperature, clarity, and presentation conditions can differ. Early migratory Brown Trout may still be lakeward or in the Lower and Middle river. Do not apply this Wellston-based score unchanged to those sections. This read uses a current river level, measured water temperature, and the hourly weather outlook.",Start with 5–9 AM. Keep this responsiveness outlook separate from abundance and migration stage.
2014-09-30,building,85,Highly active,58.1,1780,ideal,3,85,85,85,82,05-09,Today’s lake-run Brown Trout activity outlook is highly active.,"Conditions strongly favor a response from lake-run Brown Trout that are present and capable of reacting. The strongest window is 5–9 AM: The measured water temperature is favorable for lake-run Brown Trout. The main limitation: Rain adds little extra cover. This score describes feeding or aggressive responsiveness for lake-run Brown Trout already present, not migration or abundance. The measured conditions represent the Wellston/Tippy tailwater in the Upper river. Migratory Brown Trout can be distributed elsewhere below Tippy Dam, where temperature, clarity, and presentation conditions can differ. Early migratory Brown Trout may still be lakeward or in the Lower and Middle river. Do not apply this Wellston-based score unchanged to those sections. This read uses a current river level, measured water temperature, and the hourly weather outlook.",Start with 5–9 AM. Keep this responsiveness outlook separate from abundance and migration stage.
2024-10-02,peak,55,Moderate,63.32,1280,low,9,58,49,49,55,05-09,Today’s lake-run Brown Trout activity outlook is moderate.,"Some useful factors are present, but the response window is mixed. The strongest window is 5–9 AM: Clouds or lower light make this window more favorable. The main limitation: Water temperature limits responsiveness. This score describes feeding or aggressive responsiveness for lake-run Brown Trout already present, not migration or abundance. The measured conditions represent the Wellston/Tippy tailwater in the Upper river. Migratory Brown Trout can be distributed elsewhere below Tippy Dam, where temperature, clarity, and presentation conditions can differ. This read uses a current river level, measured water temperature, and the hourly weather outlook.",Start with 5–9 AM. Keep this responsiveness outlook separate from abundance and migration stage.
2025-10-09,peak,61,Active,61.7,1360,low,8,63,56,55,62,05-09,Today’s lake-run Brown Trout activity outlook is active.,"Conditions favor a meaningful reaction opportunity. The strongest window is 5–9 AM: Clouds or lower light make this window more favorable. The main limitation: Rain adds little extra cover. This score describes feeding or aggressive responsiveness for lake-run Brown Trout already present, not migration or abundance. The measured conditions represent the Wellston/Tippy tailwater in the Upper river. Migratory Brown Trout can be distributed elsewhere below Tippy Dam, where temperature, clarity, and presentation conditions can differ. This read uses a current river level, measured water temperature, and the hourly weather outlook.",Start with 5–9 AM. Keep this responsiveness outlook separate from abundance and migration stage.
2007-10-07,peak,65,Active,62.06,1470,ideal,8,65,59,62,67,17-21,Today’s lake-run Brown Trout activity outlook is active.,"Conditions favor a meaningful reaction opportunity. The strongest window is 5–9 PM: The river level and its recent change are favorable. The main limitation: Rain adds little extra cover. This score describes feeding or aggressive responsiveness for lake-run Brown Trout already present, not migration or abundance. The measured conditions represent the Wellston/Tippy tailwater in the Upper river. Migratory Brown Trout can be distributed elsewhere below Tippy Dam, where temperature, clarity, and presentation conditions can differ. This read uses a current river level, measured water temperature, and the hourly weather outlook.",Start with 5–9 PM. Keep this responsiveness outlook separate from abundance and migration stage.
2017-10-04,peak,69,Active,61.7,1620,ideal,11,72,68,61,67,05-09,Today’s lake-run Brown Trout activity outlook is active.,"Conditions favor a meaningful reaction opportunity. The strongest window is 5–9 AM: Clouds or lower light make this window more favorable. The main limitation: Heavier precipitation can unsettle presentation. This score describes feeding or aggressive responsiveness for lake-run Brown Trout already present, not migration or abundance. The measured conditions represent the Wellston/Tippy tailwater in the Upper river. Migratory Brown Trout can be distributed elsewhere below Tippy Dam, where temperature, clarity, and presentation conditions can differ. This read uses a current river level, measured water temperature, and the hourly weather outlook.",Start with 5–9 AM. Keep this responsiveness outlook separate from abundance and migration stage.
2013-10-08,peak,72,Active,59.36,1780,ideal,7,74,68,67,74,05-09,Today’s lake-run Brown Trout activity outlook is active.,"Conditions favor a meaningful reaction opportunity. The strongest window is 5–9 AM: The measured water temperature is favorable for lake-run Brown Trout. The main limitation: Rain adds little extra cover. This score describes feeding or aggressive responsiveness for lake-run Brown Trout already present, not migration or abundance. The measured conditions represent the Wellston/Tippy tailwater in the Upper river. Migratory Brown Trout can be distributed elsewhere below Tippy Dam, where temperature, clarity, and presentation conditions can differ. This read uses a current river level, measured water temperature, and the hourly weather outlook.",Start with 5–9 AM. Keep this responsiveness outlook separate from abundance and migration stage.
2025-10-15,peak,74,Active,58.82,1380,low,14,80,66,68,72,05-09,Today’s lake-run Brown Trout activity outlook is active.,"Conditions favor a meaningful reaction opportunity. The strongest window is 5–9 AM: Clouds or lower light make this window more favorable. The main limitation: Rain adds little extra cover. This score describes feeding or aggressive responsiveness for lake-run Brown Trout already present, not migration or abundance. The measured conditions represent the Wellston/Tippy tailwater in the Upper river. Migratory Brown Trout can be distributed elsewhere below Tippy Dam, where temperature, clarity, and presentation conditions can differ. This read uses a current river level, measured water temperature, and the hourly weather outlook.",Start with 5–9 AM. Keep this responsiveness outlook separate from abundance and migration stage.
2007-10-01,peak,75,Active,61.88,1570,ideal,8,70,77,76,69,09-13,Today’s lake-run Brown Trout activity outlook is active.,"Conditions favor a meaningful reaction opportunity. The strongest window is 9 AM–1 PM: Clouds or lower light make this window more favorable. The main limitation: Water temperature limits responsiveness. This score describes feeding or aggressive responsiveness for lake-run Brown Trout already present, not migration or abundance. The measured conditions represent the Wellston/Tippy tailwater in the Upper river. Migratory Brown Trout can be distributed elsewhere below Tippy Dam, where temperature, clarity, and presentation conditions can differ. This read uses a current river level, measured water temperature, and the hourly weather outlook.",Start with 9 AM–1 PM. Keep this responsiveness outlook separate from abundance and migration stage.
2021-10-14,peak,76,Active,60.98,1820,ideal,10,78,78,70,68,05-09,Today’s lake-run Brown Trout activity outlook is active.,"Conditions favor a meaningful reaction opportunity. The strongest window is 5–9 AM: Clouds or lower light make this window more favorable. The main limitation: Rain adds little extra cover. This score describes feeding or aggressive responsiveness for lake-run Brown Trout already present, not migration or abundance. The measured conditions represent the Wellston/Tippy tailwater in the Upper river. Migratory Brown Trout can be distributed elsewhere below Tippy Dam, where temperature, clarity, and presentation conditions can differ. This read uses a current river level, measured water temperature, and the hourly weather outlook.",Start with 5–9 AM. Keep this responsiveness outlook separate from abundance and migration stage.
2021-10-13,peak,76,Active,60.8,1830,ideal,0,76,76,76,76,05-09,Today’s lake-run Brown Trout activity outlook is active.,"Conditions favor a meaningful reaction opportunity. The strongest window is 5–9 AM: Clouds or lower light make this window more favorable. The main limitation: Rain adds little extra cover. This score describes feeding or aggressive responsiveness for lake-run Brown Trout already present, not migration or abundance. The measured conditions represent the Wellston/Tippy tailwater in the Upper river. Migratory Brown Trout can be distributed elsewhere below Tippy Dam, where temperature, clarity, and presentation conditions can differ. This read uses a current river level, measured water temperature, and the hourly weather outlook.",Start with 5–9 AM. Keep this responsiveness outlook separate from abundance and migration stage.
2012-10-08,peak,78,Active,55.76,1340,low,8,78,72,75,80,17-21,Today’s lake-run Brown Trout activity outlook is active.,"Conditions favor a meaningful reaction opportunity. The strongest window is 5–9 PM: The measured water temperature is favorable for lake-run Brown Trout. The main limitation: Rain adds little extra cover. This score describes feeding or aggressive responsiveness for lake-run Brown Trout already present, not migration or abundance. The measured conditions represent the Wellston/Tippy tailwater in the Upper river. Migratory Brown Trout can be distributed elsewhere below Tippy Dam, where temperature, clarity, and presentation conditions can differ. This read uses a current river level, measured water temperature, and the hourly weather outlook.",Start with 5–9 PM. Keep this responsiveness outlook separate from abundance and migration stage.
2017-10-15,peak,79,Active,59,1930,high_fishable,6,79,80,78,74,09-13,Today’s lake-run Brown Trout activity outlook is active.,"Conditions favor a meaningful reaction opportunity. The strongest window is 9 AM–1 PM: Clouds or lower light make this window more favorable. The main limitation: Rain adds little extra cover. This score describes feeding or aggressive responsiveness for lake-run Brown Trout already present, not migration or abundance. The measured conditions represent the Wellston/Tippy tailwater in the Upper river. Migratory Brown Trout can be distributed elsewhere below Tippy Dam, where temperature, clarity, and presentation conditions can differ. This read uses a current river level, measured water temperature, and the hourly weather outlook.",Start with 9 AM–1 PM. Keep this responsiveness outlook separate from abundance and migration stage.
2015-10-07,peak,80,Highly active,58.64,1650,ideal,3,79,78,81,78,13-17,Today’s lake-run Brown Trout activity outlook is highly active.,"Conditions strongly favor a response from lake-run Brown Trout that are present and capable of reacting. The strongest window is 1–5 PM: The measured water temperature is favorable for lake-run Brown Trout. The main limitation: Rain adds little extra cover. This score describes feeding or aggressive responsiveness for lake-run Brown Trout already present, not migration or abundance. The measured conditions represent the Wellston/Tippy tailwater in the Upper river. Migratory Brown Trout can be distributed elsewhere below Tippy Dam, where temperature, clarity, and presentation conditions can differ. This read uses a current river level, measured water temperature, and the hourly weather outlook.",Start with 1–5 PM. Keep this responsiveness outlook separate from abundance and migration stage.
2022-10-11,peak,82,Highly active,55.58,1530,ideal,12,82,76,75,87,17-21,Today’s lake-run Brown Trout activity outlook is highly active.,"Conditions strongly favor a response from lake-run Brown Trout that are present and capable of reacting. The strongest window is 5–9 PM: The measured water temperature is favorable for lake-run Brown Trout. The main limitation: Rain adds little extra cover. This score describes feeding or aggressive responsiveness for lake-run Brown Trout already present, not migration or abundance. The measured conditions represent the Wellston/Tippy tailwater in the Upper river. Migratory Brown Trout can be distributed elsewhere below Tippy Dam, where temperature, clarity, and presentation conditions can differ. This read uses a current river level, measured water temperature, and the hourly weather outlook.",Start with 5–9 PM. Keep this responsiveness outlook separate from abundance and migration stage.
2012-10-05,peak,83,Highly active,57.2,1400,ideal,6,80,81,80,86,17-21,Today’s lake-run Brown Trout activity outlook is highly active.,"Conditions strongly favor a response from lake-run Brown Trout that are present and capable of reacting. The strongest window is 5–9 PM: The measured water temperature is favorable for lake-run Brown Trout. The main limitation: Rain adds little extra cover. This score describes feeding or aggressive responsiveness for lake-run Brown Trout already present, not migration or abundance. The measured conditions represent the Wellston/Tippy tailwater in the Upper river. Migratory Brown Trout can be distributed elsewhere below Tippy Dam, where temperature, clarity, and presentation conditions can differ. This read uses a current river level, measured water temperature, and the hourly weather outlook.",Start with 5–9 PM. Keep this responsiveness outlook separate from abundance and migration stage.
2009-10-02,peak,84,Highly active,58.46,1950,high_fishable,4,85,83,84,81,05-09,Today’s lake-run Brown Trout activity outlook is highly active.,"Conditions strongly favor a response from lake-run Brown Trout that are present and capable of reacting. The strongest window is 5–9 AM: The measured water temperature is favorable for lake-run Brown Trout. The main limitation: Rain adds little extra cover. This score describes feeding or aggressive responsiveness for lake-run Brown Trout already present, not migration or abundance. The measured conditions represent the Wellston/Tippy tailwater in the Upper river. Migratory Brown Trout can be distributed elsewhere below Tippy Dam, where temperature, clarity, and presentation conditions can differ. This read uses a current river level, measured water temperature, and the hourly weather outlook.",Start with 5–9 AM. Keep this responsiveness outlook separate from abundance and migration stage.
2015-10-08,peak,85,Highly active,58.28,1650,ideal,5,81,85,86,85,13-17,Today’s lake-run Brown Trout activity outlook is highly active.,"Conditions strongly favor a response from lake-run Brown Trout that are present and capable of reacting. The strongest window is 1–5 PM: The measured water temperature is favorable for lake-run Brown Trout. The main limitation: Rain adds little extra cover. This score describes feeding or aggressive responsiveness for lake-run Brown Trout already present, not migration or abundance. The measured conditions represent the Wellston/Tippy tailwater in the Upper river. Migratory Brown Trout can be distributed elsewhere below Tippy Dam, where temperature, clarity, and presentation conditions can differ. This read uses a current river level, measured water temperature, and the hourly weather outlook.",Start with 1–5 PM. Keep this responsiveness outlook separate from abundance and migration stage.
2012-10-15,peak,86,Highly active,51.08,2450,high_fishable,3,87,87,85,84,05-09,Today’s lake-run Brown Trout activity outlook is highly active.,"Conditions strongly favor a response from lake-run Brown Trout that are present and capable of reacting. The strongest window is 5–9 AM: The measured water temperature is favorable for lake-run Brown Trout. The main limitation: The river level or its recent change is less favorable. This score describes feeding or aggressive responsiveness for lake-run Brown Trout already present, not migration or abundance. The measured conditions represent the Wellston/Tippy tailwater in the Upper river. Migratory Brown Trout can be distributed elsewhere below Tippy Dam, where temperature, clarity, and presentation conditions can differ. This read uses a current river level, measured water temperature, and the hourly weather outlook.",Start with 5–9 AM. Keep this responsiveness outlook separate from abundance and migration stage.
2014-10-15,peak,88,Highly active,53.06,2090,high_fishable,8,87,88,82,90,17-21,Today’s lake-run Brown Trout activity outlook is highly active.,"Conditions strongly favor a response from lake-run Brown Trout that are present and capable of reacting. The strongest window is 5–9 PM: The measured water temperature is favorable for lake-run Brown Trout. The main limitation: Rain adds little extra cover. This score describes feeding or aggressive responsiveness for lake-run Brown Trout already present, not migration or abundance. The measured conditions represent the Wellston/Tippy tailwater in the Upper river. Migratory Brown Trout can be distributed elsewhere below Tippy Dam, where temperature, clarity, and presentation conditions can differ. This read uses a current river level, measured water temperature, and the hourly weather outlook.",Start with 5–9 PM. Keep this responsiveness outlook separate from abundance and migration stage.
2014-10-14,peak,90,Highly active,53.42,1990,high_fishable,6,91,92,87,86,09-13,Today’s lake-run Brown Trout activity outlook is highly active.,"Conditions strongly favor a response from lake-run Brown Trout that are present and capable of reacting. The strongest window is 9 AM–1 PM: The measured water temperature is favorable for lake-run Brown Trout. The main limitation: Rain adds little extra cover. This score describes feeding or aggressive responsiveness for lake-run Brown Trout already present, not migration or abundance. The measured conditions represent the Wellston/Tippy tailwater in the Upper river. Migratory Brown Trout can be distributed elsewhere below Tippy Dam, where temperature, clarity, and presentation conditions can differ. This read uses a current river level, measured water temperature, and the hourly weather outlook.",Start with 9 AM–1 PM. Keep this responsiveness outlook separate from abundance and migration stage.
2022-10-15,peak,93,Highly active,53.6,1700,ideal,5,93,90,92,95,17-21,Today’s lake-run Brown Trout activity outlook is highly active.,"Conditions strongly favor a response from lake-run Brown Trout that are present and capable of reacting. The strongest window is 5–9 PM: The measured water temperature is favorable for lake-run Brown Trout. The main limitation: Rain adds little extra cover. This score describes feeding or aggressive responsiveness for lake-run Brown Trout already present, not migration or abundance. The measured conditions represent the Wellston/Tippy tailwater in the Upper river. Migratory Brown Trout can be distributed elsewhere below Tippy Dam, where temperature, clarity, and presentation conditions can differ. This read uses a current river level, measured water temperature, and the hourly weather outlook.",Start with 5–9 PM. Keep this responsiveness outlook separate from abundance and migration stage.
2017-10-25,tapering,13,Inactive,54.86,4260,blown_out,1,14,13,13,13,05-09,Today’s lake-run Brown Trout activity outlook is inactive.,"Conditions provide little environmental support for an aggressive response. The strongest window is 5–9 AM: The measured water temperature is favorable for lake-run Brown Trout. The main limitation: The river level or its recent change is less favorable. Late migrants, spawning fish, and post-spawn lake-run Brown Trout can overlap. This score describes responsiveness for a fish already present without determining its migration outcome. The measured conditions represent the Wellston/Tippy tailwater in the Upper river. Migratory Brown Trout can be distributed elsewhere below Tippy Dam, where temperature, clarity, and presentation conditions can differ. This read uses a current river level, measured water temperature, and the hourly weather outlook.",Compare the four time windows as response conditions only. Surviving Brown Trout may hold in the river or return lakeward on individual schedules.
2020-10-28,tapering,79,Active,47.48,2490,high_fishable,11,79,72,74,83,17-21,Today’s lake-run Brown Trout activity outlook is active.,"Conditions favor a meaningful reaction opportunity. The strongest window is 5–9 PM: The measured water temperature is favorable for lake-run Brown Trout. The main limitation: Rain adds little extra cover. Late migrants, spawning fish, and post-spawn lake-run Brown Trout can overlap. This score describes responsiveness for a fish already present without determining its migration outcome. The measured conditions represent the Wellston/Tippy tailwater in the Upper river. Migratory Brown Trout can be distributed elsewhere below Tippy Dam, where temperature, clarity, and presentation conditions can differ. This read uses a current river level, measured water temperature, and the hourly weather outlook.",Compare the four time windows as response conditions only. Surviving Brown Trout may hold in the river or return lakeward on individual schedules.
2024-10-16,tapering,81,Highly active,56.3,1340,low,5,83,81,78,78,05-09,Today’s lake-run Brown Trout activity outlook is highly active.,"Conditions strongly favor a response from lake-run Brown Trout that are present and capable of reacting. The strongest window is 5–9 AM: The measured water temperature is favorable for lake-run Brown Trout. The main limitation: Rain adds little extra cover. Late migrants, spawning fish, and post-spawn lake-run Brown Trout can overlap. This score describes responsiveness for a fish already present without determining its migration outcome. The measured conditions represent the Wellston/Tippy tailwater in the Upper river. Migratory Brown Trout can be distributed elsewhere below Tippy Dam, where temperature, clarity, and presentation conditions can differ. This read uses a current river level, measured water temperature, and the hourly weather outlook.",Compare the four time windows as response conditions only. Surviving Brown Trout may hold in the river or return lakeward on individual schedules.
2008-10-31,tapering,83,Highly active,48.2,1800,ideal,7,84,78,79,85,17-21,Today’s lake-run Brown Trout activity outlook is highly active.,"Conditions strongly favor a response from lake-run Brown Trout that are present and capable of reacting. The strongest window is 5–9 PM: The measured water temperature is favorable for lake-run Brown Trout. The main limitation: Rain adds little extra cover. Late migrants, spawning fish, and post-spawn lake-run Brown Trout can overlap. This score describes responsiveness for a fish already present without determining its migration outcome. The measured conditions represent the Wellston/Tippy tailwater in the Upper river. Migratory Brown Trout can be distributed elsewhere below Tippy Dam, where temperature, clarity, and presentation conditions can differ. This read uses a current river level, measured water temperature, and the hourly weather outlook.",Compare the four time windows as response conditions only. Surviving Brown Trout may hold in the river or return lakeward on individual schedules.
2017-10-21,tapering,84,Highly active,57.56,1650,ideal,5,86,82,83,81,05-09,Today’s lake-run Brown Trout activity outlook is highly active.,"Conditions strongly favor a response from lake-run Brown Trout that are present and capable of reacting. The strongest window is 5–9 AM: The measured water temperature is favorable for lake-run Brown Trout. The main limitation: Rain adds little extra cover. Late migrants, spawning fish, and post-spawn lake-run Brown Trout can overlap. This score describes responsiveness for a fish already present without determining its migration outcome. The measured conditions represent the Wellston/Tippy tailwater in the Upper river. Migratory Brown Trout can be distributed elsewhere below Tippy Dam, where temperature, clarity, and presentation conditions can differ. This read uses a current river level, measured water temperature, and the hourly weather outlook.",Compare the four time windows as response conditions only. Surviving Brown Trout may hold in the river or return lakeward on individual schedules.
2008-10-23,tapering,86,Highly active,51.62,1520,ideal,12,86,79,79,91,17-21,Today’s lake-run Brown Trout activity outlook is highly active.,"Conditions strongly favor a response from lake-run Brown Trout that are present and capable of reacting. The strongest window is 5–9 PM: The measured water temperature is favorable for lake-run Brown Trout. The main limitation: Rain adds little extra cover. Late migrants, spawning fish, and post-spawn lake-run Brown Trout can overlap. This score describes responsiveness for a fish already present without determining its migration outcome. The measured conditions represent the Wellston/Tippy tailwater in the Upper river. Migratory Brown Trout can be distributed elsewhere below Tippy Dam, where temperature, clarity, and presentation conditions can differ. This read uses a current river level, measured water temperature, and the hourly weather outlook.",Compare the four time windows as response conditions only. Surviving Brown Trout may hold in the river or return lakeward on individual schedules.
2019-10-29,tapering,86,Highly active,48.56,2440,high_fishable,2,87,85,85,85,05-09,Today’s lake-run Brown Trout activity outlook is highly active.,"Conditions strongly favor a response from lake-run Brown Trout that are present and capable of reacting. The strongest window is 5–9 AM: The measured water temperature is favorable for lake-run Brown Trout. The main limitation: The river level or its recent change is less favorable. Late migrants, spawning fish, and post-spawn lake-run Brown Trout can overlap. This score describes responsiveness for a fish already present without determining its migration outcome. The measured conditions represent the Wellston/Tippy tailwater in the Upper river. Migratory Brown Trout can be distributed elsewhere below Tippy Dam, where temperature, clarity, and presentation conditions can differ. This read uses a current river level, measured water temperature, and the hourly weather outlook.",Compare the four time windows as response conditions only. Surviving Brown Trout may hold in the river or return lakeward on individual schedules.
2013-10-28,tapering,88,Highly active,49.82,1660,ideal,10,90,80,80,90,05-09,Today’s lake-run Brown Trout activity outlook is highly active.,"Conditions strongly favor a response from lake-run Brown Trout that are present and capable of reacting. The strongest window is 5–9 AM: The measured water temperature is favorable for lake-run Brown Trout. The main limitation: Rain adds little extra cover. Late migrants, spawning fish, and post-spawn lake-run Brown Trout can overlap. This score describes responsiveness for a fish already present without determining its migration outcome. The measured conditions represent the Wellston/Tippy tailwater in the Upper river. Migratory Brown Trout can be distributed elsewhere below Tippy Dam, where temperature, clarity, and presentation conditions can differ. This read uses a current river level, measured water temperature, and the hourly weather outlook.",Compare the four time windows as response conditions only. Surviving Brown Trout may hold in the river or return lakeward on individual schedules.
2014-10-16,tapering,88,Highly active,52.88,2160,high_fishable,0,88,88,88,88,05-09,Today’s lake-run Brown Trout activity outlook is highly active.,"Conditions strongly favor a response from lake-run Brown Trout that are present and capable of reacting. The strongest window is 5–9 AM: The measured water temperature is favorable for lake-run Brown Trout. The main limitation: Rain adds little extra cover. Late migrants, spawning fish, and post-spawn lake-run Brown Trout can overlap. This score describes responsiveness for a fish already present without determining its migration outcome. The measured conditions represent the Wellston/Tippy tailwater in the Upper river. Migratory Brown Trout can be distributed elsewhere below Tippy Dam, where temperature, clarity, and presentation conditions can differ. This read uses a current river level, measured water temperature, and the hourly weather outlook.",Compare the four time windows as response conditions only. Surviving Brown Trout may hold in the river or return lakeward on individual schedules.
2023-10-24,tapering,89,Highly active,52.88,1640,ideal,4,91,87,89,87,05-09,Today’s lake-run Brown Trout activity outlook is highly active.,"Conditions strongly favor a response from lake-run Brown Trout that are present and capable of reacting. The strongest window is 5–9 AM: The measured water temperature is favorable for lake-run Brown Trout. The main limitation: Rain adds little extra cover. Late migrants, spawning fish, and post-spawn lake-run Brown Trout can overlap. This score describes responsiveness for a fish already present without determining its migration outcome. The measured conditions represent the Wellston/Tippy tailwater in the Upper river. Migratory Brown Trout can be distributed elsewhere below Tippy Dam, where temperature, clarity, and presentation conditions can differ. This read uses a current river level, measured water temperature, and the hourly weather outlook.",Compare the four time windows as response conditions only. Surviving Brown Trout may hold in the river or return lakeward on individual schedules.
2013-10-20,tapering,90,Highly active,55.04,1650,ideal,6,86,85,91,91,13-17,Today’s lake-run Brown Trout activity outlook is highly active.,"Conditions strongly favor a response from lake-run Brown Trout that are present and capable of reacting. The strongest window is 1–5 PM: The measured water temperature is favorable for lake-run Brown Trout. The main limitation: Rain adds little extra cover. Late migrants, spawning fish, and post-spawn lake-run Brown Trout can overlap. This score describes responsiveness for a fish already present without determining its migration outcome. The measured conditions represent the Wellston/Tippy tailwater in the Upper river. Migratory Brown Trout can be distributed elsewhere below Tippy Dam, where temperature, clarity, and presentation conditions can differ. This read uses a current river level, measured water temperature, and the hourly weather outlook.",Compare the four time windows as response conditions only. Surviving Brown Trout may hold in the river or return lakeward on individual schedules.
2020-10-18,tapering,91,Highly active,51.98,1930,high_fishable,8,91,92,92,84,09-13,Today’s lake-run Brown Trout activity outlook is highly active.,"Conditions strongly favor a response from lake-run Brown Trout that are present and capable of reacting. The strongest window is 9 AM–1 PM: The measured water temperature is favorable for lake-run Brown Trout. The main limitation: Rain adds little extra cover. Late migrants, spawning fish, and post-spawn lake-run Brown Trout can overlap. This score describes responsiveness for a fish already present without determining its migration outcome. The measured conditions represent the Wellston/Tippy tailwater in the Upper river. Migratory Brown Trout can be distributed elsewhere below Tippy Dam, where temperature, clarity, and presentation conditions can differ. This read uses a current river level, measured water temperature, and the hourly weather outlook.",Compare the four time windows as response conditions only. Surviving Brown Trout may hold in the river or return lakeward on individual schedules.
2024-10-30,tapering,91,Highly active,53.24,1410,ideal,1,91,91,91,92,17-21,Today’s lake-run Brown Trout activity outlook is highly active.,"Conditions strongly favor a response from lake-run Brown Trout that are present and capable of reacting. The strongest window is 5–9 PM: The measured water temperature is favorable for lake-run Brown Trout. The main limitation: Rain adds little extra cover. Late migrants, spawning fish, and post-spawn lake-run Brown Trout can overlap. This score describes responsiveness for a fish already present without determining its migration outcome. The measured conditions represent the Wellston/Tippy tailwater in the Upper river. Migratory Brown Trout can be distributed elsewhere below Tippy Dam, where temperature, clarity, and presentation conditions can differ. This read uses a current river level, measured water temperature, and the hourly weather outlook.",Compare the four time windows as response conditions only. Surviving Brown Trout may hold in the river or return lakeward on individual schedules.
2019-10-22,tapering,93,Highly active,51.62,1870,ideal,6,88,94,93,94,09-13,Today’s lake-run Brown Trout activity outlook is highly active.,"Conditions strongly favor a response from lake-run Brown Trout that are present and capable of reacting. The strongest window is 9 AM–1 PM: The measured water temperature is favorable for lake-run Brown Trout. The main limitation: Rain adds little extra cover. Late migrants, spawning fish, and post-spawn lake-run Brown Trout can overlap. This score describes responsiveness for a fish already present without determining its migration outcome. The measured conditions represent the Wellston/Tippy tailwater in the Upper river. Migratory Brown Trout can be distributed elsewhere below Tippy Dam, where temperature, clarity, and presentation conditions can differ. This read uses a current river level, measured water temperature, and the hourly weather outlook.",Compare the four time windows as response conditions only. Surviving Brown Trout may hold in the river or return lakeward on individual schedules.
2023-10-25,tapering,95,Highly active,52.7,1630,ideal,3,96,94,93,93,05-09,Today’s lake-run Brown Trout activity outlook is highly active.,"Conditions strongly favor a response from lake-run Brown Trout that are present and capable of reacting. The strongest window is 5–9 AM: The measured water temperature is favorable for lake-run Brown Trout. The main limitation: Rain adds little extra cover. Late migrants, spawning fish, and post-spawn lake-run Brown Trout can overlap. This score describes responsiveness for a fish already present without determining its migration outcome. The measured conditions represent the Wellston/Tippy tailwater in the Upper river. Migratory Brown Trout can be distributed elsewhere below Tippy Dam, where temperature, clarity, and presentation conditions can differ. This read uses a current river level, measured water temperature, and the hourly weather outlook.",Compare the four time windows as response conditions only. Surviving Brown Trout may hold in the river or return lakeward on individual schedules.
2014-11-25,ending,10,Inactive,35.96,3740,blown_out,1,10,10,9,9,05-09,Today’s lake-run Brown Trout activity outlook is inactive.,"Conditions provide little environmental support for an aggressive response. The strongest window is 5–9 AM: Clouds or lower light make this window more favorable. The main limitation: The river level or its recent change is less favorable. Unlike Pacific salmon, lake-run Brown Trout are repeat spawners and can survive spawning. A surviving fish may hold in the river or return lakeward, and this score does not determine which path it follows. The measured conditions represent the Wellston/Tippy tailwater in the Upper river. Migratory Brown Trout can be distributed elsewhere below Tippy Dam, where temperature, clarity, and presentation conditions can differ. This read uses a current river level, measured water temperature, and the hourly weather outlook.",Compare the four time windows as response conditions only. Surviving Brown Trout may hold in the river or return lakeward on individual schedules.
2018-11-21,ending,71,Active,38.3,1640,ideal,0,71,71,71,71,05-09,Today’s lake-run Brown Trout activity outlook is active.,"Conditions favor a meaningful reaction opportunity. The strongest window is 5–9 AM: Clouds or lower light make this window more favorable. The main limitation: Water temperature limits responsiveness. Unlike Pacific salmon, lake-run Brown Trout are repeat spawners and can survive spawning. A surviving fish may hold in the river or return lakeward, and this score does not determine which path it follows. The measured conditions represent the Wellston/Tippy tailwater in the Upper river. Migratory Brown Trout can be distributed elsewhere below Tippy Dam, where temperature, clarity, and presentation conditions can differ. This read uses a current river level, measured water temperature, and the hourly weather outlook.",Compare the four time windows as response conditions only. Surviving Brown Trout may hold in the river or return lakeward on individual schedules.
2009-11-18,ending,78,Active,44.06,1690,ideal,8,79,74,73,81,17-21,Today’s lake-run Brown Trout activity outlook is active.,"Conditions favor a meaningful reaction opportunity. The strongest window is 5–9 PM: The measured water temperature is favorable for lake-run Brown Trout. The main limitation: Rain adds little extra cover. Unlike Pacific salmon, lake-run Brown Trout are repeat spawners and can survive spawning. A surviving fish may hold in the river or return lakeward, and this score does not determine which path it follows. The measured conditions represent the Wellston/Tippy tailwater in the Upper river. Migratory Brown Trout can be distributed elsewhere below Tippy Dam, where temperature, clarity, and presentation conditions can differ. This read uses a current river level, measured water temperature, and the hourly weather outlook.",Compare the four time windows as response conditions only. Surviving Brown Trout may hold in the river or return lakeward on individual schedules.
2023-11-23,ending,81,Highly active,43.16,1500,ideal,7,77,76,83,81,13-17,Today’s lake-run Brown Trout activity outlook is highly active.,"Conditions strongly favor a response from lake-run Brown Trout that are present and capable of reacting. The strongest window is 1–5 PM: The measured water temperature is favorable for lake-run Brown Trout. The main limitation: Rain adds little extra cover. Unlike Pacific salmon, lake-run Brown Trout are repeat spawners and can survive spawning. A surviving fish may hold in the river or return lakeward, and this score does not determine which path it follows. The measured conditions represent the Wellston/Tippy tailwater in the Upper river. Migratory Brown Trout can be distributed elsewhere below Tippy Dam, where temperature, clarity, and presentation conditions can differ. This read uses a current river level, measured water temperature, and the hourly weather outlook.",Compare the four time windows as response conditions only. Surviving Brown Trout may hold in the river or return lakeward on individual schedules.
2024-11-07,ending,84,Highly active,51.98,1610,ideal,8,86,79,78,85,05-09,Today’s lake-run Brown Trout activity outlook is highly active.,"Conditions strongly favor a response from lake-run Brown Trout that are present and capable of reacting. The strongest window is 5–9 AM: The measured water temperature is favorable for lake-run Brown Trout. The main limitation: Rain adds little extra cover. Unlike Pacific salmon, lake-run Brown Trout are repeat spawners and can survive spawning. A surviving fish may hold in the river or return lakeward, and this score does not determine which path it follows. The measured conditions represent the Wellston/Tippy tailwater in the Upper river. Migratory Brown Trout can be distributed elsewhere below Tippy Dam, where temperature, clarity, and presentation conditions can differ. This read uses a current river level, measured water temperature, and the hourly weather outlook.",Compare the four time windows as response conditions only. Surviving Brown Trout may hold in the river or return lakeward on individual schedules.
2012-11-10,ending,87,Highly active,45.14,1690,ideal,9,91,86,84,82,05-09,Today’s lake-run Brown Trout activity outlook is highly active.,"Conditions strongly favor a response from lake-run Brown Trout that are present and capable of reacting. The strongest window is 5–9 AM: The measured water temperature is favorable for lake-run Brown Trout. The main limitation: Rain adds little extra cover. Unlike Pacific salmon, lake-run Brown Trout are repeat spawners and can survive spawning. A surviving fish may hold in the river or return lakeward, and this score does not determine which path it follows. The measured conditions represent the Wellston/Tippy tailwater in the Upper river. Migratory Brown Trout can be distributed elsewhere below Tippy Dam, where temperature, clarity, and presentation conditions can differ. This read uses a current river level, measured water temperature, and the hourly weather outlook.",Compare the four time windows as response conditions only. Surviving Brown Trout may hold in the river or return lakeward on individual schedules.
2024-11-20,ending,89,Highly active,48.2,1370,low,2,88,88,90,88,13-17,Today’s lake-run Brown Trout activity outlook is highly active.,"Conditions strongly favor a response from lake-run Brown Trout that are present and capable of reacting. The strongest window is 1–5 PM: The measured water temperature is favorable for lake-run Brown Trout. The main limitation: Rain adds little extra cover. Unlike Pacific salmon, lake-run Brown Trout are repeat spawners and can survive spawning. A surviving fish may hold in the river or return lakeward, and this score does not determine which path it follows. The measured conditions represent the Wellston/Tippy tailwater in the Upper river. Migratory Brown Trout can be distributed elsewhere below Tippy Dam, where temperature, clarity, and presentation conditions can differ. This read uses a current river level, measured water temperature, and the hourly weather outlook.",Compare the four time windows as response conditions only. Surviving Brown Trout may hold in the river or return lakeward on individual schedules.
2007-11-08,ending,94,Highly active,47.48,1670,ideal,3,93,95,93,92,09-13,Today’s lake-run Brown Trout activity outlook is highly active.,"Conditions strongly favor a response from lake-run Brown Trout that are present and capable of reacting. The strongest window is 9 AM–1 PM: The measured water temperature is favorable for lake-run Brown Trout. The main limitation: Rain adds little extra cover. Unlike Pacific salmon, lake-run Brown Trout are repeat spawners and can survive spawning. A surviving fish may hold in the river or return lakeward, and this score does not determine which path it follows. The measured conditions represent the Wellston/Tippy tailwater in the Upper river. Migratory Brown Trout can be distributed elsewhere below Tippy Dam, where temperature, clarity, and presentation conditions can differ. This read uses a current river level, measured water temperature, and the hourly weather outlook.",Compare the four time windows as response conditions only. Surviving Brown Trout may hold in the river or return lakeward on individual schedules.
2014-12-01,post_run,52,Moderate,34.52,2570,very_high,3,52,52,53,50,13-17,Today’s lake-run Brown Trout activity outlook is moderate.,"Some useful factors are present, but the response window is mixed. The strongest window is 1–5 PM: Clouds or lower light make this window more favorable. The main limitation: Water temperature limits responsiveness. Unlike Pacific salmon, lake-run Brown Trout are repeat spawners and can survive spawning. A surviving fish may hold in the river or return lakeward, and this score does not determine which path it follows. The measured conditions represent the Wellston/Tippy tailwater in the Upper river. Migratory Brown Trout can be distributed elsewhere below Tippy Dam, where temperature, clarity, and presentation conditions can differ. This read uses a current river level, measured water temperature, and the hourly weather outlook.",Compare the four time windows as response conditions only. Surviving Brown Trout may hold in the river or return lakeward on individual schedules.
2017-12-01,post_run,65,Active,38.48,2010,high_fishable,12,64,56,66,68,17-21,Today’s lake-run Brown Trout activity outlook is active.,"Conditions favor a meaningful reaction opportunity. The strongest window is 5–9 PM: Clouds or lower light make this window more favorable. The main limitation: Water temperature limits responsiveness. Unlike Pacific salmon, lake-run Brown Trout are repeat spawners and can survive spawning. A surviving fish may hold in the river or return lakeward, and this score does not determine which path it follows. The measured conditions represent the Wellston/Tippy tailwater in the Upper river. Migratory Brown Trout can be distributed elsewhere below Tippy Dam, where temperature, clarity, and presentation conditions can differ. This read uses a current river level, measured water temperature, and the hourly weather outlook.",Compare the four time windows as response conditions only. Surviving Brown Trout may hold in the river or return lakeward on individual schedules.
2020-12-01,post_run,71,Active,40.28,2060,high_fishable,10,73,73,63,66,05-09,Today’s lake-run Brown Trout activity outlook is active.,"Conditions favor a meaningful reaction opportunity. The strongest window is 5–9 AM: Clouds or lower light make this window more favorable. The main limitation: Rain adds little extra cover. Unlike Pacific salmon, lake-run Brown Trout are repeat spawners and can survive spawning. A surviving fish may hold in the river or return lakeward, and this score does not determine which path it follows. The measured conditions represent the Wellston/Tippy tailwater in the Upper river. Migratory Brown Trout can be distributed elsewhere below Tippy Dam, where temperature, clarity, and presentation conditions can differ. This read uses a current river level, measured water temperature, and the hourly weather outlook.",Compare the four time windows as response conditions only. Surviving Brown Trout may hold in the river or return lakeward on individual schedules.
2008-12-01,post_run,72,Active,37.58,1770,ideal,1,71,71,72,72,13-17,Today’s lake-run Brown Trout activity outlook is active.,"Conditions favor a meaningful reaction opportunity. The strongest window is 1–5 PM: Clouds or lower light make this window more favorable. The main limitation: Water temperature limits responsiveness. Unlike Pacific salmon, lake-run Brown Trout are repeat spawners and can survive spawning. A surviving fish may hold in the river or return lakeward, and this score does not determine which path it follows. The measured conditions represent the Wellston/Tippy tailwater in the Upper river. Migratory Brown Trout can be distributed elsewhere below Tippy Dam, where temperature, clarity, and presentation conditions can differ. This read uses a current river level, measured water temperature, and the hourly weather outlook.",Compare the four time windows as response conditions only. Surviving Brown Trout may hold in the river or return lakeward on individual schedules.
2009-12-01,post_run,74,Active,42.44,1940,high_fishable,9,74,69,70,78,17-21,Today’s lake-run Brown Trout activity outlook is active.,"Conditions favor a meaningful reaction opportunity. The strongest window is 5–9 PM: The measured water temperature is favorable for lake-run Brown Trout. The main limitation: Rain adds little extra cover. Unlike Pacific salmon, lake-run Brown Trout are repeat spawners and can survive spawning. A surviving fish may hold in the river or return lakeward, and this score does not determine which path it follows. The measured conditions represent the Wellston/Tippy tailwater in the Upper river. Migratory Brown Trout can be distributed elsewhere below Tippy Dam, where temperature, clarity, and presentation conditions can differ. This read uses a current river level, measured water temperature, and the hourly weather outlook.",Compare the four time windows as response conditions only. Surviving Brown Trout may hold in the river or return lakeward on individual schedules.
2012-12-01,post_run,76,Active,39.74,1630,ideal,2,75,75,75,77,17-21,Today’s lake-run Brown Trout activity outlook is active.,"Conditions favor a meaningful reaction opportunity. The strongest window is 5–9 PM: Clouds or lower light make this window more favorable. The main limitation: Rain adds little extra cover. Unlike Pacific salmon, lake-run Brown Trout are repeat spawners and can survive spawning. A surviving fish may hold in the river or return lakeward, and this score does not determine which path it follows. The measured conditions represent the Wellston/Tippy tailwater in the Upper river. Migratory Brown Trout can be distributed elsewhere below Tippy Dam, where temperature, clarity, and presentation conditions can differ. This read uses a current river level, measured water temperature, and the hourly weather outlook.",Compare the four time windows as response conditions only. Surviving Brown Trout may hold in the river or return lakeward on individual schedules.
2024-12-01,post_run,84,Highly active,42.8,1420,ideal,3,85,82,83,84,05-09,Today’s lake-run Brown Trout activity outlook is highly active.,"Conditions strongly favor a response from lake-run Brown Trout that are present and capable of reacting. The strongest window is 5–9 AM: The measured water temperature is favorable for lake-run Brown Trout. The main limitation: Rain adds little extra cover. Unlike Pacific salmon, lake-run Brown Trout are repeat spawners and can survive spawning. A surviving fish may hold in the river or return lakeward, and this score does not determine which path it follows. The measured conditions represent the Wellston/Tippy tailwater in the Upper river. Migratory Brown Trout can be distributed elsewhere below Tippy Dam, where temperature, clarity, and presentation conditions can differ. This read uses a current river level, measured water temperature, and the hourly weather outlook.",Compare the four time windows as response conditions only. Surviving Brown Trout may hold in the river or return lakeward on individual schedules.
