date,stage,daily_score,daily_label,temp_f,flow_cfs,flow_band,spread,05_09,09_13,13_17,17_21,best_block,headline,detail,tip
2025-09-19,pre_run,6,Inactive,72.32,1080,very_low,3,6,5,4,7,17-21,Today’s Steelhead activity outlook is inactive.,"Conditions provide little environmental support for an aggressive response. The strongest window is 5–9 PM: Clouds or lower light make this window more favorable. The main limitation: Water temperature limits responsiveness. Dependable river presence has not begun. The score applies only to a sparse early Steelhead that may already have entered. Measured river conditions describe the St. Joseph mainstem at Niles. Water temperature, clarity, hydraulic shape, access, and fishing conditions can differ in the harbor and lower Michigan river, at individual dam tailwaters, and through South Bend, Mishawaka, and the Twin Branch reach. This read uses a current river level, measured water temperature, and the hourly weather outlook.","Start with 5–9 PM. If conditions change, favor the window that best combines workable light with measured water temperature. Apply this response window at Niles; verify temperature, clarity, flow shape, and legal access again before carrying it to another St. Joseph section."
2012-09-14,pre_run,7,Inactive,70.7,1370,low,3,8,6,5,6,05-09,Today’s Steelhead activity outlook is inactive.,"Conditions provide little environmental support for an aggressive response. The strongest window is 5–9 AM: Clouds or lower light make this window more favorable. The main limitation: Water temperature limits responsiveness. Dependable river presence has not begun. The score applies only to a sparse early Steelhead that may already have entered. Measured river conditions describe the St. Joseph mainstem at Niles. Water temperature, clarity, hydraulic shape, access, and fishing conditions can differ in the harbor and lower Michigan river, at individual dam tailwaters, and through South Bend, Mishawaka, and the Twin Branch reach. This read uses a current river level, measured water temperature, and the hourly weather outlook.","Start with 5–9 AM. If conditions change, favor the window that best combines workable light with measured water temperature. Apply this response window at Niles; verify temperature, clarity, flow shape, and legal access again before carrying it to another St. Joseph section."
2021-09-12,pre_run,7,Inactive,72.68,2090,ideal,2,8,7,6,7,05-09,Today’s Steelhead activity outlook is inactive.,"Conditions provide little environmental support for an aggressive response. The strongest window is 5–9 AM: Clouds or lower light make this window more favorable. The main limitation: Water temperature limits responsiveness. Dependable river presence has not begun. The score applies only to a sparse early Steelhead that may already have entered. Measured river conditions describe the St. Joseph mainstem at Niles. Water temperature, clarity, hydraulic shape, access, and fishing conditions can differ in the harbor and lower Michigan river, at individual dam tailwaters, and through South Bend, Mishawaka, and the Twin Branch reach. This read uses a current river level, measured water temperature, and the hourly weather outlook.","Start with 5–9 AM. If conditions change, favor the window that best combines workable light with measured water temperature. Apply this response window at Niles; verify temperature, clarity, flow shape, and legal access again before carrying it to another St. Joseph section."
2016-09-11,pre_run,7,Inactive,73.4,4140,high_fishable,1,7,6,7,7,05-09,Today’s Steelhead activity outlook is inactive.,"Conditions provide little environmental support for an aggressive response. The strongest window is 5–9 AM: Clouds or lower light make this window more favorable. The main limitation: Water temperature limits responsiveness. Dependable river presence has not begun. The score applies only to a sparse early Steelhead that may already have entered. Measured river conditions describe the St. Joseph mainstem at Niles. Water temperature, clarity, hydraulic shape, access, and fishing conditions can differ in the harbor and lower Michigan river, at individual dam tailwaters, and through South Bend, Mishawaka, and the Twin Branch reach. This read uses a current river level, measured water temperature, and the hourly weather outlook.","Start with 5–9 AM. If conditions change, favor the window that best combines workable light with measured water temperature. Apply this response window at Niles; verify temperature, clarity, flow shape, and legal access again before carrying it to another St. Joseph section."
2025-09-20,pre_run,7,Inactive,72.68,1200,very_low,1,7,7,8,7,13-17,Today’s Steelhead activity outlook is inactive.,"Conditions provide little environmental support for an aggressive response. The strongest window is 1–5 PM: Clouds or lower light make this window more favorable. The main limitation: Water temperature limits responsiveness. Dependable river presence has not begun. The score applies only to a sparse early Steelhead that may already have entered. Measured river conditions describe the St. Joseph mainstem at Niles. Water temperature, clarity, hydraulic shape, access, and fishing conditions can differ in the harbor and lower Michigan river, at individual dam tailwaters, and through South Bend, Mishawaka, and the Twin Branch reach. This read uses a current river level, measured water temperature, and the hourly weather outlook.","Start with 1–5 PM. If conditions change, favor the window that best combines workable light with measured water temperature. Apply this response window at Niles; verify temperature, clarity, flow shape, and legal access again before carrying it to another St. Joseph section."
2018-09-20,pre_run,8,Inactive,74.66,2620,ideal,2,8,9,7,8,09-13,Today’s Steelhead activity outlook is inactive.,"Conditions provide little environmental support for an aggressive response. The strongest window is 9 AM–1 PM: Clouds or lower light make this window more favorable. The main limitation: Water temperature limits responsiveness. Dependable river presence has not begun. The score applies only to a sparse early Steelhead that may already have entered. Measured river conditions describe the St. Joseph mainstem at Niles. Water temperature, clarity, hydraulic shape, access, and fishing conditions can differ in the harbor and lower Michigan river, at individual dam tailwaters, and through South Bend, Mishawaka, and the Twin Branch reach. This read uses a current river level, measured water temperature, and the hourly weather outlook.","Start with 9 AM–1 PM. If conditions change, favor the window that best combines workable light with measured water temperature. Apply this response window at Niles; verify temperature, clarity, flow shape, and legal access again before carrying it to another St. Joseph section."
2014-09-10,pre_run,8,Inactive,72.14,2450,ideal,1,9,8,8,8,05-09,Today’s Steelhead activity outlook is inactive.,"Conditions provide little environmental support for an aggressive response. The strongest window is 5–9 AM: Clouds or lower light make this window more favorable. The main limitation: Water temperature limits responsiveness. Dependable river presence has not begun. The score applies only to a sparse early Steelhead that may already have entered. Measured river conditions describe the St. Joseph mainstem at Niles. Water temperature, clarity, hydraulic shape, access, and fishing conditions can differ in the harbor and lower Michigan river, at individual dam tailwaters, and through South Bend, Mishawaka, and the Twin Branch reach. This read uses a current river level, measured water temperature, and the hourly weather outlook.","Start with 5–9 AM. If conditions change, favor the window that best combines workable light with measured water temperature. Apply this response window at Niles; verify temperature, clarity, flow shape, and legal access again before carrying it to another St. Joseph section."
2025-09-22,pre_run,8,Inactive,72.68,1610,low,1,8,8,8,7,05-09,Today’s Steelhead activity outlook is inactive.,"Conditions provide little environmental support for an aggressive response. The strongest window is 5–9 AM: Clouds or lower light make this window more favorable. The main limitation: Water temperature limits responsiveness. Dependable river presence has not begun. The score applies only to a sparse early Steelhead that may already have entered. Measured river conditions describe the St. Joseph mainstem at Niles. Water temperature, clarity, hydraulic shape, access, and fishing conditions can differ in the harbor and lower Michigan river, at individual dam tailwaters, and through South Bend, Mishawaka, and the Twin Branch reach. This read uses a current river level, measured water temperature, and the hourly weather outlook.","Start with 5–9 AM. If conditions change, favor the window that best combines workable light with measured water temperature. Apply this response window at Niles; verify temperature, clarity, flow shape, and legal access again before carrying it to another St. Joseph section."
2015-09-18,pre_run,9,Inactive,69.08,2210,ideal,1,9,8,9,9,05-09,Today’s Steelhead activity outlook is inactive.,"Conditions provide little environmental support for an aggressive response. The strongest window is 5–9 AM: Clouds or lower light make this window more favorable. The main limitation: Water temperature limits responsiveness. Dependable river presence has not begun. The score applies only to a sparse early Steelhead that may already have entered. Measured river conditions describe the St. Joseph mainstem at Niles. Water temperature, clarity, hydraulic shape, access, and fishing conditions can differ in the harbor and lower Michigan river, at individual dam tailwaters, and through South Bend, Mishawaka, and the Twin Branch reach. This read uses a current river level, measured water temperature, and the hourly weather outlook.","Start with 5–9 AM. If conditions change, favor the window that best combines workable light with measured water temperature. Apply this response window at Niles; verify temperature, clarity, flow shape, and legal access again before carrying it to another St. Joseph section."
2022-09-11,pre_run,9,Inactive,73.58,1960,ideal,1,9,8,9,8,05-09,Today’s Steelhead activity outlook is inactive.,"Conditions provide little environmental support for an aggressive response. The strongest window is 5–9 AM: Clouds or lower light make this window more favorable. The main limitation: Water temperature limits responsiveness. Dependable river presence has not begun. The score applies only to a sparse early Steelhead that may already have entered. Measured river conditions describe the St. Joseph mainstem at Niles. Water temperature, clarity, hydraulic shape, access, and fishing conditions can differ in the harbor and lower Michigan river, at individual dam tailwaters, and through South Bend, Mishawaka, and the Twin Branch reach. This read uses a current river level, measured water temperature, and the hourly weather outlook.","Start with 5–9 AM. If conditions change, favor the window that best combines workable light with measured water temperature. Apply this response window at Niles; verify temperature, clarity, flow shape, and legal access again before carrying it to another St. Joseph section."
2017-09-15,pre_run,13,Inactive,67.64,1350,low,3,14,12,11,14,05-09,Today’s Steelhead activity outlook is inactive.,"Conditions provide little environmental support for an aggressive response. The strongest window is 5–9 AM: Clouds or lower light make this window more favorable. The main limitation: Water temperature limits responsiveness. Dependable river presence has not begun. The score applies only to a sparse early Steelhead that may already have entered. Measured river conditions describe the St. Joseph mainstem at Niles. Water temperature, clarity, hydraulic shape, access, and fishing conditions can differ in the harbor and lower Michigan river, at individual dam tailwaters, and through South Bend, Mishawaka, and the Twin Branch reach. This read uses a current river level, measured water temperature, and the hourly weather outlook.","Start with 5–9 AM. If conditions change, favor the window that best combines workable light with measured water temperature. Apply this response window at Niles; verify temperature, clarity, flow shape, and legal access again before carrying it to another St. Joseph section."
2023-09-18,pre_run,16,Inactive,66.56,1690,low,2,16,14,14,16,05-09,Today’s Steelhead activity outlook is inactive.,"Conditions provide little environmental support for an aggressive response. The strongest window is 5–9 AM: Clouds or lower light make this window more favorable. The main limitation: Water temperature limits responsiveness. Dependable river presence has not begun. The score applies only to a sparse early Steelhead that may already have entered. Measured river conditions describe the St. Joseph mainstem at Niles. Water temperature, clarity, hydraulic shape, access, and fishing conditions can differ in the harbor and lower Michigan river, at individual dam tailwaters, and through South Bend, Mishawaka, and the Twin Branch reach. This read uses a current river level, measured water temperature, and the hourly weather outlook.","Start with 5–9 AM. If conditions change, favor the window that best combines workable light with measured water temperature. Apply this response window at Niles; verify temperature, clarity, flow shape, and legal access again before carrying it to another St. Joseph section."
2021-09-24,pre_run,18,Inactive,66.2,3040,ideal,2,18,16,18,18,05-09,Today’s Steelhead activity outlook is inactive.,"Conditions provide little environmental support for an aggressive response. The strongest window is 5–9 AM: Clouds or lower light make this window more favorable. The main limitation: Water temperature limits responsiveness. Dependable river presence has not begun. The score applies only to a sparse early Steelhead that may already have entered. Measured river conditions describe the St. Joseph mainstem at Niles. Water temperature, clarity, hydraulic shape, access, and fishing conditions can differ in the harbor and lower Michigan river, at individual dam tailwaters, and through South Bend, Mishawaka, and the Twin Branch reach. This read uses a current river level, measured water temperature, and the hourly weather outlook.","Start with 5–9 AM. If conditions change, favor the window that best combines workable light with measured water temperature. Apply this response window at Niles; verify temperature, clarity, flow shape, and legal access again before carrying it to another St. Joseph section."
2014-09-14,pre_run,21,Reserved,64.4,2450,ideal,2,21,19,21,20,05-09,Today’s Steelhead activity outlook is reserved.,"Fish may respond selectively, with important environmental limitations. The strongest window is 5–9 AM: Clouds or lower light make this window more favorable. The main limitation: Water temperature limits responsiveness. Dependable river presence has not begun. The score applies only to a sparse early Steelhead that may already have entered. Measured river conditions describe the St. Joseph mainstem at Niles. Water temperature, clarity, hydraulic shape, access, and fishing conditions can differ in the harbor and lower Michigan river, at individual dam tailwaters, and through South Bend, Mishawaka, and the Twin Branch reach. This read uses a current river level, measured water temperature, and the hourly weather outlook.","Start with 5–9 AM. If conditions change, favor the window that best combines workable light with measured water temperature. Apply this response window at Niles; verify temperature, clarity, flow shape, and legal access again before carrying it to another St. Joseph section."
2014-09-15,pre_run,68,Active,63.14,2360,ideal,8,62,70,68,67,09-13,Today’s Steelhead activity outlook is active.,"Conditions favor a meaningful reaction opportunity. The strongest window is 9 AM–1 PM: Clouds or lower light make this window more favorable. The main limitation: Water temperature limits responsiveness. Dependable river presence has not begun. The score applies only to a sparse early Steelhead that may already have entered. Measured river conditions describe the St. Joseph mainstem at Niles. Water temperature, clarity, hydraulic shape, access, and fishing conditions can differ in the harbor and lower Michigan river, at individual dam tailwaters, and through South Bend, Mishawaka, and the Twin Branch reach. This read uses a current river level, measured water temperature, and the hourly weather outlook.","Start with 9 AM–1 PM. If conditions change, favor the window that best combines workable light with measured water temperature. Apply this response window at Niles; verify temperature, clarity, flow shape, and legal access again before carrying it to another St. Joseph section."
2017-09-26,beginning,6,Inactive,75.02,1410,low,2,6,6,5,7,17-21,Today’s Steelhead activity outlook is inactive.,"Conditions provide little environmental support for an aggressive response. The strongest window is 5–9 PM: Clouds or lower light make this window more favorable. The main limitation: Water temperature limits responsiveness. Early fall Steelhead are entering with energy reserves intact. This score describes feeding or aggressive responsiveness for fish already in the river, not fresh movement. Measured river conditions describe the St. Joseph mainstem at Niles. Water temperature, clarity, hydraulic shape, access, and fishing conditions can differ in the harbor and lower Michigan river, at individual dam tailwaters, and through South Bend, Mishawaka, and the Twin Branch reach. This read uses a current river level, measured water temperature, and the hourly weather outlook.","Start with 5–9 PM. If conditions change, favor the window that best combines workable light with measured water temperature. Apply this response window at Niles; verify temperature, clarity, flow shape, and legal access again before carrying it to another St. Joseph section."
2023-09-26,beginning,7,Inactive,68.54,1450,low,1,7,8,7,7,09-13,Today’s Steelhead activity outlook is inactive.,"Conditions provide little environmental support for an aggressive response. The strongest window is 9 AM–1 PM: Clouds or lower light make this window more favorable. The main limitation: Water temperature limits responsiveness. Early fall Steelhead are entering with energy reserves intact. This score describes feeding or aggressive responsiveness for fish already in the river, not fresh movement. Measured river conditions describe the St. Joseph mainstem at Niles. Water temperature, clarity, hydraulic shape, access, and fishing conditions can differ in the harbor and lower Michigan river, at individual dam tailwaters, and through South Bend, Mishawaka, and the Twin Branch reach. This read uses a current river level, measured water temperature, and the hourly weather outlook.","Start with 9 AM–1 PM. If conditions change, favor the window that best combines workable light with measured water temperature. Apply this response window at Niles; verify temperature, clarity, flow shape, and legal access again before carrying it to another St. Joseph section."
2024-09-26,beginning,9,Inactive,69.08,2230,ideal,2,9,7,7,9,05-09,Today’s Steelhead activity outlook is inactive.,"Conditions provide little environmental support for an aggressive response. The strongest window is 5–9 AM: Clouds or lower light make this window more favorable. The main limitation: Water temperature limits responsiveness. Early fall Steelhead are entering with energy reserves intact. This score describes feeding or aggressive responsiveness for fish already in the river, not fresh movement. Measured river conditions describe the St. Joseph mainstem at Niles. Water temperature, clarity, hydraulic shape, access, and fishing conditions can differ in the harbor and lower Michigan river, at individual dam tailwaters, and through South Bend, Mishawaka, and the Twin Branch reach. This read uses a current river level, measured water temperature, and the hourly weather outlook.","Start with 5–9 AM. If conditions change, favor the window that best combines workable light with measured water temperature. Apply this response window at Niles; verify temperature, clarity, flow shape, and legal access again before carrying it to another St. Joseph section."
2021-10-09,beginning,16,Inactive,67.1,3740,high_fishable,1,16,15,15,16,05-09,Today’s Steelhead activity outlook is inactive.,"Conditions provide little environmental support for an aggressive response. The strongest window is 5–9 AM: Clouds or lower light make this window more favorable. The main limitation: Water temperature limits responsiveness. Early fall Steelhead are entering with energy reserves intact. This score describes feeding or aggressive responsiveness for fish already in the river, not fresh movement. Measured river conditions describe the St. Joseph mainstem at Niles. Water temperature, clarity, hydraulic shape, access, and fishing conditions can differ in the harbor and lower Michigan river, at individual dam tailwaters, and through South Bend, Mishawaka, and the Twin Branch reach. This read uses a current river level, measured water temperature, and the hourly weather outlook.","Start with 5–9 AM. If conditions change, favor the window that best combines workable light with measured water temperature. Apply this response window at Niles; verify temperature, clarity, flow shape, and legal access again before carrying it to another St. Joseph section."
2023-09-28,beginning,17,Inactive,67.1,1650,low,3,18,15,15,17,05-09,Today’s Steelhead activity outlook is inactive.,"Conditions provide little environmental support for an aggressive response. The strongest window is 5–9 AM: Clouds or lower light make this window more favorable. The main limitation: Water temperature limits responsiveness. Early fall Steelhead are entering with energy reserves intact. This score describes feeding or aggressive responsiveness for fish already in the river, not fresh movement. Measured river conditions describe the St. Joseph mainstem at Niles. Water temperature, clarity, hydraulic shape, access, and fishing conditions can differ in the harbor and lower Michigan river, at individual dam tailwaters, and through South Bend, Mishawaka, and the Twin Branch reach. This read uses a current river level, measured water temperature, and the hourly weather outlook.","Start with 5–9 AM. If conditions change, favor the window that best combines workable light with measured water temperature. Apply this response window at Niles; verify temperature, clarity, flow shape, and legal access again before carrying it to another St. Joseph section."
2021-09-28,beginning,18,Inactive,64.76,3620,high_fishable,2,18,16,16,18,05-09,Today’s Steelhead activity outlook is inactive.,"Conditions provide little environmental support for an aggressive response. The strongest window is 5–9 AM: Clouds or lower light make this window more favorable. The main limitation: Water temperature limits responsiveness. Early fall Steelhead are entering with energy reserves intact. This score describes feeding or aggressive responsiveness for fish already in the river, not fresh movement. Measured river conditions describe the St. Joseph mainstem at Niles. Water temperature, clarity, hydraulic shape, access, and fishing conditions can differ in the harbor and lower Michigan river, at individual dam tailwaters, and through South Bend, Mishawaka, and the Twin Branch reach. This read uses a current river level, measured water temperature, and the hourly weather outlook.","Start with 5–9 AM. If conditions change, favor the window that best combines workable light with measured water temperature. Apply this response window at Niles; verify temperature, clarity, flow shape, and legal access again before carrying it to another St. Joseph section."
2021-09-27,beginning,19,Inactive,64.04,3910,high_fishable,3,20,18,17,19,05-09,Today’s Steelhead activity outlook is inactive.,"Conditions provide little environmental support for an aggressive response. The strongest window is 5–9 AM: Clouds or lower light make this window more favorable. The main limitation: Water temperature limits responsiveness. Early fall Steelhead are entering with energy reserves intact. This score describes feeding or aggressive responsiveness for fish already in the river, not fresh movement. Measured river conditions describe the St. Joseph mainstem at Niles. Water temperature, clarity, hydraulic shape, access, and fishing conditions can differ in the harbor and lower Michigan river, at individual dam tailwaters, and through South Bend, Mishawaka, and the Twin Branch reach. This read uses a current river level, measured water temperature, and the hourly weather outlook.","Start with 5–9 AM. If conditions change, favor the window that best combines workable light with measured water temperature. Apply this response window at Niles; verify temperature, clarity, flow shape, and legal access again before carrying it to another St. Joseph section."
2013-10-01,beginning,20,Reserved,65.12,1580,low,2,18,20,20,18,09-13,Today’s Steelhead activity outlook is reserved.,"Fish may respond selectively, with important environmental limitations. The strongest window is 9 AM–1 PM: Clouds or lower light make this window more favorable. The main limitation: Water temperature limits responsiveness. Early fall Steelhead are entering with energy reserves intact. This score describes feeding or aggressive responsiveness for fish already in the river, not fresh movement. Measured river conditions describe the St. Joseph mainstem at Niles. Water temperature, clarity, hydraulic shape, access, and fishing conditions can differ in the harbor and lower Michigan river, at individual dam tailwaters, and through South Bend, Mishawaka, and the Twin Branch reach. This read uses a current river level, measured water temperature, and the hourly weather outlook.","Start with 9 AM–1 PM. If conditions change, favor the window that best combines workable light with measured water temperature. Apply this response window at Niles; verify temperature, clarity, flow shape, and legal access again before carrying it to another St. Joseph section."
2023-10-07,beginning,21,Reserved,64.22,2070,ideal,2,22,20,20,20,05-09,Today’s Steelhead activity outlook is reserved.,"Fish may respond selectively, with important environmental limitations. The strongest window is 5–9 AM: Clouds or lower light make this window more favorable. The main limitation: Water temperature limits responsiveness. Early fall Steelhead are entering with energy reserves intact. This score describes feeding or aggressive responsiveness for fish already in the river, not fresh movement. Measured river conditions describe the St. Joseph mainstem at Niles. Water temperature, clarity, hydraulic shape, access, and fishing conditions can differ in the harbor and lower Michigan river, at individual dam tailwaters, and through South Bend, Mishawaka, and the Twin Branch reach. This read uses a current river level, measured water temperature, and the hourly weather outlook.","Start with 5–9 AM. If conditions change, favor the window that best combines workable light with measured water temperature. Apply this response window at Niles; verify temperature, clarity, flow shape, and legal access again before carrying it to another St. Joseph section."
2012-10-04,beginning,54,Moderate,62.06,1210,very_low,10,55,47,47,57,17-21,Today’s Steelhead activity outlook is moderate.,"Some useful factors are present, but the response window is mixed. The strongest window is 5–9 PM: Clouds or lower light make this window more favorable. The main limitation: The river level or its recent change is less favorable. Early fall Steelhead are entering with energy reserves intact. This score describes feeding or aggressive responsiveness for fish already in the river, not fresh movement. Measured river conditions describe the St. Joseph mainstem at Niles. Water temperature, clarity, hydraulic shape, access, and fishing conditions can differ in the harbor and lower Michigan river, at individual dam tailwaters, and through South Bend, Mishawaka, and the Twin Branch reach. This read uses a current river level, measured water temperature, and the hourly weather outlook.","Start with 5–9 PM. If conditions change, favor the window that best combines workable light with measured water temperature. Apply this response window at Niles; verify temperature, clarity, flow shape, and legal access again before carrying it to another St. Joseph section."
2016-10-04,beginning,60,Active,63.5,3060,ideal,8,61,55,55,63,17-21,Today’s Steelhead activity outlook is active.,"Conditions favor a meaningful reaction opportunity. The strongest window is 5–9 PM: Clouds or lower light make this window more favorable. The main limitation: Water temperature limits responsiveness. Early fall Steelhead are entering with energy reserves intact. This score describes feeding or aggressive responsiveness for fish already in the river, not fresh movement. Measured river conditions describe the St. Joseph mainstem at Niles. Water temperature, clarity, hydraulic shape, access, and fishing conditions can differ in the harbor and lower Michigan river, at individual dam tailwaters, and through South Bend, Mishawaka, and the Twin Branch reach. This read uses a current river level, measured water temperature, and the hourly weather outlook.","Start with 5–9 PM. If conditions change, favor the window that best combines workable light with measured water temperature. Apply this response window at Niles; verify temperature, clarity, flow shape, and legal access again before carrying it to another St. Joseph section."
2018-09-30,beginning,63,Active,63.5,2780,ideal,5,63,59,64,63,13-17,Today’s Steelhead activity outlook is active.,"Conditions favor a meaningful reaction opportunity. The strongest window is 1–5 PM: Clouds or lower light make this window more favorable. The main limitation: Water temperature limits responsiveness. Early fall Steelhead are entering with energy reserves intact. This score describes feeding or aggressive responsiveness for fish already in the river, not fresh movement. Measured river conditions describe the St. Joseph mainstem at Niles. Water temperature, clarity, hydraulic shape, access, and fishing conditions can differ in the harbor and lower Michigan river, at individual dam tailwaters, and through South Bend, Mishawaka, and the Twin Branch reach. This read uses a current river level, measured water temperature, and the hourly weather outlook.","Start with 1–5 PM. If conditions change, favor the window that best combines workable light with measured water temperature. Apply this response window at Niles; verify temperature, clarity, flow shape, and legal access again before carrying it to another St. Joseph section."
2015-10-08,beginning,68,Active,59.18,1800,ideal,8,69,63,64,71,17-21,Today’s Steelhead activity outlook is active.,"Conditions favor a meaningful reaction opportunity. The strongest window is 5–9 PM: Clouds or lower light make this window more favorable. The main limitation: Rain adds little extra cover. Early fall Steelhead are entering with energy reserves intact. This score describes feeding or aggressive responsiveness for fish already in the river, not fresh movement. Measured river conditions describe the St. Joseph mainstem at Niles. Water temperature, clarity, hydraulic shape, access, and fishing conditions can differ in the harbor and lower Michigan river, at individual dam tailwaters, and through South Bend, Mishawaka, and the Twin Branch reach. This read uses a current river level, measured water temperature, and the hourly weather outlook.","Start with 5–9 PM. If conditions change, favor the window that best combines workable light with measured water temperature. Apply this response window at Niles; verify temperature, clarity, flow shape, and legal access again before carrying it to another St. Joseph section."
2012-10-10,beginning,74,Active,55.4,1260,very_low,3,75,72,72,74,05-09,Today’s Steelhead activity outlook is active.,"Conditions favor a meaningful reaction opportunity. The strongest window is 5–9 AM: The measured water temperature is favorable for Steelhead. The main limitation: The river level or its recent change is less favorable. Early fall Steelhead are entering with energy reserves intact. This score describes feeding or aggressive responsiveness for fish already in the river, not fresh movement. Measured river conditions describe the St. Joseph mainstem at Niles. Water temperature, clarity, hydraulic shape, access, and fishing conditions can differ in the harbor and lower Michigan river, at individual dam tailwaters, and through South Bend, Mishawaka, and the Twin Branch reach. This read uses a current river level, measured water temperature, and the hourly weather outlook.","Start with 5–9 AM. If conditions change, favor the window that best combines workable light with measured water temperature. Apply this response window at Niles; verify temperature, clarity, flow shape, and legal access again before carrying it to another St. Joseph section."
2014-10-10,beginning,86,Highly active,55.76,2680,ideal,0,86,86,86,86,05-09,Today’s Steelhead activity outlook is highly active.,"Conditions strongly favor a response from Steelhead that are present and capable of reacting. The strongest window is 5–9 AM: The measured water temperature is favorable for Steelhead. The main limitation: Rain adds little extra cover. Early fall Steelhead are entering with energy reserves intact. This score describes feeding or aggressive responsiveness for fish already in the river, not fresh movement. Measured river conditions describe the St. Joseph mainstem at Niles. Water temperature, clarity, hydraulic shape, access, and fishing conditions can differ in the harbor and lower Michigan river, at individual dam tailwaters, and through South Bend, Mishawaka, and the Twin Branch reach. This read uses a current river level, measured water temperature, and the hourly weather outlook.","Start with 5–9 AM. If conditions change, favor the window that best combines workable light with measured water temperature. Apply this response window at Niles; verify temperature, clarity, flow shape, and legal access again before carrying it to another St. Joseph section."
2021-10-12,building,8,Inactive,68,4890,high_fishable,1,8,8,8,7,05-09,Today’s Steelhead activity outlook is inactive.,"Conditions provide little environmental support for an aggressive response. The strongest window is 5–9 AM: Clouds or lower light make this window more favorable. The main limitation: Water temperature limits responsiveness. Steelhead are becoming more established through the river. The score describes feeding or aggressive responsiveness, while movement and abundance remain separate reads. Measured river conditions describe the St. Joseph mainstem at Niles. Water temperature, clarity, hydraulic shape, access, and fishing conditions can differ in the harbor and lower Michigan river, at individual dam tailwaters, and through South Bend, Mishawaka, and the Twin Branch reach. This read uses a current river level, measured water temperature, and the hourly weather outlook.","Start with 5–9 AM. If conditions change, favor the window that best combines workable light with measured water temperature. Apply this response window at Niles; verify temperature, clarity, flow shape, and legal access again before carrying it to another St. Joseph section."
2021-10-15,building,20,Reserved,65.66,4840,high_fishable,2,19,20,20,21,17-21,Today’s Steelhead activity outlook is reserved.,"Fish may respond selectively, with important environmental limitations. The strongest window is 5–9 PM: Clouds or lower light make this window more favorable. The main limitation: Water temperature limits responsiveness. Steelhead are becoming more established through the river. The score describes feeding or aggressive responsiveness, while movement and abundance remain separate reads. Measured river conditions describe the St. Joseph mainstem at Niles. Water temperature, clarity, hydraulic shape, access, and fishing conditions can differ in the harbor and lower Michigan river, at individual dam tailwaters, and through South Bend, Mishawaka, and the Twin Branch reach. This read uses a current river level, measured water temperature, and the hourly weather outlook.","Start with 5–9 PM. If conditions change, favor the window that best combines workable light with measured water temperature. Apply this response window at Niles; verify temperature, clarity, flow shape, and legal access again before carrying it to another St. Joseph section."
2015-10-11,building,65,Active,59.9,1790,low,11,69,60,58,65,05-09,Today’s Steelhead activity outlook is active.,"Conditions favor a meaningful reaction opportunity. The strongest window is 5–9 AM: Clouds or lower light make this window more favorable. The main limitation: Rain adds little extra cover. Steelhead are becoming more established through the river. The score describes feeding or aggressive responsiveness, while movement and abundance remain separate reads. Measured river conditions describe the St. Joseph mainstem at Niles. Water temperature, clarity, hydraulic shape, access, and fishing conditions can differ in the harbor and lower Michigan river, at individual dam tailwaters, and through South Bend, Mishawaka, and the Twin Branch reach. This read uses a current river level, measured water temperature, and the hourly weather outlook.","Start with 5–9 AM. If conditions change, favor the window that best combines workable light with measured water temperature. Apply this response window at Niles; verify temperature, clarity, flow shape, and legal access again before carrying it to another St. Joseph section."
2022-10-13,building,71,Active,57.02,1450,low,9,71,64,71,73,17-21,Today’s Steelhead activity outlook is active.,"Conditions favor a meaningful reaction opportunity. The strongest window is 5–9 PM: The measured water temperature is favorable for Steelhead. The main limitation: Rain adds little extra cover. Steelhead are becoming more established through the river. The score describes feeding or aggressive responsiveness, while movement and abundance remain separate reads. Measured river conditions describe the St. Joseph mainstem at Niles. Water temperature, clarity, hydraulic shape, access, and fishing conditions can differ in the harbor and lower Michigan river, at individual dam tailwaters, and through South Bend, Mishawaka, and the Twin Branch reach. This read uses a current river level, measured water temperature, and the hourly weather outlook.","Start with 5–9 PM. If conditions change, favor the window that best combines workable light with measured water temperature. Apply this response window at Niles; verify temperature, clarity, flow shape, and legal access again before carrying it to another St. Joseph section."
2025-10-21,building,74,Active,59.36,2340,ideal,15,70,65,71,80,17-21,Today’s Steelhead activity outlook is active.,"Conditions favor a meaningful reaction opportunity. The strongest window is 5–9 PM: Clouds or lower light make this window more favorable. The main limitation: Rain adds little extra cover. Steelhead are becoming more established through the river. The score describes feeding or aggressive responsiveness, while movement and abundance remain separate reads. Measured river conditions describe the St. Joseph mainstem at Niles. Water temperature, clarity, hydraulic shape, access, and fishing conditions can differ in the harbor and lower Michigan river, at individual dam tailwaters, and through South Bend, Mishawaka, and the Twin Branch reach. This read uses a current river level, measured water temperature, and the hourly weather outlook.","Start with 5–9 PM. If conditions change, favor the window that best combines workable light with measured water temperature. Apply this response window at Niles; verify temperature, clarity, flow shape, and legal access again before carrying it to another St. Joseph section."
2024-10-19,building,76,Active,55.94,2020,ideal,7,78,72,71,78,05-09,Today’s Steelhead activity outlook is active.,"Conditions favor a meaningful reaction opportunity. The strongest window is 5–9 AM: The measured water temperature is favorable for Steelhead. The main limitation: Rain adds little extra cover. Steelhead are becoming more established through the river. The score describes feeding or aggressive responsiveness, while movement and abundance remain separate reads. Measured river conditions describe the St. Joseph mainstem at Niles. Water temperature, clarity, hydraulic shape, access, and fishing conditions can differ in the harbor and lower Michigan river, at individual dam tailwaters, and through South Bend, Mishawaka, and the Twin Branch reach. This read uses a current river level, measured water temperature, and the hourly weather outlook.","Start with 5–9 AM. If conditions change, favor the window that best combines workable light with measured water temperature. Apply this response window at Niles; verify temperature, clarity, flow shape, and legal access again before carrying it to another St. Joseph section."
2025-11-14,building,79,Active,45.32,1850,ideal,10,83,73,73,79,05-09,Today’s Steelhead activity outlook is active.,"Conditions favor a meaningful reaction opportunity. The strongest window is 5–9 AM: The measured water temperature is favorable for Steelhead. The main limitation: Rain adds little extra cover. Steelhead are becoming more established through the river. The score describes feeding or aggressive responsiveness, while movement and abundance remain separate reads. Measured river conditions describe the St. Joseph mainstem at Niles. Water temperature, clarity, hydraulic shape, access, and fishing conditions can differ in the harbor and lower Michigan river, at individual dam tailwaters, and through South Bend, Mishawaka, and the Twin Branch reach. This read uses a current river level, measured water temperature, and the hourly weather outlook.","Start with 5–9 AM. If conditions change, favor the window that best combines workable light with measured water temperature. Apply this response window at Niles; verify temperature, clarity, flow shape, and legal access again before carrying it to another St. Joseph section."
2024-10-29,building,80,Highly active,56.66,1700,low,0,80,80,80,80,05-09,Today’s Steelhead activity outlook is highly active.,"Conditions strongly favor a response from Steelhead that are present and capable of reacting. The strongest window is 5–9 AM: The measured water temperature is favorable for Steelhead. The main limitation: Rain adds little extra cover. Steelhead are becoming more established through the river. The score describes feeding or aggressive responsiveness, while movement and abundance remain separate reads. Measured river conditions describe the St. Joseph mainstem at Niles. Water temperature, clarity, hydraulic shape, access, and fishing conditions can differ in the harbor and lower Michigan river, at individual dam tailwaters, and through South Bend, Mishawaka, and the Twin Branch reach. This read uses a current river level, measured water temperature, and the hourly weather outlook.","Start with 5–9 AM. If conditions change, favor the window that best combines workable light with measured water temperature. Apply this response window at Niles; verify temperature, clarity, flow shape, and legal access again before carrying it to another St. Joseph section."
2022-11-02,building,82,Highly active,54.32,2100,ideal,8,84,77,76,83,05-09,Today’s Steelhead activity outlook is highly active.,"Conditions strongly favor a response from Steelhead that are present and capable of reacting. The strongest window is 5–9 AM: The measured water temperature is favorable for Steelhead. The main limitation: Rain adds little extra cover. Steelhead are becoming more established through the river. The score describes feeding or aggressive responsiveness, while movement and abundance remain separate reads. Measured river conditions describe the St. Joseph mainstem at Niles. Water temperature, clarity, hydraulic shape, access, and fishing conditions can differ in the harbor and lower Michigan river, at individual dam tailwaters, and through South Bend, Mishawaka, and the Twin Branch reach. This read uses a current river level, measured water temperature, and the hourly weather outlook.","Start with 5–9 AM. If conditions change, favor the window that best combines workable light with measured water temperature. Apply this response window at Niles; verify temperature, clarity, flow shape, and legal access again before carrying it to another St. Joseph section."
2015-11-01,building,83,Highly active,51.62,2280,ideal,7,85,78,78,84,05-09,Today’s Steelhead activity outlook is highly active.,"Conditions strongly favor a response from Steelhead that are present and capable of reacting. The strongest window is 5–9 AM: The measured water temperature is favorable for Steelhead. The main limitation: Rain adds little extra cover. Steelhead are becoming more established through the river. The score describes feeding or aggressive responsiveness, while movement and abundance remain separate reads. Measured river conditions describe the St. Joseph mainstem at Niles. Water temperature, clarity, hydraulic shape, access, and fishing conditions can differ in the harbor and lower Michigan river, at individual dam tailwaters, and through South Bend, Mishawaka, and the Twin Branch reach. This read uses a current river level, measured water temperature, and the hourly weather outlook.","Start with 5–9 AM. If conditions change, favor the window that best combines workable light with measured water temperature. Apply this response window at Niles; verify temperature, clarity, flow shape, and legal access again before carrying it to another St. Joseph section."
2016-11-12,building,84,Highly active,50.9,3450,high_fishable,8,85,78,78,86,17-21,Today’s Steelhead activity outlook is highly active.,"Conditions strongly favor a response from Steelhead that are present and capable of reacting. The strongest window is 5–9 PM: The measured water temperature is favorable for Steelhead. The main limitation: Rain adds little extra cover. Steelhead are becoming more established through the river. The score describes feeding or aggressive responsiveness, while movement and abundance remain separate reads. Measured river conditions describe the St. Joseph mainstem at Niles. Water temperature, clarity, hydraulic shape, access, and fishing conditions can differ in the harbor and lower Michigan river, at individual dam tailwaters, and through South Bend, Mishawaka, and the Twin Branch reach. This read uses a current river level, measured water temperature, and the hourly weather outlook.","Start with 5–9 PM. If conditions change, favor the window that best combines workable light with measured water temperature. Apply this response window at Niles; verify temperature, clarity, flow shape, and legal access again before carrying it to another St. Joseph section."
2018-10-24,building,85,Highly active,49.28,3520,high_fishable,12,83,78,90,84,13-17,Today’s Steelhead activity outlook is highly active.,"Conditions strongly favor a response from Steelhead that are present and capable of reacting. The strongest window is 1–5 PM: The measured water temperature is favorable for Steelhead. The main limitation: Rain adds little extra cover. Steelhead are becoming more established through the river. The score describes feeding or aggressive responsiveness, while movement and abundance remain separate reads. Measured river conditions describe the St. Joseph mainstem at Niles. Water temperature, clarity, hydraulic shape, access, and fishing conditions can differ in the harbor and lower Michigan river, at individual dam tailwaters, and through South Bend, Mishawaka, and the Twin Branch reach. This read uses a current river level, measured water temperature, and the hourly weather outlook.","Start with 1–5 PM. If conditions change, favor the window that best combines workable light with measured water temperature. Apply this response window at Niles; verify temperature, clarity, flow shape, and legal access again before carrying it to another St. Joseph section."
2022-10-23,building,86,Highly active,52.16,1940,ideal,12,89,86,77,84,05-09,Today’s Steelhead activity outlook is highly active.,"Conditions strongly favor a response from Steelhead that are present and capable of reacting. The strongest window is 5–9 AM: The measured water temperature is favorable for Steelhead. The main limitation: Rain adds little extra cover. Steelhead are becoming more established through the river. The score describes feeding or aggressive responsiveness, while movement and abundance remain separate reads. Measured river conditions describe the St. Joseph mainstem at Niles. Water temperature, clarity, hydraulic shape, access, and fishing conditions can differ in the harbor and lower Michigan river, at individual dam tailwaters, and through South Bend, Mishawaka, and the Twin Branch reach. This read uses a current river level, measured water temperature, and the hourly weather outlook.","Start with 5–9 AM. If conditions change, favor the window that best combines workable light with measured water temperature. Apply this response window at Niles; verify temperature, clarity, flow shape, and legal access again before carrying it to another St. Joseph section."
2013-10-30,building,87,Highly active,48.56,1660,low,9,82,81,88,90,17-21,Today’s Steelhead activity outlook is highly active.,"Conditions strongly favor a response from Steelhead that are present and capable of reacting. The strongest window is 5–9 PM: The measured water temperature is favorable for Steelhead. The main limitation: Rain adds little extra cover. Steelhead are becoming more established through the river. The score describes feeding or aggressive responsiveness, while movement and abundance remain separate reads. Measured river conditions describe the St. Joseph mainstem at Niles. Water temperature, clarity, hydraulic shape, access, and fishing conditions can differ in the harbor and lower Michigan river, at individual dam tailwaters, and through South Bend, Mishawaka, and the Twin Branch reach. This read uses a current river level, measured water temperature, and the hourly weather outlook.","Start with 5–9 PM. If conditions change, favor the window that best combines workable light with measured water temperature. Apply this response window at Niles; verify temperature, clarity, flow shape, and legal access again before carrying it to another St. Joseph section."
2020-10-28,building,88,Highly active,50.36,2540,ideal,13,87,80,86,93,17-21,Today’s Steelhead activity outlook is highly active.,"Conditions strongly favor a response from Steelhead that are present and capable of reacting. The strongest window is 5–9 PM: The measured water temperature is favorable for Steelhead. The main limitation: Rain adds little extra cover. Steelhead are becoming more established through the river. The score describes feeding or aggressive responsiveness, while movement and abundance remain separate reads. Measured river conditions describe the St. Joseph mainstem at Niles. Water temperature, clarity, hydraulic shape, access, and fishing conditions can differ in the harbor and lower Michigan river, at individual dam tailwaters, and through South Bend, Mishawaka, and the Twin Branch reach. This read uses a current river level, measured water temperature, and the hourly weather outlook.","Start with 5–9 PM. If conditions change, favor the window that best combines workable light with measured water temperature. Apply this response window at Niles; verify temperature, clarity, flow shape, and legal access again before carrying it to another St. Joseph section."
2013-11-10,building,89,Highly active,47.66,2540,ideal,7,88,91,88,84,09-13,Today’s Steelhead activity outlook is highly active.,"Conditions strongly favor a response from Steelhead that are present and capable of reacting. The strongest window is 9 AM–1 PM: The measured water temperature is favorable for Steelhead. The main limitation: Rain adds little extra cover. Steelhead are becoming more established through the river. The score describes feeding or aggressive responsiveness, while movement and abundance remain separate reads. Measured river conditions describe the St. Joseph mainstem at Niles. Water temperature, clarity, hydraulic shape, access, and fishing conditions can differ in the harbor and lower Michigan river, at individual dam tailwaters, and through South Bend, Mishawaka, and the Twin Branch reach. This read uses a current river level, measured water temperature, and the hourly weather outlook.","Start with 9 AM–1 PM. If conditions change, favor the window that best combines workable light with measured water temperature. Apply this response window at Niles; verify temperature, clarity, flow shape, and legal access again before carrying it to another St. Joseph section."
2020-10-24,building,90,Highly active,53.24,2740,ideal,8,90,84,92,91,13-17,Today’s Steelhead activity outlook is highly active.,"Conditions strongly favor a response from Steelhead that are present and capable of reacting. The strongest window is 1–5 PM: The measured water temperature is favorable for Steelhead. The main limitation: Rain adds little extra cover. Steelhead are becoming more established through the river. The score describes feeding or aggressive responsiveness, while movement and abundance remain separate reads. Measured river conditions describe the St. Joseph mainstem at Niles. Water temperature, clarity, hydraulic shape, access, and fishing conditions can differ in the harbor and lower Michigan river, at individual dam tailwaters, and through South Bend, Mishawaka, and the Twin Branch reach. This read uses a current river level, measured water temperature, and the hourly weather outlook.","Start with 1–5 PM. If conditions change, favor the window that best combines workable light with measured water temperature. Apply this response window at Niles; verify temperature, clarity, flow shape, and legal access again before carrying it to another St. Joseph section."
2018-10-19,building,91,Highly active,51.44,3860,high_fishable,8,87,85,93,93,13-17,Today’s Steelhead activity outlook is highly active.,"Conditions strongly favor a response from Steelhead that are present and capable of reacting. The strongest window is 1–5 PM: The measured water temperature is favorable for Steelhead. The main limitation: The river level or its recent change is less favorable. Steelhead are becoming more established through the river. The score describes feeding or aggressive responsiveness, while movement and abundance remain separate reads. Measured river conditions describe the St. Joseph mainstem at Niles. Water temperature, clarity, hydraulic shape, access, and fishing conditions can differ in the harbor and lower Michigan river, at individual dam tailwaters, and through South Bend, Mishawaka, and the Twin Branch reach. This read uses a current river level, measured water temperature, and the hourly weather outlook.","Start with 1–5 PM. If conditions change, favor the window that best combines workable light with measured water temperature. Apply this response window at Niles; verify temperature, clarity, flow shape, and legal access again before carrying it to another St. Joseph section."
2019-10-25,building,91,Highly active,52.34,3200,ideal,0,91,91,91,91,05-09,Today’s Steelhead activity outlook is highly active.,"Conditions strongly favor a response from Steelhead that are present and capable of reacting. The strongest window is 5–9 AM: The measured water temperature is favorable for Steelhead. The main limitation: Rain adds little extra cover. Steelhead are becoming more established through the river. The score describes feeding or aggressive responsiveness, while movement and abundance remain separate reads. Measured river conditions describe the St. Joseph mainstem at Niles. Water temperature, clarity, hydraulic shape, access, and fishing conditions can differ in the harbor and lower Michigan river, at individual dam tailwaters, and through South Bend, Mishawaka, and the Twin Branch reach. This read uses a current river level, measured water temperature, and the hourly weather outlook.","Start with 5–9 AM. If conditions change, favor the window that best combines workable light with measured water temperature. Apply this response window at Niles; verify temperature, clarity, flow shape, and legal access again before carrying it to another St. Joseph section."
2022-11-12,building,95,Highly active,50.36,2040,ideal,2,93,95,95,94,09-13,Today’s Steelhead activity outlook is highly active.,"Conditions strongly favor a response from Steelhead that are present and capable of reacting. The strongest window is 9 AM–1 PM: The measured water temperature is favorable for Steelhead. The main limitation: Rain adds little extra cover. Steelhead are becoming more established through the river. The score describes feeding or aggressive responsiveness, while movement and abundance remain separate reads. Measured river conditions describe the St. Joseph mainstem at Niles. Water temperature, clarity, hydraulic shape, access, and fishing conditions can differ in the harbor and lower Michigan river, at individual dam tailwaters, and through South Bend, Mishawaka, and the Twin Branch reach. This read uses a current river level, measured water temperature, and the hourly weather outlook.","Start with 9 AM–1 PM. If conditions change, favor the window that best combines workable light with measured water temperature. Apply this response window at Niles; verify temperature, clarity, flow shape, and legal access again before carrying it to another St. Joseph section."
2019-11-16,peak,49,Moderate,36.32,4740,high_fishable,7,51,44,45,51,05-09,Today’s Steelhead activity outlook is moderate.,"Some useful factors are present, but the response window is mixed. The strongest window is 5–9 AM: Clouds or lower light make this window more favorable. The main limitation: Water temperature limits responsiveness. Broad fall presence can make Steelhead easier to locate, but this score measures feeding or aggressive responsiveness rather than how many fish are present. Measured river conditions describe the St. Joseph mainstem at Niles. Water temperature, clarity, hydraulic shape, access, and fishing conditions can differ in the harbor and lower Michigan river, at individual dam tailwaters, and through South Bend, Mishawaka, and the Twin Branch reach. This read uses a current river level, measured water temperature, and the hourly weather outlook.","Start with 5–9 AM. If conditions change, favor the window that best combines workable light with measured water temperature. Apply this response window at Niles; verify temperature, clarity, flow shape, and legal access again before carrying it to another St. Joseph section."
2019-11-17,peak,58,Moderate,36.68,4530,high_fishable,1,57,57,58,58,13-17,Today’s Steelhead activity outlook is moderate.,"Some useful factors are present, but the response window is mixed. The strongest window is 1–5 PM: Clouds or lower light make this window more favorable. The main limitation: Water temperature limits responsiveness. Broad fall presence can make Steelhead easier to locate, but this score measures feeding or aggressive responsiveness rather than how many fish are present. Measured river conditions describe the St. Joseph mainstem at Niles. Water temperature, clarity, hydraulic shape, access, and fishing conditions can differ in the harbor and lower Michigan river, at individual dam tailwaters, and through South Bend, Mishawaka, and the Twin Branch reach. This read uses a current river level, measured water temperature, and the hourly weather outlook.","Start with 1–5 PM. If conditions change, favor the window that best combines workable light with measured water temperature. Apply this response window at Niles; verify temperature, clarity, flow shape, and legal access again before carrying it to another St. Joseph section."
2022-11-20,peak,62,Active,37.22,2070,ideal,14,66,63,52,59,05-09,Today’s Steelhead activity outlook is active.,"Conditions favor a meaningful reaction opportunity. The strongest window is 5–9 AM: Clouds or lower light make this window more favorable. The main limitation: Water temperature limits responsiveness. Broad fall presence can make Steelhead easier to locate, but this score measures feeding or aggressive responsiveness rather than how many fish are present. Measured river conditions describe the St. Joseph mainstem at Niles. Water temperature, clarity, hydraulic shape, access, and fishing conditions can differ in the harbor and lower Michigan river, at individual dam tailwaters, and through South Bend, Mishawaka, and the Twin Branch reach. This read uses a current river level, measured water temperature, and the hourly weather outlook.","Start with 5–9 AM. If conditions change, favor the window that best combines workable light with measured water temperature. Apply this response window at Niles; verify temperature, clarity, flow shape, and legal access again before carrying it to another St. Joseph section."
2018-12-03,peak,64,Active,39.74,5890,very_high,2,63,65,63,63,09-13,Today’s Steelhead activity outlook is active.,"Conditions favor a meaningful reaction opportunity. The strongest window is 9 AM–1 PM: Clouds or lower light make this window more favorable. The main limitation: The river level or its recent change is less favorable. Broad fall presence can make Steelhead easier to locate, but this score measures feeding or aggressive responsiveness rather than how many fish are present. Measured river conditions describe the St. Joseph mainstem at Niles. Water temperature, clarity, hydraulic shape, access, and fishing conditions can differ in the harbor and lower Michigan river, at individual dam tailwaters, and through South Bend, Mishawaka, and the Twin Branch reach. This read uses a current river level, measured water temperature, and the hourly weather outlook.","Start with 9 AM–1 PM. If conditions change, favor the window that best combines workable light with measured water temperature. Apply this response window at Niles; verify temperature, clarity, flow shape, and legal access again before carrying it to another St. Joseph section."
2017-11-22,peak,66,Active,40.64,6520,very_high,2,66,64,66,65,05-09,Today’s Steelhead activity outlook is active.,"Conditions favor a meaningful reaction opportunity. The strongest window is 5–9 AM: Clouds or lower light make this window more favorable. The main limitation: The river level or its recent change is less favorable. Broad fall presence can make Steelhead easier to locate, but this score measures feeding or aggressive responsiveness rather than how many fish are present. Measured river conditions describe the St. Joseph mainstem at Niles. Water temperature, clarity, hydraulic shape, access, and fishing conditions can differ in the harbor and lower Michigan river, at individual dam tailwaters, and through South Bend, Mishawaka, and the Twin Branch reach. This read uses a current river level, measured water temperature, and the hourly weather outlook.","Start with 5–9 AM. If conditions change, favor the window that best combines workable light with measured water temperature. Apply this response window at Niles; verify temperature, clarity, flow shape, and legal access again before carrying it to another St. Joseph section."
2017-11-21,peak,69,Active,41.36,6580,very_high,12,66,59,71,70,13-17,Today’s Steelhead activity outlook is active.,"Conditions favor a meaningful reaction opportunity. The strongest window is 1–5 PM: Clouds or lower light make this window more favorable. The main limitation: The river level or its recent change is less favorable. Broad fall presence can make Steelhead easier to locate, but this score measures feeding or aggressive responsiveness rather than how many fish are present. Measured river conditions describe the St. Joseph mainstem at Niles. Water temperature, clarity, hydraulic shape, access, and fishing conditions can differ in the harbor and lower Michigan river, at individual dam tailwaters, and through South Bend, Mishawaka, and the Twin Branch reach. This read uses a current river level, measured water temperature, and the hourly weather outlook.","Start with 1–5 PM. If conditions change, favor the window that best combines workable light with measured water temperature. Apply this response window at Niles; verify temperature, clarity, flow shape, and legal access again before carrying it to another St. Joseph section."
2023-11-28,peak,70,Active,38.3,2240,ideal,3,70,70,69,67,05-09,Today’s Steelhead activity outlook is active.,"Conditions favor a meaningful reaction opportunity. The strongest window is 5–9 AM: Clouds or lower light make this window more favorable. The main limitation: Water temperature limits responsiveness. Broad fall presence can make Steelhead easier to locate, but this score measures feeding or aggressive responsiveness rather than how many fish are present. Measured river conditions describe the St. Joseph mainstem at Niles. Water temperature, clarity, hydraulic shape, access, and fishing conditions can differ in the harbor and lower Michigan river, at individual dam tailwaters, and through South Bend, Mishawaka, and the Twin Branch reach. This read uses a current river level, measured water temperature, and the hourly weather outlook.","Start with 5–9 AM. If conditions change, favor the window that best combines workable light with measured water temperature. Apply this response window at Niles; verify temperature, clarity, flow shape, and legal access again before carrying it to another St. Joseph section."
2013-12-04,peak,72,Active,39.74,2370,ideal,1,72,72,72,73,17-21,Today’s Steelhead activity outlook is active.,"Conditions favor a meaningful reaction opportunity. The strongest window is 5–9 PM: Clouds or lower light make this window more favorable. The main limitation: Rain adds little extra cover. Broad fall presence can make Steelhead easier to locate, but this score measures feeding or aggressive responsiveness rather than how many fish are present. Measured river conditions describe the St. Joseph mainstem at Niles. Water temperature, clarity, hydraulic shape, access, and fishing conditions can differ in the harbor and lower Michigan river, at individual dam tailwaters, and through South Bend, Mishawaka, and the Twin Branch reach. This read uses a current river level, measured water temperature, and the hourly weather outlook.","Start with 5–9 PM. If conditions change, favor the window that best combines workable light with measured water temperature. Apply this response window at Niles; verify temperature, clarity, flow shape, and legal access again before carrying it to another St. Joseph section."
2019-11-21,peak,74,Active,41.18,4510,high_fishable,4,73,71,75,74,13-17,Today’s Steelhead activity outlook is active.,"Conditions favor a meaningful reaction opportunity. The strongest window is 1–5 PM: Clouds or lower light make this window more favorable. The main limitation: The river level or its recent change is less favorable. Broad fall presence can make Steelhead easier to locate, but this score measures feeding or aggressive responsiveness rather than how many fish are present. Measured river conditions describe the St. Joseph mainstem at Niles. Water temperature, clarity, hydraulic shape, access, and fishing conditions can differ in the harbor and lower Michigan river, at individual dam tailwaters, and through South Bend, Mishawaka, and the Twin Branch reach. This read uses a current river level, measured water temperature, and the hourly weather outlook.","Start with 1–5 PM. If conditions change, favor the window that best combines workable light with measured water temperature. Apply this response window at Niles; verify temperature, clarity, flow shape, and legal access again before carrying it to another St. Joseph section."
2025-11-29,peak,75,Active,40.28,1880,ideal,4,74,77,75,73,09-13,Today’s Steelhead activity outlook is active.,"Conditions favor a meaningful reaction opportunity. The strongest window is 9 AM–1 PM: Clouds or lower light make this window more favorable. The main limitation: Rain adds little extra cover. Broad fall presence can make Steelhead easier to locate, but this score measures feeding or aggressive responsiveness rather than how many fish are present. Measured river conditions describe the St. Joseph mainstem at Niles. Water temperature, clarity, hydraulic shape, access, and fishing conditions can differ in the harbor and lower Michigan river, at individual dam tailwaters, and through South Bend, Mishawaka, and the Twin Branch reach. This read uses a current river level, measured water temperature, and the hourly weather outlook.","Start with 9 AM–1 PM. If conditions change, favor the window that best combines workable light with measured water temperature. Apply this response window at Niles; verify temperature, clarity, flow shape, and legal access again before carrying it to another St. Joseph section."
2013-11-23,peak,77,Active,42.44,3010,ideal,5,75,78,73,78,09-13,Today’s Steelhead activity outlook is active.,"Conditions favor a meaningful reaction opportunity. The strongest window is 9 AM–1 PM: The measured water temperature is favorable for Steelhead. The main limitation: Rain adds little extra cover. Broad fall presence can make Steelhead easier to locate, but this score measures feeding or aggressive responsiveness rather than how many fish are present. Measured river conditions describe the St. Joseph mainstem at Niles. Water temperature, clarity, hydraulic shape, access, and fishing conditions can differ in the harbor and lower Michigan river, at individual dam tailwaters, and through South Bend, Mishawaka, and the Twin Branch reach. This read uses a current river level, measured water temperature, and the hourly weather outlook.","Start with 9 AM–1 PM. If conditions change, favor the window that best combines workable light with measured water temperature. Apply this response window at Niles; verify temperature, clarity, flow shape, and legal access again before carrying it to another St. Joseph section."
2013-11-18,peak,79,Active,44.6,2940,ideal,9,78,74,78,83,17-21,Today’s Steelhead activity outlook is active.,"Conditions favor a meaningful reaction opportunity. The strongest window is 5–9 PM: The measured water temperature is favorable for Steelhead. The main limitation: Rain adds little extra cover. Broad fall presence can make Steelhead easier to locate, but this score measures feeding or aggressive responsiveness rather than how many fish are present. Measured river conditions describe the St. Joseph mainstem at Niles. Water temperature, clarity, hydraulic shape, access, and fishing conditions can differ in the harbor and lower Michigan river, at individual dam tailwaters, and through South Bend, Mishawaka, and the Twin Branch reach. This read uses a current river level, measured water temperature, and the hourly weather outlook.","Start with 5–9 PM. If conditions change, favor the window that best combines workable light with measured water temperature. Apply this response window at Niles; verify temperature, clarity, flow shape, and legal access again before carrying it to another St. Joseph section."
2017-11-18,peak,80,Highly active,43.7,5020,high_fishable,6,79,77,76,82,17-21,Today’s Steelhead activity outlook is highly active.,"Conditions strongly favor a response from Steelhead that are present and capable of reacting. The strongest window is 5–9 PM: The measured water temperature is favorable for Steelhead. The main limitation: The river level or its recent change is less favorable. Broad fall presence can make Steelhead easier to locate, but this score measures feeding or aggressive responsiveness rather than how many fish are present. Measured river conditions describe the St. Joseph mainstem at Niles. Water temperature, clarity, hydraulic shape, access, and fishing conditions can differ in the harbor and lower Michigan river, at individual dam tailwaters, and through South Bend, Mishawaka, and the Twin Branch reach. This read uses a current river level, measured water temperature, and the hourly weather outlook.","Start with 5–9 PM. If conditions change, favor the window that best combines workable light with measured water temperature. Apply this response window at Niles; verify temperature, clarity, flow shape, and legal access again before carrying it to another St. Joseph section."
2020-11-20,peak,82,Highly active,45.86,2200,ideal,10,82,75,77,85,17-21,Today’s Steelhead activity outlook is highly active.,"Conditions strongly favor a response from Steelhead that are present and capable of reacting. The strongest window is 5–9 PM: The measured water temperature is favorable for Steelhead. The main limitation: Rain adds little extra cover. Broad fall presence can make Steelhead easier to locate, but this score measures feeding or aggressive responsiveness rather than how many fish are present. Measured river conditions describe the St. Joseph mainstem at Niles. Water temperature, clarity, hydraulic shape, access, and fishing conditions can differ in the harbor and lower Michigan river, at individual dam tailwaters, and through South Bend, Mishawaka, and the Twin Branch reach. This read uses a current river level, measured water temperature, and the hourly weather outlook.","Start with 5–9 PM. If conditions change, favor the window that best combines workable light with measured water temperature. Apply this response window at Niles; verify temperature, clarity, flow shape, and legal access again before carrying it to another St. Joseph section."
2016-12-01,peak,83,Highly active,44.78,4310,high_fishable,4,81,83,84,80,13-17,Today’s Steelhead activity outlook is highly active.,"Conditions strongly favor a response from Steelhead that are present and capable of reacting. The strongest window is 1–5 PM: The measured water temperature is favorable for Steelhead. The main limitation: Rain adds little extra cover. Broad fall presence can make Steelhead easier to locate, but this score measures feeding or aggressive responsiveness rather than how many fish are present. Measured river conditions describe the St. Joseph mainstem at Niles. Water temperature, clarity, hydraulic shape, access, and fishing conditions can differ in the harbor and lower Michigan river, at individual dam tailwaters, and through South Bend, Mishawaka, and the Twin Branch reach. This read uses a current river level, measured water temperature, and the hourly weather outlook.","Start with 1–5 PM. If conditions change, favor the window that best combines workable light with measured water temperature. Apply this response window at Niles; verify temperature, clarity, flow shape, and legal access again before carrying it to another St. Joseph section."
2012-11-15,peak,85,Highly active,45.32,1780,low,4,83,86,86,82,09-13,Today’s Steelhead activity outlook is highly active.,"Conditions strongly favor a response from Steelhead that are present and capable of reacting. The strongest window is 9 AM–1 PM: The measured water temperature is favorable for Steelhead. The main limitation: Rain adds little extra cover. Broad fall presence can make Steelhead easier to locate, but this score measures feeding or aggressive responsiveness rather than how many fish are present. Measured river conditions describe the St. Joseph mainstem at Niles. Water temperature, clarity, hydraulic shape, access, and fishing conditions can differ in the harbor and lower Michigan river, at individual dam tailwaters, and through South Bend, Mishawaka, and the Twin Branch reach. This read uses a current river level, measured water temperature, and the hourly weather outlook.","Start with 9 AM–1 PM. If conditions change, favor the window that best combines workable light with measured water temperature. Apply this response window at Niles; verify temperature, clarity, flow shape, and legal access again before carrying it to another St. Joseph section."
2015-11-27,peak,87,Highly active,44.24,2330,ideal,6,82,85,88,88,13-17,Today’s Steelhead activity outlook is highly active.,"Conditions strongly favor a response from Steelhead that are present and capable of reacting. The strongest window is 1–5 PM: The measured water temperature is favorable for Steelhead. The main limitation: Rain adds little extra cover. Broad fall presence can make Steelhead easier to locate, but this score measures feeding or aggressive responsiveness rather than how many fish are present. Measured river conditions describe the St. Joseph mainstem at Niles. Water temperature, clarity, hydraulic shape, access, and fishing conditions can differ in the harbor and lower Michigan river, at individual dam tailwaters, and through South Bend, Mishawaka, and the Twin Branch reach. This read uses a current river level, measured water temperature, and the hourly weather outlook.","Start with 1–5 PM. If conditions change, favor the window that best combines workable light with measured water temperature. Apply this response window at Niles; verify temperature, clarity, flow shape, and legal access again before carrying it to another St. Joseph section."
2015-11-16,peak,89,Highly active,47.66,1900,ideal,7,85,84,91,91,13-17,Today’s Steelhead activity outlook is highly active.,"Conditions strongly favor a response from Steelhead that are present and capable of reacting. The strongest window is 1–5 PM: The measured water temperature is favorable for Steelhead. The main limitation: Rain adds little extra cover. Broad fall presence can make Steelhead easier to locate, but this score measures feeding or aggressive responsiveness rather than how many fish are present. Measured river conditions describe the St. Joseph mainstem at Niles. Water temperature, clarity, hydraulic shape, access, and fishing conditions can differ in the harbor and lower Michigan river, at individual dam tailwaters, and through South Bend, Mishawaka, and the Twin Branch reach. This read uses a current river level, measured water temperature, and the hourly weather outlook.","Start with 1–5 PM. If conditions change, favor the window that best combines workable light with measured water temperature. Apply this response window at Niles; verify temperature, clarity, flow shape, and legal access again before carrying it to another St. Joseph section."
2025-11-21,peak,91,Highly active,46.94,1830,ideal,2,90,90,90,92,17-21,Today’s Steelhead activity outlook is highly active.,"Conditions strongly favor a response from Steelhead that are present and capable of reacting. The strongest window is 5–9 PM: The measured water temperature is favorable for Steelhead. The main limitation: Rain adds little extra cover. Broad fall presence can make Steelhead easier to locate, but this score measures feeding or aggressive responsiveness rather than how many fish are present. Measured river conditions describe the St. Joseph mainstem at Niles. Water temperature, clarity, hydraulic shape, access, and fishing conditions can differ in the harbor and lower Michigan river, at individual dam tailwaters, and through South Bend, Mishawaka, and the Twin Branch reach. This read uses a current river level, measured water temperature, and the hourly weather outlook.","Start with 5–9 PM. If conditions change, favor the window that best combines workable light with measured water temperature. Apply this response window at Niles; verify temperature, clarity, flow shape, and legal access again before carrying it to another St. Joseph section."
2022-11-15,peak,95,Highly active,47.12,2150,ideal,1,94,95,94,95,09-13,Today’s Steelhead activity outlook is highly active.,"Conditions strongly favor a response from Steelhead that are present and capable of reacting. The strongest window is 9 AM–1 PM: The measured water temperature is favorable for Steelhead. The main limitation: Rain adds little extra cover. Broad fall presence can make Steelhead easier to locate, but this score measures feeding or aggressive responsiveness rather than how many fish are present. Measured river conditions describe the St. Joseph mainstem at Niles. Water temperature, clarity, hydraulic shape, access, and fishing conditions can differ in the harbor and lower Michigan river, at individual dam tailwaters, and through South Bend, Mishawaka, and the Twin Branch reach. This read uses a current river level, measured water temperature, and the hourly weather outlook.","Start with 9 AM–1 PM. If conditions change, favor the window that best combines workable light with measured water temperature. Apply this response window at Niles; verify temperature, clarity, flow shape, and legal access again before carrying it to another St. Joseph section."
2019-12-19,tapering,41,Moderate,34.16,4360,high_fishable,7,43,37,36,43,05-09,Today’s Steelhead activity outlook is moderate.,"Some useful factors are present, but the response window is mixed. The strongest window is 5–9 AM: Clouds or lower light make this window more favorable. The main limitation: Water temperature limits responsiveness. As late fall progresses, Steelhead often become more selective and less willing to move far for a presentation. The fish remain alive and are transitioning toward winter holding; actual responsiveness still depends strongly on water temperature and river conditions. Measured river conditions describe the St. Joseph mainstem at Niles. Water temperature, clarity, hydraulic shape, access, and fishing conditions can differ in the harbor and lower Michigan river, at individual dam tailwaters, and through South Bend, Mishawaka, and the Twin Branch reach. This read uses a current river level, measured water temperature, and the hourly weather outlook.","Compare the four time windows, but expect a shorter response in cold water and keep the result separate from the winter holding outlook. Apply this response window at Niles; verify temperature, clarity, flow shape, and legal access again before carrying it to another St. Joseph section."
2018-12-12,tapering,50,Moderate,34.88,4250,high_fishable,10,53,45,43,51,05-09,Today’s Steelhead activity outlook is moderate.,"Some useful factors are present, but the response window is mixed. The strongest window is 5–9 AM: Clouds or lower light make this window more favorable. The main limitation: Water temperature limits responsiveness. As late fall progresses, Steelhead often become more selective and less willing to move far for a presentation. The fish remain alive and are transitioning toward winter holding; actual responsiveness still depends strongly on water temperature and river conditions. Measured river conditions describe the St. Joseph mainstem at Niles. Water temperature, clarity, hydraulic shape, access, and fishing conditions can differ in the harbor and lower Michigan river, at individual dam tailwaters, and through South Bend, Mishawaka, and the Twin Branch reach. This read uses a current river level, measured water temperature, and the hourly weather outlook.","Compare the four time windows, but expect a shorter response in cold water and keep the result separate from the winter holding outlook. Apply this response window at Niles; verify temperature, clarity, flow shape, and legal access again before carrying it to another St. Joseph section."
2019-12-18,tapering,52,Moderate,35.24,4520,high_fishable,5,48,53,52,52,09-13,Today’s Steelhead activity outlook is moderate.,"Some useful factors are present, but the response window is mixed. The strongest window is 9 AM–1 PM: Clouds or lower light make this window more favorable. The main limitation: Water temperature limits responsiveness. As late fall progresses, Steelhead often become more selective and less willing to move far for a presentation. The fish remain alive and are transitioning toward winter holding; actual responsiveness still depends strongly on water temperature and river conditions. Measured river conditions describe the St. Joseph mainstem at Niles. Water temperature, clarity, hydraulic shape, access, and fishing conditions can differ in the harbor and lower Michigan river, at individual dam tailwaters, and through South Bend, Mishawaka, and the Twin Branch reach. This read uses a current river level, measured water temperature, and the hourly weather outlook.","Compare the four time windows, but expect a shorter response in cold water and keep the result separate from the winter holding outlook. Apply this response window at Niles; verify temperature, clarity, flow shape, and legal access again before carrying it to another St. Joseph section."
2017-12-19,tapering,54,Moderate,36.14,3430,high_fishable,5,52,57,53,53,09-13,Today’s Steelhead activity outlook is moderate.,"Some useful factors are present, but the response window is mixed. The strongest window is 9 AM–1 PM: Clouds or lower light make this window more favorable. The main limitation: Water temperature limits responsiveness. As late fall progresses, Steelhead often become more selective and less willing to move far for a presentation. The fish remain alive and are transitioning toward winter holding; actual responsiveness still depends strongly on water temperature and river conditions. Measured river conditions describe the St. Joseph mainstem at Niles. Water temperature, clarity, hydraulic shape, access, and fishing conditions can differ in the harbor and lower Michigan river, at individual dam tailwaters, and through South Bend, Mishawaka, and the Twin Branch reach. This read uses a current river level, measured water temperature, and the hourly weather outlook.","Compare the four time windows, but expect a shorter response in cold water and keep the result separate from the winter holding outlook. Apply this response window at Niles; verify temperature, clarity, flow shape, and legal access again before carrying it to another St. Joseph section."
2018-12-16,tapering,56,Moderate,38.66,4620,high_fishable,7,58,54,51,56,05-09,Today’s Steelhead activity outlook is moderate.,"Some useful factors are present, but the response window is mixed. The strongest window is 5–9 AM: Clouds or lower light make this window more favorable. The main limitation: Water temperature limits responsiveness. As late fall progresses, Steelhead often become more selective and less willing to move far for a presentation. The fish remain alive and are transitioning toward winter holding; actual responsiveness still depends strongly on water temperature and river conditions. Measured river conditions describe the St. Joseph mainstem at Niles. Water temperature, clarity, hydraulic shape, access, and fishing conditions can differ in the harbor and lower Michigan river, at individual dam tailwaters, and through South Bend, Mishawaka, and the Twin Branch reach. This read uses a current river level, measured water temperature, and the hourly weather outlook.","Compare the four time windows, but expect a shorter response in cold water and keep the result separate from the winter holding outlook. Apply this response window at Niles; verify temperature, clarity, flow shape, and legal access again before carrying it to another St. Joseph section."
2025-12-07,tapering,58,Moderate,35.78,1880,ideal,8,59,61,53,53,09-13,Today’s Steelhead activity outlook is moderate.,"Some useful factors are present, but the response window is mixed. The strongest window is 9 AM–1 PM: Clouds or lower light make this window more favorable. The main limitation: Water temperature limits responsiveness. As late fall progresses, Steelhead often become more selective and less willing to move far for a presentation. The fish remain alive and are transitioning toward winter holding; actual responsiveness still depends strongly on water temperature and river conditions. Measured river conditions describe the St. Joseph mainstem at Niles. Water temperature, clarity, hydraulic shape, access, and fishing conditions can differ in the harbor and lower Michigan river, at individual dam tailwaters, and through South Bend, Mishawaka, and the Twin Branch reach. This read uses a current river level, measured water temperature, and the hourly weather outlook.","Compare the four time windows, but expect a shorter response in cold water and keep the result separate from the winter holding outlook. Apply this response window at Niles; verify temperature, clarity, flow shape, and legal access again before carrying it to another St. Joseph section."
2025-12-18,tapering,61,Active,35.78,2300,ideal,8,60,55,63,60,13-17,Today’s Steelhead activity outlook is active.,"Conditions favor a meaningful reaction opportunity. The strongest window is 1–5 PM: Clouds or lower light make this window more favorable. The main limitation: Water temperature limits responsiveness. As late fall progresses, Steelhead often become more selective and less willing to move far for a presentation. The fish remain alive and are transitioning toward winter holding; actual responsiveness still depends strongly on water temperature and river conditions. Measured river conditions describe the St. Joseph mainstem at Niles. Water temperature, clarity, hydraulic shape, access, and fishing conditions can differ in the harbor and lower Michigan river, at individual dam tailwaters, and through South Bend, Mishawaka, and the Twin Branch reach. This read uses a current river level, measured water temperature, and the hourly weather outlook.","Compare the four time windows, but expect a shorter response in cold water and keep the result separate from the winter holding outlook. Apply this response window at Niles; verify temperature, clarity, flow shape, and legal access again before carrying it to another St. Joseph section."
2021-12-08,tapering,63,Active,37.76,4400,high_fishable,2,63,61,63,63,05-09,Today’s Steelhead activity outlook is active.,"Conditions favor a meaningful reaction opportunity. The strongest window is 5–9 AM: Clouds or lower light make this window more favorable. The main limitation: Water temperature limits responsiveness. As late fall progresses, Steelhead often become more selective and less willing to move far for a presentation. The fish remain alive and are transitioning toward winter holding; actual responsiveness still depends strongly on water temperature and river conditions. Measured river conditions describe the St. Joseph mainstem at Niles. Water temperature, clarity, hydraulic shape, access, and fishing conditions can differ in the harbor and lower Michigan river, at individual dam tailwaters, and through South Bend, Mishawaka, and the Twin Branch reach. This read uses a current river level, measured water temperature, and the hourly weather outlook.","Compare the four time windows, but expect a shorter response in cold water and keep the result separate from the winter holding outlook. Apply this response window at Niles; verify temperature, clarity, flow shape, and legal access again before carrying it to another St. Joseph section."
2019-12-06,tapering,65,Active,39.56,5020,high_fishable,1,65,65,65,64,05-09,Today’s Steelhead activity outlook is active.,"Conditions favor a meaningful reaction opportunity. The strongest window is 5–9 AM: Clouds or lower light make this window more favorable. The main limitation: Rain adds little extra cover. As late fall progresses, Steelhead often become more selective and less willing to move far for a presentation. The fish remain alive and are transitioning toward winter holding; actual responsiveness still depends strongly on water temperature and river conditions. Measured river conditions describe the St. Joseph mainstem at Niles. Water temperature, clarity, hydraulic shape, access, and fishing conditions can differ in the harbor and lower Michigan river, at individual dam tailwaters, and through South Bend, Mishawaka, and the Twin Branch reach. This read uses a current river level, measured water temperature, and the hourly weather outlook.","Compare the four time windows, but expect a shorter response in cold water and keep the result separate from the winter holding outlook. Apply this response window at Niles; verify temperature, clarity, flow shape, and legal access again before carrying it to another St. Joseph section."
2020-12-06,tapering,68,Active,39.38,2230,ideal,5,69,67,69,64,05-09,Today’s Steelhead activity outlook is active.,"Conditions favor a meaningful reaction opportunity. The strongest window is 5–9 AM: Clouds or lower light make this window more favorable. The main limitation: Rain adds little extra cover. As late fall progresses, Steelhead often become more selective and less willing to move far for a presentation. The fish remain alive and are transitioning toward winter holding; actual responsiveness still depends strongly on water temperature and river conditions. Measured river conditions describe the St. Joseph mainstem at Niles. Water temperature, clarity, hydraulic shape, access, and fishing conditions can differ in the harbor and lower Michigan river, at individual dam tailwaters, and through South Bend, Mishawaka, and the Twin Branch reach. This read uses a current river level, measured water temperature, and the hourly weather outlook.","Compare the four time windows, but expect a shorter response in cold water and keep the result separate from the winter holding outlook. Apply this response window at Niles; verify temperature, clarity, flow shape, and legal access again before carrying it to another St. Joseph section."
2021-12-15,tapering,71,Active,41.18,5540,very_high,2,71,71,70,69,05-09,Today’s Steelhead activity outlook is active.,"Conditions favor a meaningful reaction opportunity. The strongest window is 5–9 AM: Clouds or lower light make this window more favorable. The main limitation: The river level or its recent change is less favorable. As late fall progresses, Steelhead often become more selective and less willing to move far for a presentation. The fish remain alive and are transitioning toward winter holding; actual responsiveness still depends strongly on water temperature and river conditions. Measured river conditions describe the St. Joseph mainstem at Niles. Water temperature, clarity, hydraulic shape, access, and fishing conditions can differ in the harbor and lower Michigan river, at individual dam tailwaters, and through South Bend, Mishawaka, and the Twin Branch reach. This read uses a current river level, measured water temperature, and the hourly weather outlook.","Compare the four time windows, but expect a shorter response in cold water and keep the result separate from the winter holding outlook. Apply this response window at Niles; verify temperature, clarity, flow shape, and legal access again before carrying it to another St. Joseph section."
2023-12-18,tapering,73,Active,39.74,2660,ideal,5,71,69,74,73,13-17,Today’s Steelhead activity outlook is active.,"Conditions favor a meaningful reaction opportunity. The strongest window is 1–5 PM: Clouds or lower light make this window more favorable. The main limitation: Water temperature limits responsiveness. As late fall progresses, Steelhead often become more selective and less willing to move far for a presentation. The fish remain alive and are transitioning toward winter holding; actual responsiveness still depends strongly on water temperature and river conditions. Measured river conditions describe the St. Joseph mainstem at Niles. Water temperature, clarity, hydraulic shape, access, and fishing conditions can differ in the harbor and lower Michigan river, at individual dam tailwaters, and through South Bend, Mishawaka, and the Twin Branch reach. This read uses a current river level, measured water temperature, and the hourly weather outlook.","Compare the four time windows, but expect a shorter response in cold water and keep the result separate from the winter holding outlook. Apply this response window at Niles; verify temperature, clarity, flow shape, and legal access again before carrying it to another St. Joseph section."
2023-12-08,tapering,75,Active,41.9,2960,ideal,12,71,66,77,78,17-21,Today’s Steelhead activity outlook is active.,"Conditions favor a meaningful reaction opportunity. The strongest window is 5–9 PM: Clouds or lower light make this window more favorable. The main limitation: Rain adds little extra cover. As late fall progresses, Steelhead often become more selective and less willing to move far for a presentation. The fish remain alive and are transitioning toward winter holding; actual responsiveness still depends strongly on water temperature and river conditions. Measured river conditions describe the St. Joseph mainstem at Niles. Water temperature, clarity, hydraulic shape, access, and fishing conditions can differ in the harbor and lower Michigan river, at individual dam tailwaters, and through South Bend, Mishawaka, and the Twin Branch reach. This read uses a current river level, measured water temperature, and the hourly weather outlook.","Compare the four time windows, but expect a shorter response in cold water and keep the result separate from the winter holding outlook. Apply this response window at Niles; verify temperature, clarity, flow shape, and legal access again before carrying it to another St. Joseph section."
2023-12-09,tapering,82,Highly active,43.34,2820,ideal,9,85,81,82,76,05-09,Today’s Steelhead activity outlook is highly active.,"Conditions strongly favor a response from Steelhead that are present and capable of reacting. The strongest window is 5–9 AM: The measured water temperature is favorable for Steelhead. The main limitation: Rain adds little extra cover. As late fall progresses, Steelhead often become more selective and less willing to move far for a presentation. The fish remain alive and are transitioning toward winter holding; actual responsiveness still depends strongly on water temperature and river conditions. Measured river conditions describe the St. Joseph mainstem at Niles. Water temperature, clarity, hydraulic shape, access, and fishing conditions can differ in the harbor and lower Michigan river, at individual dam tailwaters, and through South Bend, Mishawaka, and the Twin Branch reach. This read uses a current river level, measured water temperature, and the hourly weather outlook.","Compare the four time windows, but expect a shorter response in cold water and keep the result separate from the winter holding outlook. Apply this response window at Niles; verify temperature, clarity, flow shape, and legal access again before carrying it to another St. Joseph section."
2015-12-14,tapering,92,Highly active,47.12,2450,ideal,5,92,93,93,88,09-13,Today’s Steelhead activity outlook is highly active.,"Conditions strongly favor a response from Steelhead that are present and capable of reacting. The strongest window is 9 AM–1 PM: The measured water temperature is favorable for Steelhead. The main limitation: Rain adds little extra cover. As late fall progresses, Steelhead often become more selective and less willing to move far for a presentation. The fish remain alive and are transitioning toward winter holding; actual responsiveness still depends strongly on water temperature and river conditions. Measured river conditions describe the St. Joseph mainstem at Niles. Water temperature, clarity, hydraulic shape, access, and fishing conditions can differ in the harbor and lower Michigan river, at individual dam tailwaters, and through South Bend, Mishawaka, and the Twin Branch reach. This read uses a current river level, measured water temperature, and the hourly weather outlook.","Compare the four time windows, but expect a shorter response in cold water and keep the result separate from the winter holding outlook. Apply this response window at Niles; verify temperature, clarity, flow shape, and legal access again before carrying it to another St. Joseph section."
2019-12-21,ending,43,Moderate,34.34,4090,high_fishable,9,46,38,37,44,05-09,Today’s Steelhead activity outlook is moderate.,"Some useful factors are present, but the response window is mixed. The strongest window is 5–9 AM: Clouds or lower light make this window more favorable. The main limitation: Water temperature limits responsiveness. These Steelhead remain alive in the river as they transition into winter holding. Their responsiveness follows measured water temperature and current conditions rather than a terminal biological decline. Measured river conditions describe the St. Joseph mainstem at Niles. Water temperature, clarity, hydraulic shape, access, and fishing conditions can differ in the harbor and lower Michigan river, at individual dam tailwaters, and through South Bend, Mishawaka, and the Twin Branch reach. This read uses a current river level, measured water temperature, and the hourly weather outlook.","Compare the four time windows, but expect a shorter response in cold water and keep the result separate from the winter holding outlook. Apply this response window at Niles; verify temperature, clarity, flow shape, and legal access again before carrying it to another St. Joseph section."
2019-12-20,ending,49,Moderate,33.98,4340,high_fishable,0,49,49,49,49,05-09,Today’s Steelhead activity outlook is moderate.,"Some useful factors are present, but the response window is mixed. The strongest window is 5–9 AM: Clouds or lower light make this window more favorable. The main limitation: Water temperature limits responsiveness. These Steelhead remain alive in the river as they transition into winter holding. Their responsiveness follows measured water temperature and current conditions rather than a terminal biological decline. Measured river conditions describe the St. Joseph mainstem at Niles. Water temperature, clarity, hydraulic shape, access, and fishing conditions can differ in the harbor and lower Michigan river, at individual dam tailwaters, and through South Bend, Mishawaka, and the Twin Branch reach. This read uses a current river level, measured water temperature, and the hourly weather outlook.","Compare the four time windows, but expect a shorter response in cold water and keep the result separate from the winter holding outlook. Apply this response window at Niles; verify temperature, clarity, flow shape, and legal access again before carrying it to another St. Joseph section."
2013-12-21,ending,56,Moderate,34.52,2810,ideal,3,56,57,56,54,09-13,Today’s Steelhead activity outlook is moderate.,"Some useful factors are present, but the response window is mixed. The strongest window is 9 AM–1 PM: Clouds or lower light make this window more favorable. The main limitation: Water temperature limits responsiveness. These Steelhead remain alive in the river as they transition into winter holding. Their responsiveness follows measured water temperature and current conditions rather than a terminal biological decline. Measured river conditions describe the St. Joseph mainstem at Niles. Water temperature, clarity, hydraulic shape, access, and fishing conditions can differ in the harbor and lower Michigan river, at individual dam tailwaters, and through South Bend, Mishawaka, and the Twin Branch reach. This read uses a current river level, measured water temperature, and the hourly weather outlook.","Compare the four time windows, but expect a shorter response in cold water and keep the result separate from the winter holding outlook. Apply this response window at Niles; verify temperature, clarity, flow shape, and legal access again before carrying it to another St. Joseph section."
2013-12-20,ending,59,Moderate,34.88,2510,ideal,3,58,57,60,57,13-17,Today’s Steelhead activity outlook is moderate.,"Some useful factors are present, but the response window is mixed. The strongest window is 1–5 PM: Clouds or lower light make this window more favorable. The main limitation: Water temperature limits responsiveness. These Steelhead remain alive in the river as they transition into winter holding. Their responsiveness follows measured water temperature and current conditions rather than a terminal biological decline. Measured river conditions describe the St. Joseph mainstem at Niles. Water temperature, clarity, hydraulic shape, access, and fishing conditions can differ in the harbor and lower Michigan river, at individual dam tailwaters, and through South Bend, Mishawaka, and the Twin Branch reach. This read uses a current river level, measured water temperature, and the hourly weather outlook.","Compare the four time windows, but expect a shorter response in cold water and keep the result separate from the winter holding outlook. Apply this response window at Niles; verify temperature, clarity, flow shape, and legal access again before carrying it to another St. Joseph section."
2024-12-21,ending,63,Active,37.04,2240,ideal,1,63,62,63,63,05-09,Today’s Steelhead activity outlook is active.,"Conditions favor a meaningful reaction opportunity. The strongest window is 5–9 AM: Clouds or lower light make this window more favorable. The main limitation: Water temperature limits responsiveness. These Steelhead remain alive in the river as they transition into winter holding. Their responsiveness follows measured water temperature and current conditions rather than a terminal biological decline. Measured river conditions describe the St. Joseph mainstem at Niles. Water temperature, clarity, hydraulic shape, access, and fishing conditions can differ in the harbor and lower Michigan river, at individual dam tailwaters, and through South Bend, Mishawaka, and the Twin Branch reach. This read uses a current river level, measured water temperature, and the hourly weather outlook.","Compare the four time windows, but expect a shorter response in cold water and keep the result separate from the winter holding outlook. Apply this response window at Niles; verify temperature, clarity, flow shape, and legal access again before carrying it to another St. Joseph section."
2018-12-20,ending,65,Active,38.48,4360,high_fishable,1,65,64,64,65,05-09,Today’s Steelhead activity outlook is active.,"Conditions favor a meaningful reaction opportunity. The strongest window is 5–9 AM: Clouds or lower light make this window more favorable. The main limitation: Water temperature limits responsiveness. These Steelhead remain alive in the river as they transition into winter holding. Their responsiveness follows measured water temperature and current conditions rather than a terminal biological decline. Measured river conditions describe the St. Joseph mainstem at Niles. Water temperature, clarity, hydraulic shape, access, and fishing conditions can differ in the harbor and lower Michigan river, at individual dam tailwaters, and through South Bend, Mishawaka, and the Twin Branch reach. This read uses a current river level, measured water temperature, and the hourly weather outlook.","Compare the four time windows, but expect a shorter response in cold water and keep the result separate from the winter holding outlook. Apply this response window at Niles; verify temperature, clarity, flow shape, and legal access again before carrying it to another St. Joseph section."
2023-12-22,ending,73,Active,39.38,2580,ideal,2,71,73,71,73,09-13,Today’s Steelhead activity outlook is active.,"Conditions favor a meaningful reaction opportunity. The strongest window is 9 AM–1 PM: Clouds or lower light make this window more favorable. The main limitation: Water temperature limits responsiveness. These Steelhead remain alive in the river as they transition into winter holding. Their responsiveness follows measured water temperature and current conditions rather than a terminal biological decline. Measured river conditions describe the St. Joseph mainstem at Niles. Water temperature, clarity, hydraulic shape, access, and fishing conditions can differ in the harbor and lower Michigan river, at individual dam tailwaters, and through South Bend, Mishawaka, and the Twin Branch reach. This read uses a current river level, measured water temperature, and the hourly weather outlook.","Compare the four time windows, but expect a shorter response in cold water and keep the result separate from the winter holding outlook. Apply this response window at Niles; verify temperature, clarity, flow shape, and legal access again before carrying it to another St. Joseph section."
2012-12-20,ending,78,Active,41.72,2390,ideal,5,76,74,79,79,13-17,Today’s Steelhead activity outlook is active.,"Conditions favor a meaningful reaction opportunity. The strongest window is 1–5 PM: Clouds or lower light make this window more favorable. The main limitation: Rain adds little extra cover. These Steelhead remain alive in the river as they transition into winter holding. Their responsiveness follows measured water temperature and current conditions rather than a terminal biological decline. Measured river conditions describe the St. Joseph mainstem at Niles. Water temperature, clarity, hydraulic shape, access, and fishing conditions can differ in the harbor and lower Michigan river, at individual dam tailwaters, and through South Bend, Mishawaka, and the Twin Branch reach. This read uses a current river level, measured water temperature, and the hourly weather outlook.","Compare the four time windows, but expect a shorter response in cold water and keep the result separate from the winter holding outlook. Apply this response window at Niles; verify temperature, clarity, flow shape, and legal access again before carrying it to another St. Joseph section."
2013-12-23,post_run,48,Moderate,33.8,4660,high_fishable,3,46,47,49,48,13-17,Today’s Steelhead activity outlook is moderate.,"Some useful factors are present, but the response window is mixed. The strongest window is 1–5 PM: Clouds or lower light make this window more favorable. The main limitation: Water temperature limits responsiveness. Steelhead remain alive in winter holding after the fall-entry period. Use the dedicated winter read when available; this score only describes current responsiveness. Measured river conditions describe the St. Joseph mainstem at Niles. Water temperature, clarity, hydraulic shape, access, and fishing conditions can differ in the harbor and lower Michigan river, at individual dam tailwaters, and through South Bend, Mishawaka, and the Twin Branch reach. This read uses a current river level, measured water temperature, and the hourly weather outlook.","Compare the four time windows, but expect a shorter response in cold water and keep the result separate from the winter holding outlook. Apply this response window at Niles; verify temperature, clarity, flow shape, and legal access again before carrying it to another St. Joseph section."
2016-12-23,post_run,53,Moderate,33.44,3390,high_fishable,2,52,52,52,54,17-21,Today’s Steelhead activity outlook is moderate.,"Some useful factors are present, but the response window is mixed. The strongest window is 5–9 PM: Clouds or lower light make this window more favorable. The main limitation: Water temperature limits responsiveness. Steelhead remain alive in winter holding after the fall-entry period. Use the dedicated winter read when available; this score only describes current responsiveness. Measured river conditions describe the St. Joseph mainstem at Niles. Water temperature, clarity, hydraulic shape, access, and fishing conditions can differ in the harbor and lower Michigan river, at individual dam tailwaters, and through South Bend, Mishawaka, and the Twin Branch reach. This read uses a current river level, measured water temperature, and the hourly weather outlook.","Compare the four time windows, but expect a shorter response in cold water and keep the result separate from the winter holding outlook. Apply this response window at Niles; verify temperature, clarity, flow shape, and legal access again before carrying it to another St. Joseph section."
2025-12-23,post_run,58,Moderate,36.32,2520,ideal,7,61,57,54,55,05-09,Today’s Steelhead activity outlook is moderate.,"Some useful factors are present, but the response window is mixed. The strongest window is 5–9 AM: Clouds or lower light make this window more favorable. The main limitation: Water temperature limits responsiveness. Steelhead remain alive in winter holding after the fall-entry period. Use the dedicated winter read when available; this score only describes current responsiveness. Measured river conditions describe the St. Joseph mainstem at Niles. Water temperature, clarity, hydraulic shape, access, and fishing conditions can differ in the harbor and lower Michigan river, at individual dam tailwaters, and through South Bend, Mishawaka, and the Twin Branch reach. This read uses a current river level, measured water temperature, and the hourly weather outlook.","Compare the four time windows, but expect a shorter response in cold water and keep the result separate from the winter holding outlook. Apply this response window at Niles; verify temperature, clarity, flow shape, and legal access again before carrying it to another St. Joseph section."
2018-12-23,post_run,63,Active,39.02,4090,high_fishable,4,65,62,61,62,05-09,Today’s Steelhead activity outlook is active.,"Conditions favor a meaningful reaction opportunity. The strongest window is 5–9 AM: Clouds or lower light make this window more favorable. The main limitation: Water temperature limits responsiveness. Steelhead remain alive in winter holding after the fall-entry period. Use the dedicated winter read when available; this score only describes current responsiveness. Measured river conditions describe the St. Joseph mainstem at Niles. Water temperature, clarity, hydraulic shape, access, and fishing conditions can differ in the harbor and lower Michigan river, at individual dam tailwaters, and through South Bend, Mishawaka, and the Twin Branch reach. This read uses a current river level, measured water temperature, and the hourly weather outlook.","Compare the four time windows, but expect a shorter response in cold water and keep the result separate from the winter holding outlook. Apply this response window at Niles; verify temperature, clarity, flow shape, and legal access again before carrying it to another St. Joseph section."
2017-12-23,post_run,65,Active,37.76,3270,high_fishable,2,66,64,64,64,05-09,Today’s Steelhead activity outlook is active.,"Conditions favor a meaningful reaction opportunity. The strongest window is 5–9 AM: Clouds or lower light make this window more favorable. The main limitation: Water temperature limits responsiveness. Steelhead remain alive in winter holding after the fall-entry period. Use the dedicated winter read when available; this score only describes current responsiveness. Measured river conditions describe the St. Joseph mainstem at Niles. Water temperature, clarity, hydraulic shape, access, and fishing conditions can differ in the harbor and lower Michigan river, at individual dam tailwaters, and through South Bend, Mishawaka, and the Twin Branch reach. This read uses a current river level, measured water temperature, and the hourly weather outlook.","Compare the four time windows, but expect a shorter response in cold water and keep the result separate from the winter holding outlook. Apply this response window at Niles; verify temperature, clarity, flow shape, and legal access again before carrying it to another St. Joseph section."
2020-12-23,post_run,69,Active,38.66,2440,ideal,6,68,65,69,71,17-21,Today’s Steelhead activity outlook is active.,"Conditions favor a meaningful reaction opportunity. The strongest window is 5–9 PM: Clouds or lower light make this window more favorable. The main limitation: Water temperature limits responsiveness. Steelhead remain alive in winter holding after the fall-entry period. Use the dedicated winter read when available; this score only describes current responsiveness. Measured river conditions describe the St. Joseph mainstem at Niles. Water temperature, clarity, hydraulic shape, access, and fishing conditions can differ in the harbor and lower Michigan river, at individual dam tailwaters, and through South Bend, Mishawaka, and the Twin Branch reach. This read uses a current river level, measured water temperature, and the hourly weather outlook.","Compare the four time windows, but expect a shorter response in cold water and keep the result separate from the winter holding outlook. Apply this response window at Niles; verify temperature, clarity, flow shape, and legal access again before carrying it to another St. Joseph section."
2015-12-23,post_run,74,Active,40.82,3060,ideal,3,75,75,73,72,05-09,Today’s Steelhead activity outlook is active.,"Conditions favor a meaningful reaction opportunity. The strongest window is 5–9 AM: Clouds or lower light make this window more favorable. The main limitation: Rain adds little extra cover. Steelhead remain alive in winter holding after the fall-entry period. Use the dedicated winter read when available; this score only describes current responsiveness. Measured river conditions describe the St. Joseph mainstem at Niles. Water temperature, clarity, hydraulic shape, access, and fishing conditions can differ in the harbor and lower Michigan river, at individual dam tailwaters, and through South Bend, Mishawaka, and the Twin Branch reach. This read uses a current river level, measured water temperature, and the hourly weather outlook.","Compare the four time windows, but expect a shorter response in cold water and keep the result separate from the winter holding outlook. Apply this response window at Niles; verify temperature, clarity, flow shape, and legal access again before carrying it to another St. Joseph section."
