date,stage,daily_score,daily_label,temp_f,flow_cfs,flow_band,spread,05_09,09_13,13_17,17_21,best_block,headline,detail,tip
2012-08-23,pre_run,19,Inactive,73.04,1200,very_low,2,19,17,17,19,05-09,Today’s Coho activity outlook is inactive.,"Conditions provide little environmental support for an aggressive response. The strongest window is 5–9 AM: Clouds or lower light make this window more favorable. The main limitation: Water temperature limits responsiveness. Dependable river presence has not begun. The score applies only to a sparse early Coho that may already have entered. Measured river conditions describe the St. Joseph mainstem at Niles. Water temperature, clarity, hydraulic shape, and presentation conditions can differ in the harbor and lower Michigan river, at individual ladder tailwaters, and through South Bend, Mishawaka, and the Twin Branch reach. This read uses a current river level, measured water temperature, and the hourly weather outlook.","Start with 5–9 AM. If the sky changes from the forecast, favor the darkest practical window. Apply this response window at Niles; verify temperature, clarity, flow shape, and legal access again before carrying it to another St. Joseph section."
2025-08-22,pre_run,19,Inactive,75.38,1680,low,2,20,19,18,19,05-09,Today’s Coho activity outlook is inactive.,"Conditions provide little environmental support for an aggressive response. The strongest window is 5–9 AM: Clouds or lower light make this window more favorable. The main limitation: Water temperature limits responsiveness. Dependable river presence has not begun. The score applies only to a sparse early Coho that may already have entered. Measured river conditions describe the St. Joseph mainstem at Niles. Water temperature, clarity, hydraulic shape, and presentation conditions can differ in the harbor and lower Michigan river, at individual ladder tailwaters, and through South Bend, Mishawaka, and the Twin Branch reach. This read uses a current river level, measured water temperature, and the hourly weather outlook.","Start with 5–9 AM. If the sky changes from the forecast, favor the darkest practical window. Apply this response window at Niles; verify temperature, clarity, flow shape, and legal access again before carrying it to another St. Joseph section."
2014-08-27,pre_run,19,Inactive,74.66,1680,low,1,19,19,19,20,17-21,Today’s Coho activity outlook is inactive.,"Conditions provide little environmental support for an aggressive response. The strongest window is 5–9 PM: Clouds or lower light make this window more favorable. The main limitation: Water temperature limits responsiveness. Dependable river presence has not begun. The score applies only to a sparse early Coho that may already have entered. Measured river conditions describe the St. Joseph mainstem at Niles. Water temperature, clarity, hydraulic shape, and presentation conditions can differ in the harbor and lower Michigan river, at individual ladder tailwaters, and through South Bend, Mishawaka, and the Twin Branch reach. This read uses a current river level, measured water temperature, and the hourly weather outlook.","Start with 5–9 PM. If the sky changes from the forecast, favor the darkest practical window. Apply this response window at Niles; verify temperature, clarity, flow shape, and legal access again before carrying it to another St. Joseph section."
2018-08-30,pre_run,19,Inactive,73.94,3360,high_fishable,1,19,18,18,19,05-09,Today’s Coho activity outlook is inactive.,"Conditions provide little environmental support for an aggressive response. The strongest window is 5–9 AM: Clouds or lower light make this window more favorable. The main limitation: Water temperature limits responsiveness. Dependable river presence has not begun. The score applies only to a sparse early Coho that may already have entered. Measured river conditions describe the St. Joseph mainstem at Niles. Water temperature, clarity, hydraulic shape, and presentation conditions can differ in the harbor and lower Michigan river, at individual ladder tailwaters, and through South Bend, Mishawaka, and the Twin Branch reach. This read uses a current river level, measured water temperature, and the hourly weather outlook.","Start with 5–9 AM. If the sky changes from the forecast, favor the darkest practical window. Apply this response window at Niles; verify temperature, clarity, flow shape, and legal access again before carrying it to another St. Joseph section."
2021-08-27,pre_run,19,Inactive,80.42,2860,ideal,1,20,19,19,19,05-09,Today’s Coho activity outlook is inactive.,"Conditions provide little environmental support for an aggressive response. The strongest window is 5–9 AM: Clouds or lower light make this window more favorable. The main limitation: Water temperature limits responsiveness. Dependable river presence has not begun. The score applies only to a sparse early Coho that may already have entered. Measured river conditions describe the St. Joseph mainstem at Niles. Water temperature, clarity, hydraulic shape, and presentation conditions can differ in the harbor and lower Michigan river, at individual ladder tailwaters, and through South Bend, Mishawaka, and the Twin Branch reach. This read uses a current river level, measured water temperature, and the hourly weather outlook.","Start with 5–9 AM. If the sky changes from the forecast, favor the darkest practical window. Apply this response window at Niles; verify temperature, clarity, flow shape, and legal access again before carrying it to another St. Joseph section."
2024-08-20,pre_run,19,Inactive,73.4,2680,ideal,1,19,18,18,19,05-09,Today’s Coho activity outlook is inactive.,"Conditions provide little environmental support for an aggressive response. The strongest window is 5–9 AM: Clouds or lower light make this window more favorable. The main limitation: Water temperature limits responsiveness. Dependable river presence has not begun. The score applies only to a sparse early Coho that may already have entered. Measured river conditions describe the St. Joseph mainstem at Niles. Water temperature, clarity, hydraulic shape, and presentation conditions can differ in the harbor and lower Michigan river, at individual ladder tailwaters, and through South Bend, Mishawaka, and the Twin Branch reach. This read uses a current river level, measured water temperature, and the hourly weather outlook.","Start with 5–9 AM. If the sky changes from the forecast, favor the darkest practical window. Apply this response window at Niles; verify temperature, clarity, flow shape, and legal access again before carrying it to another St. Joseph section."
2017-08-24,pre_run,19,Inactive,73.22,1630,low,0,19,19,19,19,05-09,Today’s Coho activity outlook is inactive.,"Conditions provide little environmental support for an aggressive response. The strongest window is 5–9 AM: Clouds or lower light make this window more favorable. The main limitation: Water temperature limits responsiveness. Dependable river presence has not begun. The score applies only to a sparse early Coho that may already have entered. Measured river conditions describe the St. Joseph mainstem at Niles. Water temperature, clarity, hydraulic shape, and presentation conditions can differ in the harbor and lower Michigan river, at individual ladder tailwaters, and through South Bend, Mishawaka, and the Twin Branch reach. This read uses a current river level, measured water temperature, and the hourly weather outlook.","Start with 5–9 AM. If the sky changes from the forecast, favor the darkest practical window. Apply this response window at Niles; verify temperature, clarity, flow shape, and legal access again before carrying it to another St. Joseph section."
2021-08-30,pre_run,20,Reserved,80.42,2600,ideal,2,20,19,18,20,05-09,Today’s Coho activity outlook is reserved.,"Fish may respond selectively, with important environmental limitations. The strongest window is 5–9 AM: Clouds or lower light make this window more favorable. The main limitation: Water temperature limits responsiveness. Dependable river presence has not begun. The score applies only to a sparse early Coho that may already have entered. Measured river conditions describe the St. Joseph mainstem at Niles. Water temperature, clarity, hydraulic shape, and presentation conditions can differ in the harbor and lower Michigan river, at individual ladder tailwaters, and through South Bend, Mishawaka, and the Twin Branch reach. This read uses a current river level, measured water temperature, and the hourly weather outlook.","Start with 5–9 AM. If the sky changes from the forecast, favor the darkest practical window. Apply this response window at Niles; verify temperature, clarity, flow shape, and legal access again before carrying it to another St. Joseph section."
2016-08-26,pre_run,20,Reserved,73.94,3440,high_fishable,1,20,19,20,20,05-09,Today’s Coho activity outlook is reserved.,"Fish may respond selectively, with important environmental limitations. The strongest window is 5–9 AM: Clouds or lower light make this window more favorable. The main limitation: Water temperature limits responsiveness. Dependable river presence has not begun. The score applies only to a sparse early Coho that may already have entered. Measured river conditions describe the St. Joseph mainstem at Niles. Water temperature, clarity, hydraulic shape, and presentation conditions can differ in the harbor and lower Michigan river, at individual ladder tailwaters, and through South Bend, Mishawaka, and the Twin Branch reach. This read uses a current river level, measured water temperature, and the hourly weather outlook.","Start with 5–9 AM. If the sky changes from the forecast, favor the darkest practical window. Apply this response window at Niles; verify temperature, clarity, flow shape, and legal access again before carrying it to another St. Joseph section."
2021-08-25,pre_run,20,Reserved,79.88,2770,ideal,1,20,19,20,20,05-09,Today’s Coho activity outlook is reserved.,"Fish may respond selectively, with important environmental limitations. The strongest window is 5–9 AM: Clouds or lower light make this window more favorable. The main limitation: Water temperature limits responsiveness. Dependable river presence has not begun. The score applies only to a sparse early Coho that may already have entered. Measured river conditions describe the St. Joseph mainstem at Niles. Water temperature, clarity, hydraulic shape, and presentation conditions can differ in the harbor and lower Michigan river, at individual ladder tailwaters, and through South Bend, Mishawaka, and the Twin Branch reach. This read uses a current river level, measured water temperature, and the hourly weather outlook.","Start with 5–9 AM. If the sky changes from the forecast, favor the darkest practical window. Apply this response window at Niles; verify temperature, clarity, flow shape, and legal access again before carrying it to another St. Joseph section."
2024-08-28,pre_run,20,Reserved,77.54,2600,ideal,1,20,20,19,20,05-09,Today’s Coho activity outlook is reserved.,"Fish may respond selectively, with important environmental limitations. The strongest window is 5–9 AM: Clouds or lower light make this window more favorable. The main limitation: Water temperature limits responsiveness. Dependable river presence has not begun. The score applies only to a sparse early Coho that may already have entered. Measured river conditions describe the St. Joseph mainstem at Niles. Water temperature, clarity, hydraulic shape, and presentation conditions can differ in the harbor and lower Michigan river, at individual ladder tailwaters, and through South Bend, Mishawaka, and the Twin Branch reach. This read uses a current river level, measured water temperature, and the hourly weather outlook.","Start with 5–9 AM. If the sky changes from the forecast, favor the darkest practical window. Apply this response window at Niles; verify temperature, clarity, flow shape, and legal access again before carrying it to another St. Joseph section."
2019-08-20,pre_run,20,Reserved,75.38,3110,ideal,0,20,20,20,20,05-09,Today’s Coho activity outlook is reserved.,"Fish may respond selectively, with important environmental limitations. The strongest window is 5–9 AM: Clouds or lower light make this window more favorable. The main limitation: Water temperature limits responsiveness. Dependable river presence has not begun. The score applies only to a sparse early Coho that may already have entered. Measured river conditions describe the St. Joseph mainstem at Niles. Water temperature, clarity, hydraulic shape, and presentation conditions can differ in the harbor and lower Michigan river, at individual ladder tailwaters, and through South Bend, Mishawaka, and the Twin Branch reach. This read uses a current river level, measured water temperature, and the hourly weather outlook.","Start with 5–9 AM. If the sky changes from the forecast, favor the darkest practical window. Apply this response window at Niles; verify temperature, clarity, flow shape, and legal access again before carrying it to another St. Joseph section."
2025-08-26,pre_run,23,Reserved,71.78,1480,low,2,23,21,22,23,05-09,Today’s Coho activity outlook is reserved.,"Fish may respond selectively, with important environmental limitations. The strongest window is 5–9 AM: Clouds or lower light make this window more favorable. The main limitation: Water temperature limits responsiveness. Dependable river presence has not begun. The score applies only to a sparse early Coho that may already have entered. Measured river conditions describe the St. Joseph mainstem at Niles. Water temperature, clarity, hydraulic shape, and presentation conditions can differ in the harbor and lower Michigan river, at individual ladder tailwaters, and through South Bend, Mishawaka, and the Twin Branch reach. This read uses a current river level, measured water temperature, and the hourly weather outlook.","Start with 5–9 AM. If the sky changes from the forecast, favor the darkest practical window. Apply this response window at Niles; verify temperature, clarity, flow shape, and legal access again before carrying it to another St. Joseph section."
2017-08-31,pre_run,26,Reserved,70.7,1590,low,5,25,28,25,23,09-13,Today’s Coho activity outlook is reserved.,"Fish may respond selectively, with important environmental limitations. The strongest window is 9 AM–1 PM: Clouds or lower light make this window more favorable. The main limitation: Water temperature limits responsiveness. Dependable river presence has not begun. The score applies only to a sparse early Coho that may already have entered. Measured river conditions describe the St. Joseph mainstem at Niles. Water temperature, clarity, hydraulic shape, and presentation conditions can differ in the harbor and lower Michigan river, at individual ladder tailwaters, and through South Bend, Mishawaka, and the Twin Branch reach. This read uses a current river level, measured water temperature, and the hourly weather outlook.","Start with 9 AM–1 PM. If the sky changes from the forecast, favor the darkest practical window. Apply this response window at Niles; verify temperature, clarity, flow shape, and legal access again before carrying it to another St. Joseph section."
2015-08-29,pre_run,80,Highly active,67.64,2220,ideal,5,76,80,81,79,13-17,Today’s Coho activity outlook is highly active.,"Conditions strongly favor a response from Coho that are present and capable of reacting. The strongest window is 1–5 PM: Clouds or lower light make this window more favorable. The main limitation: Water temperature limits responsiveness. Dependable river presence has not begun. The score applies only to a sparse early Coho that may already have entered. Measured river conditions describe the St. Joseph mainstem at Niles. Water temperature, clarity, hydraulic shape, and presentation conditions can differ in the harbor and lower Michigan river, at individual ladder tailwaters, and through South Bend, Mishawaka, and the Twin Branch reach. This read uses a current river level, measured water temperature, and the hourly weather outlook.","Start with 1–5 PM. If the sky changes from the forecast, favor the darkest practical window. Apply this response window at Niles; verify temperature, clarity, flow shape, and legal access again before carrying it to another St. Joseph section."
2012-09-12,beginning,19,Inactive,72.14,1190,very_low,2,19,18,17,19,05-09,Today’s Coho activity outlook is inactive.,"Conditions provide little environmental support for an aggressive response. The strongest window is 5–9 AM: Clouds or lower light make this window more favorable. The main limitation: Water temperature limits responsiveness. Early lake-fresh Coho can remain reactive when measured water temperatures are suitable; this score applies only to fish already in the river. Measured river conditions describe the St. Joseph mainstem at Niles. Water temperature, clarity, hydraulic shape, and presentation conditions can differ in the harbor and lower Michigan river, at individual ladder tailwaters, and through South Bend, Mishawaka, and the Twin Branch reach. This read uses a current river level, measured water temperature, and the hourly weather outlook.","Start with 5–9 AM. If the sky changes from the forecast, favor the darkest practical window. Apply this response window at Niles; verify temperature, clarity, flow shape, and legal access again before carrying it to another St. Joseph section."
2016-09-01,beginning,19,Inactive,74.3,3550,high_fishable,1,19,18,19,19,05-09,Today’s Coho activity outlook is inactive.,"Conditions provide little environmental support for an aggressive response. The strongest window is 5–9 AM: Clouds or lower light make this window more favorable. The main limitation: Water temperature limits responsiveness. Early lake-fresh Coho can remain reactive when measured water temperatures are suitable; this score applies only to fish already in the river. Measured river conditions describe the St. Joseph mainstem at Niles. Water temperature, clarity, hydraulic shape, and presentation conditions can differ in the harbor and lower Michigan river, at individual ladder tailwaters, and through South Bend, Mishawaka, and the Twin Branch reach. This read uses a current river level, measured water temperature, and the hourly weather outlook.","Start with 5–9 AM. If the sky changes from the forecast, favor the darkest practical window. Apply this response window at Niles; verify temperature, clarity, flow shape, and legal access again before carrying it to another St. Joseph section."
2023-09-10,beginning,19,Inactive,72.86,1580,low,1,19,18,18,19,05-09,Today’s Coho activity outlook is inactive.,"Conditions provide little environmental support for an aggressive response. The strongest window is 5–9 AM: Clouds or lower light make this window more favorable. The main limitation: Water temperature limits responsiveness. Early lake-fresh Coho can remain reactive when measured water temperatures are suitable; this score applies only to fish already in the river. Measured river conditions describe the St. Joseph mainstem at Niles. Water temperature, clarity, hydraulic shape, and presentation conditions can differ in the harbor and lower Michigan river, at individual ladder tailwaters, and through South Bend, Mishawaka, and the Twin Branch reach. This read uses a current river level, measured water temperature, and the hourly weather outlook.","Start with 5–9 AM. If the sky changes from the forecast, favor the darkest practical window. Apply this response window at Niles; verify temperature, clarity, flow shape, and legal access again before carrying it to another St. Joseph section."
2012-09-02,beginning,20,Reserved,75.56,1300,low,1,20,20,20,19,05-09,Today’s Coho activity outlook is reserved.,"Fish may respond selectively, with important environmental limitations. The strongest window is 5–9 AM: Clouds or lower light make this window more favorable. The main limitation: Water temperature limits responsiveness. Early lake-fresh Coho can remain reactive when measured water temperatures are suitable; this score applies only to fish already in the river. Measured river conditions describe the St. Joseph mainstem at Niles. Water temperature, clarity, hydraulic shape, and presentation conditions can differ in the harbor and lower Michigan river, at individual ladder tailwaters, and through South Bend, Mishawaka, and the Twin Branch reach. This read uses a current river level, measured water temperature, and the hourly weather outlook.","Start with 5–9 AM. If the sky changes from the forecast, favor the darkest practical window. Apply this response window at Niles; verify temperature, clarity, flow shape, and legal access again before carrying it to another St. Joseph section."
2022-09-10,beginning,20,Reserved,73.94,1770,low,1,20,19,20,20,05-09,Today’s Coho activity outlook is reserved.,"Fish may respond selectively, with important environmental limitations. The strongest window is 5–9 AM: Clouds or lower light make this window more favorable. The main limitation: Water temperature limits responsiveness. Early lake-fresh Coho can remain reactive when measured water temperatures are suitable; this score applies only to fish already in the river. Measured river conditions describe the St. Joseph mainstem at Niles. Water temperature, clarity, hydraulic shape, and presentation conditions can differ in the harbor and lower Michigan river, at individual ladder tailwaters, and through South Bend, Mishawaka, and the Twin Branch reach. This read uses a current river level, measured water temperature, and the hourly weather outlook.","Start with 5–9 AM. If the sky changes from the forecast, favor the darkest practical window. Apply this response window at Niles; verify temperature, clarity, flow shape, and legal access again before carrying it to another St. Joseph section."
2024-09-10,beginning,23,Reserved,69.8,1780,low,3,24,22,21,24,05-09,Today’s Coho activity outlook is reserved.,"Fish may respond selectively, with important environmental limitations. The strongest window is 5–9 AM: Clouds or lower light make this window more favorable. The main limitation: Water temperature limits responsiveness. Early lake-fresh Coho can remain reactive when measured water temperatures are suitable; this score applies only to fish already in the river. Measured river conditions describe the St. Joseph mainstem at Niles. Water temperature, clarity, hydraulic shape, and presentation conditions can differ in the harbor and lower Michigan river, at individual ladder tailwaters, and through South Bend, Mishawaka, and the Twin Branch reach. This read uses a current river level, measured water temperature, and the hourly weather outlook.","Start with 5–9 AM. If the sky changes from the forecast, favor the darkest practical window. Apply this response window at Niles; verify temperature, clarity, flow shape, and legal access again before carrying it to another St. Joseph section."
2018-09-14,beginning,24,Reserved,68.9,2940,ideal,3,25,23,22,24,05-09,Today’s Coho activity outlook is reserved.,"Fish may respond selectively, with important environmental limitations. The strongest window is 5–9 AM: Clouds or lower light make this window more favorable. The main limitation: Water temperature limits responsiveness. Early lake-fresh Coho can remain reactive when measured water temperatures are suitable; this score applies only to fish already in the river. Measured river conditions describe the St. Joseph mainstem at Niles. Water temperature, clarity, hydraulic shape, and presentation conditions can differ in the harbor and lower Michigan river, at individual ladder tailwaters, and through South Bend, Mishawaka, and the Twin Branch reach. This read uses a current river level, measured water temperature, and the hourly weather outlook.","Start with 5–9 AM. If the sky changes from the forecast, favor the darkest practical window. Apply this response window at Niles; verify temperature, clarity, flow shape, and legal access again before carrying it to another St. Joseph section."
2017-09-20,beginning,25,Reserved,71.06,1860,ideal,5,28,24,23,24,05-09,Today’s Coho activity outlook is reserved.,"Fish may respond selectively, with important environmental limitations. The strongest window is 5–9 AM: Clouds or lower light make this window more favorable. The main limitation: Water temperature limits responsiveness. Early lake-fresh Coho can remain reactive when measured water temperatures are suitable; this score applies only to fish already in the river. Measured river conditions describe the St. Joseph mainstem at Niles. Water temperature, clarity, hydraulic shape, and presentation conditions can differ in the harbor and lower Michigan river, at individual ladder tailwaters, and through South Bend, Mishawaka, and the Twin Branch reach. This read uses a current river level, measured water temperature, and the hourly weather outlook.","Start with 5–9 AM. If the sky changes from the forecast, favor the darkest practical window. Apply this response window at Niles; verify temperature, clarity, flow shape, and legal access again before carrying it to another St. Joseph section."
2020-09-06,beginning,26,Reserved,71.78,1580,low,3,27,27,25,24,05-09,Today’s Coho activity outlook is reserved.,"Fish may respond selectively, with important environmental limitations. The strongest window is 5–9 AM: Clouds or lower light make this window more favorable. The main limitation: Water temperature limits responsiveness. Early lake-fresh Coho can remain reactive when measured water temperatures are suitable; this score applies only to fish already in the river. Measured river conditions describe the St. Joseph mainstem at Niles. Water temperature, clarity, hydraulic shape, and presentation conditions can differ in the harbor and lower Michigan river, at individual ladder tailwaters, and through South Bend, Mishawaka, and the Twin Branch reach. This read uses a current river level, measured water temperature, and the hourly weather outlook.","Start with 5–9 AM. If the sky changes from the forecast, favor the darkest practical window. Apply this response window at Niles; verify temperature, clarity, flow shape, and legal access again before carrying it to another St. Joseph section."
2023-09-11,beginning,28,Reserved,71.96,1830,ideal,2,28,27,29,28,13-17,Today’s Coho activity outlook is reserved.,"Fish may respond selectively, with important environmental limitations. The strongest window is 1–5 PM: Clouds or lower light make this window more favorable. The main limitation: Water temperature limits responsiveness. Early lake-fresh Coho can remain reactive when measured water temperatures are suitable; this score applies only to fish already in the river. Measured river conditions describe the St. Joseph mainstem at Niles. Water temperature, clarity, hydraulic shape, and presentation conditions can differ in the harbor and lower Michigan river, at individual ladder tailwaters, and through South Bend, Mishawaka, and the Twin Branch reach. This read uses a current river level, measured water temperature, and the hourly weather outlook.","Start with 1–5 PM. If the sky changes from the forecast, favor the darkest practical window. Apply this response window at Niles; verify temperature, clarity, flow shape, and legal access again before carrying it to another St. Joseph section."
2018-09-12,beginning,63,Active,67.46,3290,high_fishable,15,67,54,52,66,05-09,Today’s Coho activity outlook is active.,"Conditions favor a meaningful reaction opportunity. The strongest window is 5–9 AM: Clouds or lower light make this window more favorable. The main limitation: Rain adds little extra cover. Early lake-fresh Coho can remain reactive when measured water temperatures are suitable; this score applies only to fish already in the river. Measured river conditions describe the St. Joseph mainstem at Niles. Water temperature, clarity, hydraulic shape, and presentation conditions can differ in the harbor and lower Michigan river, at individual ladder tailwaters, and through South Bend, Mishawaka, and the Twin Branch reach. This read uses a current river level, measured water temperature, and the hourly weather outlook.","Start with 5–9 AM. If the sky changes from the forecast, favor the darkest practical window. Apply this response window at Niles; verify temperature, clarity, flow shape, and legal access again before carrying it to another St. Joseph section."
2013-09-28,beginning,68,Active,65.66,1500,low,18,65,57,75,66,13-17,Today’s Coho activity outlook is active.,"Conditions favor a meaningful reaction opportunity. The strongest window is 1–5 PM: Clouds or lower light make this window more favorable. The main limitation: Rain adds little extra cover. Early lake-fresh Coho can remain reactive when measured water temperatures are suitable; this score applies only to fish already in the river. Measured river conditions describe the St. Joseph mainstem at Niles. Water temperature, clarity, hydraulic shape, and presentation conditions can differ in the harbor and lower Michigan river, at individual ladder tailwaters, and through South Bend, Mishawaka, and the Twin Branch reach. This read uses a current river level, measured water temperature, and the hourly weather outlook.","Start with 1–5 PM. If the sky changes from the forecast, favor the darkest practical window. Apply this response window at Niles; verify temperature, clarity, flow shape, and legal access again before carrying it to another St. Joseph section."
2018-09-11,beginning,74,Active,67.1,3280,high_fishable,19,82,73,63,67,05-09,Today’s Coho activity outlook is active.,"Conditions favor a meaningful reaction opportunity. The strongest window is 5–9 AM: Clouds or lower light make this window more favorable. The main limitation: Rain adds little extra cover. Early lake-fresh Coho can remain reactive when measured water temperatures are suitable; this score applies only to fish already in the river. Measured river conditions describe the St. Joseph mainstem at Niles. Water temperature, clarity, hydraulic shape, and presentation conditions can differ in the harbor and lower Michigan river, at individual ladder tailwaters, and through South Bend, Mishawaka, and the Twin Branch reach. This read uses a current river level, measured water temperature, and the hourly weather outlook.","Start with 5–9 AM. If the sky changes from the forecast, favor the darkest practical window. Apply this response window at Niles; verify temperature, clarity, flow shape, and legal access again before carrying it to another St. Joseph section."
2015-09-26,beginning,79,Active,67.28,2280,ideal,5,81,76,79,78,05-09,Today’s Coho activity outlook is active.,"Conditions favor a meaningful reaction opportunity. The strongest window is 5–9 AM: Clouds or lower light make this window more favorable. The main limitation: Water temperature limits responsiveness. Early lake-fresh Coho can remain reactive when measured water temperatures are suitable; this score applies only to fish already in the river. Measured river conditions describe the St. Joseph mainstem at Niles. Water temperature, clarity, hydraulic shape, and presentation conditions can differ in the harbor and lower Michigan river, at individual ladder tailwaters, and through South Bend, Mishawaka, and the Twin Branch reach. This read uses a current river level, measured water temperature, and the hourly weather outlook.","Start with 5–9 AM. If the sky changes from the forecast, favor the darkest practical window. Apply this response window at Niles; verify temperature, clarity, flow shape, and legal access again before carrying it to another St. Joseph section."
2016-09-30,beginning,88,Highly active,65.12,2470,ideal,2,87,86,88,88,13-17,Today’s Coho activity outlook is highly active.,"Conditions strongly favor a response from Coho that are present and capable of reacting. The strongest window is 1–5 PM: Clouds or lower light make this window more favorable. The main limitation: Rain adds little extra cover. Early lake-fresh Coho can remain reactive when measured water temperatures are suitable; this score applies only to fish already in the river. Measured river conditions describe the St. Joseph mainstem at Niles. Water temperature, clarity, hydraulic shape, and presentation conditions can differ in the harbor and lower Michigan river, at individual ladder tailwaters, and through South Bend, Mishawaka, and the Twin Branch reach. This read uses a current river level, measured water temperature, and the hourly weather outlook.","Start with 1–5 PM. If the sky changes from the forecast, favor the darkest practical window. Apply this response window at Niles; verify temperature, clarity, flow shape, and legal access again before carrying it to another St. Joseph section."
2023-10-03,building,23,Reserved,68.9,1500,low,3,24,22,21,23,05-09,Today’s Coho activity outlook is reserved.,"Fish may respond selectively, with important environmental limitations. The strongest window is 5–9 AM: Clouds or lower light make this window more favorable. The main limitation: Water temperature limits responsiveness. More Coho are entering and settling into the river; measured water temperature matters, but this score describes reaction conditions rather than movement or abundance. Measured river conditions describe the St. Joseph mainstem at Niles. Water temperature, clarity, hydraulic shape, and presentation conditions can differ in the harbor and lower Michigan river, at individual ladder tailwaters, and through South Bend, Mishawaka, and the Twin Branch reach. This read uses a current river level, measured water temperature, and the hourly weather outlook.","Start with 5–9 AM. If the sky changes from the forecast, favor the darkest practical window. Apply this response window at Niles; verify temperature, clarity, flow shape, and legal access again before carrying it to another St. Joseph section."
2023-10-04,building,26,Reserved,69.08,1320,low,1,26,26,25,26,05-09,Today’s Coho activity outlook is reserved.,"Fish may respond selectively, with important environmental limitations. The strongest window is 5–9 AM: Clouds or lower light make this window more favorable. The main limitation: Water temperature limits responsiveness. More Coho are entering and settling into the river; measured water temperature matters, but this score describes reaction conditions rather than movement or abundance. Measured river conditions describe the St. Joseph mainstem at Niles. Water temperature, clarity, hydraulic shape, and presentation conditions can differ in the harbor and lower Michigan river, at individual ladder tailwaters, and through South Bend, Mishawaka, and the Twin Branch reach. This read uses a current river level, measured water temperature, and the hourly weather outlook.","Start with 5–9 AM. If the sky changes from the forecast, favor the darkest practical window. Apply this response window at Niles; verify temperature, clarity, flow shape, and legal access again before carrying it to another St. Joseph section."
2025-10-09,building,58,Moderate,65.84,1310,low,14,62,49,48,61,05-09,Today’s Coho activity outlook is moderate.,"Some useful factors are present, but the response window is mixed. The strongest window is 5–9 AM: Clouds or lower light make this window more favorable. The main limitation: The river level or its recent change is less favorable. More Coho are entering and settling into the river; measured water temperature matters, but this score describes reaction conditions rather than movement or abundance. Measured river conditions describe the St. Joseph mainstem at Niles. Water temperature, clarity, hydraulic shape, and presentation conditions can differ in the harbor and lower Michigan river, at individual ladder tailwaters, and through South Bend, Mishawaka, and the Twin Branch reach. This read uses a current river level, measured water temperature, and the hourly weather outlook.","Start with 5–9 AM. If the sky changes from the forecast, favor the darkest practical window. Apply this response window at Niles; verify temperature, clarity, flow shape, and legal access again before carrying it to another St. Joseph section."
2013-10-09,building,64,Active,63.86,1690,low,14,68,55,54,67,05-09,Today’s Coho activity outlook is active.,"Conditions favor a meaningful reaction opportunity. The strongest window is 5–9 AM: Clouds or lower light make this window more favorable. The main limitation: Rain adds little extra cover. More Coho are entering and settling into the river; measured water temperature matters, but this score describes reaction conditions rather than movement or abundance. Measured river conditions describe the St. Joseph mainstem at Niles. Water temperature, clarity, hydraulic shape, and presentation conditions can differ in the harbor and lower Michigan river, at individual ladder tailwaters, and through South Bend, Mishawaka, and the Twin Branch reach. This read uses a current river level, measured water temperature, and the hourly weather outlook.","Start with 5–9 AM. If the sky changes from the forecast, favor the darkest practical window. Apply this response window at Niles; verify temperature, clarity, flow shape, and legal access again before carrying it to another St. Joseph section."
2017-10-09,building,66,Active,67.28,1990,ideal,19,71,53,52,69,05-09,Today’s Coho activity outlook is active.,"Conditions favor a meaningful reaction opportunity. The strongest window is 5–9 AM: Clouds or lower light make this window more favorable. The main limitation: Water temperature limits responsiveness. More Coho are entering and settling into the river; measured water temperature matters, but this score describes reaction conditions rather than movement or abundance. Measured river conditions describe the St. Joseph mainstem at Niles. Water temperature, clarity, hydraulic shape, and presentation conditions can differ in the harbor and lower Michigan river, at individual ladder tailwaters, and through South Bend, Mishawaka, and the Twin Branch reach. This read uses a current river level, measured water temperature, and the hourly weather outlook.","Start with 5–9 AM. If the sky changes from the forecast, favor the darkest practical window. Apply this response window at Niles; verify temperature, clarity, flow shape, and legal access again before carrying it to another St. Joseph section."
2013-10-02,building,68,Active,66.02,1560,low,26,72,53,50,76,17-21,Today’s Coho activity outlook is active.,"Conditions favor a meaningful reaction opportunity. The strongest window is 5–9 PM: Clouds or lower light make this window more favorable. The main limitation: Water temperature limits responsiveness. More Coho are entering and settling into the river; measured water temperature matters, but this score describes reaction conditions rather than movement or abundance. Measured river conditions describe the St. Joseph mainstem at Niles. Water temperature, clarity, hydraulic shape, and presentation conditions can differ in the harbor and lower Michigan river, at individual ladder tailwaters, and through South Bend, Mishawaka, and the Twin Branch reach. This read uses a current river level, measured water temperature, and the hourly weather outlook.","Start with 5–9 PM. If the sky changes from the forecast, favor the darkest practical window. Apply this response window at Niles; verify temperature, clarity, flow shape, and legal access again before carrying it to another St. Joseph section."
2022-10-02,building,69,Active,61.16,1750,low,15,72,65,57,71,05-09,Today’s Coho activity outlook is active.,"Conditions favor a meaningful reaction opportunity. The strongest window is 5–9 AM: Clouds or lower light make this window more favorable. The main limitation: Rain adds little extra cover. More Coho are entering and settling into the river; measured water temperature matters, but this score describes reaction conditions rather than movement or abundance. Measured river conditions describe the St. Joseph mainstem at Niles. Water temperature, clarity, hydraulic shape, and presentation conditions can differ in the harbor and lower Michigan river, at individual ladder tailwaters, and through South Bend, Mishawaka, and the Twin Branch reach. This read uses a current river level, measured water temperature, and the hourly weather outlook.","Start with 5–9 AM. If the sky changes from the forecast, favor the darkest practical window. Apply this response window at Niles; verify temperature, clarity, flow shape, and legal access again before carrying it to another St. Joseph section."
2024-10-01,building,70,Active,67.64,1940,ideal,7,65,72,71,68,09-13,Today’s Coho activity outlook is active.,"Conditions favor a meaningful reaction opportunity. The strongest window is 9 AM–1 PM: Clouds or lower light make this window more favorable. The main limitation: Water temperature limits responsiveness. More Coho are entering and settling into the river; measured water temperature matters, but this score describes reaction conditions rather than movement or abundance. Measured river conditions describe the St. Joseph mainstem at Niles. Water temperature, clarity, hydraulic shape, and presentation conditions can differ in the harbor and lower Michigan river, at individual ladder tailwaters, and through South Bend, Mishawaka, and the Twin Branch reach. This read uses a current river level, measured water temperature, and the hourly weather outlook.","Start with 9 AM–1 PM. If the sky changes from the forecast, favor the darkest practical window. Apply this response window at Niles; verify temperature, clarity, flow shape, and legal access again before carrying it to another St. Joseph section."
2018-10-03,building,72,Active,64.76,2920,ideal,15,78,66,63,70,05-09,Today’s Coho activity outlook is active.,"Conditions favor a meaningful reaction opportunity. The strongest window is 5–9 AM: Clouds or lower light make this window more favorable. The main limitation: Rain adds little extra cover. More Coho are entering and settling into the river; measured water temperature matters, but this score describes reaction conditions rather than movement or abundance. Measured river conditions describe the St. Joseph mainstem at Niles. Water temperature, clarity, hydraulic shape, and presentation conditions can differ in the harbor and lower Michigan river, at individual ladder tailwaters, and through South Bend, Mishawaka, and the Twin Branch reach. This read uses a current river level, measured water temperature, and the hourly weather outlook.","Start with 5–9 AM. If the sky changes from the forecast, favor the darkest practical window. Apply this response window at Niles; verify temperature, clarity, flow shape, and legal access again before carrying it to another St. Joseph section."
2019-10-03,building,73,Active,67.64,5100,high_fishable,8,73,74,75,67,13-17,Today’s Coho activity outlook is active.,"Conditions favor a meaningful reaction opportunity. The strongest window is 1–5 PM: Clouds or lower light make this window more favorable. The main limitation: Water temperature limits responsiveness. More Coho are entering and settling into the river; measured water temperature matters, but this score describes reaction conditions rather than movement or abundance. Measured river conditions describe the St. Joseph mainstem at Niles. Water temperature, clarity, hydraulic shape, and presentation conditions can differ in the harbor and lower Michigan river, at individual ladder tailwaters, and through South Bend, Mishawaka, and the Twin Branch reach. This read uses a current river level, measured water temperature, and the hourly weather outlook.","Start with 1–5 PM. If the sky changes from the forecast, favor the darkest practical window. Apply this response window at Niles; verify temperature, clarity, flow shape, and legal access again before carrying it to another St. Joseph section."
2015-10-08,building,75,Active,59.18,1800,ideal,18,76,63,66,81,17-21,Today’s Coho activity outlook is active.,"Conditions favor a meaningful reaction opportunity. The strongest window is 5–9 PM: Clouds or lower light make this window more favorable. The main limitation: Rain adds little extra cover. More Coho are entering and settling into the river; measured water temperature matters, but this score describes reaction conditions rather than movement or abundance. Measured river conditions describe the St. Joseph mainstem at Niles. Water temperature, clarity, hydraulic shape, and presentation conditions can differ in the harbor and lower Michigan river, at individual ladder tailwaters, and through South Bend, Mishawaka, and the Twin Branch reach. This read uses a current river level, measured water temperature, and the hourly weather outlook.","Start with 5–9 PM. If the sky changes from the forecast, favor the darkest practical window. Apply this response window at Niles; verify temperature, clarity, flow shape, and legal access again before carrying it to another St. Joseph section."
2021-10-07,building,76,Active,66.74,3630,high_fishable,9,75,76,78,69,13-17,Today’s Coho activity outlook is active.,"Conditions favor a meaningful reaction opportunity. The strongest window is 1–5 PM: Clouds or lower light make this window more favorable. The main limitation: Water temperature limits responsiveness. More Coho are entering and settling into the river; measured water temperature matters, but this score describes reaction conditions rather than movement or abundance. Measured river conditions describe the St. Joseph mainstem at Niles. Water temperature, clarity, hydraulic shape, and presentation conditions can differ in the harbor and lower Michigan river, at individual ladder tailwaters, and through South Bend, Mishawaka, and the Twin Branch reach. This read uses a current river level, measured water temperature, and the hourly weather outlook.","Start with 1–5 PM. If the sky changes from the forecast, favor the darkest practical window. Apply this response window at Niles; verify temperature, clarity, flow shape, and legal access again before carrying it to another St. Joseph section."
2021-10-06,building,77,Active,66.38,3740,high_fishable,5,78,78,77,73,05-09,Today’s Coho activity outlook is active.,"Conditions favor a meaningful reaction opportunity. The strongest window is 5–9 AM: Clouds or lower light make this window more favorable. The main limitation: Water temperature limits responsiveness. More Coho are entering and settling into the river; measured water temperature matters, but this score describes reaction conditions rather than movement or abundance. Measured river conditions describe the St. Joseph mainstem at Niles. Water temperature, clarity, hydraulic shape, and presentation conditions can differ in the harbor and lower Michigan river, at individual ladder tailwaters, and through South Bend, Mishawaka, and the Twin Branch reach. This read uses a current river level, measured water temperature, and the hourly weather outlook.","Start with 5–9 AM. If the sky changes from the forecast, favor the darkest practical window. Apply this response window at Niles; verify temperature, clarity, flow shape, and legal access again before carrying it to another St. Joseph section."
2013-10-07,building,79,Active,63.86,1880,ideal,14,79,84,73,70,09-13,Today’s Coho activity outlook is active.,"Conditions favor a meaningful reaction opportunity. The strongest window is 9 AM–1 PM: Clouds or lower light make this window more favorable. The main limitation: Rain adds little extra cover. More Coho are entering and settling into the river; measured water temperature matters, but this score describes reaction conditions rather than movement or abundance. Measured river conditions describe the St. Joseph mainstem at Niles. Water temperature, clarity, hydraulic shape, and presentation conditions can differ in the harbor and lower Michigan river, at individual ladder tailwaters, and through South Bend, Mishawaka, and the Twin Branch reach. This read uses a current river level, measured water temperature, and the hourly weather outlook.","Start with 9 AM–1 PM. If the sky changes from the forecast, favor the darkest practical window. Apply this response window at Niles; verify temperature, clarity, flow shape, and legal access again before carrying it to another St. Joseph section."
2013-10-05,building,80,Highly active,67.64,1870,ideal,6,75,80,81,81,13-17,Today’s Coho activity outlook is highly active.,"Conditions strongly favor a response from Coho that are present and capable of reacting. The strongest window is 1–5 PM: Clouds or lower light make this window more favorable. The main limitation: Water temperature limits responsiveness. More Coho are entering and settling into the river; measured water temperature matters, but this score describes reaction conditions rather than movement or abundance. Measured river conditions describe the St. Joseph mainstem at Niles. Water temperature, clarity, hydraulic shape, and presentation conditions can differ in the harbor and lower Michigan river, at individual ladder tailwaters, and through South Bend, Mishawaka, and the Twin Branch reach. This read uses a current river level, measured water temperature, and the hourly weather outlook.","Start with 1–5 PM. If the sky changes from the forecast, favor the darkest practical window. Apply this response window at Niles; verify temperature, clarity, flow shape, and legal access again before carrying it to another St. Joseph section."
2016-10-01,building,82,Highly active,64.22,3220,high_fishable,17,85,84,68,77,05-09,Today’s Coho activity outlook is highly active.,"Conditions strongly favor a response from Coho that are present and capable of reacting. The strongest window is 5–9 AM: Clouds or lower light make this window more favorable. The main limitation: Water temperature limits responsiveness. More Coho are entering and settling into the river; measured water temperature matters, but this score describes reaction conditions rather than movement or abundance. Measured river conditions describe the St. Joseph mainstem at Niles. Water temperature, clarity, hydraulic shape, and presentation conditions can differ in the harbor and lower Michigan river, at individual ladder tailwaters, and through South Bend, Mishawaka, and the Twin Branch reach. This read uses a current river level, measured water temperature, and the hourly weather outlook.","Start with 5–9 AM. If the sky changes from the forecast, favor the darkest practical window. Apply this response window at Niles; verify temperature, clarity, flow shape, and legal access again before carrying it to another St. Joseph section."
2022-10-07,building,83,Highly active,59.54,1640,low,23,79,64,87,87,13-17,Today’s Coho activity outlook is highly active.,"Conditions strongly favor a response from Coho that are present and capable of reacting. The strongest window is 1–5 PM: Clouds or lower light make this window more favorable. The main limitation: Rain adds little extra cover. More Coho are entering and settling into the river; measured water temperature matters, but this score describes reaction conditions rather than movement or abundance. Measured river conditions describe the St. Joseph mainstem at Niles. Water temperature, clarity, hydraulic shape, and presentation conditions can differ in the harbor and lower Michigan river, at individual ladder tailwaters, and through South Bend, Mishawaka, and the Twin Branch reach. This read uses a current river level, measured water temperature, and the hourly weather outlook.","Start with 1–5 PM. If the sky changes from the forecast, favor the darkest practical window. Apply this response window at Niles; verify temperature, clarity, flow shape, and legal access again before carrying it to another St. Joseph section."
2022-10-05,building,84,Highly active,60.8,1750,low,12,79,87,86,75,09-13,Today’s Coho activity outlook is highly active.,"Conditions strongly favor a response from Coho that are present and capable of reacting. The strongest window is 9 AM–1 PM: Clouds or lower light make this window more favorable. The main limitation: Rain adds little extra cover. More Coho are entering and settling into the river; measured water temperature matters, but this score describes reaction conditions rather than movement or abundance. Measured river conditions describe the St. Joseph mainstem at Niles. Water temperature, clarity, hydraulic shape, and presentation conditions can differ in the harbor and lower Michigan river, at individual ladder tailwaters, and through South Bend, Mishawaka, and the Twin Branch reach. This read uses a current river level, measured water temperature, and the hourly weather outlook.","Start with 9 AM–1 PM. If the sky changes from the forecast, favor the darkest practical window. Apply this response window at Niles; verify temperature, clarity, flow shape, and legal access again before carrying it to another St. Joseph section."
2020-10-03,building,86,Highly active,58.82,1710,low,7,82,81,86,88,17-21,Today’s Coho activity outlook is highly active.,"Conditions strongly favor a response from Coho that are present and capable of reacting. The strongest window is 5–9 PM: Clouds or lower light make this window more favorable. The main limitation: Rain adds little extra cover. More Coho are entering and settling into the river; measured water temperature matters, but this score describes reaction conditions rather than movement or abundance. Measured river conditions describe the St. Joseph mainstem at Niles. Water temperature, clarity, hydraulic shape, and presentation conditions can differ in the harbor and lower Michigan river, at individual ladder tailwaters, and through South Bend, Mishawaka, and the Twin Branch reach. This read uses a current river level, measured water temperature, and the hourly weather outlook.","Start with 5–9 PM. If the sky changes from the forecast, favor the darkest practical window. Apply this response window at Niles; verify temperature, clarity, flow shape, and legal access again before carrying it to another St. Joseph section."
2015-10-04,building,92,Highly active,59,1900,ideal,4,91,93,91,89,09-13,Today’s Coho activity outlook is highly active.,"Conditions strongly favor a response from Coho that are present and capable of reacting. The strongest window is 9 AM–1 PM: Clouds or lower light make this window more favorable. The main limitation: Rain adds little extra cover. More Coho are entering and settling into the river; measured water temperature matters, but this score describes reaction conditions rather than movement or abundance. Measured river conditions describe the St. Joseph mainstem at Niles. Water temperature, clarity, hydraulic shape, and presentation conditions can differ in the harbor and lower Michigan river, at individual ladder tailwaters, and through South Bend, Mishawaka, and the Twin Branch reach. This read uses a current river level, measured water temperature, and the hourly weather outlook.","Start with 9 AM–1 PM. If the sky changes from the forecast, favor the darkest practical window. Apply this response window at Niles; verify temperature, clarity, flow shape, and legal access again before carrying it to another St. Joseph section."
2021-10-26,peak,20,Reserved,51.08,10000,blown_out,1,20,19,19,20,05-09,Today’s Coho activity outlook is reserved.,"Fish may respond selectively, with important environmental limitations. The strongest window is 5–9 AM: Clouds or lower light make this window more favorable. The main limitation: The river level or its recent change is less favorable. Broad seasonal presence can make fish easier to locate, but this score measures the responsiveness of Coho already present rather than their abundance. Measured river conditions describe the St. Joseph mainstem at Niles. Water temperature, clarity, hydraulic shape, and presentation conditions can differ in the harbor and lower Michigan river, at individual ladder tailwaters, and through South Bend, Mishawaka, and the Twin Branch reach. This read uses a current river level, measured water temperature, and the hourly weather outlook.","Start with 5–9 AM. If the sky changes from the forecast, favor the darkest practical window. Apply this response window at Niles; verify temperature, clarity, flow shape, and legal access again before carrying it to another St. Joseph section."
2012-10-12,peak,65,Active,54.32,1230,very_low,15,69,55,54,67,05-09,Today’s Coho activity outlook is active.,"Conditions favor a meaningful reaction opportunity. The strongest window is 5–9 AM: Clouds or lower light make this window more favorable. The main limitation: The river level or its recent change is less favorable. Broad seasonal presence can make fish easier to locate, but this score measures the responsiveness of Coho already present rather than their abundance. Measured river conditions describe the St. Joseph mainstem at Niles. Water temperature, clarity, hydraulic shape, and presentation conditions can differ in the harbor and lower Michigan river, at individual ladder tailwaters, and through South Bend, Mishawaka, and the Twin Branch reach. This read uses a current river level, measured water temperature, and the hourly weather outlook.","Start with 5–9 AM. If the sky changes from the forecast, favor the darkest practical window. Apply this response window at Niles; verify temperature, clarity, flow shape, and legal access again before carrying it to another St. Joseph section."
2015-10-18,peak,70,Active,53.78,1570,low,13,73,61,60,72,05-09,Today’s Coho activity outlook is active.,"Conditions favor a meaningful reaction opportunity. The strongest window is 5–9 AM: Clouds or lower light make this window more favorable. The main limitation: Rain adds little extra cover. Broad seasonal presence can make fish easier to locate, but this score measures the responsiveness of Coho already present rather than their abundance. Measured river conditions describe the St. Joseph mainstem at Niles. Water temperature, clarity, hydraulic shape, and presentation conditions can differ in the harbor and lower Michigan river, at individual ladder tailwaters, and through South Bend, Mishawaka, and the Twin Branch reach. This read uses a current river level, measured water temperature, and the hourly weather outlook.","Start with 5–9 AM. If the sky changes from the forecast, favor the darkest practical window. Apply this response window at Niles; verify temperature, clarity, flow shape, and legal access again before carrying it to another St. Joseph section."
2022-10-13,peak,73,Active,57.02,1450,low,18,73,59,73,77,17-21,Today’s Coho activity outlook is active.,"Conditions favor a meaningful reaction opportunity. The strongest window is 5–9 PM: Clouds or lower light make this window more favorable. The main limitation: Rain adds little extra cover. Broad seasonal presence can make fish easier to locate, but this score measures the responsiveness of Coho already present rather than their abundance. Measured river conditions describe the St. Joseph mainstem at Niles. Water temperature, clarity, hydraulic shape, and presentation conditions can differ in the harbor and lower Michigan river, at individual ladder tailwaters, and through South Bend, Mishawaka, and the Twin Branch reach. This read uses a current river level, measured water temperature, and the hourly weather outlook.","Start with 5–9 PM. If the sky changes from the forecast, favor the darkest practical window. Apply this response window at Niles; verify temperature, clarity, flow shape, and legal access again before carrying it to another St. Joseph section."
2017-10-17,peak,74,Active,60.44,3800,high_fishable,18,79,61,70,74,05-09,Today’s Coho activity outlook is active.,"Conditions favor a meaningful reaction opportunity. The strongest window is 5–9 AM: Clouds or lower light make this window more favorable. The main limitation: Rain adds little extra cover. Broad seasonal presence can make fish easier to locate, but this score measures the responsiveness of Coho already present rather than their abundance. Measured river conditions describe the St. Joseph mainstem at Niles. Water temperature, clarity, hydraulic shape, and presentation conditions can differ in the harbor and lower Michigan river, at individual ladder tailwaters, and through South Bend, Mishawaka, and the Twin Branch reach. This read uses a current river level, measured water temperature, and the hourly weather outlook.","Start with 5–9 AM. If the sky changes from the forecast, favor the darkest practical window. Apply this response window at Niles; verify temperature, clarity, flow shape, and legal access again before carrying it to another St. Joseph section."
2013-10-29,peak,75,Active,48.02,1680,low,6,74,71,77,74,13-17,Today’s Coho activity outlook is active.,"Conditions favor a meaningful reaction opportunity. The strongest window is 1–5 PM: Clouds or lower light make this window more favorable. The main limitation: Rain adds little extra cover. Broad seasonal presence can make fish easier to locate, but this score measures the responsiveness of Coho already present rather than their abundance. Measured river conditions describe the St. Joseph mainstem at Niles. Water temperature, clarity, hydraulic shape, and presentation conditions can differ in the harbor and lower Michigan river, at individual ladder tailwaters, and through South Bend, Mishawaka, and the Twin Branch reach. This read uses a current river level, measured water temperature, and the hourly weather outlook.","Start with 1–5 PM. If the sky changes from the forecast, favor the darkest practical window. Apply this response window at Niles; verify temperature, clarity, flow shape, and legal access again before carrying it to another St. Joseph section."
2019-10-19,peak,78,Active,52.7,3870,high_fishable,23,74,61,78,84,17-21,Today’s Coho activity outlook is active.,"Conditions favor a meaningful reaction opportunity. The strongest window is 5–9 PM: Clouds or lower light make this window more favorable. The main limitation: Rain adds little extra cover. Broad seasonal presence can make fish easier to locate, but this score measures the responsiveness of Coho already present rather than their abundance. Measured river conditions describe the St. Joseph mainstem at Niles. Water temperature, clarity, hydraulic shape, and presentation conditions can differ in the harbor and lower Michigan river, at individual ladder tailwaters, and through South Bend, Mishawaka, and the Twin Branch reach. This read uses a current river level, measured water temperature, and the hourly weather outlook.","Start with 5–9 PM. If the sky changes from the forecast, favor the darkest practical window. Apply this response window at Niles; verify temperature, clarity, flow shape, and legal access again before carrying it to another St. Joseph section."
2018-10-24,peak,79,Active,49.28,3520,high_fishable,23,74,65,88,76,13-17,Today’s Coho activity outlook is active.,"Conditions favor a meaningful reaction opportunity. The strongest window is 1–5 PM: Clouds or lower light make this window more favorable. The main limitation: Rain adds little extra cover. Broad seasonal presence can make fish easier to locate, but this score measures the responsiveness of Coho already present rather than their abundance. Measured river conditions describe the St. Joseph mainstem at Niles. Water temperature, clarity, hydraulic shape, and presentation conditions can differ in the harbor and lower Michigan river, at individual ladder tailwaters, and through South Bend, Mishawaka, and the Twin Branch reach. This read uses a current river level, measured water temperature, and the hourly weather outlook.","Start with 1–5 PM. If the sky changes from the forecast, favor the darkest practical window. Apply this response window at Niles; verify temperature, clarity, flow shape, and legal access again before carrying it to another St. Joseph section."
2019-10-10,peak,80,Highly active,61.34,4730,high_fishable,24,76,60,83,84,17-21,Today’s Coho activity outlook is highly active.,"Conditions strongly favor a response from Coho that are present and capable of reacting. The strongest window is 5–9 PM: Clouds or lower light make this window more favorable. The main limitation: Rain adds little extra cover. Broad seasonal presence can make fish easier to locate, but this score measures the responsiveness of Coho already present rather than their abundance. Measured river conditions describe the St. Joseph mainstem at Niles. Water temperature, clarity, hydraulic shape, and presentation conditions can differ in the harbor and lower Michigan river, at individual ladder tailwaters, and through South Bend, Mishawaka, and the Twin Branch reach. This read uses a current river level, measured water temperature, and the hourly weather outlook.","Start with 5–9 PM. If the sky changes from the forecast, favor the darkest practical window. Apply this response window at Niles; verify temperature, clarity, flow shape, and legal access again before carrying it to another St. Joseph section."
2013-10-19,peak,82,Highly active,56.48,1700,low,27,91,80,64,79,05-09,Today’s Coho activity outlook is highly active.,"Conditions strongly favor a response from Coho that are present and capable of reacting. The strongest window is 5–9 AM: Clouds or lower light make this window more favorable. The main limitation: The river level or its recent change is less favorable. Broad seasonal presence can make fish easier to locate, but this score measures the responsiveness of Coho already present rather than their abundance. Measured river conditions describe the St. Joseph mainstem at Niles. Water temperature, clarity, hydraulic shape, and presentation conditions can differ in the harbor and lower Michigan river, at individual ladder tailwaters, and through South Bend, Mishawaka, and the Twin Branch reach. This read uses a current river level, measured water temperature, and the hourly weather outlook.","Start with 5–9 AM. If the sky changes from the forecast, favor the darkest practical window. Apply this response window at Niles; verify temperature, clarity, flow shape, and legal access again before carrying it to another St. Joseph section."
2025-10-25,peak,84,Highly active,53.6,2280,ideal,26,77,64,86,90,17-21,Today’s Coho activity outlook is highly active.,"Conditions strongly favor a response from Coho that are present and capable of reacting. The strongest window is 5–9 PM: Clouds or lower light make this window more favorable. The main limitation: Rain adds little extra cover. Broad seasonal presence can make fish easier to locate, but this score measures the responsiveness of Coho already present rather than their abundance. Measured river conditions describe the St. Joseph mainstem at Niles. Water temperature, clarity, hydraulic shape, and presentation conditions can differ in the harbor and lower Michigan river, at individual ladder tailwaters, and through South Bend, Mishawaka, and the Twin Branch reach. This read uses a current river level, measured water temperature, and the hourly weather outlook.","Start with 5–9 PM. If the sky changes from the forecast, favor the darkest practical window. Apply this response window at Niles; verify temperature, clarity, flow shape, and legal access again before carrying it to another St. Joseph section."
2023-10-31,peak,85,Highly active,52.7,2400,ideal,10,79,79,89,85,13-17,Today’s Coho activity outlook is highly active.,"Conditions strongly favor a response from Coho that are present and capable of reacting. The strongest window is 1–5 PM: Clouds or lower light make this window more favorable. The main limitation: Rain adds little extra cover. Broad seasonal presence can make fish easier to locate, but this score measures the responsiveness of Coho already present rather than their abundance. Measured river conditions describe the St. Joseph mainstem at Niles. Water temperature, clarity, hydraulic shape, and presentation conditions can differ in the harbor and lower Michigan river, at individual ladder tailwaters, and through South Bend, Mishawaka, and the Twin Branch reach. This read uses a current river level, measured water temperature, and the hourly weather outlook.","Start with 1–5 PM. If the sky changes from the forecast, favor the darkest practical window. Apply this response window at Niles; verify temperature, clarity, flow shape, and legal access again before carrying it to another St. Joseph section."
2019-10-17,peak,86,Highly active,53.06,4040,high_fishable,8,87,85,88,80,13-17,Today’s Coho activity outlook is highly active.,"Conditions strongly favor a response from Coho that are present and capable of reacting. The strongest window is 1–5 PM: Clouds or lower light make this window more favorable. The main limitation: Rain adds little extra cover. Broad seasonal presence can make fish easier to locate, but this score measures the responsiveness of Coho already present rather than their abundance. Measured river conditions describe the St. Joseph mainstem at Niles. Water temperature, clarity, hydraulic shape, and presentation conditions can differ in the harbor and lower Michigan river, at individual ladder tailwaters, and through South Bend, Mishawaka, and the Twin Branch reach. This read uses a current river level, measured water temperature, and the hourly weather outlook.","Start with 1–5 PM. If the sky changes from the forecast, favor the darkest practical window. Apply this response window at Niles; verify temperature, clarity, flow shape, and legal access again before carrying it to another St. Joseph section."
2013-10-15,peak,87,Highly active,60.44,1640,low,8,86,81,87,89,17-21,Today’s Coho activity outlook is highly active.,"Conditions strongly favor a response from Coho that are present and capable of reacting. The strongest window is 5–9 PM: Clouds or lower light make this window more favorable. The main limitation: The river level or its recent change is less favorable. Broad seasonal presence can make fish easier to locate, but this score measures the responsiveness of Coho already present rather than their abundance. Measured river conditions describe the St. Joseph mainstem at Niles. Water temperature, clarity, hydraulic shape, and presentation conditions can differ in the harbor and lower Michigan river, at individual ladder tailwaters, and through South Bend, Mishawaka, and the Twin Branch reach. This read uses a current river level, measured water temperature, and the hourly weather outlook.","Start with 5–9 PM. If the sky changes from the forecast, favor the darkest practical window. Apply this response window at Niles; verify temperature, clarity, flow shape, and legal access again before carrying it to another St. Joseph section."
2016-10-15,peak,88,Highly active,60.44,2540,ideal,13,77,88,90,89,13-17,Today’s Coho activity outlook is highly active.,"Conditions strongly favor a response from Coho that are present and capable of reacting. The strongest window is 1–5 PM: Clouds or lower light make this window more favorable. The main limitation: Rain adds little extra cover. Broad seasonal presence can make fish easier to locate, but this score measures the responsiveness of Coho already present rather than their abundance. Measured river conditions describe the St. Joseph mainstem at Niles. Water temperature, clarity, hydraulic shape, and presentation conditions can differ in the harbor and lower Michigan river, at individual ladder tailwaters, and through South Bend, Mishawaka, and the Twin Branch reach. This read uses a current river level, measured water temperature, and the hourly weather outlook.","Start with 1–5 PM. If the sky changes from the forecast, favor the darkest practical window. Apply this response window at Niles; verify temperature, clarity, flow shape, and legal access again before carrying it to another St. Joseph section."
2018-10-26,peak,88,Highly active,48.74,3410,high_fishable,1,88,88,88,89,17-21,Today’s Coho activity outlook is highly active.,"Conditions strongly favor a response from Coho that are present and capable of reacting. The strongest window is 5–9 PM: Clouds or lower light make this window more favorable. The main limitation: Rain adds little extra cover. Broad seasonal presence can make fish easier to locate, but this score measures the responsiveness of Coho already present rather than their abundance. Measured river conditions describe the St. Joseph mainstem at Niles. Water temperature, clarity, hydraulic shape, and presentation conditions can differ in the harbor and lower Michigan river, at individual ladder tailwaters, and through South Bend, Mishawaka, and the Twin Branch reach. This read uses a current river level, measured water temperature, and the hourly weather outlook.","Start with 5–9 PM. If the sky changes from the forecast, favor the darkest practical window. Apply this response window at Niles; verify temperature, clarity, flow shape, and legal access again before carrying it to another St. Joseph section."
2017-10-28,peak,89,Highly active,51.44,3570,high_fishable,4,85,89,89,89,09-13,Today’s Coho activity outlook is highly active.,"Conditions strongly favor a response from Coho that are present and capable of reacting. The strongest window is 9 AM–1 PM: Clouds or lower light make this window more favorable. The main limitation: Rain adds little extra cover. Broad seasonal presence can make fish easier to locate, but this score measures the responsiveness of Coho already present rather than their abundance. Measured river conditions describe the St. Joseph mainstem at Niles. Water temperature, clarity, hydraulic shape, and presentation conditions can differ in the harbor and lower Michigan river, at individual ladder tailwaters, and through South Bend, Mishawaka, and the Twin Branch reach. This read uses a current river level, measured water temperature, and the hourly weather outlook.","Start with 9 AM–1 PM. If the sky changes from the forecast, favor the darkest practical window. Apply this response window at Niles; verify temperature, clarity, flow shape, and legal access again before carrying it to another St. Joseph section."
2023-10-30,peak,90,Highly active,55.4,2560,ideal,5,92,89,90,87,05-09,Today’s Coho activity outlook is highly active.,"Conditions strongly favor a response from Coho that are present and capable of reacting. The strongest window is 5–9 AM: Clouds or lower light make this window more favorable. The main limitation: Rain adds little extra cover. Broad seasonal presence can make fish easier to locate, but this score measures the responsiveness of Coho already present rather than their abundance. Measured river conditions describe the St. Joseph mainstem at Niles. Water temperature, clarity, hydraulic shape, and presentation conditions can differ in the harbor and lower Michigan river, at individual ladder tailwaters, and through South Bend, Mishawaka, and the Twin Branch reach. This read uses a current river level, measured water temperature, and the hourly weather outlook.","Start with 5–9 AM. If the sky changes from the forecast, favor the darkest practical window. Apply this response window at Niles; verify temperature, clarity, flow shape, and legal access again before carrying it to another St. Joseph section."
2023-10-13,peak,91,Highly active,57.74,1920,ideal,5,88,90,93,89,13-17,Today’s Coho activity outlook is highly active.,"Conditions strongly favor a response from Coho that are present and capable of reacting. The strongest window is 1–5 PM: Clouds or lower light make this window more favorable. The main limitation: Rain adds little extra cover. Broad seasonal presence can make fish easier to locate, but this score measures the responsiveness of Coho already present rather than their abundance. Measured river conditions describe the St. Joseph mainstem at Niles. Water temperature, clarity, hydraulic shape, and presentation conditions can differ in the harbor and lower Michigan river, at individual ladder tailwaters, and through South Bend, Mishawaka, and the Twin Branch reach. This read uses a current river level, measured water temperature, and the hourly weather outlook.","Start with 1–5 PM. If the sky changes from the forecast, favor the darkest practical window. Apply this response window at Niles; verify temperature, clarity, flow shape, and legal access again before carrying it to another St. Joseph section."
2025-10-22,peak,94,Highly active,57.2,2150,ideal,1,94,93,94,94,05-09,Today’s Coho activity outlook is highly active.,"Conditions strongly favor a response from Coho that are present and capable of reacting. The strongest window is 5–9 AM: Clouds or lower light make this window more favorable. The main limitation: Rain adds little extra cover. Broad seasonal presence can make fish easier to locate, but this score measures the responsiveness of Coho already present rather than their abundance. Measured river conditions describe the St. Joseph mainstem at Niles. Water temperature, clarity, hydraulic shape, and presentation conditions can differ in the harbor and lower Michigan river, at individual ladder tailwaters, and through South Bend, Mishawaka, and the Twin Branch reach. This read uses a current river level, measured water temperature, and the hourly weather outlook.","Start with 5–9 AM. If the sky changes from the forecast, favor the darkest practical window. Apply this response window at Niles; verify temperature, clarity, flow shape, and legal access again before carrying it to another St. Joseph section."
2021-11-06,tapering,12,Inactive,46.4,7210,blown_out,4,13,11,9,11,05-09,Today’s Coho activity outlook is inactive.,"Conditions provide little environmental support for an aggressive response. The strongest window is 5–9 AM: Clouds or lower light make this window more favorable. The main limitation: The river level or its recent change is less favorable. This score represents a Coho of unknown condition at this point in the season. A newly arrived or fresher fish may be more active than this score, while a spawning or deteriorating fish may be less responsive. Measured river conditions describe the St. Joseph mainstem at Niles. Water temperature, clarity, hydraulic shape, and presentation conditions can differ in the harbor and lower Michigan river, at individual ladder tailwaters, and through South Bend, Mishawaka, and the Twin Branch reach. This read uses a current river level, measured water temperature, and the hourly weather outlook.","Compare the four time windows, but treat every difference as conditional on finding a living Coho still capable of responding. Apply this response window at Niles; verify temperature, clarity, flow shape, and legal access again before carrying it to another St. Joseph section."
2025-11-14,tapering,60,Active,45.32,1850,ideal,21,68,49,47,61,05-09,Today’s Coho activity outlook is active.,"Conditions favor a meaningful reaction opportunity. The strongest window is 5–9 AM: Clouds or lower light make this window more favorable. The main limitation: Rain adds little extra cover. This score represents a Coho of unknown condition at this point in the season. A newly arrived or fresher fish may be more active than this score, while a spawning or deteriorating fish may be less responsive. Measured river conditions describe the St. Joseph mainstem at Niles. Water temperature, clarity, hydraulic shape, and presentation conditions can differ in the harbor and lower Michigan river, at individual ladder tailwaters, and through South Bend, Mishawaka, and the Twin Branch reach. This read uses a current river level, measured water temperature, and the hourly weather outlook.","Compare the four time windows, but treat every difference as conditional on finding a living Coho still capable of responding. Apply this response window at Niles; verify temperature, clarity, flow shape, and legal access again before carrying it to another St. Joseph section."
2016-11-06,tapering,63,Active,56.48,3960,high_fishable,14,67,54,53,66,05-09,Today’s Coho activity outlook is active.,"Conditions favor a meaningful reaction opportunity. The strongest window is 5–9 AM: Clouds or lower light make this window more favorable. The main limitation: Rain adds little extra cover. This score represents a Coho of unknown condition at this point in the season. A newly arrived or fresher fish may be more active than this score, while a spawning or deteriorating fish may be less responsive. Measured river conditions describe the St. Joseph mainstem at Niles. Water temperature, clarity, hydraulic shape, and presentation conditions can differ in the harbor and lower Michigan river, at individual ladder tailwaters, and through South Bend, Mishawaka, and the Twin Branch reach. This read uses a current river level, measured water temperature, and the hourly weather outlook.","Compare the four time windows, but treat every difference as conditional on finding a living Coho still capable of responding. Apply this response window at Niles; verify temperature, clarity, flow shape, and legal access again before carrying it to another St. Joseph section."
2015-11-10,tapering,66,Active,53.06,1970,ideal,20,73,64,53,65,05-09,Today’s Coho activity outlook is active.,"Conditions favor a meaningful reaction opportunity. The strongest window is 5–9 AM: Clouds or lower light make this window more favorable. The main limitation: Rain adds little extra cover. This score represents a Coho of unknown condition at this point in the season. A newly arrived or fresher fish may be more active than this score, while a spawning or deteriorating fish may be less responsive. Measured river conditions describe the St. Joseph mainstem at Niles. Water temperature, clarity, hydraulic shape, and presentation conditions can differ in the harbor and lower Michigan river, at individual ladder tailwaters, and through South Bend, Mishawaka, and the Twin Branch reach. This read uses a current river level, measured water temperature, and the hourly weather outlook.","Compare the four time windows, but treat every difference as conditional on finding a living Coho still capable of responding. Apply this response window at Niles; verify temperature, clarity, flow shape, and legal access again before carrying it to another St. Joseph section."
2020-11-14,tapering,67,Active,49.64,1990,ideal,13,63,57,68,70,17-21,Today’s Coho activity outlook is active.,"Conditions favor a meaningful reaction opportunity. The strongest window is 5–9 PM: Clouds or lower light make this window more favorable. The main limitation: Rain adds little extra cover. This score represents a Coho of unknown condition at this point in the season. A newly arrived or fresher fish may be more active than this score, while a spawning or deteriorating fish may be less responsive. Measured river conditions describe the St. Joseph mainstem at Niles. Water temperature, clarity, hydraulic shape, and presentation conditions can differ in the harbor and lower Michigan river, at individual ladder tailwaters, and through South Bend, Mishawaka, and the Twin Branch reach. This read uses a current river level, measured water temperature, and the hourly weather outlook.","Compare the four time windows, but treat every difference as conditional on finding a living Coho still capable of responding. Apply this response window at Niles; verify temperature, clarity, flow shape, and legal access again before carrying it to another St. Joseph section."
2023-11-09,tapering,69,Active,50.54,2300,ideal,23,78,55,55,68,05-09,Today’s Coho activity outlook is active.,"Conditions favor a meaningful reaction opportunity. The strongest window is 5–9 AM: Clouds or lower light make this window more favorable. The main limitation: Rain adds little extra cover. This score represents a Coho of unknown condition at this point in the season. A newly arrived or fresher fish may be more active than this score, while a spawning or deteriorating fish may be less responsive. Measured river conditions describe the St. Joseph mainstem at Niles. Water temperature, clarity, hydraulic shape, and presentation conditions can differ in the harbor and lower Michigan river, at individual ladder tailwaters, and through South Bend, Mishawaka, and the Twin Branch reach. This read uses a current river level, measured water temperature, and the hourly weather outlook.","Compare the four time windows, but treat every difference as conditional on finding a living Coho still capable of responding. Apply this response window at Niles; verify temperature, clarity, flow shape, and legal access again before carrying it to another St. Joseph section."
2019-11-08,tapering,70,Active,43.16,5740,very_high,11,70,72,70,61,09-13,Today’s Coho activity outlook is active.,"Conditions favor a meaningful reaction opportunity. The strongest window is 9 AM–1 PM: Clouds or lower light make this window more favorable. The main limitation: The river level or its recent change is less favorable. This score represents a Coho of unknown condition at this point in the season. A newly arrived or fresher fish may be more active than this score, while a spawning or deteriorating fish may be less responsive. Measured river conditions describe the St. Joseph mainstem at Niles. Water temperature, clarity, hydraulic shape, and presentation conditions can differ in the harbor and lower Michigan river, at individual ladder tailwaters, and through South Bend, Mishawaka, and the Twin Branch reach. This read uses a current river level, measured water temperature, and the hourly weather outlook.","Compare the four time windows, but treat every difference as conditional on finding a living Coho still capable of responding. Apply this response window at Niles; verify temperature, clarity, flow shape, and legal access again before carrying it to another St. Joseph section."
2012-11-15,tapering,71,Active,45.32,1780,low,8,67,73,72,65,09-13,Today’s Coho activity outlook is active.,"Conditions favor a meaningful reaction opportunity. The strongest window is 9 AM–1 PM: Clouds or lower light make this window more favorable. The main limitation: Rain adds little extra cover. This score represents a Coho of unknown condition at this point in the season. A newly arrived or fresher fish may be more active than this score, while a spawning or deteriorating fish may be less responsive. Measured river conditions describe the St. Joseph mainstem at Niles. Water temperature, clarity, hydraulic shape, and presentation conditions can differ in the harbor and lower Michigan river, at individual ladder tailwaters, and through South Bend, Mishawaka, and the Twin Branch reach. This read uses a current river level, measured water temperature, and the hourly weather outlook.","Compare the four time windows, but treat every difference as conditional on finding a living Coho still capable of responding. Apply this response window at Niles; verify temperature, clarity, flow shape, and legal access again before carrying it to another St. Joseph section."
2022-11-08,tapering,73,Active,53.42,2220,ideal,24,75,58,58,82,17-21,Today’s Coho activity outlook is active.,"Conditions favor a meaningful reaction opportunity. The strongest window is 5–9 PM: Clouds or lower light make this window more favorable. The main limitation: Rain adds little extra cover. This score represents a Coho of unknown condition at this point in the season. A newly arrived or fresher fish may be more active than this score, while a spawning or deteriorating fish may be less responsive. Measured river conditions describe the St. Joseph mainstem at Niles. Water temperature, clarity, hydraulic shape, and presentation conditions can differ in the harbor and lower Michigan river, at individual ladder tailwaters, and through South Bend, Mishawaka, and the Twin Branch reach. This read uses a current river level, measured water temperature, and the hourly weather outlook.","Compare the four time windows, but treat every difference as conditional on finding a living Coho still capable of responding. Apply this response window at Niles; verify temperature, clarity, flow shape, and legal access again before carrying it to another St. Joseph section."
2019-11-07,tapering,74,Active,44.6,6030,very_high,7,75,75,74,68,05-09,Today’s Coho activity outlook is active.,"Conditions favor a meaningful reaction opportunity. The strongest window is 5–9 AM: Clouds or lower light make this window more favorable. The main limitation: The river level or its recent change is less favorable. This score represents a Coho of unknown condition at this point in the season. A newly arrived or fresher fish may be more active than this score, while a spawning or deteriorating fish may be less responsive. Measured river conditions describe the St. Joseph mainstem at Niles. Water temperature, clarity, hydraulic shape, and presentation conditions can differ in the harbor and lower Michigan river, at individual ladder tailwaters, and through South Bend, Mishawaka, and the Twin Branch reach. This read uses a current river level, measured water temperature, and the hourly weather outlook.","Compare the four time windows, but treat every difference as conditional on finding a living Coho still capable of responding. Apply this response window at Niles; verify temperature, clarity, flow shape, and legal access again before carrying it to another St. Joseph section."
2018-11-03,tapering,77,Active,49.82,4890,high_fishable,4,75,77,79,75,13-17,Today’s Coho activity outlook is active.,"Conditions favor a meaningful reaction opportunity. The strongest window is 1–5 PM: Clouds or lower light make this window more favorable. The main limitation: Rain adds little extra cover. This score represents a Coho of unknown condition at this point in the season. A newly arrived or fresher fish may be more active than this score, while a spawning or deteriorating fish may be less responsive. Measured river conditions describe the St. Joseph mainstem at Niles. Water temperature, clarity, hydraulic shape, and presentation conditions can differ in the harbor and lower Michigan river, at individual ladder tailwaters, and through South Bend, Mishawaka, and the Twin Branch reach. This read uses a current river level, measured water temperature, and the hourly weather outlook.","Compare the four time windows, but treat every difference as conditional on finding a living Coho still capable of responding. Apply this response window at Niles; verify temperature, clarity, flow shape, and legal access again before carrying it to another St. Joseph section."
2018-11-09,tapering,79,Active,45.86,4400,high_fishable,7,80,79,80,73,05-09,Today’s Coho activity outlook is active.,"Conditions favor a meaningful reaction opportunity. The strongest window is 5–9 AM: Clouds or lower light make this window more favorable. The main limitation: The river level or its recent change is less favorable. This score represents a Coho of unknown condition at this point in the season. A newly arrived or fresher fish may be more active than this score, while a spawning or deteriorating fish may be less responsive. Measured river conditions describe the St. Joseph mainstem at Niles. Water temperature, clarity, hydraulic shape, and presentation conditions can differ in the harbor and lower Michigan river, at individual ladder tailwaters, and through South Bend, Mishawaka, and the Twin Branch reach. This read uses a current river level, measured water temperature, and the hourly weather outlook.","Compare the four time windows, but treat every difference as conditional on finding a living Coho still capable of responding. Apply this response window at Niles; verify temperature, clarity, flow shape, and legal access again before carrying it to another St. Joseph section."
2022-11-12,tapering,81,Highly active,50.36,2040,ideal,2,79,81,81,80,09-13,Today’s Coho activity outlook is highly active.,"Conditions strongly favor a response from Coho that are present and capable of reacting. The strongest window is 9 AM–1 PM: Clouds or lower light make this window more favorable. The main limitation: Rain adds little extra cover. This score represents a Coho of unknown condition at this point in the season. A newly arrived or fresher fish may be more active than this score, while a spawning or deteriorating fish may be less responsive. Measured river conditions describe the St. Joseph mainstem at Niles. Water temperature, clarity, hydraulic shape, and presentation conditions can differ in the harbor and lower Michigan river, at individual ladder tailwaters, and through South Bend, Mishawaka, and the Twin Branch reach. This read uses a current river level, measured water temperature, and the hourly weather outlook.","Compare the four time windows, but treat every difference as conditional on finding a living Coho still capable of responding. Apply this response window at Niles; verify temperature, clarity, flow shape, and legal access again before carrying it to another St. Joseph section."
2024-11-03,tapering,85,Highly active,55.04,1650,low,3,84,84,83,86,17-21,Today’s Coho activity outlook is highly active.,"Conditions strongly favor a response from Coho that are present and capable of reacting. The strongest window is 5–9 PM: Clouds or lower light make this window more favorable. The main limitation: Rain adds little extra cover. This score represents a Coho of unknown condition at this point in the season. A newly arrived or fresher fish may be more active than this score, while a spawning or deteriorating fish may be less responsive. Measured river conditions describe the St. Joseph mainstem at Niles. Water temperature, clarity, hydraulic shape, and presentation conditions can differ in the harbor and lower Michigan river, at individual ladder tailwaters, and through South Bend, Mishawaka, and the Twin Branch reach. This read uses a current river level, measured water temperature, and the hourly weather outlook.","Compare the four time windows, but treat every difference as conditional on finding a living Coho still capable of responding. Apply this response window at Niles; verify temperature, clarity, flow shape, and legal access again before carrying it to another St. Joseph section."
2017-11-02,tapering,92,Highly active,46.4,3120,ideal,3,91,92,89,92,09-13,Today’s Coho activity outlook is highly active.,"Conditions strongly favor a response from Coho that are present and capable of reacting. The strongest window is 9 AM–1 PM: Clouds or lower light make this window more favorable. The main limitation: Rain adds little extra cover. This score represents a Coho of unknown condition at this point in the season. A newly arrived or fresher fish may be more active than this score, while a spawning or deteriorating fish may be less responsive. Measured river conditions describe the St. Joseph mainstem at Niles. Water temperature, clarity, hydraulic shape, and presentation conditions can differ in the harbor and lower Michigan river, at individual ladder tailwaters, and through South Bend, Mishawaka, and the Twin Branch reach. This read uses a current river level, measured water temperature, and the hourly weather outlook.","Compare the four time windows, but treat every difference as conditional on finding a living Coho still capable of responding. Apply this response window at Niles; verify temperature, clarity, flow shape, and legal access again before carrying it to another St. Joseph section."
2017-11-24,ending,26,Reserved,40.46,6110,very_high,8,28,22,20,28,05-09,Today’s Coho activity outlook is reserved.,"Fish may respond selectively, with important environmental limitations. The strongest window is 5–9 AM: Clouds or lower light make this window more favorable. The main limitation: The river level or its recent change is less favorable. This score represents a remaining Coho of unknown condition late in the season. A newly arrived or fresher fish may be more active than this score, while a spent or deteriorating fish may respond less or not at all. Measured river conditions describe the St. Joseph mainstem at Niles. Water temperature, clarity, hydraulic shape, and presentation conditions can differ in the harbor and lower Michigan river, at individual ladder tailwaters, and through South Bend, Mishawaka, and the Twin Branch reach. This read uses a current river level, measured water temperature, and the hourly weather outlook.","No late-season window should be treated as broadly favorable; use the block scores only for a living Coho that is still capable of reacting. Apply this response window at Niles; verify temperature, clarity, flow shape, and legal access again before carrying it to another St. Joseph section."
2021-11-25,ending,35,Reserved,41.36,4420,high_fishable,1,34,34,35,35,13-17,Today’s Coho activity outlook is reserved.,"Fish may respond selectively, with important environmental limitations. The strongest window is 1–5 PM: Clouds or lower light make this window more favorable. The main limitation: The river level or its recent change is less favorable. This score represents a remaining Coho of unknown condition late in the season. A newly arrived or fresher fish may be more active than this score, while a spent or deteriorating fish may respond less or not at all. Measured river conditions describe the St. Joseph mainstem at Niles. Water temperature, clarity, hydraulic shape, and presentation conditions can differ in the harbor and lower Michigan river, at individual ladder tailwaters, and through South Bend, Mishawaka, and the Twin Branch reach. This read uses a current river level, measured water temperature, and the hourly weather outlook.","No late-season window should be treated as broadly favorable; use the block scores only for a living Coho that is still capable of reacting. Apply this response window at Niles; verify temperature, clarity, flow shape, and legal access again before carrying it to another St. Joseph section."
2021-11-22,ending,41,Moderate,42.44,4660,high_fishable,16,44,43,28,36,05-09,Today’s Coho activity outlook is moderate.,"Some useful factors are present, but the response window is mixed. The strongest window is 5–9 AM: Clouds or lower light make this window more favorable. The main limitation: Rain adds little extra cover. This score represents a remaining Coho of unknown condition late in the season. A newly arrived or fresher fish may be more active than this score, while a spent or deteriorating fish may respond less or not at all. Measured river conditions describe the St. Joseph mainstem at Niles. Water temperature, clarity, hydraulic shape, and presentation conditions can differ in the harbor and lower Michigan river, at individual ladder tailwaters, and through South Bend, Mishawaka, and the Twin Branch reach. This read uses a current river level, measured water temperature, and the hourly weather outlook.","No late-season window should be treated as broadly favorable; use the block scores only for a living Coho that is still capable of reacting. Apply this response window at Niles; verify temperature, clarity, flow shape, and legal access again before carrying it to another St. Joseph section."
2016-11-21,ending,46,Moderate,46.58,3280,high_fishable,4,48,45,45,44,05-09,Today’s Coho activity outlook is moderate.,"Some useful factors are present, but the response window is mixed. The strongest window is 5–9 AM: Clouds or lower light make this window more favorable. The main limitation: Rain adds little extra cover. This score represents a remaining Coho of unknown condition late in the season. A newly arrived or fresher fish may be more active than this score, while a spent or deteriorating fish may respond less or not at all. Measured river conditions describe the St. Joseph mainstem at Niles. Water temperature, clarity, hydraulic shape, and presentation conditions can differ in the harbor and lower Michigan river, at individual ladder tailwaters, and through South Bend, Mishawaka, and the Twin Branch reach. This read uses a current river level, measured water temperature, and the hourly weather outlook.","No late-season window should be treated as broadly favorable; use the block scores only for a living Coho that is still capable of reacting. Apply this response window at Niles; verify temperature, clarity, flow shape, and legal access again before carrying it to another St. Joseph section."
2012-11-18,ending,52,Moderate,44.78,1710,low,18,56,39,38,56,05-09,Today’s Coho activity outlook is moderate.,"Some useful factors are present, but the response window is mixed. The strongest window is 5–9 AM: Clouds or lower light make this window more favorable. The main limitation: Rain adds little extra cover. This score represents a remaining Coho of unknown condition late in the season. A newly arrived or fresher fish may be more active than this score, while a spent or deteriorating fish may respond less or not at all. Measured river conditions describe the St. Joseph mainstem at Niles. Water temperature, clarity, hydraulic shape, and presentation conditions can differ in the harbor and lower Michigan river, at individual ladder tailwaters, and through South Bend, Mishawaka, and the Twin Branch reach. This read uses a current river level, measured water temperature, and the hourly weather outlook.","No late-season window should be treated as broadly favorable; use the block scores only for a living Coho that is still capable of reacting. Apply this response window at Niles; verify temperature, clarity, flow shape, and legal access again before carrying it to another St. Joseph section."
2024-11-21,ending,55,Moderate,48.38,2270,ideal,3,55,55,52,54,05-09,Today’s Coho activity outlook is moderate.,"Some useful factors are present, but the response window is mixed. The strongest window is 5–9 AM: Clouds or lower light make this window more favorable. The main limitation: Rain adds little extra cover. This score represents a remaining Coho of unknown condition late in the season. A newly arrived or fresher fish may be more active than this score, while a spent or deteriorating fish may respond less or not at all. Measured river conditions describe the St. Joseph mainstem at Niles. Water temperature, clarity, hydraulic shape, and presentation conditions can differ in the harbor and lower Michigan river, at individual ladder tailwaters, and through South Bend, Mishawaka, and the Twin Branch reach. This read uses a current river level, measured water temperature, and the hourly weather outlook.","No late-season window should be treated as broadly favorable; use the block scores only for a living Coho that is still capable of reacting. Apply this response window at Niles; verify temperature, clarity, flow shape, and legal access again before carrying it to another St. Joseph section."
2018-11-17,ending,60,Active,38.84,3690,high_fishable,2,58,60,60,59,09-13,Today’s Coho activity outlook is active.,"Conditions favor a meaningful reaction opportunity. The strongest window is 9 AM–1 PM: Clouds or lower light make this window more favorable. The main limitation: Water temperature limits responsiveness. This score represents a remaining Coho of unknown condition late in the season. A newly arrived or fresher fish may be more active than this score, while a spent or deteriorating fish may respond less or not at all. Measured river conditions describe the St. Joseph mainstem at Niles. Water temperature, clarity, hydraulic shape, and presentation conditions can differ in the harbor and lower Michigan river, at individual ladder tailwaters, and through South Bend, Mishawaka, and the Twin Branch reach. This read uses a current river level, measured water temperature, and the hourly weather outlook.","No late-season window should be treated as broadly favorable; use the block scores only for a living Coho that is still capable of reacting. Apply this response window at Niles; verify temperature, clarity, flow shape, and legal access again before carrying it to another St. Joseph section."
2022-11-16,ending,75,Active,45.14,2100,ideal,3,72,75,75,74,09-13,Today’s Coho activity outlook is active.,"Conditions favor a meaningful reaction opportunity. The strongest window is 9 AM–1 PM: Clouds or lower light make this window more favorable. The main limitation: Rain adds little extra cover. This score represents a remaining Coho of unknown condition late in the season. A newly arrived or fresher fish may be more active than this score, while a spent or deteriorating fish may respond less or not at all. Measured river conditions describe the St. Joseph mainstem at Niles. Water temperature, clarity, hydraulic shape, and presentation conditions can differ in the harbor and lower Michigan river, at individual ladder tailwaters, and through South Bend, Mishawaka, and the Twin Branch reach. This read uses a current river level, measured water temperature, and the hourly weather outlook.","No late-season window should be treated as broadly favorable; use the block scores only for a living Coho that is still capable of reacting. Apply this response window at Niles; verify temperature, clarity, flow shape, and legal access again before carrying it to another St. Joseph section."
2023-11-29,post_run,25,Reserved,37.04,2050,ideal,6,27,21,21,26,05-09,Today’s Coho activity outlook is reserved.,"Fish may respond selectively, with important environmental limitations. The strongest window is 5–9 AM: Clouds or lower light make this window more favorable. The main limitation: Water temperature limits responsiveness. This score represents a remaining Coho of unknown condition late in the season. A newly arrived or fresher fish may be more active than this score, while a spent or deteriorating fish may respond less or not at all. Measured river conditions describe the St. Joseph mainstem at Niles. Water temperature, clarity, hydraulic shape, and presentation conditions can differ in the harbor and lower Michigan river, at individual ladder tailwaters, and through South Bend, Mishawaka, and the Twin Branch reach. This read uses a current river level, measured water temperature, and the hourly weather outlook.","No late-season window should be treated as broadly favorable; use the block scores only for a living Coho that is still capable of reacting. Apply this response window at Niles; verify temperature, clarity, flow shape, and legal access again before carrying it to another St. Joseph section."
2017-11-30,post_run,30,Reserved,43.34,4780,high_fishable,11,34,28,23,29,05-09,Today’s Coho activity outlook is reserved.,"Fish may respond selectively, with important environmental limitations. The strongest window is 5–9 AM: Clouds or lower light make this window more favorable. The main limitation: Rain adds little extra cover. This score represents a remaining Coho of unknown condition late in the season. A newly arrived or fresher fish may be more active than this score, while a spent or deteriorating fish may respond less or not at all. Measured river conditions describe the St. Joseph mainstem at Niles. Water temperature, clarity, hydraulic shape, and presentation conditions can differ in the harbor and lower Michigan river, at individual ladder tailwaters, and through South Bend, Mishawaka, and the Twin Branch reach. This read uses a current river level, measured water temperature, and the hourly weather outlook.","No late-season window should be treated as broadly favorable; use the block scores only for a living Coho that is still capable of reacting. Apply this response window at Niles; verify temperature, clarity, flow shape, and legal access again before carrying it to another St. Joseph section."
2015-12-04,post_run,32,Reserved,41.72,2760,ideal,11,35,33,24,30,05-09,Today’s Coho activity outlook is reserved.,"Fish may respond selectively, with important environmental limitations. The strongest window is 5–9 AM: Clouds or lower light make this window more favorable. The main limitation: Rain adds little extra cover. This score represents a remaining Coho of unknown condition late in the season. A newly arrived or fresher fish may be more active than this score, while a spent or deteriorating fish may respond less or not at all. Measured river conditions describe the St. Joseph mainstem at Niles. Water temperature, clarity, hydraulic shape, and presentation conditions can differ in the harbor and lower Michigan river, at individual ladder tailwaters, and through South Bend, Mishawaka, and the Twin Branch reach. This read uses a current river level, measured water temperature, and the hourly weather outlook.","No late-season window should be treated as broadly favorable; use the block scores only for a living Coho that is still capable of reacting. Apply this response window at Niles; verify temperature, clarity, flow shape, and legal access again before carrying it to another St. Joseph section."
2013-11-26,post_run,33,Reserved,38.66,2720,ideal,1,33,33,33,34,17-21,Today’s Coho activity outlook is reserved.,"Fish may respond selectively, with important environmental limitations. The strongest window is 5–9 PM: Clouds or lower light make this window more favorable. The main limitation: Water temperature limits responsiveness. This score represents a remaining Coho of unknown condition late in the season. A newly arrived or fresher fish may be more active than this score, while a spent or deteriorating fish may respond less or not at all. Measured river conditions describe the St. Joseph mainstem at Niles. Water temperature, clarity, hydraulic shape, and presentation conditions can differ in the harbor and lower Michigan river, at individual ladder tailwaters, and through South Bend, Mishawaka, and the Twin Branch reach. This read uses a current river level, measured water temperature, and the hourly weather outlook.","No late-season window should be treated as broadly favorable; use the block scores only for a living Coho that is still capable of reacting. Apply this response window at Niles; verify temperature, clarity, flow shape, and legal access again before carrying it to another St. Joseph section."
2023-12-02,post_run,34,Reserved,38.66,2700,ideal,0,34,34,34,34,05-09,Today’s Coho activity outlook is reserved.,"Fish may respond selectively, with important environmental limitations. The strongest window is 5–9 AM: Clouds or lower light make this window more favorable. The main limitation: Water temperature limits responsiveness. This score represents a remaining Coho of unknown condition late in the season. A newly arrived or fresher fish may be more active than this score, while a spent or deteriorating fish may respond less or not at all. Measured river conditions describe the St. Joseph mainstem at Niles. Water temperature, clarity, hydraulic shape, and presentation conditions can differ in the harbor and lower Michigan river, at individual ladder tailwaters, and through South Bend, Mishawaka, and the Twin Branch reach. This read uses a current river level, measured water temperature, and the hourly weather outlook.","No late-season window should be treated as broadly favorable; use the block scores only for a living Coho that is still capable of reacting. Apply this response window at Niles; verify temperature, clarity, flow shape, and legal access again before carrying it to another St. Joseph section."
2015-12-02,post_run,36,Reserved,42.26,2790,ideal,5,32,37,37,36,09-13,Today’s Coho activity outlook is reserved.,"Fish may respond selectively, with important environmental limitations. The strongest window is 9 AM–1 PM: Clouds or lower light make this window more favorable. The main limitation: Rain adds little extra cover. This score represents a remaining Coho of unknown condition late in the season. A newly arrived or fresher fish may be more active than this score, while a spent or deteriorating fish may respond less or not at all. Measured river conditions describe the St. Joseph mainstem at Niles. Water temperature, clarity, hydraulic shape, and presentation conditions can differ in the harbor and lower Michigan river, at individual ladder tailwaters, and through South Bend, Mishawaka, and the Twin Branch reach. This read uses a current river level, measured water temperature, and the hourly weather outlook.","No late-season window should be treated as broadly favorable; use the block scores only for a living Coho that is still capable of reacting. Apply this response window at Niles; verify temperature, clarity, flow shape, and legal access again before carrying it to another St. Joseph section."
2024-11-29,post_run,38,Reserved,42.8,2000,ideal,1,38,38,38,37,05-09,Today’s Coho activity outlook is reserved.,"Fish may respond selectively, with important environmental limitations. The strongest window is 5–9 AM: Clouds or lower light make this window more favorable. The main limitation: Rain adds little extra cover. This score represents a remaining Coho of unknown condition late in the season. A newly arrived or fresher fish may be more active than this score, while a spent or deteriorating fish may respond less or not at all. Measured river conditions describe the St. Joseph mainstem at Niles. Water temperature, clarity, hydraulic shape, and presentation conditions can differ in the harbor and lower Michigan river, at individual ladder tailwaters, and through South Bend, Mishawaka, and the Twin Branch reach. This read uses a current river level, measured water temperature, and the hourly weather outlook.","No late-season window should be treated as broadly favorable; use the block scores only for a living Coho that is still capable of reacting. Apply this response window at Niles; verify temperature, clarity, flow shape, and legal access again before carrying it to another St. Joseph section."
