date,stage,daily_score,daily_label,temp_f,flow_cfs,flow_band,spread,05_09,09_13,13_17,17_21,best_block,headline,detail,tip
2020-08-26,pre_run,23,Reserved,76.82,1210,very_low,2,24,23,22,23,05-09,Today’s Chinook activity outlook is reserved.,"Fish may respond selectively, with important environmental limitations. The strongest window is 5–9 AM: Clouds or lower light make this window more favorable. The main limitation: Water temperature limits responsiveness. Dependable river presence has not begun. The score applies only to a sparse early Chinook that may already have entered. Measured river conditions describe the St. Joseph mainstem at Niles. Water temperature, clarity, hydraulic shape, and presentation conditions can differ in the harbor and lower Michigan river, at individual ladder tailwaters, and through South Bend, Mishawaka, and the Twin Branch reach. This smaller Chinook return is often sectional; a favorable Niles response window does not prove equal fish presence through the five-ladder corridor. This read uses a current river level, measured water temperature, and the hourly weather outlook.","Start with 5–9 AM. If the sky changes from the forecast, favor the darkest practical window. Apply this response window at Niles; verify temperature, clarity, flow shape, and legal access again before carrying it to another St. Joseph section."
2015-08-19,pre_run,24,Reserved,76.46,2680,ideal,1,25,24,24,24,05-09,Today’s Chinook activity outlook is reserved.,"Fish may respond selectively, with important environmental limitations. The strongest window is 5–9 AM: Clouds or lower light make this window more favorable. The main limitation: Water temperature limits responsiveness. Dependable river presence has not begun. The score applies only to a sparse early Chinook that may already have entered. Measured river conditions describe the St. Joseph mainstem at Niles. Water temperature, clarity, hydraulic shape, and presentation conditions can differ in the harbor and lower Michigan river, at individual ladder tailwaters, and through South Bend, Mishawaka, and the Twin Branch reach. This smaller Chinook return is often sectional; a favorable Niles response window does not prove equal fish presence through the five-ladder corridor. This read uses a current river level, measured water temperature, and the hourly weather outlook.","Start with 5–9 AM. If the sky changes from the forecast, favor the darkest practical window. Apply this response window at Niles; verify temperature, clarity, flow shape, and legal access again before carrying it to another St. Joseph section."
2024-08-31,pre_run,24,Reserved,78.98,2130,ideal,1,24,23,23,24,05-09,Today’s Chinook activity outlook is reserved.,"Fish may respond selectively, with important environmental limitations. The strongest window is 5–9 AM: Clouds or lower light make this window more favorable. The main limitation: Water temperature limits responsiveness. Dependable river presence has not begun. The score applies only to a sparse early Chinook that may already have entered. Measured river conditions describe the St. Joseph mainstem at Niles. Water temperature, clarity, hydraulic shape, and presentation conditions can differ in the harbor and lower Michigan river, at individual ladder tailwaters, and through South Bend, Mishawaka, and the Twin Branch reach. This smaller Chinook return is often sectional; a favorable Niles response window does not prove equal fish presence through the five-ladder corridor. This read uses a current river level, measured water temperature, and the hourly weather outlook.","Start with 5–9 AM. If the sky changes from the forecast, favor the darkest practical window. Apply this response window at Niles; verify temperature, clarity, flow shape, and legal access again before carrying it to another St. Joseph section."
2018-08-17,pre_run,25,Reserved,76.28,2930,ideal,1,25,25,24,24,05-09,Today’s Chinook activity outlook is reserved.,"Fish may respond selectively, with important environmental limitations. The strongest window is 5–9 AM: Clouds or lower light make this window more favorable. The main limitation: Water temperature limits responsiveness. Dependable river presence has not begun. The score applies only to a sparse early Chinook that may already have entered. Measured river conditions describe the St. Joseph mainstem at Niles. Water temperature, clarity, hydraulic shape, and presentation conditions can differ in the harbor and lower Michigan river, at individual ladder tailwaters, and through South Bend, Mishawaka, and the Twin Branch reach. This smaller Chinook return is often sectional; a favorable Niles response window does not prove equal fish presence through the five-ladder corridor. This read uses a current river level, measured water temperature, and the hourly weather outlook.","Start with 5–9 AM. If the sky changes from the forecast, favor the darkest practical window. Apply this response window at Niles; verify temperature, clarity, flow shape, and legal access again before carrying it to another St. Joseph section."
2012-08-29,pre_run,27,Reserved,75.56,1470,low,3,28,25,25,27,05-09,Today’s Chinook activity outlook is reserved.,"Fish may respond selectively, with important environmental limitations. The strongest window is 5–9 AM: Clouds or lower light make this window more favorable. The main limitation: Water temperature limits responsiveness. Dependable river presence has not begun. The score applies only to a sparse early Chinook that may already have entered. Measured river conditions describe the St. Joseph mainstem at Niles. Water temperature, clarity, hydraulic shape, and presentation conditions can differ in the harbor and lower Michigan river, at individual ladder tailwaters, and through South Bend, Mishawaka, and the Twin Branch reach. This smaller Chinook return is often sectional; a favorable Niles response window does not prove equal fish presence through the five-ladder corridor. This read uses a current river level, measured water temperature, and the hourly weather outlook.","Start with 5–9 AM. If the sky changes from the forecast, favor the darkest practical window. Apply this response window at Niles; verify temperature, clarity, flow shape, and legal access again before carrying it to another St. Joseph section."
2023-08-30,pre_run,28,Reserved,73.94,1720,low,3,28,29,26,28,09-13,Today’s Chinook activity outlook is reserved.,"Fish may respond selectively, with important environmental limitations. The strongest window is 9 AM–1 PM: Clouds or lower light make this window more favorable. The main limitation: Water temperature limits responsiveness. Dependable river presence has not begun. The score applies only to a sparse early Chinook that may already have entered. Measured river conditions describe the St. Joseph mainstem at Niles. Water temperature, clarity, hydraulic shape, and presentation conditions can differ in the harbor and lower Michigan river, at individual ladder tailwaters, and through South Bend, Mishawaka, and the Twin Branch reach. This smaller Chinook return is often sectional; a favorable Niles response window does not prove equal fish presence through the five-ladder corridor. This read uses a current river level, measured water temperature, and the hourly weather outlook.","Start with 9 AM–1 PM. If the sky changes from the forecast, favor the darkest practical window. Apply this response window at Niles; verify temperature, clarity, flow shape, and legal access again before carrying it to another St. Joseph section."
2018-08-31,pre_run,28,Reserved,74.3,3210,high_fishable,2,28,27,28,29,17-21,Today’s Chinook activity outlook is reserved.,"Fish may respond selectively, with important environmental limitations. The strongest window is 5–9 PM: Clouds or lower light make this window more favorable. The main limitation: Water temperature limits responsiveness. Dependable river presence has not begun. The score applies only to a sparse early Chinook that may already have entered. Measured river conditions describe the St. Joseph mainstem at Niles. Water temperature, clarity, hydraulic shape, and presentation conditions can differ in the harbor and lower Michigan river, at individual ladder tailwaters, and through South Bend, Mishawaka, and the Twin Branch reach. This smaller Chinook return is often sectional; a favorable Niles response window does not prove equal fish presence through the five-ladder corridor. This read uses a current river level, measured water temperature, and the hourly weather outlook.","Start with 5–9 PM. If the sky changes from the forecast, favor the darkest practical window. Apply this response window at Niles; verify temperature, clarity, flow shape, and legal access again before carrying it to another St. Joseph section."
2017-08-16,pre_run,29,Reserved,75.02,1710,low,4,28,26,28,30,17-21,Today’s Chinook activity outlook is reserved.,"Fish may respond selectively, with important environmental limitations. The strongest window is 5–9 PM: Clouds or lower light make this window more favorable. The main limitation: Water temperature limits responsiveness. Dependable river presence has not begun. The score applies only to a sparse early Chinook that may already have entered. Measured river conditions describe the St. Joseph mainstem at Niles. Water temperature, clarity, hydraulic shape, and presentation conditions can differ in the harbor and lower Michigan river, at individual ladder tailwaters, and through South Bend, Mishawaka, and the Twin Branch reach. This smaller Chinook return is often sectional; a favorable Niles response window does not prove equal fish presence through the five-ladder corridor. This read uses a current river level, measured water temperature, and the hourly weather outlook.","Start with 5–9 PM. If the sky changes from the forecast, favor the darkest practical window. Apply this response window at Niles; verify temperature, clarity, flow shape, and legal access again before carrying it to another St. Joseph section."
2013-08-25,pre_run,29,Reserved,75.02,1690,low,2,29,29,27,28,05-09,Today’s Chinook activity outlook is reserved.,"Fish may respond selectively, with important environmental limitations. The strongest window is 5–9 AM: Clouds or lower light make this window more favorable. The main limitation: Water temperature limits responsiveness. Dependable river presence has not begun. The score applies only to a sparse early Chinook that may already have entered. Measured river conditions describe the St. Joseph mainstem at Niles. Water temperature, clarity, hydraulic shape, and presentation conditions can differ in the harbor and lower Michigan river, at individual ladder tailwaters, and through South Bend, Mishawaka, and the Twin Branch reach. This smaller Chinook return is often sectional; a favorable Niles response window does not prove equal fish presence through the five-ladder corridor. This read uses a current river level, measured water temperature, and the hourly weather outlook.","Start with 5–9 AM. If the sky changes from the forecast, favor the darkest practical window. Apply this response window at Niles; verify temperature, clarity, flow shape, and legal access again before carrying it to another St. Joseph section."
2017-08-24,pre_run,29,Reserved,73.22,1630,low,1,29,28,29,28,05-09,Today’s Chinook activity outlook is reserved.,"Fish may respond selectively, with important environmental limitations. The strongest window is 5–9 AM: Clouds or lower light make this window more favorable. The main limitation: Water temperature limits responsiveness. Dependable river presence has not begun. The score applies only to a sparse early Chinook that may already have entered. Measured river conditions describe the St. Joseph mainstem at Niles. Water temperature, clarity, hydraulic shape, and presentation conditions can differ in the harbor and lower Michigan river, at individual ladder tailwaters, and through South Bend, Mishawaka, and the Twin Branch reach. This smaller Chinook return is often sectional; a favorable Niles response window does not prove equal fish presence through the five-ladder corridor. This read uses a current river level, measured water temperature, and the hourly weather outlook.","Start with 5–9 AM. If the sky changes from the forecast, favor the darkest practical window. Apply this response window at Niles; verify temperature, clarity, flow shape, and legal access again before carrying it to another St. Joseph section."
2024-08-16,pre_run,30,Reserved,74.48,2690,ideal,2,30,30,28,29,05-09,Today’s Chinook activity outlook is reserved.,"Fish may respond selectively, with important environmental limitations. The strongest window is 5–9 AM: Clouds or lower light make this window more favorable. The main limitation: Water temperature limits responsiveness. Dependable river presence has not begun. The score applies only to a sparse early Chinook that may already have entered. Measured river conditions describe the St. Joseph mainstem at Niles. Water temperature, clarity, hydraulic shape, and presentation conditions can differ in the harbor and lower Michigan river, at individual ladder tailwaters, and through South Bend, Mishawaka, and the Twin Branch reach. This smaller Chinook return is often sectional; a favorable Niles response window does not prove equal fish presence through the five-ladder corridor. This read uses a current river level, measured water temperature, and the hourly weather outlook.","Start with 5–9 AM. If the sky changes from the forecast, favor the darkest practical window. Apply this response window at Niles; verify temperature, clarity, flow shape, and legal access again before carrying it to another St. Joseph section."
2014-08-30,pre_run,31,Reserved,74.66,1740,low,2,31,30,30,32,17-21,Today’s Chinook activity outlook is reserved.,"Fish may respond selectively, with important environmental limitations. The strongest window is 5–9 PM: Clouds or lower light make this window more favorable. The main limitation: Water temperature limits responsiveness. Dependable river presence has not begun. The score applies only to a sparse early Chinook that may already have entered. Measured river conditions describe the St. Joseph mainstem at Niles. Water temperature, clarity, hydraulic shape, and presentation conditions can differ in the harbor and lower Michigan river, at individual ladder tailwaters, and through South Bend, Mishawaka, and the Twin Branch reach. This smaller Chinook return is often sectional; a favorable Niles response window does not prove equal fish presence through the five-ladder corridor. This read uses a current river level, measured water temperature, and the hourly weather outlook.","Start with 5–9 PM. If the sky changes from the forecast, favor the darkest practical window. Apply this response window at Niles; verify temperature, clarity, flow shape, and legal access again before carrying it to another St. Joseph section."
2025-08-30,pre_run,57,Moderate,70.7,1270,very_low,20,62,46,42,60,05-09,Today’s Chinook activity outlook is moderate.,"Some useful factors are present, but the response window is mixed. The strongest window is 5–9 AM: Clouds or lower light make this window more favorable. The main limitation: The river level or its recent change is less favorable. Dependable river presence has not begun. The score applies only to a sparse early Chinook that may already have entered. Measured river conditions describe the St. Joseph mainstem at Niles. Water temperature, clarity, hydraulic shape, and presentation conditions can differ in the harbor and lower Michigan river, at individual ladder tailwaters, and through South Bend, Mishawaka, and the Twin Branch reach. This smaller Chinook return is often sectional; a favorable Niles response window does not prove equal fish presence through the five-ladder corridor. This read uses a current river level, measured water temperature, and the hourly weather outlook.","Start with 5–9 AM. If the sky changes from the forecast, favor the darkest practical window. Apply this response window at Niles; verify temperature, clarity, flow shape, and legal access again before carrying it to another St. Joseph section."
2025-08-29,pre_run,72,Active,70.7,1350,low,22,65,58,70,80,17-21,Today’s Chinook activity outlook is active.,"Conditions favor a meaningful reaction opportunity. The strongest window is 5–9 PM: Clouds or lower light make this window more favorable. The main limitation: Water temperature limits responsiveness. Dependable river presence has not begun. The score applies only to a sparse early Chinook that may already have entered. Measured river conditions describe the St. Joseph mainstem at Niles. Water temperature, clarity, hydraulic shape, and presentation conditions can differ in the harbor and lower Michigan river, at individual ladder tailwaters, and through South Bend, Mishawaka, and the Twin Branch reach. This smaller Chinook return is often sectional; a favorable Niles response window does not prove equal fish presence through the five-ladder corridor. This read uses a current river level, measured water temperature, and the hourly weather outlook.","Start with 5–9 PM. If the sky changes from the forecast, favor the darkest practical window. Apply this response window at Niles; verify temperature, clarity, flow shape, and legal access again before carrying it to another St. Joseph section."
2015-08-26,pre_run,89,Highly active,68.72,2440,ideal,0,89,89,89,89,05-09,Today’s Chinook activity outlook is highly active.,"Conditions strongly favor a response from Chinook that are present and capable of reacting. The strongest window is 5–9 AM: Clouds or lower light make this window more favorable. The main limitation: Rain adds little extra cover. Dependable river presence has not begun. The score applies only to a sparse early Chinook that may already have entered. Measured river conditions describe the St. Joseph mainstem at Niles. Water temperature, clarity, hydraulic shape, and presentation conditions can differ in the harbor and lower Michigan river, at individual ladder tailwaters, and through South Bend, Mishawaka, and the Twin Branch reach. This smaller Chinook return is often sectional; a favorable Niles response window does not prove equal fish presence through the five-ladder corridor. This read uses a current river level, measured water temperature, and the hourly weather outlook.","Start with 5–9 AM. If the sky changes from the forecast, favor the darkest practical window. Apply this response window at Niles; verify temperature, clarity, flow shape, and legal access again before carrying it to another St. Joseph section."
2012-09-03,beginning,23,Reserved,76.46,1190,very_low,2,23,22,23,24,17-21,Today’s Chinook activity outlook is reserved.,"Fish may respond selectively, with important environmental limitations. The strongest window is 5–9 PM: Clouds or lower light make this window more favorable. The main limitation: Water temperature limits responsiveness. Early lake-fresh Chinook can remain reactive in tolerable water, so warmth is penalized without automatically erasing response potential. Measured river conditions describe the St. Joseph mainstem at Niles. Water temperature, clarity, hydraulic shape, and presentation conditions can differ in the harbor and lower Michigan river, at individual ladder tailwaters, and through South Bend, Mishawaka, and the Twin Branch reach. This smaller Chinook return is often sectional; a favorable Niles response window does not prove equal fish presence through the five-ladder corridor. This read uses a current river level, measured water temperature, and the hourly weather outlook.","Start with 5–9 PM. If the sky changes from the forecast, favor the darkest practical window. Apply this response window at Niles; verify temperature, clarity, flow shape, and legal access again before carrying it to another St. Joseph section."
2022-09-03,beginning,24,Reserved,76.1,2070,ideal,1,24,23,23,24,05-09,Today’s Chinook activity outlook is reserved.,"Fish may respond selectively, with important environmental limitations. The strongest window is 5–9 AM: Clouds or lower light make this window more favorable. The main limitation: Water temperature limits responsiveness. Early lake-fresh Chinook can remain reactive in tolerable water, so warmth is penalized without automatically erasing response potential. Measured river conditions describe the St. Joseph mainstem at Niles. Water temperature, clarity, hydraulic shape, and presentation conditions can differ in the harbor and lower Michigan river, at individual ladder tailwaters, and through South Bend, Mishawaka, and the Twin Branch reach. This smaller Chinook return is often sectional; a favorable Niles response window does not prove equal fish presence through the five-ladder corridor. This read uses a current river level, measured water temperature, and the hourly weather outlook.","Start with 5–9 AM. If the sky changes from the forecast, favor the darkest practical window. Apply this response window at Niles; verify temperature, clarity, flow shape, and legal access again before carrying it to another St. Joseph section."
2023-09-01,beginning,27,Reserved,72.86,1450,low,3,28,26,25,28,05-09,Today’s Chinook activity outlook is reserved.,"Fish may respond selectively, with important environmental limitations. The strongest window is 5–9 AM: Clouds or lower light make this window more favorable. The main limitation: Water temperature limits responsiveness. Early lake-fresh Chinook can remain reactive in tolerable water, so warmth is penalized without automatically erasing response potential. Measured river conditions describe the St. Joseph mainstem at Niles. Water temperature, clarity, hydraulic shape, and presentation conditions can differ in the harbor and lower Michigan river, at individual ladder tailwaters, and through South Bend, Mishawaka, and the Twin Branch reach. This smaller Chinook return is often sectional; a favorable Niles response window does not prove equal fish presence through the five-ladder corridor. This read uses a current river level, measured water temperature, and the hourly weather outlook.","Start with 5–9 AM. If the sky changes from the forecast, favor the darkest practical window. Apply this response window at Niles; verify temperature, clarity, flow shape, and legal access again before carrying it to another St. Joseph section."
2021-09-08,beginning,28,Reserved,72.5,2090,ideal,3,29,27,26,29,05-09,Today’s Chinook activity outlook is reserved.,"Fish may respond selectively, with important environmental limitations. The strongest window is 5–9 AM: Clouds or lower light make this window more favorable. The main limitation: Water temperature limits responsiveness. Early lake-fresh Chinook can remain reactive in tolerable water, so warmth is penalized without automatically erasing response potential. Measured river conditions describe the St. Joseph mainstem at Niles. Water temperature, clarity, hydraulic shape, and presentation conditions can differ in the harbor and lower Michigan river, at individual ladder tailwaters, and through South Bend, Mishawaka, and the Twin Branch reach. This smaller Chinook return is often sectional; a favorable Niles response window does not prove equal fish presence through the five-ladder corridor. This read uses a current river level, measured water temperature, and the hourly weather outlook.","Start with 5–9 AM. If the sky changes from the forecast, favor the darkest practical window. Apply this response window at Niles; verify temperature, clarity, flow shape, and legal access again before carrying it to another St. Joseph section."
2022-09-08,beginning,28,Reserved,73.76,1970,ideal,2,28,26,26,28,05-09,Today’s Chinook activity outlook is reserved.,"Fish may respond selectively, with important environmental limitations. The strongest window is 5–9 AM: Clouds or lower light make this window more favorable. The main limitation: Water temperature limits responsiveness. Early lake-fresh Chinook can remain reactive in tolerable water, so warmth is penalized without automatically erasing response potential. Measured river conditions describe the St. Joseph mainstem at Niles. Water temperature, clarity, hydraulic shape, and presentation conditions can differ in the harbor and lower Michigan river, at individual ladder tailwaters, and through South Bend, Mishawaka, and the Twin Branch reach. This smaller Chinook return is often sectional; a favorable Niles response window does not prove equal fish presence through the five-ladder corridor. This read uses a current river level, measured water temperature, and the hourly weather outlook.","Start with 5–9 AM. If the sky changes from the forecast, favor the darkest practical window. Apply this response window at Niles; verify temperature, clarity, flow shape, and legal access again before carrying it to another St. Joseph section."
2014-09-05,beginning,29,Reserved,75.02,1930,ideal,4,28,26,29,30,17-21,Today’s Chinook activity outlook is reserved.,"Fish may respond selectively, with important environmental limitations. The strongest window is 5–9 PM: Clouds or lower light make this window more favorable. The main limitation: Water temperature limits responsiveness. Early lake-fresh Chinook can remain reactive in tolerable water, so warmth is penalized without automatically erasing response potential. Measured river conditions describe the St. Joseph mainstem at Niles. Water temperature, clarity, hydraulic shape, and presentation conditions can differ in the harbor and lower Michigan river, at individual ladder tailwaters, and through South Bend, Mishawaka, and the Twin Branch reach. This smaller Chinook return is often sectional; a favorable Niles response window does not prove equal fish presence through the five-ladder corridor. This read uses a current river level, measured water temperature, and the hourly weather outlook.","Start with 5–9 PM. If the sky changes from the forecast, favor the darkest practical window. Apply this response window at Niles; verify temperature, clarity, flow shape, and legal access again before carrying it to another St. Joseph section."
2016-09-05,beginning,29,Reserved,72.86,2840,ideal,2,30,29,28,29,05-09,Today’s Chinook activity outlook is reserved.,"Fish may respond selectively, with important environmental limitations. The strongest window is 5–9 AM: Clouds or lower light make this window more favorable. The main limitation: Water temperature limits responsiveness. Early lake-fresh Chinook can remain reactive in tolerable water, so warmth is penalized without automatically erasing response potential. Measured river conditions describe the St. Joseph mainstem at Niles. Water temperature, clarity, hydraulic shape, and presentation conditions can differ in the harbor and lower Michigan river, at individual ladder tailwaters, and through South Bend, Mishawaka, and the Twin Branch reach. This smaller Chinook return is often sectional; a favorable Niles response window does not prove equal fish presence through the five-ladder corridor. This read uses a current river level, measured water temperature, and the hourly weather outlook.","Start with 5–9 AM. If the sky changes from the forecast, favor the darkest practical window. Apply this response window at Niles; verify temperature, clarity, flow shape, and legal access again before carrying it to another St. Joseph section."
2016-09-10,beginning,30,Reserved,75.02,4200,high_fishable,2,30,30,29,28,05-09,Today’s Chinook activity outlook is reserved.,"Fish may respond selectively, with important environmental limitations. The strongest window is 5–9 AM: Clouds or lower light make this window more favorable. The main limitation: Water temperature limits responsiveness. Early lake-fresh Chinook can remain reactive in tolerable water, so warmth is penalized without automatically erasing response potential. Measured river conditions describe the St. Joseph mainstem at Niles. Water temperature, clarity, hydraulic shape, and presentation conditions can differ in the harbor and lower Michigan river, at individual ladder tailwaters, and through South Bend, Mishawaka, and the Twin Branch reach. This smaller Chinook return is often sectional; a favorable Niles response window does not prove equal fish presence through the five-ladder corridor. This read uses a current river level, measured water temperature, and the hourly weather outlook.","Start with 5–9 AM. If the sky changes from the forecast, favor the darkest practical window. Apply this response window at Niles; verify temperature, clarity, flow shape, and legal access again before carrying it to another St. Joseph section."
2014-09-10,beginning,31,Reserved,72.14,2450,ideal,4,33,30,30,29,05-09,Today’s Chinook activity outlook is reserved.,"Fish may respond selectively, with important environmental limitations. The strongest window is 5–9 AM: Clouds or lower light make this window more favorable. The main limitation: Water temperature limits responsiveness. Early lake-fresh Chinook can remain reactive in tolerable water, so warmth is penalized without automatically erasing response potential. Measured river conditions describe the St. Joseph mainstem at Niles. Water temperature, clarity, hydraulic shape, and presentation conditions can differ in the harbor and lower Michigan river, at individual ladder tailwaters, and through South Bend, Mishawaka, and the Twin Branch reach. This smaller Chinook return is often sectional; a favorable Niles response window does not prove equal fish presence through the five-ladder corridor. This read uses a current river level, measured water temperature, and the hourly weather outlook.","Start with 5–9 AM. If the sky changes from the forecast, favor the darkest practical window. Apply this response window at Niles; verify temperature, clarity, flow shape, and legal access again before carrying it to another St. Joseph section."
2022-09-04,beginning,32,Reserved,75.74,2170,ideal,3,32,32,33,30,13-17,Today’s Chinook activity outlook is reserved.,"Fish may respond selectively, with important environmental limitations. The strongest window is 1–5 PM: Clouds or lower light make this window more favorable. The main limitation: Water temperature limits responsiveness. Early lake-fresh Chinook can remain reactive in tolerable water, so warmth is penalized without automatically erasing response potential. Measured river conditions describe the St. Joseph mainstem at Niles. Water temperature, clarity, hydraulic shape, and presentation conditions can differ in the harbor and lower Michigan river, at individual ladder tailwaters, and through South Bend, Mishawaka, and the Twin Branch reach. This smaller Chinook return is often sectional; a favorable Niles response window does not prove equal fish presence through the five-ladder corridor. This read uses a current river level, measured water temperature, and the hourly weather outlook.","Start with 1–5 PM. If the sky changes from the forecast, favor the darkest practical window. Apply this response window at Niles; verify temperature, clarity, flow shape, and legal access again before carrying it to another St. Joseph section."
2025-09-02,beginning,62,Active,71.42,1340,low,20,64,48,52,68,17-21,Today’s Chinook activity outlook is active.,"Conditions favor a meaningful reaction opportunity. The strongest window is 5–9 PM: Clouds or lower light make this window more favorable. The main limitation: The river level or its recent change is less favorable. Early lake-fresh Chinook can remain reactive in tolerable water, so warmth is penalized without automatically erasing response potential. Measured river conditions describe the St. Joseph mainstem at Niles. Water temperature, clarity, hydraulic shape, and presentation conditions can differ in the harbor and lower Michigan river, at individual ladder tailwaters, and through South Bend, Mishawaka, and the Twin Branch reach. This smaller Chinook return is often sectional; a favorable Niles response window does not prove equal fish presence through the five-ladder corridor. This read uses a current river level, measured water temperature, and the hourly weather outlook.","Start with 5–9 PM. If the sky changes from the forecast, favor the darkest practical window. Apply this response window at Niles; verify temperature, clarity, flow shape, and legal access again before carrying it to another St. Joseph section."
2021-09-09,beginning,66,Active,71.96,2180,ideal,17,70,59,53,69,05-09,Today’s Chinook activity outlook is active.,"Conditions favor a meaningful reaction opportunity. The strongest window is 5–9 AM: Clouds or lower light make this window more favorable. The main limitation: Water temperature limits responsiveness. Early lake-fresh Chinook can remain reactive in tolerable water, so warmth is penalized without automatically erasing response potential. Measured river conditions describe the St. Joseph mainstem at Niles. Water temperature, clarity, hydraulic shape, and presentation conditions can differ in the harbor and lower Michigan river, at individual ladder tailwaters, and through South Bend, Mishawaka, and the Twin Branch reach. This smaller Chinook return is often sectional; a favorable Niles response window does not prove equal fish presence through the five-ladder corridor. This read uses a current river level, measured water temperature, and the hourly weather outlook.","Start with 5–9 AM. If the sky changes from the forecast, favor the darkest practical window. Apply this response window at Niles; verify temperature, clarity, flow shape, and legal access again before carrying it to another St. Joseph section."
2025-09-10,beginning,72,Active,68,1200,very_low,22,81,69,59,63,05-09,Today’s Chinook activity outlook is active.,"Conditions favor a meaningful reaction opportunity. The strongest window is 5–9 AM: Clouds or lower light make this window more favorable. The main limitation: The river level or its recent change is less favorable. Early lake-fresh Chinook can remain reactive in tolerable water, so warmth is penalized without automatically erasing response potential. Measured river conditions describe the St. Joseph mainstem at Niles. Water temperature, clarity, hydraulic shape, and presentation conditions can differ in the harbor and lower Michigan river, at individual ladder tailwaters, and through South Bend, Mishawaka, and the Twin Branch reach. This smaller Chinook return is often sectional; a favorable Niles response window does not prove equal fish presence through the five-ladder corridor. This read uses a current river level, measured water temperature, and the hourly weather outlook.","Start with 5–9 AM. If the sky changes from the forecast, favor the darkest practical window. Apply this response window at Niles; verify temperature, clarity, flow shape, and legal access again before carrying it to another St. Joseph section."
2017-09-07,beginning,82,Highly active,66.02,1480,low,8,85,83,77,78,05-09,Today’s Chinook activity outlook is highly active.,"Conditions strongly favor a response from Chinook that are present and capable of reacting. The strongest window is 5–9 AM: Clouds or lower light make this window more favorable. The main limitation: Rain adds little extra cover. Early lake-fresh Chinook can remain reactive in tolerable water, so warmth is penalized without automatically erasing response potential. Measured river conditions describe the St. Joseph mainstem at Niles. Water temperature, clarity, hydraulic shape, and presentation conditions can differ in the harbor and lower Michigan river, at individual ladder tailwaters, and through South Bend, Mishawaka, and the Twin Branch reach. This smaller Chinook return is often sectional; a favorable Niles response window does not prove equal fish presence through the five-ladder corridor. This read uses a current river level, measured water temperature, and the hourly weather outlook.","Start with 5–9 AM. If the sky changes from the forecast, favor the darkest practical window. Apply this response window at Niles; verify temperature, clarity, flow shape, and legal access again before carrying it to another St. Joseph section."
2019-09-08,beginning,89,Highly active,68.72,2310,ideal,14,89,90,92,78,13-17,Today’s Chinook activity outlook is highly active.,"Conditions strongly favor a response from Chinook that are present and capable of reacting. The strongest window is 1–5 PM: Clouds or lower light make this window more favorable. The main limitation: Water temperature limits responsiveness. Early lake-fresh Chinook can remain reactive in tolerable water, so warmth is penalized without automatically erasing response potential. Measured river conditions describe the St. Joseph mainstem at Niles. Water temperature, clarity, hydraulic shape, and presentation conditions can differ in the harbor and lower Michigan river, at individual ladder tailwaters, and through South Bend, Mishawaka, and the Twin Branch reach. This smaller Chinook return is often sectional; a favorable Niles response window does not prove equal fish presence through the five-ladder corridor. This read uses a current river level, measured water temperature, and the hourly weather outlook.","Start with 1–5 PM. If the sky changes from the forecast, favor the darkest practical window. Apply this response window at Niles; verify temperature, clarity, flow shape, and legal access again before carrying it to another St. Joseph section."
2025-09-19,building,27,Reserved,72.32,1080,very_low,4,27,25,25,29,17-21,Today’s Chinook activity outlook is reserved.,"Fish may respond selectively, with important environmental limitations. The strongest window is 5–9 PM: Clouds or lower light make this window more favorable. The main limitation: Water temperature limits responsiveness. More Chinook are moving and settling into the river; the score describes reaction conditions for fish already present. Measured river conditions describe the St. Joseph mainstem at Niles. Water temperature, clarity, hydraulic shape, and presentation conditions can differ in the harbor and lower Michigan river, at individual ladder tailwaters, and through South Bend, Mishawaka, and the Twin Branch reach. This smaller Chinook return is often sectional; a favorable Niles response window does not prove equal fish presence through the five-ladder corridor. This read uses a current river level, measured water temperature, and the hourly weather outlook.","Start with 5–9 PM. If the sky changes from the forecast, favor the darkest practical window. Apply this response window at Niles; verify temperature, clarity, flow shape, and legal access again before carrying it to another St. Joseph section."
2017-09-23,building,28,Reserved,74.66,1660,low,2,28,26,26,28,05-09,Today’s Chinook activity outlook is reserved.,"Fish may respond selectively, with important environmental limitations. The strongest window is 5–9 AM: Clouds or lower light make this window more favorable. The main limitation: Water temperature limits responsiveness. More Chinook are moving and settling into the river; the score describes reaction conditions for fish already present. Measured river conditions describe the St. Joseph mainstem at Niles. Water temperature, clarity, hydraulic shape, and presentation conditions can differ in the harbor and lower Michigan river, at individual ladder tailwaters, and through South Bend, Mishawaka, and the Twin Branch reach. This smaller Chinook return is often sectional; a favorable Niles response window does not prove equal fish presence through the five-ladder corridor. This read uses a current river level, measured water temperature, and the hourly weather outlook.","Start with 5–9 AM. If the sky changes from the forecast, favor the darkest practical window. Apply this response window at Niles; verify temperature, clarity, flow shape, and legal access again before carrying it to another St. Joseph section."
2022-09-21,building,29,Reserved,72.32,2000,ideal,3,29,27,29,30,17-21,Today’s Chinook activity outlook is reserved.,"Fish may respond selectively, with important environmental limitations. The strongest window is 5–9 PM: Clouds or lower light make this window more favorable. The main limitation: Water temperature limits responsiveness. More Chinook are moving and settling into the river; the score describes reaction conditions for fish already present. Measured river conditions describe the St. Joseph mainstem at Niles. Water temperature, clarity, hydraulic shape, and presentation conditions can differ in the harbor and lower Michigan river, at individual ladder tailwaters, and through South Bend, Mishawaka, and the Twin Branch reach. This smaller Chinook return is often sectional; a favorable Niles response window does not prove equal fish presence through the five-ladder corridor. This read uses a current river level, measured water temperature, and the hourly weather outlook.","Start with 5–9 PM. If the sky changes from the forecast, favor the darkest practical window. Apply this response window at Niles; verify temperature, clarity, flow shape, and legal access again before carrying it to another St. Joseph section."
2018-09-18,building,30,Reserved,73.4,2510,ideal,1,29,29,30,30,13-17,Today’s Chinook activity outlook is reserved.,"Fish may respond selectively, with important environmental limitations. The strongest window is 1–5 PM: Clouds or lower light make this window more favorable. The main limitation: Water temperature limits responsiveness. More Chinook are moving and settling into the river; the score describes reaction conditions for fish already present. Measured river conditions describe the St. Joseph mainstem at Niles. Water temperature, clarity, hydraulic shape, and presentation conditions can differ in the harbor and lower Michigan river, at individual ladder tailwaters, and through South Bend, Mishawaka, and the Twin Branch reach. This smaller Chinook return is often sectional; a favorable Niles response window does not prove equal fish presence through the five-ladder corridor. This read uses a current river level, measured water temperature, and the hourly weather outlook.","Start with 1–5 PM. If the sky changes from the forecast, favor the darkest practical window. Apply this response window at Niles; verify temperature, clarity, flow shape, and legal access again before carrying it to another St. Joseph section."
2019-09-22,building,33,Reserved,72.14,2300,ideal,5,34,29,33,32,05-09,Today’s Chinook activity outlook is reserved.,"Fish may respond selectively, with important environmental limitations. The strongest window is 5–9 AM: Clouds or lower light make this window more favorable. The main limitation: Water temperature limits responsiveness. More Chinook are moving and settling into the river; the score describes reaction conditions for fish already present. Measured river conditions describe the St. Joseph mainstem at Niles. Water temperature, clarity, hydraulic shape, and presentation conditions can differ in the harbor and lower Michigan river, at individual ladder tailwaters, and through South Bend, Mishawaka, and the Twin Branch reach. This smaller Chinook return is often sectional; a favorable Niles response window does not prove equal fish presence through the five-ladder corridor. This read uses a current river level, measured water temperature, and the hourly weather outlook.","Start with 5–9 AM. If the sky changes from the forecast, favor the darkest practical window. Apply this response window at Niles; verify temperature, clarity, flow shape, and legal access again before carrying it to another St. Joseph section."
2017-09-15,building,61,Active,67.64,1350,low,18,66,50,48,65,05-09,Today’s Chinook activity outlook is active.,"Conditions favor a meaningful reaction opportunity. The strongest window is 5–9 AM: Clouds or lower light make this window more favorable. The main limitation: The river level or its recent change is less favorable. More Chinook are moving and settling into the river; the score describes reaction conditions for fish already present. Measured river conditions describe the St. Joseph mainstem at Niles. Water temperature, clarity, hydraulic shape, and presentation conditions can differ in the harbor and lower Michigan river, at individual ladder tailwaters, and through South Bend, Mishawaka, and the Twin Branch reach. This smaller Chinook return is often sectional; a favorable Niles response window does not prove equal fish presence through the five-ladder corridor. This read uses a current river level, measured water temperature, and the hourly weather outlook.","Start with 5–9 AM. If the sky changes from the forecast, favor the darkest practical window. Apply this response window at Niles; verify temperature, clarity, flow shape, and legal access again before carrying it to another St. Joseph section."
2019-09-23,building,65,Active,71.78,2380,ideal,20,71,57,51,67,05-09,Today’s Chinook activity outlook is active.,"Conditions favor a meaningful reaction opportunity. The strongest window is 5–9 AM: Clouds or lower light make this window more favorable. The main limitation: Water temperature limits responsiveness. More Chinook are moving and settling into the river; the score describes reaction conditions for fish already present. Measured river conditions describe the St. Joseph mainstem at Niles. Water temperature, clarity, hydraulic shape, and presentation conditions can differ in the harbor and lower Michigan river, at individual ladder tailwaters, and through South Bend, Mishawaka, and the Twin Branch reach. This smaller Chinook return is often sectional; a favorable Niles response window does not prove equal fish presence through the five-ladder corridor. This read uses a current river level, measured water temperature, and the hourly weather outlook.","Start with 5–9 AM. If the sky changes from the forecast, favor the darkest practical window. Apply this response window at Niles; verify temperature, clarity, flow shape, and legal access again before carrying it to another St. Joseph section."
2012-09-14,building,67,Active,70.7,1370,low,38,82,57,44,62,05-09,Today’s Chinook activity outlook is active.,"Conditions favor a meaningful reaction opportunity. The strongest window is 5–9 AM: Clouds or lower light make this window more favorable. The main limitation: Water temperature limits responsiveness. More Chinook are moving and settling into the river; the score describes reaction conditions for fish already present. Measured river conditions describe the St. Joseph mainstem at Niles. Water temperature, clarity, hydraulic shape, and presentation conditions can differ in the harbor and lower Michigan river, at individual ladder tailwaters, and through South Bend, Mishawaka, and the Twin Branch reach. This smaller Chinook return is often sectional; a favorable Niles response window does not prove equal fish presence through the five-ladder corridor. This read uses a current river level, measured water temperature, and the hourly weather outlook.","Start with 5–9 AM. If the sky changes from the forecast, favor the darkest practical window. Apply this response window at Niles; verify temperature, clarity, flow shape, and legal access again before carrying it to another St. Joseph section."
2020-09-22,building,67,Active,64.94,1720,low,17,72,57,55,70,05-09,Today’s Chinook activity outlook is active.,"Conditions favor a meaningful reaction opportunity. The strongest window is 5–9 AM: Clouds or lower light make this window more favorable. The main limitation: Rain adds little extra cover. More Chinook are moving and settling into the river; the score describes reaction conditions for fish already present. Measured river conditions describe the St. Joseph mainstem at Niles. Water temperature, clarity, hydraulic shape, and presentation conditions can differ in the harbor and lower Michigan river, at individual ladder tailwaters, and through South Bend, Mishawaka, and the Twin Branch reach. This smaller Chinook return is often sectional; a favorable Niles response window does not prove equal fish presence through the five-ladder corridor. This read uses a current river level, measured water temperature, and the hourly weather outlook.","Start with 5–9 AM. If the sky changes from the forecast, favor the darkest practical window. Apply this response window at Niles; verify temperature, clarity, flow shape, and legal access again before carrying it to another St. Joseph section."
2020-09-19,building,69,Active,65.3,1860,ideal,19,74,58,55,73,05-09,Today’s Chinook activity outlook is active.,"Conditions favor a meaningful reaction opportunity. The strongest window is 5–9 AM: Clouds or lower light make this window more favorable. The main limitation: Rain adds little extra cover. More Chinook are moving and settling into the river; the score describes reaction conditions for fish already present. Measured river conditions describe the St. Joseph mainstem at Niles. Water temperature, clarity, hydraulic shape, and presentation conditions can differ in the harbor and lower Michigan river, at individual ladder tailwaters, and through South Bend, Mishawaka, and the Twin Branch reach. This smaller Chinook return is often sectional; a favorable Niles response window does not prove equal fish presence through the five-ladder corridor. This read uses a current river level, measured water temperature, and the hourly weather outlook.","Start with 5–9 AM. If the sky changes from the forecast, favor the darkest practical window. Apply this response window at Niles; verify temperature, clarity, flow shape, and legal access again before carrying it to another St. Joseph section."
2017-09-14,building,71,Active,66.38,1400,low,32,84,59,52,68,05-09,Today’s Chinook activity outlook is active.,"Conditions favor a meaningful reaction opportunity. The strongest window is 5–9 AM: Clouds or lower light make this window more favorable. The main limitation: Rain adds little extra cover. More Chinook are moving and settling into the river; the score describes reaction conditions for fish already present. Measured river conditions describe the St. Joseph mainstem at Niles. Water temperature, clarity, hydraulic shape, and presentation conditions can differ in the harbor and lower Michigan river, at individual ladder tailwaters, and through South Bend, Mishawaka, and the Twin Branch reach. This smaller Chinook return is often sectional; a favorable Niles response window does not prove equal fish presence through the five-ladder corridor. This read uses a current river level, measured water temperature, and the hourly weather outlook.","Start with 5–9 AM. If the sky changes from the forecast, favor the darkest practical window. Apply this response window at Niles; verify temperature, clarity, flow shape, and legal access again before carrying it to another St. Joseph section."
2013-09-13,building,72,Active,71.96,1550,low,12,70,71,76,64,13-17,Today’s Chinook activity outlook is active.,"Conditions favor a meaningful reaction opportunity. The strongest window is 1–5 PM: Clouds or lower light make this window more favorable. The main limitation: Water temperature limits responsiveness. More Chinook are moving and settling into the river; the score describes reaction conditions for fish already present. Measured river conditions describe the St. Joseph mainstem at Niles. Water temperature, clarity, hydraulic shape, and presentation conditions can differ in the harbor and lower Michigan river, at individual ladder tailwaters, and through South Bend, Mishawaka, and the Twin Branch reach. This smaller Chinook return is often sectional; a favorable Niles response window does not prove equal fish presence through the five-ladder corridor. This read uses a current river level, measured water temperature, and the hourly weather outlook.","Start with 1–5 PM. If the sky changes from the forecast, favor the darkest practical window. Apply this response window at Niles; verify temperature, clarity, flow shape, and legal access again before carrying it to another St. Joseph section."
2014-09-22,building,74,Active,62.42,2110,ideal,24,82,61,58,75,05-09,Today’s Chinook activity outlook is active.,"Conditions favor a meaningful reaction opportunity. The strongest window is 5–9 AM: Clouds or lower light make this window more favorable. The main limitation: Rain adds little extra cover. More Chinook are moving and settling into the river; the score describes reaction conditions for fish already present. Measured river conditions describe the St. Joseph mainstem at Niles. Water temperature, clarity, hydraulic shape, and presentation conditions can differ in the harbor and lower Michigan river, at individual ladder tailwaters, and through South Bend, Mishawaka, and the Twin Branch reach. This smaller Chinook return is often sectional; a favorable Niles response window does not prove equal fish presence through the five-ladder corridor. This read uses a current river level, measured water temperature, and the hourly weather outlook.","Start with 5–9 AM. If the sky changes from the forecast, favor the darkest practical window. Apply this response window at Niles; verify temperature, clarity, flow shape, and legal access again before carrying it to another St. Joseph section."
2013-09-21,building,76,Active,66.38,2040,ideal,19,75,64,71,83,17-21,Today’s Chinook activity outlook is active.,"Conditions favor a meaningful reaction opportunity. The strongest window is 5–9 PM: Clouds or lower light make this window more favorable. The main limitation: Rain adds little extra cover. More Chinook are moving and settling into the river; the score describes reaction conditions for fish already present. Measured river conditions describe the St. Joseph mainstem at Niles. Water temperature, clarity, hydraulic shape, and presentation conditions can differ in the harbor and lower Michigan river, at individual ladder tailwaters, and through South Bend, Mishawaka, and the Twin Branch reach. This smaller Chinook return is often sectional; a favorable Niles response window does not prove equal fish presence through the five-ladder corridor. This read uses a current river level, measured water temperature, and the hourly weather outlook.","Start with 5–9 PM. If the sky changes from the forecast, favor the darkest practical window. Apply this response window at Niles; verify temperature, clarity, flow shape, and legal access again before carrying it to another St. Joseph section."
2014-09-21,building,79,Active,63.86,2200,ideal,18,85,67,77,76,05-09,Today’s Chinook activity outlook is active.,"Conditions favor a meaningful reaction opportunity. The strongest window is 5–9 AM: Clouds or lower light make this window more favorable. The main limitation: Rain adds little extra cover. More Chinook are moving and settling into the river; the score describes reaction conditions for fish already present. Measured river conditions describe the St. Joseph mainstem at Niles. Water temperature, clarity, hydraulic shape, and presentation conditions can differ in the harbor and lower Michigan river, at individual ladder tailwaters, and through South Bend, Mishawaka, and the Twin Branch reach. This smaller Chinook return is often sectional; a favorable Niles response window does not prove equal fish presence through the five-ladder corridor. This read uses a current river level, measured water temperature, and the hourly weather outlook.","Start with 5–9 AM. If the sky changes from the forecast, favor the darkest practical window. Apply this response window at Niles; verify temperature, clarity, flow shape, and legal access again before carrying it to another St. Joseph section."
2016-09-14,building,81,Highly active,71.78,3050,ideal,15,86,80,76,71,05-09,Today’s Chinook activity outlook is highly active.,"Conditions strongly favor a response from Chinook that are present and capable of reacting. The strongest window is 5–9 AM: Clouds or lower light make this window more favorable. The main limitation: Water temperature limits responsiveness. More Chinook are moving and settling into the river; the score describes reaction conditions for fish already present. Measured river conditions describe the St. Joseph mainstem at Niles. Water temperature, clarity, hydraulic shape, and presentation conditions can differ in the harbor and lower Michigan river, at individual ladder tailwaters, and through South Bend, Mishawaka, and the Twin Branch reach. This smaller Chinook return is often sectional; a favorable Niles response window does not prove equal fish presence through the five-ladder corridor. This read uses a current river level, measured water temperature, and the hourly weather outlook.","Start with 5–9 AM. If the sky changes from the forecast, favor the darkest practical window. Apply this response window at Niles; verify temperature, clarity, flow shape, and legal access again before carrying it to another St. Joseph section."
2017-09-19,building,83,Highly active,69.98,1600,low,8,82,86,82,78,09-13,Today’s Chinook activity outlook is highly active.,"Conditions strongly favor a response from Chinook that are present and capable of reacting. The strongest window is 9 AM–1 PM: Clouds or lower light make this window more favorable. The main limitation: Water temperature limits responsiveness. More Chinook are moving and settling into the river; the score describes reaction conditions for fish already present. Measured river conditions describe the St. Joseph mainstem at Niles. Water temperature, clarity, hydraulic shape, and presentation conditions can differ in the harbor and lower Michigan river, at individual ladder tailwaters, and through South Bend, Mishawaka, and the Twin Branch reach. This smaller Chinook return is often sectional; a favorable Niles response window does not prove equal fish presence through the five-ladder corridor. This read uses a current river level, measured water temperature, and the hourly weather outlook.","Start with 9 AM–1 PM. If the sky changes from the forecast, favor the darkest practical window. Apply this response window at Niles; verify temperature, clarity, flow shape, and legal access again before carrying it to another St. Joseph section."
2023-09-17,building,85,Highly active,67.46,1670,low,11,88,84,85,77,05-09,Today’s Chinook activity outlook is highly active.,"Conditions strongly favor a response from Chinook that are present and capable of reacting. The strongest window is 5–9 AM: Clouds or lower light make this window more favorable. The main limitation: Water temperature limits responsiveness. More Chinook are moving and settling into the river; the score describes reaction conditions for fish already present. Measured river conditions describe the St. Joseph mainstem at Niles. Water temperature, clarity, hydraulic shape, and presentation conditions can differ in the harbor and lower Michigan river, at individual ladder tailwaters, and through South Bend, Mishawaka, and the Twin Branch reach. This smaller Chinook return is often sectional; a favorable Niles response window does not prove equal fish presence through the five-ladder corridor. This read uses a current river level, measured water temperature, and the hourly weather outlook.","Start with 5–9 AM. If the sky changes from the forecast, favor the darkest practical window. Apply this response window at Niles; verify temperature, clarity, flow shape, and legal access again before carrying it to another St. Joseph section."
2014-09-20,building,87,Highly active,63.86,1760,low,3,85,88,88,85,09-13,Today’s Chinook activity outlook is highly active.,"Conditions strongly favor a response from Chinook that are present and capable of reacting. The strongest window is 9 AM–1 PM: Clouds or lower light make this window more favorable. The main limitation: Rain adds little extra cover. More Chinook are moving and settling into the river; the score describes reaction conditions for fish already present. Measured river conditions describe the St. Joseph mainstem at Niles. Water temperature, clarity, hydraulic shape, and presentation conditions can differ in the harbor and lower Michigan river, at individual ladder tailwaters, and through South Bend, Mishawaka, and the Twin Branch reach. This smaller Chinook return is often sectional; a favorable Niles response window does not prove equal fish presence through the five-ladder corridor. This read uses a current river level, measured water temperature, and the hourly weather outlook.","Start with 9 AM–1 PM. If the sky changes from the forecast, favor the darkest practical window. Apply this response window at Niles; verify temperature, clarity, flow shape, and legal access again before carrying it to another St. Joseph section."
2021-09-23,building,93,Highly active,66.56,2370,ideal,3,91,92,94,91,13-17,Today’s Chinook activity outlook is highly active.,"Conditions strongly favor a response from Chinook that are present and capable of reacting. The strongest window is 1–5 PM: Clouds or lower light make this window more favorable. The main limitation: Water temperature limits responsiveness. More Chinook are moving and settling into the river; the score describes reaction conditions for fish already present. Measured river conditions describe the St. Joseph mainstem at Niles. Water temperature, clarity, hydraulic shape, and presentation conditions can differ in the harbor and lower Michigan river, at individual ladder tailwaters, and through South Bend, Mishawaka, and the Twin Branch reach. This smaller Chinook return is often sectional; a favorable Niles response window does not prove equal fish presence through the five-ladder corridor. This read uses a current river level, measured water temperature, and the hourly weather outlook.","Start with 1–5 PM. If the sky changes from the forecast, favor the darkest practical window. Apply this response window at Niles; verify temperature, clarity, flow shape, and legal access again before carrying it to another St. Joseph section."
2017-09-26,peak,28,Reserved,75.02,1410,low,2,28,26,26,28,05-09,Today’s Chinook activity outlook is reserved.,"Fish may respond selectively, with important environmental limitations. The strongest window is 5–9 AM: Clouds or lower light make this window more favorable. The main limitation: Water temperature limits responsiveness. Broad seasonal presence improves the chance of locating fish, but this score measures responsiveness rather than abundance. Measured river conditions describe the St. Joseph mainstem at Niles. Water temperature, clarity, hydraulic shape, and presentation conditions can differ in the harbor and lower Michigan river, at individual ladder tailwaters, and through South Bend, Mishawaka, and the Twin Branch reach. This read uses a current river level, measured water temperature, and the hourly weather outlook.","Start with 5–9 AM. If the sky changes from the forecast, favor the darkest practical window. Apply this response window at Niles; verify temperature, clarity, flow shape, and legal access again before carrying it to another St. Joseph section."
2017-09-30,peak,59,Moderate,68.72,1320,low,18,64,48,46,63,05-09,Today’s Chinook activity outlook is moderate.,"Some useful factors are present, but the response window is mixed. The strongest window is 5–9 AM: Clouds or lower light make this window more favorable. The main limitation: The river level or its recent change is less favorable. Broad seasonal presence improves the chance of locating fish, but this score measures responsiveness rather than abundance. Measured river conditions describe the St. Joseph mainstem at Niles. Water temperature, clarity, hydraulic shape, and presentation conditions can differ in the harbor and lower Michigan river, at individual ladder tailwaters, and through South Bend, Mishawaka, and the Twin Branch reach. This read uses a current river level, measured water temperature, and the hourly weather outlook.","Start with 5–9 AM. If the sky changes from the forecast, favor the darkest practical window. Apply this response window at Niles; verify temperature, clarity, flow shape, and legal access again before carrying it to another St. Joseph section."
2023-10-01,peak,65,Active,67.82,1630,low,16,69,53,60,67,05-09,Today’s Chinook activity outlook is active.,"Conditions favor a meaningful reaction opportunity. The strongest window is 5–9 AM: Clouds or lower light make this window more favorable. The main limitation: Rain adds little extra cover. Broad seasonal presence improves the chance of locating fish, but this score measures responsiveness rather than abundance. Measured river conditions describe the St. Joseph mainstem at Niles. Water temperature, clarity, hydraulic shape, and presentation conditions can differ in the harbor and lower Michigan river, at individual ladder tailwaters, and through South Bend, Mishawaka, and the Twin Branch reach. This read uses a current river level, measured water temperature, and the hourly weather outlook.","Start with 5–9 AM. If the sky changes from the forecast, favor the darkest practical window. Apply this response window at Niles; verify temperature, clarity, flow shape, and legal access again before carrying it to another St. Joseph section."
2017-09-28,peak,67,Active,71.78,1140,very_low,11,68,69,63,58,09-13,Today’s Chinook activity outlook is active.,"Conditions favor a meaningful reaction opportunity. The strongest window is 9 AM–1 PM: Clouds or lower light make this window more favorable. The main limitation: The river level or its recent change is less favorable. Broad seasonal presence improves the chance of locating fish, but this score measures responsiveness rather than abundance. Measured river conditions describe the St. Joseph mainstem at Niles. Water temperature, clarity, hydraulic shape, and presentation conditions can differ in the harbor and lower Michigan river, at individual ladder tailwaters, and through South Bend, Mishawaka, and the Twin Branch reach. This read uses a current river level, measured water temperature, and the hourly weather outlook.","Start with 9 AM–1 PM. If the sky changes from the forecast, favor the darkest practical window. Apply this response window at Niles; verify temperature, clarity, flow shape, and legal access again before carrying it to another St. Joseph section."
2015-10-01,peak,69,Active,64.22,2070,ideal,18,74,58,56,73,05-09,Today’s Chinook activity outlook is active.,"Conditions favor a meaningful reaction opportunity. The strongest window is 5–9 AM: Clouds or lower light make this window more favorable. The main limitation: Rain adds little extra cover. Broad seasonal presence improves the chance of locating fish, but this score measures responsiveness rather than abundance. Measured river conditions describe the St. Joseph mainstem at Niles. Water temperature, clarity, hydraulic shape, and presentation conditions can differ in the harbor and lower Michigan river, at individual ladder tailwaters, and through South Bend, Mishawaka, and the Twin Branch reach. This read uses a current river level, measured water temperature, and the hourly weather outlook.","Start with 5–9 AM. If the sky changes from the forecast, favor the darkest practical window. Apply this response window at Niles; verify temperature, clarity, flow shape, and legal access again before carrying it to another St. Joseph section."
2019-10-04,peak,72,Active,66.2,5470,very_high,29,70,52,70,81,17-21,Today’s Chinook activity outlook is active.,"Conditions favor a meaningful reaction opportunity. The strongest window is 5–9 PM: Clouds or lower light make this window more favorable. The main limitation: The river level or its recent change is less favorable. Broad seasonal presence improves the chance of locating fish, but this score measures responsiveness rather than abundance. Measured river conditions describe the St. Joseph mainstem at Niles. Water temperature, clarity, hydraulic shape, and presentation conditions can differ in the harbor and lower Michigan river, at individual ladder tailwaters, and through South Bend, Mishawaka, and the Twin Branch reach. This read uses a current river level, measured water temperature, and the hourly weather outlook.","Start with 5–9 PM. If the sky changes from the forecast, favor the darkest practical window. Apply this response window at Niles; verify temperature, clarity, flow shape, and legal access again before carrying it to another St. Joseph section."
2020-09-29,peak,74,Active,63.68,1550,low,23,70,55,78,77,13-17,Today’s Chinook activity outlook is active.,"Conditions favor a meaningful reaction opportunity. The strongest window is 1–5 PM: Clouds or lower light make this window more favorable. The main limitation: The river level or its recent change is less favorable. Broad seasonal presence improves the chance of locating fish, but this score measures responsiveness rather than abundance. Measured river conditions describe the St. Joseph mainstem at Niles. Water temperature, clarity, hydraulic shape, and presentation conditions can differ in the harbor and lower Michigan river, at individual ladder tailwaters, and through South Bend, Mishawaka, and the Twin Branch reach. This read uses a current river level, measured water temperature, and the hourly weather outlook.","Start with 1–5 PM. If the sky changes from the forecast, favor the darkest practical window. Apply this response window at Niles; verify temperature, clarity, flow shape, and legal access again before carrying it to another St. Joseph section."
2024-09-26,peak,76,Active,69.08,2230,ideal,29,79,56,57,85,17-21,Today’s Chinook activity outlook is active.,"Conditions favor a meaningful reaction opportunity. The strongest window is 5–9 PM: Clouds or lower light make this window more favorable. The main limitation: Rain adds little extra cover. Broad seasonal presence improves the chance of locating fish, but this score measures responsiveness rather than abundance. Measured river conditions describe the St. Joseph mainstem at Niles. Water temperature, clarity, hydraulic shape, and presentation conditions can differ in the harbor and lower Michigan river, at individual ladder tailwaters, and through South Bend, Mishawaka, and the Twin Branch reach. This read uses a current river level, measured water temperature, and the hourly weather outlook.","Start with 5–9 PM. If the sky changes from the forecast, favor the darkest practical window. Apply this response window at Niles; verify temperature, clarity, flow shape, and legal access again before carrying it to another St. Joseph section."
2018-09-26,peak,77,Active,67.46,2920,ideal,18,82,71,64,78,05-09,Today’s Chinook activity outlook is active.,"Conditions favor a meaningful reaction opportunity. The strongest window is 5–9 AM: Clouds or lower light make this window more favorable. The main limitation: Rain adds little extra cover. Broad seasonal presence improves the chance of locating fish, but this score measures responsiveness rather than abundance. Measured river conditions describe the St. Joseph mainstem at Niles. Water temperature, clarity, hydraulic shape, and presentation conditions can differ in the harbor and lower Michigan river, at individual ladder tailwaters, and through South Bend, Mishawaka, and the Twin Branch reach. This read uses a current river level, measured water temperature, and the hourly weather outlook.","Start with 5–9 AM. If the sky changes from the forecast, favor the darkest practical window. Apply this response window at Niles; verify temperature, clarity, flow shape, and legal access again before carrying it to another St. Joseph section."
2016-10-05,peak,78,Active,64.22,2630,ideal,4,79,78,75,79,05-09,Today’s Chinook activity outlook is active.,"Conditions favor a meaningful reaction opportunity. The strongest window is 5–9 AM: Clouds or lower light make this window more favorable. The main limitation: Rain adds little extra cover. Broad seasonal presence improves the chance of locating fish, but this score measures responsiveness rather than abundance. Measured river conditions describe the St. Joseph mainstem at Niles. Water temperature, clarity, hydraulic shape, and presentation conditions can differ in the harbor and lower Michigan river, at individual ladder tailwaters, and through South Bend, Mishawaka, and the Twin Branch reach. This read uses a current river level, measured water temperature, and the hourly weather outlook.","Start with 5–9 AM. If the sky changes from the forecast, favor the darkest practical window. Apply this response window at Niles; verify temperature, clarity, flow shape, and legal access again before carrying it to another St. Joseph section."
2023-09-26,peak,79,Active,68.54,1450,low,13,77,85,72,73,09-13,Today’s Chinook activity outlook is active.,"Conditions favor a meaningful reaction opportunity. The strongest window is 9 AM–1 PM: Clouds or lower light make this window more favorable. The main limitation: The river level or its recent change is less favorable. Broad seasonal presence improves the chance of locating fish, but this score measures responsiveness rather than abundance. Measured river conditions describe the St. Joseph mainstem at Niles. Water temperature, clarity, hydraulic shape, and presentation conditions can differ in the harbor and lower Michigan river, at individual ladder tailwaters, and through South Bend, Mishawaka, and the Twin Branch reach. This read uses a current river level, measured water temperature, and the hourly weather outlook.","Start with 9 AM–1 PM. If the sky changes from the forecast, favor the darkest practical window. Apply this response window at Niles; verify temperature, clarity, flow shape, and legal access again before carrying it to another St. Joseph section."
2019-10-01,peak,81,Highly active,66.74,4960,high_fishable,14,70,84,82,78,09-13,Today’s Chinook activity outlook is highly active.,"Conditions strongly favor a response from Chinook that are present and capable of reacting. The strongest window is 9 AM–1 PM: Clouds or lower light make this window more favorable. The main limitation: Rain adds little extra cover. Broad seasonal presence improves the chance of locating fish, but this score measures responsiveness rather than abundance. Measured river conditions describe the St. Joseph mainstem at Niles. Water temperature, clarity, hydraulic shape, and presentation conditions can differ in the harbor and lower Michigan river, at individual ladder tailwaters, and through South Bend, Mishawaka, and the Twin Branch reach. This read uses a current river level, measured water temperature, and the hourly weather outlook.","Start with 9 AM–1 PM. If the sky changes from the forecast, favor the darkest practical window. Apply this response window at Niles; verify temperature, clarity, flow shape, and legal access again before carrying it to another St. Joseph section."
2019-10-02,peak,83,Highly active,67.82,4840,high_fishable,13,86,81,73,84,05-09,Today’s Chinook activity outlook is highly active.,"Conditions strongly favor a response from Chinook that are present and capable of reacting. The strongest window is 5–9 AM: Clouds or lower light make this window more favorable. The main limitation: The river level or its recent change is less favorable. Broad seasonal presence improves the chance of locating fish, but this score measures responsiveness rather than abundance. Measured river conditions describe the St. Joseph mainstem at Niles. Water temperature, clarity, hydraulic shape, and presentation conditions can differ in the harbor and lower Michigan river, at individual ladder tailwaters, and through South Bend, Mishawaka, and the Twin Branch reach. This read uses a current river level, measured water temperature, and the hourly weather outlook.","Start with 5–9 AM. If the sky changes from the forecast, favor the darkest practical window. Apply this response window at Niles; verify temperature, clarity, flow shape, and legal access again before carrying it to another St. Joseph section."
2019-09-25,peak,85,Highly active,69.98,2360,ideal,15,87,89,76,74,09-13,Today’s Chinook activity outlook is highly active.,"Conditions strongly favor a response from Chinook that are present and capable of reacting. The strongest window is 9 AM–1 PM: Clouds or lower light make this window more favorable. The main limitation: Water temperature limits responsiveness. Broad seasonal presence improves the chance of locating fish, but this score measures responsiveness rather than abundance. Measured river conditions describe the St. Joseph mainstem at Niles. Water temperature, clarity, hydraulic shape, and presentation conditions can differ in the harbor and lower Michigan river, at individual ladder tailwaters, and through South Bend, Mishawaka, and the Twin Branch reach. This read uses a current river level, measured water temperature, and the hourly weather outlook.","Start with 9 AM–1 PM. If the sky changes from the forecast, favor the darkest practical window. Apply this response window at Niles; verify temperature, clarity, flow shape, and legal access again before carrying it to another St. Joseph section."
2018-09-25,peak,86,Highly active,68.72,2880,ideal,24,89,90,66,82,09-13,Today’s Chinook activity outlook is highly active.,"Conditions strongly favor a response from Chinook that are present and capable of reacting. The strongest window is 9 AM–1 PM: Clouds or lower light make this window more favorable. The main limitation: Water temperature limits responsiveness. Broad seasonal presence improves the chance of locating fish, but this score measures responsiveness rather than abundance. Measured river conditions describe the St. Joseph mainstem at Niles. Water temperature, clarity, hydraulic shape, and presentation conditions can differ in the harbor and lower Michigan river, at individual ladder tailwaters, and through South Bend, Mishawaka, and the Twin Branch reach. This read uses a current river level, measured water temperature, and the hourly weather outlook.","Start with 9 AM–1 PM. If the sky changes from the forecast, favor the darkest practical window. Apply this response window at Niles; verify temperature, clarity, flow shape, and legal access again before carrying it to another St. Joseph section."
2015-09-27,peak,87,Highly active,67.46,2130,ideal,6,83,87,89,85,13-17,Today’s Chinook activity outlook is highly active.,"Conditions strongly favor a response from Chinook that are present and capable of reacting. The strongest window is 1–5 PM: Clouds or lower light make this window more favorable. The main limitation: Rain adds little extra cover. Broad seasonal presence improves the chance of locating fish, but this score measures responsiveness rather than abundance. Measured river conditions describe the St. Joseph mainstem at Niles. Water temperature, clarity, hydraulic shape, and presentation conditions can differ in the harbor and lower Michigan river, at individual ladder tailwaters, and through South Bend, Mishawaka, and the Twin Branch reach. This read uses a current river level, measured water temperature, and the hourly weather outlook.","Start with 1–5 PM. If the sky changes from the forecast, favor the darkest practical window. Apply this response window at Niles; verify temperature, clarity, flow shape, and legal access again before carrying it to another St. Joseph section."
2016-09-29,peak,88,Highly active,65.48,2280,ideal,9,91,83,82,88,05-09,Today’s Chinook activity outlook is highly active.,"Conditions strongly favor a response from Chinook that are present and capable of reacting. The strongest window is 5–9 AM: Clouds or lower light make this window more favorable. The main limitation: Rain adds little extra cover. Broad seasonal presence improves the chance of locating fish, but this score measures responsiveness rather than abundance. Measured river conditions describe the St. Joseph mainstem at Niles. Water temperature, clarity, hydraulic shape, and presentation conditions can differ in the harbor and lower Michigan river, at individual ladder tailwaters, and through South Bend, Mishawaka, and the Twin Branch reach. This read uses a current river level, measured water temperature, and the hourly weather outlook.","Start with 5–9 AM. If the sky changes from the forecast, favor the darkest practical window. Apply this response window at Niles; verify temperature, clarity, flow shape, and legal access again before carrying it to another St. Joseph section."
2015-10-02,peak,89,Highly active,62.78,2040,ideal,21,88,72,91,93,17-21,Today’s Chinook activity outlook is highly active.,"Conditions strongly favor a response from Chinook that are present and capable of reacting. The strongest window is 5–9 PM: Clouds or lower light make this window more favorable. The main limitation: Rain adds little extra cover. Broad seasonal presence improves the chance of locating fish, but this score measures responsiveness rather than abundance. Measured river conditions describe the St. Joseph mainstem at Niles. Water temperature, clarity, hydraulic shape, and presentation conditions can differ in the harbor and lower Michigan river, at individual ladder tailwaters, and through South Bend, Mishawaka, and the Twin Branch reach. This read uses a current river level, measured water temperature, and the hourly weather outlook.","Start with 5–9 PM. If the sky changes from the forecast, favor the darkest practical window. Apply this response window at Niles; verify temperature, clarity, flow shape, and legal access again before carrying it to another St. Joseph section."
2013-10-05,peak,90,Highly active,67.64,1870,ideal,7,84,89,90,91,17-21,Today’s Chinook activity outlook is highly active.,"Conditions strongly favor a response from Chinook that are present and capable of reacting. The strongest window is 5–9 PM: Clouds or lower light make this window more favorable. The main limitation: Water temperature limits responsiveness. Broad seasonal presence improves the chance of locating fish, but this score measures responsiveness rather than abundance. Measured river conditions describe the St. Joseph mainstem at Niles. Water temperature, clarity, hydraulic shape, and presentation conditions can differ in the harbor and lower Michigan river, at individual ladder tailwaters, and through South Bend, Mishawaka, and the Twin Branch reach. This read uses a current river level, measured water temperature, and the hourly weather outlook.","Start with 5–9 PM. If the sky changes from the forecast, favor the darkest practical window. Apply this response window at Niles; verify temperature, clarity, flow shape, and legal access again before carrying it to another St. Joseph section."
2015-10-03,peak,95,Highly active,60.62,1840,ideal,3,94,93,96,96,13-17,Today’s Chinook activity outlook is highly active.,"Conditions strongly favor a response from Chinook that are present and capable of reacting. The strongest window is 1–5 PM: Clouds or lower light make this window more favorable. The main limitation: Rain adds little extra cover. Broad seasonal presence improves the chance of locating fish, but this score measures responsiveness rather than abundance. Measured river conditions describe the St. Joseph mainstem at Niles. Water temperature, clarity, hydraulic shape, and presentation conditions can differ in the harbor and lower Michigan river, at individual ladder tailwaters, and through South Bend, Mishawaka, and the Twin Branch reach. This read uses a current river level, measured water temperature, and the hourly weather outlook.","Start with 1–5 PM. If the sky changes from the forecast, favor the darkest practical window. Apply this response window at Niles; verify temperature, clarity, flow shape, and legal access again before carrying it to another St. Joseph section."
2021-10-18,tapering,54,Moderate,60.08,5060,high_fishable,18,59,43,41,58,05-09,Today’s Chinook activity outlook is moderate.,"Some useful factors are present, but the response window is mixed. The strongest window is 5–9 AM: Clouds or lower light make this window more favorable. The main limitation: Rain adds little extra cover. This score represents a Chinook of unknown condition at this point in the season. A newly arrived or fresher fish may be more active than this score, while a spawning or deteriorating fish may be less responsive. Measured river conditions describe the St. Joseph mainstem at Niles. Water temperature, clarity, hydraulic shape, and presentation conditions can differ in the harbor and lower Michigan river, at individual ladder tailwaters, and through South Bend, Mishawaka, and the Twin Branch reach. This read uses a current river level, measured water temperature, and the hourly weather outlook.","Compare the four time windows, but treat every difference as conditional on finding a living Chinook still capable of responding. Apply this response window at Niles; verify temperature, clarity, flow shape, and legal access again before carrying it to another St. Joseph section."
2025-10-20,tapering,58,Moderate,60.26,2670,ideal,17,62,47,45,61,05-09,Today’s Chinook activity outlook is moderate.,"Some useful factors are present, but the response window is mixed. The strongest window is 5–9 AM: Clouds or lower light make this window more favorable. The main limitation: Rain adds little extra cover. This score represents a Chinook of unknown condition at this point in the season. A newly arrived or fresher fish may be more active than this score, while a spawning or deteriorating fish may be less responsive. Measured river conditions describe the St. Joseph mainstem at Niles. Water temperature, clarity, hydraulic shape, and presentation conditions can differ in the harbor and lower Michigan river, at individual ladder tailwaters, and through South Bend, Mishawaka, and the Twin Branch reach. This read uses a current river level, measured water temperature, and the hourly weather outlook.","Compare the four time windows, but treat every difference as conditional on finding a living Chinook still capable of responding. Apply this response window at Niles; verify temperature, clarity, flow shape, and legal access again before carrying it to another St. Joseph section."
2022-10-15,tapering,62,Active,55.4,1650,low,18,66,63,48,61,05-09,Today’s Chinook activity outlook is active.,"Conditions favor a meaningful reaction opportunity. The strongest window is 5–9 AM: Clouds or lower light make this window more favorable. The main limitation: Rain adds little extra cover. This score represents a Chinook of unknown condition at this point in the season. A newly arrived or fresher fish may be more active than this score, while a spawning or deteriorating fish may be less responsive. Measured river conditions describe the St. Joseph mainstem at Niles. Water temperature, clarity, hydraulic shape, and presentation conditions can differ in the harbor and lower Michigan river, at individual ladder tailwaters, and through South Bend, Mishawaka, and the Twin Branch reach. This read uses a current river level, measured water temperature, and the hourly weather outlook.","Compare the four time windows, but treat every difference as conditional on finding a living Chinook still capable of responding. Apply this response window at Niles; verify temperature, clarity, flow shape, and legal access again before carrying it to another St. Joseph section."
2016-10-14,tapering,65,Active,60.26,2690,ideal,17,69,54,52,68,05-09,Today’s Chinook activity outlook is active.,"Conditions favor a meaningful reaction opportunity. The strongest window is 5–9 AM: Clouds or lower light make this window more favorable. The main limitation: Rain adds little extra cover. This score represents a Chinook of unknown condition at this point in the season. A newly arrived or fresher fish may be more active than this score, while a spawning or deteriorating fish may be less responsive. Measured river conditions describe the St. Joseph mainstem at Niles. Water temperature, clarity, hydraulic shape, and presentation conditions can differ in the harbor and lower Michigan river, at individual ladder tailwaters, and through South Bend, Mishawaka, and the Twin Branch reach. This read uses a current river level, measured water temperature, and the hourly weather outlook.","Compare the four time windows, but treat every difference as conditional on finding a living Chinook still capable of responding. Apply this response window at Niles; verify temperature, clarity, flow shape, and legal access again before carrying it to another St. Joseph section."
2020-10-07,tapering,67,Active,58.28,1720,low,18,72,56,54,70,05-09,Today’s Chinook activity outlook is active.,"Conditions favor a meaningful reaction opportunity. The strongest window is 5–9 AM: Clouds or lower light make this window more favorable. The main limitation: Rain adds little extra cover. This score represents a Chinook of unknown condition at this point in the season. A newly arrived or fresher fish may be more active than this score, while a spawning or deteriorating fish may be less responsive. Measured river conditions describe the St. Joseph mainstem at Niles. Water temperature, clarity, hydraulic shape, and presentation conditions can differ in the harbor and lower Michigan river, at individual ladder tailwaters, and through South Bend, Mishawaka, and the Twin Branch reach. This read uses a current river level, measured water temperature, and the hourly weather outlook.","Compare the four time windows, but treat every difference as conditional on finding a living Chinook still capable of responding. Apply this response window at Niles; verify temperature, clarity, flow shape, and legal access again before carrying it to another St. Joseph section."
2019-10-20,tapering,68,Active,53.78,3630,high_fishable,13,60,62,73,67,13-17,Today’s Chinook activity outlook is active.,"Conditions favor a meaningful reaction opportunity. The strongest window is 1–5 PM: Clouds or lower light make this window more favorable. The main limitation: Rain adds little extra cover. This score represents a Chinook of unknown condition at this point in the season. A newly arrived or fresher fish may be more active than this score, while a spawning or deteriorating fish may be less responsive. Measured river conditions describe the St. Joseph mainstem at Niles. Water temperature, clarity, hydraulic shape, and presentation conditions can differ in the harbor and lower Michigan river, at individual ladder tailwaters, and through South Bend, Mishawaka, and the Twin Branch reach. This read uses a current river level, measured water temperature, and the hourly weather outlook.","Compare the four time windows, but treat every difference as conditional on finding a living Chinook still capable of responding. Apply this response window at Niles; verify temperature, clarity, flow shape, and legal access again before carrying it to another St. Joseph section."
2014-10-20,tapering,71,Active,55.94,2500,ideal,12,72,61,71,73,17-21,Today’s Chinook activity outlook is active.,"Conditions favor a meaningful reaction opportunity. The strongest window is 5–9 PM: Clouds or lower light make this window more favorable. The main limitation: Rain adds little extra cover. This score represents a Chinook of unknown condition at this point in the season. A newly arrived or fresher fish may be more active than this score, while a spawning or deteriorating fish may be less responsive. Measured river conditions describe the St. Joseph mainstem at Niles. Water temperature, clarity, hydraulic shape, and presentation conditions can differ in the harbor and lower Michigan river, at individual ladder tailwaters, and through South Bend, Mishawaka, and the Twin Branch reach. This read uses a current river level, measured water temperature, and the hourly weather outlook.","Compare the four time windows, but treat every difference as conditional on finding a living Chinook still capable of responding. Apply this response window at Niles; verify temperature, clarity, flow shape, and legal access again before carrying it to another St. Joseph section."
2021-10-13,tapering,73,Active,67.1,4800,high_fishable,15,66,63,74,78,17-21,Today’s Chinook activity outlook is active.,"Conditions favor a meaningful reaction opportunity. The strongest window is 5–9 PM: Clouds or lower light make this window more favorable. The main limitation: The river level or its recent change is less favorable. This score represents a Chinook of unknown condition at this point in the season. A newly arrived or fresher fish may be more active than this score, while a spawning or deteriorating fish may be less responsive. Measured river conditions describe the St. Joseph mainstem at Niles. Water temperature, clarity, hydraulic shape, and presentation conditions can differ in the harbor and lower Michigan river, at individual ladder tailwaters, and through South Bend, Mishawaka, and the Twin Branch reach. This read uses a current river level, measured water temperature, and the hourly weather outlook.","Compare the four time windows, but treat every difference as conditional on finding a living Chinook still capable of responding. Apply this response window at Niles; verify temperature, clarity, flow shape, and legal access again before carrying it to another St. Joseph section."
2014-10-09,tapering,76,Active,56.3,2670,ideal,32,88,73,56,72,05-09,Today’s Chinook activity outlook is active.,"Conditions favor a meaningful reaction opportunity. The strongest window is 5–9 AM: Clouds or lower light make this window more favorable. The main limitation: Rain adds little extra cover. This score represents a Chinook of unknown condition at this point in the season. A newly arrived or fresher fish may be more active than this score, while a spawning or deteriorating fish may be less responsive. Measured river conditions describe the St. Joseph mainstem at Niles. Water temperature, clarity, hydraulic shape, and presentation conditions can differ in the harbor and lower Michigan river, at individual ladder tailwaters, and through South Bend, Mishawaka, and the Twin Branch reach. This read uses a current river level, measured water temperature, and the hourly weather outlook.","Compare the four time windows, but treat every difference as conditional on finding a living Chinook still capable of responding. Apply this response window at Niles; verify temperature, clarity, flow shape, and legal access again before carrying it to another St. Joseph section."
2021-10-15,tapering,77,Active,65.66,4840,high_fishable,6,72,76,77,78,17-21,Today’s Chinook activity outlook is active.,"Conditions favor a meaningful reaction opportunity. The strongest window is 5–9 PM: Clouds or lower light make this window more favorable. The main limitation: The river level or its recent change is less favorable. This score represents a Chinook of unknown condition at this point in the season. A newly arrived or fresher fish may be more active than this score, while a spawning or deteriorating fish may be less responsive. Measured river conditions describe the St. Joseph mainstem at Niles. Water temperature, clarity, hydraulic shape, and presentation conditions can differ in the harbor and lower Michigan river, at individual ladder tailwaters, and through South Bend, Mishawaka, and the Twin Branch reach. This read uses a current river level, measured water temperature, and the hourly weather outlook.","Compare the four time windows, but treat every difference as conditional on finding a living Chinook still capable of responding. Apply this response window at Niles; verify temperature, clarity, flow shape, and legal access again before carrying it to another St. Joseph section."
2019-10-10,tapering,79,Active,61.34,4730,high_fishable,29,75,55,84,84,13-17,Today’s Chinook activity outlook is active.,"Conditions favor a meaningful reaction opportunity. The strongest window is 1–5 PM: Clouds or lower light make this window more favorable. The main limitation: Rain adds little extra cover. This score represents a Chinook of unknown condition at this point in the season. A newly arrived or fresher fish may be more active than this score, while a spawning or deteriorating fish may be less responsive. Measured river conditions describe the St. Joseph mainstem at Niles. Water temperature, clarity, hydraulic shape, and presentation conditions can differ in the harbor and lower Michigan river, at individual ladder tailwaters, and through South Bend, Mishawaka, and the Twin Branch reach. This read uses a current river level, measured water temperature, and the hourly weather outlook.","Compare the four time windows, but treat every difference as conditional on finding a living Chinook still capable of responding. Apply this response window at Niles; verify temperature, clarity, flow shape, and legal access again before carrying it to another St. Joseph section."
2013-10-15,tapering,80,Highly active,60.44,1640,low,9,79,73,81,82,17-21,Today’s Chinook activity outlook is highly active.,"Conditions strongly favor a response from Chinook that are present and capable of reacting. The strongest window is 5–9 PM: Clouds or lower light make this window more favorable. The main limitation: The river level or its recent change is less favorable. This score represents a Chinook of unknown condition at this point in the season. A newly arrived or fresher fish may be more active than this score, while a spawning or deteriorating fish may be less responsive. Measured river conditions describe the St. Joseph mainstem at Niles. Water temperature, clarity, hydraulic shape, and presentation conditions can differ in the harbor and lower Michigan river, at individual ladder tailwaters, and through South Bend, Mishawaka, and the Twin Branch reach. This read uses a current river level, measured water temperature, and the hourly weather outlook.","Compare the four time windows, but treat every difference as conditional on finding a living Chinook still capable of responding. Apply this response window at Niles; verify temperature, clarity, flow shape, and legal access again before carrying it to another St. Joseph section."
2014-10-18,tapering,82,Highly active,57.02,2530,ideal,6,79,78,84,81,13-17,Today’s Chinook activity outlook is highly active.,"Conditions strongly favor a response from Chinook that are present and capable of reacting. The strongest window is 1–5 PM: Clouds or lower light make this window more favorable. The main limitation: Rain adds little extra cover. This score represents a Chinook of unknown condition at this point in the season. A newly arrived or fresher fish may be more active than this score, while a spawning or deteriorating fish may be less responsive. Measured river conditions describe the St. Joseph mainstem at Niles. Water temperature, clarity, hydraulic shape, and presentation conditions can differ in the harbor and lower Michigan river, at individual ladder tailwaters, and through South Bend, Mishawaka, and the Twin Branch reach. This read uses a current river level, measured water temperature, and the hourly weather outlook.","Compare the four time windows, but treat every difference as conditional on finding a living Chinook still capable of responding. Apply this response window at Niles; verify temperature, clarity, flow shape, and legal access again before carrying it to another St. Joseph section."
2019-10-11,tapering,85,Highly active,61.34,4620,high_fishable,3,86,85,83,83,05-09,Today’s Chinook activity outlook is highly active.,"Conditions strongly favor a response from Chinook that are present and capable of reacting. The strongest window is 5–9 AM: Clouds or lower light make this window more favorable. The main limitation: The river level or its recent change is less favorable. This score represents a Chinook of unknown condition at this point in the season. A newly arrived or fresher fish may be more active than this score, while a spawning or deteriorating fish may be less responsive. Measured river conditions describe the St. Joseph mainstem at Niles. Water temperature, clarity, hydraulic shape, and presentation conditions can differ in the harbor and lower Michigan river, at individual ladder tailwaters, and through South Bend, Mishawaka, and the Twin Branch reach. This read uses a current river level, measured water temperature, and the hourly weather outlook.","Compare the four time windows, but treat every difference as conditional on finding a living Chinook still capable of responding. Apply this response window at Niles; verify temperature, clarity, flow shape, and legal access again before carrying it to another St. Joseph section."
2015-10-06,tapering,92,Highly active,58.64,1910,ideal,4,92,92,92,88,05-09,Today’s Chinook activity outlook is highly active.,"Conditions strongly favor a response from Chinook that are present and capable of reacting. The strongest window is 5–9 AM: Clouds or lower light make this window more favorable. The main limitation: Rain adds little extra cover. This score represents a Chinook of unknown condition at this point in the season. A newly arrived or fresher fish may be more active than this score, while a spawning or deteriorating fish may be less responsive. Measured river conditions describe the St. Joseph mainstem at Niles. Water temperature, clarity, hydraulic shape, and presentation conditions can differ in the harbor and lower Michigan river, at individual ladder tailwaters, and through South Bend, Mishawaka, and the Twin Branch reach. This read uses a current river level, measured water temperature, and the hourly weather outlook.","Compare the four time windows, but treat every difference as conditional on finding a living Chinook still capable of responding. Apply this response window at Niles; verify temperature, clarity, flow shape, and legal access again before carrying it to another St. Joseph section."
2021-10-26,ending,3,Inactive,51.08,10000,blown_out,1,3,2,2,3,05-09,Today’s Chinook activity outlook is inactive.,"Conditions provide little environmental support for an aggressive response. The strongest window is 5–9 AM: Clouds or lower light make this window more favorable. The main limitation: The river level or its recent change is less favorable. This score represents a remaining Chinook of unknown condition late in the season. A newly arrived or fresher fish may be more active than this score, while a spent or dying fish may respond less or not at all. Measured river conditions describe the St. Joseph mainstem at Niles. Water temperature, clarity, hydraulic shape, and presentation conditions can differ in the harbor and lower Michigan river, at individual ladder tailwaters, and through South Bend, Mishawaka, and the Twin Branch reach. This read uses a current river level, measured water temperature, and the hourly weather outlook.","No late-season window should be treated as broadly favorable; use the block scores only for a living Chinook that is still capable of reacting. Apply this response window at Niles; verify temperature, clarity, flow shape, and legal access again before carrying it to another St. Joseph section."
2024-11-01,ending,44,Moderate,56.3,1670,low,7,45,45,45,38,05-09,Today’s Chinook activity outlook is moderate.,"Some useful factors are present, but the response window is mixed. The strongest window is 5–9 AM: Clouds or lower light make this window more favorable. The main limitation: Rain adds little extra cover. This score represents a remaining Chinook of unknown condition late in the season. A newly arrived or fresher fish may be more active than this score, while a spent or dying fish may respond less or not at all. Measured river conditions describe the St. Joseph mainstem at Niles. Water temperature, clarity, hydraulic shape, and presentation conditions can differ in the harbor and lower Michigan river, at individual ladder tailwaters, and through South Bend, Mishawaka, and the Twin Branch reach. This read uses a current river level, measured water temperature, and the hourly weather outlook.","No late-season window should be treated as broadly favorable; use the block scores only for a living Chinook that is still capable of reacting. Apply this response window at Niles; verify temperature, clarity, flow shape, and legal access again before carrying it to another St. Joseph section."
2024-10-31,ending,48,Moderate,58.64,1780,low,6,44,49,49,43,09-13,Today’s Chinook activity outlook is moderate.,"Some useful factors are present, but the response window is mixed. The strongest window is 9 AM–1 PM: Clouds or lower light make this window more favorable. The main limitation: Rain adds little extra cover. This score represents a remaining Chinook of unknown condition late in the season. A newly arrived or fresher fish may be more active than this score, while a spent or dying fish may respond less or not at all. Measured river conditions describe the St. Joseph mainstem at Niles. Water temperature, clarity, hydraulic shape, and presentation conditions can differ in the harbor and lower Michigan river, at individual ladder tailwaters, and through South Bend, Mishawaka, and the Twin Branch reach. This read uses a current river level, measured water temperature, and the hourly weather outlook.","No late-season window should be treated as broadly favorable; use the block scores only for a living Chinook that is still capable of reacting. Apply this response window at Niles; verify temperature, clarity, flow shape, and legal access again before carrying it to another St. Joseph section."
2019-10-29,ending,52,Moderate,51.98,4480,high_fishable,0,52,52,52,52,05-09,Today’s Chinook activity outlook is moderate.,"Some useful factors are present, but the response window is mixed. The strongest window is 5–9 AM: Clouds or lower light make this window more favorable. The main limitation: The river level or its recent change is less favorable. This score represents a remaining Chinook of unknown condition late in the season. A newly arrived or fresher fish may be more active than this score, while a spent or dying fish may respond less or not at all. Measured river conditions describe the St. Joseph mainstem at Niles. Water temperature, clarity, hydraulic shape, and presentation conditions can differ in the harbor and lower Michigan river, at individual ladder tailwaters, and through South Bend, Mishawaka, and the Twin Branch reach. This read uses a current river level, measured water temperature, and the hourly weather outlook.","No late-season window should be treated as broadly favorable; use the block scores only for a living Chinook that is still capable of reacting. Apply this response window at Niles; verify temperature, clarity, flow shape, and legal access again before carrying it to another St. Joseph section."
2017-10-28,ending,56,Moderate,51.44,3570,high_fishable,3,53,56,56,55,09-13,Today’s Chinook activity outlook is moderate.,"Some useful factors are present, but the response window is mixed. The strongest window is 9 AM–1 PM: Clouds or lower light make this window more favorable. The main limitation: Rain adds little extra cover. This score represents a remaining Chinook of unknown condition late in the season. A newly arrived or fresher fish may be more active than this score, while a spent or dying fish may respond less or not at all. Measured river conditions describe the St. Joseph mainstem at Niles. Water temperature, clarity, hydraulic shape, and presentation conditions can differ in the harbor and lower Michigan river, at individual ladder tailwaters, and through South Bend, Mishawaka, and the Twin Branch reach. This read uses a current river level, measured water temperature, and the hourly weather outlook.","No late-season window should be treated as broadly favorable; use the block scores only for a living Chinook that is still capable of reacting. Apply this response window at Niles; verify temperature, clarity, flow shape, and legal access again before carrying it to another St. Joseph section."
2020-10-27,ending,61,Active,51.26,2650,ideal,3,59,62,62,60,09-13,Today’s Chinook activity outlook is active.,"Conditions favor a meaningful reaction opportunity. The strongest window is 9 AM–1 PM: Clouds or lower light make this window more favorable. The main limitation: Rain adds little extra cover. This score represents a remaining Chinook of unknown condition late in the season. A newly arrived or fresher fish may be more active than this score, while a spent or dying fish may respond less or not at all. Measured river conditions describe the St. Joseph mainstem at Niles. Water temperature, clarity, hydraulic shape, and presentation conditions can differ in the harbor and lower Michigan river, at individual ladder tailwaters, and through South Bend, Mishawaka, and the Twin Branch reach. This read uses a current river level, measured water temperature, and the hourly weather outlook.","No late-season window should be treated as broadly favorable; use the block scores only for a living Chinook that is still capable of reacting. Apply this response window at Niles; verify temperature, clarity, flow shape, and legal access again before carrying it to another St. Joseph section."
2023-10-25,ending,66,Active,55.58,2390,ideal,6,65,64,68,62,13-17,Today’s Chinook activity outlook is active.,"Conditions favor a meaningful reaction opportunity. The strongest window is 1–5 PM: Clouds or lower light make this window more favorable. The main limitation: Rain adds little extra cover. This score represents a remaining Chinook of unknown condition late in the season. A newly arrived or fresher fish may be more active than this score, while a spent or dying fish may respond less or not at all. Measured river conditions describe the St. Joseph mainstem at Niles. Water temperature, clarity, hydraulic shape, and presentation conditions can differ in the harbor and lower Michigan river, at individual ladder tailwaters, and through South Bend, Mishawaka, and the Twin Branch reach. This read uses a current river level, measured water temperature, and the hourly weather outlook.","No late-season window should be treated as broadly favorable; use the block scores only for a living Chinook that is still capable of reacting. Apply this response window at Niles; verify temperature, clarity, flow shape, and legal access again before carrying it to another St. Joseph section."
2025-10-22,ending,76,Active,57.2,2150,ideal,1,76,75,75,76,05-09,Today’s Chinook activity outlook is active.,"Conditions favor a meaningful reaction opportunity. The strongest window is 5–9 AM: Clouds or lower light make this window more favorable. The main limitation: Rain adds little extra cover. This score represents a remaining Chinook of unknown condition late in the season. A newly arrived or fresher fish may be more active than this score, while a spent or dying fish may respond less or not at all. Measured river conditions describe the St. Joseph mainstem at Niles. Water temperature, clarity, hydraulic shape, and presentation conditions can differ in the harbor and lower Michigan river, at individual ladder tailwaters, and through South Bend, Mishawaka, and the Twin Branch reach. This read uses a current river level, measured water temperature, and the hourly weather outlook.","No late-season window should be treated as broadly favorable; use the block scores only for a living Chinook that is still capable of reacting. Apply this response window at Niles; verify temperature, clarity, flow shape, and legal access again before carrying it to another St. Joseph section."
2021-11-06,post_run,6,Inactive,46.4,7210,blown_out,3,7,5,4,6,05-09,Today’s Chinook activity outlook is inactive.,"Conditions provide little environmental support for an aggressive response. The strongest window is 5–9 AM: Clouds or lower light make this window more favorable. The main limitation: The river level or its recent change is less favorable. This score represents a remaining Chinook of unknown condition late in the season. A newly arrived or fresher fish may be more active than this score, while a spent or dying fish may respond less or not at all. Measured river conditions describe the St. Joseph mainstem at Niles. Water temperature, clarity, hydraulic shape, and presentation conditions can differ in the harbor and lower Michigan river, at individual ladder tailwaters, and through South Bend, Mishawaka, and the Twin Branch reach. This read uses a current river level, measured water temperature, and the hourly weather outlook.","No late-season window should be treated as broadly favorable; use the block scores only for a living Chinook that is still capable of reacting. Apply this response window at Niles; verify temperature, clarity, flow shape, and legal access again before carrying it to another St. Joseph section."
2020-11-03,post_run,35,Reserved,46.22,1860,ideal,9,37,32,28,36,05-09,Today’s Chinook activity outlook is reserved.,"Fish may respond selectively, with important environmental limitations. The strongest window is 5–9 AM: Clouds or lower light make this window more favorable. The main limitation: Rain adds little extra cover. This score represents a remaining Chinook of unknown condition late in the season. A newly arrived or fresher fish may be more active than this score, while a spent or dying fish may respond less or not at all. Measured river conditions describe the St. Joseph mainstem at Niles. Water temperature, clarity, hydraulic shape, and presentation conditions can differ in the harbor and lower Michigan river, at individual ladder tailwaters, and through South Bend, Mishawaka, and the Twin Branch reach. This read uses a current river level, measured water temperature, and the hourly weather outlook.","No late-season window should be treated as broadly favorable; use the block scores only for a living Chinook that is still capable of reacting. Apply this response window at Niles; verify temperature, clarity, flow shape, and legal access again before carrying it to another St. Joseph section."
2019-11-03,post_run,36,Reserved,45.68,6530,very_high,5,35,36,33,38,17-21,Today’s Chinook activity outlook is reserved.,"Fish may respond selectively, with important environmental limitations. The strongest window is 5–9 PM: Clouds or lower light make this window more favorable. The main limitation: The river level or its recent change is less favorable. This score represents a remaining Chinook of unknown condition late in the season. A newly arrived or fresher fish may be more active than this score, while a spent or dying fish may respond less or not at all. Measured river conditions describe the St. Joseph mainstem at Niles. Water temperature, clarity, hydraulic shape, and presentation conditions can differ in the harbor and lower Michigan river, at individual ladder tailwaters, and through South Bend, Mishawaka, and the Twin Branch reach. This read uses a current river level, measured water temperature, and the hourly weather outlook.","No late-season window should be treated as broadly favorable; use the block scores only for a living Chinook that is still capable of reacting. Apply this response window at Niles; verify temperature, clarity, flow shape, and legal access again before carrying it to another St. Joseph section."
2019-11-06,post_run,39,Reserved,45.32,6260,very_high,7,40,40,33,38,05-09,Today’s Chinook activity outlook is reserved.,"Fish may respond selectively, with important environmental limitations. The strongest window is 5–9 AM: Clouds or lower light make this window more favorable. The main limitation: The river level or its recent change is less favorable. This score represents a remaining Chinook of unknown condition late in the season. A newly arrived or fresher fish may be more active than this score, while a spent or dying fish may respond less or not at all. Measured river conditions describe the St. Joseph mainstem at Niles. Water temperature, clarity, hydraulic shape, and presentation conditions can differ in the harbor and lower Michigan river, at individual ladder tailwaters, and through South Bend, Mishawaka, and the Twin Branch reach. This read uses a current river level, measured water temperature, and the hourly weather outlook.","No late-season window should be treated as broadly favorable; use the block scores only for a living Chinook that is still capable of reacting. Apply this response window at Niles; verify temperature, clarity, flow shape, and legal access again before carrying it to another St. Joseph section."
2017-11-03,post_run,42,Moderate,46.94,3340,high_fishable,6,43,42,42,37,05-09,Today’s Chinook activity outlook is moderate.,"Some useful factors are present, but the response window is mixed. The strongest window is 5–9 AM: Clouds or lower light make this window more favorable. The main limitation: Rain adds little extra cover. This score represents a remaining Chinook of unknown condition late in the season. A newly arrived or fresher fish may be more active than this score, while a spent or dying fish may respond less or not at all. Measured river conditions describe the St. Joseph mainstem at Niles. Water temperature, clarity, hydraulic shape, and presentation conditions can differ in the harbor and lower Michigan river, at individual ladder tailwaters, and through South Bend, Mishawaka, and the Twin Branch reach. This read uses a current river level, measured water temperature, and the hourly weather outlook.","No late-season window should be treated as broadly favorable; use the block scores only for a living Chinook that is still capable of reacting. Apply this response window at Niles; verify temperature, clarity, flow shape, and legal access again before carrying it to another St. Joseph section."
2020-11-05,post_run,45,Moderate,48.2,2050,ideal,8,46,46,45,38,05-09,Today’s Chinook activity outlook is moderate.,"Some useful factors are present, but the response window is mixed. The strongest window is 5–9 AM: Clouds or lower light make this window more favorable. The main limitation: Rain adds little extra cover. This score represents a remaining Chinook of unknown condition late in the season. A newly arrived or fresher fish may be more active than this score, while a spent or dying fish may respond less or not at all. Measured river conditions describe the St. Joseph mainstem at Niles. Water temperature, clarity, hydraulic shape, and presentation conditions can differ in the harbor and lower Michigan river, at individual ladder tailwaters, and through South Bend, Mishawaka, and the Twin Branch reach. This read uses a current river level, measured water temperature, and the hourly weather outlook.","No late-season window should be treated as broadly favorable; use the block scores only for a living Chinook that is still capable of reacting. Apply this response window at Niles; verify temperature, clarity, flow shape, and legal access again before carrying it to another St. Joseph section."
2024-11-04,post_run,47,Moderate,56.48,2020,ideal,2,45,45,47,47,13-17,Today’s Chinook activity outlook is moderate.,"Some useful factors are present, but the response window is mixed. The strongest window is 1–5 PM: Clouds or lower light make this window more favorable. The main limitation: Rain adds little extra cover. This score represents a remaining Chinook of unknown condition late in the season. A newly arrived or fresher fish may be more active than this score, while a spent or dying fish may respond less or not at all. Measured river conditions describe the St. Joseph mainstem at Niles. Water temperature, clarity, hydraulic shape, and presentation conditions can differ in the harbor and lower Michigan river, at individual ladder tailwaters, and through South Bend, Mishawaka, and the Twin Branch reach. This read uses a current river level, measured water temperature, and the hourly weather outlook.","No late-season window should be treated as broadly favorable; use the block scores only for a living Chinook that is still capable of reacting. Apply this response window at Niles; verify temperature, clarity, flow shape, and legal access again before carrying it to another St. Joseph section."
