pairKey,localDate,activeMode,seasonalAvailability,fisheryStrength,idealTemperatureScore,regulationOpen,resultStatus
"ludington_mi/lake_trout","2027-01-01","cold_season_nearshore",0.622,3.8,2.7415,true,"available"
"ludington_mi/lake_trout","2027-01-08","cold_season_nearshore",0.5955,3.8,2.6673,true,"available"
"ludington_mi/lake_trout","2027-01-15","cold_season_nearshore",0.5689,3.8,2.593,true,"available"
"ludington_mi/lake_trout","2027-01-22","cold_season_nearshore",0.5585,3.8,2.5639,true,"available"
"ludington_mi/lake_trout","2027-01-29","cold_season_nearshore",0.5883,3.8,2.6473,true,"available"
"ludington_mi/lake_trout","2027-02-05","cold_season_nearshore",0.6181,3.8,2.7308,true,"available"
"ludington_mi/lake_trout","2027-02-12","cold_season_nearshore",0.648,3.8,2.8143,true,"available"
"ludington_mi/lake_trout","2027-02-19","cold_season_nearshore",0.6778,3.8,2.8978,true,"available"
"ludington_mi/lake_trout","2027-02-26","cold_season_nearshore",0.7076,3.8,2.9813,true,"available"
"ludington_mi/lake_trout","2027-03-05","cold_season_nearshore",0.7374,3.8,3.0647,true,"available"
"ludington_mi/lake_trout","2027-03-12","cold_season_nearshore",0.7672,3.8,3.1482,true,"available"
"ludington_mi/lake_trout","2027-03-19","cold_season_nearshore",0.7365,3.8,3.0623,true,"available"
"ludington_mi/lake_trout","2027-03-26","cold_season_nearshore",0.6604,3.8,2.8492,true,"available"
"ludington_mi/lake_trout","2027-04-02","cold_season_nearshore",0.5843,3.8,2.6362,true,"available"
"ludington_mi/lake_trout","2027-04-09","cold_season_nearshore",0.5083,3.8,2.4231,true,"available"
"ludington_mi/lake_trout","2027-04-16","cold_season_nearshore",0.4322,3.8,2.2101,true,"available"
"ludington_mi/lake_trout","2027-04-23","cold_season_nearshore",0.3561,3.8,1.997,true,"available"
"ludington_mi/lake_trout","2027-04-30","cold_season_nearshore",0.28,3.8,1.784,true,"available"
"ludington_mi/lake_trout","2027-05-07","cold_season_nearshore",0.2168,3.8,1.607,true,"available"
"ludington_mi/lake_trout","2027-05-14","summer_coldwater_access",0.1887,3.4,1.4529,true,"available"
"ludington_mi/lake_trout","2027-05-21","summer_coldwater_access",0.2903,3.4,1.6968,true,"available"
"ludington_mi/lake_trout","2027-05-28","summer_coldwater_access",0.3919,3.4,1.9406,true,"available"
"ludington_mi/lake_trout","2027-06-04","summer_coldwater_access",0.4923,3.4,2.1815,true,"available"
"ludington_mi/lake_trout","2027-06-11","summer_coldwater_access",0.591,3.4,2.4185,true,"available"
"ludington_mi/lake_trout","2027-06-18","summer_coldwater_access",0.6897,3.4,2.6554,true,"available"
"ludington_mi/lake_trout","2027-06-25","summer_coldwater_access",0.7885,3.4,2.8923,true,"available"
"ludington_mi/lake_trout","2027-07-02","summer_coldwater_access",0.8872,3.4,3.1292,true,"available"
"ludington_mi/lake_trout","2027-07-09","summer_coldwater_access",0.9859,3.4,3.3662,true,"available"
"ludington_mi/lake_trout","2027-07-16","summer_coldwater_access",0.9341,3.4,3.242,true,"available"
"ludington_mi/lake_trout","2027-07-23","summer_coldwater_access",0.8573,3.4,3.0576,true,"available"
"ludington_mi/lake_trout","2027-07-30","summer_coldwater_access",0.7805,3.4,2.8732,true,"available"
"ludington_mi/lake_trout","2027-08-06","summer_coldwater_access",0.7037,3.4,2.6888,true,"available"
"ludington_mi/lake_trout","2027-08-13","summer_coldwater_access",0.6268,3.4,2.5044,true,"available"
"ludington_mi/lake_trout","2027-08-20","summer_coldwater_access",0.55,3.4,2.32,true,"available"
"ludington_mi/lake_trout","2027-08-27","summer_coldwater_access",0.4019,3.4,1.9646,true,"available"
"ludington_mi/lake_trout","2027-09-03","summer_coldwater_access",0.2538,3.4,1.6092,true,"available"
"ludington_mi/lake_trout","2027-09-10","summer_coldwater_access",0.1058,3.4,1.2538,true,"available"
"ludington_mi/lake_trout","2027-09-17","cold_season_nearshore",0.025,3.8,1.07,true,"available"
"ludington_mi/lake_trout","2027-09-24","cold_season_nearshore",0.1125,3.8,1.315,true,"available"
"ludington_mi/lake_trout","2027-10-01","cold_season_nearshore",0.2,3.8,1.56,true,"available"
"ludington_mi/lake_trout","2027-10-08","cold_season_nearshore",0.45,3.8,2.26,true,"available"
"ludington_mi/lake_trout","2027-10-15","cold_season_nearshore",0.7,3.8,2.96,true,"available"
"ludington_mi/lake_trout","2027-10-22","cold_season_nearshore",0.91,3.8,3.548,true,"available"
"ludington_mi/lake_trout","2027-10-29","cold_season_nearshore",0.9619,3.8,3.6933,true,"available"
"ludington_mi/lake_trout","2027-11-05","cold_season_nearshore",0.8952,3.8,3.5067,true,"available"
"ludington_mi/lake_trout","2027-11-12","cold_season_nearshore",0.8286,3.8,3.32,true,"available"
"ludington_mi/lake_trout","2027-11-19","cold_season_nearshore",0.7848,3.8,3.1976,true,"available"
"ludington_mi/lake_trout","2027-11-26","cold_season_nearshore",0.7583,3.8,3.1233,true,"available"
"ludington_mi/lake_trout","2027-12-03","cold_season_nearshore",0.7318,3.8,3.0491,true,"available"
"ludington_mi/lake_trout","2027-12-10","cold_season_nearshore",0.7053,3.8,2.9748,true,"available"
"ludington_mi/lake_trout","2027-12-17","cold_season_nearshore",0.6788,3.8,2.9006,true,"available"
"ludington_mi/lake_trout","2027-12-24","cold_season_nearshore",0.6523,3.8,2.8264,true,"available"
"ludington_mi/smallmouth_bass","2027-01-01","warm_season_harbor",0,5.8,1,true,"available"
"ludington_mi/smallmouth_bass","2027-01-08","warm_season_harbor",0,5.8,1,true,"available"
"ludington_mi/smallmouth_bass","2027-01-15","warm_season_harbor",0,5.8,1,true,"available"
"ludington_mi/smallmouth_bass","2027-01-22","warm_season_harbor",0,5.8,1,true,"available"
"ludington_mi/smallmouth_bass","2027-01-29","warm_season_harbor",0,5.8,1,true,"available"
"ludington_mi/smallmouth_bass","2027-02-05","warm_season_harbor",0,5.8,1,true,"available"
"ludington_mi/smallmouth_bass","2027-02-12","warm_season_harbor",0,5.8,1,true,"available"
"ludington_mi/smallmouth_bass","2027-02-19","warm_season_harbor",0,5.8,1,true,"available"
"ludington_mi/smallmouth_bass","2027-02-26","warm_season_harbor",0,5.8,1,true,"available"
"ludington_mi/smallmouth_bass","2027-03-05","warm_season_harbor",0,5.8,1,true,"available"
"ludington_mi/smallmouth_bass","2027-03-12","warm_season_harbor",0,5.8,1,true,"available"
"ludington_mi/smallmouth_bass","2027-03-19","warm_season_harbor",0.0278,5.8,1.1333,true,"available"
"ludington_mi/smallmouth_bass","2027-03-26","warm_season_harbor",0.0764,5.8,1.3667,true,"available"
"ludington_mi/smallmouth_bass","2027-04-02","warm_season_harbor",0.125,5.8,1.6,true,"available"
"ludington_mi/smallmouth_bass","2027-04-09","warm_season_harbor",0.1736,5.8,1.8333,true,"available"
"ludington_mi/smallmouth_bass","2027-04-16","warm_season_harbor",0.2222,5.8,2.0667,true,"available"
"ludington_mi/smallmouth_bass","2027-04-23","warm_season_harbor",0.295,5.8,2.416,true,"available"
"ludington_mi/smallmouth_bass","2027-04-30","warm_season_harbor",0.4,5.8,2.92,true,"available"
"ludington_mi/smallmouth_bass","2027-05-07","warm_season_harbor",0.505,5.8,3.424,true,"available"
"ludington_mi/smallmouth_bass","2027-05-14","warm_season_harbor",0.61,5.8,3.928,true,"available"
"ludington_mi/smallmouth_bass","2027-05-21","warm_season_harbor",0.7083,5.8,4.4,true,"available"
"ludington_mi/smallmouth_bass","2027-05-28","warm_season_harbor",0.7667,5.8,4.68,true,"available"
"ludington_mi/smallmouth_bass","2027-06-04","warm_season_harbor",0.825,5.8,4.96,true,"available"
"ludington_mi/smallmouth_bass","2027-06-11","warm_season_harbor",0.8833,5.8,5.24,true,"available"
"ludington_mi/smallmouth_bass","2027-06-18","warm_season_harbor",0.9417,5.8,5.52,true,"available"
"ludington_mi/smallmouth_bass","2027-06-25","warm_season_harbor",1,5.8,5.8,true,"available"
"ludington_mi/smallmouth_bass","2027-07-02","warm_season_harbor",0.9875,5.8,5.74,true,"available"
"ludington_mi/smallmouth_bass","2027-07-09","warm_season_harbor",0.975,5.8,5.68,true,"available"
"ludington_mi/smallmouth_bass","2027-07-16","warm_season_harbor",0.9625,5.8,5.62,true,"available"
"ludington_mi/smallmouth_bass","2027-07-23","warm_season_harbor",0.95,5.8,5.56,true,"available"
"ludington_mi/smallmouth_bass","2027-07-30","warm_season_harbor",0.9375,5.8,5.5,true,"available"
"ludington_mi/smallmouth_bass","2027-08-06","warm_season_harbor",0.925,5.8,5.44,true,"available"
"ludington_mi/smallmouth_bass","2027-08-13","warm_season_harbor",0.9125,5.8,5.38,true,"available"
"ludington_mi/smallmouth_bass","2027-08-20","warm_season_harbor",0.9,5.8,5.32,true,"available"
"ludington_mi/smallmouth_bass","2027-08-27","warm_season_harbor",0.7931,5.8,4.8067,true,"available"
"ludington_mi/smallmouth_bass","2027-09-03","warm_season_harbor",0.6861,5.8,4.2933,true,"available"
"ludington_mi/smallmouth_bass","2027-09-10","warm_season_harbor",0.5792,5.8,3.78,true,"available"
"ludington_mi/smallmouth_bass","2027-09-17","warm_season_harbor",0.4722,5.8,3.2667,true,"available"
"ludington_mi/smallmouth_bass","2027-09-24","warm_season_harbor",0.3653,5.8,2.7533,true,"available"
"ludington_mi/smallmouth_bass","2027-10-01","warm_season_harbor",0.2932,5.8,2.4076,true,"available"
"ludington_mi/smallmouth_bass","2027-10-08","warm_season_harbor",0.227,5.8,2.0897,true,"available"
"ludington_mi/smallmouth_bass","2027-10-15","warm_season_harbor",0.1608,5.8,1.7719,true,"available"
"ludington_mi/smallmouth_bass","2027-10-22","warm_season_harbor",0.0946,5.8,1.4541,true,"available"
"ludington_mi/smallmouth_bass","2027-10-29","warm_season_harbor",0.0284,5.8,1.1362,true,"available"
"ludington_mi/smallmouth_bass","2027-11-05","warm_season_harbor",0,5.8,1,true,"available"
"ludington_mi/smallmouth_bass","2027-11-12","warm_season_harbor",0,5.8,1,true,"available"
"ludington_mi/smallmouth_bass","2027-11-19","warm_season_harbor",0,5.8,1,true,"available"
"ludington_mi/smallmouth_bass","2027-11-26","warm_season_harbor",0,5.8,1,true,"available"
"ludington_mi/smallmouth_bass","2027-12-03","warm_season_harbor",0,5.8,1,true,"available"
"ludington_mi/smallmouth_bass","2027-12-10","warm_season_harbor",0,5.8,1,true,"available"
"ludington_mi/smallmouth_bass","2027-12-17","warm_season_harbor",0,5.8,1,true,"available"
"ludington_mi/smallmouth_bass","2027-12-24","warm_season_harbor",0,5.8,1,true,"available"
"ludington_mi/freshwater_drum","2027-01-01","warm_season_bottom_fishery",0,5,1,true,"available"
"ludington_mi/freshwater_drum","2027-01-08","warm_season_bottom_fishery",0,5,1,true,"available"
"ludington_mi/freshwater_drum","2027-01-15","warm_season_bottom_fishery",0,5,1,true,"available"
"ludington_mi/freshwater_drum","2027-01-22","warm_season_bottom_fishery",0,5,1,true,"available"
"ludington_mi/freshwater_drum","2027-01-29","warm_season_bottom_fishery",0,5,1,true,"available"
"ludington_mi/freshwater_drum","2027-02-05","warm_season_bottom_fishery",0,5,1,true,"available"
"ludington_mi/freshwater_drum","2027-02-12","warm_season_bottom_fishery",0,5,1,true,"available"
"ludington_mi/freshwater_drum","2027-02-19","warm_season_bottom_fishery",0,5,1,true,"available"
"ludington_mi/freshwater_drum","2027-02-26","warm_season_bottom_fishery",0,5,1,true,"available"
"ludington_mi/freshwater_drum","2027-03-05","warm_season_bottom_fishery",0,5,1,true,"available"
"ludington_mi/freshwater_drum","2027-03-12","warm_season_bottom_fishery",0,5,1,true,"available"
"ludington_mi/freshwater_drum","2027-03-19","warm_season_bottom_fishery",0,5,1,true,"available"
"ludington_mi/freshwater_drum","2027-03-26","warm_season_bottom_fishery",0,5,1,true,"available"
"ludington_mi/freshwater_drum","2027-04-02","warm_season_bottom_fishery",0.0132,5,1.0529,true,"available"
"ludington_mi/freshwater_drum","2027-04-09","warm_season_bottom_fishery",0.1059,5,1.4235,true,"available"
"ludington_mi/freshwater_drum","2027-04-16","warm_season_bottom_fishery",0.1985,5,1.7941,true,"available"
"ludington_mi/freshwater_drum","2027-04-23","warm_season_bottom_fishery",0.2912,5,2.1647,true,"available"
"ludington_mi/freshwater_drum","2027-04-30","warm_season_bottom_fishery",0.3838,5,2.5353,true,"available"
"ludington_mi/freshwater_drum","2027-05-07","warm_season_bottom_fishery",0.4722,5,2.8889,true,"available"
"ludington_mi/freshwater_drum","2027-05-14","warm_season_bottom_fishery",0.55,5,3.2,true,"available"
"ludington_mi/freshwater_drum","2027-05-21","warm_season_bottom_fishery",0.6278,5,3.5111,true,"available"
"ludington_mi/freshwater_drum","2027-05-28","warm_season_bottom_fishery",0.7056,5,3.8222,true,"available"
"ludington_mi/freshwater_drum","2027-06-04","warm_season_bottom_fishery",0.7833,5,4.1333,true,"available"
"ludington_mi/freshwater_drum","2027-06-11","warm_season_bottom_fishery",0.8543,5,4.4171,true,"available"
"ludington_mi/freshwater_drum","2027-06-18","warm_season_bottom_fishery",0.8843,5,4.5371,true,"available"
"ludington_mi/freshwater_drum","2027-06-25","warm_season_bottom_fishery",0.9143,5,4.6571,true,"available"
"ludington_mi/freshwater_drum","2027-07-02","warm_season_bottom_fishery",0.9443,5,4.7771,true,"available"
"ludington_mi/freshwater_drum","2027-07-09","warm_season_bottom_fishery",0.9743,5,4.8971,true,"available"
"ludington_mi/freshwater_drum","2027-07-16","warm_season_bottom_fishery",0.9976,5,4.9902,true,"available"
"ludington_mi/freshwater_drum","2027-07-23","warm_season_bottom_fishery",0.9805,5,4.922,true,"available"
"ludington_mi/freshwater_drum","2027-07-30","warm_season_bottom_fishery",0.9634,5,4.8537,true,"available"
"ludington_mi/freshwater_drum","2027-08-06","warm_season_bottom_fishery",0.9463,5,4.7854,true,"available"
"ludington_mi/freshwater_drum","2027-08-13","warm_season_bottom_fishery",0.9293,5,4.7171,true,"available"
"ludington_mi/freshwater_drum","2027-08-20","warm_season_bottom_fishery",0.9122,5,4.6488,true,"available"
"ludington_mi/freshwater_drum","2027-08-27","warm_season_bottom_fishery",0.8676,5,4.4703,true,"available"
"ludington_mi/freshwater_drum","2027-09-03","warm_season_bottom_fishery",0.7541,5,4.0162,true,"available"
"ludington_mi/freshwater_drum","2027-09-10","warm_season_bottom_fishery",0.6405,5,3.5622,true,"available"
"ludington_mi/freshwater_drum","2027-09-17","warm_season_bottom_fishery",0.527,5,3.1081,true,"available"
"ludington_mi/freshwater_drum","2027-09-24","warm_season_bottom_fishery",0.4135,5,2.6541,true,"available"
"ludington_mi/freshwater_drum","2027-10-01","warm_season_bottom_fishery",0.3,5,2.2,true,"available"
"ludington_mi/freshwater_drum","2027-10-08","warm_season_bottom_fishery",0.2323,5,1.929,true,"available"
"ludington_mi/freshwater_drum","2027-10-15","warm_season_bottom_fishery",0.1645,5,1.6581,true,"available"
"ludington_mi/freshwater_drum","2027-10-22","warm_season_bottom_fishery",0.0968,5,1.3871,true,"available"
"ludington_mi/freshwater_drum","2027-10-29","warm_season_bottom_fishery",0.029,5,1.1161,true,"available"
"ludington_mi/freshwater_drum","2027-11-05","warm_season_bottom_fishery",0,5,1,true,"available"
"ludington_mi/freshwater_drum","2027-11-12","warm_season_bottom_fishery",0,5,1,true,"available"
"ludington_mi/freshwater_drum","2027-11-19","warm_season_bottom_fishery",0,5,1,true,"available"
"ludington_mi/freshwater_drum","2027-11-26","warm_season_bottom_fishery",0,5,1,true,"available"
"ludington_mi/freshwater_drum","2027-12-03","warm_season_bottom_fishery",0,5,1,true,"available"
"ludington_mi/freshwater_drum","2027-12-10","warm_season_bottom_fishery",0,5,1,true,"available"
"ludington_mi/freshwater_drum","2027-12-17","warm_season_bottom_fishery",0,5,1,true,"available"
"ludington_mi/freshwater_drum","2027-12-24","warm_season_bottom_fishery",0,5,1,true,"available"
"ludington_mi/yellow_perch","2027-01-01","spring_nearshore_schooling",0,6,1,true,"available"
"ludington_mi/yellow_perch","2027-01-08","spring_nearshore_schooling",0,6,1,true,"available"
"ludington_mi/yellow_perch","2027-01-15","spring_nearshore_schooling",0,6,1,true,"available"
"ludington_mi/yellow_perch","2027-01-22","spring_nearshore_schooling",0,6,1,true,"available"
"ludington_mi/yellow_perch","2027-01-29","spring_nearshore_schooling",0,6,1,true,"available"
"ludington_mi/yellow_perch","2027-02-05","spring_nearshore_schooling",0,6,1,true,"available"
"ludington_mi/yellow_perch","2027-02-12","spring_nearshore_schooling",0,6,1,true,"available"
"ludington_mi/yellow_perch","2027-02-19","spring_nearshore_schooling",0.0424,6,1.2121,true,"available"
"ludington_mi/yellow_perch","2027-02-26","spring_nearshore_schooling",0.1167,6,1.5833,true,"available"
"ludington_mi/yellow_perch","2027-03-05","spring_nearshore_schooling",0.1909,6,1.9545,true,"available"
"ludington_mi/yellow_perch","2027-03-12","spring_nearshore_schooling",0.2652,6,2.3258,true,"available"
"ludington_mi/yellow_perch","2027-03-19","spring_nearshore_schooling",0.3394,6,2.697,true,"available"
"ludington_mi/yellow_perch","2027-03-26","spring_nearshore_schooling",0.4139,6,3.0697,true,"available"
"ludington_mi/yellow_perch","2027-04-02","spring_nearshore_schooling",0.4885,6,3.4426,true,"available"
"ludington_mi/yellow_perch","2027-04-09","spring_nearshore_schooling",0.5631,6,3.8156,true,"available"
"ludington_mi/yellow_perch","2027-04-16","spring_nearshore_schooling",0.6377,6,4.1885,true,"available"
"ludington_mi/yellow_perch","2027-04-23","spring_nearshore_schooling",0.7123,6,4.5615,true,"available"
"ludington_mi/yellow_perch","2027-04-30","spring_nearshore_schooling",0.7869,6,4.9344,true,"available"
"ludington_mi/yellow_perch","2027-05-07","spring_nearshore_schooling",0.8615,6,5.3074,true,"available"
"ludington_mi/yellow_perch","2027-05-14","spring_nearshore_schooling",0.9361,6,5.6803,true,"available"
"ludington_mi/yellow_perch","2027-05-21","spring_nearshore_schooling",0.9625,6,5.8125,true,"available"
"ludington_mi/yellow_perch","2027-05-28","spring_nearshore_schooling",0.7,6,4.5,true,"available"
"ludington_mi/yellow_perch","2027-06-04","spring_nearshore_schooling",0.4813,6,3.4063,true,"available"
"ludington_mi/yellow_perch","2027-06-11","summer_harbor_schooling",0.4641,7.6,4.0628,true,"available"
"ludington_mi/yellow_perch","2027-06-18","summer_harbor_schooling",0.5846,7.6,4.8585,true,"available"
"ludington_mi/yellow_perch","2027-06-25","summer_harbor_schooling",0.7058,7.6,5.6581,true,"available"
"ludington_mi/yellow_perch","2027-07-02","summer_harbor_schooling",0.8269,7.6,6.4577,true,"available"
"ludington_mi/yellow_perch","2027-07-09","summer_harbor_schooling",0.9481,7.6,7.2573,true,"available"
"ludington_mi/yellow_perch","2027-07-16","summer_harbor_schooling",0.9744,7.6,7.4308,true,"available"
"ludington_mi/yellow_perch","2027-07-23","summer_harbor_schooling",0.9295,7.6,7.1346,true,"available"
"ludington_mi/yellow_perch","2027-07-30","summer_harbor_schooling",0.8846,7.6,6.8385,true,"available"
"ludington_mi/yellow_perch","2027-08-06","summer_harbor_schooling",0.8397,7.6,6.5423,true,"available"
"ludington_mi/yellow_perch","2027-08-13","summer_harbor_schooling",0.7949,7.6,6.2462,true,"available"
"ludington_mi/yellow_perch","2027-08-20","summer_harbor_schooling",0.75,7.6,5.95,true,"available"
"ludington_mi/yellow_perch","2027-08-27","summer_harbor_schooling",0.6583,7.6,5.345,true,"available"
"ludington_mi/yellow_perch","2027-09-03","summer_harbor_schooling",0.5667,7.6,4.74,true,"available"
"ludington_mi/yellow_perch","2027-09-10","summer_harbor_schooling",0.475,7.6,4.135,true,"available"
"ludington_mi/yellow_perch","2027-09-17","summer_harbor_schooling",0.3833,7.6,3.53,true,"available"
"ludington_mi/yellow_perch","2027-09-24","summer_harbor_schooling",0.2917,7.6,2.925,true,"available"
"ludington_mi/yellow_perch","2027-10-01","summer_harbor_schooling",0.2,7.6,2.32,true,"available"
"ludington_mi/yellow_perch","2027-10-08","summer_harbor_schooling",0.1548,7.6,2.0219,true,"available"
"ludington_mi/yellow_perch","2027-10-15","summer_harbor_schooling",0.1097,7.6,1.7239,true,"available"
"ludington_mi/yellow_perch","2027-10-22","summer_harbor_schooling",0.0645,7.6,1.4258,true,"available"
"ludington_mi/yellow_perch","2027-10-29","summer_harbor_schooling",0.0194,7.6,1.1277,true,"available"
"ludington_mi/yellow_perch","2027-11-05","spring_nearshore_schooling",0,6,1,true,"available"
"ludington_mi/yellow_perch","2027-11-12","spring_nearshore_schooling",0,6,1,true,"available"
"ludington_mi/yellow_perch","2027-11-19","spring_nearshore_schooling",0,6,1,true,"available"
"ludington_mi/yellow_perch","2027-11-26","spring_nearshore_schooling",0,6,1,true,"available"
"ludington_mi/yellow_perch","2027-12-03","spring_nearshore_schooling",0,6,1,true,"available"
"ludington_mi/yellow_perch","2027-12-10","spring_nearshore_schooling",0,6,1,true,"available"
"ludington_mi/yellow_perch","2027-12-17","spring_nearshore_schooling",0,6,1,true,"available"
"ludington_mi/yellow_perch","2027-12-24","spring_nearshore_schooling",0,6,1,true,"available"
"grand_haven_mi/lake_trout","2027-01-01","cold_season_nearshore",0.622,3.6,2.6171,true,"available"
"grand_haven_mi/lake_trout","2027-01-08","cold_season_nearshore",0.5955,3.6,2.5482,true,"available"
"grand_haven_mi/lake_trout","2027-01-15","cold_season_nearshore",0.5689,3.6,2.4792,true,"available"
"grand_haven_mi/lake_trout","2027-01-22","cold_season_nearshore",0.5585,3.6,2.4521,true,"available"
"grand_haven_mi/lake_trout","2027-01-29","cold_season_nearshore",0.5883,3.6,2.5297,true,"available"
"grand_haven_mi/lake_trout","2027-02-05","cold_season_nearshore",0.6181,3.6,2.6072,true,"available"
"grand_haven_mi/lake_trout","2027-02-12","cold_season_nearshore",0.648,3.6,2.6847,true,"available"
"grand_haven_mi/lake_trout","2027-02-19","cold_season_nearshore",0.6778,3.6,2.7622,true,"available"
"grand_haven_mi/lake_trout","2027-02-26","cold_season_nearshore",0.7076,3.6,2.8397,true,"available"
"grand_haven_mi/lake_trout","2027-03-05","cold_season_nearshore",0.7374,3.6,2.9173,true,"available"
"grand_haven_mi/lake_trout","2027-03-12","cold_season_nearshore",0.7672,3.6,2.9948,true,"available"
"grand_haven_mi/lake_trout","2027-03-19","cold_season_nearshore",0.7365,3.6,2.915,true,"available"
"grand_haven_mi/lake_trout","2027-03-26","cold_season_nearshore",0.6604,3.6,2.7171,true,"available"
"grand_haven_mi/lake_trout","2027-04-02","cold_season_nearshore",0.5843,3.6,2.5193,true,"available"
"grand_haven_mi/lake_trout","2027-04-09","cold_season_nearshore",0.5083,3.6,2.3215,true,"available"
"grand_haven_mi/lake_trout","2027-04-16","cold_season_nearshore",0.4322,3.6,2.1237,true,"available"
"grand_haven_mi/lake_trout","2027-04-23","cold_season_nearshore",0.3561,3.6,1.9258,true,"available"
"grand_haven_mi/lake_trout","2027-04-30","cold_season_nearshore",0.28,3.6,1.728,true,"available"
"grand_haven_mi/lake_trout","2027-05-07","cold_season_nearshore",0.2168,3.6,1.5636,true,"available"
"grand_haven_mi/lake_trout","2027-05-14","summer_coldwater_access",0.1887,3.4,1.4529,true,"available"
"grand_haven_mi/lake_trout","2027-05-21","summer_coldwater_access",0.2903,3.4,1.6968,true,"available"
"grand_haven_mi/lake_trout","2027-05-28","summer_coldwater_access",0.3919,3.4,1.9406,true,"available"
"grand_haven_mi/lake_trout","2027-06-04","summer_coldwater_access",0.4923,3.4,2.1815,true,"available"
"grand_haven_mi/lake_trout","2027-06-11","summer_coldwater_access",0.591,3.4,2.4185,true,"available"
"grand_haven_mi/lake_trout","2027-06-18","summer_coldwater_access",0.6897,3.4,2.6554,true,"available"
"grand_haven_mi/lake_trout","2027-06-25","summer_coldwater_access",0.7885,3.4,2.8923,true,"available"
"grand_haven_mi/lake_trout","2027-07-02","summer_coldwater_access",0.8872,3.4,3.1292,true,"available"
"grand_haven_mi/lake_trout","2027-07-09","summer_coldwater_access",0.9859,3.4,3.3662,true,"available"
"grand_haven_mi/lake_trout","2027-07-16","summer_coldwater_access",0.9341,3.4,3.242,true,"available"
"grand_haven_mi/lake_trout","2027-07-23","summer_coldwater_access",0.8573,3.4,3.0576,true,"available"
"grand_haven_mi/lake_trout","2027-07-30","summer_coldwater_access",0.7805,3.4,2.8732,true,"available"
"grand_haven_mi/lake_trout","2027-08-06","summer_coldwater_access",0.7037,3.4,2.6888,true,"available"
"grand_haven_mi/lake_trout","2027-08-13","summer_coldwater_access",0.6268,3.4,2.5044,true,"available"
"grand_haven_mi/lake_trout","2027-08-20","summer_coldwater_access",0.55,3.4,2.32,true,"available"
"grand_haven_mi/lake_trout","2027-08-27","summer_coldwater_access",0.4019,3.4,1.9646,true,"available"
"grand_haven_mi/lake_trout","2027-09-03","summer_coldwater_access",0.2538,3.4,1.6092,true,"available"
"grand_haven_mi/lake_trout","2027-09-10","summer_coldwater_access",0.1058,3.4,1.2538,true,"available"
"grand_haven_mi/lake_trout","2027-09-17","cold_season_nearshore",0.025,3.6,1.065,true,"available"
"grand_haven_mi/lake_trout","2027-09-24","cold_season_nearshore",0.1125,3.6,1.2925,true,"available"
"grand_haven_mi/lake_trout","2027-10-01","cold_season_nearshore",0.2,3.6,1.52,true,"available"
"grand_haven_mi/lake_trout","2027-10-08","cold_season_nearshore",0.45,3.6,2.17,true,"available"
"grand_haven_mi/lake_trout","2027-10-15","cold_season_nearshore",0.7,3.6,2.82,true,"available"
"grand_haven_mi/lake_trout","2027-10-22","cold_season_nearshore",0.91,3.6,3.366,true,"available"
"grand_haven_mi/lake_trout","2027-10-29","cold_season_nearshore",0.9619,3.6,3.501,true,"available"
"grand_haven_mi/lake_trout","2027-11-05","cold_season_nearshore",0.8952,3.6,3.3276,true,"available"
"grand_haven_mi/lake_trout","2027-11-12","cold_season_nearshore",0.8286,3.6,3.1543,true,"available"
"grand_haven_mi/lake_trout","2027-11-19","cold_season_nearshore",0.7848,3.6,3.0406,true,"available"
"grand_haven_mi/lake_trout","2027-11-26","cold_season_nearshore",0.7583,3.6,2.9717,true,"available"
"grand_haven_mi/lake_trout","2027-12-03","cold_season_nearshore",0.7318,3.6,2.9027,true,"available"
"grand_haven_mi/lake_trout","2027-12-10","cold_season_nearshore",0.7053,3.6,2.8338,true,"available"
"grand_haven_mi/lake_trout","2027-12-17","cold_season_nearshore",0.6788,3.6,2.7648,true,"available"
"grand_haven_mi/lake_trout","2027-12-24","cold_season_nearshore",0.6523,3.6,2.6959,true,"available"
"grand_haven_mi/smallmouth_bass","2027-01-01","warm_season_harbor",0,7,1,true,"available"
"grand_haven_mi/smallmouth_bass","2027-01-08","warm_season_harbor",0,7,1,true,"available"
"grand_haven_mi/smallmouth_bass","2027-01-15","warm_season_harbor",0,7,1,true,"available"
"grand_haven_mi/smallmouth_bass","2027-01-22","warm_season_harbor",0,7,1,true,"available"
"grand_haven_mi/smallmouth_bass","2027-01-29","warm_season_harbor",0,7,1,true,"available"
"grand_haven_mi/smallmouth_bass","2027-02-05","warm_season_harbor",0,7,1,true,"available"
"grand_haven_mi/smallmouth_bass","2027-02-12","warm_season_harbor",0,7,1,true,"available"
"grand_haven_mi/smallmouth_bass","2027-02-19","warm_season_harbor",0,7,1,true,"available"
"grand_haven_mi/smallmouth_bass","2027-02-26","warm_season_harbor",0,7,1,true,"available"
"grand_haven_mi/smallmouth_bass","2027-03-05","warm_season_harbor",0,7,1,true,"available"
"grand_haven_mi/smallmouth_bass","2027-03-12","warm_season_harbor",0,7,1,true,"available"
"grand_haven_mi/smallmouth_bass","2027-03-19","warm_season_harbor",0.0278,7,1.1667,true,"available"
"grand_haven_mi/smallmouth_bass","2027-03-26","warm_season_harbor",0.0764,7,1.4583,true,"available"
"grand_haven_mi/smallmouth_bass","2027-04-02","warm_season_harbor",0.125,7,1.75,true,"available"
"grand_haven_mi/smallmouth_bass","2027-04-09","warm_season_harbor",0.1736,7,2.0417,true,"available"
"grand_haven_mi/smallmouth_bass","2027-04-16","warm_season_harbor",0.2222,7,2.3333,true,"available"
"grand_haven_mi/smallmouth_bass","2027-04-23","warm_season_harbor",0.295,7,2.77,true,"available"
"grand_haven_mi/smallmouth_bass","2027-04-30","warm_season_harbor",0.4,7,3.4,true,"available"
"grand_haven_mi/smallmouth_bass","2027-05-07","warm_season_harbor",0.505,7,4.03,true,"available"
"grand_haven_mi/smallmouth_bass","2027-05-14","warm_season_harbor",0.61,7,4.66,true,"available"
"grand_haven_mi/smallmouth_bass","2027-05-21","warm_season_harbor",0.7083,7,5.25,true,"available"
"grand_haven_mi/smallmouth_bass","2027-05-28","warm_season_harbor",0.7667,7,5.6,true,"available"
"grand_haven_mi/smallmouth_bass","2027-06-04","warm_season_harbor",0.825,7,5.95,true,"available"
"grand_haven_mi/smallmouth_bass","2027-06-11","warm_season_harbor",0.8833,7,6.3,true,"available"
"grand_haven_mi/smallmouth_bass","2027-06-18","warm_season_harbor",0.9417,7,6.65,true,"available"
"grand_haven_mi/smallmouth_bass","2027-06-25","warm_season_harbor",1,7,7,true,"available"
"grand_haven_mi/smallmouth_bass","2027-07-02","warm_season_harbor",0.9875,7,6.925,true,"available"
"grand_haven_mi/smallmouth_bass","2027-07-09","warm_season_harbor",0.975,7,6.85,true,"available"
"grand_haven_mi/smallmouth_bass","2027-07-16","warm_season_harbor",0.9625,7,6.775,true,"available"
"grand_haven_mi/smallmouth_bass","2027-07-23","warm_season_harbor",0.95,7,6.7,true,"available"
"grand_haven_mi/smallmouth_bass","2027-07-30","warm_season_harbor",0.9375,7,6.625,true,"available"
"grand_haven_mi/smallmouth_bass","2027-08-06","warm_season_harbor",0.925,7,6.55,true,"available"
"grand_haven_mi/smallmouth_bass","2027-08-13","warm_season_harbor",0.9125,7,6.475,true,"available"
"grand_haven_mi/smallmouth_bass","2027-08-20","warm_season_harbor",0.9,7,6.4,true,"available"
"grand_haven_mi/smallmouth_bass","2027-08-27","warm_season_harbor",0.7931,7,5.7583,true,"available"
"grand_haven_mi/smallmouth_bass","2027-09-03","warm_season_harbor",0.6861,7,5.1167,true,"available"
"grand_haven_mi/smallmouth_bass","2027-09-10","warm_season_harbor",0.5792,7,4.475,true,"available"
"grand_haven_mi/smallmouth_bass","2027-09-17","warm_season_harbor",0.4722,7,3.8333,true,"available"
"grand_haven_mi/smallmouth_bass","2027-09-24","warm_season_harbor",0.3653,7,3.1917,true,"available"
"grand_haven_mi/smallmouth_bass","2027-10-01","warm_season_harbor",0.2932,7,2.7595,true,"available"
"grand_haven_mi/smallmouth_bass","2027-10-08","warm_season_harbor",0.227,7,2.3622,true,"available"
"grand_haven_mi/smallmouth_bass","2027-10-15","warm_season_harbor",0.1608,7,1.9649,true,"available"
"grand_haven_mi/smallmouth_bass","2027-10-22","warm_season_harbor",0.0946,7,1.5676,true,"available"
"grand_haven_mi/smallmouth_bass","2027-10-29","warm_season_harbor",0.0284,7,1.1703,true,"available"
"grand_haven_mi/smallmouth_bass","2027-11-05","warm_season_harbor",0,7,1,true,"available"
"grand_haven_mi/smallmouth_bass","2027-11-12","warm_season_harbor",0,7,1,true,"available"
"grand_haven_mi/smallmouth_bass","2027-11-19","warm_season_harbor",0,7,1,true,"available"
"grand_haven_mi/smallmouth_bass","2027-11-26","warm_season_harbor",0,7,1,true,"available"
"grand_haven_mi/smallmouth_bass","2027-12-03","warm_season_harbor",0,7,1,true,"available"
"grand_haven_mi/smallmouth_bass","2027-12-10","warm_season_harbor",0,7,1,true,"available"
"grand_haven_mi/smallmouth_bass","2027-12-17","warm_season_harbor",0,7,1,true,"available"
"grand_haven_mi/smallmouth_bass","2027-12-24","warm_season_harbor",0,7,1,true,"available"
"grand_haven_mi/freshwater_drum","2027-01-01","warm_season_bottom_fishery",0,7.2,1,true,"available"
"grand_haven_mi/freshwater_drum","2027-01-08","warm_season_bottom_fishery",0,7.2,1,true,"available"
"grand_haven_mi/freshwater_drum","2027-01-15","warm_season_bottom_fishery",0,7.2,1,true,"available"
"grand_haven_mi/freshwater_drum","2027-01-22","warm_season_bottom_fishery",0,7.2,1,true,"available"
"grand_haven_mi/freshwater_drum","2027-01-29","warm_season_bottom_fishery",0,7.2,1,true,"available"
"grand_haven_mi/freshwater_drum","2027-02-05","warm_season_bottom_fishery",0,7.2,1,true,"available"
"grand_haven_mi/freshwater_drum","2027-02-12","warm_season_bottom_fishery",0,7.2,1,true,"available"
"grand_haven_mi/freshwater_drum","2027-02-19","warm_season_bottom_fishery",0,7.2,1,true,"available"
"grand_haven_mi/freshwater_drum","2027-02-26","warm_season_bottom_fishery",0,7.2,1,true,"available"
"grand_haven_mi/freshwater_drum","2027-03-05","warm_season_bottom_fishery",0,7.2,1,true,"available"
"grand_haven_mi/freshwater_drum","2027-03-12","warm_season_bottom_fishery",0,7.2,1,true,"available"
"grand_haven_mi/freshwater_drum","2027-03-19","warm_season_bottom_fishery",0,7.2,1,true,"available"
"grand_haven_mi/freshwater_drum","2027-03-26","warm_season_bottom_fishery",0,7.2,1,true,"available"
"grand_haven_mi/freshwater_drum","2027-04-02","warm_season_bottom_fishery",0.0221,7.2,1.1368,true,"available"
"grand_haven_mi/freshwater_drum","2027-04-09","warm_season_bottom_fishery",0.1765,7.2,2.0941,true,"available"
"grand_haven_mi/freshwater_drum","2027-04-16","warm_season_bottom_fishery",0.3309,7.2,3.0515,true,"available"
"grand_haven_mi/freshwater_drum","2027-04-23","warm_season_bottom_fishery",0.4853,7.2,4.0088,true,"available"
"grand_haven_mi/freshwater_drum","2027-04-30","warm_season_bottom_fishery",0.6397,7.2,4.9662,true,"available"
"grand_haven_mi/freshwater_drum","2027-05-07","warm_season_bottom_fishery",0.77,7.2,5.774,true,"available"
"grand_haven_mi/freshwater_drum","2027-05-14","warm_season_bottom_fishery",0.84,7.2,6.208,true,"available"
"grand_haven_mi/freshwater_drum","2027-05-21","warm_season_bottom_fishery",0.9024,7.2,6.5948,true,"available"
"grand_haven_mi/freshwater_drum","2027-05-28","warm_season_bottom_fishery",0.919,7.2,6.6981,true,"available"
"grand_haven_mi/freshwater_drum","2027-06-04","warm_season_bottom_fishery",0.9357,7.2,6.8014,true,"available"
"grand_haven_mi/freshwater_drum","2027-06-11","warm_season_bottom_fishery",0.9514,7.2,6.8989,true,"available"
"grand_haven_mi/freshwater_drum","2027-06-18","warm_season_bottom_fishery",0.9614,7.2,6.9609,true,"available"
"grand_haven_mi/freshwater_drum","2027-06-25","warm_season_bottom_fishery",0.9714,7.2,7.0229,true,"available"
"grand_haven_mi/freshwater_drum","2027-07-02","warm_season_bottom_fishery",0.9814,7.2,7.0849,true,"available"
"grand_haven_mi/freshwater_drum","2027-07-09","warm_season_bottom_fishery",0.9914,7.2,7.1469,true,"available"
"grand_haven_mi/freshwater_drum","2027-07-16","warm_season_bottom_fishery",0.9988,7.2,7.1924,true,"available"
"grand_haven_mi/freshwater_drum","2027-07-23","warm_season_bottom_fishery",0.9902,7.2,7.1395,true,"available"
"grand_haven_mi/freshwater_drum","2027-07-30","warm_season_bottom_fishery",0.9817,7.2,7.0866,true,"available"
"grand_haven_mi/freshwater_drum","2027-08-06","warm_season_bottom_fishery",0.9732,7.2,7.0337,true,"available"
"grand_haven_mi/freshwater_drum","2027-08-13","warm_season_bottom_fishery",0.9646,7.2,6.9807,true,"available"
"grand_haven_mi/freshwater_drum","2027-08-20","warm_season_bottom_fishery",0.9561,7.2,6.9278,true,"available"
"grand_haven_mi/freshwater_drum","2027-08-27","warm_season_bottom_fishery",0.9423,7.2,6.8423,true,"available"
"grand_haven_mi/freshwater_drum","2027-09-03","warm_season_bottom_fishery",0.9154,7.2,6.6754,true,"available"
"grand_haven_mi/freshwater_drum","2027-09-10","warm_season_bottom_fishery",0.8885,7.2,6.5085,true,"available"
"grand_haven_mi/freshwater_drum","2027-09-17","warm_season_bottom_fishery",0.8615,7.2,6.3415,true,"available"
"grand_haven_mi/freshwater_drum","2027-09-24","warm_season_bottom_fishery",0.778,7.2,5.8236,true,"available"
"grand_haven_mi/freshwater_drum","2027-10-01","warm_season_bottom_fishery",0.652,7.2,5.0424,true,"available"
"grand_haven_mi/freshwater_drum","2027-10-08","warm_season_bottom_fishery",0.526,7.2,4.2612,true,"available"
"grand_haven_mi/freshwater_drum","2027-10-15","warm_season_bottom_fishery",0.4,7.2,3.48,true,"available"
"grand_haven_mi/freshwater_drum","2027-10-22","warm_season_bottom_fishery",0.2353,7.2,2.4588,true,"available"
"grand_haven_mi/freshwater_drum","2027-10-29","warm_season_bottom_fishery",0.0706,7.2,1.4376,true,"available"
"grand_haven_mi/freshwater_drum","2027-11-05","warm_season_bottom_fishery",0,7.2,1,true,"available"
"grand_haven_mi/freshwater_drum","2027-11-12","warm_season_bottom_fishery",0,7.2,1,true,"available"
"grand_haven_mi/freshwater_drum","2027-11-19","warm_season_bottom_fishery",0,7.2,1,true,"available"
"grand_haven_mi/freshwater_drum","2027-11-26","warm_season_bottom_fishery",0,7.2,1,true,"available"
"grand_haven_mi/freshwater_drum","2027-12-03","warm_season_bottom_fishery",0,7.2,1,true,"available"
"grand_haven_mi/freshwater_drum","2027-12-10","warm_season_bottom_fishery",0,7.2,1,true,"available"
"grand_haven_mi/freshwater_drum","2027-12-17","warm_season_bottom_fishery",0,7.2,1,true,"available"
"grand_haven_mi/freshwater_drum","2027-12-24","warm_season_bottom_fishery",0,7.2,1,true,"available"
"grand_haven_mi/yellow_perch","2027-01-01","spring_nearshore_schooling",0,6.2,1,true,"available"
"grand_haven_mi/yellow_perch","2027-01-08","spring_nearshore_schooling",0,6.2,1,true,"available"
"grand_haven_mi/yellow_perch","2027-01-15","spring_nearshore_schooling",0,6.2,1,true,"available"
"grand_haven_mi/yellow_perch","2027-01-22","spring_nearshore_schooling",0,6.2,1,true,"available"
"grand_haven_mi/yellow_perch","2027-01-29","spring_nearshore_schooling",0,6.2,1,true,"available"
"grand_haven_mi/yellow_perch","2027-02-05","spring_nearshore_schooling",0,6.2,1,true,"available"
"grand_haven_mi/yellow_perch","2027-02-12","spring_nearshore_schooling",0,6.2,1,true,"available"
"grand_haven_mi/yellow_perch","2027-02-19","spring_nearshore_schooling",0.0424,6.2,1.2206,true,"available"
"grand_haven_mi/yellow_perch","2027-02-26","spring_nearshore_schooling",0.1167,6.2,1.6067,true,"available"
"grand_haven_mi/yellow_perch","2027-03-05","spring_nearshore_schooling",0.1909,6.2,1.9927,true,"available"
"grand_haven_mi/yellow_perch","2027-03-12","spring_nearshore_schooling",0.2652,6.2,2.3788,true,"available"
"grand_haven_mi/yellow_perch","2027-03-19","spring_nearshore_schooling",0.3394,6.2,2.7648,true,"available"
"grand_haven_mi/yellow_perch","2027-03-26","spring_nearshore_schooling",0.4769,6.2,3.48,true,"available"
"grand_haven_mi/yellow_perch","2027-04-02","spring_nearshore_schooling",0.625,6.2,4.25,true,"available"
"grand_haven_mi/yellow_perch","2027-04-09","spring_nearshore_schooling",0.7731,6.2,5.02,true,"available"
"grand_haven_mi/yellow_perch","2027-04-16","spring_nearshore_schooling",0.91,6.2,5.732,true,"available"
"grand_haven_mi/yellow_perch","2027-04-23","spring_nearshore_schooling",0.98,6.2,6.096,true,"available"
"grand_haven_mi/yellow_perch","2027-04-30","spring_nearshore_schooling",0.85,6.2,5.42,true,"available"
"grand_haven_mi/yellow_perch","2027-05-07","spring_nearshore_schooling",0.64,6.2,4.328,true,"available"
"grand_haven_mi/yellow_perch","2027-05-14","spring_nearshore_schooling",0.45,6.2,3.34,true,"available"
"grand_haven_mi/yellow_perch","2027-05-21","spring_nearshore_schooling",0.275,6.2,2.43,true,"available"
"grand_haven_mi/yellow_perch","2027-05-28","summer_harbor_schooling",0.2234,7.2,2.3853,true,"available"
"grand_haven_mi/yellow_perch","2027-06-04","summer_harbor_schooling",0.3438,7.2,3.1313,true,"available"
"grand_haven_mi/yellow_perch","2027-06-11","summer_harbor_schooling",0.4641,7.2,3.8772,true,"available"
"grand_haven_mi/yellow_perch","2027-06-18","summer_harbor_schooling",0.5686,7.2,4.5254,true,"available"
"grand_haven_mi/yellow_perch","2027-06-25","summer_harbor_schooling",0.6338,7.2,4.9295,true,"available"
"grand_haven_mi/yellow_perch","2027-07-02","summer_harbor_schooling",0.699,7.2,5.3336,true,"available"
"grand_haven_mi/yellow_perch","2027-07-09","summer_harbor_schooling",0.7641,7.2,5.7377,true,"available"
"grand_haven_mi/yellow_perch","2027-07-16","summer_harbor_schooling",0.8286,7.2,6.1371,true,"available"
"grand_haven_mi/yellow_perch","2027-07-23","summer_harbor_schooling",0.8886,7.2,6.5091,true,"available"
"grand_haven_mi/yellow_perch","2027-07-30","summer_harbor_schooling",0.9486,7.2,6.8811,true,"available"
"grand_haven_mi/yellow_perch","2027-08-06","summer_harbor_schooling",0.9965,7.2,7.1783,true,"available"
"grand_haven_mi/yellow_perch","2027-08-13","summer_harbor_schooling",0.972,7.2,7.0264,true,"available"
"grand_haven_mi/yellow_perch","2027-08-20","summer_harbor_schooling",0.9475,7.2,6.8745,true,"available"
"grand_haven_mi/yellow_perch","2027-08-27","summer_harbor_schooling",0.9215,7.2,6.7135,true,"available"
"grand_haven_mi/yellow_perch","2027-09-03","summer_harbor_schooling",0.8919,7.2,6.5299,true,"available"
"grand_haven_mi/yellow_perch","2027-09-10","summer_harbor_schooling",0.8623,7.2,6.3463,true,"available"
"grand_haven_mi/yellow_perch","2027-09-17","summer_harbor_schooling",0.8327,7.2,6.1627,true,"available"
"grand_haven_mi/yellow_perch","2027-09-24","summer_harbor_schooling",0.7448,7.2,5.6178,true,"available"
"grand_haven_mi/yellow_perch","2027-10-01","summer_harbor_schooling",0.6132,7.2,4.8018,true,"available"
"grand_haven_mi/yellow_perch","2027-10-08","summer_harbor_schooling",0.4816,7.2,3.9859,true,"available"
"grand_haven_mi/yellow_perch","2027-10-15","summer_harbor_schooling",0.35,7.2,3.17,true,"available"
"grand_haven_mi/yellow_perch","2027-10-22","summer_harbor_schooling",0.2059,7.2,2.2765,true,"available"
"grand_haven_mi/yellow_perch","2027-10-29","summer_harbor_schooling",0.0618,7.2,1.3829,true,"available"
"grand_haven_mi/yellow_perch","2027-11-05","spring_nearshore_schooling",0,6.2,1,true,"available"
"grand_haven_mi/yellow_perch","2027-11-12","spring_nearshore_schooling",0,6.2,1,true,"available"
"grand_haven_mi/yellow_perch","2027-11-19","spring_nearshore_schooling",0,6.2,1,true,"available"
"grand_haven_mi/yellow_perch","2027-11-26","spring_nearshore_schooling",0,6.2,1,true,"available"
"grand_haven_mi/yellow_perch","2027-12-03","spring_nearshore_schooling",0,6.2,1,true,"available"
"grand_haven_mi/yellow_perch","2027-12-10","spring_nearshore_schooling",0,6.2,1,true,"available"
"grand_haven_mi/yellow_perch","2027-12-17","spring_nearshore_schooling",0,6.2,1,true,"available"
"grand_haven_mi/yellow_perch","2027-12-24","spring_nearshore_schooling",0,6.2,1,true,"available"
"grand_haven_mi/round_whitefish","2027-01-01","spring_menominee",0,3.8,1,true,"available"
"grand_haven_mi/round_whitefish","2027-01-08","spring_menominee",0,3.8,1,true,"available"
"grand_haven_mi/round_whitefish","2027-01-15","spring_menominee",0,3.8,1,true,"available"
"grand_haven_mi/round_whitefish","2027-01-22","spring_menominee",0,3.8,1,true,"available"
"grand_haven_mi/round_whitefish","2027-01-29","spring_menominee",0,3.8,1,true,"available"
"grand_haven_mi/round_whitefish","2027-02-05","spring_menominee",0,3.8,1,true,"available"
"grand_haven_mi/round_whitefish","2027-02-12","spring_menominee",0,3.8,1,true,"available"
"grand_haven_mi/round_whitefish","2027-02-19","spring_menominee",0.0485,3.8,1.1358,true,"available"
"grand_haven_mi/round_whitefish","2027-02-26","spring_menominee",0.1333,3.8,1.3733,true,"available"
"grand_haven_mi/round_whitefish","2027-03-05","spring_menominee",0.2182,3.8,1.6109,true,"available"
"grand_haven_mi/round_whitefish","2027-03-12","spring_menominee",0.303,3.8,1.8485,true,"available"
"grand_haven_mi/round_whitefish","2027-03-19","spring_menominee",0.3879,3.8,2.0861,true,"available"
"grand_haven_mi/round_whitefish","2027-03-26","spring_menominee",0.5385,3.8,2.5077,true,"available"
"grand_haven_mi/round_whitefish","2027-04-02","spring_menominee",0.7,3.8,2.96,true,"available"
"grand_haven_mi/round_whitefish","2027-04-09","spring_menominee",0.8615,3.8,3.4123,true,"available"
"grand_haven_mi/round_whitefish","2027-04-16","spring_menominee",0.978,3.8,3.7384,true,"available"
"grand_haven_mi/round_whitefish","2027-04-23","spring_menominee",0.824,3.8,3.3072,true,"available"
"grand_haven_mi/round_whitefish","2027-04-30","spring_menominee",0.67,3.8,2.876,true,"available"
"grand_haven_mi/round_whitefish","2027-05-07","spring_menominee",0.516,3.8,2.4448,true,"available"
"grand_haven_mi/round_whitefish","2027-05-14","spring_menominee",0.3682,3.8,2.0309,true,"available"
"grand_haven_mi/round_whitefish","2027-05-21","spring_menominee",0.225,3.8,1.63,true,"available"
"grand_haven_mi/round_whitefish","2027-05-28","spring_menominee",0.0818,3.8,1.2291,true,"available"
"grand_haven_mi/round_whitefish","2027-06-04","spring_menominee",0,3.8,1,true,"available"
"grand_haven_mi/round_whitefish","2027-06-11","spring_menominee",0,3.8,1,true,"available"
"grand_haven_mi/round_whitefish","2027-06-18","spring_menominee",0,3.8,1,true,"available"
"grand_haven_mi/round_whitefish","2027-06-25","spring_menominee",0,3.8,1,true,"available"
"grand_haven_mi/round_whitefish","2027-07-02","spring_menominee",0,3.8,1,true,"available"
"grand_haven_mi/round_whitefish","2027-07-09","spring_menominee",0,3.8,1,true,"available"
"grand_haven_mi/round_whitefish","2027-07-16","spring_menominee",0,3.8,1,true,"available"
"grand_haven_mi/round_whitefish","2027-07-23","spring_menominee",0,3.8,1,true,"available"
"grand_haven_mi/round_whitefish","2027-07-30","spring_menominee",0,3.8,1,true,"available"
"grand_haven_mi/round_whitefish","2027-08-06","spring_menominee",0,3.8,1,true,"available"
"grand_haven_mi/round_whitefish","2027-08-13","spring_menominee",0,3.8,1,true,"available"
"grand_haven_mi/round_whitefish","2027-08-20","spring_menominee",0,3.8,1,true,"available"
"grand_haven_mi/round_whitefish","2027-08-27","spring_menominee",0,3.8,1,true,"available"
"grand_haven_mi/round_whitefish","2027-09-03","spring_menominee",0,3.8,1,true,"available"
"grand_haven_mi/round_whitefish","2027-09-10","spring_menominee",0,3.8,1,true,"available"
"grand_haven_mi/round_whitefish","2027-09-17","spring_menominee",0,3.8,1,true,"available"
"grand_haven_mi/round_whitefish","2027-09-24","spring_menominee",0,3.8,1,true,"available"
"grand_haven_mi/round_whitefish","2027-10-01","spring_menominee",0,3.8,1,true,"available"
"grand_haven_mi/round_whitefish","2027-10-08","spring_menominee",0,3.8,1,true,"available"
"grand_haven_mi/round_whitefish","2027-10-15","spring_menominee",0,3.8,1,true,"available"
"grand_haven_mi/round_whitefish","2027-10-22","spring_menominee",0,3.8,1,true,"available"
"grand_haven_mi/round_whitefish","2027-10-29","spring_menominee",0,3.8,1,true,"available"
"grand_haven_mi/round_whitefish","2027-11-05","spring_menominee",0,3.8,1,true,"available"
"grand_haven_mi/round_whitefish","2027-11-12","spring_menominee",0,3.8,1,true,"available"
"grand_haven_mi/round_whitefish","2027-11-19","spring_menominee",0,3.8,1,true,"available"
"grand_haven_mi/round_whitefish","2027-11-26","spring_menominee",0,3.8,1,true,"available"
"grand_haven_mi/round_whitefish","2027-12-03","spring_menominee",0,3.8,1,true,"available"
"grand_haven_mi/round_whitefish","2027-12-10","spring_menominee",0,3.8,1,true,"available"
"grand_haven_mi/round_whitefish","2027-12-17","spring_menominee",0,3.8,1,true,"available"
"grand_haven_mi/round_whitefish","2027-12-24","spring_menominee",0,3.8,1,true,"available"
"grand_haven_mi/channel_catfish","2027-01-01","warm_season_channel",0,6.8,1,true,"available"
"grand_haven_mi/channel_catfish","2027-01-08","warm_season_channel",0,6.8,1,true,"available"
"grand_haven_mi/channel_catfish","2027-01-15","warm_season_channel",0,6.8,1,true,"available"
"grand_haven_mi/channel_catfish","2027-01-22","warm_season_channel",0,6.8,1,true,"available"
"grand_haven_mi/channel_catfish","2027-01-29","warm_season_channel",0,6.8,1,true,"available"
"grand_haven_mi/channel_catfish","2027-02-05","warm_season_channel",0,6.8,1,true,"available"
"grand_haven_mi/channel_catfish","2027-02-12","warm_season_channel",0,6.8,1,true,"available"
"grand_haven_mi/channel_catfish","2027-02-19","warm_season_channel",0,6.8,1,true,"available"
"grand_haven_mi/channel_catfish","2027-02-26","warm_season_channel",0,6.8,1,true,"available"
"grand_haven_mi/channel_catfish","2027-03-05","warm_season_channel",0,6.8,1,true,"available"
"grand_haven_mi/channel_catfish","2027-03-12","warm_season_channel",0,6.8,1,true,"available"
"grand_haven_mi/channel_catfish","2027-03-19","warm_season_channel",0,6.8,1,true,"available"
"grand_haven_mi/channel_catfish","2027-03-26","warm_season_channel",0.0643,6.8,1.3729,true,"available"
"grand_haven_mi/channel_catfish","2027-04-02","warm_season_channel",0.1393,6.8,1.8079,true,"available"
"grand_haven_mi/channel_catfish","2027-04-09","warm_season_channel",0.2143,6.8,2.2429,true,"available"
"grand_haven_mi/channel_catfish","2027-04-16","warm_season_channel",0.2893,6.8,2.6779,true,"available"
"grand_haven_mi/channel_catfish","2027-04-23","warm_season_channel",0.3643,6.8,3.1129,true,"available"
"grand_haven_mi/channel_catfish","2027-04-30","warm_season_channel",0.4393,6.8,3.5479,true,"available"
"grand_haven_mi/channel_catfish","2027-05-07","warm_season_channel",0.492,6.8,3.8536,true,"available"
"grand_haven_mi/channel_catfish","2027-05-14","warm_season_channel",0.541,6.8,4.1378,true,"available"
"grand_haven_mi/channel_catfish","2027-05-21","warm_season_channel",0.59,6.8,4.422,true,"available"
"grand_haven_mi/channel_catfish","2027-05-28","warm_season_channel",0.639,6.8,4.7062,true,"available"
"grand_haven_mi/channel_catfish","2027-06-04","warm_season_channel",0.688,6.8,4.9904,true,"available"
"grand_haven_mi/channel_catfish","2027-06-11","warm_season_channel",0.737,6.8,5.2746,true,"available"
"grand_haven_mi/channel_catfish","2027-06-18","warm_season_channel",0.786,6.8,5.5588,true,"available"
"grand_haven_mi/channel_catfish","2027-06-25","warm_season_channel",0.8196,6.8,5.7537,true,"available"
"grand_haven_mi/channel_catfish","2027-07-02","warm_season_channel",0.8471,6.8,5.9129,true,"available"
"grand_haven_mi/channel_catfish","2027-07-09","warm_season_channel",0.8745,6.8,6.0722,true,"available"
"grand_haven_mi/channel_catfish","2027-07-16","warm_season_channel",0.902,6.8,6.2314,true,"available"
"grand_haven_mi/channel_catfish","2027-07-23","warm_season_channel",0.9294,6.8,6.3906,true,"available"
"grand_haven_mi/channel_catfish","2027-07-30","warm_season_channel",0.9569,6.8,6.5498,true,"available"
"grand_haven_mi/channel_catfish","2027-08-06","warm_season_channel",0.9843,6.8,6.709,true,"available"
"grand_haven_mi/channel_catfish","2027-08-13","warm_season_channel",0.9927,6.8,6.7576,true,"available"
"grand_haven_mi/channel_catfish","2027-08-20","warm_season_channel",0.9756,6.8,6.6585,true,"available"
"grand_haven_mi/channel_catfish","2027-08-27","warm_season_channel",0.9585,6.8,6.5595,true,"available"
"grand_haven_mi/channel_catfish","2027-09-03","warm_season_channel",0.9415,6.8,6.4605,true,"available"
"grand_haven_mi/channel_catfish","2027-09-10","warm_season_channel",0.9244,6.8,6.3615,true,"available"
"grand_haven_mi/channel_catfish","2027-09-17","warm_season_channel",0.9073,6.8,6.2624,true,"available"
"grand_haven_mi/channel_catfish","2027-09-24","warm_season_channel",0.86,6.8,5.988,true,"available"
"grand_haven_mi/channel_catfish","2027-10-01","warm_season_channel",0.79,6.8,5.582,true,"available"
"grand_haven_mi/channel_catfish","2027-10-08","warm_season_channel",0.7269,6.8,5.2162,true,"available"
"grand_haven_mi/channel_catfish","2027-10-15","warm_season_channel",0.6731,6.8,4.9038,true,"available"
"grand_haven_mi/channel_catfish","2027-10-22","warm_season_channel",0.6192,6.8,4.5915,true,"available"
"grand_haven_mi/channel_catfish","2027-10-29","warm_season_channel",0.5654,6.8,4.2792,true,"available"
"grand_haven_mi/channel_catfish","2027-11-05","warm_season_channel",0.3667,6.8,3.1267,true,"available"
"grand_haven_mi/channel_catfish","2027-11-12","warm_season_channel",0.11,6.8,1.638,true,"available"
"grand_haven_mi/channel_catfish","2027-11-19","warm_season_channel",0,6.8,1,true,"available"
"grand_haven_mi/channel_catfish","2027-11-26","warm_season_channel",0,6.8,1,true,"available"
"grand_haven_mi/channel_catfish","2027-12-03","warm_season_channel",0,6.8,1,true,"available"
"grand_haven_mi/channel_catfish","2027-12-10","warm_season_channel",0,6.8,1,true,"available"
"grand_haven_mi/channel_catfish","2027-12-17","warm_season_channel",0,6.8,1,true,"available"
"grand_haven_mi/channel_catfish","2027-12-24","warm_season_channel",0,6.8,1,true,"available"
"grand_haven_mi/largemouth_bass","2027-01-01","warm_season_harbor_cover",0,7.4,1,true,"available"
"grand_haven_mi/largemouth_bass","2027-01-08","warm_season_harbor_cover",0,7.4,1,true,"available"
"grand_haven_mi/largemouth_bass","2027-01-15","warm_season_harbor_cover",0,7.4,1,true,"available"
"grand_haven_mi/largemouth_bass","2027-01-22","warm_season_harbor_cover",0,7.4,1,true,"available"
"grand_haven_mi/largemouth_bass","2027-01-29","warm_season_harbor_cover",0,7.4,1,true,"available"
"grand_haven_mi/largemouth_bass","2027-02-05","warm_season_harbor_cover",0,7.4,1,true,"available"
"grand_haven_mi/largemouth_bass","2027-02-12","warm_season_harbor_cover",0,7.4,1,true,"available"
"grand_haven_mi/largemouth_bass","2027-02-19","warm_season_harbor_cover",0,7.4,1,true,"available"
"grand_haven_mi/largemouth_bass","2027-02-26","warm_season_harbor_cover",0,7.4,1,true,"available"
"grand_haven_mi/largemouth_bass","2027-03-05","warm_season_harbor_cover",0,7.4,1,true,"available"
"grand_haven_mi/largemouth_bass","2027-03-12","warm_season_harbor_cover",0,7.4,1,true,"available"
"grand_haven_mi/largemouth_bass","2027-03-19","warm_season_harbor_cover",0.0278,7.4,1.1778,true,"available"
"grand_haven_mi/largemouth_bass","2027-03-26","warm_season_harbor_cover",0.0764,7.4,1.4889,true,"available"
"grand_haven_mi/largemouth_bass","2027-04-02","warm_season_harbor_cover",0.125,7.4,1.8,true,"available"
"grand_haven_mi/largemouth_bass","2027-04-09","warm_season_harbor_cover",0.1736,7.4,2.1111,true,"available"
"grand_haven_mi/largemouth_bass","2027-04-16","warm_season_harbor_cover",0.2222,7.4,2.4222,true,"available"
"grand_haven_mi/largemouth_bass","2027-04-23","warm_season_harbor_cover",0.295,7.4,2.888,true,"available"
"grand_haven_mi/largemouth_bass","2027-04-30","warm_season_harbor_cover",0.4,7.4,3.56,true,"available"
"grand_haven_mi/largemouth_bass","2027-05-07","warm_season_harbor_cover",0.505,7.4,4.232,true,"available"
"grand_haven_mi/largemouth_bass","2027-05-14","warm_season_harbor_cover",0.61,7.4,4.904,true,"available"
"grand_haven_mi/largemouth_bass","2027-05-21","warm_season_harbor_cover",0.7083,7.4,5.5333,true,"available"
"grand_haven_mi/largemouth_bass","2027-05-28","warm_season_harbor_cover",0.7667,7.4,5.9067,true,"available"
"grand_haven_mi/largemouth_bass","2027-06-04","warm_season_harbor_cover",0.825,7.4,6.28,true,"available"
"grand_haven_mi/largemouth_bass","2027-06-11","warm_season_harbor_cover",0.8833,7.4,6.6533,true,"available"
"grand_haven_mi/largemouth_bass","2027-06-18","warm_season_harbor_cover",0.9417,7.4,7.0267,true,"available"
"grand_haven_mi/largemouth_bass","2027-06-25","warm_season_harbor_cover",1,7.4,7.4,true,"available"
"grand_haven_mi/largemouth_bass","2027-07-02","warm_season_harbor_cover",0.9875,7.4,7.32,true,"available"
"grand_haven_mi/largemouth_bass","2027-07-09","warm_season_harbor_cover",0.975,7.4,7.24,true,"available"
"grand_haven_mi/largemouth_bass","2027-07-16","warm_season_harbor_cover",0.9625,7.4,7.16,true,"available"
"grand_haven_mi/largemouth_bass","2027-07-23","warm_season_harbor_cover",0.95,7.4,7.08,true,"available"
"grand_haven_mi/largemouth_bass","2027-07-30","warm_season_harbor_cover",0.9375,7.4,7,true,"available"
"grand_haven_mi/largemouth_bass","2027-08-06","warm_season_harbor_cover",0.925,7.4,6.92,true,"available"
"grand_haven_mi/largemouth_bass","2027-08-13","warm_season_harbor_cover",0.9125,7.4,6.84,true,"available"
"grand_haven_mi/largemouth_bass","2027-08-20","warm_season_harbor_cover",0.9,7.4,6.76,true,"available"
"grand_haven_mi/largemouth_bass","2027-08-27","warm_season_harbor_cover",0.7931,7.4,6.0756,true,"available"
"grand_haven_mi/largemouth_bass","2027-09-03","warm_season_harbor_cover",0.6861,7.4,5.3911,true,"available"
"grand_haven_mi/largemouth_bass","2027-09-10","warm_season_harbor_cover",0.5792,7.4,4.7067,true,"available"
"grand_haven_mi/largemouth_bass","2027-09-17","warm_season_harbor_cover",0.4722,7.4,4.0222,true,"available"
"grand_haven_mi/largemouth_bass","2027-09-24","warm_season_harbor_cover",0.3653,7.4,3.3378,true,"available"
"grand_haven_mi/largemouth_bass","2027-10-01","warm_season_harbor_cover",0.2932,7.4,2.8768,true,"available"
"grand_haven_mi/largemouth_bass","2027-10-08","warm_season_harbor_cover",0.227,7.4,2.453,true,"available"
"grand_haven_mi/largemouth_bass","2027-10-15","warm_season_harbor_cover",0.1608,7.4,2.0292,true,"available"
"grand_haven_mi/largemouth_bass","2027-10-22","warm_season_harbor_cover",0.0946,7.4,1.6054,true,"available"
"grand_haven_mi/largemouth_bass","2027-10-29","warm_season_harbor_cover",0.0284,7.4,1.1816,true,"available"
"grand_haven_mi/largemouth_bass","2027-11-05","warm_season_harbor_cover",0,7.4,1,true,"available"
"grand_haven_mi/largemouth_bass","2027-11-12","warm_season_harbor_cover",0,7.4,1,true,"available"
"grand_haven_mi/largemouth_bass","2027-11-19","warm_season_harbor_cover",0,7.4,1,true,"available"
"grand_haven_mi/largemouth_bass","2027-11-26","warm_season_harbor_cover",0,7.4,1,true,"available"
"grand_haven_mi/largemouth_bass","2027-12-03","warm_season_harbor_cover",0,7.4,1,true,"available"
"grand_haven_mi/largemouth_bass","2027-12-10","warm_season_harbor_cover",0,7.4,1,true,"available"
"grand_haven_mi/largemouth_bass","2027-12-17","warm_season_harbor_cover",0,7.4,1,true,"available"
"grand_haven_mi/largemouth_bass","2027-12-24","warm_season_harbor_cover",0,7.4,1,true,"available"
"manistee_mi/lake_trout","2027-01-01","cold_season_nearshore",0.622,4,2.8659,true,"available"
"manistee_mi/lake_trout","2027-01-08","cold_season_nearshore",0.5955,4,2.7864,true,"available"
"manistee_mi/lake_trout","2027-01-15","cold_season_nearshore",0.5689,4,2.7068,true,"available"
"manistee_mi/lake_trout","2027-01-22","cold_season_nearshore",0.5585,4,2.6756,true,"available"
"manistee_mi/lake_trout","2027-01-29","cold_season_nearshore",0.5883,4,2.765,true,"available"
"manistee_mi/lake_trout","2027-02-05","cold_season_nearshore",0.6181,4,2.8544,true,"available"
"manistee_mi/lake_trout","2027-02-12","cold_season_nearshore",0.648,4,2.9439,true,"available"
"manistee_mi/lake_trout","2027-02-19","cold_season_nearshore",0.6778,4,3.0333,true,"available"
"manistee_mi/lake_trout","2027-02-26","cold_season_nearshore",0.7076,4,3.1228,true,"available"
"manistee_mi/lake_trout","2027-03-05","cold_season_nearshore",0.7374,4,3.2122,true,"available"
"manistee_mi/lake_trout","2027-03-12","cold_season_nearshore",0.7672,4,3.3017,true,"available"
"manistee_mi/lake_trout","2027-03-19","cold_season_nearshore",0.7365,4,3.2096,true,"available"
"manistee_mi/lake_trout","2027-03-26","cold_season_nearshore",0.6604,4,2.9813,true,"available"
"manistee_mi/lake_trout","2027-04-02","cold_season_nearshore",0.5843,4,2.753,true,"available"
"manistee_mi/lake_trout","2027-04-09","cold_season_nearshore",0.5083,4,2.5248,true,"available"
"manistee_mi/lake_trout","2027-04-16","cold_season_nearshore",0.4322,4,2.2965,true,"available"
"manistee_mi/lake_trout","2027-04-23","cold_season_nearshore",0.3561,4,2.0683,true,"available"
"manistee_mi/lake_trout","2027-04-30","cold_season_nearshore",0.28,4,1.84,true,"available"
"manistee_mi/lake_trout","2027-05-07","cold_season_nearshore",0.2168,4,1.6503,true,"available"
"manistee_mi/lake_trout","2027-05-14","summer_coldwater_access",0.1887,3.6,1.4906,true,"available"
"manistee_mi/lake_trout","2027-05-21","summer_coldwater_access",0.2903,3.6,1.7548,true,"available"
"manistee_mi/lake_trout","2027-05-28","summer_coldwater_access",0.3919,3.6,2.019,true,"available"
"manistee_mi/lake_trout","2027-06-04","summer_coldwater_access",0.4923,3.6,2.28,true,"available"
"manistee_mi/lake_trout","2027-06-11","summer_coldwater_access",0.591,3.6,2.5367,true,"available"
"manistee_mi/lake_trout","2027-06-18","summer_coldwater_access",0.6897,3.6,2.7933,true,"available"
"manistee_mi/lake_trout","2027-06-25","summer_coldwater_access",0.7885,3.6,3.05,true,"available"
"manistee_mi/lake_trout","2027-07-02","summer_coldwater_access",0.8872,3.6,3.3067,true,"available"
"manistee_mi/lake_trout","2027-07-09","summer_coldwater_access",0.9859,3.6,3.5633,true,"available"
"manistee_mi/lake_trout","2027-07-16","summer_coldwater_access",0.9341,3.6,3.4288,true,"available"
"manistee_mi/lake_trout","2027-07-23","summer_coldwater_access",0.8573,3.6,3.229,true,"available"
"manistee_mi/lake_trout","2027-07-30","summer_coldwater_access",0.7805,3.6,3.0293,true,"available"
"manistee_mi/lake_trout","2027-08-06","summer_coldwater_access",0.7037,3.6,2.8295,true,"available"
"manistee_mi/lake_trout","2027-08-13","summer_coldwater_access",0.6268,3.6,2.6298,true,"available"
"manistee_mi/lake_trout","2027-08-20","summer_coldwater_access",0.55,3.6,2.43,true,"available"
"manistee_mi/lake_trout","2027-08-27","summer_coldwater_access",0.4019,3.6,2.045,true,"available"
"manistee_mi/lake_trout","2027-09-03","summer_coldwater_access",0.2538,3.6,1.66,true,"available"
"manistee_mi/lake_trout","2027-09-10","summer_coldwater_access",0.1058,3.6,1.275,true,"available"
"manistee_mi/lake_trout","2027-09-17","cold_season_nearshore",0.025,4,1.075,true,"available"
"manistee_mi/lake_trout","2027-09-24","cold_season_nearshore",0.1125,4,1.3375,true,"available"
"manistee_mi/lake_trout","2027-10-01","cold_season_nearshore",0.2,4,1.6,true,"available"
"manistee_mi/lake_trout","2027-10-08","cold_season_nearshore",0.45,4,2.35,true,"available"
"manistee_mi/lake_trout","2027-10-15","cold_season_nearshore",0.7,4,3.1,true,"available"
"manistee_mi/lake_trout","2027-10-22","cold_season_nearshore",0.91,4,3.73,true,"available"
"manistee_mi/lake_trout","2027-10-29","cold_season_nearshore",0.9619,4,3.8857,true,"available"
"manistee_mi/lake_trout","2027-11-05","cold_season_nearshore",0.8952,4,3.6857,true,"available"
"manistee_mi/lake_trout","2027-11-12","cold_season_nearshore",0.8286,4,3.4857,true,"available"
"manistee_mi/lake_trout","2027-11-19","cold_season_nearshore",0.7848,4,3.3545,true,"available"
"manistee_mi/lake_trout","2027-11-26","cold_season_nearshore",0.7583,4,3.275,true,"available"
"manistee_mi/lake_trout","2027-12-03","cold_season_nearshore",0.7318,4,3.1955,true,"available"
"manistee_mi/lake_trout","2027-12-10","cold_season_nearshore",0.7053,4,3.1159,true,"available"
"manistee_mi/lake_trout","2027-12-17","cold_season_nearshore",0.6788,4,3.0364,true,"available"
"manistee_mi/lake_trout","2027-12-24","cold_season_nearshore",0.6523,4,2.9568,true,"available"
"manistee_mi/walleye","2027-01-01","spring_low_light",0,4.2,1,true,"available"
"manistee_mi/walleye","2027-01-08","spring_low_light",0,4.2,1,true,"available"
"manistee_mi/walleye","2027-01-15","spring_low_light",0,4.2,1,true,"available"
"manistee_mi/walleye","2027-01-22","spring_low_light",0,4.2,1,true,"available"
"manistee_mi/walleye","2027-01-29","spring_low_light",0,4.2,1,true,"available"
"manistee_mi/walleye","2027-02-05","spring_low_light",0,4.2,1,true,"available"
"manistee_mi/walleye","2027-02-12","spring_low_light",0,4.2,1,true,"available"
"manistee_mi/walleye","2027-02-19","spring_low_light",0,4.2,1,true,"available"
"manistee_mi/walleye","2027-02-26","spring_low_light",0,4.2,1,true,"available"
"manistee_mi/walleye","2027-03-05","spring_low_light",0.0645,4.2,1.2065,true,"available"
"manistee_mi/walleye","2027-03-12","spring_low_light",0.1774,4.2,1.5677,true,"available"
"manistee_mi/walleye","2027-03-19","spring_low_light",0.2903,4.2,1.929,true,"available"
"manistee_mi/walleye","2027-03-26","spring_low_light",0.4032,4.2,2.2903,true,"available"
"manistee_mi/walleye","2027-04-02","spring_low_light",0.5128,4.2,2.641,true,"available"
"manistee_mi/walleye","2027-04-09","spring_low_light",0.6026,4.2,2.9282,true,"available"
"manistee_mi/walleye","2027-04-16","spring_low_light",0.6923,4.2,3.2154,true,"available"
"manistee_mi/walleye","2027-04-23","spring_low_light",0.7821,4.2,3.5026,true,"available"
"manistee_mi/walleye","2027-04-30","spring_low_light",0.8718,4.2,3.7897,true,"available"
"manistee_mi/walleye","2027-05-07","spring_low_light",0.9615,4.2,4.0769,true,"available"
"manistee_mi/walleye","2027-05-14","spring_low_light",0.9226,4.2,3.9523,true,"available"
"manistee_mi/walleye","2027-05-21","spring_low_light",0.7871,4.2,3.5187,true,"available"
"manistee_mi/walleye","2027-05-28","spring_low_light",0.6516,4.2,3.0852,true,"available"
"manistee_mi/walleye","2027-06-04","spring_low_light",0.5161,4.2,2.6516,true,"available"
"manistee_mi/walleye","2027-06-11","spring_low_light",0.381,4.2,2.219,true,"available"
"manistee_mi/walleye","2027-06-18","spring_low_light",0.2476,4.2,1.7924,true,"available"
"manistee_mi/walleye","2027-06-25","spring_low_light",0.1143,4.2,1.3657,true,"available"
"manistee_mi/walleye","2027-07-02","spring_low_light",0,4.2,1,true,"available"
"manistee_mi/walleye","2027-07-09","spring_low_light",0,4.2,1,true,"available"
"manistee_mi/walleye","2027-07-16","spring_low_light",0,4.2,1,true,"available"
"manistee_mi/walleye","2027-07-23","spring_low_light",0,4.2,1,true,"available"
"manistee_mi/walleye","2027-07-30","spring_low_light",0,4.2,1,true,"available"
"manistee_mi/walleye","2027-08-06","spring_low_light",0,4.2,1,true,"available"
"manistee_mi/walleye","2027-08-13","spring_low_light",0,4.2,1,true,"available"
"manistee_mi/walleye","2027-08-20","spring_low_light",0,4.2,1,true,"available"
"manistee_mi/walleye","2027-08-27","spring_low_light",0,4.2,1,true,"available"
"manistee_mi/walleye","2027-09-03","spring_low_light",0,4.2,1,true,"available"
"manistee_mi/walleye","2027-09-10","spring_low_light",0,4.2,1,true,"available"
"manistee_mi/walleye","2027-09-17","spring_low_light",0,4.2,1,true,"available"
"manistee_mi/walleye","2027-09-24","spring_low_light",0,4.2,1,true,"available"
"manistee_mi/walleye","2027-10-01","spring_low_light",0,4.2,1,true,"available"
"manistee_mi/walleye","2027-10-08","spring_low_light",0,4.2,1,true,"available"
"manistee_mi/walleye","2027-10-15","spring_low_light",0,4.2,1,true,"available"
"manistee_mi/walleye","2027-10-22","spring_low_light",0,4.2,1,true,"available"
"manistee_mi/walleye","2027-10-29","spring_low_light",0,4.2,1,true,"available"
"manistee_mi/walleye","2027-11-05","spring_low_light",0,4.2,1,true,"available"
"manistee_mi/walleye","2027-11-12","spring_low_light",0,4.2,1,true,"available"
"manistee_mi/walleye","2027-11-19","spring_low_light",0,4.2,1,true,"available"
"manistee_mi/walleye","2027-11-26","spring_low_light",0,4.2,1,true,"available"
"manistee_mi/walleye","2027-12-03","spring_low_light",0,4.2,1,true,"available"
"manistee_mi/walleye","2027-12-10","spring_low_light",0,4.2,1,true,"available"
"manistee_mi/walleye","2027-12-17","spring_low_light",0,4.2,1,true,"available"
"manistee_mi/walleye","2027-12-24","spring_low_light",0,4.2,1,true,"available"
"manistee_mi/smallmouth_bass","2027-01-01","warm_season_harbor",0,5,1,true,"available"
"manistee_mi/smallmouth_bass","2027-01-08","warm_season_harbor",0,5,1,true,"available"
"manistee_mi/smallmouth_bass","2027-01-15","warm_season_harbor",0,5,1,true,"available"
"manistee_mi/smallmouth_bass","2027-01-22","warm_season_harbor",0,5,1,true,"available"
"manistee_mi/smallmouth_bass","2027-01-29","warm_season_harbor",0,5,1,true,"available"
"manistee_mi/smallmouth_bass","2027-02-05","warm_season_harbor",0,5,1,true,"available"
"manistee_mi/smallmouth_bass","2027-02-12","warm_season_harbor",0,5,1,true,"available"
"manistee_mi/smallmouth_bass","2027-02-19","warm_season_harbor",0,5,1,true,"available"
"manistee_mi/smallmouth_bass","2027-02-26","warm_season_harbor",0,5,1,true,"available"
"manistee_mi/smallmouth_bass","2027-03-05","warm_season_harbor",0,5,1,true,"available"
"manistee_mi/smallmouth_bass","2027-03-12","warm_season_harbor",0,5,1,true,"available"
"manistee_mi/smallmouth_bass","2027-03-19","warm_season_harbor",0.0278,5,1.1111,true,"available"
"manistee_mi/smallmouth_bass","2027-03-26","warm_season_harbor",0.0764,5,1.3056,true,"available"
"manistee_mi/smallmouth_bass","2027-04-02","warm_season_harbor",0.125,5,1.5,true,"available"
"manistee_mi/smallmouth_bass","2027-04-09","warm_season_harbor",0.1736,5,1.6944,true,"available"
"manistee_mi/smallmouth_bass","2027-04-16","warm_season_harbor",0.2222,5,1.8889,true,"available"
"manistee_mi/smallmouth_bass","2027-04-23","warm_season_harbor",0.295,5,2.18,true,"available"
"manistee_mi/smallmouth_bass","2027-04-30","warm_season_harbor",0.4,5,2.6,true,"available"
"manistee_mi/smallmouth_bass","2027-05-07","warm_season_harbor",0.505,5,3.02,true,"available"
"manistee_mi/smallmouth_bass","2027-05-14","warm_season_harbor",0.61,5,3.44,true,"available"
"manistee_mi/smallmouth_bass","2027-05-21","warm_season_harbor",0.7083,5,3.8333,true,"available"
"manistee_mi/smallmouth_bass","2027-05-28","warm_season_harbor",0.7667,5,4.0667,true,"available"
"manistee_mi/smallmouth_bass","2027-06-04","warm_season_harbor",0.825,5,4.3,true,"available"
"manistee_mi/smallmouth_bass","2027-06-11","warm_season_harbor",0.8833,5,4.5333,true,"available"
"manistee_mi/smallmouth_bass","2027-06-18","warm_season_harbor",0.9417,5,4.7667,true,"available"
"manistee_mi/smallmouth_bass","2027-06-25","warm_season_harbor",1,5,5,true,"available"
"manistee_mi/smallmouth_bass","2027-07-02","warm_season_harbor",0.9875,5,4.95,true,"available"
"manistee_mi/smallmouth_bass","2027-07-09","warm_season_harbor",0.975,5,4.9,true,"available"
"manistee_mi/smallmouth_bass","2027-07-16","warm_season_harbor",0.9625,5,4.85,true,"available"
"manistee_mi/smallmouth_bass","2027-07-23","warm_season_harbor",0.95,5,4.8,true,"available"
"manistee_mi/smallmouth_bass","2027-07-30","warm_season_harbor",0.9375,5,4.75,true,"available"
"manistee_mi/smallmouth_bass","2027-08-06","warm_season_harbor",0.925,5,4.7,true,"available"
"manistee_mi/smallmouth_bass","2027-08-13","warm_season_harbor",0.9125,5,4.65,true,"available"
"manistee_mi/smallmouth_bass","2027-08-20","warm_season_harbor",0.9,5,4.6,true,"available"
"manistee_mi/smallmouth_bass","2027-08-27","warm_season_harbor",0.7931,5,4.1722,true,"available"
"manistee_mi/smallmouth_bass","2027-09-03","warm_season_harbor",0.6861,5,3.7444,true,"available"
"manistee_mi/smallmouth_bass","2027-09-10","warm_season_harbor",0.5792,5,3.3167,true,"available"
"manistee_mi/smallmouth_bass","2027-09-17","warm_season_harbor",0.4722,5,2.8889,true,"available"
"manistee_mi/smallmouth_bass","2027-09-24","warm_season_harbor",0.3653,5,2.4611,true,"available"
"manistee_mi/smallmouth_bass","2027-10-01","warm_season_harbor",0.2932,5,2.173,true,"available"
"manistee_mi/smallmouth_bass","2027-10-08","warm_season_harbor",0.227,5,1.9081,true,"available"
"manistee_mi/smallmouth_bass","2027-10-15","warm_season_harbor",0.1608,5,1.6432,true,"available"
"manistee_mi/smallmouth_bass","2027-10-22","warm_season_harbor",0.0946,5,1.3784,true,"available"
"manistee_mi/smallmouth_bass","2027-10-29","warm_season_harbor",0.0284,5,1.1135,true,"available"
"manistee_mi/smallmouth_bass","2027-11-05","warm_season_harbor",0,5,1,true,"available"
"manistee_mi/smallmouth_bass","2027-11-12","warm_season_harbor",0,5,1,true,"available"
"manistee_mi/smallmouth_bass","2027-11-19","warm_season_harbor",0,5,1,true,"available"
"manistee_mi/smallmouth_bass","2027-11-26","warm_season_harbor",0,5,1,true,"available"
"manistee_mi/smallmouth_bass","2027-12-03","warm_season_harbor",0,5,1,true,"available"
"manistee_mi/smallmouth_bass","2027-12-10","warm_season_harbor",0,5,1,true,"available"
"manistee_mi/smallmouth_bass","2027-12-17","warm_season_harbor",0,5,1,true,"available"
"manistee_mi/smallmouth_bass","2027-12-24","warm_season_harbor",0,5,1,true,"available"
"manistee_mi/freshwater_drum","2027-01-01","warm_season_bottom_fishery",0,4.7,1,true,"available"
"manistee_mi/freshwater_drum","2027-01-08","warm_season_bottom_fishery",0,4.7,1,true,"available"
"manistee_mi/freshwater_drum","2027-01-15","warm_season_bottom_fishery",0,4.7,1,true,"available"
"manistee_mi/freshwater_drum","2027-01-22","warm_season_bottom_fishery",0,4.7,1,true,"available"
"manistee_mi/freshwater_drum","2027-01-29","warm_season_bottom_fishery",0,4.7,1,true,"available"
"manistee_mi/freshwater_drum","2027-02-05","warm_season_bottom_fishery",0,4.7,1,true,"available"
"manistee_mi/freshwater_drum","2027-02-12","warm_season_bottom_fishery",0,4.7,1,true,"available"
"manistee_mi/freshwater_drum","2027-02-19","warm_season_bottom_fishery",0,4.7,1,true,"available"
"manistee_mi/freshwater_drum","2027-02-26","warm_season_bottom_fishery",0,4.7,1,true,"available"
"manistee_mi/freshwater_drum","2027-03-05","warm_season_bottom_fishery",0,4.7,1,true,"available"
"manistee_mi/freshwater_drum","2027-03-12","warm_season_bottom_fishery",0,4.7,1,true,"available"
"manistee_mi/freshwater_drum","2027-03-19","warm_season_bottom_fishery",0,4.7,1,true,"available"
"manistee_mi/freshwater_drum","2027-03-26","warm_season_bottom_fishery",0,4.7,1,true,"available"
"manistee_mi/freshwater_drum","2027-04-02","warm_season_bottom_fishery",0.0132,4.7,1.049,true,"available"
"manistee_mi/freshwater_drum","2027-04-09","warm_season_bottom_fishery",0.1059,4.7,1.3918,true,"available"
"manistee_mi/freshwater_drum","2027-04-16","warm_season_bottom_fishery",0.1985,4.7,1.7346,true,"available"
"manistee_mi/freshwater_drum","2027-04-23","warm_season_bottom_fishery",0.2912,4.7,2.0774,true,"available"
"manistee_mi/freshwater_drum","2027-04-30","warm_season_bottom_fishery",0.3838,4.7,2.4201,true,"available"
"manistee_mi/freshwater_drum","2027-05-07","warm_season_bottom_fishery",0.4722,4.7,2.7472,true,"available"
"manistee_mi/freshwater_drum","2027-05-14","warm_season_bottom_fishery",0.55,4.7,3.035,true,"available"
"manistee_mi/freshwater_drum","2027-05-21","warm_season_bottom_fishery",0.6278,4.7,3.3228,true,"available"
"manistee_mi/freshwater_drum","2027-05-28","warm_season_bottom_fishery",0.7056,4.7,3.6106,true,"available"
"manistee_mi/freshwater_drum","2027-06-04","warm_season_bottom_fishery",0.7833,4.7,3.8983,true,"available"
"manistee_mi/freshwater_drum","2027-06-11","warm_season_bottom_fishery",0.8543,4.7,4.1609,true,"available"
"manistee_mi/freshwater_drum","2027-06-18","warm_season_bottom_fishery",0.8843,4.7,4.2719,true,"available"
"manistee_mi/freshwater_drum","2027-06-25","warm_season_bottom_fishery",0.9143,4.7,4.3829,true,"available"
"manistee_mi/freshwater_drum","2027-07-02","warm_season_bottom_fishery",0.9443,4.7,4.4939,true,"available"
"manistee_mi/freshwater_drum","2027-07-09","warm_season_bottom_fishery",0.9743,4.7,4.6049,true,"available"
"manistee_mi/freshwater_drum","2027-07-16","warm_season_bottom_fishery",0.9976,4.7,4.691,true,"available"
"manistee_mi/freshwater_drum","2027-07-23","warm_season_bottom_fishery",0.9805,4.7,4.6278,true,"available"
"manistee_mi/freshwater_drum","2027-07-30","warm_season_bottom_fishery",0.9634,4.7,4.5646,true,"available"
"manistee_mi/freshwater_drum","2027-08-06","warm_season_bottom_fishery",0.9463,4.7,4.5015,true,"available"
"manistee_mi/freshwater_drum","2027-08-13","warm_season_bottom_fishery",0.9293,4.7,4.4383,true,"available"
"manistee_mi/freshwater_drum","2027-08-20","warm_season_bottom_fishery",0.9122,4.7,4.3751,true,"available"
"manistee_mi/freshwater_drum","2027-08-27","warm_season_bottom_fishery",0.8676,4.7,4.21,true,"available"
"manistee_mi/freshwater_drum","2027-09-03","warm_season_bottom_fishery",0.7541,4.7,3.79,true,"available"
"manistee_mi/freshwater_drum","2027-09-10","warm_season_bottom_fishery",0.6405,4.7,3.37,true,"available"
"manistee_mi/freshwater_drum","2027-09-17","warm_season_bottom_fishery",0.527,4.7,2.95,true,"available"
"manistee_mi/freshwater_drum","2027-09-24","warm_season_bottom_fishery",0.4135,4.7,2.53,true,"available"
"manistee_mi/freshwater_drum","2027-10-01","warm_season_bottom_fishery",0.3,4.7,2.11,true,"available"
"manistee_mi/freshwater_drum","2027-10-08","warm_season_bottom_fishery",0.2323,4.7,1.8594,true,"available"
"manistee_mi/freshwater_drum","2027-10-15","warm_season_bottom_fishery",0.1645,4.7,1.6087,true,"available"
"manistee_mi/freshwater_drum","2027-10-22","warm_season_bottom_fishery",0.0968,4.7,1.3581,true,"available"
"manistee_mi/freshwater_drum","2027-10-29","warm_season_bottom_fishery",0.029,4.7,1.1074,true,"available"
"manistee_mi/freshwater_drum","2027-11-05","warm_season_bottom_fishery",0,4.7,1,true,"available"
"manistee_mi/freshwater_drum","2027-11-12","warm_season_bottom_fishery",0,4.7,1,true,"available"
"manistee_mi/freshwater_drum","2027-11-19","warm_season_bottom_fishery",0,4.7,1,true,"available"
"manistee_mi/freshwater_drum","2027-11-26","warm_season_bottom_fishery",0,4.7,1,true,"available"
"manistee_mi/freshwater_drum","2027-12-03","warm_season_bottom_fishery",0,4.7,1,true,"available"
"manistee_mi/freshwater_drum","2027-12-10","warm_season_bottom_fishery",0,4.7,1,true,"available"
"manistee_mi/freshwater_drum","2027-12-17","warm_season_bottom_fishery",0,4.7,1,true,"available"
"manistee_mi/freshwater_drum","2027-12-24","warm_season_bottom_fishery",0,4.7,1,true,"available"
"manistee_mi/yellow_perch","2027-01-01","spring_nearshore_schooling",0,7.2,1,true,"available"
"manistee_mi/yellow_perch","2027-01-08","spring_nearshore_schooling",0,7.2,1,true,"available"
"manistee_mi/yellow_perch","2027-01-15","spring_nearshore_schooling",0,7.2,1,true,"available"
"manistee_mi/yellow_perch","2027-01-22","spring_nearshore_schooling",0,7.2,1,true,"available"
"manistee_mi/yellow_perch","2027-01-29","spring_nearshore_schooling",0,7.2,1,true,"available"
"manistee_mi/yellow_perch","2027-02-05","spring_nearshore_schooling",0,7.2,1,true,"available"
"manistee_mi/yellow_perch","2027-02-12","spring_nearshore_schooling",0,7.2,1,true,"available"
"manistee_mi/yellow_perch","2027-02-19","spring_nearshore_schooling",0.0424,7.2,1.263,true,"available"
"manistee_mi/yellow_perch","2027-02-26","spring_nearshore_schooling",0.1167,7.2,1.7233,true,"available"
"manistee_mi/yellow_perch","2027-03-05","spring_nearshore_schooling",0.1909,7.2,2.1836,true,"available"
"manistee_mi/yellow_perch","2027-03-12","spring_nearshore_schooling",0.2652,7.2,2.6439,true,"available"
"manistee_mi/yellow_perch","2027-03-19","spring_nearshore_schooling",0.3394,7.2,3.1042,true,"available"
"manistee_mi/yellow_perch","2027-03-26","spring_nearshore_schooling",0.4843,7.2,4.0026,true,"available"
"manistee_mi/yellow_perch","2027-04-02","spring_nearshore_schooling",0.641,7.2,4.9739,true,"available"
"manistee_mi/yellow_perch","2027-04-09","spring_nearshore_schooling",0.7976,7.2,5.9452,true,"available"
"manistee_mi/yellow_perch","2027-04-16","spring_nearshore_schooling",0.928,7.2,6.7536,true,"available"
"manistee_mi/yellow_perch","2027-04-23","spring_nearshore_schooling",0.99,7.2,7.138,true,"available"
"manistee_mi/yellow_perch","2027-04-30","spring_nearshore_schooling",0.9667,7.2,6.9933,true,"available"
"manistee_mi/yellow_perch","2027-05-07","spring_nearshore_schooling",0.9433,7.2,6.8487,true,"available"
"manistee_mi/yellow_perch","2027-05-14","spring_nearshore_schooling",0.92,7.2,6.704,true,"available"
"manistee_mi/yellow_perch","2027-05-21","spring_nearshore_schooling",0.8708,7.2,6.3992,true,"available"
"manistee_mi/yellow_perch","2027-05-28","spring_nearshore_schooling",0.6667,7.2,5.1333,true,"available"
"manistee_mi/yellow_perch","2027-06-04","summer_harbor_schooling",0.8316,6.8,5.8232,true,"available"
"manistee_mi/yellow_perch","2027-06-11","summer_harbor_schooling",0.9053,6.8,6.2505,true,"available"
"manistee_mi/yellow_perch","2027-06-18","summer_harbor_schooling",0.9789,6.8,6.6779,true,"available"
"manistee_mi/yellow_perch","2027-06-25","summer_harbor_schooling",0.964,6.8,6.5912,true,"available"
"manistee_mi/yellow_perch","2027-07-02","summer_harbor_schooling",0.9136,6.8,6.2989,true,"available"
"manistee_mi/yellow_perch","2027-07-09","summer_harbor_schooling",0.8632,6.8,6.0066,true,"available"
"manistee_mi/yellow_perch","2027-07-16","summer_harbor_schooling",0.8097,6.8,5.6964,true,"available"
"manistee_mi/yellow_perch","2027-07-23","summer_harbor_schooling",0.7378,6.8,5.2791,true,"available"
"manistee_mi/yellow_perch","2027-07-30","summer_harbor_schooling",0.6658,6.8,4.8618,true,"available"
"manistee_mi/yellow_perch","2027-08-06","summer_harbor_schooling",0.5939,6.8,4.4446,true,"available"
"manistee_mi/yellow_perch","2027-08-13","summer_harbor_schooling",0.5219,6.8,4.0273,true,"available"
"manistee_mi/yellow_perch","2027-08-20","summer_harbor_schooling",0.45,6.8,3.61,true,"available"
"manistee_mi/yellow_perch","2027-08-27","summer_harbor_schooling",0.3288,6.8,2.9073,true,"available"
"manistee_mi/yellow_perch","2027-09-03","summer_harbor_schooling",0.2077,6.8,2.2046,true,"available"
"manistee_mi/yellow_perch","2027-09-10","summer_harbor_schooling",0.0865,6.8,1.5019,true,"available"
"manistee_mi/yellow_perch","2027-09-17","spring_nearshore_schooling",0,7.2,1,true,"available"
"manistee_mi/yellow_perch","2027-09-24","spring_nearshore_schooling",0,7.2,1,true,"available"
"manistee_mi/yellow_perch","2027-10-01","spring_nearshore_schooling",0,7.2,1,true,"available"
"manistee_mi/yellow_perch","2027-10-08","spring_nearshore_schooling",0,7.2,1,true,"available"
"manistee_mi/yellow_perch","2027-10-15","spring_nearshore_schooling",0,7.2,1,true,"available"
"manistee_mi/yellow_perch","2027-10-22","spring_nearshore_schooling",0,7.2,1,true,"available"
"manistee_mi/yellow_perch","2027-10-29","spring_nearshore_schooling",0,7.2,1,true,"available"
"manistee_mi/yellow_perch","2027-11-05","spring_nearshore_schooling",0,7.2,1,true,"available"
"manistee_mi/yellow_perch","2027-11-12","spring_nearshore_schooling",0,7.2,1,true,"available"
"manistee_mi/yellow_perch","2027-11-19","spring_nearshore_schooling",0,7.2,1,true,"available"
"manistee_mi/yellow_perch","2027-11-26","spring_nearshore_schooling",0,7.2,1,true,"available"
"manistee_mi/yellow_perch","2027-12-03","spring_nearshore_schooling",0,7.2,1,true,"available"
"manistee_mi/yellow_perch","2027-12-10","spring_nearshore_schooling",0,7.2,1,true,"available"
"manistee_mi/yellow_perch","2027-12-17","spring_nearshore_schooling",0,7.2,1,true,"available"
"manistee_mi/yellow_perch","2027-12-24","spring_nearshore_schooling",0,7.2,1,true,"available"
"manistee_mi/round_whitefish","2027-01-01","fall_menominee",0.1212,4.1,1.3756,true,"available"
"manistee_mi/round_whitefish","2027-01-08","fall_menominee",0.0269,4.1,1.0835,true,"available"
"manistee_mi/round_whitefish","2027-01-15","fall_menominee",0,4.1,1,true,"available"
"manistee_mi/round_whitefish","2027-01-22","fall_menominee",0,4.1,1,true,"available"
"manistee_mi/round_whitefish","2027-01-29","fall_menominee",0,4.1,1,true,"available"
"manistee_mi/round_whitefish","2027-02-05","fall_menominee",0,4.1,1,true,"available"
"manistee_mi/round_whitefish","2027-02-12","fall_menominee",0,4.1,1,true,"available"
"manistee_mi/round_whitefish","2027-02-19","fall_menominee",0,4.1,1,true,"available"
"manistee_mi/round_whitefish","2027-02-26","fall_menominee",0,4.1,1,true,"available"
"manistee_mi/round_whitefish","2027-03-05","fall_menominee",0,4.1,1,true,"available"
"manistee_mi/round_whitefish","2027-03-12","fall_menominee",0,4.1,1,true,"available"
"manistee_mi/round_whitefish","2027-03-19","fall_menominee",0,4.1,1,true,"available"
"manistee_mi/round_whitefish","2027-03-26","fall_menominee",0,4.1,1,true,"available"
"manistee_mi/round_whitefish","2027-04-02","fall_menominee",0,4.1,1,true,"available"
"manistee_mi/round_whitefish","2027-04-09","fall_menominee",0,4.1,1,true,"available"
"manistee_mi/round_whitefish","2027-04-16","fall_menominee",0,4.1,1,true,"available"
"manistee_mi/round_whitefish","2027-04-23","fall_menominee",0,4.1,1,true,"available"
"manistee_mi/round_whitefish","2027-04-30","fall_menominee",0,4.1,1,true,"available"
"manistee_mi/round_whitefish","2027-05-07","fall_menominee",0,4.1,1,true,"available"
"manistee_mi/round_whitefish","2027-05-14","fall_menominee",0,4.1,1,true,"available"
"manistee_mi/round_whitefish","2027-05-21","fall_menominee",0,4.1,1,true,"available"
"manistee_mi/round_whitefish","2027-05-28","fall_menominee",0,4.1,1,true,"available"
"manistee_mi/round_whitefish","2027-06-04","fall_menominee",0,4.1,1,true,"available"
"manistee_mi/round_whitefish","2027-06-11","fall_menominee",0,4.1,1,true,"available"
"manistee_mi/round_whitefish","2027-06-18","fall_menominee",0,4.1,1,true,"available"
"manistee_mi/round_whitefish","2027-06-25","fall_menominee",0,4.1,1,true,"available"
"manistee_mi/round_whitefish","2027-07-02","fall_menominee",0,4.1,1,true,"available"
"manistee_mi/round_whitefish","2027-07-09","fall_menominee",0,4.1,1,true,"available"
"manistee_mi/round_whitefish","2027-07-16","fall_menominee",0,4.1,1,true,"available"
"manistee_mi/round_whitefish","2027-07-23","fall_menominee",0,4.1,1,true,"available"
"manistee_mi/round_whitefish","2027-07-30","fall_menominee",0,4.1,1,true,"available"
"manistee_mi/round_whitefish","2027-08-06","fall_menominee",0,4.1,1,true,"available"
"manistee_mi/round_whitefish","2027-08-13","fall_menominee",0,4.1,1,true,"available"
"manistee_mi/round_whitefish","2027-08-20","fall_menominee",0.0486,4.1,1.1507,true,"available"
"manistee_mi/round_whitefish","2027-08-27","fall_menominee",0.1167,4.1,1.3617,true,"available"
"manistee_mi/round_whitefish","2027-09-03","fall_menominee",0.1847,4.1,1.5726,true,"available"
"manistee_mi/round_whitefish","2027-09-10","fall_menominee",0.2528,4.1,1.7836,true,"available"
"manistee_mi/round_whitefish","2027-09-17","fall_menominee",0.3208,4.1,1.9946,true,"available"
"manistee_mi/round_whitefish","2027-09-24","fall_menominee",0.4071,4.1,2.2621,true,"available"
"manistee_mi/round_whitefish","2027-10-01","fall_menominee",0.5071,4.1,2.5721,true,"available"
"manistee_mi/round_whitefish","2027-10-08","fall_menominee",0.6071,4.1,2.8821,true,"available"
"manistee_mi/round_whitefish","2027-10-15","fall_menominee",0.7071,4.1,3.1921,true,"available"
"manistee_mi/round_whitefish","2027-10-22","fall_menominee",0.8071,4.1,3.5021,true,"available"
"manistee_mi/round_whitefish","2027-10-29","fall_menominee",0.8786,4.1,3.7236,true,"available"
"manistee_mi/round_whitefish","2027-11-05","fall_menominee",0.9286,4.1,3.8786,true,"available"
"manistee_mi/round_whitefish","2027-11-12","fall_menominee",0.9786,4.1,4.0336,true,"available"
"manistee_mi/round_whitefish","2027-11-19","fall_menominee",0.9133,4.1,3.8313,true,"available"
"manistee_mi/round_whitefish","2027-11-26","fall_menominee",0.7617,4.1,3.3612,true,"available"
"manistee_mi/round_whitefish","2027-12-03","fall_menominee",0.61,4.1,2.891,true,"available"
"manistee_mi/round_whitefish","2027-12-10","fall_menominee",0.4583,4.1,2.4208,true,"available"
"manistee_mi/round_whitefish","2027-12-17","fall_menominee",0.3231,4.1,2.0015,true,"available"
"manistee_mi/round_whitefish","2027-12-24","fall_menominee",0.2288,4.1,1.7094,true,"available"
"frankfort_elberta_mi/lake_trout","2027-01-01","cold_season_nearshore",0.622,4,2.8659,true,"available"
"frankfort_elberta_mi/lake_trout","2027-01-08","cold_season_nearshore",0.5955,4,2.7864,true,"available"
"frankfort_elberta_mi/lake_trout","2027-01-15","cold_season_nearshore",0.5689,4,2.7068,true,"available"
"frankfort_elberta_mi/lake_trout","2027-01-22","cold_season_nearshore",0.5585,4,2.6756,true,"available"
"frankfort_elberta_mi/lake_trout","2027-01-29","cold_season_nearshore",0.5883,4,2.765,true,"available"
"frankfort_elberta_mi/lake_trout","2027-02-05","cold_season_nearshore",0.6181,4,2.8544,true,"available"
"frankfort_elberta_mi/lake_trout","2027-02-12","cold_season_nearshore",0.648,4,2.9439,true,"available"
"frankfort_elberta_mi/lake_trout","2027-02-19","cold_season_nearshore",0.6778,4,3.0333,true,"available"
"frankfort_elberta_mi/lake_trout","2027-02-26","cold_season_nearshore",0.7076,4,3.1228,true,"available"
"frankfort_elberta_mi/lake_trout","2027-03-05","cold_season_nearshore",0.7374,4,3.2122,true,"available"
"frankfort_elberta_mi/lake_trout","2027-03-12","cold_season_nearshore",0.7672,4,3.3017,true,"available"
"frankfort_elberta_mi/lake_trout","2027-03-19","cold_season_nearshore",0.7365,4,3.2096,true,"available"
"frankfort_elberta_mi/lake_trout","2027-03-26","cold_season_nearshore",0.6604,4,2.9813,true,"available"
"frankfort_elberta_mi/lake_trout","2027-04-02","cold_season_nearshore",0.5843,4,2.753,true,"available"
"frankfort_elberta_mi/lake_trout","2027-04-09","cold_season_nearshore",0.5083,4,2.5248,true,"available"
"frankfort_elberta_mi/lake_trout","2027-04-16","cold_season_nearshore",0.4322,4,2.2965,true,"available"
"frankfort_elberta_mi/lake_trout","2027-04-23","cold_season_nearshore",0.3561,4,2.0683,true,"available"
"frankfort_elberta_mi/lake_trout","2027-04-30","cold_season_nearshore",0.28,4,1.84,true,"available"
"frankfort_elberta_mi/lake_trout","2027-05-07","cold_season_nearshore",0.2168,4,1.6503,true,"available"
"frankfort_elberta_mi/lake_trout","2027-05-14","summer_coldwater_access",0.1887,3.8,1.5284,true,"available"
"frankfort_elberta_mi/lake_trout","2027-05-21","summer_coldwater_access",0.2903,3.8,1.8129,true,"available"
"frankfort_elberta_mi/lake_trout","2027-05-28","summer_coldwater_access",0.3919,3.8,2.0974,true,"available"
"frankfort_elberta_mi/lake_trout","2027-06-04","summer_coldwater_access",0.4923,3.8,2.3785,true,"available"
"frankfort_elberta_mi/lake_trout","2027-06-11","summer_coldwater_access",0.591,3.8,2.6549,true,"available"
"frankfort_elberta_mi/lake_trout","2027-06-18","summer_coldwater_access",0.6897,3.8,2.9313,true,"available"
"frankfort_elberta_mi/lake_trout","2027-06-25","summer_coldwater_access",0.7885,3.8,3.2077,true,"available"
"frankfort_elberta_mi/lake_trout","2027-07-02","summer_coldwater_access",0.8872,3.8,3.4841,true,"available"
"frankfort_elberta_mi/lake_trout","2027-07-09","summer_coldwater_access",0.9859,3.8,3.7605,true,"available"
"frankfort_elberta_mi/lake_trout","2027-07-16","summer_coldwater_access",0.9341,3.8,3.6156,true,"available"
"frankfort_elberta_mi/lake_trout","2027-07-23","summer_coldwater_access",0.8573,3.8,3.4005,true,"available"
"frankfort_elberta_mi/lake_trout","2027-07-30","summer_coldwater_access",0.7805,3.8,3.1854,true,"available"
"frankfort_elberta_mi/lake_trout","2027-08-06","summer_coldwater_access",0.7037,3.8,2.9702,true,"available"
"frankfort_elberta_mi/lake_trout","2027-08-13","summer_coldwater_access",0.6268,3.8,2.7551,true,"available"
"frankfort_elberta_mi/lake_trout","2027-08-20","summer_coldwater_access",0.55,3.8,2.54,true,"available"
"frankfort_elberta_mi/lake_trout","2027-08-27","summer_coldwater_access",0.4019,3.8,2.1254,true,"available"
"frankfort_elberta_mi/lake_trout","2027-09-03","summer_coldwater_access",0.2538,3.8,1.7108,true,"available"
"frankfort_elberta_mi/lake_trout","2027-09-10","summer_coldwater_access",0.1058,3.8,1.2962,true,"available"
"frankfort_elberta_mi/lake_trout","2027-09-17","cold_season_nearshore",0.025,4,1.075,true,"available"
"frankfort_elberta_mi/lake_trout","2027-09-24","cold_season_nearshore",0.1125,4,1.3375,true,"available"
"frankfort_elberta_mi/lake_trout","2027-10-01","cold_season_nearshore",0.2,4,1.6,true,"available"
"frankfort_elberta_mi/lake_trout","2027-10-08","cold_season_nearshore",0.45,4,2.35,true,"available"
"frankfort_elberta_mi/lake_trout","2027-10-15","cold_season_nearshore",0.7,4,3.1,true,"available"
"frankfort_elberta_mi/lake_trout","2027-10-22","cold_season_nearshore",0.91,4,3.73,true,"available"
"frankfort_elberta_mi/lake_trout","2027-10-29","cold_season_nearshore",0.9619,4,3.8857,true,"available"
"frankfort_elberta_mi/lake_trout","2027-11-05","cold_season_nearshore",0.8952,4,3.6857,true,"available"
"frankfort_elberta_mi/lake_trout","2027-11-12","cold_season_nearshore",0.8286,4,3.4857,true,"available"
"frankfort_elberta_mi/lake_trout","2027-11-19","cold_season_nearshore",0.7848,4,3.3545,true,"available"
"frankfort_elberta_mi/lake_trout","2027-11-26","cold_season_nearshore",0.7583,4,3.275,true,"available"
"frankfort_elberta_mi/lake_trout","2027-12-03","cold_season_nearshore",0.7318,4,3.1955,true,"available"
"frankfort_elberta_mi/lake_trout","2027-12-10","cold_season_nearshore",0.7053,4,3.1159,true,"available"
"frankfort_elberta_mi/lake_trout","2027-12-17","cold_season_nearshore",0.6788,4,3.0364,true,"available"
"frankfort_elberta_mi/lake_trout","2027-12-24","cold_season_nearshore",0.6523,4,2.9568,true,"available"
"racine_wi/yellow_perch","2027-01-01","summer_harbor_schooling",0,4.8,1,true,"available"
"racine_wi/yellow_perch","2027-01-08","summer_harbor_schooling",0,4.8,1,true,"available"
"racine_wi/yellow_perch","2027-01-15","summer_harbor_schooling",0,4.8,1,true,"available"
"racine_wi/yellow_perch","2027-01-22","summer_harbor_schooling",0,4.8,1,true,"available"
"racine_wi/yellow_perch","2027-01-29","summer_harbor_schooling",0,4.8,1,true,"available"
"racine_wi/yellow_perch","2027-02-05","summer_harbor_schooling",0,4.8,1,true,"available"
"racine_wi/yellow_perch","2027-02-12","summer_harbor_schooling",0,4.8,1,true,"available"
"racine_wi/yellow_perch","2027-02-19","summer_harbor_schooling",0,4.8,1,true,"available"
"racine_wi/yellow_perch","2027-02-26","summer_harbor_schooling",0,4.8,1,true,"available"
"racine_wi/yellow_perch","2027-03-05","summer_harbor_schooling",0,4.8,1,true,"available"
"racine_wi/yellow_perch","2027-03-12","summer_harbor_schooling",0,4.8,1,true,"available"
"racine_wi/yellow_perch","2027-03-19","summer_harbor_schooling",0,4.8,1,true,"available"
"racine_wi/yellow_perch","2027-03-26","summer_harbor_schooling",0,4.8,1,true,"available"
"racine_wi/yellow_perch","2027-04-02","summer_harbor_schooling",0,4.8,1,true,"available"
"racine_wi/yellow_perch","2027-04-09","summer_harbor_schooling",0,4.8,1,true,"available"
"racine_wi/yellow_perch","2027-04-16","summer_harbor_schooling",0,4.8,1,true,"available"
"racine_wi/yellow_perch","2027-04-23","summer_harbor_schooling",0,4.8,1,true,"available"
"racine_wi/yellow_perch","2027-04-30","summer_harbor_schooling",0,4.8,1,true,"available"
"racine_wi/yellow_perch","2027-05-07","summer_harbor_schooling",0,4.8,1,false,"unavailable_regulation_closed"
"racine_wi/yellow_perch","2027-05-14","summer_harbor_schooling",0,4.8,1,false,"unavailable_regulation_closed"
"racine_wi/yellow_perch","2027-05-21","summer_harbor_schooling",0.1031,4.8,1.3919,false,"unavailable_regulation_closed"
"racine_wi/yellow_perch","2027-05-28","summer_harbor_schooling",0.2234,4.8,1.8491,false,"unavailable_regulation_closed"
"racine_wi/yellow_perch","2027-06-04","summer_harbor_schooling",0.3438,4.8,2.3063,false,"unavailable_regulation_closed"
"racine_wi/yellow_perch","2027-06-11","summer_harbor_schooling",0.4641,4.8,2.7634,false,"unavailable_regulation_closed"
"racine_wi/yellow_perch","2027-06-18","summer_harbor_schooling",0.5765,4.8,3.1906,true,"available"
"racine_wi/yellow_perch","2027-06-25","summer_harbor_schooling",0.6691,4.8,3.5426,true,"available"
"racine_wi/yellow_perch","2027-07-02","summer_harbor_schooling",0.7618,4.8,3.8947,true,"available"
"racine_wi/yellow_perch","2027-07-09","summer_harbor_schooling",0.8544,4.8,4.2468,true,"available"
"racine_wi/yellow_perch","2027-07-16","summer_harbor_schooling",0.9471,4.8,4.5988,true,"available"
"racine_wi/yellow_perch","2027-07-23","summer_harbor_schooling",0.9758,4.8,4.7081,true,"available"
"racine_wi/yellow_perch","2027-07-30","summer_harbor_schooling",0.9194,4.8,4.4935,true,"available"
"racine_wi/yellow_perch","2027-08-06","summer_harbor_schooling",0.8629,4.8,4.279,true,"available"
"racine_wi/yellow_perch","2027-08-13","summer_harbor_schooling",0.8065,4.8,4.0645,true,"available"
"racine_wi/yellow_perch","2027-08-20","summer_harbor_schooling",0.75,4.8,3.85,true,"available"
"racine_wi/yellow_perch","2027-08-27","summer_harbor_schooling",0.6583,4.8,3.5017,true,"available"
"racine_wi/yellow_perch","2027-09-03","summer_harbor_schooling",0.5667,4.8,3.1533,true,"available"
"racine_wi/yellow_perch","2027-09-10","summer_harbor_schooling",0.475,4.8,2.805,true,"available"
"racine_wi/yellow_perch","2027-09-17","summer_harbor_schooling",0.3833,4.8,2.4567,true,"available"
"racine_wi/yellow_perch","2027-09-24","summer_harbor_schooling",0.2917,4.8,2.1083,true,"available"
"racine_wi/yellow_perch","2027-10-01","summer_harbor_schooling",0.2,4.8,1.76,true,"available"
"racine_wi/yellow_perch","2027-10-08","summer_harbor_schooling",0.1548,4.8,1.5884,true,"available"
"racine_wi/yellow_perch","2027-10-15","summer_harbor_schooling",0.1097,4.8,1.4168,true,"available"
"racine_wi/yellow_perch","2027-10-22","summer_harbor_schooling",0.0645,4.8,1.2452,true,"available"
"racine_wi/yellow_perch","2027-10-29","summer_harbor_schooling",0.0194,4.8,1.0735,true,"available"
"racine_wi/yellow_perch","2027-11-05","summer_harbor_schooling",0,4.8,1,true,"available"
"racine_wi/yellow_perch","2027-11-12","summer_harbor_schooling",0,4.8,1,true,"available"
"racine_wi/yellow_perch","2027-11-19","summer_harbor_schooling",0,4.8,1,true,"available"
"racine_wi/yellow_perch","2027-11-26","summer_harbor_schooling",0,4.8,1,true,"available"
"racine_wi/yellow_perch","2027-12-03","summer_harbor_schooling",0,4.8,1,true,"available"
"racine_wi/yellow_perch","2027-12-10","summer_harbor_schooling",0,4.8,1,true,"available"
"racine_wi/yellow_perch","2027-12-17","summer_harbor_schooling",0,4.8,1,true,"available"
"racine_wi/yellow_perch","2027-12-24","summer_harbor_schooling",0,4.8,1,true,"available"
"kenosha_wi/yellow_perch","2027-01-01","summer_harbor_schooling",0,5.4,1,true,"available"
"kenosha_wi/yellow_perch","2027-01-08","summer_harbor_schooling",0,5.4,1,true,"available"
"kenosha_wi/yellow_perch","2027-01-15","summer_harbor_schooling",0,5.4,1,true,"available"
"kenosha_wi/yellow_perch","2027-01-22","summer_harbor_schooling",0,5.4,1,true,"available"
"kenosha_wi/yellow_perch","2027-01-29","summer_harbor_schooling",0,5.4,1,true,"available"
"kenosha_wi/yellow_perch","2027-02-05","summer_harbor_schooling",0,5.4,1,true,"available"
"kenosha_wi/yellow_perch","2027-02-12","summer_harbor_schooling",0,5.4,1,true,"available"
"kenosha_wi/yellow_perch","2027-02-19","summer_harbor_schooling",0,5.4,1,true,"available"
"kenosha_wi/yellow_perch","2027-02-26","summer_harbor_schooling",0,5.4,1,true,"available"
"kenosha_wi/yellow_perch","2027-03-05","summer_harbor_schooling",0,5.4,1,true,"available"
"kenosha_wi/yellow_perch","2027-03-12","summer_harbor_schooling",0,5.4,1,true,"available"
"kenosha_wi/yellow_perch","2027-03-19","summer_harbor_schooling",0,5.4,1,true,"available"
"kenosha_wi/yellow_perch","2027-03-26","summer_harbor_schooling",0,5.4,1,true,"available"
"kenosha_wi/yellow_perch","2027-04-02","summer_harbor_schooling",0,5.4,1,true,"available"
"kenosha_wi/yellow_perch","2027-04-09","summer_harbor_schooling",0,5.4,1,true,"available"
"kenosha_wi/yellow_perch","2027-04-16","summer_harbor_schooling",0,5.4,1,true,"available"
"kenosha_wi/yellow_perch","2027-04-23","summer_harbor_schooling",0,5.4,1,true,"available"
"kenosha_wi/yellow_perch","2027-04-30","summer_harbor_schooling",0,5.4,1,true,"available"
"kenosha_wi/yellow_perch","2027-05-07","summer_harbor_schooling",0,5.4,1,false,"unavailable_regulation_closed"
"kenosha_wi/yellow_perch","2027-05-14","summer_harbor_schooling",0,5.4,1,false,"unavailable_regulation_closed"
"kenosha_wi/yellow_perch","2027-05-21","summer_harbor_schooling",0.1031,5.4,1.4538,false,"unavailable_regulation_closed"
"kenosha_wi/yellow_perch","2027-05-28","summer_harbor_schooling",0.2234,5.4,1.9831,false,"unavailable_regulation_closed"
"kenosha_wi/yellow_perch","2027-06-04","summer_harbor_schooling",0.3438,5.4,2.5125,false,"unavailable_regulation_closed"
"kenosha_wi/yellow_perch","2027-06-11","summer_harbor_schooling",0.4641,5.4,3.0419,false,"unavailable_regulation_closed"
"kenosha_wi/yellow_perch","2027-06-18","summer_harbor_schooling",0.5765,5.4,3.5365,true,"available"
"kenosha_wi/yellow_perch","2027-06-25","summer_harbor_schooling",0.6691,5.4,3.9441,true,"available"
"kenosha_wi/yellow_perch","2027-07-02","summer_harbor_schooling",0.7618,5.4,4.3518,true,"available"
"kenosha_wi/yellow_perch","2027-07-09","summer_harbor_schooling",0.8544,5.4,4.7594,true,"available"
"kenosha_wi/yellow_perch","2027-07-16","summer_harbor_schooling",0.9471,5.4,5.1671,true,"available"
"kenosha_wi/yellow_perch","2027-07-23","summer_harbor_schooling",0.9758,5.4,5.2935,true,"available"
"kenosha_wi/yellow_perch","2027-07-30","summer_harbor_schooling",0.9194,5.4,5.0452,true,"available"
"kenosha_wi/yellow_perch","2027-08-06","summer_harbor_schooling",0.8629,5.4,4.7968,true,"available"
"kenosha_wi/yellow_perch","2027-08-13","summer_harbor_schooling",0.8065,5.4,4.5484,true,"available"
"kenosha_wi/yellow_perch","2027-08-20","summer_harbor_schooling",0.75,5.4,4.3,true,"available"
"kenosha_wi/yellow_perch","2027-08-27","summer_harbor_schooling",0.6583,5.4,3.8967,true,"available"
"kenosha_wi/yellow_perch","2027-09-03","summer_harbor_schooling",0.5667,5.4,3.4933,true,"available"
"kenosha_wi/yellow_perch","2027-09-10","summer_harbor_schooling",0.475,5.4,3.09,true,"available"
"kenosha_wi/yellow_perch","2027-09-17","summer_harbor_schooling",0.3833,5.4,2.6867,true,"available"
"kenosha_wi/yellow_perch","2027-09-24","summer_harbor_schooling",0.2917,5.4,2.2833,true,"available"
"kenosha_wi/yellow_perch","2027-10-01","summer_harbor_schooling",0.2,5.4,1.88,true,"available"
"kenosha_wi/yellow_perch","2027-10-08","summer_harbor_schooling",0.1548,5.4,1.6813,true,"available"
"kenosha_wi/yellow_perch","2027-10-15","summer_harbor_schooling",0.1097,5.4,1.4826,true,"available"
"kenosha_wi/yellow_perch","2027-10-22","summer_harbor_schooling",0.0645,5.4,1.2839,true,"available"
"kenosha_wi/yellow_perch","2027-10-29","summer_harbor_schooling",0.0194,5.4,1.0852,true,"available"
"kenosha_wi/yellow_perch","2027-11-05","summer_harbor_schooling",0,5.4,1,true,"available"
"kenosha_wi/yellow_perch","2027-11-12","summer_harbor_schooling",0,5.4,1,true,"available"
"kenosha_wi/yellow_perch","2027-11-19","summer_harbor_schooling",0,5.4,1,true,"available"
"kenosha_wi/yellow_perch","2027-11-26","summer_harbor_schooling",0,5.4,1,true,"available"
"kenosha_wi/yellow_perch","2027-12-03","summer_harbor_schooling",0,5.4,1,true,"available"
"kenosha_wi/yellow_perch","2027-12-10","summer_harbor_schooling",0,5.4,1,true,"available"
"kenosha_wi/yellow_perch","2027-12-17","summer_harbor_schooling",0,5.4,1,true,"available"
"kenosha_wi/yellow_perch","2027-12-24","summer_harbor_schooling",0,5.4,1,true,"available"
