cityId,cityName,stateCode,speciesId,speciesName,pairKey,month,monthName,checkpointDate,checkpointIdealPotential,checkpointActiveMode,monthMinIdealPotential,monthMeanIdealPotential,monthMaxIdealPotential,monthPeakDate,monthPeakActiveMode,relativeSeasonPhase
ludington_mi,Ludington,MI,chinook_salmon,Chinook salmon,ludington_mi/chinook_salmon,01,Jan,01-15,1,none,1,1,1,01-01,none,off_season
ludington_mi,Ludington,MI,chinook_salmon,Chinook salmon,ludington_mi/chinook_salmon,02,Feb,02-15,1,none,1,1,1,02-01,none,off_season
ludington_mi,Ludington,MI,chinook_salmon,Chinook salmon,ludington_mi/chinook_salmon,03,Mar,03-15,1,none,1,1.192,1.7,03-31,spring_nearshore_transient,off_season
ludington_mi,Ludington,MI,chinook_salmon,Chinook salmon,ludington_mi/chinook_salmon,04,Apr,04-15,2.356,spring_nearshore_transient,1.744,2.41,3.14,04-30,spring_nearshore_transient,shoulder
ludington_mi,Ludington,MI,chinook_salmon,Chinook salmon,ludington_mi/chinook_salmon,05,May,05-15,3.936,spring_nearshore_transient,3.193,4.001,4.832,05-31,spring_nearshore_transient,shoulder
ludington_mi,Ludington,MI,chinook_salmon,Chinook salmon,ludington_mi/chinook_salmon,06,Jun,06-15,3.568,spring_nearshore_transient,2.127,3.499,5,06-03,spring_nearshore_transient,shoulder
ludington_mi,Ludington,MI,chinook_salmon,Chinook salmon,ludington_mi/chinook_salmon,07,Jul,07-15,3.406,summer_coldwater_access,2.556,3.473,4.425,07-31,summer_coldwater_access,shoulder
ludington_mi,Ludington,MI,chinook_salmon,Chinook salmon,ludington_mi/chinook_salmon,08,Aug,08-15,5.356,fall_harbor_staging,4.492,5.958,8.3,08-30,fall_harbor_staging,peak
ludington_mi,Ludington,MI,chinook_salmon,Chinook salmon,ludington_mi/chinook_salmon,09,Sep,09-15,7.132,fall_harbor_staging,5.38,6.986,8.154,09-01,fall_harbor_staging,peak
ludington_mi,Ludington,MI,chinook_salmon,Chinook salmon,ludington_mi/chinook_salmon,10,Oct,10-15,3.206,fall_harbor_staging,1.13,3.124,5.234,10-01,fall_harbor_staging,shoulder
ludington_mi,Ludington,MI,chinook_salmon,Chinook salmon,ludington_mi/chinook_salmon,11,Nov,11-15,1,none,1,1,1,11-01,none,off_season
ludington_mi,Ludington,MI,chinook_salmon,Chinook salmon,ludington_mi/chinook_salmon,12,Dec,12-15,1,none,1,1,1,12-01,none,off_season
ludington_mi,Ludington,MI,coho_salmon,Coho salmon,ludington_mi/coho_salmon,01,Jan,01-15,1,none,1,1,1,01-01,none,off_season
ludington_mi,Ludington,MI,coho_salmon,Coho salmon,ludington_mi/coho_salmon,02,Feb,02-15,1,none,1,1.102,1.409,02-28,spring_nearshore,off_season
ludington_mi,Ludington,MI,coho_salmon,Coho salmon,ludington_mi/coho_salmon,03,Mar,03-15,1.943,spring_nearshore,1.441,1.99,2.59,03-31,spring_nearshore,shoulder
ludington_mi,Ludington,MI,coho_salmon,Coho salmon,ludington_mi/coho_salmon,04,Apr,04-15,2.668,spring_nearshore,2.47,2.643,2.8,04-05,spring_nearshore,shoulder
ludington_mi,Ludington,MI,coho_salmon,Coho salmon,ludington_mi/coho_salmon,05,May,05-15,2.145,spring_nearshore,1.731,2.115,2.457,05-01,spring_nearshore,shoulder
ludington_mi,Ludington,MI,coho_salmon,Coho salmon,ludington_mi/coho_salmon,06,Jun,06-15,1.36,spring_nearshore,1.24,1.431,1.705,06-01,spring_nearshore,off_season
ludington_mi,Ludington,MI,coho_salmon,Coho salmon,ludington_mi/coho_salmon,07,Jul,07-15,1.831,summer_coldwater_access,1.481,1.859,2.254,07-31,summer_coldwater_access,shoulder
ludington_mi,Ludington,MI,coho_salmon,Coho salmon,ludington_mi/coho_salmon,08,Aug,08-15,2.7,summer_coldwater_access,2.006,2.392,2.7,08-15,summer_coldwater_access,shoulder
ludington_mi,Ludington,MI,coho_salmon,Coho salmon,ludington_mi/coho_salmon,09,Sep,09-15,3.4,fall_harbor_staging,2.56,3.431,4.312,09-30,fall_harbor_staging,strong
ludington_mi,Ludington,MI,coho_salmon,Coho salmon,ludington_mi/coho_salmon,10,Oct,10-15,5.278,fall_harbor_staging,4.376,5.062,5.6,10-20,fall_harbor_staging,peak
ludington_mi,Ludington,MI,coho_salmon,Coho salmon,ludington_mi/coho_salmon,11,Nov,11-15,3.036,fall_harbor_staging,1.123,2.991,4.79,11-01,fall_harbor_staging,strong
ludington_mi,Ludington,MI,coho_salmon,Coho salmon,ludington_mi/coho_salmon,12,Dec,12-15,1,none,1,1,1,12-01,none,off_season
ludington_mi,Ludington,MI,steelhead,Steelhead,ludington_mi/steelhead,01,Jan,01-15,3.99,winter_spring_thermal_front,3.75,4.007,4.264,01-31,winter_spring_thermal_front,shoulder
ludington_mi,Ludington,MI,steelhead,Steelhead,ludington_mi/steelhead,02,Feb,02-15,4.521,winter_spring_thermal_front,4.281,4.512,4.743,02-28,winter_spring_thermal_front,shoulder
ludington_mi,Ludington,MI,steelhead,Steelhead,ludington_mi/steelhead,03,Mar,03-15,5,winter_spring_thermal_front,4.76,5.084,5.516,03-31,winter_spring_thermal_front,strong
ludington_mi,Ludington,MI,steelhead,Steelhead,ludington_mi/steelhead,04,Apr,04-15,6,winter_spring_thermal_front,4.375,5.454,6,04-15,winter_spring_thermal_front,strong
ludington_mi,Ludington,MI,steelhead,Steelhead,ludington_mi/steelhead,05,May,05-15,2.75,winter_spring_thermal_front,1.721,2.857,4.267,05-01,winter_spring_thermal_front,shoulder
ludington_mi,Ludington,MI,steelhead,Steelhead,ludington_mi/steelhead,06,Jun,06-15,2.824,summer_thermal_break_or_upwelling,2.635,2.818,3,06-01,summer_thermal_break_or_upwelling,shoulder
ludington_mi,Ludington,MI,steelhead,Steelhead,ludington_mi/steelhead,07,Jul,07-15,2.342,summer_thermal_break_or_upwelling,1.955,2.312,2.623,07-01,summer_thermal_break_or_upwelling,off_season
ludington_mi,Ludington,MI,steelhead,Steelhead,ludington_mi/steelhead,08,Aug,08-15,1.594,summer_thermal_break_or_upwelling,1.32,1.607,1.931,08-01,summer_thermal_break_or_upwelling,off_season
ludington_mi,Ludington,MI,steelhead,Steelhead,ludington_mi/steelhead,09,Sep,09-15,3.372,fall_harbor_staging,1.791,3.493,5.324,09-30,fall_harbor_staging,strong
ludington_mi,Ludington,MI,steelhead,Steelhead,ludington_mi/steelhead,10,Oct,10-15,7.39,fall_harbor_staging,5.455,7.069,8.1,10-20,fall_harbor_staging,peak
ludington_mi,Ludington,MI,steelhead,Steelhead,ludington_mi/steelhead,11,Nov,11-15,5.558,fall_harbor_staging,3.13,5.375,7.163,11-01,fall_harbor_staging,peak
ludington_mi,Ludington,MI,steelhead,Steelhead,ludington_mi/steelhead,12,Dec,12-15,2.793,winter_spring_thermal_front,2.278,2.955,3.75,12-31,winter_spring_thermal_front,shoulder
ludington_mi,Ludington,MI,brown_trout,Brown trout,ludington_mi/brown_trout,01,Jan,01-15,4.9,winter_harbor_open_water,4.415,4.673,4.9,01-15,winter_harbor_open_water,shoulder
ludington_mi,Ludington,MI,brown_trout,Brown trout,ludington_mi/brown_trout,02,Feb,02-15,3.96,winter_harbor_open_water,3.565,3.975,4.384,02-01,winter_harbor_open_water,shoulder
ludington_mi,Ludington,MI,brown_trout,Brown trout,ludington_mi/brown_trout,03,Mar,03-15,4.459,spring_nearshore,3.194,4.716,6.83,03-31,spring_nearshore,peak
ludington_mi,Ludington,MI,brown_trout,Brown trout,ludington_mi/brown_trout,04,Apr,04-15,7.185,spring_nearshore,6.563,7.099,7.6,04-05,spring_nearshore,peak
ludington_mi,Ludington,MI,brown_trout,Brown trout,ludington_mi/brown_trout,05,May,05-15,5.749,spring_nearshore,4.47,5.613,6.521,05-01,spring_nearshore,strong
ludington_mi,Ludington,MI,brown_trout,Brown trout,ludington_mi/brown_trout,06,Jun,06-15,3.272,spring_nearshore,2.131,3.245,4.39,06-01,spring_nearshore,shoulder
ludington_mi,Ludington,MI,brown_trout,Brown trout,ludington_mi/brown_trout,07,Jul,07-15,1,none,1,1.255,2.056,07-01,spring_nearshore,off_season
ludington_mi,Ludington,MI,brown_trout,Brown trout,ludington_mi/brown_trout,08,Aug,08-15,1.198,fall_harbor,1,1.212,1.425,08-31,fall_harbor,off_season
ludington_mi,Ludington,MI,brown_trout,Brown trout,ludington_mi/brown_trout,09,Sep,09-15,1.645,fall_harbor,1.439,1.658,1.893,09-30,fall_harbor,off_season
ludington_mi,Ludington,MI,brown_trout,Brown trout,ludington_mi/brown_trout,10,Oct,10-15,2.141,fall_harbor,1.909,2.162,2.425,10-31,fall_harbor,off_season
ludington_mi,Ludington,MI,brown_trout,Brown trout,ludington_mi/brown_trout,11,Nov,11-15,2.755,winter_harbor_open_water,2.444,2.818,3.327,11-30,winter_harbor_open_water,shoulder
ludington_mi,Ludington,MI,brown_trout,Brown trout,ludington_mi/brown_trout,12,Dec,12-15,3.9,winter_harbor_open_water,3.365,3.938,4.51,12-31,winter_harbor_open_water,shoulder
grand_haven_mi,Grand Haven,MI,chinook_salmon,Chinook salmon,grand_haven_mi/chinook_salmon,01,Jan,01-15,1,none,1,1,1,01-01,none,off_season
grand_haven_mi,Grand Haven,MI,chinook_salmon,Chinook salmon,grand_haven_mi/chinook_salmon,02,Feb,02-15,1,none,1,1,1,02-01,none,off_season
grand_haven_mi,Grand Haven,MI,chinook_salmon,Chinook salmon,grand_haven_mi/chinook_salmon,03,Mar,03-15,1,none,1,1.179,1.653,03-31,spring_nearshore_transient,off_season
grand_haven_mi,Grand Haven,MI,chinook_salmon,Chinook salmon,grand_haven_mi/chinook_salmon,04,Apr,04-15,2.31,spring_nearshore_transient,1.694,2.339,3.016,04-30,spring_nearshore_transient,shoulder
grand_haven_mi,Grand Haven,MI,chinook_salmon,Chinook salmon,grand_haven_mi/chinook_salmon,05,May,05-15,3.8,spring_nearshore_transient,3.068,3.454,3.8,05-15,spring_nearshore_transient,shoulder
grand_haven_mi,Grand Haven,MI,chinook_salmon,Chinook salmon,grand_haven_mi/chinook_salmon,06,Jun,06-15,2.048,spring_nearshore_transient,1.827,2.314,3.108,06-01,spring_nearshore_transient,shoulder
grand_haven_mi,Grand Haven,MI,chinook_salmon,Chinook salmon,grand_haven_mi/chinook_salmon,07,Jul,07-15,3.171,summer_coldwater_access,2.405,3.232,4.091,07-31,summer_coldwater_access,shoulder
grand_haven_mi,Grand Haven,MI,chinook_salmon,Chinook salmon,grand_haven_mi/chinook_salmon,08,Aug,08-15,4.219,fall_harbor_staging,4.079,4.907,6.531,08-31,fall_harbor_staging,strong
grand_haven_mi,Grand Haven,MI,chinook_salmon,Chinook salmon,grand_haven_mi/chinook_salmon,09,Sep,09-15,7.249,fall_harbor_staging,5.835,6.972,7.8,09-08,fall_harbor_staging,peak
grand_haven_mi,Grand Haven,MI,chinook_salmon,Chinook salmon,grand_haven_mi/chinook_salmon,10,Oct,10-15,3.489,fall_harbor_staging,1.145,3.371,5.678,10-01,fall_harbor_staging,strong
grand_haven_mi,Grand Haven,MI,chinook_salmon,Chinook salmon,grand_haven_mi/chinook_salmon,11,Nov,11-15,1,none,1,1,1,11-01,none,off_season
grand_haven_mi,Grand Haven,MI,chinook_salmon,Chinook salmon,grand_haven_mi/chinook_salmon,12,Dec,12-15,1,none,1,1,1,12-01,none,off_season
grand_haven_mi,Grand Haven,MI,coho_salmon,Coho salmon,grand_haven_mi/coho_salmon,01,Jan,01-15,1,none,1,1,1,01-01,none,off_season
grand_haven_mi,Grand Haven,MI,coho_salmon,Coho salmon,grand_haven_mi/coho_salmon,02,Feb,02-15,1,none,1,1.206,1.825,02-28,spring_nearshore,off_season
grand_haven_mi,Grand Haven,MI,coho_salmon,Coho salmon,grand_haven_mi/coho_salmon,03,Mar,03-15,2.776,spring_nearshore,1.888,2.866,3.918,03-31,spring_nearshore,shoulder
grand_haven_mi,Grand Haven,MI,coho_salmon,Coho salmon,grand_haven_mi/coho_salmon,04,Apr,04-15,5.028,spring_nearshore,3.992,5.087,6.232,04-30,spring_nearshore,strong
grand_haven_mi,Grand Haven,MI,coho_salmon,Coho salmon,grand_haven_mi/coho_salmon,05,May,05-15,6.263,spring_nearshore,4.857,6.063,6.8,05-07,spring_nearshore,strong
grand_haven_mi,Grand Haven,MI,coho_salmon,Coho salmon,grand_haven_mi/coho_salmon,06,Jun,06-15,2.856,spring_nearshore,1.666,2.922,4.724,06-01,spring_nearshore,shoulder
grand_haven_mi,Grand Haven,MI,coho_salmon,Coho salmon,grand_haven_mi/coho_salmon,07,Jul,07-15,2.613,summer_coldwater_access,1.933,2.667,3.434,07-31,summer_coldwater_access,shoulder
grand_haven_mi,Grand Haven,MI,coho_salmon,Coho salmon,grand_haven_mi/coho_salmon,08,Aug,08-15,4.3,summer_coldwater_access,3.491,4.528,6.616,08-31,fall_harbor_staging,strong
grand_haven_mi,Grand Haven,MI,coho_salmon,Coho salmon,grand_haven_mi/coho_salmon,09,Sep,09-15,8.504,fall_harbor_staging,6.834,8.058,8.8,09-10,fall_harbor_staging,peak
grand_haven_mi,Grand Haven,MI,coho_salmon,Coho salmon,grand_haven_mi/coho_salmon,10,Oct,10-15,6.366,fall_harbor_staging,4.453,6.177,7.557,10-01,fall_harbor_staging,strong
grand_haven_mi,Grand Haven,MI,coho_salmon,Coho salmon,grand_haven_mi/coho_salmon,11,Nov,11-15,2.736,fall_harbor_staging,1.109,2.692,4.333,11-01,fall_harbor_staging,shoulder
grand_haven_mi,Grand Haven,MI,coho_salmon,Coho salmon,grand_haven_mi/coho_salmon,12,Dec,12-15,1,none,1,1,1,12-01,none,off_season
grand_haven_mi,Grand Haven,MI,steelhead,Steelhead,grand_haven_mi/steelhead,01,Jan,01-15,4.647,winter_spring_thermal_front,4.355,4.668,4.982,01-31,winter_spring_thermal_front,shoulder
grand_haven_mi,Grand Haven,MI,steelhead,Steelhead,grand_haven_mi/steelhead,02,Feb,02-15,5.295,winter_spring_thermal_front,5.003,5.285,5.567,02-28,winter_spring_thermal_front,shoulder
grand_haven_mi,Grand Haven,MI,steelhead,Steelhead,grand_haven_mi/steelhead,03,Mar,03-15,5.88,winter_spring_thermal_front,5.588,5.982,6.51,03-31,winter_spring_thermal_front,strong
grand_haven_mi,Grand Haven,MI,steelhead,Steelhead,grand_haven_mi/steelhead,04,Apr,04-15,7.1,winter_spring_thermal_front,5.88,6.637,7.1,04-15,winter_spring_thermal_front,strong
grand_haven_mi,Grand Haven,MI,steelhead,Steelhead,grand_haven_mi/steelhead,05,May,05-15,4.66,winter_spring_thermal_front,2.507,4.295,5.799,05-01,winter_spring_thermal_front,shoulder
grand_haven_mi,Grand Haven,MI,steelhead,Steelhead,grand_haven_mi/steelhead,06,Jun,06-15,8.8,summer_thermal_break_or_upwelling,4.307,7.388,8.8,06-15,summer_thermal_break_or_upwelling,peak
grand_haven_mi,Grand Haven,MI,steelhead,Steelhead,grand_haven_mi/steelhead,07,Jul,07-15,7.084,summer_thermal_break_or_upwelling,5.344,6.801,7.885,07-01,summer_thermal_break_or_upwelling,strong
grand_haven_mi,Grand Haven,MI,steelhead,Steelhead,grand_haven_mi/steelhead,08,Aug,08-15,3.713,summer_thermal_break_or_upwelling,2.04,3.621,5.236,08-01,summer_thermal_break_or_upwelling,shoulder
grand_haven_mi,Grand Haven,MI,steelhead,Steelhead,grand_haven_mi/steelhead,09,Sep,09-15,3.318,fall_harbor_staging,1.883,3.408,5.134,09-30,fall_harbor_staging,shoulder
grand_haven_mi,Grand Haven,MI,steelhead,Steelhead,grand_haven_mi/steelhead,10,Oct,10-15,7.047,fall_harbor_staging,5.261,7.233,9.2,10-30,fall_harbor_staging,peak
grand_haven_mi,Grand Haven,MI,steelhead,Steelhead,grand_haven_mi/steelhead,11,Nov,11-15,7.396,fall_harbor_staging,4.068,6.903,8.974,11-01,fall_harbor_staging,peak
grand_haven_mi,Grand Haven,MI,steelhead,Steelhead,grand_haven_mi/steelhead,12,Dec,12-15,3.188,winter_spring_thermal_front,2.615,3.45,4.355,12-31,winter_spring_thermal_front,shoulder
grand_haven_mi,Grand Haven,MI,brown_trout,Brown trout,grand_haven_mi/brown_trout,01,Jan,01-15,5,winter_harbor_open_water,4.502,4.767,5,01-15,winter_harbor_open_water,strong
grand_haven_mi,Grand Haven,MI,brown_trout,Brown trout,grand_haven_mi/brown_trout,02,Feb,02-15,4.036,winter_harbor_open_water,3.631,4.051,4.471,02-01,winter_harbor_open_water,shoulder
grand_haven_mi,Grand Haven,MI,brown_trout,Brown trout,grand_haven_mi/brown_trout,03,Mar,03-15,3.798,spring_nearshore,3.021,4.127,5.752,03-31,spring_nearshore,strong
grand_haven_mi,Grand Haven,MI,brown_trout,Brown trout,grand_haven_mi/brown_trout,04,Apr,04-15,7.6,spring_nearshore,5.875,6.987,7.6,04-15,spring_nearshore,peak
grand_haven_mi,Grand Haven,MI,brown_trout,Brown trout,grand_haven_mi/brown_trout,05,May,05-15,6.239,spring_nearshore,4.898,6.045,6.874,05-01,spring_nearshore,peak
grand_haven_mi,Grand Haven,MI,brown_trout,Brown trout,grand_haven_mi/brown_trout,06,Jun,06-15,3.558,spring_nearshore,2.267,3.523,4.809,06-01,spring_nearshore,shoulder
grand_haven_mi,Grand Haven,MI,brown_trout,Brown trout,grand_haven_mi/brown_trout,07,Jul,07-15,1,none,1,1.286,2.183,07-01,spring_nearshore,off_season
grand_haven_mi,Grand Haven,MI,brown_trout,Brown trout,grand_haven_mi/brown_trout,08,Aug,08-15,1.222,fall_harbor,1,1.238,1.475,08-31,fall_harbor,off_season
grand_haven_mi,Grand Haven,MI,brown_trout,Brown trout,grand_haven_mi/brown_trout,09,Sep,09-15,1.72,fall_harbor,1.491,1.736,1.998,09-30,fall_harbor,off_season
grand_haven_mi,Grand Haven,MI,brown_trout,Brown trout,grand_haven_mi/brown_trout,10,Oct,10-15,2.276,fall_harbor,2.016,2.298,2.593,10-31,fall_harbor,off_season
grand_haven_mi,Grand Haven,MI,brown_trout,Brown trout,grand_haven_mi/brown_trout,11,Nov,11-15,2.9,fall_harbor,2.614,2.935,3.387,11-30,winter_harbor_open_water,shoulder
grand_haven_mi,Grand Haven,MI,brown_trout,Brown trout,grand_haven_mi/brown_trout,12,Dec,12-15,3.974,winter_harbor_open_water,3.426,4.013,4.6,12-31,winter_harbor_open_water,shoulder
manistee_mi,Manistee,MI,chinook_salmon,Chinook salmon,manistee_mi/chinook_salmon,01,Jan,01-15,1,none,1,1,1,01-01,none,off_season
manistee_mi,Manistee,MI,chinook_salmon,Chinook salmon,manistee_mi/chinook_salmon,02,Feb,02-15,1,none,1,1,1,02-01,none,off_season
manistee_mi,Manistee,MI,chinook_salmon,Chinook salmon,manistee_mi/chinook_salmon,03,Mar,03-15,1,none,1,1.264,1.962,03-31,spring_nearshore_transient,off_season
manistee_mi,Manistee,MI,chinook_salmon,Chinook salmon,manistee_mi/chinook_salmon,04,Apr,04-15,2.865,spring_nearshore_transient,2.023,2.939,3.942,04-30,spring_nearshore_transient,shoulder
manistee_mi,Manistee,MI,chinook_salmon,Chinook salmon,manistee_mi/chinook_salmon,05,May,05-15,5.037,spring_nearshore_transient,4.015,5.127,6.269,05-31,spring_nearshore_transient,strong
manistee_mi,Manistee,MI,chinook_salmon,Chinook salmon,manistee_mi/chinook_salmon,06,Jun,06-15,4.531,spring_nearshore_transient,2.54,4.426,6.5,06-03,spring_nearshore_transient,strong
manistee_mi,Manistee,MI,chinook_salmon,Chinook salmon,manistee_mi/chinook_salmon,07,Jul,07-15,4.227,summer_coldwater_access,3.088,4.317,5.594,07-31,summer_coldwater_access,shoulder
manistee_mi,Manistee,MI,chinook_salmon,Chinook salmon,manistee_mi/chinook_salmon,08,Aug,08-15,6.072,fall_harbor_staging,5.652,7.026,9.5,08-30,fall_harbor_staging,peak
manistee_mi,Manistee,MI,chinook_salmon,Chinook salmon,manistee_mi/chinook_salmon,09,Sep,09-15,8.14,fall_harbor_staging,6.1,7.97,9.33,09-01,fall_harbor_staging,peak
manistee_mi,Manistee,MI,chinook_salmon,Chinook salmon,manistee_mi/chinook_salmon,10,Oct,10-15,3.569,fall_harbor_staging,1.151,3.473,5.93,10-01,fall_harbor_staging,shoulder
manistee_mi,Manistee,MI,chinook_salmon,Chinook salmon,manistee_mi/chinook_salmon,11,Nov,11-15,1,none,1,1,1,11-01,none,off_season
manistee_mi,Manistee,MI,chinook_salmon,Chinook salmon,manistee_mi/chinook_salmon,12,Dec,12-15,1,none,1,1,1,12-01,none,off_season
manistee_mi,Manistee,MI,coho_salmon,Coho salmon,manistee_mi/coho_salmon,01,Jan,01-15,1,none,1,1,1,01-01,none,off_season
manistee_mi,Manistee,MI,coho_salmon,Coho salmon,manistee_mi/coho_salmon,02,Feb,02-15,1,none,1,1.094,1.375,02-28,spring_nearshore,off_season
manistee_mi,Manistee,MI,coho_salmon,Coho salmon,manistee_mi/coho_salmon,03,Mar,03-15,1.807,spring_nearshore,1.404,1.848,2.337,03-31,spring_nearshore,off_season
manistee_mi,Manistee,MI,coho_salmon,Coho salmon,manistee_mi/coho_salmon,04,Apr,04-15,2.873,spring_nearshore,2.373,2.895,3.427,04-30,spring_nearshore,shoulder
manistee_mi,Manistee,MI,coho_salmon,Coho salmon,manistee_mi/coho_salmon,05,May,05-15,3.629,spring_nearshore,2.981,3.484,3.8,05-10,spring_nearshore,shoulder
manistee_mi,Manistee,MI,coho_salmon,Coho salmon,manistee_mi/coho_salmon,06,Jun,06-15,1.964,spring_nearshore,1.448,2.032,2.913,06-01,spring_nearshore,shoulder
manistee_mi,Manistee,MI,coho_salmon,Coho salmon,manistee_mi/coho_salmon,07,Jul,07-15,2.222,summer_coldwater_access,1.707,2.263,2.844,07-31,summer_coldwater_access,shoulder
manistee_mi,Manistee,MI,coho_salmon,Coho salmon,manistee_mi/coho_salmon,08,Aug,08-15,3.5,summer_coldwater_access,2.842,3.265,3.983,08-31,fall_harbor_staging,shoulder
manistee_mi,Manistee,MI,coho_salmon,Coho salmon,manistee_mi/coho_salmon,09,Sep,09-15,5.721,fall_harbor_staging,4.099,5.801,7.57,09-30,fall_harbor_staging,peak
manistee_mi,Manistee,MI,coho_salmon,Coho salmon,manistee_mi/coho_salmon,10,Oct,10-15,7.408,fall_harbor_staging,5.67,7.209,8.2,10-05,fall_harbor_staging,peak
manistee_mi,Manistee,MI,coho_salmon,Coho salmon,manistee_mi/coho_salmon,11,Nov,11-15,3.304,fall_harbor_staging,1.144,3.28,5.512,11-01,fall_harbor_staging,strong
manistee_mi,Manistee,MI,coho_salmon,Coho salmon,manistee_mi/coho_salmon,12,Dec,12-15,1,none,1,1,1,12-01,none,off_season
manistee_mi,Manistee,MI,steelhead,Steelhead,manistee_mi/steelhead,01,Jan,01-15,4.468,winter_spring_thermal_front,4.19,4.488,4.786,01-31,winter_spring_thermal_front,shoulder
manistee_mi,Manistee,MI,steelhead,Steelhead,manistee_mi/steelhead,02,Feb,02-15,5.084,winter_spring_thermal_front,4.806,5.074,5.342,02-28,winter_spring_thermal_front,shoulder
manistee_mi,Manistee,MI,steelhead,Steelhead,manistee_mi/steelhead,03,Mar,03-15,5.64,winter_spring_thermal_front,5.362,5.737,6.239,03-31,winter_spring_thermal_front,shoulder
manistee_mi,Manistee,MI,steelhead,Steelhead,manistee_mi/steelhead,04,Apr,04-15,6.8,winter_spring_thermal_front,4.915,6.166,6.8,04-15,winter_spring_thermal_front,strong
manistee_mi,Manistee,MI,steelhead,Steelhead,manistee_mi/steelhead,05,May,05-15,3.03,winter_spring_thermal_front,1.621,3.003,4.789,05-01,winter_spring_thermal_front,shoulder
manistee_mi,Manistee,MI,steelhead,Steelhead,manistee_mi/steelhead,06,Jun,06-15,3.52,summer_thermal_break_or_upwelling,2.064,3.558,4.8,06-26,summer_thermal_break_or_upwelling,shoulder
manistee_mi,Manistee,MI,steelhead,Steelhead,manistee_mi/steelhead,07,Jul,07-15,4.212,summer_thermal_break_or_upwelling,3.465,4.144,4.645,07-01,summer_thermal_break_or_upwelling,shoulder
manistee_mi,Manistee,MI,steelhead,Steelhead,manistee_mi/steelhead,08,Aug,08-15,2.528,summer_thermal_break_or_upwelling,1.637,2.48,3.402,08-01,summer_thermal_break_or_upwelling,shoulder
manistee_mi,Manistee,MI,steelhead,Steelhead,manistee_mi/steelhead,09,Sep,09-15,3.544,fall_harbor_staging,1.848,3.66,5.664,09-30,fall_harbor_staging,shoulder
manistee_mi,Manistee,MI,steelhead,Steelhead,manistee_mi/steelhead,10,Oct,10-15,7.952,fall_harbor_staging,5.815,8.07,10,10-28,fall_harbor_staging,peak
manistee_mi,Manistee,MI,steelhead,Steelhead,manistee_mi/steelhead,11,Nov,11-15,7.79,fall_harbor_staging,4.34,7.331,9.534,11-01,fall_harbor_staging,peak
manistee_mi,Manistee,MI,steelhead,Steelhead,manistee_mi/steelhead,12,Dec,12-15,3.08,winter_spring_thermal_front,2.595,3.403,4.19,12-31,winter_spring_thermal_front,shoulder
manistee_mi,Manistee,MI,brown_trout,Brown trout,manistee_mi/brown_trout,01,Jan,01-15,5.2,winter_harbor_open_water,4.677,4.955,5.2,01-15,winter_harbor_open_water,shoulder
manistee_mi,Manistee,MI,brown_trout,Brown trout,manistee_mi/brown_trout,02,Feb,02-15,4.187,winter_harbor_open_water,3.763,4.204,4.645,02-01,winter_harbor_open_water,shoulder
manistee_mi,Manistee,MI,brown_trout,Brown trout,manistee_mi/brown_trout,03,Mar,03-15,4.361,spring_nearshore,3.29,4.654,6.649,03-31,spring_nearshore,strong
manistee_mi,Manistee,MI,brown_trout,Brown trout,manistee_mi/brown_trout,04,Apr,04-15,7.967,spring_nearshore,6.804,7.641,8.2,04-10,spring_nearshore,peak
manistee_mi,Manistee,MI,brown_trout,Brown trout,manistee_mi/brown_trout,05,May,05-15,6.521,spring_nearshore,5.007,6.286,7.222,05-01,spring_nearshore,peak
manistee_mi,Manistee,MI,brown_trout,Brown trout,manistee_mi/brown_trout,06,Jun,06-15,3.588,spring_nearshore,2.28,3.565,4.913,06-01,spring_nearshore,shoulder
manistee_mi,Manistee,MI,brown_trout,Brown trout,manistee_mi/brown_trout,07,Jul,07-15,1,none,1,1.289,2.195,07-01,spring_nearshore,off_season
manistee_mi,Manistee,MI,brown_trout,Brown trout,manistee_mi/brown_trout,08,Aug,08-15,1.245,fall_harbor,1,1.263,1.525,08-31,fall_harbor,off_season
manistee_mi,Manistee,MI,brown_trout,Brown trout,manistee_mi/brown_trout,09,Sep,09-15,1.796,fall_harbor,1.542,1.813,2.103,09-30,fall_harbor,off_season
manistee_mi,Manistee,MI,brown_trout,Brown trout,manistee_mi/brown_trout,10,Oct,10-15,2.41,fall_harbor,2.123,2.435,2.761,10-31,fall_harbor,off_season
manistee_mi,Manistee,MI,brown_trout,Brown trout,manistee_mi/brown_trout,11,Nov,11-15,3.1,fall_harbor,2.783,3.083,3.506,11-30,winter_harbor_open_water,shoulder
manistee_mi,Manistee,MI,brown_trout,Brown trout,manistee_mi/brown_trout,12,Dec,12-15,4.123,winter_harbor_open_water,3.547,4.164,4.78,12-31,winter_harbor_open_water,shoulder
frankfort_elberta_mi,Frankfort,MI,chinook_salmon,Chinook salmon,frankfort_elberta_mi/chinook_salmon,01,Jan,01-15,1,none,1,1,1,01-01,none,off_season
frankfort_elberta_mi,Frankfort,MI,chinook_salmon,Chinook salmon,frankfort_elberta_mi/chinook_salmon,02,Feb,02-15,1,none,1,1,1,02-01,none,off_season
frankfort_elberta_mi,Frankfort,MI,chinook_salmon,Chinook salmon,frankfort_elberta_mi/chinook_salmon,03,Mar,03-15,1,none,1,1.112,1.409,03-31,spring_nearshore_transient,off_season
frankfort_elberta_mi,Frankfort,MI,chinook_salmon,Chinook salmon,frankfort_elberta_mi/chinook_salmon,04,Apr,04-15,1.792,spring_nearshore_transient,1.434,1.813,2.226,04-30,spring_nearshore_transient,off_season
frankfort_elberta_mi,Frankfort,MI,chinook_salmon,Chinook salmon,frankfort_elberta_mi/chinook_salmon,05,May,05-15,2.694,spring_nearshore_transient,2.257,2.727,3.207,05-31,spring_nearshore_transient,shoulder
frankfort_elberta_mi,Frankfort,MI,chinook_salmon,Chinook salmon,frankfort_elberta_mi/chinook_salmon,06,Jun,06-15,3.7,spring_nearshore_transient,3.106,3.666,5.077,06-30,summer_coldwater_access,shoulder
frankfort_elberta_mi,Frankfort,MI,chinook_salmon,Chinook salmon,frankfort_elberta_mi/chinook_salmon,07,Jul,07-15,7.24,summer_coldwater_access,5.29,7.112,8.341,07-31,summer_coldwater_access,strong
frankfort_elberta_mi,Frankfort,MI,chinook_salmon,Chinook salmon,frankfort_elberta_mi/chinook_salmon,08,Aug,08-15,9.352,fall_harbor_staging,8.308,8.914,9.7,08-16,fall_harbor_staging,peak
frankfort_elberta_mi,Frankfort,MI,chinook_salmon,Chinook salmon,frankfort_elberta_mi/chinook_salmon,09,Sep,09-15,7.357,fall_harbor_staging,5.213,7.127,8.566,09-01,fall_harbor_staging,peak
frankfort_elberta_mi,Frankfort,MI,chinook_salmon,Chinook salmon,frankfort_elberta_mi/chinook_salmon,10,Oct,10-15,3.151,fall_harbor_staging,1.127,3.049,5.07,10-01,fall_harbor_staging,shoulder
frankfort_elberta_mi,Frankfort,MI,chinook_salmon,Chinook salmon,frankfort_elberta_mi/chinook_salmon,11,Nov,11-15,1,none,1,1,1,11-01,none,off_season
frankfort_elberta_mi,Frankfort,MI,chinook_salmon,Chinook salmon,frankfort_elberta_mi/chinook_salmon,12,Dec,12-15,1,none,1,1,1,12-01,none,off_season
frankfort_elberta_mi,Frankfort,MI,coho_salmon,Coho salmon,frankfort_elberta_mi/coho_salmon,01,Jan,01-15,1,none,1,1,1,01-01,none,off_season
frankfort_elberta_mi,Frankfort,MI,coho_salmon,Coho salmon,frankfort_elberta_mi/coho_salmon,02,Feb,02-15,1,none,1,1.085,1.341,02-28,spring_nearshore,off_season
frankfort_elberta_mi,Frankfort,MI,coho_salmon,Coho salmon,frankfort_elberta_mi/coho_salmon,03,Mar,03-15,1.763,spring_nearshore,1.367,1.809,2.296,03-31,spring_nearshore,off_season
frankfort_elberta_mi,Frankfort,MI,coho_salmon,Coho salmon,frankfort_elberta_mi/coho_salmon,04,Apr,04-15,2.8,spring_nearshore,2.33,2.624,2.8,04-15,spring_nearshore,off_season
frankfort_elberta_mi,Frankfort,MI,coho_salmon,Coho salmon,frankfort_elberta_mi/coho_salmon,05,May,05-15,2.315,spring_nearshore,1.842,2.254,2.565,05-01,spring_nearshore,off_season
frankfort_elberta_mi,Frankfort,MI,coho_salmon,Coho salmon,frankfort_elberta_mi/coho_salmon,06,Jun,06-15,1.411,spring_nearshore,1.411,1.751,2.373,06-30,summer_coldwater_access,off_season
frankfort_elberta_mi,Frankfort,MI,coho_salmon,Coho salmon,frankfort_elberta_mi/coho_salmon,07,Jul,07-15,3.493,summer_coldwater_access,2.442,3.576,4.761,07-31,summer_coldwater_access,shoulder
frankfort_elberta_mi,Frankfort,MI,coho_salmon,Coho salmon,frankfort_elberta_mi/coho_salmon,08,Aug,08-15,6.1,summer_coldwater_access,4.851,5.95,7.317,08-31,fall_harbor_staging,strong
frankfort_elberta_mi,Frankfort,MI,coho_salmon,Coho salmon,frankfort_elberta_mi/coho_salmon,09,Sep,09-15,8.6,fall_harbor_staging,7.403,8.053,8.6,09-15,fall_harbor_staging,peak
frankfort_elberta_mi,Frankfort,MI,coho_salmon,Coho salmon,frankfort_elberta_mi/coho_salmon,10,Oct,10-15,6.553,fall_harbor_staging,4.556,6.295,7.609,10-01,fall_harbor_staging,peak
frankfort_elberta_mi,Frankfort,MI,coho_salmon,Coho salmon,frankfort_elberta_mi/coho_salmon,11,Nov,11-15,2.769,fall_harbor_staging,1.111,2.731,4.431,11-01,fall_harbor_staging,shoulder
frankfort_elberta_mi,Frankfort,MI,coho_salmon,Coho salmon,frankfort_elberta_mi/coho_salmon,12,Dec,12-15,1,none,1,1,1,12-01,none,off_season
frankfort_elberta_mi,Frankfort,MI,steelhead,Steelhead,frankfort_elberta_mi/steelhead,01,Jan,01-15,4.588,winter_spring_thermal_front,4.3,4.608,4.916,01-31,winter_spring_thermal_front,shoulder
frankfort_elberta_mi,Frankfort,MI,steelhead,Steelhead,frankfort_elberta_mi/steelhead,02,Feb,02-15,5.225,winter_spring_thermal_front,4.937,5.214,5.492,02-28,winter_spring_thermal_front,shoulder
frankfort_elberta_mi,Frankfort,MI,steelhead,Steelhead,frankfort_elberta_mi/steelhead,03,Mar,03-15,5.8,winter_spring_thermal_front,5.512,5.9,6.419,03-31,winter_spring_thermal_front,strong
frankfort_elberta_mi,Frankfort,MI,steelhead,Steelhead,frankfort_elberta_mi/steelhead,04,Apr,04-15,7,winter_spring_thermal_front,5.05,6.345,7,04-15,winter_spring_thermal_front,strong
frankfort_elberta_mi,Frankfort,MI,steelhead,Steelhead,frankfort_elberta_mi/steelhead,05,May,05-15,3.1,winter_spring_thermal_front,1.535,3.04,4.92,05-01,winter_spring_thermal_front,shoulder
frankfort_elberta_mi,Frankfort,MI,steelhead,Steelhead,frankfort_elberta_mi/steelhead,06,Jun,06-15,2.781,summer_thermal_break_or_upwelling,1.802,2.84,3.946,06-30,summer_thermal_break_or_upwelling,shoulder
frankfort_elberta_mi,Frankfort,MI,steelhead,Steelhead,frankfort_elberta_mi/steelhead,07,Jul,07-15,5.2,summer_thermal_break_or_upwelling,4.024,4.713,5.2,07-15,summer_thermal_break_or_upwelling,shoulder
frankfort_elberta_mi,Frankfort,MI,steelhead,Steelhead,frankfort_elberta_mi/steelhead,08,Aug,08-15,3.264,summer_thermal_break_or_upwelling,1.88,3.17,4.415,08-01,summer_thermal_break_or_upwelling,shoulder
frankfort_elberta_mi,Frankfort,MI,steelhead,Steelhead,frankfort_elberta_mi/steelhead,09,Sep,09-15,4.08,fall_harbor_staging,2.027,4.29,6.793,09-30,fall_harbor_staging,strong
frankfort_elberta_mi,Frankfort,MI,steelhead,Steelhead,frankfort_elberta_mi/steelhead,10,Oct,10-15,9.61,fall_harbor_staging,6.974,8.71,9.8,10-16,fall_harbor_staging,peak
frankfort_elberta_mi,Frankfort,MI,steelhead,Steelhead,frankfort_elberta_mi/steelhead,11,Nov,11-15,6.208,fall_harbor_staging,3.485,6.072,8.325,11-01,fall_harbor_staging,strong
frankfort_elberta_mi,Frankfort,MI,steelhead,Steelhead,frankfort_elberta_mi/steelhead,12,Dec,12-15,3.152,winter_spring_thermal_front,2.507,3.336,4.3,12-31,winter_spring_thermal_front,shoulder
frankfort_elberta_mi,Frankfort,MI,brown_trout,Brown trout,frankfort_elberta_mi/brown_trout,01,Jan,01-15,5.3,winter_harbor_open_water,4.765,5.049,5.3,01-15,winter_harbor_open_water,strong
frankfort_elberta_mi,Frankfort,MI,brown_trout,Brown trout,frankfort_elberta_mi/brown_trout,02,Feb,02-15,4.263,winter_harbor_open_water,3.828,4.28,4.731,02-01,winter_harbor_open_water,shoulder
frankfort_elberta_mi,Frankfort,MI,brown_trout,Brown trout,frankfort_elberta_mi/brown_trout,03,Mar,03-15,4.407,spring_nearshore,3.275,4.71,6.742,03-31,spring_nearshore,peak
frankfort_elberta_mi,Frankfort,MI,brown_trout,Brown trout,frankfort_elberta_mi/brown_trout,04,Apr,04-15,7.091,spring_nearshore,6.479,7.007,7.5,04-05,spring_nearshore,peak
frankfort_elberta_mi,Frankfort,MI,brown_trout,Brown trout,frankfort_elberta_mi/brown_trout,05,May,05-15,5.677,spring_nearshore,4.418,5.543,6.438,05-01,spring_nearshore,strong
frankfort_elberta_mi,Frankfort,MI,brown_trout,Brown trout,frankfort_elberta_mi/brown_trout,06,Jun,06-15,3.237,spring_nearshore,2.114,3.211,4.339,06-01,spring_nearshore,shoulder
frankfort_elberta_mi,Frankfort,MI,brown_trout,Brown trout,frankfort_elberta_mi/brown_trout,07,Jul,07-15,1,none,1,1.252,2.04,07-01,spring_nearshore,off_season
frankfort_elberta_mi,Frankfort,MI,brown_trout,Brown trout,frankfort_elberta_mi/brown_trout,08,Aug,08-15,1.245,fall_harbor,1,1.263,1.525,08-31,fall_harbor,off_season
frankfort_elberta_mi,Frankfort,MI,brown_trout,Brown trout,frankfort_elberta_mi/brown_trout,09,Sep,09-15,1.796,fall_harbor,1.542,1.813,2.103,09-30,fall_harbor,off_season
frankfort_elberta_mi,Frankfort,MI,brown_trout,Brown trout,frankfort_elberta_mi/brown_trout,10,Oct,10-15,2.41,fall_harbor,2.123,2.435,2.761,10-31,fall_harbor,shoulder
frankfort_elberta_mi,Frankfort,MI,brown_trout,Brown trout,frankfort_elberta_mi/brown_trout,11,Nov,11-15,3.1,fall_harbor,2.783,3.108,3.566,11-30,winter_harbor_open_water,shoulder
frankfort_elberta_mi,Frankfort,MI,brown_trout,Brown trout,frankfort_elberta_mi/brown_trout,12,Dec,12-15,4.197,winter_harbor_open_water,3.608,4.239,4.87,12-31,winter_harbor_open_water,shoulder
sheboygan_wi,Sheboygan,WI,chinook_salmon,Chinook salmon,sheboygan_wi/chinook_salmon,01,Jan,01-15,1,none,1,1,1,01-01,none,off_season
sheboygan_wi,Sheboygan,WI,chinook_salmon,Chinook salmon,sheboygan_wi/chinook_salmon,02,Feb,02-15,1,none,1,1,1,02-01,none,off_season
sheboygan_wi,Sheboygan,WI,chinook_salmon,Chinook salmon,sheboygan_wi/chinook_salmon,03,Mar,03-15,1,none,1,1.054,1.197,03-31,spring_nearshore_transient,off_season
sheboygan_wi,Sheboygan,WI,chinook_salmon,Chinook salmon,sheboygan_wi/chinook_salmon,04,Apr,04-15,1.381,spring_nearshore_transient,1.209,1.391,1.59,04-30,spring_nearshore_transient,off_season
sheboygan_wi,Sheboygan,WI,chinook_salmon,Chinook salmon,sheboygan_wi/chinook_salmon,05,May,05-15,1.816,spring_nearshore_transient,1.605,1.832,2.063,05-31,spring_nearshore_transient,off_season
sheboygan_wi,Sheboygan,WI,chinook_salmon,Chinook salmon,sheboygan_wi/chinook_salmon,06,Jun,06-15,2.3,spring_nearshore_transient,2.078,2.503,3.408,06-30,summer_coldwater_access,shoulder
sheboygan_wi,Sheboygan,WI,chinook_salmon,Chinook salmon,sheboygan_wi/chinook_salmon,07,Jul,07-15,4.873,summer_coldwater_access,3.505,4.981,6.513,07-31,summer_coldwater_access,strong
sheboygan_wi,Sheboygan,WI,chinook_salmon,Chinook salmon,sheboygan_wi/chinook_salmon,08,Aug,08-15,5.805,fall_harbor_staging,5.805,7.299,9.4,08-31,fall_harbor_staging,peak
sheboygan_wi,Sheboygan,WI,chinook_salmon,Chinook salmon,sheboygan_wi/chinook_salmon,09,Sep,09-15,8.14,fall_harbor_staging,6.208,7.997,9.316,09-01,fall_harbor_staging,peak
sheboygan_wi,Sheboygan,WI,chinook_salmon,Chinook salmon,sheboygan_wi/chinook_salmon,10,Oct,10-15,3.688,fall_harbor_staging,1.158,3.563,6.04,10-01,fall_harbor_staging,strong
sheboygan_wi,Sheboygan,WI,chinook_salmon,Chinook salmon,sheboygan_wi/chinook_salmon,11,Nov,11-15,1,none,1,1,1,11-01,none,off_season
sheboygan_wi,Sheboygan,WI,chinook_salmon,Chinook salmon,sheboygan_wi/chinook_salmon,12,Dec,12-15,1,none,1,1,1,12-01,none,off_season
sheboygan_wi,Sheboygan,WI,coho_salmon,Coho salmon,sheboygan_wi/coho_salmon,01,Jan,01-15,1,none,1,1,1,01-01,none,off_season
sheboygan_wi,Sheboygan,WI,coho_salmon,Coho salmon,sheboygan_wi/coho_salmon,02,Feb,02-15,1,none,1,1.341,2.365,02-28,spring_nearshore,off_season
sheboygan_wi,Sheboygan,WI,coho_salmon,Coho salmon,sheboygan_wi/coho_salmon,03,Mar,03-15,4.053,spring_nearshore,2.47,4.236,6.184,03-31,spring_nearshore,strong
sheboygan_wi,Sheboygan,WI,coho_salmon,Coho salmon,sheboygan_wi/coho_salmon,04,Apr,04-15,8.2,spring_nearshore,6.318,7.495,8.2,04-15,spring_nearshore,peak
sheboygan_wi,Sheboygan,WI,coho_salmon,Coho salmon,sheboygan_wi/coho_salmon,05,May,05-15,6.261,spring_nearshore,4.369,6.016,7.261,05-01,spring_nearshore,peak
sheboygan_wi,Sheboygan,WI,coho_salmon,Coho salmon,sheboygan_wi/coho_salmon,06,Jun,06-15,2.646,spring_nearshore,2.4,3.406,4.745,06-30,summer_coldwater_access,shoulder
sheboygan_wi,Sheboygan,WI,coho_salmon,Coho salmon,sheboygan_wi/coho_salmon,07,Jul,07-15,8,summer_coldwater_access,4.961,6.772,8,07-15,summer_coldwater_access,peak
sheboygan_wi,Sheboygan,WI,coho_salmon,Coho salmon,sheboygan_wi/coho_salmon,08,Aug,08-15,3.036,summer_coldwater_access,3.036,4.437,5.856,08-01,summer_coldwater_access,strong
sheboygan_wi,Sheboygan,WI,coho_salmon,Coho salmon,sheboygan_wi/coho_salmon,09,Sep,09-15,7.109,fall_harbor_staging,5.966,6.811,7.4,09-09,fall_harbor_staging,peak
sheboygan_wi,Sheboygan,WI,coho_salmon,Coho salmon,sheboygan_wi/coho_salmon,10,Oct,10-15,5.327,fall_harbor_staging,3.808,5.19,6.332,10-01,fall_harbor_staging,strong
sheboygan_wi,Sheboygan,WI,coho_salmon,Coho salmon,sheboygan_wi/coho_salmon,11,Nov,11-15,2.425,fall_harbor_staging,1.089,2.386,3.713,11-01,fall_harbor_staging,shoulder
sheboygan_wi,Sheboygan,WI,coho_salmon,Coho salmon,sheboygan_wi/coho_salmon,12,Dec,12-15,1,none,1,1,1,12-01,none,off_season
sheboygan_wi,Sheboygan,WI,steelhead,Steelhead,sheboygan_wi/steelhead,01,Jan,01-15,4.767,winter_spring_thermal_front,4.465,4.789,5.112,01-31,winter_spring_thermal_front,strong
sheboygan_wi,Sheboygan,WI,steelhead,Steelhead,sheboygan_wi/steelhead,02,Feb,02-15,5.436,winter_spring_thermal_front,5.134,5.425,5.716,02-28,winter_spring_thermal_front,strong
sheboygan_wi,Sheboygan,WI,steelhead,Steelhead,sheboygan_wi/steelhead,03,Mar,03-15,6.04,winter_spring_thermal_front,5.738,6.145,6.69,03-31,winter_spring_thermal_front,strong
sheboygan_wi,Sheboygan,WI,steelhead,Steelhead,sheboygan_wi/steelhead,04,Apr,04-15,7.3,winter_spring_thermal_front,5.253,6.612,7.3,04-15,winter_spring_thermal_front,peak
sheboygan_wi,Sheboygan,WI,steelhead,Steelhead,sheboygan_wi/steelhead,05,May,05-15,3.205,winter_spring_thermal_front,1.757,3.193,5.116,05-01,winter_spring_thermal_front,strong
sheboygan_wi,Sheboygan,WI,steelhead,Steelhead,sheboygan_wi/steelhead,06,Jun,06-15,3.883,summer_thermal_break_or_upwelling,2.298,3.978,5.77,06-30,summer_thermal_break_or_upwelling,strong
sheboygan_wi,Sheboygan,WI,steelhead,Steelhead,sheboygan_wi/steelhead,07,Jul,07-15,7.8,summer_thermal_break_or_upwelling,5.896,7.011,7.8,07-15,summer_thermal_break_or_upwelling,peak
sheboygan_wi,Sheboygan,WI,steelhead,Steelhead,sheboygan_wi/steelhead,08,Aug,08-15,4.666,summer_thermal_break_or_upwelling,2.36,4.511,6.528,08-01,summer_thermal_break_or_upwelling,strong
sheboygan_wi,Sheboygan,WI,steelhead,Steelhead,sheboygan_wi/steelhead,09,Sep,09-15,3.367,fall_harbor_staging,1.998,3.481,5.249,09-30,fall_harbor_staging,strong
sheboygan_wi,Sheboygan,WI,steelhead,Steelhead,sheboygan_wi/steelhead,10,Oct,10-15,6.427,fall_harbor_staging,5.394,6.083,6.7,10-10,fall_harbor_staging,strong
sheboygan_wi,Sheboygan,WI,steelhead,Steelhead,sheboygan_wi/steelhead,11,Nov,11-15,4.083,fall_harbor_staging,2.52,4.029,5.501,11-01,fall_harbor_staging,strong
sheboygan_wi,Sheboygan,WI,steelhead,Steelhead,sheboygan_wi/steelhead,12,Dec,12-15,3.26,winter_spring_thermal_front,2.317,3.343,4.465,12-31,winter_spring_thermal_front,shoulder
sheboygan_wi,Sheboygan,WI,brown_trout,Brown trout,sheboygan_wi/brown_trout,01,Jan,01-15,5.7,winter_harbor_open_water,5.115,5.426,5.7,01-15,winter_harbor_open_water,strong
sheboygan_wi,Sheboygan,WI,brown_trout,Brown trout,sheboygan_wi/brown_trout,02,Feb,02-15,4.567,winter_harbor_open_water,4.092,4.585,5.079,02-01,winter_harbor_open_water,shoulder
sheboygan_wi,Sheboygan,WI,brown_trout,Brown trout,sheboygan_wi/brown_trout,03,Mar,03-15,3.883,spring_nearshore,3.267,4.311,5.896,03-31,spring_nearshore,strong
sheboygan_wi,Sheboygan,WI,brown_trout,Brown trout,sheboygan_wi/brown_trout,04,Apr,04-15,7.8,spring_nearshore,6.023,7.169,7.8,04-15,spring_nearshore,peak
sheboygan_wi,Sheboygan,WI,brown_trout,Brown trout,sheboygan_wi/brown_trout,05,May,05-15,6.397,spring_nearshore,5.016,6.197,7.052,05-01,spring_nearshore,peak
sheboygan_wi,Sheboygan,WI,brown_trout,Brown trout,sheboygan_wi/brown_trout,06,Jun,06-15,3.636,spring_nearshore,2.306,3.599,4.924,06-01,spring_nearshore,shoulder
sheboygan_wi,Sheboygan,WI,brown_trout,Brown trout,sheboygan_wi/brown_trout,07,Jul,07-15,1,none,1,1.295,2.219,07-01,spring_nearshore,off_season
sheboygan_wi,Sheboygan,WI,brown_trout,Brown trout,sheboygan_wi/brown_trout,08,Aug,08-15,2.072,fall_harbor,1,2.226,3.618,08-31,fall_harbor,shoulder
sheboygan_wi,Sheboygan,WI,brown_trout,Brown trout,sheboygan_wi/brown_trout,09,Sep,09-15,4.341,fall_harbor,3.716,4.178,4.5,09-09,fall_harbor,shoulder
sheboygan_wi,Sheboygan,WI,brown_trout,Brown trout,sheboygan_wi/brown_trout,10,Oct,10-15,3.366,fall_harbor,2.535,3.292,3.916,10-01,fall_harbor,shoulder
sheboygan_wi,Sheboygan,WI,brown_trout,Brown trout,sheboygan_wi/brown_trout,11,Nov,11-15,3.115,winter_harbor_open_water,2.365,3.08,3.805,11-30,winter_harbor_open_water,shoulder
sheboygan_wi,Sheboygan,WI,brown_trout,Brown trout,sheboygan_wi/brown_trout,12,Dec,12-15,4.494,winter_harbor_open_water,3.851,4.54,5.23,12-31,winter_harbor_open_water,strong
port_washington_wi,Port Washington,WI,chinook_salmon,Chinook salmon,port_washington_wi/chinook_salmon,01,Jan,01-15,1,none,1,1,1,01-01,none,off_season
port_washington_wi,Port Washington,WI,chinook_salmon,Chinook salmon,port_washington_wi/chinook_salmon,02,Feb,02-15,1,none,1,1,1,02-01,none,off_season
port_washington_wi,Port Washington,WI,chinook_salmon,Chinook salmon,port_washington_wi/chinook_salmon,03,Mar,03-15,1,none,1,1,1,03-01,none,off_season
port_washington_wi,Port Washington,WI,chinook_salmon,Chinook salmon,port_washington_wi/chinook_salmon,04,Apr,04-15,1,none,1,1,1,04-01,none,off_season
port_washington_wi,Port Washington,WI,chinook_salmon,Chinook salmon,port_washington_wi/chinook_salmon,05,May,05-15,1,none,1,1,1,05-01,none,off_season
port_washington_wi,Port Washington,WI,chinook_salmon,Chinook salmon,port_washington_wi/chinook_salmon,06,Jun,06-15,2.313,summer_coldwater_access,1,2.36,3.736,06-30,summer_coldwater_access,shoulder
port_washington_wi,Port Washington,WI,chinook_salmon,Chinook salmon,port_washington_wi/chinook_salmon,07,Jul,07-15,5.401,summer_coldwater_access,3.847,5.523,7.265,07-31,summer_coldwater_access,strong
port_washington_wi,Port Washington,WI,chinook_salmon,Chinook salmon,port_washington_wi/chinook_salmon,08,Aug,08-15,8.6,fall_harbor_staging,7.388,8.246,8.6,08-15,fall_harbor_staging,peak
port_washington_wi,Port Washington,WI,chinook_salmon,Chinook salmon,port_washington_wi/chinook_salmon,09,Sep,09-15,7.786,fall_harbor_staging,5.611,7.504,8.361,09-01,fall_harbor_staging,peak
port_washington_wi,Port Washington,WI,chinook_salmon,Chinook salmon,port_washington_wi/chinook_salmon,10,Oct,10-15,2.879,fall_harbor_staging,1.111,2.925,5.393,10-01,fall_harbor_staging,shoulder
port_washington_wi,Port Washington,WI,chinook_salmon,Chinook salmon,port_washington_wi/chinook_salmon,11,Nov,11-15,1,none,1,1,1,11-01,none,off_season
port_washington_wi,Port Washington,WI,chinook_salmon,Chinook salmon,port_washington_wi/chinook_salmon,12,Dec,12-15,1,none,1,1,1,12-01,none,off_season
port_washington_wi,Port Washington,WI,coho_salmon,Coho salmon,port_washington_wi/coho_salmon,01,Jan,01-15,1,none,1,1,1,01-01,none,off_season
port_washington_wi,Port Washington,WI,coho_salmon,Coho salmon,port_washington_wi/coho_salmon,02,Feb,02-15,1,none,1,1.328,2.313,02-28,spring_nearshore,off_season
port_washington_wi,Port Washington,WI,coho_salmon,Coho salmon,port_washington_wi/coho_salmon,03,Mar,03-15,3.877,spring_nearshore,2.413,4.067,5.895,03-31,spring_nearshore,strong
port_washington_wi,Port Washington,WI,coho_salmon,Coho salmon,port_washington_wi/coho_salmon,04,Apr,04-15,7.844,spring_nearshore,6.022,7.549,8.5,04-20,spring_nearshore,peak
port_washington_wi,Port Washington,WI,coho_salmon,Coho salmon,port_washington_wi/coho_salmon,05,May,05-15,6.85,spring_nearshore,4.727,6.491,7.774,05-01,spring_nearshore,peak
port_washington_wi,Port Washington,WI,coho_salmon,Coho salmon,port_washington_wi/coho_salmon,06,Jun,06-15,2.8,spring_nearshore,1.96,2.989,4.594,06-01,spring_nearshore,shoulder
port_washington_wi,Port Washington,WI,coho_salmon,Coho salmon,port_washington_wi/coho_salmon,07,Jul,07-15,4.01,summer_coldwater_access,2.688,3.781,4.5,07-20,summer_coldwater_access,shoulder
port_washington_wi,Port Washington,WI,coho_salmon,Coho salmon,port_washington_wi/coho_salmon,08,Aug,08-15,3.091,fall_harbor_staging,2.615,3.895,6.006,08-31,fall_harbor_staging,strong
port_washington_wi,Port Washington,WI,coho_salmon,Coho salmon,port_washington_wi/coho_salmon,09,Sep,09-15,7.025,fall_harbor_staging,6.205,6.829,7.4,09-07,fall_harbor_staging,peak
port_washington_wi,Port Washington,WI,coho_salmon,Coho salmon,port_washington_wi/coho_salmon,10,Oct,10-15,5.232,fall_harbor_staging,3.713,5.105,6.274,10-01,fall_harbor_staging,strong
port_washington_wi,Port Washington,WI,coho_salmon,Coho salmon,port_washington_wi/coho_salmon,11,Nov,11-15,2.365,fall_harbor_staging,1.085,2.329,3.618,11-01,fall_harbor_staging,shoulder
port_washington_wi,Port Washington,WI,coho_salmon,Coho salmon,port_washington_wi/coho_salmon,12,Dec,12-15,1,none,1,1,1,12-01,none,off_season
port_washington_wi,Port Washington,WI,steelhead,Steelhead,port_washington_wi/steelhead,01,Jan,01-15,4.348,winter_spring_thermal_front,4.08,4.368,4.655,01-31,winter_spring_thermal_front,strong
port_washington_wi,Port Washington,WI,steelhead,Steelhead,port_washington_wi/steelhead,02,Feb,02-15,4.943,winter_spring_thermal_front,4.675,4.933,5.192,02-28,winter_spring_thermal_front,strong
port_washington_wi,Port Washington,WI,steelhead,Steelhead,port_washington_wi/steelhead,03,Mar,03-15,5.48,winter_spring_thermal_front,5.212,5.574,6.058,03-31,winter_spring_thermal_front,peak
port_washington_wi,Port Washington,WI,steelhead,Steelhead,port_washington_wi/steelhead,04,Apr,04-15,6.6,winter_spring_thermal_front,4.78,5.988,6.6,04-15,winter_spring_thermal_front,peak
port_washington_wi,Port Washington,WI,steelhead,Steelhead,port_washington_wi/steelhead,05,May,05-15,2.96,winter_spring_thermal_front,1.59,2.932,4.659,05-01,winter_spring_thermal_front,strong
port_washington_wi,Port Washington,WI,steelhead,Steelhead,port_washington_wi/steelhead,06,Jun,06-15,3.247,summer_thermal_break_or_upwelling,2.012,3.321,4.718,06-30,summer_thermal_break_or_upwelling,strong
port_washington_wi,Port Washington,WI,steelhead,Steelhead,port_washington_wi/steelhead,07,Jul,07-15,6.3,summer_thermal_break_or_upwelling,4.816,5.685,6.3,07-15,summer_thermal_break_or_upwelling,peak
port_washington_wi,Port Washington,WI,steelhead,Steelhead,port_washington_wi/steelhead,08,Aug,08-15,3.857,summer_thermal_break_or_upwelling,2.06,3.737,5.309,08-01,summer_thermal_break_or_upwelling,strong
port_washington_wi,Port Washington,WI,steelhead,Steelhead,port_washington_wi/steelhead,09,Sep,09-15,1,none,1,1.159,1.954,09-01,summer_thermal_break_or_upwelling,off_season
port_washington_wi,Port Washington,WI,steelhead,Steelhead,port_washington_wi/steelhead,10,Oct,10-15,1,none,1,1,1,10-01,none,off_season
port_washington_wi,Port Washington,WI,steelhead,Steelhead,port_washington_wi/steelhead,11,Nov,11-15,1,none,1,1.268,2.004,11-30,winter_spring_thermal_front,off_season
port_washington_wi,Port Washington,WI,steelhead,Steelhead,port_washington_wi/steelhead,12,Dec,12-15,3.009,winter_spring_thermal_front,2.071,3.076,4.08,12-31,winter_spring_thermal_front,shoulder
port_washington_wi,Port Washington,WI,brown_trout,Brown trout,port_washington_wi/brown_trout,01,Jan,01-15,4.7,winter_harbor_open_water,4.24,4.484,4.7,01-15,winter_harbor_open_water,shoulder
port_washington_wi,Port Washington,WI,brown_trout,Brown trout,port_washington_wi/brown_trout,02,Feb,02-15,3.808,winter_harbor_open_water,3.434,3.822,4.211,02-01,winter_harbor_open_water,shoulder
port_washington_wi,Port Washington,WI,brown_trout,Brown trout,port_washington_wi/brown_trout,03,Mar,03-15,5.127,spring_nearshore,3.25,5.354,7.919,03-31,spring_nearshore,peak
port_washington_wi,Port Washington,WI,brown_trout,Brown trout,port_washington_wi/brown_trout,04,Apr,04-15,7.509,spring_nearshore,6.876,7.488,8.1,04-01,spring_nearshore,peak
port_washington_wi,Port Washington,WI,brown_trout,Brown trout,port_washington_wi/brown_trout,05,May,05-15,5.952,spring_nearshore,4.612,5.831,6.834,05-01,spring_nearshore,strong
port_washington_wi,Port Washington,WI,brown_trout,Brown trout,port_washington_wi/brown_trout,06,Jun,06-15,3.356,spring_nearshore,2.175,3.333,4.528,06-01,spring_nearshore,shoulder
port_washington_wi,Port Washington,WI,brown_trout,Brown trout,port_washington_wi/brown_trout,07,Jul,07-15,1,none,1,1.265,2.097,07-01,spring_nearshore,off_season
port_washington_wi,Port Washington,WI,brown_trout,Brown trout,port_washington_wi/brown_trout,08,Aug,08-15,1,none,1,1,1,08-01,none,off_season
port_washington_wi,Port Washington,WI,brown_trout,Brown trout,port_washington_wi/brown_trout,09,Sep,09-15,1,none,1,1,1,09-01,none,off_season
port_washington_wi,Port Washington,WI,brown_trout,Brown trout,port_washington_wi/brown_trout,10,Oct,10-15,1,none,1,1.236,1.859,10-31,winter_harbor_open_water,off_season
port_washington_wi,Port Washington,WI,brown_trout,Brown trout,port_washington_wi/brown_trout,11,Nov,11-15,2.665,winter_harbor_open_water,1.913,2.622,3.208,11-30,winter_harbor_open_water,shoulder
port_washington_wi,Port Washington,WI,brown_trout,Brown trout,port_washington_wi/brown_trout,12,Dec,12-15,3.751,winter_harbor_open_water,3.244,3.787,4.33,12-31,winter_harbor_open_water,shoulder
milwaukee_wi,Milwaukee,WI,chinook_salmon,Chinook salmon,milwaukee_wi/chinook_salmon,01,Jan,01-15,1,none,1,1,1,01-01,none,off_season
milwaukee_wi,Milwaukee,WI,chinook_salmon,Chinook salmon,milwaukee_wi/chinook_salmon,02,Feb,02-15,1,none,1,1,1,02-01,none,off_season
milwaukee_wi,Milwaukee,WI,chinook_salmon,Chinook salmon,milwaukee_wi/chinook_salmon,03,Mar,03-15,1,none,1,1,1,03-01,none,off_season
milwaukee_wi,Milwaukee,WI,chinook_salmon,Chinook salmon,milwaukee_wi/chinook_salmon,04,Apr,04-15,1,none,1,1,1,04-01,none,off_season
milwaukee_wi,Milwaukee,WI,chinook_salmon,Chinook salmon,milwaukee_wi/chinook_salmon,05,May,05-15,1,none,1,1,1,05-01,none,off_season
milwaukee_wi,Milwaukee,WI,chinook_salmon,Chinook salmon,milwaukee_wi/chinook_salmon,06,Jun,06-15,2.19,summer_coldwater_access,1,2.233,3.481,06-30,summer_coldwater_access,shoulder
milwaukee_wi,Milwaukee,WI,chinook_salmon,Chinook salmon,milwaukee_wi/chinook_salmon,07,Jul,07-15,4.99,summer_coldwater_access,3.581,5.101,6.68,07-31,summer_coldwater_access,strong
milwaukee_wi,Milwaukee,WI,chinook_salmon,Chinook salmon,milwaukee_wi/chinook_salmon,08,Aug,08-15,7.8,fall_harbor_staging,6.792,7.515,7.8,08-10,summer_coldwater_access,peak
milwaukee_wi,Milwaukee,WI,chinook_salmon,Chinook salmon,milwaukee_wi/chinook_salmon,09,Sep,09-15,7.071,fall_harbor_staging,5.125,6.819,7.586,09-01,fall_harbor_staging,peak
milwaukee_wi,Milwaukee,WI,chinook_salmon,Chinook salmon,milwaukee_wi/chinook_salmon,10,Oct,10-15,2.681,fall_harbor_staging,1.099,2.722,4.93,10-01,fall_harbor_staging,shoulder
milwaukee_wi,Milwaukee,WI,chinook_salmon,Chinook salmon,milwaukee_wi/chinook_salmon,11,Nov,11-15,1,none,1,1,1,11-01,none,off_season
milwaukee_wi,Milwaukee,WI,chinook_salmon,Chinook salmon,milwaukee_wi/chinook_salmon,12,Dec,12-15,1,none,1,1,1,12-01,none,off_season
milwaukee_wi,Milwaukee,WI,coho_salmon,Coho salmon,milwaukee_wi/coho_salmon,01,Jan,01-15,1,none,1,1,1,01-01,none,off_season
milwaukee_wi,Milwaukee,WI,coho_salmon,Coho salmon,milwaukee_wi/coho_salmon,02,Feb,02-15,1,none,1,1.216,1.862,02-28,spring_nearshore,off_season
milwaukee_wi,Milwaukee,WI,coho_salmon,Coho salmon,milwaukee_wi/coho_salmon,03,Mar,03-15,2.857,spring_nearshore,1.928,2.933,4.004,03-31,spring_nearshore,shoulder
milwaukee_wi,Milwaukee,WI,coho_salmon,Coho salmon,milwaukee_wi/coho_salmon,04,Apr,04-15,5.215,spring_nearshore,4.085,5.257,6.447,04-30,spring_nearshore,strong
milwaukee_wi,Milwaukee,WI,coho_salmon,Coho salmon,milwaukee_wi/coho_salmon,05,May,05-15,7.762,spring_nearshore,6.535,7.422,8.2,05-20,spring_nearshore,peak
milwaukee_wi,Milwaukee,WI,coho_salmon,Coho salmon,milwaukee_wi/coho_salmon,06,Jun,06-15,4.132,spring_nearshore,2.214,4.198,6.842,06-01,spring_nearshore,strong
milwaukee_wi,Milwaukee,WI,coho_salmon,Coho salmon,milwaukee_wi/coho_salmon,07,Jul,07-15,4.182,summer_coldwater_access,2.784,3.94,4.7,07-20,summer_coldwater_access,shoulder
milwaukee_wi,Milwaukee,WI,coho_salmon,Coho salmon,milwaukee_wi/coho_salmon,08,Aug,08-15,3.058,fall_harbor_staging,2.617,3.907,5.928,08-31,fall_harbor_staging,strong
milwaukee_wi,Milwaukee,WI,coho_salmon,Coho salmon,milwaukee_wi/coho_salmon,09,Sep,09-15,7.3,fall_harbor_staging,6.124,7.119,7.3,09-07,fall_harbor_staging,peak
milwaukee_wi,Milwaukee,WI,coho_salmon,Coho salmon,milwaukee_wi/coho_salmon,10,Oct,10-15,5.536,fall_harbor_staging,3.783,5.354,6.771,10-01,fall_harbor_staging,strong
milwaukee_wi,Milwaukee,WI,coho_salmon,Coho salmon,milwaukee_wi/coho_salmon,11,Nov,11-15,2.344,fall_harbor_staging,1.084,2.32,3.673,11-01,fall_harbor_staging,shoulder
milwaukee_wi,Milwaukee,WI,coho_salmon,Coho salmon,milwaukee_wi/coho_salmon,12,Dec,12-15,1,none,1,1,1,12-01,none,off_season
milwaukee_wi,Milwaukee,WI,steelhead,Steelhead,milwaukee_wi/steelhead,01,Jan,01-15,3.87,winter_spring_thermal_front,3.64,3.887,4.133,01-31,winter_spring_thermal_front,strong
milwaukee_wi,Milwaukee,WI,steelhead,Steelhead,milwaukee_wi/steelhead,02,Feb,02-15,4.38,winter_spring_thermal_front,4.15,4.372,4.593,02-28,winter_spring_thermal_front,strong
milwaukee_wi,Milwaukee,WI,steelhead,Steelhead,milwaukee_wi/steelhead,03,Mar,03-15,4.84,winter_spring_thermal_front,4.61,4.92,5.335,03-31,winter_spring_thermal_front,peak
milwaukee_wi,Milwaukee,WI,steelhead,Steelhead,milwaukee_wi/steelhead,04,Apr,04-15,5.8,winter_spring_thermal_front,4.24,5.276,5.8,04-15,winter_spring_thermal_front,peak
milwaukee_wi,Milwaukee,WI,steelhead,Steelhead,milwaukee_wi/steelhead,05,May,05-15,2.68,winter_spring_thermal_front,1.501,2.655,4.136,05-01,winter_spring_thermal_front,strong
milwaukee_wi,Milwaukee,WI,steelhead,Steelhead,milwaukee_wi/steelhead,06,Jun,06-15,2.908,summer_thermal_break_or_upwelling,1.859,2.971,4.157,06-30,summer_thermal_break_or_upwelling,strong
milwaukee_wi,Milwaukee,WI,steelhead,Steelhead,milwaukee_wi/steelhead,07,Jul,07-15,5.5,summer_thermal_break_or_upwelling,4.24,4.978,5.5,07-15,summer_thermal_break_or_upwelling,peak
milwaukee_wi,Milwaukee,WI,steelhead,Steelhead,milwaukee_wi/steelhead,08,Aug,08-15,3.426,summer_thermal_break_or_upwelling,1.9,3.323,4.659,08-01,summer_thermal_break_or_upwelling,strong
milwaukee_wi,Milwaukee,WI,steelhead,Steelhead,milwaukee_wi/steelhead,09,Sep,09-15,1,none,1,1.135,1.81,09-01,summer_thermal_break_or_upwelling,off_season
milwaukee_wi,Milwaukee,WI,steelhead,Steelhead,milwaukee_wi/steelhead,10,Oct,10-15,1,none,1,1,1,10-01,none,off_season
milwaukee_wi,Milwaukee,WI,steelhead,Steelhead,milwaukee_wi/steelhead,11,Nov,11-15,1,none,1,1.23,1.861,11-30,winter_spring_thermal_front,off_season
milwaukee_wi,Milwaukee,WI,steelhead,Steelhead,milwaukee_wi/steelhead,12,Dec,12-15,2.722,winter_spring_thermal_front,1.918,2.779,3.64,12-31,winter_spring_thermal_front,shoulder
milwaukee_wi,Milwaukee,WI,brown_trout,Brown trout,milwaukee_wi/brown_trout,01,Jan,01-15,4.3,winter_harbor_open_water,3.889,4.108,4.3,01-15,winter_harbor_open_water,shoulder
milwaukee_wi,Milwaukee,WI,brown_trout,Brown trout,milwaukee_wi/brown_trout,02,Feb,02-15,3.504,winter_harbor_open_water,3.171,3.517,3.864,02-01,winter_harbor_open_water,shoulder
milwaukee_wi,Milwaukee,WI,brown_trout,Brown trout,milwaukee_wi/brown_trout,03,Mar,03-15,4.72,spring_nearshore,3.007,4.922,7.237,03-31,spring_nearshore,peak
milwaukee_wi,Milwaukee,WI,brown_trout,Brown trout,milwaukee_wi/brown_trout,04,Apr,04-15,6.867,spring_nearshore,6.296,6.848,7.4,04-01,spring_nearshore,peak
milwaukee_wi,Milwaukee,WI,brown_trout,Brown trout,milwaukee_wi/brown_trout,05,May,05-15,5.464,spring_nearshore,4.256,5.354,6.258,05-01,spring_nearshore,strong
milwaukee_wi,Milwaukee,WI,brown_trout,Brown trout,milwaukee_wi/brown_trout,06,Jun,06-15,3.123,spring_nearshore,2.059,3.103,4.18,06-01,spring_nearshore,shoulder
milwaukee_wi,Milwaukee,WI,brown_trout,Brown trout,milwaukee_wi/brown_trout,07,Jul,07-15,1,none,1,1.239,1.989,07-01,spring_nearshore,off_season
milwaukee_wi,Milwaukee,WI,brown_trout,Brown trout,milwaukee_wi/brown_trout,08,Aug,08-15,1,none,1,1,1,08-01,none,off_season
milwaukee_wi,Milwaukee,WI,brown_trout,Brown trout,milwaukee_wi/brown_trout,09,Sep,09-15,1,none,1,1,1,09-01,none,off_season
milwaukee_wi,Milwaukee,WI,brown_trout,Brown trout,milwaukee_wi/brown_trout,10,Oct,10-15,1,none,1,1.21,1.766,10-31,winter_harbor_open_water,off_season
milwaukee_wi,Milwaukee,WI,brown_trout,Brown trout,milwaukee_wi/brown_trout,11,Nov,11-15,2.485,winter_harbor_open_water,1.814,2.446,2.969,11-30,winter_harbor_open_water,shoulder
milwaukee_wi,Milwaukee,WI,brown_trout,Brown trout,milwaukee_wi/brown_trout,12,Dec,12-15,3.453,winter_harbor_open_water,3.002,3.486,3.97,12-31,winter_harbor_open_water,shoulder
racine_wi,Racine,WI,chinook_salmon,Chinook salmon,racine_wi/chinook_salmon,01,Jan,01-15,1,none,1,1,1,01-01,none,off_season
racine_wi,Racine,WI,chinook_salmon,Chinook salmon,racine_wi/chinook_salmon,02,Feb,02-15,1,none,1,1,1,02-01,none,off_season
racine_wi,Racine,WI,chinook_salmon,Chinook salmon,racine_wi/chinook_salmon,03,Mar,03-15,1,none,1,1,1,03-01,none,off_season
racine_wi,Racine,WI,chinook_salmon,Chinook salmon,racine_wi/chinook_salmon,04,Apr,04-15,1,none,1,1,1,04-01,none,off_season
racine_wi,Racine,WI,chinook_salmon,Chinook salmon,racine_wi/chinook_salmon,05,May,05-15,1,none,1,1,1,05-01,none,off_season
racine_wi,Racine,WI,chinook_salmon,Chinook salmon,racine_wi/chinook_salmon,06,Jun,06-15,2.225,summer_coldwater_access,1,2.269,3.554,06-30,summer_coldwater_access,shoulder
racine_wi,Racine,WI,chinook_salmon,Chinook salmon,racine_wi/chinook_salmon,07,Jul,07-15,5.108,summer_coldwater_access,3.657,5.222,6.847,07-31,summer_coldwater_access,strong
racine_wi,Racine,WI,chinook_salmon,Chinook salmon,racine_wi/chinook_salmon,08,Aug,08-15,8.1,fall_harbor_staging,6.962,7.571,8.1,08-15,fall_harbor_staging,peak
racine_wi,Racine,WI,chinook_salmon,Chinook salmon,racine_wi/chinook_salmon,09,Sep,09-15,6.088,fall_harbor_staging,4.398,5.931,7.117,09-01,fall_harbor_staging,peak
racine_wi,Racine,WI,chinook_salmon,Chinook salmon,racine_wi/chinook_salmon,10,Oct,10-15,2.756,fall_harbor_staging,1.103,2.666,4.286,10-01,fall_harbor_staging,shoulder
racine_wi,Racine,WI,chinook_salmon,Chinook salmon,racine_wi/chinook_salmon,11,Nov,11-15,1,none,1,1,1,11-01,none,off_season
racine_wi,Racine,WI,chinook_salmon,Chinook salmon,racine_wi/chinook_salmon,12,Dec,12-15,1,none,1,1,1,12-01,none,off_season
racine_wi,Racine,WI,coho_salmon,Coho salmon,racine_wi/coho_salmon,01,Jan,01-15,1,none,1,1,1,01-01,none,off_season
racine_wi,Racine,WI,coho_salmon,Coho salmon,racine_wi/coho_salmon,02,Feb,02-15,1,none,1,1.328,2.313,02-28,spring_nearshore,off_season
racine_wi,Racine,WI,coho_salmon,Coho salmon,racine_wi/coho_salmon,03,Mar,03-15,3.877,spring_nearshore,2.413,4.067,5.895,03-31,spring_nearshore,strong
racine_wi,Racine,WI,coho_salmon,Coho salmon,racine_wi/coho_salmon,04,Apr,04-15,7.844,spring_nearshore,6.022,7.549,8.5,04-20,spring_nearshore,peak
racine_wi,Racine,WI,coho_salmon,Coho salmon,racine_wi/coho_salmon,05,May,05-15,6.85,spring_nearshore,4.727,6.491,7.774,05-01,spring_nearshore,peak
racine_wi,Racine,WI,coho_salmon,Coho salmon,racine_wi/coho_salmon,06,Jun,06-15,2.8,spring_nearshore,2.08,3.073,4.594,06-01,spring_nearshore,shoulder
racine_wi,Racine,WI,coho_salmon,Coho salmon,racine_wi/coho_salmon,07,Jul,07-15,4.698,summer_coldwater_access,3.073,4.417,5.3,07-20,summer_coldwater_access,shoulder
racine_wi,Racine,WI,coho_salmon,Coho salmon,racine_wi/coho_salmon,08,Aug,08-15,3.352,fall_harbor_staging,2.848,4.338,6.632,08-31,fall_harbor_staging,strong
racine_wi,Racine,WI,coho_salmon,Coho salmon,racine_wi/coho_salmon,09,Sep,09-15,7.778,fall_harbor_staging,6.856,7.557,8.2,09-07,fall_harbor_staging,peak
racine_wi,Racine,WI,coho_salmon,Coho salmon,racine_wi/coho_salmon,10,Oct,10-15,5.761,fall_harbor_staging,4.052,5.618,6.933,10-01,fall_harbor_staging,strong
racine_wi,Racine,WI,coho_salmon,Coho salmon,racine_wi/coho_salmon,11,Nov,11-15,2.536,fall_harbor_staging,1.096,2.496,3.945,11-01,fall_harbor_staging,shoulder
racine_wi,Racine,WI,coho_salmon,Coho salmon,racine_wi/coho_salmon,12,Dec,12-15,1,none,1,1,1,12-01,none,off_season
racine_wi,Racine,WI,steelhead,Steelhead,racine_wi/steelhead,01,Jan,01-15,4.647,winter_spring_thermal_front,4.355,4.668,4.982,01-31,winter_spring_thermal_front,shoulder
racine_wi,Racine,WI,steelhead,Steelhead,racine_wi/steelhead,02,Feb,02-15,5.295,winter_spring_thermal_front,5.003,5.285,5.567,02-28,winter_spring_thermal_front,strong
racine_wi,Racine,WI,steelhead,Steelhead,racine_wi/steelhead,03,Mar,03-15,5.88,winter_spring_thermal_front,5.588,5.982,6.51,03-31,winter_spring_thermal_front,strong
racine_wi,Racine,WI,steelhead,Steelhead,racine_wi/steelhead,04,Apr,04-15,7.1,winter_spring_thermal_front,5.117,6.434,7.1,04-15,winter_spring_thermal_front,peak
racine_wi,Racine,WI,steelhead,Steelhead,racine_wi/steelhead,05,May,05-15,3.135,winter_spring_thermal_front,1.746,3.126,4.985,05-01,winter_spring_thermal_front,shoulder
racine_wi,Racine,WI,steelhead,Steelhead,racine_wi/steelhead,06,Jun,06-15,3.841,summer_thermal_break_or_upwelling,2.279,3.935,5.7,06-30,summer_thermal_break_or_upwelling,strong
racine_wi,Racine,WI,steelhead,Steelhead,racine_wi/steelhead,07,Jul,07-15,7.7,summer_thermal_break_or_upwelling,5.824,6.923,7.7,07-15,summer_thermal_break_or_upwelling,peak
racine_wi,Racine,WI,steelhead,Steelhead,racine_wi/steelhead,08,Aug,08-15,4.612,summer_thermal_break_or_upwelling,2.512,4.476,6.447,08-01,summer_thermal_break_or_upwelling,strong
racine_wi,Racine,WI,steelhead,Steelhead,racine_wi/steelhead,09,Sep,09-15,2.925,fall_harbor_staging,2.738,2.919,3.1,09-01,fall_harbor_staging,shoulder
racine_wi,Racine,WI,steelhead,Steelhead,racine_wi/steelhead,10,Oct,10-15,2.465,fall_harbor_staging,2.068,2.429,2.725,10-01,fall_harbor_staging,shoulder
racine_wi,Racine,WI,steelhead,Steelhead,racine_wi/steelhead,11,Nov,11-15,1.697,fall_harbor_staging,1.533,1.799,2.094,11-30,winter_spring_thermal_front,off_season
racine_wi,Racine,WI,steelhead,Steelhead,racine_wi/steelhead,12,Dec,12-15,3.188,winter_spring_thermal_front,2.167,3.261,4.355,12-31,winter_spring_thermal_front,shoulder
racine_wi,Racine,WI,brown_trout,Brown trout,racine_wi/brown_trout,01,Jan,01-15,4.2,winter_harbor_open_water,3.802,4.013,4.2,01-15,winter_harbor_open_water,shoulder
racine_wi,Racine,WI,brown_trout,Brown trout,racine_wi/brown_trout,02,Feb,02-15,3.428,winter_harbor_open_water,3.105,3.441,3.777,02-01,winter_harbor_open_water,shoulder
racine_wi,Racine,WI,brown_trout,Brown trout,racine_wi/brown_trout,03,Mar,03-15,4.662,spring_nearshore,2.96,4.859,7.14,03-31,spring_nearshore,peak
racine_wi,Racine,WI,brown_trout,Brown trout,racine_wi/brown_trout,04,Apr,04-15,6.776,spring_nearshore,6.214,6.757,7.3,04-01,spring_nearshore,peak
racine_wi,Racine,WI,brown_trout,Brown trout,racine_wi/brown_trout,05,May,05-15,5.394,spring_nearshore,4.205,5.286,6.176,05-01,spring_nearshore,strong
racine_wi,Racine,WI,brown_trout,Brown trout,racine_wi/brown_trout,06,Jun,06-15,3.09,spring_nearshore,2.043,3.07,4.131,06-01,spring_nearshore,shoulder
racine_wi,Racine,WI,brown_trout,Brown trout,racine_wi/brown_trout,07,Jul,07-15,1,none,1,1.235,1.973,07-01,spring_nearshore,off_season
racine_wi,Racine,WI,brown_trout,Brown trout,racine_wi/brown_trout,08,Aug,08-15,1,none,1,1,1,08-01,none,off_season
racine_wi,Racine,WI,brown_trout,Brown trout,racine_wi/brown_trout,09,Sep,09-15,1,none,1,1,1,09-01,none,off_season
racine_wi,Racine,WI,brown_trout,Brown trout,racine_wi/brown_trout,10,Oct,10-15,1,none,1,1.204,1.743,10-31,winter_harbor_open_water,off_season
racine_wi,Racine,WI,brown_trout,Brown trout,racine_wi/brown_trout,11,Nov,11-15,2.44,winter_harbor_open_water,1.79,2.403,2.91,11-30,winter_harbor_open_water,shoulder
racine_wi,Racine,WI,brown_trout,Brown trout,racine_wi/brown_trout,12,Dec,12-15,3.379,winter_harbor_open_water,2.941,3.41,3.88,12-31,winter_harbor_open_water,shoulder
kenosha_wi,Kenosha,WI,chinook_salmon,Chinook salmon,kenosha_wi/chinook_salmon,01,Jan,01-15,1,none,1,1,1,01-01,none,off_season
kenosha_wi,Kenosha,WI,chinook_salmon,Chinook salmon,kenosha_wi/chinook_salmon,02,Feb,02-15,1,none,1,1,1,02-01,none,off_season
kenosha_wi,Kenosha,WI,chinook_salmon,Chinook salmon,kenosha_wi/chinook_salmon,03,Mar,03-15,1,none,1,1,1,03-01,none,off_season
kenosha_wi,Kenosha,WI,chinook_salmon,Chinook salmon,kenosha_wi/chinook_salmon,04,Apr,04-15,1,none,1,1,1,04-01,none,off_season
kenosha_wi,Kenosha,WI,chinook_salmon,Chinook salmon,kenosha_wi/chinook_salmon,05,May,05-15,1,none,1,1,1,05-01,none,off_season
kenosha_wi,Kenosha,WI,chinook_salmon,Chinook salmon,kenosha_wi/chinook_salmon,06,Jun,06-15,2.103,summer_coldwater_access,1,2.142,3.298,06-30,summer_coldwater_access,shoulder
kenosha_wi,Kenosha,WI,chinook_salmon,Chinook salmon,kenosha_wi/chinook_salmon,07,Jul,07-15,4.697,summer_coldwater_access,3.391,4.8,6.262,07-31,summer_coldwater_access,strong
kenosha_wi,Kenosha,WI,chinook_salmon,Chinook salmon,kenosha_wi/chinook_salmon,08,Aug,08-15,7.4,fall_harbor_staging,6.366,6.919,7.4,08-15,fall_harbor_staging,peak
kenosha_wi,Kenosha,WI,chinook_salmon,Chinook salmon,kenosha_wi/chinook_salmon,09,Sep,09-15,5.586,fall_harbor_staging,4.063,5.445,6.513,09-01,fall_harbor_staging,peak
kenosha_wi,Kenosha,WI,chinook_salmon,Chinook salmon,kenosha_wi/chinook_salmon,10,Oct,10-15,2.583,fall_harbor_staging,1.093,2.502,3.962,10-01,fall_harbor_staging,shoulder
kenosha_wi,Kenosha,WI,chinook_salmon,Chinook salmon,kenosha_wi/chinook_salmon,11,Nov,11-15,1,none,1,1,1,11-01,none,off_season
kenosha_wi,Kenosha,WI,chinook_salmon,Chinook salmon,kenosha_wi/chinook_salmon,12,Dec,12-15,1,none,1,1,1,12-01,none,off_season
kenosha_wi,Kenosha,WI,coho_salmon,Coho salmon,kenosha_wi/coho_salmon,01,Jan,01-15,1,none,1,1,1,01-01,none,off_season
kenosha_wi,Kenosha,WI,coho_salmon,Coho salmon,kenosha_wi/coho_salmon,02,Feb,02-15,1,none,1,1.333,2.33,02-28,spring_nearshore,off_season
kenosha_wi,Kenosha,WI,coho_salmon,Coho salmon,kenosha_wi/coho_salmon,03,Mar,03-15,3.916,spring_nearshore,2.432,4.108,5.961,03-31,spring_nearshore,strong
kenosha_wi,Kenosha,WI,coho_salmon,Coho salmon,kenosha_wi/coho_salmon,04,Apr,04-15,7.935,spring_nearshore,6.089,7.636,8.6,04-20,spring_nearshore,peak
kenosha_wi,Kenosha,WI,coho_salmon,Coho salmon,kenosha_wi/coho_salmon,05,May,05-15,6.928,spring_nearshore,4.777,6.565,7.864,05-01,spring_nearshore,peak
kenosha_wi,Kenosha,WI,coho_salmon,Coho salmon,kenosha_wi/coho_salmon,06,Jun,06-15,2.824,spring_nearshore,1.997,3.041,4.642,06-01,spring_nearshore,shoulder
kenosha_wi,Kenosha,WI,coho_salmon,Coho salmon,kenosha_wi/coho_salmon,07,Jul,07-15,4.268,summer_coldwater_access,2.832,4.02,4.8,07-20,summer_coldwater_access,shoulder
kenosha_wi,Kenosha,WI,coho_salmon,Coho salmon,kenosha_wi/coho_salmon,08,Aug,08-15,2.927,fall_harbor_staging,2.619,3.801,5.615,08-31,fall_harbor_staging,strong
kenosha_wi,Kenosha,WI,coho_salmon,Coho salmon,kenosha_wi/coho_salmon,09,Sep,09-15,6.554,fall_harbor_staging,5.799,6.373,6.9,09-07,fall_harbor_staging,strong
kenosha_wi,Kenosha,WI,coho_salmon,Coho salmon,kenosha_wi/coho_salmon,10,Oct,10-15,4.902,fall_harbor_staging,3.501,4.784,5.862,10-01,fall_harbor_staging,strong
kenosha_wi,Kenosha,WI,coho_salmon,Coho salmon,kenosha_wi/coho_salmon,11,Nov,11-15,2.259,fall_harbor_staging,1.079,2.226,3.413,11-01,fall_harbor_staging,shoulder
kenosha_wi,Kenosha,WI,coho_salmon,Coho salmon,kenosha_wi/coho_salmon,12,Dec,12-15,1,none,1,1,1,12-01,none,off_season
kenosha_wi,Kenosha,WI,steelhead,Steelhead,kenosha_wi/steelhead,01,Jan,01-15,3.751,winter_spring_thermal_front,3.53,3.766,4.003,01-31,winter_spring_thermal_front,strong
kenosha_wi,Kenosha,WI,steelhead,Steelhead,kenosha_wi/steelhead,02,Feb,02-15,4.239,winter_spring_thermal_front,4.018,4.231,4.444,02-28,winter_spring_thermal_front,strong
kenosha_wi,Kenosha,WI,steelhead,Steelhead,kenosha_wi/steelhead,03,Mar,03-15,4.68,winter_spring_thermal_front,4.459,4.757,5.155,03-31,winter_spring_thermal_front,peak
kenosha_wi,Kenosha,WI,steelhead,Steelhead,kenosha_wi/steelhead,04,Apr,04-15,5.6,winter_spring_thermal_front,4.105,5.097,5.6,04-15,winter_spring_thermal_front,peak
kenosha_wi,Kenosha,WI,steelhead,Steelhead,kenosha_wi/steelhead,05,May,05-15,2.61,winter_spring_thermal_front,1.501,2.59,4.005,05-01,winter_spring_thermal_front,strong
kenosha_wi,Kenosha,WI,steelhead,Steelhead,kenosha_wi/steelhead,06,Jun,06-15,2.908,summer_thermal_break_or_upwelling,1.859,2.971,4.157,06-30,summer_thermal_break_or_upwelling,strong
kenosha_wi,Kenosha,WI,steelhead,Steelhead,kenosha_wi/steelhead,07,Jul,07-15,5.5,summer_thermal_break_or_upwelling,4.24,4.978,5.5,07-15,summer_thermal_break_or_upwelling,peak
kenosha_wi,Kenosha,WI,steelhead,Steelhead,kenosha_wi/steelhead,08,Aug,08-15,3.426,summer_thermal_break_or_upwelling,2.08,3.339,4.659,08-01,summer_thermal_break_or_upwelling,strong
kenosha_wi,Kenosha,WI,steelhead,Steelhead,kenosha_wi/steelhead,09,Sep,09-15,2.375,fall_harbor_staging,2.241,2.371,2.5,09-01,fall_harbor_staging,shoulder
kenosha_wi,Kenosha,WI,steelhead,Steelhead,kenosha_wi/steelhead,10,Oct,10-15,2.046,fall_harbor_staging,1.763,2.021,2.232,10-01,fall_harbor_staging,shoulder
kenosha_wi,Kenosha,WI,steelhead,Steelhead,kenosha_wi/steelhead,11,Nov,11-15,1.498,fall_harbor_staging,1.385,1.58,1.825,11-30,winter_spring_thermal_front,off_season
kenosha_wi,Kenosha,WI,steelhead,Steelhead,kenosha_wi/steelhead,12,Dec,12-15,2.65,winter_spring_thermal_front,1.88,2.705,3.53,12-31,winter_spring_thermal_front,shoulder
kenosha_wi,Kenosha,WI,brown_trout,Brown trout,kenosha_wi/brown_trout,01,Jan,01-15,3.8,winter_harbor_open_water,3.452,3.637,3.8,01-15,winter_harbor_open_water,shoulder
kenosha_wi,Kenosha,WI,brown_trout,Brown trout,kenosha_wi/brown_trout,02,Feb,02-15,3.125,winter_harbor_open_water,2.842,3.136,3.43,02-01,winter_harbor_open_water,shoulder
kenosha_wi,Kenosha,WI,brown_trout,Brown trout,kenosha_wi/brown_trout,03,Mar,03-15,4.139,spring_nearshore,2.703,4.31,6.263,03-31,spring_nearshore,peak
kenosha_wi,Kenosha,WI,brown_trout,Brown trout,kenosha_wi/brown_trout,04,Apr,04-15,5.95,spring_nearshore,5.469,5.934,6.4,04-01,spring_nearshore,peak
kenosha_wi,Kenosha,WI,brown_trout,Brown trout,kenosha_wi/brown_trout,05,May,05-15,4.766,spring_nearshore,3.747,4.674,5.437,05-01,spring_nearshore,strong
kenosha_wi,Kenosha,WI,brown_trout,Brown trout,kenosha_wi/brown_trout,06,Jun,06-15,2.792,spring_nearshore,1.894,2.774,3.683,06-01,spring_nearshore,shoulder
kenosha_wi,Kenosha,WI,brown_trout,Brown trout,kenosha_wi/brown_trout,07,Jul,07-15,1,none,1,1.202,1.834,07-01,spring_nearshore,off_season
kenosha_wi,Kenosha,WI,brown_trout,Brown trout,kenosha_wi/brown_trout,08,Aug,08-15,1,none,1,1,1,08-01,none,off_season
kenosha_wi,Kenosha,WI,brown_trout,Brown trout,kenosha_wi/brown_trout,09,Sep,09-15,1,none,1,1,1,09-01,none,off_season
kenosha_wi,Kenosha,WI,brown_trout,Brown trout,kenosha_wi/brown_trout,10,Oct,10-15,1,none,1,1.178,1.65,10-31,winter_harbor_open_water,off_season
kenosha_wi,Kenosha,WI,brown_trout,Brown trout,kenosha_wi/brown_trout,11,Nov,11-15,2.26,winter_harbor_open_water,1.691,2.227,2.671,11-30,winter_harbor_open_water,shoulder
kenosha_wi,Kenosha,WI,brown_trout,Brown trout,kenosha_wi/brown_trout,12,Dec,12-15,3.082,winter_harbor_open_water,2.698,3.109,3.52,12-31,winter_harbor_open_water,shoulder
ludington_mi,Ludington,MI,lake_trout,Lake trout,ludington_mi/lake_trout,01,Jan,01-15,2.593,cold_season_nearshore,2.54,2.63,2.742,01-01,cold_season_nearshore,strong
ludington_mi,Ludington,MI,lake_trout,Lake trout,ludington_mi/lake_trout,02,Feb,02-15,2.85,cold_season_nearshore,2.683,2.844,3.005,02-28,cold_season_nearshore,strong
ludington_mi,Ludington,MI,lake_trout,Lake trout,ludington_mi/lake_trout,03,Mar,03-15,3.184,cold_season_nearshore,2.697,3.01,3.184,03-15,cold_season_nearshore,strong
ludington_mi,Ludington,MI,lake_trout,Lake trout,ludington_mi/lake_trout,04,Apr,04-15,2.241,cold_season_nearshore,1.784,2.225,2.667,04-01,cold_season_nearshore,shoulder
ludington_mi,Ludington,MI,lake_trout,Lake trout,ludington_mi/lake_trout,05,May,05-15,1.488,summer_coldwater_access,1.453,1.689,2.045,05-31,summer_coldwater_access,shoulder
ludington_mi,Ludington,MI,lake_trout,Lake trout,ludington_mi/lake_trout,06,Jun,06-15,2.554,summer_coldwater_access,2.08,2.571,3.062,06-30,summer_coldwater_access,strong
ludington_mi,Ludington,MI,lake_trout,Lake trout,ludington_mi/lake_trout,07,Jul,07-15,3.268,summer_coldwater_access,2.847,3.155,3.4,07-10,summer_coldwater_access,peak
ludington_mi,Ludington,MI,lake_trout,Lake trout,ludington_mi/lake_trout,08,Aug,08-15,2.452,summer_coldwater_access,1.762,2.373,2.82,08-01,summer_coldwater_access,strong
ludington_mi,Ludington,MI,lake_trout,Lake trout,ludington_mi/lake_trout,09,Sep,09-15,1,none,1,1.318,1.711,09-01,summer_coldwater_access,shoulder
ludington_mi,Ludington,MI,lake_trout,Lake trout,ludington_mi/lake_trout,10,Oct,10-15,2.96,cold_season_nearshore,1.56,2.915,3.8,10-25,cold_season_nearshore,peak
ludington_mi,Ludington,MI,lake_trout,Lake trout,ludington_mi/lake_trout,11,Nov,11-15,3.24,cold_season_nearshore,3.081,3.291,3.613,11-01,cold_season_nearshore,peak
ludington_mi,Ludington,MI,lake_trout,Lake trout,ludington_mi/lake_trout,12,Dec,12-15,2.922,cold_season_nearshore,2.752,2.911,3.07,12-01,cold_season_nearshore,strong
ludington_mi,Ludington,MI,freshwater_drum,Freshwater drum,ludington_mi/freshwater_drum,01,Jan,01-15,1,none,1,1,1,01-01,none,off_season
ludington_mi,Ludington,MI,freshwater_drum,Freshwater drum,ludington_mi/freshwater_drum,02,Feb,02-15,1,none,1,1,1,02-01,none,off_season
ludington_mi,Ludington,MI,freshwater_drum,Freshwater drum,ludington_mi/freshwater_drum,03,Mar,03-15,1,none,1,1,1,03-01,none,off_season
ludington_mi,Ludington,MI,freshwater_drum,Freshwater drum,ludington_mi/freshwater_drum,04,Apr,04-15,1.741,warm_season_bottom_fishery,1,1.768,2.535,04-30,warm_season_bottom_fishery,shoulder
ludington_mi,Ludington,MI,freshwater_drum,Freshwater drum,ludington_mi/freshwater_drum,05,May,05-15,3.244,warm_season_bottom_fishery,2.588,3.286,3.956,05-31,warm_season_bottom_fishery,strong
ludington_mi,Ludington,MI,freshwater_drum,Freshwater drum,ludington_mi/freshwater_drum,06,Jun,06-15,4.486,warm_season_bottom_fishery,4,4.453,4.743,06-30,warm_season_bottom_fishery,peak
ludington_mi,Ludington,MI,freshwater_drum,Freshwater drum,ludington_mi/freshwater_drum,07,Jul,07-15,5,warm_season_bottom_fishery,4.76,4.899,5,07-15,warm_season_bottom_fishery,peak
ludington_mi,Ludington,MI,freshwater_drum,Freshwater drum,ludington_mi/freshwater_drum,08,Aug,08-15,4.698,warm_season_bottom_fishery,4.211,4.65,4.834,08-01,warm_season_bottom_fishery,peak
ludington_mi,Ludington,MI,freshwater_drum,Freshwater drum,ludington_mi/freshwater_drum,09,Sep,09-15,3.238,warm_season_bottom_fishery,2.265,3.205,4.146,09-01,warm_season_bottom_fishery,strong
ludington_mi,Ludington,MI,freshwater_drum,Freshwater drum,ludington_mi/freshwater_drum,10,Oct,10-15,1.658,warm_season_bottom_fishery,1.039,1.619,2.2,10-01,warm_season_bottom_fishery,shoulder
ludington_mi,Ludington,MI,freshwater_drum,Freshwater drum,ludington_mi/freshwater_drum,11,Nov,11-15,1,none,1,1,1,11-01,none,off_season
ludington_mi,Ludington,MI,freshwater_drum,Freshwater drum,ludington_mi/freshwater_drum,12,Dec,12-15,1,none,1,1,1,12-01,none,off_season
grand_haven_mi,Grand Haven,MI,lake_trout,Lake trout,grand_haven_mi/lake_trout,01,Jan,01-15,2.479,cold_season_nearshore,2.43,2.514,2.617,01-01,cold_season_nearshore,strong
grand_haven_mi,Grand Haven,MI,lake_trout,Lake trout,grand_haven_mi/lake_trout,02,Feb,02-15,2.718,cold_season_nearshore,2.563,2.712,2.862,02-28,cold_season_nearshore,strong
grand_haven_mi,Grand Haven,MI,lake_trout,Lake trout,grand_haven_mi/lake_trout,03,Mar,03-15,3.028,cold_season_nearshore,2.576,2.867,3.028,03-15,cold_season_nearshore,strong
grand_haven_mi,Grand Haven,MI,lake_trout,Lake trout,grand_haven_mi/lake_trout,04,Apr,04-15,2.152,cold_season_nearshore,1.728,2.138,2.548,04-01,cold_season_nearshore,shoulder
grand_haven_mi,Grand Haven,MI,lake_trout,Lake trout,grand_haven_mi/lake_trout,05,May,05-15,1.488,summer_coldwater_access,1.423,1.671,2.045,05-31,summer_coldwater_access,shoulder
grand_haven_mi,Grand Haven,MI,lake_trout,Lake trout,grand_haven_mi/lake_trout,06,Jun,06-15,2.554,summer_coldwater_access,2.08,2.571,3.062,06-30,summer_coldwater_access,strong
grand_haven_mi,Grand Haven,MI,lake_trout,Lake trout,grand_haven_mi/lake_trout,07,Jul,07-15,3.268,summer_coldwater_access,2.847,3.155,3.4,07-10,summer_coldwater_access,peak
grand_haven_mi,Grand Haven,MI,lake_trout,Lake trout,grand_haven_mi/lake_trout,08,Aug,08-15,2.452,summer_coldwater_access,1.762,2.373,2.82,08-01,summer_coldwater_access,strong
grand_haven_mi,Grand Haven,MI,lake_trout,Lake trout,grand_haven_mi/lake_trout,09,Sep,09-15,1,none,1,1.308,1.711,09-01,summer_coldwater_access,shoulder
grand_haven_mi,Grand Haven,MI,lake_trout,Lake trout,grand_haven_mi/lake_trout,10,Oct,10-15,2.82,cold_season_nearshore,1.52,2.778,3.6,10-25,cold_season_nearshore,peak
grand_haven_mi,Grand Haven,MI,lake_trout,Lake trout,grand_haven_mi/lake_trout,11,Nov,11-15,3.08,cold_season_nearshore,2.932,3.127,3.427,11-01,cold_season_nearshore,peak
grand_haven_mi,Grand Haven,MI,lake_trout,Lake trout,grand_haven_mi/lake_trout,12,Dec,12-15,2.785,cold_season_nearshore,2.627,2.775,2.922,12-01,cold_season_nearshore,strong
grand_haven_mi,Grand Haven,MI,freshwater_drum,Freshwater drum,grand_haven_mi/freshwater_drum,01,Jan,01-15,1,none,1,1,1,01-01,none,off_season
grand_haven_mi,Grand Haven,MI,freshwater_drum,Freshwater drum,grand_haven_mi/freshwater_drum,02,Feb,02-15,1,none,1,1,1,02-01,none,off_season
grand_haven_mi,Grand Haven,MI,freshwater_drum,Freshwater drum,grand_haven_mi/freshwater_drum,03,Mar,03-15,1,none,1,1,1,03-01,none,off_season
grand_haven_mi,Grand Haven,MI,freshwater_drum,Freshwater drum,grand_haven_mi/freshwater_drum,04,Apr,04-15,2.915,warm_season_bottom_fishery,1,2.983,4.966,04-30,warm_season_bottom_fishery,strong
grand_haven_mi,Grand Haven,MI,freshwater_drum,Freshwater drum,grand_haven_mi/freshwater_drum,05,May,05-15,6.27,warm_season_bottom_fishery,5.103,6.207,6.742,05-31,warm_season_bottom_fishery,peak
grand_haven_mi,Grand Haven,MI,freshwater_drum,Freshwater drum,grand_haven_mi/freshwater_drum,06,Jun,06-15,6.934,warm_season_bottom_fishery,6.757,6.93,7.067,06-30,warm_season_bottom_fishery,peak
grand_haven_mi,Grand Haven,MI,freshwater_drum,Freshwater drum,grand_haven_mi/freshwater_drum,07,Jul,07-15,7.2,warm_season_bottom_fishery,7.076,7.137,7.2,07-15,warm_season_bottom_fishery,peak
grand_haven_mi,Grand Haven,MI,freshwater_drum,Freshwater drum,grand_haven_mi/freshwater_drum,08,Aug,08-15,6.966,warm_season_bottom_fishery,6.747,6.947,7.071,08-01,warm_season_bottom_fishery,peak
grand_haven_mi,Grand Haven,MI,freshwater_drum,Freshwater drum,grand_haven_mi/freshwater_drum,09,Sep,09-15,6.389,warm_season_bottom_fishery,5.154,6.216,6.723,09-01,warm_season_bottom_fishery,peak
grand_haven_mi,Grand Haven,MI,freshwater_drum,Freshwater drum,grand_haven_mi/freshwater_drum,10,Oct,10-15,3.48,warm_season_bottom_fishery,1.146,3.218,5.042,10-01,warm_season_bottom_fishery,strong
grand_haven_mi,Grand Haven,MI,freshwater_drum,Freshwater drum,grand_haven_mi/freshwater_drum,11,Nov,11-15,1,none,1,1,1,11-01,none,off_season
grand_haven_mi,Grand Haven,MI,freshwater_drum,Freshwater drum,grand_haven_mi/freshwater_drum,12,Dec,12-15,1,none,1,1,1,12-01,none,off_season
manistee_mi,Manistee,MI,lake_trout,Lake trout,manistee_mi/lake_trout,01,Jan,01-15,2.707,cold_season_nearshore,2.65,2.747,2.866,01-01,cold_season_nearshore,strong
manistee_mi,Manistee,MI,lake_trout,Lake trout,manistee_mi/lake_trout,02,Feb,02-15,2.982,cold_season_nearshore,2.803,2.976,3.148,02-28,cold_season_nearshore,strong
manistee_mi,Manistee,MI,lake_trout,Lake trout,manistee_mi/lake_trout,03,Mar,03-15,3.34,cold_season_nearshore,2.818,3.154,3.34,03-15,cold_season_nearshore,strong
manistee_mi,Manistee,MI,lake_trout,Lake trout,manistee_mi/lake_trout,04,Apr,04-15,2.329,cold_season_nearshore,1.84,2.313,2.786,04-01,cold_season_nearshore,shoulder
manistee_mi,Manistee,MI,lake_trout,Lake trout,manistee_mi/lake_trout,05,May,05-15,1.528,summer_coldwater_access,1.488,1.744,2.132,05-31,summer_coldwater_access,shoulder
manistee_mi,Manistee,MI,lake_trout,Lake trout,manistee_mi/lake_trout,06,Jun,06-15,2.683,summer_coldwater_access,2.17,2.702,3.233,06-30,summer_coldwater_access,strong
manistee_mi,Manistee,MI,lake_trout,Lake trout,manistee_mi/lake_trout,07,Jul,07-15,3.457,summer_coldwater_access,3.001,3.334,3.6,07-10,summer_coldwater_access,peak
manistee_mi,Manistee,MI,lake_trout,Lake trout,manistee_mi/lake_trout,08,Aug,08-15,2.573,summer_coldwater_access,1.825,2.488,2.972,08-01,summer_coldwater_access,strong
manistee_mi,Manistee,MI,lake_trout,Lake trout,manistee_mi/lake_trout,09,Sep,09-15,1,none,1,1.343,1.77,09-01,summer_coldwater_access,shoulder
manistee_mi,Manistee,MI,lake_trout,Lake trout,manistee_mi/lake_trout,10,Oct,10-15,3.1,cold_season_nearshore,1.6,3.052,4,10-25,cold_season_nearshore,peak
manistee_mi,Manistee,MI,lake_trout,Lake trout,manistee_mi/lake_trout,11,Nov,11-15,3.4,cold_season_nearshore,3.23,3.455,3.8,11-01,cold_season_nearshore,peak
manistee_mi,Manistee,MI,lake_trout,Lake trout,manistee_mi/lake_trout,12,Dec,12-15,3.059,cold_season_nearshore,2.877,3.048,3.218,12-01,cold_season_nearshore,strong
manistee_mi,Manistee,MI,freshwater_drum,Freshwater drum,manistee_mi/freshwater_drum,01,Jan,01-15,1,none,1,1,1,01-01,none,off_season
manistee_mi,Manistee,MI,freshwater_drum,Freshwater drum,manistee_mi/freshwater_drum,02,Feb,02-15,1,none,1,1,1,02-01,none,off_season
manistee_mi,Manistee,MI,freshwater_drum,Freshwater drum,manistee_mi/freshwater_drum,03,Mar,03-15,1,none,1,1,1,03-01,none,off_season
manistee_mi,Manistee,MI,freshwater_drum,Freshwater drum,manistee_mi/freshwater_drum,04,Apr,04-15,1.686,warm_season_bottom_fishery,1,1.71,2.42,04-30,warm_season_bottom_fishery,shoulder
manistee_mi,Manistee,MI,freshwater_drum,Freshwater drum,manistee_mi/freshwater_drum,05,May,05-15,3.076,warm_season_bottom_fishery,2.469,3.115,3.734,05-31,warm_season_bottom_fishery,strong
manistee_mi,Manistee,MI,freshwater_drum,Freshwater drum,manistee_mi/freshwater_drum,06,Jun,06-15,4.224,warm_season_bottom_fishery,3.775,4.194,4.462,06-30,warm_season_bottom_fishery,peak
manistee_mi,Manistee,MI,freshwater_drum,Freshwater drum,manistee_mi/freshwater_drum,07,Jul,07-15,4.7,warm_season_bottom_fishery,4.478,4.607,4.7,07-15,warm_season_bottom_fishery,peak
manistee_mi,Manistee,MI,freshwater_drum,Freshwater drum,manistee_mi/freshwater_drum,08,Aug,08-15,4.42,warm_season_bottom_fishery,3.97,4.377,4.547,08-01,warm_season_bottom_fishery,peak
manistee_mi,Manistee,MI,freshwater_drum,Freshwater drum,manistee_mi/freshwater_drum,09,Sep,09-15,3.07,warm_season_bottom_fishery,2.17,3.04,3.91,09-01,warm_season_bottom_fishery,strong
manistee_mi,Manistee,MI,freshwater_drum,Freshwater drum,manistee_mi/freshwater_drum,10,Oct,10-15,1.609,warm_season_bottom_fishery,1.036,1.573,2.11,10-01,warm_season_bottom_fishery,shoulder
manistee_mi,Manistee,MI,freshwater_drum,Freshwater drum,manistee_mi/freshwater_drum,11,Nov,11-15,1,none,1,1,1,11-01,none,off_season
manistee_mi,Manistee,MI,freshwater_drum,Freshwater drum,manistee_mi/freshwater_drum,12,Dec,12-15,1,none,1,1,1,12-01,none,off_season
frankfort_elberta_mi,Frankfort,MI,lake_trout,Lake trout,frankfort_elberta_mi/lake_trout,01,Jan,01-15,2.707,cold_season_nearshore,2.65,2.747,2.866,01-01,cold_season_nearshore,strong
frankfort_elberta_mi,Frankfort,MI,lake_trout,Lake trout,frankfort_elberta_mi/lake_trout,02,Feb,02-15,2.982,cold_season_nearshore,2.803,2.976,3.148,02-28,cold_season_nearshore,strong
frankfort_elberta_mi,Frankfort,MI,lake_trout,Lake trout,frankfort_elberta_mi/lake_trout,03,Mar,03-15,3.34,cold_season_nearshore,2.818,3.154,3.34,03-15,cold_season_nearshore,strong
frankfort_elberta_mi,Frankfort,MI,lake_trout,Lake trout,frankfort_elberta_mi/lake_trout,04,Apr,04-15,2.329,cold_season_nearshore,1.84,2.313,2.786,04-01,cold_season_nearshore,shoulder
frankfort_elberta_mi,Frankfort,MI,lake_trout,Lake trout,frankfort_elberta_mi/lake_trout,05,May,05-15,1.569,summer_coldwater_access,1.488,1.78,2.219,05-31,summer_coldwater_access,shoulder
frankfort_elberta_mi,Frankfort,MI,lake_trout,Lake trout,frankfort_elberta_mi/lake_trout,06,Jun,06-15,2.813,summer_coldwater_access,2.26,2.833,3.405,06-30,summer_coldwater_access,strong
frankfort_elberta_mi,Frankfort,MI,lake_trout,Lake trout,frankfort_elberta_mi/lake_trout,07,Jul,07-15,3.646,summer_coldwater_access,3.155,3.514,3.8,07-10,summer_coldwater_access,peak
frankfort_elberta_mi,Frankfort,MI,lake_trout,Lake trout,frankfort_elberta_mi/lake_trout,08,Aug,08-15,2.694,summer_coldwater_access,1.888,2.602,3.124,08-01,summer_coldwater_access,strong
frankfort_elberta_mi,Frankfort,MI,lake_trout,Lake trout,frankfort_elberta_mi/lake_trout,09,Sep,09-15,1,none,1,1.357,1.829,09-01,summer_coldwater_access,shoulder
frankfort_elberta_mi,Frankfort,MI,lake_trout,Lake trout,frankfort_elberta_mi/lake_trout,10,Oct,10-15,3.1,cold_season_nearshore,1.6,3.052,4,10-25,cold_season_nearshore,peak
frankfort_elberta_mi,Frankfort,MI,lake_trout,Lake trout,frankfort_elberta_mi/lake_trout,11,Nov,11-15,3.4,cold_season_nearshore,3.23,3.455,3.8,11-01,cold_season_nearshore,peak
frankfort_elberta_mi,Frankfort,MI,lake_trout,Lake trout,frankfort_elberta_mi/lake_trout,12,Dec,12-15,3.059,cold_season_nearshore,2.877,3.048,3.218,12-01,cold_season_nearshore,strong
harbor_beach_mi,Harbor Beach,MI,coho_salmon,Coho salmon,harbor_beach_mi/coho_salmon,01,Jan,01-15,1.768,spring_coldwater_pier,1.681,1.774,1.867,01-31,spring_coldwater_pier,off_season
harbor_beach_mi,Harbor Beach,MI,coho_salmon,Coho salmon,harbor_beach_mi/coho_salmon,02,Feb,02-15,1.96,spring_coldwater_pier,1.873,2.135,2.754,02-28,spring_coldwater_pier,shoulder
harbor_beach_mi,Harbor Beach,MI,coho_salmon,Coho salmon,harbor_beach_mi/coho_salmon,03,Mar,03-15,3.671,spring_coldwater_pier,2.815,3.727,4.623,03-31,spring_coldwater_pier,strong
harbor_beach_mi,Harbor Beach,MI,coho_salmon,Coho salmon,harbor_beach_mi/coho_salmon,04,Apr,04-15,5.506,spring_coldwater_pier,4.682,5.304,5.8,04-20,spring_coldwater_pier,peak
harbor_beach_mi,Harbor Beach,MI,coho_salmon,Coho salmon,harbor_beach_mi/coho_salmon,05,May,05-15,4.12,spring_coldwater_pier,2.796,4.005,5.061,05-01,spring_coldwater_pier,strong
harbor_beach_mi,Harbor Beach,MI,coho_salmon,Coho salmon,harbor_beach_mi/coho_salmon,06,Jun,06-15,1.449,spring_coldwater_pier,1.05,1.606,2.706,06-01,spring_coldwater_pier,shoulder
harbor_beach_mi,Harbor Beach,MI,coho_salmon,Coho salmon,harbor_beach_mi/coho_salmon,07,Jul,07-15,1.303,fall_harbor_staging,1.161,1.313,1.464,07-31,fall_harbor_staging,off_season
harbor_beach_mi,Harbor Beach,MI,coho_salmon,Coho salmon,harbor_beach_mi/coho_salmon,08,Aug,08-15,1.616,fall_harbor_staging,1.474,1.827,2.817,08-31,fall_harbor_staging,shoulder
harbor_beach_mi,Harbor Beach,MI,coho_salmon,Coho salmon,harbor_beach_mi/coho_salmon,09,Sep,09-15,4.386,fall_harbor_staging,2.921,4.006,4.7,09-18,fall_harbor_staging,strong
harbor_beach_mi,Harbor Beach,MI,coho_salmon,Coho salmon,harbor_beach_mi/coho_salmon,10,Oct,10-15,3.035,fall_harbor_staging,2.214,3.019,3.898,10-01,fall_harbor_staging,strong
harbor_beach_mi,Harbor Beach,MI,coho_salmon,Coho salmon,harbor_beach_mi/coho_salmon,11,Nov,11-15,1.444,fall_harbor_staging,1.355,1.599,2.163,11-01,fall_harbor_staging,off_season
harbor_beach_mi,Harbor Beach,MI,coho_salmon,Coho salmon,harbor_beach_mi/coho_salmon,12,Dec,12-15,1.576,spring_coldwater_pier,1.444,1.571,1.675,12-31,spring_coldwater_pier,off_season
oscoda_mi,Oscoda,MI,atlantic_salmon,Atlantic salmon,oscoda_mi/atlantic_salmon,01,Jan,01-15,2.184,spring_coldwater_pier,2.05,2.194,2.337,01-31,spring_coldwater_pier,off_season
oscoda_mi,Oscoda,MI,atlantic_salmon,Atlantic salmon,oscoda_mi/atlantic_salmon,02,Feb,02-15,2.48,spring_coldwater_pier,2.346,2.75,3.704,02-28,spring_coldwater_pier,shoulder
oscoda_mi,Oscoda,MI,atlantic_salmon,Atlantic salmon,oscoda_mi/atlantic_salmon,03,Mar,03-15,5.117,spring_coldwater_pier,3.799,5.204,6.586,03-31,spring_coldwater_pier,strong
oscoda_mi,Oscoda,MI,atlantic_salmon,Atlantic salmon,oscoda_mi/atlantic_salmon,04,Apr,04-15,7.946,spring_coldwater_pier,6.677,7.636,8.4,04-20,spring_coldwater_pier,peak
oscoda_mi,Oscoda,MI,atlantic_salmon,Atlantic salmon,oscoda_mi/atlantic_salmon,05,May,05-15,5.81,spring_coldwater_pier,3.769,5.632,7.26,05-01,spring_coldwater_pier,strong
oscoda_mi,Oscoda,MI,atlantic_salmon,Atlantic salmon,oscoda_mi/atlantic_salmon,06,Jun,06-15,1.692,spring_coldwater_pier,1.067,1.926,3.631,06-01,spring_coldwater_pier,shoulder
oscoda_mi,Oscoda,MI,atlantic_salmon,Atlantic salmon,oscoda_mi/atlantic_salmon,07,Jul,07-15,1.401,fall_harbor_staging,1.214,1.414,1.615,07-31,fall_harbor_staging,off_season
oscoda_mi,Oscoda,MI,atlantic_salmon,Atlantic salmon,oscoda_mi/atlantic_salmon,08,Aug,08-15,1.815,fall_harbor_staging,1.628,2.095,3.406,08-31,fall_harbor_staging,shoulder
oscoda_mi,Oscoda,MI,atlantic_salmon,Atlantic salmon,oscoda_mi/atlantic_salmon,09,Sep,09-15,5.484,fall_harbor_staging,3.545,4.981,5.9,09-18,fall_harbor_staging,strong
oscoda_mi,Oscoda,MI,atlantic_salmon,Atlantic salmon,oscoda_mi/atlantic_salmon,10,Oct,10-15,3.695,fall_harbor_staging,2.608,3.673,4.838,10-01,fall_harbor_staging,shoulder
oscoda_mi,Oscoda,MI,atlantic_salmon,Atlantic salmon,oscoda_mi/atlantic_salmon,11,Nov,11-15,1.588,fall_harbor_staging,1.51,1.823,2.54,11-01,fall_harbor_staging,off_season
oscoda_mi,Oscoda,MI,atlantic_salmon,Atlantic salmon,oscoda_mi/atlantic_salmon,12,Dec,12-15,1.888,spring_coldwater_pier,1.684,1.881,2.041,12-31,spring_coldwater_pier,off_season
oscoda_mi,Oscoda,MI,steelhead,Steelhead,oscoda_mi/steelhead,01,Jan,01-15,2.024,spring_coldwater_pier,1.908,2.032,2.156,01-31,spring_coldwater_pier,off_season
oscoda_mi,Oscoda,MI,steelhead,Steelhead,oscoda_mi/steelhead,02,Feb,02-15,2.28,spring_coldwater_pier,2.164,2.514,3.339,02-28,spring_coldwater_pier,shoulder
oscoda_mi,Oscoda,MI,steelhead,Steelhead,oscoda_mi/steelhead,03,Mar,03-15,4.561,spring_coldwater_pier,3.42,4.636,5.831,03-31,spring_coldwater_pier,strong
oscoda_mi,Oscoda,MI,steelhead,Steelhead,oscoda_mi/steelhead,04,Apr,04-15,7.008,spring_coldwater_pier,5.909,6.739,7.4,04-20,spring_coldwater_pier,peak
oscoda_mi,Oscoda,MI,steelhead,Steelhead,oscoda_mi/steelhead,05,May,05-15,5.16,spring_coldwater_pier,3.395,5.006,6.414,05-01,spring_coldwater_pier,strong
oscoda_mi,Oscoda,MI,steelhead,Steelhead,oscoda_mi/steelhead,06,Jun,06-15,1.599,spring_coldwater_pier,1.059,1.801,3.275,06-01,spring_coldwater_pier,shoulder
oscoda_mi,Oscoda,MI,steelhead,Steelhead,oscoda_mi/steelhead,07,Jul,07-15,1.352,fall_harbor_staging,1.188,1.364,1.539,07-31,fall_harbor_staging,off_season
oscoda_mi,Oscoda,MI,steelhead,Steelhead,oscoda_mi/steelhead,08,Aug,08-15,1.715,fall_harbor_staging,1.551,1.961,3.111,08-31,fall_harbor_staging,shoulder
oscoda_mi,Oscoda,MI,steelhead,Steelhead,oscoda_mi/steelhead,09,Sep,09-15,4.935,fall_harbor_staging,3.233,4.494,5.3,09-18,fall_harbor_staging,strong
oscoda_mi,Oscoda,MI,steelhead,Steelhead,oscoda_mi/steelhead,10,Oct,10-15,3.365,fall_harbor_staging,2.411,3.346,4.368,10-01,fall_harbor_staging,shoulder
oscoda_mi,Oscoda,MI,steelhead,Steelhead,oscoda_mi/steelhead,11,Nov,11-15,1.516,fall_harbor_staging,1.447,1.719,2.351,11-01,fall_harbor_staging,off_season
oscoda_mi,Oscoda,MI,steelhead,Steelhead,oscoda_mi/steelhead,12,Dec,12-15,1.768,spring_coldwater_pier,1.592,1.762,1.9,12-31,spring_coldwater_pier,off_season
oscoda_mi,Oscoda,MI,lake_trout,Lake trout,oscoda_mi/lake_trout,01,Jan,01-15,1.576,spring_coldwater_pier,1.511,1.581,1.65,01-31,spring_coldwater_pier,off_season
oscoda_mi,Oscoda,MI,lake_trout,Lake trout,oscoda_mi/lake_trout,02,Feb,02-15,1.72,spring_coldwater_pier,1.655,1.851,2.316,02-28,spring_coldwater_pier,shoulder
oscoda_mi,Oscoda,MI,lake_trout,Lake trout,oscoda_mi/lake_trout,03,Mar,03-15,3.003,spring_coldwater_pier,2.361,3.045,3.717,03-31,spring_coldwater_pier,strong
oscoda_mi,Oscoda,MI,lake_trout,Lake trout,oscoda_mi/lake_trout,04,Apr,04-15,4.379,spring_coldwater_pier,3.762,4.228,4.6,04-20,spring_coldwater_pier,peak
oscoda_mi,Oscoda,MI,lake_trout,Lake trout,oscoda_mi/lake_trout,05,May,05-15,3.34,spring_coldwater_pier,2.347,3.254,4.046,05-01,spring_coldwater_pier,strong
oscoda_mi,Oscoda,MI,lake_trout,Lake trout,oscoda_mi/lake_trout,06,Jun,06-15,1.337,spring_coldwater_pier,1,1.427,2.28,06-01,spring_coldwater_pier,shoulder
oscoda_mi,Oscoda,MI,lake_trout,Lake trout,oscoda_mi/lake_trout,07,Jul,07-15,1,none,1,1,1,07-01,none,off_season
oscoda_mi,Oscoda,MI,lake_trout,Lake trout,oscoda_mi/lake_trout,08,Aug,08-15,1,none,1,1,1,08-01,none,off_season
oscoda_mi,Oscoda,MI,lake_trout,Lake trout,oscoda_mi/lake_trout,09,Sep,09-15,1,none,1,1,1,09-01,none,off_season
oscoda_mi,Oscoda,MI,lake_trout,Lake trout,oscoda_mi/lake_trout,10,Oct,10-15,1,none,1,1.031,1.113,10-31,spring_coldwater_pier,off_season
oscoda_mi,Oscoda,MI,lake_trout,Lake trout,oscoda_mi/lake_trout,11,Nov,11-15,1.22,spring_coldwater_pier,1.12,1.223,1.326,11-30,spring_coldwater_pier,off_season
oscoda_mi,Oscoda,MI,lake_trout,Lake trout,oscoda_mi/lake_trout,12,Dec,12-15,1.432,spring_coldwater_pier,1.333,1.428,1.506,12-31,spring_coldwater_pier,off_season
oscoda_mi,Oscoda,MI,coho_salmon,Coho salmon,oscoda_mi/coho_salmon,01,Jan,01-15,1.544,spring_coldwater_pier,1.483,1.548,1.614,01-31,spring_coldwater_pier,off_season
oscoda_mi,Oscoda,MI,coho_salmon,Coho salmon,oscoda_mi/coho_salmon,02,Feb,02-15,1.68,spring_coldwater_pier,1.619,1.804,2.243,02-28,spring_coldwater_pier,off_season
oscoda_mi,Oscoda,MI,coho_salmon,Coho salmon,oscoda_mi/coho_salmon,03,Mar,03-15,2.892,spring_coldwater_pier,2.286,2.932,3.566,03-31,spring_coldwater_pier,shoulder
oscoda_mi,Oscoda,MI,coho_salmon,Coho salmon,oscoda_mi/coho_salmon,04,Apr,04-15,4.192,spring_coldwater_pier,3.608,4.049,4.4,04-20,spring_coldwater_pier,strong
oscoda_mi,Oscoda,MI,coho_salmon,Coho salmon,oscoda_mi/coho_salmon,05,May,05-15,3.21,spring_coldwater_pier,2.272,3.128,3.876,05-01,spring_coldwater_pier,shoulder
oscoda_mi,Oscoda,MI,coho_salmon,Coho salmon,oscoda_mi/coho_salmon,06,Jun,06-15,1.318,spring_coldwater_pier,1.064,1.458,2.209,06-01,spring_coldwater_pier,off_season
oscoda_mi,Oscoda,MI,coho_salmon,Coho salmon,oscoda_mi/coho_salmon,07,Jul,07-15,1.45,fall_harbor_staging,1.24,1.465,1.69,07-31,fall_harbor_staging,off_season
oscoda_mi,Oscoda,MI,coho_salmon,Coho salmon,oscoda_mi/coho_salmon,08,Aug,08-15,1.915,fall_harbor_staging,1.705,2.229,3.701,08-31,fall_harbor_staging,shoulder
oscoda_mi,Oscoda,MI,coho_salmon,Coho salmon,oscoda_mi/coho_salmon,09,Sep,09-15,6.033,fall_harbor_staging,3.856,5.469,6.5,09-18,fall_harbor_staging,peak
oscoda_mi,Oscoda,MI,coho_salmon,Coho salmon,oscoda_mi/coho_salmon,10,Oct,10-15,4.025,fall_harbor_staging,2.804,4.001,5.308,10-01,fall_harbor_staging,strong
oscoda_mi,Oscoda,MI,coho_salmon,Coho salmon,oscoda_mi/coho_salmon,11,Nov,11-15,1.66,fall_harbor_staging,1.33,1.839,2.728,11-01,fall_harbor_staging,shoulder
oscoda_mi,Oscoda,MI,coho_salmon,Coho salmon,oscoda_mi/coho_salmon,12,Dec,12-15,1.408,spring_coldwater_pier,1.314,1.405,1.478,12-31,spring_coldwater_pier,off_season
oscoda_mi,Oscoda,MI,chinook_salmon,Chinook salmon,oscoda_mi/chinook_salmon,01,Jan,01-15,1,none,1,1,1,01-01,none,off_season
oscoda_mi,Oscoda,MI,chinook_salmon,Chinook salmon,oscoda_mi/chinook_salmon,02,Feb,02-15,1,none,1,1,1,02-01,none,off_season
oscoda_mi,Oscoda,MI,chinook_salmon,Chinook salmon,oscoda_mi/chinook_salmon,03,Mar,03-15,1,none,1,1,1,03-01,none,off_season
oscoda_mi,Oscoda,MI,chinook_salmon,Chinook salmon,oscoda_mi/chinook_salmon,04,Apr,04-15,1,none,1,1,1,04-01,none,off_season
oscoda_mi,Oscoda,MI,chinook_salmon,Chinook salmon,oscoda_mi/chinook_salmon,05,May,05-15,1,none,1,1,1,05-01,none,off_season
oscoda_mi,Oscoda,MI,chinook_salmon,Chinook salmon,oscoda_mi/chinook_salmon,06,Jun,06-15,1,none,1,1.049,1.184,06-30,fall_harbor_staging,off_season
oscoda_mi,Oscoda,MI,chinook_salmon,Chinook salmon,oscoda_mi/chinook_salmon,07,Jul,07-15,1.368,fall_harbor_staging,1.196,1.38,1.565,07-31,fall_harbor_staging,off_season
oscoda_mi,Oscoda,MI,chinook_salmon,Chinook salmon,oscoda_mi/chinook_salmon,08,Aug,08-15,1.749,fall_harbor_staging,1.577,2.006,3.21,08-31,fall_harbor_staging,shoulder
oscoda_mi,Oscoda,MI,chinook_salmon,Chinook salmon,oscoda_mi/chinook_salmon,09,Sep,09-15,5.118,fall_harbor_staging,3.337,4.656,5.5,09-18,fall_harbor_staging,peak
oscoda_mi,Oscoda,MI,chinook_salmon,Chinook salmon,oscoda_mi/chinook_salmon,10,Oct,10-15,3.475,fall_harbor_staging,2.476,3.455,4.525,10-01,fall_harbor_staging,strong
oscoda_mi,Oscoda,MI,chinook_salmon,Chinook salmon,oscoda_mi/chinook_salmon,11,Nov,11-15,1.54,fall_harbor_staging,1.27,1.686,2.414,11-01,fall_harbor_staging,shoulder
oscoda_mi,Oscoda,MI,chinook_salmon,Chinook salmon,oscoda_mi/chinook_salmon,12,Dec,12-15,1,none,1,1.061,1.252,12-01,fall_harbor_staging,off_season
oscoda_mi,Oscoda,MI,freshwater_drum,Freshwater drum,oscoda_mi/freshwater_drum,01,Jan,01-15,1,none,1,1,1,01-01,none,off_season
oscoda_mi,Oscoda,MI,freshwater_drum,Freshwater drum,oscoda_mi/freshwater_drum,02,Feb,02-15,1,none,1,1,1,02-01,none,off_season
oscoda_mi,Oscoda,MI,freshwater_drum,Freshwater drum,oscoda_mi/freshwater_drum,03,Mar,03-15,1,none,1,1.087,1.316,03-31,warm_season_bottom_fishery,off_season
oscoda_mi,Oscoda,MI,freshwater_drum,Freshwater drum,oscoda_mi/freshwater_drum,04,Apr,04-15,1.612,warm_season_bottom_fishery,1.336,1.622,1.908,04-30,warm_season_bottom_fishery,shoulder
oscoda_mi,Oscoda,MI,freshwater_drum,Freshwater drum,oscoda_mi/freshwater_drum,05,May,05-15,2.343,warm_season_bottom_fishery,1.928,2.373,2.817,05-31,warm_season_bottom_fishery,strong
oscoda_mi,Oscoda,MI,freshwater_drum,Freshwater drum,oscoda_mi/freshwater_drum,06,Jun,06-15,3.262,warm_season_bottom_fishery,2.847,3.231,3.535,06-30,warm_season_bottom_fishery,peak
oscoda_mi,Oscoda,MI,freshwater_drum,Freshwater drum,oscoda_mi/freshwater_drum,07,Jul,07-15,3.809,warm_season_bottom_fishery,3.554,3.753,3.9,07-20,warm_season_bottom_fishery,peak
oscoda_mi,Oscoda,MI,freshwater_drum,Freshwater drum,oscoda_mi/freshwater_drum,08,Aug,08-15,3.465,warm_season_bottom_fishery,3.197,3.448,3.699,08-01,warm_season_bottom_fishery,peak
oscoda_mi,Oscoda,MI,freshwater_drum,Freshwater drum,oscoda_mi/freshwater_drum,09,Sep,09-15,2.849,warm_season_bottom_fishery,2.305,2.801,3.181,09-01,warm_season_bottom_fishery,strong
oscoda_mi,Oscoda,MI,freshwater_drum,Freshwater drum,oscoda_mi/freshwater_drum,10,Oct,10-15,1.761,warm_season_bottom_fishery,1.335,1.755,2.269,10-01,warm_season_bottom_fishery,shoulder
oscoda_mi,Oscoda,MI,freshwater_drum,Freshwater drum,oscoda_mi/freshwater_drum,11,Nov,11-15,1,none,1,1.078,1.312,11-01,warm_season_bottom_fishery,off_season
oscoda_mi,Oscoda,MI,freshwater_drum,Freshwater drum,oscoda_mi/freshwater_drum,12,Dec,12-15,1,none,1,1,1,12-01,none,off_season
port_sanilac_mi,Port Sanilac,MI,coho_salmon,Coho salmon,port_sanilac_mi/coho_salmon,01,Jan,01-15,1.864,spring_coldwater_pier,1.766,1.871,1.975,01-31,spring_coldwater_pier,off_season
port_sanilac_mi,Port Sanilac,MI,coho_salmon,Coho salmon,port_sanilac_mi/coho_salmon,02,Feb,02-15,2.08,spring_coldwater_pier,1.982,2.277,2.973,02-28,spring_coldwater_pier,shoulder
port_sanilac_mi,Port Sanilac,MI,coho_salmon,Coho salmon,port_sanilac_mi/coho_salmon,03,Mar,03-15,4.004,spring_coldwater_pier,3.042,4.068,5.076,03-31,spring_coldwater_pier,strong
port_sanilac_mi,Port Sanilac,MI,coho_salmon,Coho salmon,port_sanilac_mi/coho_salmon,04,Apr,04-15,6.069,spring_coldwater_pier,5.142,5.842,6.4,04-20,spring_coldwater_pier,peak
port_sanilac_mi,Port Sanilac,MI,coho_salmon,Coho salmon,port_sanilac_mi/coho_salmon,05,May,05-15,4.51,spring_coldwater_pier,3.021,4.38,5.568,05-01,spring_coldwater_pier,strong
port_sanilac_mi,Port Sanilac,MI,coho_salmon,Coho salmon,port_sanilac_mi/coho_salmon,06,Jun,06-15,1.505,spring_coldwater_pier,1.065,1.688,2.92,06-01,spring_coldwater_pier,shoulder
port_sanilac_mi,Port Sanilac,MI,coho_salmon,Coho salmon,port_sanilac_mi/coho_salmon,07,Jul,07-15,1.393,fall_harbor_staging,1.209,1.406,1.602,07-31,fall_harbor_staging,off_season
port_sanilac_mi,Port Sanilac,MI,coho_salmon,Coho salmon,port_sanilac_mi/coho_salmon,08,Aug,08-15,1.799,fall_harbor_staging,1.615,2.073,3.357,08-31,fall_harbor_staging,shoulder
port_sanilac_mi,Port Sanilac,MI,coho_salmon,Coho salmon,port_sanilac_mi/coho_salmon,09,Sep,09-15,5.393,fall_harbor_staging,3.493,4.9,5.8,09-18,fall_harbor_staging,peak
port_sanilac_mi,Port Sanilac,MI,coho_salmon,Coho salmon,port_sanilac_mi/coho_salmon,10,Oct,10-15,3.64,fall_harbor_staging,2.575,3.619,4.76,10-01,fall_harbor_staging,strong
port_sanilac_mi,Port Sanilac,MI,coho_salmon,Coho salmon,port_sanilac_mi/coho_salmon,11,Nov,11-15,1.576,fall_harbor_staging,1.422,1.758,2.508,11-01,fall_harbor_staging,shoulder
port_sanilac_mi,Port Sanilac,MI,coho_salmon,Coho salmon,port_sanilac_mi/coho_salmon,12,Dec,12-15,1.648,spring_coldwater_pier,1.499,1.643,1.759,12-31,spring_coldwater_pier,off_season
port_sanilac_mi,Port Sanilac,MI,steelhead,Steelhead,port_sanilac_mi/steelhead,01,Jan,01-15,1.56,spring_coldwater_pier,1.497,1.565,1.632,01-31,spring_coldwater_pier,off_season
port_sanilac_mi,Port Sanilac,MI,steelhead,Steelhead,port_sanilac_mi/steelhead,02,Feb,02-15,1.7,spring_coldwater_pier,1.637,1.828,2.279,02-28,spring_coldwater_pier,shoulder
port_sanilac_mi,Port Sanilac,MI,steelhead,Steelhead,port_sanilac_mi/steelhead,03,Mar,03-15,2.947,spring_coldwater_pier,2.324,2.988,3.642,03-31,spring_coldwater_pier,strong
port_sanilac_mi,Port Sanilac,MI,steelhead,Steelhead,port_sanilac_mi/steelhead,04,Apr,04-15,4.285,spring_coldwater_pier,3.685,4.138,4.5,04-20,spring_coldwater_pier,peak
port_sanilac_mi,Port Sanilac,MI,steelhead,Steelhead,port_sanilac_mi/steelhead,05,May,05-15,3.275,spring_coldwater_pier,2.31,3.191,3.961,05-01,spring_coldwater_pier,strong
port_sanilac_mi,Port Sanilac,MI,steelhead,Steelhead,port_sanilac_mi/steelhead,06,Jun,06-15,1.327,spring_coldwater_pier,1.045,1.448,2.244,06-01,spring_coldwater_pier,shoulder
port_sanilac_mi,Port Sanilac,MI,steelhead,Steelhead,port_sanilac_mi/steelhead,07,Jul,07-15,1.27,fall_harbor_staging,1.144,1.279,1.414,07-31,fall_harbor_staging,off_season
port_sanilac_mi,Port Sanilac,MI,steelhead,Steelhead,port_sanilac_mi/steelhead,08,Aug,08-15,1.549,fall_harbor_staging,1.423,1.737,2.62,08-31,fall_harbor_staging,shoulder
port_sanilac_mi,Port Sanilac,MI,steelhead,Steelhead,port_sanilac_mi/steelhead,09,Sep,09-15,4.02,fall_harbor_staging,2.714,3.681,4.3,09-18,fall_harbor_staging,peak
port_sanilac_mi,Port Sanilac,MI,steelhead,Steelhead,port_sanilac_mi/steelhead,10,Oct,10-15,2.815,fall_harbor_staging,2.083,2.8,3.585,10-01,fall_harbor_staging,strong
port_sanilac_mi,Port Sanilac,MI,steelhead,Steelhead,port_sanilac_mi/steelhead,11,Nov,11-15,1.396,fall_harbor_staging,1.277,1.517,2.037,11-01,fall_harbor_staging,shoulder
port_sanilac_mi,Port Sanilac,MI,steelhead,Steelhead,port_sanilac_mi/steelhead,12,Dec,12-15,1.42,spring_coldwater_pier,1.324,1.416,1.492,12-31,spring_coldwater_pier,off_season
harbor_beach_mi,Harbor Beach,MI,atlantic_salmon,Atlantic salmon,harbor_beach_mi/atlantic_salmon,01,Jan,01-15,1,none,1,1,1,01-01,none,off_season
harbor_beach_mi,Harbor Beach,MI,atlantic_salmon,Atlantic salmon,harbor_beach_mi/atlantic_salmon,02,Feb,02-15,1,none,1,1.103,1.414,02-28,spring_coldwater_pier,off_season
harbor_beach_mi,Harbor Beach,MI,atlantic_salmon,Atlantic salmon,harbor_beach_mi/atlantic_salmon,03,Mar,03-15,1.891,spring_coldwater_pier,1.445,2.041,3.013,03-31,spring_coldwater_pier,shoulder
harbor_beach_mi,Harbor Beach,MI,atlantic_salmon,Atlantic salmon,harbor_beach_mi/atlantic_salmon,04,Apr,04-15,4.325,spring_coldwater_pier,3.1,4.297,5.2,04-25,spring_coldwater_pier,peak
harbor_beach_mi,Harbor Beach,MI,atlantic_salmon,Atlantic salmon,harbor_beach_mi/atlantic_salmon,05,May,05-15,4.08,spring_coldwater_pier,3.032,4.007,4.864,05-01,spring_coldwater_pier,peak
harbor_beach_mi,Harbor Beach,MI,atlantic_salmon,Atlantic salmon,harbor_beach_mi/atlantic_salmon,06,Jun,06-15,1.813,spring_coldwater_pier,1,1.813,2.951,06-01,spring_coldwater_pier,shoulder
harbor_beach_mi,Harbor Beach,MI,atlantic_salmon,Atlantic salmon,harbor_beach_mi/atlantic_salmon,07,Jul,07-15,1,none,1,1.081,1.297,07-31,fall_harbor_return,off_season
harbor_beach_mi,Harbor Beach,MI,atlantic_salmon,Atlantic salmon,harbor_beach_mi/atlantic_salmon,08,Aug,08-15,1.575,fall_harbor_return,1.315,1.647,2.348,08-31,fall_harbor_return,shoulder
harbor_beach_mi,Harbor Beach,MI,atlantic_salmon,Atlantic salmon,harbor_beach_mi/atlantic_salmon,09,Sep,09-15,3.819,fall_harbor_return,2.446,3.789,4.8,09-25,fall_harbor_return,peak
harbor_beach_mi,Harbor Beach,MI,atlantic_salmon,Atlantic salmon,harbor_beach_mi/atlantic_salmon,10,Oct,10-15,3.584,fall_harbor_return,2.315,3.466,4.435,10-01,fall_harbor_return,strong
harbor_beach_mi,Harbor Beach,MI,atlantic_salmon,Atlantic salmon,harbor_beach_mi/atlantic_salmon,11,Nov,11-15,1,none,1,1.307,2.228,11-01,fall_harbor_return,shoulder
harbor_beach_mi,Harbor Beach,MI,atlantic_salmon,Atlantic salmon,harbor_beach_mi/atlantic_salmon,12,Dec,12-15,1,none,1,1,1,12-01,none,off_season
harbor_beach_mi,Harbor Beach,MI,steelhead,Steelhead,harbor_beach_mi/steelhead,01,Jan,01-15,1,none,1,1,1,01-01,none,off_season
harbor_beach_mi,Harbor Beach,MI,steelhead,Steelhead,harbor_beach_mi/steelhead,02,Feb,02-15,1,none,1,1.091,1.362,02-28,coolwater_port_opportunity,off_season
harbor_beach_mi,Harbor Beach,MI,steelhead,Steelhead,harbor_beach_mi/steelhead,03,Mar,03-15,1.781,coolwater_port_opportunity,1.39,1.967,3.044,03-31,coolwater_port_opportunity,shoulder
harbor_beach_mi,Harbor Beach,MI,steelhead,Steelhead,harbor_beach_mi/steelhead,04,Apr,04-15,4.578,coolwater_port_opportunity,3.147,4.562,5.6,04-25,coolwater_port_opportunity,peak
harbor_beach_mi,Harbor Beach,MI,steelhead,Steelhead,harbor_beach_mi/steelhead,05,May,05-15,4.973,coolwater_port_opportunity,4.471,4.941,5.412,05-01,coolwater_port_opportunity,peak
harbor_beach_mi,Harbor Beach,MI,steelhead,Steelhead,harbor_beach_mi/steelhead,06,Jun,06-15,4,coolwater_port_opportunity,3.53,3.985,4.44,06-01,coolwater_port_opportunity,strong
harbor_beach_mi,Harbor Beach,MI,steelhead,Steelhead,harbor_beach_mi/steelhead,07,Jul,07-15,3.305,coolwater_port_opportunity,3.065,3.29,3.515,07-01,coolwater_port_opportunity,shoulder
harbor_beach_mi,Harbor Beach,MI,steelhead,Steelhead,harbor_beach_mi/steelhead,08,Aug,08-15,2.84,coolwater_port_opportunity,2.84,3.084,3.545,08-31,coolwater_port_opportunity,shoulder
harbor_beach_mi,Harbor Beach,MI,steelhead,Steelhead,harbor_beach_mi/steelhead,09,Sep,09-15,4.205,coolwater_port_opportunity,3.589,4.227,4.866,09-30,coolwater_port_opportunity,strong
harbor_beach_mi,Harbor Beach,MI,steelhead,Steelhead,harbor_beach_mi/steelhead,10,Oct,10-15,3.837,coolwater_port_opportunity,2.61,3.76,4.91,10-01,coolwater_port_opportunity,peak
harbor_beach_mi,Harbor Beach,MI,steelhead,Steelhead,harbor_beach_mi/steelhead,11,Nov,11-15,1.46,coolwater_port_opportunity,1.23,1.667,2.533,11-01,coolwater_port_opportunity,shoulder
harbor_beach_mi,Harbor Beach,MI,steelhead,Steelhead,harbor_beach_mi/steelhead,12,Dec,12-15,1,none,1,1.052,1.215,12-01,coolwater_port_opportunity,off_season
harbor_beach_mi,Harbor Beach,MI,lake_trout,Lake trout,harbor_beach_mi/lake_trout,01,Jan,01-15,1,none,1,1.084,1.306,01-31,reachable_coldwater_port,off_season
harbor_beach_mi,Harbor Beach,MI,lake_trout,Lake trout,harbor_beach_mi/lake_trout,02,Feb,02-15,1.592,reachable_coldwater_port,1.325,1.583,1.841,02-28,reachable_coldwater_port,off_season
harbor_beach_mi,Harbor Beach,MI,lake_trout,Lake trout,harbor_beach_mi/lake_trout,03,Mar,03-15,2.65,reachable_coldwater_port,1.86,2.706,3.552,03-31,reachable_coldwater_port,shoulder
harbor_beach_mi,Harbor Beach,MI,lake_trout,Lake trout,harbor_beach_mi/lake_trout,04,Apr,04-15,4.398,reachable_coldwater_port,3.608,4.426,5.244,04-30,reachable_coldwater_port,peak
harbor_beach_mi,Harbor Beach,MI,lake_trout,Lake trout,harbor_beach_mi/lake_trout,05,May,05-15,4.698,reachable_coldwater_port,4.01,4.655,5.3,05-01,reachable_coldwater_port,peak
harbor_beach_mi,Harbor Beach,MI,lake_trout,Lake trout,harbor_beach_mi/lake_trout,06,Jun,06-15,3.365,reachable_coldwater_port,2.72,3.344,3.967,06-01,reachable_coldwater_port,strong
harbor_beach_mi,Harbor Beach,MI,lake_trout,Lake trout,harbor_beach_mi/lake_trout,07,Jul,07-15,2.075,reachable_coldwater_port,2.075,2.312,2.677,07-01,reachable_coldwater_port,shoulder
harbor_beach_mi,Harbor Beach,MI,lake_trout,Lake trout,harbor_beach_mi/lake_trout,08,Aug,08-15,2.72,reachable_coldwater_port,2.429,2.741,3.053,08-31,reachable_coldwater_port,shoulder
harbor_beach_mi,Harbor Beach,MI,lake_trout,Lake trout,harbor_beach_mi/lake_trout,09,Sep,09-15,3.365,reachable_coldwater_port,3.074,3.4,3.768,09-30,reachable_coldwater_port,strong
harbor_beach_mi,Harbor Beach,MI,lake_trout,Lake trout,harbor_beach_mi/lake_trout,10,Oct,10-15,4.171,reachable_coldwater_port,3.795,4.134,4.44,10-25,reachable_coldwater_port,strong
harbor_beach_mi,Harbor Beach,MI,lake_trout,Lake trout,harbor_beach_mi/lake_trout,11,Nov,11-15,3.024,reachable_coldwater_port,2.012,2.99,3.968,11-01,reachable_coldwater_port,strong
harbor_beach_mi,Harbor Beach,MI,lake_trout,Lake trout,harbor_beach_mi/lake_trout,12,Dec,12-15,1,none,1,1.228,1.944,12-01,reachable_coldwater_port,off_season
port_sanilac_mi,Port Sanilac,MI,atlantic_salmon,Atlantic salmon,port_sanilac_mi/atlantic_salmon,01,Jan,01-15,1,none,1,1,1,01-01,none,off_season
port_sanilac_mi,Port Sanilac,MI,atlantic_salmon,Atlantic salmon,port_sanilac_mi/atlantic_salmon,02,Feb,02-15,1,none,1,1.157,1.626,02-28,spring_breakwall,off_season
port_sanilac_mi,Port Sanilac,MI,atlantic_salmon,Atlantic salmon,port_sanilac_mi/atlantic_salmon,03,Mar,03-15,2.349,spring_breakwall,1.675,2.483,3.562,03-31,spring_breakwall,shoulder
port_sanilac_mi,Port Sanilac,MI,atlantic_salmon,Atlantic salmon,port_sanilac_mi/atlantic_salmon,04,Apr,04-15,4.887,spring_breakwall,3.65,4.897,5.876,04-30,spring_breakwall,peak
port_sanilac_mi,Port Sanilac,MI,atlantic_salmon,Atlantic salmon,port_sanilac_mi/atlantic_salmon,05,May,05-15,6.194,spring_breakwall,5.078,5.933,6.3,05-20,spring_breakwall,peak
port_sanilac_mi,Port Sanilac,MI,atlantic_salmon,Atlantic salmon,port_sanilac_mi/atlantic_salmon,06,Jun,06-15,3.411,spring_breakwall,1.927,3.389,4.966,06-01,spring_breakwall,strong
port_sanilac_mi,Port Sanilac,MI,atlantic_salmon,Atlantic salmon,port_sanilac_mi/atlantic_salmon,07,Jul,07-15,1,none,1,1.225,1.835,07-01,spring_breakwall,off_season
port_sanilac_mi,Port Sanilac,MI,atlantic_salmon,Atlantic salmon,port_sanilac_mi/atlantic_salmon,08,Aug,08-15,1.635,fall_harbor_return,1.348,1.697,2.328,08-31,fall_harbor_return,shoulder
port_sanilac_mi,Port Sanilac,MI,atlantic_salmon,Atlantic salmon,port_sanilac_mi/atlantic_salmon,09,Sep,09-15,3.547,fall_harbor_return,2.409,3.564,4.528,09-30,fall_harbor_return,strong
port_sanilac_mi,Port Sanilac,MI,atlantic_salmon,Atlantic salmon,port_sanilac_mi/atlantic_salmon,10,Oct,10-15,5.032,fall_harbor_return,4.008,4.763,5.2,10-20,fall_harbor_return,strong
port_sanilac_mi,Port Sanilac,MI,atlantic_salmon,Atlantic salmon,port_sanilac_mi/atlantic_salmon,11,Nov,11-15,2.382,fall_harbor_return,1.42,2.449,3.899,11-01,fall_harbor_return,shoulder
port_sanilac_mi,Port Sanilac,MI,atlantic_salmon,Atlantic salmon,port_sanilac_mi/atlantic_salmon,12,Dec,12-15,1,none,1,1.061,1.378,12-01,fall_harbor_return,off_season
port_sanilac_mi,Port Sanilac,MI,chinook_salmon,Chinook salmon,port_sanilac_mi/chinook_salmon,01,Jan,01-15,1,none,1,1,1,01-01,none,off_season
port_sanilac_mi,Port Sanilac,MI,chinook_salmon,Chinook salmon,port_sanilac_mi/chinook_salmon,02,Feb,02-15,1,none,1,1.081,1.325,02-28,spring_coldwater_transient,off_season
port_sanilac_mi,Port Sanilac,MI,chinook_salmon,Chinook salmon,port_sanilac_mi/chinook_salmon,03,Mar,03-15,1.7,spring_coldwater_transient,1.35,1.76,2.412,03-31,spring_coldwater_transient,shoulder
port_sanilac_mi,Port Sanilac,MI,chinook_salmon,Chinook salmon,port_sanilac_mi/chinook_salmon,04,Apr,04-15,3.568,spring_coldwater_transient,2.489,3.606,4.723,04-30,spring_coldwater_transient,peak
port_sanilac_mi,Port Sanilac,MI,chinook_salmon,Chinook salmon,port_sanilac_mi/chinook_salmon,05,May,05-15,3.869,spring_coldwater_transient,2.805,3.803,4.8,05-01,spring_coldwater_transient,peak
port_sanilac_mi,Port Sanilac,MI,chinook_salmon,Chinook salmon,port_sanilac_mi/chinook_salmon,06,Jun,06-15,1.869,spring_coldwater_transient,1.054,1.86,2.739,06-01,spring_coldwater_transient,shoulder
port_sanilac_mi,Port Sanilac,MI,chinook_salmon,Chinook salmon,port_sanilac_mi/chinook_salmon,07,Jul,07-15,1,none,1,1.171,1.622,07-31,fall_harbor_staging,off_season
port_sanilac_mi,Port Sanilac,MI,chinook_salmon,Chinook salmon,port_sanilac_mi/chinook_salmon,08,Aug,08-15,2.206,fall_harbor_staging,1.661,2.34,3.323,08-31,fall_harbor_staging,shoulder
port_sanilac_mi,Port Sanilac,MI,chinook_salmon,Chinook salmon,port_sanilac_mi/chinook_salmon,09,Sep,09-15,4.581,fall_harbor_staging,3.406,4.334,5,09-20,fall_harbor_staging,peak
port_sanilac_mi,Port Sanilac,MI,chinook_salmon,Chinook salmon,port_sanilac_mi/chinook_salmon,10,Oct,10-15,3.167,fall_harbor_staging,1.857,3.067,4.193,10-01,fall_harbor_staging,strong
port_sanilac_mi,Port Sanilac,MI,chinook_salmon,Chinook salmon,port_sanilac_mi/chinook_salmon,11,Nov,11-15,1,none,1,1.129,1.771,11-01,fall_harbor_staging,off_season
port_sanilac_mi,Port Sanilac,MI,chinook_salmon,Chinook salmon,port_sanilac_mi/chinook_salmon,12,Dec,12-15,1,none,1,1,1,12-01,none,off_season
port_sanilac_mi,Port Sanilac,MI,brown_trout,Brown trout,port_sanilac_mi/brown_trout,01,Jan,01-15,1,none,1,1.093,1.338,01-31,spring_nearshore,off_season
port_sanilac_mi,Port Sanilac,MI,brown_trout,Brown trout,port_sanilac_mi/brown_trout,02,Feb,02-15,1.654,spring_nearshore,1.359,1.644,1.929,02-28,spring_nearshore,off_season
port_sanilac_mi,Port Sanilac,MI,brown_trout,Brown trout,port_sanilac_mi/brown_trout,03,Mar,03-15,2.748,spring_nearshore,1.95,2.805,3.66,03-31,spring_nearshore,strong
port_sanilac_mi,Port Sanilac,MI,brown_trout,Brown trout,port_sanilac_mi/brown_trout,04,Apr,04-15,4.515,spring_nearshore,3.717,4.349,4.8,04-20,spring_nearshore,peak
port_sanilac_mi,Port Sanilac,MI,brown_trout,Brown trout,port_sanilac_mi/brown_trout,05,May,05-15,3.579,spring_nearshore,2.751,3.525,4.263,05-01,spring_nearshore,peak
port_sanilac_mi,Port Sanilac,MI,brown_trout,Brown trout,port_sanilac_mi/brown_trout,06,Jun,06-15,1.904,spring_nearshore,1.056,1.876,2.695,06-01,spring_nearshore,shoulder
port_sanilac_mi,Port Sanilac,MI,brown_trout,Brown trout,port_sanilac_mi/brown_trout,07,Jul,07-15,1,none,1,1.075,1.273,07-31,fall_coolwater_return,off_season
port_sanilac_mi,Port Sanilac,MI,brown_trout,Brown trout,port_sanilac_mi/brown_trout,08,Aug,08-15,1.529,fall_coolwater_return,1.29,1.581,2.106,08-31,fall_coolwater_return,shoulder
port_sanilac_mi,Port Sanilac,MI,brown_trout,Brown trout,port_sanilac_mi/brown_trout,09,Sep,09-15,3.123,fall_coolwater_return,2.174,3.137,3.94,09-30,fall_coolwater_return,strong
port_sanilac_mi,Port Sanilac,MI,brown_trout,Brown trout,port_sanilac_mi/brown_trout,10,Oct,10-15,4.36,fall_coolwater_return,3.444,4.124,4.5,10-20,fall_coolwater_return,peak
port_sanilac_mi,Port Sanilac,MI,brown_trout,Brown trout,port_sanilac_mi/brown_trout,11,Nov,11-15,2.005,fall_coolwater_return,1.262,2.085,3.348,11-01,fall_coolwater_return,strong
port_sanilac_mi,Port Sanilac,MI,brown_trout,Brown trout,port_sanilac_mi/brown_trout,12,Dec,12-15,1,none,1,1.038,1.236,12-01,fall_coolwater_return,off_season
port_sanilac_mi,Port Sanilac,MI,lake_trout,Lake trout,port_sanilac_mi/lake_trout,01,Jan,01-15,1,none,1,1.088,1.32,01-31,reachable_coldwater_port,off_season
port_sanilac_mi,Port Sanilac,MI,lake_trout,Lake trout,port_sanilac_mi/lake_trout,02,Feb,02-15,1.62,reachable_coldwater_port,1.34,1.61,1.88,02-28,reachable_coldwater_port,off_season
port_sanilac_mi,Port Sanilac,MI,lake_trout,Lake trout,port_sanilac_mi/lake_trout,03,Mar,03-15,2.726,reachable_coldwater_port,1.9,2.785,3.67,03-31,reachable_coldwater_port,shoulder
port_sanilac_mi,Port Sanilac,MI,lake_trout,Lake trout,port_sanilac_mi/lake_trout,04,Apr,04-15,4.556,reachable_coldwater_port,3.73,4.585,5.441,04-30,reachable_coldwater_port,peak
port_sanilac_mi,Port Sanilac,MI,lake_trout,Lake trout,port_sanilac_mi/lake_trout,05,May,05-15,5.08,reachable_coldwater_port,4.6,5.05,5.5,05-01,reachable_coldwater_port,peak
port_sanilac_mi,Port Sanilac,MI,lake_trout,Lake trout,port_sanilac_mi/lake_trout,06,Jun,06-15,4.15,reachable_coldwater_port,3.7,4.135,4.57,06-01,reachable_coldwater_port,strong
port_sanilac_mi,Port Sanilac,MI,lake_trout,Lake trout,port_sanilac_mi/lake_trout,07,Jul,07-15,3.25,reachable_coldwater_port,3.25,3.383,3.67,07-01,reachable_coldwater_port,shoulder
port_sanilac_mi,Port Sanilac,MI,lake_trout,Lake trout,port_sanilac_mi/lake_trout,08,Aug,08-15,3.475,reachable_coldwater_port,3.373,3.482,3.591,08-31,reachable_coldwater_port,shoulder
port_sanilac_mi,Port Sanilac,MI,lake_trout,Lake trout,port_sanilac_mi/lake_trout,09,Sep,09-15,3.7,reachable_coldwater_port,3.598,3.752,3.989,09-30,reachable_coldwater_port,strong
port_sanilac_mi,Port Sanilac,MI,lake_trout,Lake trout,port_sanilac_mi/lake_trout,10,Oct,10-15,4.279,reachable_coldwater_port,3.712,4.128,4.375,10-20,reachable_coldwater_port,strong
port_sanilac_mi,Port Sanilac,MI,lake_trout,Lake trout,port_sanilac_mi/lake_trout,11,Nov,11-15,2.808,reachable_coldwater_port,1.904,2.778,3.652,11-01,reachable_coldwater_port,shoulder
port_sanilac_mi,Port Sanilac,MI,lake_trout,Lake trout,port_sanilac_mi/lake_trout,12,Dec,12-15,1,none,1,1.204,1.844,12-01,reachable_coldwater_port,off_season
two_rivers_wi,Two Rivers,WI,chinook_salmon,Chinook salmon,two_rivers_wi/chinook_salmon,01,Jan,01-15,1,none,1,1,1,01-01,none,off_season
two_rivers_wi,Two Rivers,WI,chinook_salmon,Chinook salmon,two_rivers_wi/chinook_salmon,02,Feb,02-15,1,none,1,1,1,02-01,none,off_season
two_rivers_wi,Two Rivers,WI,chinook_salmon,Chinook salmon,two_rivers_wi/chinook_salmon,03,Mar,03-15,1,none,1,1.086,1.314,03-31,spring_nearshore_transient,off_season
two_rivers_wi,Two Rivers,WI,chinook_salmon,Chinook salmon,two_rivers_wi/chinook_salmon,04,Apr,04-15,1.608,spring_nearshore_transient,1.333,1.649,2.075,04-30,spring_nearshore_transient,off_season
two_rivers_wi,Two Rivers,WI,chinook_salmon,Chinook salmon,two_rivers_wi/chinook_salmon,05,May,05-15,2.63,spring_nearshore_transient,2.112,2.659,3.184,05-31,spring_nearshore_transient,shoulder
two_rivers_wi,Two Rivers,WI,chinook_salmon,Chinook salmon,two_rivers_wi/chinook_salmon,06,Jun,06-15,2.974,spring_nearshore_transient,1.882,2.812,3.52,06-10,spring_nearshore_transient,shoulder
two_rivers_wi,Two Rivers,WI,chinook_salmon,Chinook salmon,two_rivers_wi/chinook_salmon,07,Jul,07-15,4.731,summer_coldwater_pulse,2.642,4.56,5.949,07-31,summer_coldwater_pulse,strong
two_rivers_wi,Two Rivers,WI,chinook_salmon,Chinook salmon,two_rivers_wi/chinook_salmon,08,Aug,08-15,5.264,summer_coldwater_pulse,4.926,5.918,7.378,08-31,fall_harbor_staging,peak
two_rivers_wi,Two Rivers,WI,chinook_salmon,Chinook salmon,two_rivers_wi/chinook_salmon,09,Sep,09-15,7.561,fall_harbor_staging,4.737,7.136,8.4,09-05,fall_harbor_staging,peak
two_rivers_wi,Two Rivers,WI,chinook_salmon,Chinook salmon,two_rivers_wi/chinook_salmon,10,Oct,10-15,2.029,fall_harbor_staging,1.061,2.23,4.497,10-01,fall_harbor_staging,shoulder
two_rivers_wi,Two Rivers,WI,chinook_salmon,Chinook salmon,two_rivers_wi/chinook_salmon,11,Nov,11-15,1,none,1,1,1,11-01,none,off_season
two_rivers_wi,Two Rivers,WI,chinook_salmon,Chinook salmon,two_rivers_wi/chinook_salmon,12,Dec,12-15,1,none,1,1,1,12-01,none,off_season
two_rivers_wi,Two Rivers,WI,coho_salmon,Coho salmon,two_rivers_wi/coho_salmon,01,Jan,01-15,1,none,1,1,1,01-01,none,off_season
two_rivers_wi,Two Rivers,WI,coho_salmon,Coho salmon,two_rivers_wi/coho_salmon,02,Feb,02-15,1,none,1,1.243,1.973,02-28,spring_nearshore,off_season
two_rivers_wi,Two Rivers,WI,coho_salmon,Coho salmon,two_rivers_wi/coho_salmon,03,Mar,03-15,3.096,spring_nearshore,2.048,3.219,4.542,03-31,spring_nearshore,shoulder
two_rivers_wi,Two Rivers,WI,coho_salmon,Coho salmon,two_rivers_wi/coho_salmon,04,Apr,04-15,6.003,spring_nearshore,4.639,5.789,6.49,04-20,spring_nearshore,peak
two_rivers_wi,Two Rivers,WI,coho_salmon,Coho salmon,two_rivers_wi/coho_salmon,05,May,05-15,5.346,spring_nearshore,4.046,5.191,5.987,05-01,spring_nearshore,strong
two_rivers_wi,Two Rivers,WI,coho_salmon,Coho salmon,two_rivers_wi/coho_salmon,06,Jun,06-15,2.585,spring_nearshore,2.286,3.101,3.949,06-01,spring_nearshore,shoulder
two_rivers_wi,Two Rivers,WI,coho_salmon,Coho salmon,two_rivers_wi/coho_salmon,07,Jul,07-15,6,summer_coldwater_pulse,4,5.199,6,07-15,summer_coldwater_pulse,strong
two_rivers_wi,Two Rivers,WI,coho_salmon,Coho salmon,two_rivers_wi/coho_salmon,08,Aug,08-15,3.761,summer_coldwater_pulse,2.423,3.625,4.772,08-01,summer_coldwater_pulse,strong
two_rivers_wi,Two Rivers,WI,coho_salmon,Coho salmon,two_rivers_wi/coho_salmon,09,Sep,09-15,4.457,fall_harbor_staging,2.728,4.533,6.439,09-30,fall_harbor_staging,peak
two_rivers_wi,Two Rivers,WI,coho_salmon,Coho salmon,two_rivers_wi/coho_salmon,10,Oct,10-15,6.185,fall_harbor_staging,4.454,5.991,7.1,10-05,fall_harbor_staging,peak
two_rivers_wi,Two Rivers,WI,coho_salmon,Coho salmon,two_rivers_wi/coho_salmon,11,Nov,11-15,2.412,fall_harbor_staging,1.366,2.527,4.317,11-01,fall_harbor_staging,shoulder
two_rivers_wi,Two Rivers,WI,coho_salmon,Coho salmon,two_rivers_wi/coho_salmon,12,Dec,12-15,1,none,1,1.053,1.329,12-01,fall_harbor_staging,off_season
two_rivers_wi,Two Rivers,WI,steelhead,Steelhead,two_rivers_wi/steelhead,01,Jan,01-15,3.242,winter_spring_thermal_front,3.197,3.271,3.368,01-31,winter_spring_thermal_front,shoulder
two_rivers_wi,Two Rivers,WI,steelhead,Steelhead,two_rivers_wi/steelhead,02,Feb,02-15,3.486,winter_spring_thermal_front,3.376,3.646,4.243,02-28,winter_spring_thermal_front,shoulder
two_rivers_wi,Two Rivers,WI,steelhead,Steelhead,two_rivers_wi/steelhead,03,Mar,03-15,5.116,winter_spring_thermal_front,4.301,5.174,6.047,03-31,winter_spring_thermal_front,strong
two_rivers_wi,Two Rivers,WI,steelhead,Steelhead,two_rivers_wi/steelhead,04,Apr,04-15,6.92,winter_spring_thermal_front,6.105,6.513,6.92,04-15,winter_spring_thermal_front,peak
two_rivers_wi,Two Rivers,WI,steelhead,Steelhead,two_rivers_wi/steelhead,05,May,05-15,5.398,winter_spring_thermal_front,3.884,5.211,6.108,05-01,winter_spring_thermal_front,strong
two_rivers_wi,Two Rivers,WI,steelhead,Steelhead,two_rivers_wi/steelhead,06,Jun,06-15,2.165,winter_spring_thermal_front,1.936,2.861,3.769,06-01,winter_spring_thermal_front,shoulder
two_rivers_wi,Two Rivers,WI,steelhead,Steelhead,two_rivers_wi/steelhead,07,Jul,07-15,5.681,summer_coldwater_pulse,3.809,5.388,6.35,07-20,summer_coldwater_pulse,strong
two_rivers_wi,Two Rivers,WI,steelhead,Steelhead,two_rivers_wi/steelhead,08,Aug,08-15,4.611,summer_coldwater_pulse,3.102,4.495,5.548,08-01,summer_coldwater_pulse,strong
two_rivers_wi,Two Rivers,WI,steelhead,Steelhead,two_rivers_wi/steelhead,09,Sep,09-15,3.114,fall_harbor_staging,2.382,3.294,4.6,09-30,fall_harbor_staging,shoulder
two_rivers_wi,Two Rivers,WI,steelhead,Steelhead,two_rivers_wi/steelhead,10,Oct,10-15,6.22,fall_harbor_staging,4.708,6.206,7.3,10-25,fall_harbor_staging,peak
two_rivers_wi,Two Rivers,WI,steelhead,Steelhead,two_rivers_wi/steelhead,11,Nov,11-15,5.773,fall_harbor_staging,4.738,5.747,6.791,11-01,fall_harbor_staging,peak
two_rivers_wi,Two Rivers,WI,steelhead,Steelhead,two_rivers_wi/steelhead,12,Dec,12-15,3.73,fall_harbor_staging,3.286,3.785,4.671,12-01,fall_harbor_staging,shoulder
two_rivers_wi,Two Rivers,WI,brown_trout,Brown trout,two_rivers_wi/brown_trout,01,Jan,01-15,3.72,fall_harbor,3.597,3.729,3.891,01-01,fall_harbor,shoulder
two_rivers_wi,Two Rivers,WI,brown_trout,Brown trout,two_rivers_wi/brown_trout,02,Feb,02-15,4.1,spring_nearshore,3.753,4.194,4.846,02-28,spring_nearshore,strong
two_rivers_wi,Two Rivers,WI,brown_trout,Brown trout,two_rivers_wi/brown_trout,03,Mar,03-15,5.707,spring_nearshore,4.904,5.765,6.626,03-31,spring_nearshore,peak
two_rivers_wi,Two Rivers,WI,brown_trout,Brown trout,two_rivers_wi/brown_trout,04,Apr,04-15,6.908,spring_nearshore,6.031,6.705,7.2,04-10,spring_nearshore,peak
two_rivers_wi,Two Rivers,WI,brown_trout,Brown trout,two_rivers_wi/brown_trout,05,May,05-15,5.154,spring_nearshore,3.394,4.869,5.972,05-01,spring_nearshore,strong
two_rivers_wi,Two Rivers,WI,brown_trout,Brown trout,two_rivers_wi/brown_trout,06,Jun,06-15,1.87,fall_harbor,1.686,2.148,3.284,06-01,spring_nearshore,shoulder
two_rivers_wi,Two Rivers,WI,brown_trout,Brown trout,two_rivers_wi/brown_trout,07,Jul,07-15,1.502,fall_harbor,1.329,1.491,1.674,07-01,fall_harbor,off_season
two_rivers_wi,Two Rivers,WI,brown_trout,Brown trout,two_rivers_wi/brown_trout,08,Aug,08-15,1.511,spring_nearshore,1.352,1.522,1.692,08-31,spring_nearshore,off_season
two_rivers_wi,Two Rivers,WI,brown_trout,Brown trout,two_rivers_wi/brown_trout,09,Sep,09-15,1.862,spring_nearshore,1.703,1.987,2.478,09-30,fall_harbor,off_season
two_rivers_wi,Two Rivers,WI,brown_trout,Brown trout,two_rivers_wi/brown_trout,10,Oct,10-15,3.506,fall_harbor,2.519,3.577,4.635,10-31,fall_harbor,shoulder
two_rivers_wi,Two Rivers,WI,brown_trout,Brown trout,two_rivers_wi/brown_trout,11,Nov,11-15,5.177,fall_harbor,4.689,5.006,5.34,11-10,fall_harbor,strong
two_rivers_wi,Two Rivers,WI,brown_trout,Brown trout,two_rivers_wi/brown_trout,12,Dec,12-15,4.201,fall_harbor,3.903,4.211,4.656,12-01,fall_harbor,shoulder
kewaunee_wi,Kewaunee,WI,chinook_salmon,Chinook salmon,kewaunee_wi/chinook_salmon,01,Jan,01-15,1,none,1,1,1,01-01,none,off_season
kewaunee_wi,Kewaunee,WI,chinook_salmon,Chinook salmon,kewaunee_wi/chinook_salmon,02,Feb,02-15,1,none,1,1,1,02-01,none,off_season
kewaunee_wi,Kewaunee,WI,chinook_salmon,Chinook salmon,kewaunee_wi/chinook_salmon,03,Mar,03-15,1,none,1,1.094,1.342,03-31,spring_nearshore_transient,off_season
kewaunee_wi,Kewaunee,WI,chinook_salmon,Chinook salmon,kewaunee_wi/chinook_salmon,04,Apr,04-15,1.663,spring_nearshore_transient,1.364,1.708,2.173,04-30,spring_nearshore_transient,off_season
kewaunee_wi,Kewaunee,WI,chinook_salmon,Chinook salmon,kewaunee_wi/chinook_salmon,05,May,05-15,2.778,spring_nearshore_transient,2.214,2.811,3.383,05-31,spring_nearshore_transient,shoulder
kewaunee_wi,Kewaunee,WI,chinook_salmon,Chinook salmon,kewaunee_wi/chinook_salmon,06,Jun,06-15,3.154,spring_nearshore_transient,1.962,2.978,3.75,06-10,spring_nearshore_transient,shoulder
kewaunee_wi,Kewaunee,WI,chinook_salmon,Chinook salmon,kewaunee_wi/chinook_salmon,07,Jul,07-15,5.081,summer_coldwater_pulse,2.796,4.893,6.414,07-31,summer_coldwater_pulse,strong
kewaunee_wi,Kewaunee,WI,chinook_salmon,Chinook salmon,kewaunee_wi/chinook_salmon,08,Aug,08-15,5.664,summer_coldwater_pulse,5.297,6.381,7.981,08-31,fall_harbor_staging,peak
kewaunee_wi,Kewaunee,WI,chinook_salmon,Chinook salmon,kewaunee_wi/chinook_salmon,09,Sep,09-15,8.182,fall_harbor_staging,5.09,7.717,9.1,09-05,fall_harbor_staging,peak
kewaunee_wi,Kewaunee,WI,chinook_salmon,Chinook salmon,kewaunee_wi/chinook_salmon,10,Oct,10-15,2.127,fall_harbor_staging,1.066,2.346,4.827,10-01,fall_harbor_staging,shoulder
kewaunee_wi,Kewaunee,WI,chinook_salmon,Chinook salmon,kewaunee_wi/chinook_salmon,11,Nov,11-15,1,none,1,1,1,11-01,none,off_season
kewaunee_wi,Kewaunee,WI,chinook_salmon,Chinook salmon,kewaunee_wi/chinook_salmon,12,Dec,12-15,1,none,1,1,1,12-01,none,off_season
kewaunee_wi,Kewaunee,WI,coho_salmon,Coho salmon,kewaunee_wi/coho_salmon,01,Jan,01-15,1,none,1,1,1,01-01,none,off_season
kewaunee_wi,Kewaunee,WI,coho_salmon,Coho salmon,kewaunee_wi/coho_salmon,02,Feb,02-15,1,none,1,1.231,1.925,02-28,spring_nearshore,off_season
kewaunee_wi,Kewaunee,WI,coho_salmon,Coho salmon,kewaunee_wi/coho_salmon,03,Mar,03-15,2.993,spring_nearshore,1.997,3.11,4.368,03-31,spring_nearshore,shoulder
kewaunee_wi,Kewaunee,WI,coho_salmon,Coho salmon,kewaunee_wi/coho_salmon,04,Apr,04-15,5.757,spring_nearshore,4.46,5.554,6.22,04-20,spring_nearshore,peak
kewaunee_wi,Kewaunee,WI,coho_salmon,Coho salmon,kewaunee_wi/coho_salmon,05,May,05-15,5.132,spring_nearshore,3.896,4.984,5.741,05-01,spring_nearshore,strong
kewaunee_wi,Kewaunee,WI,coho_salmon,Coho salmon,kewaunee_wi/coho_salmon,06,Jun,06-15,2.507,spring_nearshore,2.224,2.999,3.804,06-01,spring_nearshore,shoulder
kewaunee_wi,Kewaunee,WI,coho_salmon,Coho salmon,kewaunee_wi/coho_salmon,07,Jul,07-15,5.76,summer_coldwater_pulse,3.856,4.998,5.76,07-15,summer_coldwater_pulse,strong
kewaunee_wi,Kewaunee,WI,coho_salmon,Coho salmon,kewaunee_wi/coho_salmon,08,Aug,08-15,3.629,summer_coldwater_pulse,2.353,3.499,4.591,08-01,summer_coldwater_pulse,strong
kewaunee_wi,Kewaunee,WI,coho_salmon,Coho salmon,kewaunee_wi/coho_salmon,09,Sep,09-15,4.287,fall_harbor_staging,2.643,4.359,6.172,09-30,fall_harbor_staging,peak
kewaunee_wi,Kewaunee,WI,coho_salmon,Coho salmon,kewaunee_wi/coho_salmon,10,Oct,10-15,5.93,fall_harbor_staging,4.284,5.746,6.8,10-05,fall_harbor_staging,peak
kewaunee_wi,Kewaunee,WI,coho_salmon,Coho salmon,kewaunee_wi/coho_salmon,11,Nov,11-15,2.343,fall_harbor_staging,1.348,2.452,4.154,11-01,fall_harbor_staging,shoulder
kewaunee_wi,Kewaunee,WI,coho_salmon,Coho salmon,kewaunee_wi/coho_salmon,12,Dec,12-15,1,none,1,1.051,1.313,12-01,fall_harbor_staging,off_season
kewaunee_wi,Kewaunee,WI,steelhead,Steelhead,kewaunee_wi/steelhead,01,Jan,01-15,3.42,winter_spring_thermal_front,3.371,3.451,3.556,01-31,winter_spring_thermal_front,shoulder
kewaunee_wi,Kewaunee,WI,steelhead,Steelhead,kewaunee_wi/steelhead,02,Feb,02-15,3.684,winter_spring_thermal_front,3.565,3.856,4.5,02-28,winter_spring_thermal_front,shoulder
kewaunee_wi,Kewaunee,WI,steelhead,Steelhead,kewaunee_wi/steelhead,03,Mar,03-15,5.443,winter_spring_thermal_front,4.563,5.505,6.448,03-31,winter_spring_thermal_front,strong
kewaunee_wi,Kewaunee,WI,steelhead,Steelhead,kewaunee_wi/steelhead,04,Apr,04-15,7.39,winter_spring_thermal_front,6.511,6.951,7.39,04-15,winter_spring_thermal_front,peak
kewaunee_wi,Kewaunee,WI,steelhead,Steelhead,kewaunee_wi/steelhead,05,May,05-15,5.747,winter_spring_thermal_front,4.113,5.545,6.514,05-01,winter_spring_thermal_front,strong
kewaunee_wi,Kewaunee,WI,steelhead,Steelhead,kewaunee_wi/steelhead,06,Jun,06-15,2.257,winter_spring_thermal_front,2.011,3.01,3.989,06-01,winter_spring_thermal_front,shoulder
kewaunee_wi,Kewaunee,WI,steelhead,Steelhead,kewaunee_wi/steelhead,07,Jul,07-15,6.058,summer_coldwater_pulse,4.035,5.741,6.78,07-20,summer_coldwater_pulse,peak
kewaunee_wi,Kewaunee,WI,steelhead,Steelhead,kewaunee_wi/steelhead,08,Aug,08-15,4.902,summer_coldwater_pulse,3.271,4.776,5.913,08-01,summer_coldwater_pulse,strong
kewaunee_wi,Kewaunee,WI,steelhead,Steelhead,kewaunee_wi/steelhead,09,Sep,09-15,3.281,fall_harbor_staging,2.492,3.476,4.886,09-30,fall_harbor_staging,shoulder
kewaunee_wi,Kewaunee,WI,steelhead,Steelhead,kewaunee_wi/steelhead,10,Oct,10-15,6.634,fall_harbor_staging,5.002,6.619,7.8,10-25,fall_harbor_staging,peak
kewaunee_wi,Kewaunee,WI,steelhead,Steelhead,kewaunee_wi/steelhead,11,Nov,11-15,6.152,fall_harbor_staging,5.035,6.124,7.251,11-01,fall_harbor_staging,peak
kewaunee_wi,Kewaunee,WI,steelhead,Steelhead,kewaunee_wi/steelhead,12,Dec,12-15,3.947,fall_harbor_staging,3.467,4.006,4.962,12-01,fall_harbor_staging,shoulder
kewaunee_wi,Kewaunee,WI,brown_trout,Brown trout,kewaunee_wi/brown_trout,01,Jan,01-15,3.807,fall_harbor,3.681,3.817,3.984,01-01,fall_harbor,shoulder
kewaunee_wi,Kewaunee,WI,brown_trout,Brown trout,kewaunee_wi/brown_trout,02,Feb,02-15,4.2,spring_nearshore,3.842,4.297,4.97,02-28,spring_nearshore,strong
kewaunee_wi,Kewaunee,WI,brown_trout,Brown trout,kewaunee_wi/brown_trout,03,Mar,03-15,5.859,spring_nearshore,5.03,5.919,6.807,03-31,spring_nearshore,peak
kewaunee_wi,Kewaunee,WI,brown_trout,Brown trout,kewaunee_wi/brown_trout,04,Apr,04-15,7.098,spring_nearshore,6.193,6.889,7.4,04-10,spring_nearshore,peak
kewaunee_wi,Kewaunee,WI,brown_trout,Brown trout,kewaunee_wi/brown_trout,05,May,05-15,5.288,spring_nearshore,3.471,4.994,6.133,05-01,spring_nearshore,strong
kewaunee_wi,Kewaunee,WI,brown_trout,Brown trout,kewaunee_wi/brown_trout,06,Jun,06-15,1.898,fall_harbor,1.708,2.185,3.358,06-01,spring_nearshore,shoulder
kewaunee_wi,Kewaunee,WI,brown_trout,Brown trout,kewaunee_wi/brown_trout,07,Jul,07-15,1.518,fall_harbor,1.34,1.507,1.695,07-01,fall_harbor,off_season
kewaunee_wi,Kewaunee,WI,brown_trout,Brown trout,kewaunee_wi/brown_trout,08,Aug,08-15,1.527,spring_nearshore,1.363,1.539,1.714,08-31,spring_nearshore,off_season
kewaunee_wi,Kewaunee,WI,brown_trout,Brown trout,kewaunee_wi/brown_trout,09,Sep,09-15,1.89,spring_nearshore,1.726,2.019,2.526,09-30,fall_harbor,off_season
kewaunee_wi,Kewaunee,WI,brown_trout,Brown trout,kewaunee_wi/brown_trout,10,Oct,10-15,3.587,fall_harbor,2.568,3.66,4.752,10-31,fall_harbor,shoulder
kewaunee_wi,Kewaunee,WI,brown_trout,Brown trout,kewaunee_wi/brown_trout,11,Nov,11-15,5.312,fall_harbor,4.808,5.136,5.48,11-10,fall_harbor,strong
kewaunee_wi,Kewaunee,WI,brown_trout,Brown trout,kewaunee_wi/brown_trout,12,Dec,12-15,4.304,fall_harbor,3.997,4.315,4.774,12-01,fall_harbor,shoulder
kewaunee_wi,Kewaunee,WI,lake_trout,Lake trout,kewaunee_wi/lake_trout,01,Jan,01-15,2.892,cold_season_nearshore,2.76,2.902,3.043,01-31,cold_season_nearshore,strong
kewaunee_wi,Kewaunee,WI,lake_trout,Lake trout,kewaunee_wi/lake_trout,02,Feb,02-15,3.185,cold_season_nearshore,3.053,3.18,3.307,02-28,cold_season_nearshore,strong
kewaunee_wi,Kewaunee,WI,lake_trout,Lake trout,kewaunee_wi/lake_trout,03,Mar,03-15,3.449,cold_season_nearshore,3.077,3.357,3.496,03-20,cold_season_nearshore,strong
kewaunee_wi,Kewaunee,WI,lake_trout,Lake trout,kewaunee_wi/lake_trout,04,Apr,04-15,2.506,cold_season_nearshore,1.934,2.486,3.039,04-01,cold_season_nearshore,strong
kewaunee_wi,Kewaunee,WI,lake_trout,Lake trout,kewaunee_wi/lake_trout,05,May,05-15,1.491,cold_season_nearshore,1.186,1.494,1.896,05-01,cold_season_nearshore,shoulder
kewaunee_wi,Kewaunee,WI,lake_trout,Lake trout,kewaunee_wi/lake_trout,06,Jun,06-15,1.805,summer_coldwater_pulse,1.372,1.852,2.44,06-30,summer_coldwater_pulse,shoulder
kewaunee_wi,Kewaunee,WI,lake_trout,Lake trout,kewaunee_wi/lake_trout,07,Jul,07-15,3.16,summer_coldwater_pulse,2.488,3.023,3.4,07-20,summer_coldwater_pulse,strong
kewaunee_wi,Kewaunee,WI,lake_trout,Lake trout,kewaunee_wi/lake_trout,08,Aug,08-15,2.395,summer_coldwater_pulse,1.775,2.356,2.936,08-01,summer_coldwater_pulse,strong
kewaunee_wi,Kewaunee,WI,lake_trout,Lake trout,kewaunee_wi/lake_trout,09,Sep,09-15,1.194,summer_coldwater_pulse,1,1.413,1.914,09-30,cold_season_nearshore,shoulder
kewaunee_wi,Kewaunee,WI,lake_trout,Lake trout,kewaunee_wi/lake_trout,10,Oct,10-15,3.286,cold_season_nearshore,2.006,3.299,4.2,10-25,cold_season_nearshore,peak
kewaunee_wi,Kewaunee,WI,lake_trout,Lake trout,kewaunee_wi/lake_trout,11,Nov,11-15,3.683,cold_season_nearshore,3.365,3.68,4.028,11-01,cold_season_nearshore,peak
kewaunee_wi,Kewaunee,WI,lake_trout,Lake trout,kewaunee_wi/lake_trout,12,Dec,12-15,3.072,cold_season_nearshore,2.76,3.053,3.345,12-01,cold_season_nearshore,strong
algoma_wi,Algoma,WI,chinook_salmon,Chinook salmon,algoma_wi/chinook_salmon,01,Jan,01-15,1,none,1,1,1,01-01,none,off_season
algoma_wi,Algoma,WI,chinook_salmon,Chinook salmon,algoma_wi/chinook_salmon,02,Feb,02-15,1,none,1,1,1,02-01,none,off_season
algoma_wi,Algoma,WI,chinook_salmon,Chinook salmon,algoma_wi/chinook_salmon,03,Mar,03-15,1,none,1,1.093,1.338,03-31,spring_nearshore_transient,off_season
algoma_wi,Algoma,WI,chinook_salmon,Chinook salmon,algoma_wi/chinook_salmon,04,Apr,04-15,1.656,spring_nearshore_transient,1.36,1.701,2.161,04-30,spring_nearshore_transient,off_season
algoma_wi,Algoma,WI,chinook_salmon,Chinook salmon,algoma_wi/chinook_salmon,05,May,05-15,2.759,spring_nearshore_transient,2.2,2.791,3.357,05-31,spring_nearshore_transient,shoulder
algoma_wi,Algoma,WI,chinook_salmon,Chinook salmon,algoma_wi/chinook_salmon,06,Jun,06-15,3.131,spring_nearshore_transient,1.952,2.956,3.72,06-10,spring_nearshore_transient,shoulder
algoma_wi,Algoma,WI,chinook_salmon,Chinook salmon,algoma_wi/chinook_salmon,07,Jul,07-15,5.032,summer_coldwater_pulse,2.774,4.847,6.349,07-31,summer_coldwater_pulse,strong
algoma_wi,Algoma,WI,chinook_salmon,Chinook salmon,algoma_wi/chinook_salmon,08,Aug,08-15,5.608,summer_coldwater_pulse,5.244,6.315,7.895,08-31,fall_harbor_staging,peak
algoma_wi,Algoma,WI,chinook_salmon,Chinook salmon,algoma_wi/chinook_salmon,09,Sep,09-15,8.093,fall_harbor_staging,5.04,7.634,9,09-05,fall_harbor_staging,peak
algoma_wi,Algoma,WI,chinook_salmon,Chinook salmon,algoma_wi/chinook_salmon,10,Oct,10-15,2.113,fall_harbor_staging,1.065,2.33,4.78,10-01,fall_harbor_staging,shoulder
algoma_wi,Algoma,WI,chinook_salmon,Chinook salmon,algoma_wi/chinook_salmon,11,Nov,11-15,1,none,1,1,1,11-01,none,off_season
algoma_wi,Algoma,WI,chinook_salmon,Chinook salmon,algoma_wi/chinook_salmon,12,Dec,12-15,1,none,1,1,1,12-01,none,off_season
algoma_wi,Algoma,WI,coho_salmon,Coho salmon,algoma_wi/coho_salmon,01,Jan,01-15,1,none,1,1,1,01-01,none,off_season
algoma_wi,Algoma,WI,coho_salmon,Coho salmon,algoma_wi/coho_salmon,02,Feb,02-15,1,none,1,1.239,1.957,02-28,spring_nearshore,off_season
algoma_wi,Algoma,WI,coho_salmon,Coho salmon,algoma_wi/coho_salmon,03,Mar,03-15,3.062,spring_nearshore,2.031,3.183,4.484,03-31,spring_nearshore,shoulder
algoma_wi,Algoma,WI,coho_salmon,Coho salmon,algoma_wi/coho_salmon,04,Apr,04-15,5.921,spring_nearshore,4.58,5.711,6.4,04-20,spring_nearshore,peak
algoma_wi,Algoma,WI,coho_salmon,Coho salmon,algoma_wi/coho_salmon,05,May,05-15,5.275,spring_nearshore,3.996,5.122,5.905,05-01,spring_nearshore,strong
algoma_wi,Algoma,WI,coho_salmon,Coho salmon,algoma_wi/coho_salmon,06,Jun,06-15,2.559,spring_nearshore,2.265,3.067,3.9,06-01,spring_nearshore,shoulder
algoma_wi,Algoma,WI,coho_salmon,Coho salmon,algoma_wi/coho_salmon,07,Jul,07-15,5.92,summer_coldwater_pulse,3.952,5.132,5.92,07-15,summer_coldwater_pulse,strong
algoma_wi,Algoma,WI,coho_salmon,Coho salmon,algoma_wi/coho_salmon,08,Aug,08-15,3.717,summer_coldwater_pulse,2.4,3.583,4.712,08-01,summer_coldwater_pulse,strong
algoma_wi,Algoma,WI,coho_salmon,Coho salmon,algoma_wi/coho_salmon,09,Sep,09-15,4.4,fall_harbor_staging,2.7,4.475,6.35,09-30,fall_harbor_staging,peak
algoma_wi,Algoma,WI,coho_salmon,Coho salmon,algoma_wi/coho_salmon,10,Oct,10-15,6.1,fall_harbor_staging,4.397,5.909,7,10-05,fall_harbor_staging,peak
algoma_wi,Algoma,WI,coho_salmon,Coho salmon,algoma_wi/coho_salmon,11,Nov,11-15,2.389,fall_harbor_staging,1.36,2.502,4.263,11-01,fall_harbor_staging,shoulder
algoma_wi,Algoma,WI,coho_salmon,Coho salmon,algoma_wi/coho_salmon,12,Dec,12-15,1,none,1,1.052,1.324,12-01,fall_harbor_staging,off_season
algoma_wi,Algoma,WI,steelhead,Steelhead,algoma_wi/steelhead,01,Jan,01-15,3.386,winter_spring_thermal_front,3.336,3.416,3.52,01-31,winter_spring_thermal_front,shoulder
algoma_wi,Algoma,WI,steelhead,Steelhead,algoma_wi/steelhead,02,Feb,02-15,3.646,winter_spring_thermal_front,3.528,3.816,4.451,02-28,winter_spring_thermal_front,shoulder
algoma_wi,Algoma,WI,steelhead,Steelhead,algoma_wi/steelhead,03,Mar,03-15,5.38,winter_spring_thermal_front,4.513,5.442,6.371,03-31,winter_spring_thermal_front,strong
algoma_wi,Algoma,WI,steelhead,Steelhead,algoma_wi/steelhead,04,Apr,04-15,7.3,winter_spring_thermal_front,6.433,6.867,7.3,04-15,winter_spring_thermal_front,peak
algoma_wi,Algoma,WI,steelhead,Steelhead,algoma_wi/steelhead,05,May,05-15,5.68,winter_spring_thermal_front,4.069,5.481,6.436,05-01,winter_spring_thermal_front,strong
algoma_wi,Algoma,WI,steelhead,Steelhead,algoma_wi/steelhead,06,Jun,06-15,2.24,winter_spring_thermal_front,1.998,2.982,3.947,06-01,winter_spring_thermal_front,shoulder
algoma_wi,Algoma,WI,steelhead,Steelhead,algoma_wi/steelhead,07,Jul,07-15,5.987,summer_coldwater_pulse,3.993,5.675,6.7,07-20,summer_coldwater_pulse,peak
algoma_wi,Algoma,WI,steelhead,Steelhead,algoma_wi/steelhead,08,Aug,08-15,4.848,summer_coldwater_pulse,3.239,4.723,5.845,08-01,summer_coldwater_pulse,strong
algoma_wi,Algoma,WI,steelhead,Steelhead,algoma_wi/steelhead,09,Sep,09-15,3.248,fall_harbor_staging,2.47,3.44,4.829,09-30,fall_harbor_staging,shoulder
algoma_wi,Algoma,WI,steelhead,Steelhead,algoma_wi/steelhead,10,Oct,10-15,6.551,fall_harbor_staging,4.943,6.536,7.7,10-25,fall_harbor_staging,peak
algoma_wi,Algoma,WI,steelhead,Steelhead,algoma_wi/steelhead,11,Nov,11-15,6.077,fall_harbor_staging,4.975,6.049,7.159,11-01,fall_harbor_staging,peak
algoma_wi,Algoma,WI,steelhead,Steelhead,algoma_wi/steelhead,12,Dec,12-15,3.903,fall_harbor_staging,3.431,3.962,4.904,12-01,fall_harbor_staging,shoulder
algoma_wi,Algoma,WI,brown_trout,Brown trout,algoma_wi/brown_trout,01,Jan,01-15,3.895,fall_harbor,3.765,3.905,4.078,01-01,fall_harbor,shoulder
algoma_wi,Algoma,WI,brown_trout,Brown trout,algoma_wi/brown_trout,02,Feb,02-15,4.3,spring_nearshore,3.93,4.4,5.094,02-28,spring_nearshore,strong
algoma_wi,Algoma,WI,brown_trout,Brown trout,algoma_wi/brown_trout,03,Mar,03-15,6.011,spring_nearshore,5.156,6.072,6.989,03-31,spring_nearshore,peak
algoma_wi,Algoma,WI,brown_trout,Brown trout,algoma_wi/brown_trout,04,Apr,04-15,7.289,spring_nearshore,6.355,7.073,7.6,04-10,spring_nearshore,peak
algoma_wi,Algoma,WI,brown_trout,Brown trout,algoma_wi/brown_trout,05,May,05-15,5.422,spring_nearshore,3.548,5.119,6.293,05-01,spring_nearshore,strong
algoma_wi,Algoma,WI,brown_trout,Brown trout,algoma_wi/brown_trout,06,Jun,06-15,1.926,fall_harbor,1.73,2.222,3.431,06-01,spring_nearshore,shoulder
algoma_wi,Algoma,WI,brown_trout,Brown trout,algoma_wi/brown_trout,07,Jul,07-15,1.535,fall_harbor,1.35,1.523,1.717,07-01,fall_harbor,off_season
algoma_wi,Algoma,WI,brown_trout,Brown trout,algoma_wi/brown_trout,08,Aug,08-15,1.544,spring_nearshore,1.374,1.556,1.737,08-31,spring_nearshore,off_season
algoma_wi,Algoma,WI,brown_trout,Brown trout,algoma_wi/brown_trout,09,Sep,09-15,1.918,spring_nearshore,1.749,2.05,2.573,09-30,fall_harbor,off_season
algoma_wi,Algoma,WI,brown_trout,Brown trout,algoma_wi/brown_trout,10,Oct,10-15,3.668,fall_harbor,2.617,3.743,4.869,10-31,fall_harbor,shoulder
algoma_wi,Algoma,WI,brown_trout,Brown trout,algoma_wi/brown_trout,11,Nov,11-15,5.447,fall_harbor,4.927,5.265,5.62,11-10,fall_harbor,strong
algoma_wi,Algoma,WI,brown_trout,Brown trout,algoma_wi/brown_trout,12,Dec,12-15,4.407,fall_harbor,4.091,4.419,4.892,12-01,fall_harbor,shoulder
manitowoc_wi,Manitowoc,WI,chinook_salmon,Chinook salmon,manitowoc_wi/chinook_salmon,01,Jan,01-15,1,none,1,1,1,01-01,none,off_season
manitowoc_wi,Manitowoc,WI,chinook_salmon,Chinook salmon,manitowoc_wi/chinook_salmon,02,Feb,02-15,1,none,1,1,1,02-01,none,off_season
manitowoc_wi,Manitowoc,WI,chinook_salmon,Chinook salmon,manitowoc_wi/chinook_salmon,03,Mar,03-15,1,none,1,1.087,1.317,03-31,spring_nearshore_transient,off_season
manitowoc_wi,Manitowoc,WI,chinook_salmon,Chinook salmon,manitowoc_wi/chinook_salmon,04,Apr,04-15,1.615,spring_nearshore_transient,1.337,1.657,2.088,04-30,spring_nearshore_transient,off_season
manitowoc_wi,Manitowoc,WI,chinook_salmon,Chinook salmon,manitowoc_wi/chinook_salmon,05,May,05-15,2.649,spring_nearshore_transient,2.125,2.679,3.21,05-31,spring_nearshore_transient,shoulder
manitowoc_wi,Manitowoc,WI,chinook_salmon,Chinook salmon,manitowoc_wi/chinook_salmon,06,Jun,06-15,2.997,spring_nearshore_transient,1.892,2.834,3.55,06-10,spring_nearshore_transient,shoulder
manitowoc_wi,Manitowoc,WI,chinook_salmon,Chinook salmon,manitowoc_wi/chinook_salmon,07,Jul,07-15,4.78,summer_coldwater_pulse,2.663,4.606,6.014,07-31,summer_coldwater_pulse,strong
manitowoc_wi,Manitowoc,WI,chinook_salmon,Chinook salmon,manitowoc_wi/chinook_salmon,08,Aug,08-15,5.32,summer_coldwater_pulse,4.979,5.983,7.464,08-31,fall_harbor_staging,peak
manitowoc_wi,Manitowoc,WI,chinook_salmon,Chinook salmon,manitowoc_wi/chinook_salmon,09,Sep,09-15,7.65,fall_harbor_staging,4.787,7.219,8.5,09-05,fall_harbor_staging,peak
manitowoc_wi,Manitowoc,WI,chinook_salmon,Chinook salmon,manitowoc_wi/chinook_salmon,10,Oct,10-15,2.043,fall_harbor_staging,1.061,2.247,4.544,10-01,fall_harbor_staging,shoulder
manitowoc_wi,Manitowoc,WI,chinook_salmon,Chinook salmon,manitowoc_wi/chinook_salmon,11,Nov,11-15,1,none,1,1,1,11-01,none,off_season
manitowoc_wi,Manitowoc,WI,chinook_salmon,Chinook salmon,manitowoc_wi/chinook_salmon,12,Dec,12-15,1,none,1,1,1,12-01,none,off_season
manitowoc_wi,Manitowoc,WI,coho_salmon,Coho salmon,manitowoc_wi/coho_salmon,01,Jan,01-15,1,none,1,1,1,01-01,none,off_season
manitowoc_wi,Manitowoc,WI,coho_salmon,Coho salmon,manitowoc_wi/coho_salmon,02,Feb,02-15,1,none,1,1.247,1.989,02-28,spring_nearshore,off_season
manitowoc_wi,Manitowoc,WI,coho_salmon,Coho salmon,manitowoc_wi/coho_salmon,03,Mar,03-15,3.131,spring_nearshore,2.065,3.255,4.6,03-31,spring_nearshore,shoulder
manitowoc_wi,Manitowoc,WI,coho_salmon,Coho salmon,manitowoc_wi/coho_salmon,04,Apr,04-15,6.085,spring_nearshore,4.699,5.868,6.58,04-20,spring_nearshore,peak
manitowoc_wi,Manitowoc,WI,coho_salmon,Coho salmon,manitowoc_wi/coho_salmon,05,May,05-15,5.417,spring_nearshore,4.096,5.259,6.069,05-01,spring_nearshore,strong
manitowoc_wi,Manitowoc,WI,coho_salmon,Coho salmon,manitowoc_wi/coho_salmon,06,Jun,06-15,2.611,spring_nearshore,2.306,3.135,3.997,06-01,spring_nearshore,shoulder
manitowoc_wi,Manitowoc,WI,coho_salmon,Coho salmon,manitowoc_wi/coho_salmon,07,Jul,07-15,6.08,summer_coldwater_pulse,4.048,5.266,6.08,07-15,summer_coldwater_pulse,strong
manitowoc_wi,Manitowoc,WI,coho_salmon,Coho salmon,manitowoc_wi/coho_salmon,08,Aug,08-15,3.805,summer_coldwater_pulse,2.447,3.667,4.833,08-01,summer_coldwater_pulse,strong
manitowoc_wi,Manitowoc,WI,coho_salmon,Coho salmon,manitowoc_wi/coho_salmon,09,Sep,09-15,4.513,fall_harbor_staging,2.757,4.591,6.528,09-30,fall_harbor_staging,peak
manitowoc_wi,Manitowoc,WI,coho_salmon,Coho salmon,manitowoc_wi/coho_salmon,10,Oct,10-15,6.27,fall_harbor_staging,4.51,6.073,7.2,10-05,fall_harbor_staging,peak
manitowoc_wi,Manitowoc,WI,coho_salmon,Coho salmon,manitowoc_wi/coho_salmon,11,Nov,11-15,2.436,fall_harbor_staging,1.372,2.552,4.372,11-01,fall_harbor_staging,shoulder
manitowoc_wi,Manitowoc,WI,coho_salmon,Coho salmon,manitowoc_wi/coho_salmon,12,Dec,12-15,1,none,1,1.054,1.335,12-01,fall_harbor_staging,off_season
manitowoc_wi,Manitowoc,WI,steelhead,Steelhead,manitowoc_wi/steelhead,01,Jan,01-15,3.208,winter_spring_thermal_front,3.162,3.236,3.332,01-31,winter_spring_thermal_front,shoulder
manitowoc_wi,Manitowoc,WI,steelhead,Steelhead,manitowoc_wi/steelhead,02,Feb,02-15,3.449,winter_spring_thermal_front,3.34,3.606,4.194,02-28,winter_spring_thermal_front,shoulder
manitowoc_wi,Manitowoc,WI,steelhead,Steelhead,manitowoc_wi/steelhead,03,Mar,03-15,5.053,winter_spring_thermal_front,4.251,5.111,5.97,03-31,winter_spring_thermal_front,strong
manitowoc_wi,Manitowoc,WI,steelhead,Steelhead,manitowoc_wi/steelhead,04,Apr,04-15,6.83,winter_spring_thermal_front,6.028,6.43,6.83,04-15,winter_spring_thermal_front,peak
manitowoc_wi,Manitowoc,WI,steelhead,Steelhead,manitowoc_wi/steelhead,05,May,05-15,5.331,winter_spring_thermal_front,3.84,5.147,6.03,05-01,winter_spring_thermal_front,strong
manitowoc_wi,Manitowoc,WI,steelhead,Steelhead,manitowoc_wi/steelhead,06,Jun,06-15,2.147,winter_spring_thermal_front,1.922,2.833,3.727,06-01,winter_spring_thermal_front,shoulder
manitowoc_wi,Manitowoc,WI,steelhead,Steelhead,manitowoc_wi/steelhead,07,Jul,07-15,5.611,summer_coldwater_pulse,3.767,5.322,6.27,07-20,summer_coldwater_pulse,strong
manitowoc_wi,Manitowoc,WI,steelhead,Steelhead,manitowoc_wi/steelhead,08,Aug,08-15,4.557,summer_coldwater_pulse,3.07,4.442,5.479,08-01,summer_coldwater_pulse,strong
manitowoc_wi,Manitowoc,WI,steelhead,Steelhead,manitowoc_wi/steelhead,09,Sep,09-15,3.08,fall_harbor_staging,2.36,3.258,4.543,09-30,fall_harbor_staging,shoulder
manitowoc_wi,Manitowoc,WI,steelhead,Steelhead,manitowoc_wi/steelhead,10,Oct,10-15,6.137,fall_harbor_staging,4.649,6.123,7.2,10-25,fall_harbor_staging,peak
manitowoc_wi,Manitowoc,WI,steelhead,Steelhead,manitowoc_wi/steelhead,11,Nov,11-15,5.698,fall_harbor_staging,4.679,5.672,6.699,11-01,fall_harbor_staging,peak
manitowoc_wi,Manitowoc,WI,steelhead,Steelhead,manitowoc_wi/steelhead,12,Dec,12-15,3.687,fall_harbor_staging,3.249,3.741,4.613,12-01,fall_harbor_staging,shoulder
manitowoc_wi,Manitowoc,WI,brown_trout,Brown trout,manitowoc_wi/brown_trout,01,Jan,01-15,3.72,fall_harbor,3.597,3.729,3.891,01-01,fall_harbor,shoulder
manitowoc_wi,Manitowoc,WI,brown_trout,Brown trout,manitowoc_wi/brown_trout,02,Feb,02-15,4.1,spring_nearshore,3.753,4.194,4.846,02-28,spring_nearshore,strong
manitowoc_wi,Manitowoc,WI,brown_trout,Brown trout,manitowoc_wi/brown_trout,03,Mar,03-15,5.707,spring_nearshore,4.904,5.765,6.626,03-31,spring_nearshore,peak
manitowoc_wi,Manitowoc,WI,brown_trout,Brown trout,manitowoc_wi/brown_trout,04,Apr,04-15,6.908,spring_nearshore,6.031,6.705,7.2,04-10,spring_nearshore,peak
manitowoc_wi,Manitowoc,WI,brown_trout,Brown trout,manitowoc_wi/brown_trout,05,May,05-15,5.154,spring_nearshore,3.394,4.869,5.972,05-01,spring_nearshore,strong
manitowoc_wi,Manitowoc,WI,brown_trout,Brown trout,manitowoc_wi/brown_trout,06,Jun,06-15,1.87,fall_harbor,1.686,2.148,3.284,06-01,spring_nearshore,shoulder
manitowoc_wi,Manitowoc,WI,brown_trout,Brown trout,manitowoc_wi/brown_trout,07,Jul,07-15,1.502,fall_harbor,1.329,1.491,1.674,07-01,fall_harbor,off_season
manitowoc_wi,Manitowoc,WI,brown_trout,Brown trout,manitowoc_wi/brown_trout,08,Aug,08-15,1.511,spring_nearshore,1.352,1.522,1.692,08-31,spring_nearshore,off_season
manitowoc_wi,Manitowoc,WI,brown_trout,Brown trout,manitowoc_wi/brown_trout,09,Sep,09-15,1.862,spring_nearshore,1.703,1.987,2.478,09-30,fall_harbor,off_season
manitowoc_wi,Manitowoc,WI,brown_trout,Brown trout,manitowoc_wi/brown_trout,10,Oct,10-15,3.506,fall_harbor,2.519,3.577,4.635,10-31,fall_harbor,shoulder
manitowoc_wi,Manitowoc,WI,brown_trout,Brown trout,manitowoc_wi/brown_trout,11,Nov,11-15,5.177,fall_harbor,4.689,5.006,5.34,11-10,fall_harbor,strong
manitowoc_wi,Manitowoc,WI,brown_trout,Brown trout,manitowoc_wi/brown_trout,12,Dec,12-15,4.201,fall_harbor,3.903,4.211,4.656,12-01,fall_harbor,shoulder
waukegan_il,Waukegan,IL,chinook_salmon,Chinook salmon,waukegan_il/chinook_salmon,01,Jan,01-15,1,none,1,1,1,01-01,none,off_season
waukegan_il,Waukegan,IL,chinook_salmon,Chinook salmon,waukegan_il/chinook_salmon,02,Feb,02-15,1,none,1,1,1,02-01,none,off_season
waukegan_il,Waukegan,IL,chinook_salmon,Chinook salmon,waukegan_il/chinook_salmon,03,Mar,03-15,1,none,1,1.076,1.279,03-31,spring_nearshore_transient,off_season
waukegan_il,Waukegan,IL,chinook_salmon,Chinook salmon,waukegan_il/chinook_salmon,04,Apr,04-15,1.54,spring_nearshore_transient,1.296,1.577,1.956,04-30,spring_nearshore_transient,off_season
waukegan_il,Waukegan,IL,chinook_salmon,Chinook salmon,waukegan_il/chinook_salmon,05,May,05-15,2.449,spring_nearshore_transient,1.989,2.475,2.941,05-31,spring_nearshore_transient,shoulder
waukegan_il,Waukegan,IL,chinook_salmon,Chinook salmon,waukegan_il/chinook_salmon,06,Jun,06-15,2.755,spring_nearshore_transient,1.784,2.611,3.24,06-10,spring_nearshore_transient,shoulder
waukegan_il,Waukegan,IL,chinook_salmon,Chinook salmon,waukegan_il/chinook_salmon,07,Jul,07-15,4.325,summer_coldwater_pulse,2.463,4.172,5.411,07-31,summer_coldwater_pulse,strong
waukegan_il,Waukegan,IL,chinook_salmon,Chinook salmon,waukegan_il/chinook_salmon,08,Aug,08-15,4.8,summer_coldwater_pulse,4.501,5.384,6.689,08-31,fall_harbor_staging,peak
waukegan_il,Waukegan,IL,chinook_salmon,Chinook salmon,waukegan_il/chinook_salmon,09,Sep,09-15,6.852,fall_harbor_staging,4.333,6.473,7.6,09-05,fall_harbor_staging,peak
waukegan_il,Waukegan,IL,chinook_salmon,Chinook salmon,waukegan_il/chinook_salmon,10,Oct,10-15,1.918,fall_harbor_staging,1.054,2.097,4.118,10-01,fall_harbor_staging,shoulder
waukegan_il,Waukegan,IL,chinook_salmon,Chinook salmon,waukegan_il/chinook_salmon,11,Nov,11-15,1,none,1,1,1,11-01,none,off_season
waukegan_il,Waukegan,IL,chinook_salmon,Chinook salmon,waukegan_il/chinook_salmon,12,Dec,12-15,1,none,1,1,1,12-01,none,off_season
waukegan_il,Waukegan,IL,coho_salmon,Coho salmon,waukegan_il/coho_salmon,01,Jan,01-15,1,none,1,1,1,01-01,none,off_season
waukegan_il,Waukegan,IL,coho_salmon,Coho salmon,waukegan_il/coho_salmon,02,Feb,02-15,1,none,1,1.346,2.383,02-28,spring_nearshore,off_season
waukegan_il,Waukegan,IL,coho_salmon,Coho salmon,waukegan_il/coho_salmon,03,Mar,03-15,3.978,spring_nearshore,2.489,4.153,6.032,03-31,spring_nearshore,strong
waukegan_il,Waukegan,IL,coho_salmon,Coho salmon,waukegan_il/coho_salmon,04,Apr,04-15,8.108,spring_nearshore,6.171,7.804,8.8,04-20,spring_nearshore,peak
waukegan_il,Waukegan,IL,coho_salmon,Coho salmon,waukegan_il/coho_salmon,05,May,05-15,7.175,spring_nearshore,5.328,6.954,8.085,05-01,spring_nearshore,peak
waukegan_il,Waukegan,IL,coho_salmon,Coho salmon,waukegan_il/coho_salmon,06,Jun,06-15,3.252,spring_nearshore,2.352,3.5,5.189,06-01,spring_nearshore,shoulder
waukegan_il,Waukegan,IL,coho_salmon,Coho salmon,waukegan_il/coho_salmon,07,Jul,07-15,4.9,summer_coldwater_pulse,3.34,4.275,4.9,07-15,summer_coldwater_pulse,shoulder
waukegan_il,Waukegan,IL,coho_salmon,Coho salmon,waukegan_il/coho_salmon,08,Aug,08-15,3.154,summer_coldwater_pulse,2.218,3.07,3.942,08-01,summer_coldwater_pulse,shoulder
waukegan_il,Waukegan,IL,coho_salmon,Coho salmon,waukegan_il/coho_salmon,09,Sep,09-15,4.185,fall_harbor_staging,2.592,4.255,6.011,09-30,fall_harbor_staging,strong
waukegan_il,Waukegan,IL,coho_salmon,Coho salmon,waukegan_il/coho_salmon,10,Oct,10-15,5.777,fall_harbor_staging,4.182,5.598,6.62,10-05,fall_harbor_staging,strong
waukegan_il,Waukegan,IL,coho_salmon,Coho salmon,waukegan_il/coho_salmon,11,Nov,11-15,2.301,fall_harbor_staging,1.337,2.407,4.056,11-01,fall_harbor_staging,shoulder
waukegan_il,Waukegan,IL,coho_salmon,Coho salmon,waukegan_il/coho_salmon,12,Dec,12-15,1,none,1,1.049,1.303,12-01,fall_harbor_staging,off_season
waukegan_il,Waukegan,IL,steelhead,Steelhead,waukegan_il/steelhead,01,Jan,01-15,3.064,winter_spring_thermal_front,3.023,3.091,3.18,01-31,winter_spring_thermal_front,shoulder
waukegan_il,Waukegan,IL,steelhead,Steelhead,waukegan_il/steelhead,02,Feb,02-15,3.289,winter_spring_thermal_front,3.187,3.436,3.985,02-28,winter_spring_thermal_front,shoulder
waukegan_il,Waukegan,IL,steelhead,Steelhead,waukegan_il/steelhead,03,Mar,03-15,4.789,winter_spring_thermal_front,4.039,4.843,5.646,03-31,winter_spring_thermal_front,strong
waukegan_il,Waukegan,IL,steelhead,Steelhead,waukegan_il/steelhead,04,Apr,04-15,6.45,winter_spring_thermal_front,5.7,6.076,6.45,04-15,winter_spring_thermal_front,peak
waukegan_il,Waukegan,IL,steelhead,Steelhead,waukegan_il/steelhead,05,May,05-15,5.049,winter_spring_thermal_front,3.655,4.877,5.703,05-01,winter_spring_thermal_front,strong
waukegan_il,Waukegan,IL,steelhead,Steelhead,waukegan_il/steelhead,06,Jun,06-15,2.072,winter_spring_thermal_front,1.863,2.714,3.549,06-01,winter_spring_thermal_front,shoulder
waukegan_il,Waukegan,IL,steelhead,Steelhead,waukegan_il/steelhead,07,Jul,07-15,5.314,summer_coldwater_pulse,3.588,5.043,5.93,07-20,summer_coldwater_pulse,peak
waukegan_il,Waukegan,IL,steelhead,Steelhead,waukegan_il/steelhead,08,Aug,08-15,4.328,summer_coldwater_pulse,2.937,4.22,5.191,08-01,summer_coldwater_pulse,strong
waukegan_il,Waukegan,IL,steelhead,Steelhead,waukegan_il/steelhead,09,Sep,09-15,2.946,fall_harbor_staging,2.272,3.112,4.314,09-30,fall_harbor_staging,shoulder
waukegan_il,Waukegan,IL,steelhead,Steelhead,waukegan_il/steelhead,10,Oct,10-15,5.806,fall_harbor_staging,4.414,5.792,6.8,10-25,fall_harbor_staging,peak
waukegan_il,Waukegan,IL,steelhead,Steelhead,waukegan_il/steelhead,11,Nov,11-15,5.395,fall_harbor_staging,4.441,5.37,6.332,11-01,fall_harbor_staging,peak
waukegan_il,Waukegan,IL,steelhead,Steelhead,waukegan_il/steelhead,12,Dec,12-15,3.513,fall_harbor_staging,3.104,3.564,4.379,12-01,fall_harbor_staging,shoulder
waukegan_il,Waukegan,IL,brown_trout,Brown trout,waukegan_il/brown_trout,01,Jan,01-15,5.71,cold_season_harbor,5.5,5.725,5.95,01-31,cold_season_harbor,strong
waukegan_il,Waukegan,IL,brown_trout,Brown trout,waukegan_il/brown_trout,02,Feb,02-15,5.808,cold_season_harbor,5.048,5.719,6.1,02-10,cold_season_harbor,peak
waukegan_il,Waukegan,IL,brown_trout,Brown trout,waukegan_il/brown_trout,03,Mar,03-15,4.172,cold_season_harbor,3.268,4.12,4.99,03-01,cold_season_harbor,strong
waukegan_il,Waukegan,IL,brown_trout,Brown trout,waukegan_il/brown_trout,04,Apr,04-15,2.434,cold_season_harbor,1.6,2.406,3.213,04-01,cold_season_harbor,shoulder
waukegan_il,Waukegan,IL,brown_trout,Brown trout,waukegan_il/brown_trout,05,May,05-15,1.319,cold_season_harbor,1.019,1.3,1.581,05-01,cold_season_harbor,off_season
waukegan_il,Waukegan,IL,brown_trout,Brown trout,waukegan_il/brown_trout,06,Jun,06-15,1,none,1,1,1,06-01,none,off_season
waukegan_il,Waukegan,IL,brown_trout,Brown trout,waukegan_il/brown_trout,07,Jul,07-15,1,none,1,1,1,07-01,none,off_season
waukegan_il,Waukegan,IL,brown_trout,Brown trout,waukegan_il/brown_trout,08,Aug,08-15,1,none,1,1,1,08-01,none,off_season
waukegan_il,Waukegan,IL,brown_trout,Brown trout,waukegan_il/brown_trout,09,Sep,09-15,2.114,cold_season_harbor,1,2.154,3.308,09-30,cold_season_harbor,shoulder
waukegan_il,Waukegan,IL,brown_trout,Brown trout,waukegan_il/brown_trout,10,Oct,10-15,4.502,cold_season_harbor,3.388,4.556,5.645,10-31,cold_season_harbor,strong
waukegan_il,Waukegan,IL,brown_trout,Brown trout,waukegan_il/brown_trout,11,Nov,11-15,6.661,cold_season_harbor,5.713,6.516,7,11-20,cold_season_harbor,peak
waukegan_il,Waukegan,IL,brown_trout,Brown trout,waukegan_il/brown_trout,12,Dec,12-15,6.25,cold_season_harbor,5.55,6.177,6.67,12-01,cold_season_harbor,peak
chicago_il,Chicago,IL,chinook_salmon,Chinook salmon,chicago_il/chinook_salmon,01,Jan,01-15,1,none,1,1,1,01-01,none,off_season
chicago_il,Chicago,IL,chinook_salmon,Chinook salmon,chicago_il/chinook_salmon,02,Feb,02-15,1,none,1,1,1,02-01,none,off_season
chicago_il,Chicago,IL,chinook_salmon,Chinook salmon,chicago_il/chinook_salmon,03,Mar,03-15,1,none,1,1.069,1.358,03-31,spring_nearshore_transient,off_season
chicago_il,Chicago,IL,chinook_salmon,Chinook salmon,chicago_il/chinook_salmon,04,Apr,04-15,1.845,spring_nearshore_transient,1.39,1.916,2.632,04-30,spring_nearshore_transient,shoulder
chicago_il,Chicago,IL,chinook_salmon,Chinook salmon,chicago_il/chinook_salmon,05,May,05-15,3.568,spring_nearshore_transient,2.694,3.339,3.88,05-20,spring_nearshore_transient,shoulder
chicago_il,Chicago,IL,chinook_salmon,Chinook salmon,chicago_il/chinook_salmon,06,Jun,06-15,1.948,spring_nearshore_transient,1.192,1.976,2.988,06-01,spring_nearshore_transient,shoulder
chicago_il,Chicago,IL,chinook_salmon,Chinook salmon,chicago_il/chinook_salmon,07,Jul,07-15,1,none,1,1.219,2.066,07-31,fall_harbor_staging,off_season
chicago_il,Chicago,IL,chinook_salmon,Chinook salmon,chicago_il/chinook_salmon,08,Aug,08-15,3.52,fall_harbor_staging,2.163,3.919,6.171,08-31,fall_harbor_staging,peak
chicago_il,Chicago,IL,chinook_salmon,Chinook salmon,chicago_il/chinook_salmon,09,Sep,09-15,6.294,fall_harbor_staging,4.381,6.052,7,09-05,fall_harbor_staging,peak
chicago_il,Chicago,IL,chinook_salmon,Chinook salmon,chicago_il/chinook_salmon,10,Oct,10-15,1.72,fall_harbor_staging,1.042,2.135,4.203,10-01,fall_harbor_staging,shoulder
chicago_il,Chicago,IL,chinook_salmon,Chinook salmon,chicago_il/chinook_salmon,11,Nov,11-15,1,none,1,1,1,11-01,none,off_season
chicago_il,Chicago,IL,chinook_salmon,Chinook salmon,chicago_il/chinook_salmon,12,Dec,12-15,1,none,1,1,1,12-01,none,off_season
chicago_il,Chicago,IL,coho_salmon,Coho salmon,chicago_il/coho_salmon,01,Jan,01-15,2.379,spring_nearshore,1.864,2.416,2.968,01-31,spring_nearshore,shoulder
chicago_il,Chicago,IL,coho_salmon,Coho salmon,chicago_il/coho_salmon,02,Feb,02-15,3.52,spring_nearshore,3.005,3.644,4.569,02-28,spring_nearshore,shoulder
chicago_il,Chicago,IL,coho_salmon,Coho salmon,chicago_il/coho_salmon,03,Mar,03-15,5.78,spring_nearshore,4.65,5.828,6.899,03-31,spring_nearshore,strong
chicago_il,Chicago,IL,coho_salmon,Coho salmon,chicago_il/coho_salmon,04,Apr,04-15,7.875,spring_nearshore,6.964,7.621,8.2,04-20,spring_nearshore,peak
chicago_il,Chicago,IL,coho_salmon,Coho salmon,chicago_il/coho_salmon,05,May,05-15,5.92,spring_nearshore,4.187,5.776,7.197,05-01,spring_nearshore,peak
chicago_il,Chicago,IL,coho_salmon,Coho salmon,chicago_il/coho_salmon,06,Jun,06-15,2.445,spring_nearshore,1.288,2.494,4.07,06-01,spring_nearshore,shoulder
chicago_il,Chicago,IL,coho_salmon,Coho salmon,chicago_il/coho_salmon,07,Jul,07-15,1,none,1,1.019,1.23,07-01,spring_nearshore,off_season
chicago_il,Chicago,IL,coho_salmon,Coho salmon,chicago_il/coho_salmon,08,Aug,08-15,1,none,1,1.185,1.956,08-31,fall_harbor_return,off_season
chicago_il,Chicago,IL,coho_salmon,Coho salmon,chicago_il/coho_salmon,09,Sep,09-15,3.259,fall_harbor_return,2.043,3.371,4.937,09-30,fall_harbor_return,shoulder
chicago_il,Chicago,IL,coho_salmon,Coho salmon,chicago_il/coho_salmon,10,Oct,10-15,5.59,fall_harbor_return,3.702,5.12,6.18,10-10,fall_harbor_return,strong
chicago_il,Chicago,IL,coho_salmon,Coho salmon,chicago_il/coho_salmon,11,Nov,11-15,1.932,fall_harbor_return,1.058,2.112,3.584,11-01,fall_harbor_return,shoulder
chicago_il,Chicago,IL,coho_salmon,Coho salmon,chicago_il/coho_salmon,12,Dec,12-15,1.403,spring_nearshore,1,1.432,1.864,12-31,spring_nearshore,off_season
chicago_il,Chicago,IL,steelhead,Steelhead,chicago_il/steelhead,01,Jan,01-15,3.295,winter_spring_pier,3.09,3.31,3.53,01-31,winter_spring_pier,shoulder
chicago_il,Chicago,IL,steelhead,Steelhead,chicago_il/steelhead,02,Feb,02-15,3.75,winter_spring_pier,3.545,3.846,4.356,02-28,winter_spring_pier,strong
chicago_il,Chicago,IL,steelhead,Steelhead,chicago_il/steelhead,03,Mar,03-15,5.055,winter_spring_pier,4.403,5.102,5.801,03-31,winter_spring_pier,peak
chicago_il,Chicago,IL,steelhead,Steelhead,chicago_il/steelhead,04,Apr,04-15,6.5,winter_spring_pier,5.439,6.054,6.5,04-15,winter_spring_pier,peak
chicago_il,Chicago,IL,steelhead,Steelhead,chicago_il/steelhead,05,May,05-15,4.379,winter_spring_pier,3.235,4.306,5.369,05-01,winter_spring_pier,strong
chicago_il,Chicago,IL,steelhead,Steelhead,chicago_il/steelhead,06,Jun,06-15,2.158,winter_spring_pier,1.326,2.145,3.163,06-01,winter_spring_pier,shoulder
chicago_il,Chicago,IL,steelhead,Steelhead,chicago_il/steelhead,07,Jul,07-15,1.23,fall_harbor,1.173,1.24,1.32,07-01,fall_harbor,off_season
chicago_il,Chicago,IL,steelhead,Steelhead,chicago_il/steelhead,08,Aug,08-15,1.44,winter_spring_pier,1.269,1.455,1.712,08-31,fall_harbor,off_season
chicago_il,Chicago,IL,steelhead,Steelhead,chicago_il/steelhead,09,Sep,09-15,2.683,fall_harbor,1.777,2.768,3.942,09-30,fall_harbor,shoulder
chicago_il,Chicago,IL,steelhead,Steelhead,chicago_il/steelhead,10,Oct,10-15,5.345,fall_harbor,4.035,5.343,6.28,10-25,fall_harbor,peak
chicago_il,Chicago,IL,steelhead,Steelhead,chicago_il/steelhead,11,Nov,11-15,5.279,fall_harbor,4.479,5.246,5.946,11-01,fall_harbor,peak
chicago_il,Chicago,IL,steelhead,Steelhead,chicago_il/steelhead,12,Dec,12-15,3.511,fall_harbor,3.002,3.536,4.414,12-01,fall_harbor,strong
chicago_il,Chicago,IL,brown_trout,Brown trout,chicago_il/brown_trout,01,Jan,01-15,3.443,winter_spring_nearshore,3.184,3.461,3.739,01-31,winter_spring_nearshore,shoulder
chicago_il,Chicago,IL,brown_trout,Brown trout,chicago_il/brown_trout,02,Feb,02-15,4.016,winter_spring_nearshore,3.757,4.078,4.542,02-28,winter_spring_nearshore,strong
chicago_il,Chicago,IL,brown_trout,Brown trout,chicago_il/brown_trout,03,Mar,03-15,5.148,winter_spring_nearshore,4.582,5.189,5.796,03-31,winter_spring_nearshore,peak
chicago_il,Chicago,IL,brown_trout,Brown trout,chicago_il/brown_trout,04,Apr,04-15,5.907,winter_spring_nearshore,5.03,5.73,6.2,04-10,winter_spring_nearshore,peak
chicago_il,Chicago,IL,brown_trout,Brown trout,chicago_il/brown_trout,05,May,05-15,4.152,winter_spring_nearshore,2.993,4.051,4.972,05-01,winter_spring_nearshore,strong
chicago_il,Chicago,IL,brown_trout,Brown trout,chicago_il/brown_trout,06,Jun,06-15,1.81,winter_spring_nearshore,1.311,1.89,2.914,06-01,winter_spring_nearshore,shoulder
chicago_il,Chicago,IL,brown_trout,Brown trout,chicago_il/brown_trout,07,Jul,07-15,1.227,fall_harbor,1.183,1.243,1.305,07-01,fall_harbor,off_season
chicago_il,Chicago,IL,brown_trout,Brown trout,chicago_il/brown_trout,08,Aug,08-15,1.494,winter_spring_nearshore,1.302,1.508,1.714,08-31,winter_spring_nearshore,off_season
chicago_il,Chicago,IL,brown_trout,Brown trout,chicago_il/brown_trout,09,Sep,09-15,1.919,winter_spring_nearshore,1.727,2,2.456,09-30,fall_harbor,shoulder
chicago_il,Chicago,IL,brown_trout,Brown trout,chicago_il/brown_trout,10,Oct,10-15,3.281,fall_harbor,2.496,3.337,4.179,10-31,fall_harbor,strong
chicago_il,Chicago,IL,brown_trout,Brown trout,chicago_il/brown_trout,11,Nov,11-15,4.502,fall_harbor,3.787,4.322,4.74,11-10,fall_harbor,strong
chicago_il,Chicago,IL,brown_trout,Brown trout,chicago_il/brown_trout,12,Dec,12-15,3.073,winter_spring_nearshore,3.073,3.264,3.739,12-01,fall_harbor,shoulder
chicago_il,Chicago,IL,lake_trout,Lake trout,chicago_il/lake_trout,01,Jan,01-15,4.733,winter_nearshore,4.432,4.755,5.077,01-31,winter_nearshore,peak
chicago_il,Chicago,IL,lake_trout,Lake trout,chicago_il/lake_trout,02,Feb,02-15,5.4,winter_nearshore,4.838,5.179,5.4,02-15,winter_nearshore,peak
chicago_il,Chicago,IL,lake_trout,Lake trout,chicago_il/lake_trout,03,Mar,03-15,4.189,winter_nearshore,3.497,4.146,4.794,03-01,winter_nearshore,peak
chicago_il,Chicago,IL,lake_trout,Lake trout,chicago_il/lake_trout,04,Apr,04-15,2.848,winter_nearshore,2.056,2.788,3.454,04-01,winter_nearshore,shoulder
chicago_il,Chicago,IL,lake_trout,Lake trout,chicago_il/lake_trout,05,May,05-15,1.264,winter_nearshore,1,1.324,2.003,05-01,winter_nearshore,off_season
chicago_il,Chicago,IL,lake_trout,Lake trout,chicago_il/lake_trout,06,Jun,06-15,1,none,1,1,1,06-01,none,off_season
chicago_il,Chicago,IL,lake_trout,Lake trout,chicago_il/lake_trout,07,Jul,07-15,1,none,1,1,1,07-01,none,off_season
chicago_il,Chicago,IL,lake_trout,Lake trout,chicago_il/lake_trout,08,Aug,08-15,1,none,1,1,1,08-01,none,off_season
chicago_il,Chicago,IL,lake_trout,Lake trout,chicago_il/lake_trout,09,Sep,09-15,1,none,1,1,1,09-01,none,off_season
chicago_il,Chicago,IL,lake_trout,Lake trout,chicago_il/lake_trout,10,Oct,10-15,1,none,1,1.295,2.076,10-31,winter_nearshore,off_season
chicago_il,Chicago,IL,lake_trout,Lake trout,chicago_il/lake_trout,11,Nov,11-15,3.084,winter_nearshore,2.143,3.04,3.667,11-30,winter_nearshore,strong
chicago_il,Chicago,IL,lake_trout,Lake trout,chicago_il/lake_trout,12,Dec,12-15,4.037,winter_nearshore,3.692,4.062,4.432,12-31,winter_nearshore,strong
chicago_il,Chicago,IL,freshwater_drum,Freshwater drum,chicago_il/freshwater_drum,01,Jan,01-15,1,none,1,1,1,01-01,none,off_season
chicago_il,Chicago,IL,freshwater_drum,Freshwater drum,chicago_il/freshwater_drum,02,Feb,02-15,1,none,1,1,1,02-01,none,off_season
chicago_il,Chicago,IL,freshwater_drum,Freshwater drum,chicago_il/freshwater_drum,03,Mar,03-15,1,none,1,1,1,03-01,none,off_season
chicago_il,Chicago,IL,freshwater_drum,Freshwater drum,chicago_il/freshwater_drum,04,Apr,04-15,1,none,1,1.158,1.591,04-30,warm_season_harbor,off_season
chicago_il,Chicago,IL,freshwater_drum,Freshwater drum,chicago_il/freshwater_drum,05,May,05-15,2.183,warm_season_harbor,1.631,2.261,3.012,05-31,warm_season_harbor,shoulder
chicago_il,Chicago,IL,freshwater_drum,Freshwater drum,chicago_il/freshwater_drum,06,Jun,06-15,3.875,warm_season_harbor,3.07,3.904,4.737,06-30,warm_season_harbor,strong
chicago_il,Chicago,IL,freshwater_drum,Freshwater drum,chicago_il/freshwater_drum,07,Jul,07-15,5.6,warm_season_harbor,4.795,5.349,5.6,07-15,warm_season_harbor,peak
chicago_il,Chicago,IL,freshwater_drum,Freshwater drum,chicago_il/freshwater_drum,08,Aug,08-15,5.204,warm_season_harbor,4.437,5.082,5.383,08-01,warm_season_harbor,peak
chicago_il,Chicago,IL,freshwater_drum,Freshwater drum,chicago_il/freshwater_drum,09,Sep,09-15,3.479,warm_season_harbor,2.472,3.442,4.373,09-01,warm_season_harbor,strong
chicago_il,Chicago,IL,freshwater_drum,Freshwater drum,chicago_il/freshwater_drum,10,Oct,10-15,1.368,warm_season_harbor,1,1.451,2.398,10-01,warm_season_harbor,shoulder
chicago_il,Chicago,IL,freshwater_drum,Freshwater drum,chicago_il/freshwater_drum,11,Nov,11-15,1,none,1,1,1,11-01,none,off_season
chicago_il,Chicago,IL,freshwater_drum,Freshwater drum,chicago_il/freshwater_drum,12,Dec,12-15,1,none,1,1,1,12-01,none,off_season
michigan_city_in,Michigan City,IN,chinook_salmon,Chinook salmon,michigan_city_in/chinook_salmon,01,Jan,01-15,1,none,1,1,1,01-01,none,off_season
michigan_city_in,Michigan City,IN,chinook_salmon,Chinook salmon,michigan_city_in/chinook_salmon,02,Feb,02-15,1,none,1,1,1,02-01,none,off_season
michigan_city_in,Michigan City,IN,chinook_salmon,Chinook salmon,michigan_city_in/chinook_salmon,03,Mar,03-15,1,none,1,1.074,1.381,03-31,spring_nearshore_transient,off_season
michigan_city_in,Michigan City,IN,chinook_salmon,Chinook salmon,michigan_city_in/chinook_salmon,04,Apr,04-15,1.901,spring_nearshore_transient,1.416,1.977,2.74,04-30,spring_nearshore_transient,shoulder
michigan_city_in,Michigan City,IN,chinook_salmon,Chinook salmon,michigan_city_in/chinook_salmon,05,May,05-15,3.737,spring_nearshore_transient,2.806,3.494,4.07,05-20,spring_nearshore_transient,shoulder
michigan_city_in,Michigan City,IN,chinook_salmon,Chinook salmon,michigan_city_in/chinook_salmon,06,Jun,06-15,2.01,spring_nearshore_transient,1.205,2.041,3.119,06-01,spring_nearshore_transient,shoulder
michigan_city_in,Michigan City,IN,chinook_salmon,Chinook salmon,michigan_city_in/chinook_salmon,07,Jul,07-15,1,none,1,1.233,2.137,07-31,fall_harbor_staging,off_season
michigan_city_in,Michigan City,IN,chinook_salmon,Chinook salmon,michigan_city_in/chinook_salmon,08,Aug,08-15,3.688,fall_harbor_staging,2.241,4.113,6.516,08-31,fall_harbor_staging,peak
michigan_city_in,Michigan City,IN,chinook_salmon,Chinook salmon,michigan_city_in/chinook_salmon,09,Sep,09-15,6.647,fall_harbor_staging,4.606,6.389,7.4,09-05,fall_harbor_staging,peak
michigan_city_in,Michigan City,IN,chinook_salmon,Chinook salmon,michigan_city_in/chinook_salmon,10,Oct,10-15,1.768,fall_harbor_staging,1.045,2.211,4.417,10-01,fall_harbor_staging,shoulder
michigan_city_in,Michigan City,IN,chinook_salmon,Chinook salmon,michigan_city_in/chinook_salmon,11,Nov,11-15,1,none,1,1,1,11-01,none,off_season
michigan_city_in,Michigan City,IN,chinook_salmon,Chinook salmon,michigan_city_in/chinook_salmon,12,Dec,12-15,1,none,1,1,1,12-01,none,off_season
michigan_city_in,Michigan City,IN,coho_salmon,Coho salmon,michigan_city_in/coho_salmon,01,Jan,01-15,2.475,spring_nearshore,1.924,2.514,3.105,01-31,spring_nearshore,shoulder
michigan_city_in,Michigan City,IN,coho_salmon,Coho salmon,michigan_city_in/coho_salmon,02,Feb,02-15,3.695,spring_nearshore,3.144,3.828,4.817,02-28,spring_nearshore,shoulder
michigan_city_in,Michigan City,IN,coho_salmon,Coho salmon,michigan_city_in/coho_salmon,03,Mar,03-15,6.112,spring_nearshore,4.904,6.163,7.309,03-31,spring_nearshore,strong
michigan_city_in,Michigan City,IN,coho_salmon,Coho salmon,michigan_city_in/coho_salmon,04,Apr,04-15,8.352,spring_nearshore,7.379,8.081,8.7,04-20,spring_nearshore,peak
michigan_city_in,Michigan City,IN,coho_salmon,Coho salmon,michigan_city_in/coho_salmon,05,May,05-15,6.262,spring_nearshore,4.408,6.107,7.627,05-01,spring_nearshore,peak
michigan_city_in,Michigan City,IN,coho_salmon,Coho salmon,michigan_city_in/coho_salmon,06,Jun,06-15,2.545,spring_nearshore,1.308,2.598,4.284,06-01,spring_nearshore,shoulder
michigan_city_in,Michigan City,IN,coho_salmon,Coho salmon,michigan_city_in/coho_salmon,07,Jul,07-15,1,none,1,1.02,1.246,07-01,spring_nearshore,off_season
michigan_city_in,Michigan City,IN,coho_salmon,Coho salmon,michigan_city_in/coho_salmon,08,Aug,08-15,1,none,1,1.198,2.022,08-31,fall_harbor_return,off_season
michigan_city_in,Michigan City,IN,coho_salmon,Coho salmon,michigan_city_in/coho_salmon,09,Sep,09-15,3.416,fall_harbor_return,2.115,3.536,5.21,09-30,fall_harbor_return,shoulder
michigan_city_in,Michigan City,IN,coho_salmon,Coho salmon,michigan_city_in/coho_salmon,10,Oct,10-15,5.909,fall_harbor_return,3.89,5.407,6.54,10-10,fall_harbor_return,strong
michigan_city_in,Michigan City,IN,coho_salmon,Coho salmon,michigan_city_in/coho_salmon,11,Nov,11-15,1.997,fall_harbor_return,1.062,2.19,3.764,11-01,fall_harbor_return,shoulder
michigan_city_in,Michigan City,IN,coho_salmon,Coho salmon,michigan_city_in/coho_salmon,12,Dec,12-15,1.431,spring_nearshore,1,1.462,1.924,12-31,spring_nearshore,off_season
michigan_city_in,Michigan City,IN,steelhead,Steelhead,michigan_city_in/steelhead,01,Jan,01-15,5.744,late_fall_winter_pier,5.679,5.898,6.16,01-31,winter_spring_pier,strong
michigan_city_in,Michigan City,IN,steelhead,Steelhead,michigan_city_in/steelhead,02,Feb,02-15,6.714,winter_spring_pier,6.197,6.696,7.195,02-28,winter_spring_pier,strong
michigan_city_in,Michigan City,IN,steelhead,Steelhead,michigan_city_in/steelhead,03,Mar,03-15,7.75,winter_spring_pier,6.599,7.309,7.75,03-15,winter_spring_pier,peak
michigan_city_in,Michigan City,IN,steelhead,Steelhead,michigan_city_in/steelhead,04,Apr,04-15,5.52,winter_spring_pier,4.441,5.484,6.527,04-01,winter_spring_pier,strong
michigan_city_in,Michigan City,IN,steelhead,Steelhead,michigan_city_in/steelhead,05,May,05-15,3.362,winter_spring_pier,1.909,3.207,4.369,05-01,winter_spring_pier,shoulder
michigan_city_in,Michigan City,IN,steelhead,Steelhead,michigan_city_in/steelhead,06,Jun,06-15,3.653,summer_skamania_pier,1.568,3.74,6.16,06-30,summer_skamania_pier,strong
michigan_city_in,Michigan City,IN,steelhead,Steelhead,michigan_city_in/steelhead,07,Jul,07-15,8.5,summer_skamania_pier,6.316,7.494,8.5,07-15,summer_skamania_pier,peak
michigan_city_in,Michigan City,IN,steelhead,Steelhead,michigan_city_in/steelhead,08,Aug,08-15,5.125,summer_skamania_pier,2.571,4.672,6.649,08-01,summer_skamania_pier,strong
michigan_city_in,Michigan City,IN,steelhead,Steelhead,michigan_city_in/steelhead,09,Sep,09-15,2.912,winter_spring_pier,2.636,2.922,3.207,09-30,winter_spring_pier,shoulder
michigan_city_in,Michigan City,IN,steelhead,Steelhead,michigan_city_in/steelhead,10,Oct,10-15,3.503,winter_spring_pier,3.227,3.57,4.484,10-31,late_fall_winter_pier,shoulder
michigan_city_in,Michigan City,IN,steelhead,Steelhead,michigan_city_in/steelhead,11,Nov,11-15,7.75,late_fall_winter_pier,4.702,6.841,7.75,11-15,late_fall_winter_pier,peak
michigan_city_in,Michigan City,IN,steelhead,Steelhead,michigan_city_in/steelhead,12,Dec,12-15,6.649,late_fall_winter_pier,6.063,6.613,7.163,12-01,late_fall_winter_pier,strong
michigan_city_in,Michigan City,IN,brown_trout,Brown trout,michigan_city_in/brown_trout,01,Jan,01-15,3.349,winter_spring_nearshore,3.1,3.367,3.633,01-31,winter_spring_nearshore,shoulder
michigan_city_in,Michigan City,IN,brown_trout,Brown trout,michigan_city_in/brown_trout,02,Feb,02-15,3.9,winter_spring_nearshore,3.651,3.96,4.406,02-28,winter_spring_nearshore,strong
michigan_city_in,Michigan City,IN,brown_trout,Brown trout,michigan_city_in/brown_trout,03,Mar,03-15,4.989,winter_spring_nearshore,4.444,5.028,5.611,03-31,winter_spring_nearshore,peak
michigan_city_in,Michigan City,IN,brown_trout,Brown trout,michigan_city_in/brown_trout,04,Apr,04-15,5.719,winter_spring_nearshore,4.875,5.548,6,04-10,winter_spring_nearshore,peak
michigan_city_in,Michigan City,IN,brown_trout,Brown trout,michigan_city_in/brown_trout,05,May,05-15,4.031,winter_spring_nearshore,2.916,3.933,4.819,05-01,winter_spring_nearshore,strong
michigan_city_in,Michigan City,IN,brown_trout,Brown trout,michigan_city_in/brown_trout,06,Jun,06-15,1.779,winter_spring_nearshore,1.299,1.856,2.84,06-01,winter_spring_nearshore,shoulder
michigan_city_in,Michigan City,IN,brown_trout,Brown trout,michigan_city_in/brown_trout,07,Jul,07-15,1.219,fall_harbor,1.176,1.234,1.294,07-01,fall_harbor,off_season
michigan_city_in,Michigan City,IN,brown_trout,Brown trout,michigan_city_in/brown_trout,08,Aug,08-15,1.475,winter_spring_nearshore,1.29,1.488,1.686,08-31,winter_spring_nearshore,off_season
michigan_city_in,Michigan City,IN,brown_trout,Brown trout,michigan_city_in/brown_trout,09,Sep,09-15,1.884,winter_spring_nearshore,1.699,1.962,2.401,09-30,fall_harbor,shoulder
michigan_city_in,Michigan City,IN,brown_trout,Brown trout,michigan_city_in/brown_trout,10,Oct,10-15,3.196,fall_harbor,2.44,3.25,4.06,10-31,fall_harbor,strong
michigan_city_in,Michigan City,IN,brown_trout,Brown trout,michigan_city_in/brown_trout,11,Nov,11-15,4.371,fall_harbor,3.682,4.198,4.6,11-10,fall_harbor,strong
michigan_city_in,Michigan City,IN,brown_trout,Brown trout,michigan_city_in/brown_trout,12,Dec,12-15,2.994,fall_harbor,2.994,3.178,3.636,12-01,fall_harbor,shoulder
muskegon_mi,Muskegon,MI,chinook_salmon,Chinook salmon,muskegon_mi/chinook_salmon,01,Jan,01-15,1,none,1,1,1,01-01,none,off_season
muskegon_mi,Muskegon,MI,chinook_salmon,Chinook salmon,muskegon_mi/chinook_salmon,02,Feb,02-15,1,none,1,1,1,02-01,none,off_season
muskegon_mi,Muskegon,MI,chinook_salmon,Chinook salmon,muskegon_mi/chinook_salmon,03,Mar,03-15,1,none,1,1.063,1.328,03-31,spring_nearshore_transient,off_season
muskegon_mi,Muskegon,MI,chinook_salmon,Chinook salmon,muskegon_mi/chinook_salmon,04,Apr,04-15,1.775,spring_nearshore_transient,1.358,1.84,2.496,04-30,spring_nearshore_transient,shoulder
muskegon_mi,Muskegon,MI,chinook_salmon,Chinook salmon,muskegon_mi/chinook_salmon,05,May,05-15,3.354,spring_nearshore_transient,2.553,3.144,3.64,05-20,spring_nearshore_transient,shoulder
muskegon_mi,Muskegon,MI,chinook_salmon,Chinook salmon,muskegon_mi/chinook_salmon,06,Jun,06-15,1.869,spring_nearshore_transient,1.176,1.895,2.822,06-01,spring_nearshore_transient,shoulder
muskegon_mi,Muskegon,MI,chinook_salmon,Chinook salmon,muskegon_mi/chinook_salmon,07,Jul,07-15,1,none,1,1.201,1.977,07-31,fall_harbor_staging,off_season
muskegon_mi,Muskegon,MI,chinook_salmon,Chinook salmon,muskegon_mi/chinook_salmon,08,Aug,08-15,3.31,fall_harbor_staging,2.066,3.675,5.74,08-31,fall_harbor_staging,peak
muskegon_mi,Muskegon,MI,chinook_salmon,Chinook salmon,muskegon_mi/chinook_salmon,09,Sep,09-15,5.853,fall_harbor_staging,4.099,5.631,6.5,09-05,fall_harbor_staging,peak
muskegon_mi,Muskegon,MI,chinook_salmon,Chinook salmon,muskegon_mi/chinook_salmon,10,Oct,10-15,1.66,fall_harbor_staging,1.039,2.04,3.937,10-01,fall_harbor_staging,shoulder
muskegon_mi,Muskegon,MI,chinook_salmon,Chinook salmon,muskegon_mi/chinook_salmon,11,Nov,11-15,1,none,1,1,1,11-01,none,off_season
muskegon_mi,Muskegon,MI,chinook_salmon,Chinook salmon,muskegon_mi/chinook_salmon,12,Dec,12-15,1,none,1,1,1,12-01,none,off_season
muskegon_mi,Muskegon,MI,coho_salmon,Coho salmon,muskegon_mi/coho_salmon,01,Jan,01-15,1.32,spring_nearshore,1,1.343,1.686,01-31,spring_nearshore,off_season
muskegon_mi,Muskegon,MI,coho_salmon,Coho salmon,muskegon_mi/coho_salmon,02,Feb,02-15,2.03,spring_nearshore,1.709,2.018,2.327,02-28,spring_nearshore,off_season
muskegon_mi,Muskegon,MI,coho_salmon,Coho salmon,muskegon_mi/coho_salmon,03,Mar,03-15,3.61,spring_nearshore,2.35,3.7,5.05,03-31,spring_nearshore,strong
muskegon_mi,Muskegon,MI,coho_salmon,Coho salmon,muskegon_mi/coho_salmon,04,Apr,04-15,6.4,spring_nearshore,5.127,5.746,6.4,04-15,spring_nearshore,peak
muskegon_mi,Muskegon,MI,coho_salmon,Coho salmon,muskegon_mi/coho_salmon,05,May,05-15,3.854,spring_nearshore,2.402,3.751,5.042,05-01,spring_nearshore,strong
muskegon_mi,Muskegon,MI,coho_salmon,Coho salmon,muskegon_mi/coho_salmon,06,Jun,06-15,1,none,1,1.327,2.308,06-01,spring_nearshore,off_season
muskegon_mi,Muskegon,MI,coho_salmon,Coho salmon,muskegon_mi/coho_salmon,07,Jul,07-15,1,none,1,1,1,07-01,none,off_season
muskegon_mi,Muskegon,MI,coho_salmon,Coho salmon,muskegon_mi/coho_salmon,08,Aug,08-15,1,none,1,1.264,2.365,08-31,fall_harbor_return,shoulder
muskegon_mi,Muskegon,MI,coho_salmon,Coho salmon,muskegon_mi/coho_salmon,09,Sep,09-15,4.227,fall_harbor_return,2.489,4.179,5.489,09-30,fall_harbor_return,strong
muskegon_mi,Muskegon,MI,coho_salmon,Coho salmon,muskegon_mi/coho_salmon,10,Oct,10-15,5.524,fall_harbor_return,3.586,5.134,6.13,10-10,fall_harbor_return,peak
muskegon_mi,Muskegon,MI,coho_salmon,Coho salmon,muskegon_mi/coho_salmon,11,Nov,11-15,1.769,fall_harbor_return,1.048,2.001,3.465,11-01,fall_harbor_return,shoulder
muskegon_mi,Muskegon,MI,coho_salmon,Coho salmon,muskegon_mi/coho_salmon,12,Dec,12-15,1,none,1,1,1,12-01,none,off_season
muskegon_mi,Muskegon,MI,steelhead,Steelhead,muskegon_mi/steelhead,01,Jan,01-15,3.921,winter_spring_pier,3.66,3.94,4.22,01-31,winter_spring_pier,shoulder
muskegon_mi,Muskegon,MI,steelhead,Steelhead,muskegon_mi/steelhead,02,Feb,02-15,4.5,winter_spring_pier,4.239,4.623,5.271,02-28,winter_spring_pier,strong
muskegon_mi,Muskegon,MI,steelhead,Steelhead,muskegon_mi/steelhead,03,Mar,03-15,6.161,winter_spring_pier,5.331,6.22,7.11,03-31,winter_spring_pier,peak
muskegon_mi,Muskegon,MI,steelhead,Steelhead,muskegon_mi/steelhead,04,Apr,04-15,8,winter_spring_pier,6.65,7.432,8,04-15,winter_spring_pier,peak
muskegon_mi,Muskegon,MI,steelhead,Steelhead,muskegon_mi/steelhead,05,May,05-15,5.3,winter_spring_pier,3.845,5.207,6.56,05-01,winter_spring_pier,strong
muskegon_mi,Muskegon,MI,steelhead,Steelhead,muskegon_mi/steelhead,06,Jun,06-15,2.474,winter_spring_pier,1.415,2.457,3.753,06-01,winter_spring_pier,shoulder
muskegon_mi,Muskegon,MI,steelhead,Steelhead,muskegon_mi/steelhead,07,Jul,07-15,1.293,fall_harbor,1.22,1.306,1.407,07-01,fall_harbor,off_season
muskegon_mi,Muskegon,MI,steelhead,Steelhead,muskegon_mi/steelhead,08,Aug,08-15,1.56,winter_spring_pier,1.342,1.58,1.906,08-31,fall_harbor,off_season
muskegon_mi,Muskegon,MI,steelhead,Steelhead,muskegon_mi/steelhead,09,Sep,09-15,3.142,fall_harbor,1.988,3.25,4.744,09-30,fall_harbor,shoulder
muskegon_mi,Muskegon,MI,steelhead,Steelhead,muskegon_mi/steelhead,10,Oct,10-15,6.53,fall_harbor,4.863,6.527,7.72,10-25,fall_harbor,peak
muskegon_mi,Muskegon,MI,steelhead,Steelhead,muskegon_mi/steelhead,11,Nov,11-15,6.445,fall_harbor,5.428,6.404,7.295,11-01,fall_harbor,peak
muskegon_mi,Muskegon,MI,steelhead,Steelhead,muskegon_mi/steelhead,12,Dec,12-15,4.196,fall_harbor,3.548,4.228,5.346,12-01,fall_harbor,strong
muskegon_mi,Muskegon,MI,brown_trout,Brown trout,muskegon_mi/brown_trout,01,Jan,01-15,3.819,winter_spring_nearshore,3.52,3.84,4.16,01-31,winter_spring_nearshore,shoulder
muskegon_mi,Muskegon,MI,brown_trout,Brown trout,muskegon_mi/brown_trout,02,Feb,02-15,4.48,winter_spring_nearshore,4.181,4.552,5.087,02-28,winter_spring_nearshore,strong
muskegon_mi,Muskegon,MI,brown_trout,Brown trout,muskegon_mi/brown_trout,03,Mar,03-15,5.787,winter_spring_nearshore,5.133,5.833,6.533,03-31,winter_spring_nearshore,peak
muskegon_mi,Muskegon,MI,brown_trout,Brown trout,muskegon_mi/brown_trout,04,Apr,04-15,6.662,winter_spring_nearshore,5.65,6.457,7,04-10,winter_spring_nearshore,peak
muskegon_mi,Muskegon,MI,brown_trout,Brown trout,muskegon_mi/brown_trout,05,May,05-15,4.638,winter_spring_nearshore,3.299,4.52,5.583,05-01,winter_spring_nearshore,strong
muskegon_mi,Muskegon,MI,brown_trout,Brown trout,muskegon_mi/brown_trout,06,Jun,06-15,1.935,winter_spring_nearshore,1.359,2.028,3.208,06-01,winter_spring_nearshore,shoulder
muskegon_mi,Muskegon,MI,brown_trout,Brown trout,muskegon_mi/brown_trout,07,Jul,07-15,1.263,fall_harbor,1.211,1.281,1.352,07-01,fall_harbor,off_season
muskegon_mi,Muskegon,MI,brown_trout,Brown trout,muskegon_mi/brown_trout,08,Aug,08-15,1.57,winter_spring_nearshore,1.348,1.586,1.823,08-31,winter_spring_nearshore,off_season
muskegon_mi,Muskegon,MI,brown_trout,Brown trout,muskegon_mi/brown_trout,09,Sep,09-15,2.061,winter_spring_nearshore,1.839,2.154,2.681,09-30,fall_harbor,shoulder
muskegon_mi,Muskegon,MI,brown_trout,Brown trout,muskegon_mi/brown_trout,10,Oct,10-15,3.635,fall_harbor,2.728,3.7,4.672,10-31,fall_harbor,strong
muskegon_mi,Muskegon,MI,brown_trout,Brown trout,muskegon_mi/brown_trout,11,Nov,11-15,5.045,fall_harbor,4.219,4.837,5.32,11-10,fall_harbor,strong
muskegon_mi,Muskegon,MI,brown_trout,Brown trout,muskegon_mi/brown_trout,12,Dec,12-15,3.393,fall_harbor,3.393,3.614,4.164,12-01,fall_harbor,shoulder
muskegon_mi,Muskegon,MI,freshwater_drum,Freshwater drum,muskegon_mi/freshwater_drum,01,Jan,01-15,1,none,1,1,1,01-01,none,off_season
muskegon_mi,Muskegon,MI,freshwater_drum,Freshwater drum,muskegon_mi/freshwater_drum,02,Feb,02-15,1,none,1,1,1,02-01,none,off_season
muskegon_mi,Muskegon,MI,freshwater_drum,Freshwater drum,muskegon_mi/freshwater_drum,03,Mar,03-15,1,none,1,1,1,03-01,none,off_season
muskegon_mi,Muskegon,MI,freshwater_drum,Freshwater drum,muskegon_mi/freshwater_drum,04,Apr,04-15,1,none,1,1.178,1.669,04-30,warm_season_harbor,off_season
muskegon_mi,Muskegon,MI,freshwater_drum,Freshwater drum,muskegon_mi/freshwater_drum,05,May,05-15,2.337,warm_season_harbor,1.713,2.425,3.275,05-31,warm_season_harbor,shoulder
muskegon_mi,Muskegon,MI,freshwater_drum,Freshwater drum,muskegon_mi/freshwater_drum,06,Jun,06-15,4.25,warm_season_harbor,3.34,4.282,5.225,06-30,warm_season_harbor,strong
muskegon_mi,Muskegon,MI,freshwater_drum,Freshwater drum,muskegon_mi/freshwater_drum,07,Jul,07-15,6.2,warm_season_harbor,5.29,5.916,6.2,07-15,warm_season_harbor,peak
muskegon_mi,Muskegon,MI,freshwater_drum,Freshwater drum,muskegon_mi/freshwater_drum,08,Aug,08-15,5.752,warm_season_harbor,4.886,5.615,5.954,08-01,warm_season_harbor,peak
muskegon_mi,Muskegon,MI,freshwater_drum,Freshwater drum,muskegon_mi/freshwater_drum,09,Sep,09-15,3.802,warm_season_harbor,2.664,3.761,4.813,09-01,warm_season_harbor,strong
muskegon_mi,Muskegon,MI,freshwater_drum,Freshwater drum,muskegon_mi/freshwater_drum,10,Oct,10-15,1.416,warm_season_harbor,1,1.51,2.581,10-01,warm_season_harbor,shoulder
muskegon_mi,Muskegon,MI,freshwater_drum,Freshwater drum,muskegon_mi/freshwater_drum,11,Nov,11-15,1,none,1,1,1,11-01,none,off_season
muskegon_mi,Muskegon,MI,freshwater_drum,Freshwater drum,muskegon_mi/freshwater_drum,12,Dec,12-15,1,none,1,1,1,12-01,none,off_season
whitehall_mi,Whitehall,MI,chinook_salmon,Chinook salmon,whitehall_mi/chinook_salmon,01,Jan,01-15,1,none,1,1,1,01-01,none,off_season
whitehall_mi,Whitehall,MI,chinook_salmon,Chinook salmon,whitehall_mi/chinook_salmon,02,Feb,02-15,1,none,1,1,1,02-01,none,off_season
whitehall_mi,Whitehall,MI,chinook_salmon,Chinook salmon,whitehall_mi/chinook_salmon,03,Mar,03-15,1,none,1,1.096,1.494,03-31,spring_nearshore_transient,off_season
whitehall_mi,Whitehall,MI,chinook_salmon,Chinook salmon,whitehall_mi/chinook_salmon,04,Apr,04-15,2.168,spring_nearshore_transient,1.539,2.267,3.255,04-30,spring_nearshore_transient,shoulder
whitehall_mi,Whitehall,MI,chinook_salmon,Chinook salmon,whitehall_mi/chinook_salmon,05,May,05-15,4.549,spring_nearshore_transient,3.342,4.233,4.98,05-20,spring_nearshore_transient,shoulder
whitehall_mi,Whitehall,MI,chinook_salmon,Chinook salmon,whitehall_mi/chinook_salmon,06,Jun,06-15,2.31,spring_nearshore_transient,1.265,2.349,3.747,06-01,spring_nearshore_transient,shoulder
whitehall_mi,Whitehall,MI,chinook_salmon,Chinook salmon,whitehall_mi/chinook_salmon,07,Jul,07-15,1,none,1,1.303,2.475,07-31,fall_harbor_staging,off_season
whitehall_mi,Whitehall,MI,chinook_salmon,Chinook salmon,whitehall_mi/chinook_salmon,08,Aug,08-15,4.486,fall_harbor_staging,2.609,5.038,8.154,08-31,fall_harbor_staging,peak
whitehall_mi,Whitehall,MI,chinook_salmon,Chinook salmon,whitehall_mi/chinook_salmon,09,Sep,09-15,8.324,fall_harbor_staging,5.677,7.988,9.3,09-05,fall_harbor_staging,peak
whitehall_mi,Whitehall,MI,chinook_salmon,Chinook salmon,whitehall_mi/chinook_salmon,10,Oct,10-15,1.996,fall_harbor_staging,1.059,2.57,5.431,10-01,fall_harbor_staging,shoulder
whitehall_mi,Whitehall,MI,chinook_salmon,Chinook salmon,whitehall_mi/chinook_salmon,11,Nov,11-15,1,none,1,1,1,11-01,none,off_season
whitehall_mi,Whitehall,MI,chinook_salmon,Chinook salmon,whitehall_mi/chinook_salmon,12,Dec,12-15,1,none,1,1,1,12-01,none,off_season
whitehall_mi,Whitehall,MI,coho_salmon,Coho salmon,whitehall_mi/coho_salmon,01,Jan,01-15,1.273,spring_nearshore,1,1.293,1.586,01-31,spring_nearshore,off_season
whitehall_mi,Whitehall,MI,coho_salmon,Coho salmon,whitehall_mi/coho_salmon,02,Feb,02-15,1.879,spring_nearshore,1.606,1.869,2.133,02-28,spring_nearshore,off_season
whitehall_mi,Whitehall,MI,coho_salmon,Coho salmon,whitehall_mi/coho_salmon,03,Mar,03-15,3.228,spring_nearshore,2.152,3.305,4.458,03-31,spring_nearshore,shoulder
whitehall_mi,Whitehall,MI,coho_salmon,Coho salmon,whitehall_mi/coho_salmon,04,Apr,04-15,5.61,spring_nearshore,4.326,4.999,5.61,04-15,spring_nearshore,strong
whitehall_mi,Whitehall,MI,coho_salmon,Coho salmon,whitehall_mi/coho_salmon,05,May,05-15,3.042,spring_nearshore,1.768,2.975,4.24,05-01,spring_nearshore,shoulder
whitehall_mi,Whitehall,MI,coho_salmon,Coho salmon,whitehall_mi/coho_salmon,06,Jun,06-15,1,none,1,1.115,1.692,06-01,spring_nearshore,off_season
whitehall_mi,Whitehall,MI,coho_salmon,Coho salmon,whitehall_mi/coho_salmon,07,Jul,07-15,1,none,1,1,1,07-01,none,off_season
whitehall_mi,Whitehall,MI,coho_salmon,Coho salmon,whitehall_mi/coho_salmon,08,Aug,08-15,1,none,1,1.589,3.147,08-31,fall_harbor_return,shoulder
whitehall_mi,Whitehall,MI,coho_salmon,Coho salmon,whitehall_mi/coho_salmon,09,Sep,09-15,5.16,fall_harbor_return,3.281,5.138,6.84,09-30,fall_harbor_return,peak
whitehall_mi,Whitehall,MI,coho_salmon,Coho salmon,whitehall_mi/coho_salmon,10,Oct,10-15,5.978,fall_harbor_return,3.702,5.754,7.4,10-05,fall_harbor_return,peak
whitehall_mi,Whitehall,MI,coho_salmon,Coho salmon,whitehall_mi/coho_salmon,11,Nov,11-15,1.975,fall_harbor_return,1.061,2.067,3.56,11-01,fall_harbor_return,shoulder
whitehall_mi,Whitehall,MI,coho_salmon,Coho salmon,whitehall_mi/coho_salmon,12,Dec,12-15,1,none,1,1,1,12-01,none,off_season
whitehall_mi,Whitehall,MI,steelhead,Steelhead,whitehall_mi/steelhead,01,Jan,01-15,4.213,winter_spring_pier,3.926,4.234,4.542,01-31,winter_spring_pier,shoulder
whitehall_mi,Whitehall,MI,steelhead,Steelhead,whitehall_mi/steelhead,02,Feb,02-15,4.85,winter_spring_pier,4.563,4.985,5.698,02-28,winter_spring_pier,strong
whitehall_mi,Whitehall,MI,steelhead,Steelhead,whitehall_mi/steelhead,03,Mar,03-15,6.677,winter_spring_pier,5.764,6.742,7.721,03-31,winter_spring_pier,peak
whitehall_mi,Whitehall,MI,steelhead,Steelhead,whitehall_mi/steelhead,04,Apr,04-15,8.7,winter_spring_pier,7.215,8.076,8.7,04-15,winter_spring_pier,peak
whitehall_mi,Whitehall,MI,steelhead,Steelhead,whitehall_mi/steelhead,05,May,05-15,5.73,winter_spring_pier,4.129,5.628,7.116,05-01,winter_spring_pier,strong
whitehall_mi,Whitehall,MI,steelhead,Steelhead,whitehall_mi/steelhead,06,Jun,06-15,2.621,winter_spring_pier,1.457,2.603,4.029,06-01,winter_spring_pier,shoulder
whitehall_mi,Whitehall,MI,steelhead,Steelhead,whitehall_mi/steelhead,07,Jul,07-15,1.322,fall_harbor,1.242,1.337,1.448,07-01,fall_harbor,off_season
whitehall_mi,Whitehall,MI,steelhead,Steelhead,whitehall_mi/steelhead,08,Aug,08-15,1.616,winter_spring_pier,1.376,1.638,1.996,08-31,fall_harbor,off_season
whitehall_mi,Whitehall,MI,steelhead,Steelhead,whitehall_mi/steelhead,09,Sep,09-15,3.355,fall_harbor,2.087,3.474,5.117,09-30,fall_harbor,shoulder
whitehall_mi,Whitehall,MI,steelhead,Steelhead,whitehall_mi/steelhead,10,Oct,10-15,7.081,fall_harbor,5.248,7.078,8.39,10-25,fall_harbor,peak
whitehall_mi,Whitehall,MI,steelhead,Steelhead,whitehall_mi/steelhead,11,Nov,11-15,6.988,fall_harbor,5.869,6.943,7.923,11-01,fall_harbor,peak
whitehall_mi,Whitehall,MI,steelhead,Steelhead,whitehall_mi/steelhead,12,Dec,12-15,4.514,fall_harbor,3.803,4.55,5.779,12-01,fall_harbor,strong
whitehall_mi,Whitehall,MI,brown_trout,Brown trout,whitehall_mi/brown_trout,01,Jan,01-15,4.148,winter_spring_nearshore,3.814,4.171,4.529,01-31,winter_spring_nearshore,shoulder
whitehall_mi,Whitehall,MI,brown_trout,Brown trout,whitehall_mi/brown_trout,02,Feb,02-15,4.886,winter_spring_nearshore,4.552,4.966,5.563,02-28,winter_spring_nearshore,strong
whitehall_mi,Whitehall,MI,brown_trout,Brown trout,whitehall_mi/brown_trout,03,Mar,03-15,6.345,winter_spring_nearshore,5.616,6.397,7.179,03-31,winter_spring_nearshore,peak
whitehall_mi,Whitehall,MI,brown_trout,Brown trout,whitehall_mi/brown_trout,04,Apr,04-15,7.323,winter_spring_nearshore,6.192,7.094,7.7,04-10,winter_spring_nearshore,peak
whitehall_mi,Whitehall,MI,brown_trout,Brown trout,whitehall_mi/brown_trout,05,May,05-15,5.062,winter_spring_nearshore,3.568,4.931,6.117,05-01,winter_spring_nearshore,strong
whitehall_mi,Whitehall,MI,brown_trout,Brown trout,whitehall_mi/brown_trout,06,Jun,06-15,2.044,winter_spring_nearshore,1.4,2.147,3.466,06-01,winter_spring_nearshore,shoulder
whitehall_mi,Whitehall,MI,brown_trout,Brown trout,whitehall_mi/brown_trout,07,Jul,07-15,1.293,fall_harbor,1.236,1.313,1.393,07-01,fall_harbor,off_season
whitehall_mi,Whitehall,MI,brown_trout,Brown trout,whitehall_mi/brown_trout,08,Aug,08-15,1.637,winter_spring_nearshore,1.389,1.654,1.919,08-31,winter_spring_nearshore,off_season
whitehall_mi,Whitehall,MI,brown_trout,Brown trout,whitehall_mi/brown_trout,09,Sep,09-15,2.185,winter_spring_nearshore,1.937,2.289,2.876,09-30,fall_harbor,shoulder
whitehall_mi,Whitehall,MI,brown_trout,Brown trout,whitehall_mi/brown_trout,10,Oct,10-15,3.94,fall_harbor,2.928,4.013,5.097,10-31,fall_harbor,strong
whitehall_mi,Whitehall,MI,brown_trout,Brown trout,whitehall_mi/brown_trout,11,Nov,11-15,5.513,fall_harbor,4.591,5.282,5.82,11-10,fall_harbor,strong
whitehall_mi,Whitehall,MI,brown_trout,Brown trout,whitehall_mi/brown_trout,12,Dec,12-15,3.671,winter_spring_nearshore,3.671,3.918,4.53,12-01,fall_harbor,shoulder
whitehall_mi,Whitehall,MI,freshwater_drum,Freshwater drum,whitehall_mi/freshwater_drum,01,Jan,01-15,1,none,1,1,1,01-01,none,off_season
whitehall_mi,Whitehall,MI,freshwater_drum,Freshwater drum,whitehall_mi/freshwater_drum,02,Feb,02-15,1,none,1,1,1,02-01,none,off_season
whitehall_mi,Whitehall,MI,freshwater_drum,Freshwater drum,whitehall_mi/freshwater_drum,03,Mar,03-15,1,none,1,1,1,03-01,none,off_season
whitehall_mi,Whitehall,MI,freshwater_drum,Freshwater drum,whitehall_mi/freshwater_drum,04,Apr,04-15,1,none,1,1.158,1.591,04-30,warm_season_harbor,off_season
whitehall_mi,Whitehall,MI,freshwater_drum,Freshwater drum,whitehall_mi/freshwater_drum,05,May,05-15,2.183,warm_season_harbor,1.631,2.261,3.012,05-31,warm_season_harbor,shoulder
whitehall_mi,Whitehall,MI,freshwater_drum,Freshwater drum,whitehall_mi/freshwater_drum,06,Jun,06-15,3.875,warm_season_harbor,3.07,3.904,4.737,06-30,warm_season_harbor,strong
whitehall_mi,Whitehall,MI,freshwater_drum,Freshwater drum,whitehall_mi/freshwater_drum,07,Jul,07-15,5.6,warm_season_harbor,4.795,5.349,5.6,07-15,warm_season_harbor,peak
whitehall_mi,Whitehall,MI,freshwater_drum,Freshwater drum,whitehall_mi/freshwater_drum,08,Aug,08-15,5.204,warm_season_harbor,4.437,5.082,5.383,08-01,warm_season_harbor,peak
whitehall_mi,Whitehall,MI,freshwater_drum,Freshwater drum,whitehall_mi/freshwater_drum,09,Sep,09-15,3.479,warm_season_harbor,2.472,3.442,4.373,09-01,warm_season_harbor,strong
whitehall_mi,Whitehall,MI,freshwater_drum,Freshwater drum,whitehall_mi/freshwater_drum,10,Oct,10-15,1.368,warm_season_harbor,1,1.451,2.398,10-01,warm_season_harbor,shoulder
whitehall_mi,Whitehall,MI,freshwater_drum,Freshwater drum,whitehall_mi/freshwater_drum,11,Nov,11-15,1,none,1,1,1,11-01,none,off_season
whitehall_mi,Whitehall,MI,freshwater_drum,Freshwater drum,whitehall_mi/freshwater_drum,12,Dec,12-15,1,none,1,1,1,12-01,none,off_season
alpena_mi,Alpena,MI,chinook_salmon,Chinook salmon,alpena_mi/chinook_salmon,01,Jan,01-15,1,none,1,1,1,01-01,none,off_season
alpena_mi,Alpena,MI,chinook_salmon,Chinook salmon,alpena_mi/chinook_salmon,02,Feb,02-15,1,none,1,1,1,02-01,none,off_season
alpena_mi,Alpena,MI,chinook_salmon,Chinook salmon,alpena_mi/chinook_salmon,03,Mar,03-15,1,none,1,1,1,03-01,none,off_season
alpena_mi,Alpena,MI,chinook_salmon,Chinook salmon,alpena_mi/chinook_salmon,04,Apr,04-15,1,none,1,1,1,04-01,none,off_season
alpena_mi,Alpena,MI,chinook_salmon,Chinook salmon,alpena_mi/chinook_salmon,05,May,05-15,1,none,1,1,1,05-01,none,off_season
alpena_mi,Alpena,MI,chinook_salmon,Chinook salmon,alpena_mi/chinook_salmon,06,Jun,06-15,1,none,1,1,1,06-01,none,off_season
alpena_mi,Alpena,MI,chinook_salmon,Chinook salmon,alpena_mi/chinook_salmon,07,Jul,07-15,1,none,1,1,1,07-01,none,off_season
alpena_mi,Alpena,MI,chinook_salmon,Chinook salmon,alpena_mi/chinook_salmon,08,Aug,08-15,1,none,1,1.144,1.745,08-31,fall_harbor_staging,off_season
alpena_mi,Alpena,MI,chinook_salmon,Chinook salmon,alpena_mi/chinook_salmon,09,Sep,09-15,2.76,fall_harbor_staging,1.812,3.051,4.74,09-30,fall_harbor_staging,peak
alpena_mi,Alpena,MI,chinook_salmon,Chinook salmon,alpena_mi/chinook_salmon,10,Oct,10-15,4.08,fall_harbor_staging,2.1,3.878,5.4,10-05,fall_harbor_staging,peak
alpena_mi,Alpena,MI,chinook_salmon,Chinook salmon,alpena_mi/chinook_salmon,11,Nov,11-15,1,none,1,1.165,1.99,11-01,fall_harbor_staging,off_season
alpena_mi,Alpena,MI,chinook_salmon,Chinook salmon,alpena_mi/chinook_salmon,12,Dec,12-15,1,none,1,1,1,12-01,none,off_season
alpena_mi,Alpena,MI,coho_salmon,Coho salmon,alpena_mi/coho_salmon,01,Jan,01-15,1.183,spring_nearshore,1,1.196,1.392,01-31,spring_nearshore,off_season
alpena_mi,Alpena,MI,coho_salmon,Coho salmon,alpena_mi/coho_salmon,02,Feb,02-15,1.587,spring_nearshore,1.405,1.581,1.757,02-28,spring_nearshore,off_season
alpena_mi,Alpena,MI,coho_salmon,Coho salmon,alpena_mi/coho_salmon,03,Mar,03-15,2.632,spring_nearshore,1.77,2.694,3.618,03-31,spring_nearshore,shoulder
alpena_mi,Alpena,MI,coho_salmon,Coho salmon,alpena_mi/coho_salmon,04,Apr,04-15,4.542,spring_nearshore,3.68,4.307,4.85,04-20,spring_nearshore,strong
alpena_mi,Alpena,MI,coho_salmon,Coho salmon,alpena_mi/coho_salmon,05,May,05-15,2.765,spring_nearshore,1.777,2.748,3.932,05-01,spring_nearshore,shoulder
alpena_mi,Alpena,MI,coho_salmon,Coho salmon,alpena_mi/coho_salmon,06,Jun,06-15,1.393,fall_harbor_return,1.376,1.442,1.726,06-01,spring_nearshore,off_season
alpena_mi,Alpena,MI,coho_salmon,Coho salmon,alpena_mi/coho_salmon,07,Jul,07-15,1.464,fall_harbor_return,1.431,1.467,1.502,07-31,fall_harbor_return,off_season
alpena_mi,Alpena,MI,coho_salmon,Coho salmon,alpena_mi/coho_salmon,08,Aug,08-15,1.538,fall_harbor_return,1.505,1.754,2.682,08-31,fall_harbor_return,shoulder
alpena_mi,Alpena,MI,coho_salmon,Coho salmon,alpena_mi/coho_salmon,09,Sep,09-15,4.225,fall_harbor_return,2.785,4.25,5.62,09-30,fall_harbor_return,strong
alpena_mi,Alpena,MI,coho_salmon,Coho salmon,alpena_mi/coho_salmon,10,Oct,10-15,5.889,fall_harbor_return,3.933,5.462,6.5,10-10,fall_harbor_return,peak
alpena_mi,Alpena,MI,coho_salmon,Coho salmon,alpena_mi/coho_salmon,11,Nov,11-15,2.1,fall_harbor_return,1.069,2.253,3.811,11-01,fall_harbor_return,shoulder
alpena_mi,Alpena,MI,coho_salmon,Coho salmon,alpena_mi/coho_salmon,12,Dec,12-15,1,none,1,1,1,12-01,none,off_season
alpena_mi,Alpena,MI,steelhead,Steelhead,alpena_mi/steelhead,01,Jan,01-15,2.568,spring_harbor,2.2,2.595,2.989,01-31,spring_harbor,shoulder
alpena_mi,Alpena,MI,steelhead,Steelhead,alpena_mi/steelhead,02,Feb,02-15,3.384,spring_harbor,3.015,3.37,3.725,02-28,spring_harbor,shoulder
alpena_mi,Alpena,MI,steelhead,Steelhead,alpena_mi/steelhead,03,Mar,03-15,4.12,spring_harbor,3.752,4.211,4.776,03-31,spring_harbor,strong
alpena_mi,Alpena,MI,steelhead,Steelhead,alpena_mi/steelhead,04,Apr,04-15,5.39,spring_harbor,4.817,5.343,5.8,04-25,spring_harbor,peak
alpena_mi,Alpena,MI,steelhead,Steelhead,alpena_mi/steelhead,05,May,05-15,3.918,spring_harbor,2.412,3.824,5.235,05-01,spring_harbor,peak
alpena_mi,Alpena,MI,steelhead,Steelhead,alpena_mi/steelhead,06,Jun,06-15,1.261,fall_harbor,1.201,1.461,2.318,06-01,spring_harbor,shoulder
alpena_mi,Alpena,MI,steelhead,Steelhead,alpena_mi/steelhead,07,Jul,07-15,1.142,fall_harbor,1.079,1.138,1.197,07-01,fall_harbor,off_season
alpena_mi,Alpena,MI,steelhead,Steelhead,alpena_mi/steelhead,08,Aug,08-15,1.02,fall_harbor,1,1.23,2.061,08-31,fall_harbor,off_season
alpena_mi,Alpena,MI,steelhead,Steelhead,alpena_mi/steelhead,09,Sep,09-15,3.508,fall_harbor,2.158,3.444,4.534,09-30,fall_harbor,strong
alpena_mi,Alpena,MI,steelhead,Steelhead,alpena_mi/steelhead,10,Oct,10-15,5.56,fall_harbor,4.602,5.067,5.56,10-15,fall_harbor,peak
alpena_mi,Alpena,MI,steelhead,Steelhead,alpena_mi/steelhead,11,Nov,11-15,3.716,fall_harbor,2.824,3.686,4.549,11-01,fall_harbor,strong
alpena_mi,Alpena,MI,steelhead,Steelhead,alpena_mi/steelhead,12,Dec,12-15,2.383,fall_harbor,2.137,2.393,2.795,12-01,fall_harbor,shoulder
alpena_mi,Alpena,MI,brown_trout,Brown trout,alpena_mi/brown_trout,01,Jan,01-15,3.067,winter_spring_nearshore,2.848,3.083,3.317,01-31,winter_spring_nearshore,shoulder
alpena_mi,Alpena,MI,brown_trout,Brown trout,alpena_mi/brown_trout,02,Feb,02-15,3.552,winter_spring_nearshore,3.333,3.605,3.997,02-28,winter_spring_nearshore,strong
alpena_mi,Alpena,MI,brown_trout,Brown trout,alpena_mi/brown_trout,03,Mar,03-15,4.51,winter_spring_nearshore,4.031,4.544,5.058,03-31,winter_spring_nearshore,peak
alpena_mi,Alpena,MI,brown_trout,Brown trout,alpena_mi/brown_trout,04,Apr,04-15,5.152,winter_spring_nearshore,4.41,5.002,5.4,04-10,winter_spring_nearshore,peak
alpena_mi,Alpena,MI,brown_trout,Brown trout,alpena_mi/brown_trout,05,May,05-15,3.668,winter_spring_nearshore,2.686,3.581,4.361,05-01,winter_spring_nearshore,strong
alpena_mi,Alpena,MI,brown_trout,Brown trout,alpena_mi/brown_trout,06,Jun,06-15,1.686,winter_spring_nearshore,1.263,1.754,2.619,06-01,winter_spring_nearshore,shoulder
alpena_mi,Alpena,MI,brown_trout,Brown trout,alpena_mi/brown_trout,07,Jul,07-15,1.193,fall_harbor,1.155,1.206,1.259,07-01,fall_harbor,off_season
alpena_mi,Alpena,MI,brown_trout,Brown trout,alpena_mi/brown_trout,08,Aug,08-15,1.418,winter_spring_nearshore,1.255,1.43,1.604,08-31,winter_spring_nearshore,off_season
alpena_mi,Alpena,MI,brown_trout,Brown trout,alpena_mi/brown_trout,09,Sep,09-15,1.778,winter_spring_nearshore,1.615,1.847,2.234,09-30,fall_harbor,shoulder
alpena_mi,Alpena,MI,brown_trout,Brown trout,alpena_mi/brown_trout,10,Oct,10-15,2.934,fall_harbor,2.268,2.981,3.694,10-31,fall_harbor,strong
alpena_mi,Alpena,MI,brown_trout,Brown trout,alpena_mi/brown_trout,11,Nov,11-15,3.968,fall_harbor,3.362,3.816,4.17,11-10,fall_harbor,strong
alpena_mi,Alpena,MI,brown_trout,Brown trout,alpena_mi/brown_trout,12,Dec,12-15,2.756,fall_harbor,2.756,2.918,3.322,12-01,fall_harbor,shoulder
alpena_mi,Alpena,MI,lake_trout,Lake trout,alpena_mi/lake_trout,01,Jan,01-15,1.914,spring_coldwater_pier,1.8,1.922,2.044,01-31,spring_coldwater_pier,shoulder
alpena_mi,Alpena,MI,lake_trout,Lake trout,alpena_mi/lake_trout,02,Feb,02-15,2.166,spring_coldwater_pier,2.052,2.162,2.272,02-28,spring_coldwater_pier,shoulder
alpena_mi,Alpena,MI,lake_trout,Lake trout,alpena_mi/lake_trout,03,Mar,03-15,2.818,spring_coldwater_pier,2.28,2.856,3.432,03-31,spring_coldwater_pier,strong
alpena_mi,Alpena,MI,lake_trout,Lake trout,alpena_mi/lake_trout,04,Apr,04-15,4.008,spring_coldwater_pier,3.47,3.838,4.2,04-20,spring_coldwater_pier,strong
alpena_mi,Alpena,MI,lake_trout,Lake trout,alpena_mi/lake_trout,05,May,05-15,2.581,spring_coldwater_pier,1.674,2.524,3.488,05-01,spring_coldwater_pier,strong
alpena_mi,Alpena,MI,lake_trout,Lake trout,alpena_mi/lake_trout,06,Jun,06-15,2.4,summer_early_fall_nearshore,1.768,2.412,3.039,06-30,summer_early_fall_nearshore,shoulder
alpena_mi,Alpena,MI,lake_trout,Lake trout,alpena_mi/lake_trout,07,Jul,07-15,3.679,summer_early_fall_nearshore,3.082,3.721,4.361,07-31,summer_early_fall_nearshore,strong
alpena_mi,Alpena,MI,lake_trout,Lake trout,alpena_mi/lake_trout,08,Aug,08-15,5,summer_early_fall_nearshore,4.403,4.771,5,08-15,summer_early_fall_nearshore,peak
alpena_mi,Alpena,MI,lake_trout,Lake trout,alpena_mi/lake_trout,09,Sep,09-15,4.4,summer_early_fall_nearshore,3.6,4.254,4.671,09-01,summer_early_fall_nearshore,peak
alpena_mi,Alpena,MI,lake_trout,Lake trout,alpena_mi/lake_trout,10,Oct,10-15,1.457,spring_coldwater_pier,1.402,1.46,1.519,10-31,spring_coldwater_pier,off_season
alpena_mi,Alpena,MI,lake_trout,Lake trout,alpena_mi/lake_trout,11,Nov,11-15,1.578,spring_coldwater_pier,1.523,1.58,1.636,11-30,spring_coldwater_pier,off_season
alpena_mi,Alpena,MI,lake_trout,Lake trout,alpena_mi/lake_trout,12,Dec,12-15,1.715,spring_coldwater_pier,1.64,1.72,1.8,12-31,spring_coldwater_pier,off_season
alpena_mi,Alpena,MI,freshwater_drum,Freshwater drum,alpena_mi/freshwater_drum,01,Jan,01-15,1,none,1,1,1,01-01,none,off_season
alpena_mi,Alpena,MI,freshwater_drum,Freshwater drum,alpena_mi/freshwater_drum,02,Feb,02-15,1,none,1,1,1,02-01,none,off_season
alpena_mi,Alpena,MI,freshwater_drum,Freshwater drum,alpena_mi/freshwater_drum,03,Mar,03-15,1,none,1,1,1,03-01,none,off_season
alpena_mi,Alpena,MI,freshwater_drum,Freshwater drum,alpena_mi/freshwater_drum,04,Apr,04-15,1,none,1,1.11,1.411,04-30,warm_season_harbor,off_season
alpena_mi,Alpena,MI,freshwater_drum,Freshwater drum,alpena_mi/freshwater_drum,05,May,05-15,1.823,warm_season_harbor,1.439,1.877,2.4,05-31,warm_season_harbor,shoulder
alpena_mi,Alpena,MI,freshwater_drum,Freshwater drum,alpena_mi/freshwater_drum,06,Jun,06-15,3,warm_season_harbor,2.44,3.02,3.6,06-30,warm_season_harbor,strong
alpena_mi,Alpena,MI,freshwater_drum,Freshwater drum,alpena_mi/freshwater_drum,07,Jul,07-15,4.2,warm_season_harbor,3.64,4.026,4.2,07-15,warm_season_harbor,peak
alpena_mi,Alpena,MI,freshwater_drum,Freshwater drum,alpena_mi/freshwater_drum,08,Aug,08-15,3.924,warm_season_harbor,3.391,3.84,4.049,08-01,warm_season_harbor,peak
alpena_mi,Alpena,MI,freshwater_drum,Freshwater drum,alpena_mi/freshwater_drum,09,Sep,09-15,2.724,warm_season_harbor,2.024,2.699,3.347,09-01,warm_season_harbor,strong
alpena_mi,Alpena,MI,freshwater_drum,Freshwater drum,alpena_mi/freshwater_drum,10,Oct,10-15,1.256,warm_season_harbor,1,1.314,1.973,10-01,warm_season_harbor,shoulder
alpena_mi,Alpena,MI,freshwater_drum,Freshwater drum,alpena_mi/freshwater_drum,11,Nov,11-15,1,none,1,1,1,11-01,none,off_season
alpena_mi,Alpena,MI,freshwater_drum,Freshwater drum,alpena_mi/freshwater_drum,12,Dec,12-15,1,none,1,1,1,12-01,none,off_season
alpena_mi,Alpena,MI,atlantic_salmon,Atlantic salmon,alpena_mi/atlantic_salmon,01,Jan,01-15,5.37,winter_spring_nearshore,5.216,5.381,5.547,01-31,winter_spring_nearshore,strong
alpena_mi,Alpena,MI,atlantic_salmon,Atlantic salmon,alpena_mi/atlantic_salmon,02,Feb,02-15,5.712,winter_spring_nearshore,5.558,5.756,6.054,02-28,winter_spring_nearshore,strong
alpena_mi,Alpena,MI,atlantic_salmon,Atlantic salmon,alpena_mi/atlantic_salmon,03,Mar,03-15,6.448,winter_spring_nearshore,6.08,6.455,6.769,03-31,winter_spring_nearshore,peak
alpena_mi,Alpena,MI,atlantic_salmon,Atlantic salmon,alpena_mi/atlantic_salmon,04,Apr,04-15,7.028,winter_spring_nearshore,6.735,6.981,7.2,04-25,winter_spring_nearshore,peak
alpena_mi,Alpena,MI,atlantic_salmon,Atlantic salmon,alpena_mi/atlantic_salmon,05,May,05-15,5.34,winter_spring_nearshore,3.623,5.221,6.642,05-01,winter_spring_nearshore,peak
alpena_mi,Alpena,MI,atlantic_salmon,Atlantic salmon,alpena_mi/atlantic_salmon,06,Jun,06-15,1.656,winter_spring_nearshore,1,1.831,3.492,06-01,winter_spring_nearshore,shoulder
alpena_mi,Alpena,MI,atlantic_salmon,Atlantic salmon,alpena_mi/atlantic_salmon,07,Jul,07-15,1,none,1,1,1,07-01,none,off_season
alpena_mi,Alpena,MI,atlantic_salmon,Atlantic salmon,alpena_mi/atlantic_salmon,08,Aug,08-15,1,none,1,1.224,2.159,08-31,fall_harbor_return,off_season
alpena_mi,Alpena,MI,atlantic_salmon,Atlantic salmon,alpena_mi/atlantic_salmon,09,Sep,09-15,3.74,fall_harbor_return,2.265,3.722,4.935,09-30,fall_harbor_return,strong
alpena_mi,Alpena,MI,atlantic_salmon,Atlantic salmon,alpena_mi/atlantic_salmon,10,Oct,10-15,5.936,fall_harbor_return,5.002,5.796,6.27,10-20,fall_harbor_return,strong
alpena_mi,Alpena,MI,atlantic_salmon,Atlantic salmon,alpena_mi/atlantic_salmon,11,Nov,11-15,5.474,fall_harbor_return,4.942,5.436,5.903,11-01,fall_harbor_return,strong
alpena_mi,Alpena,MI,atlantic_salmon,Atlantic salmon,alpena_mi/atlantic_salmon,12,Dec,12-15,5.216,winter_spring_nearshore,5.216,5.216,5.216,12-01,winter_spring_nearshore,strong
st_joseph_mi,St. Joseph,MI,chinook_salmon,Chinook salmon,st_joseph_mi/chinook_salmon,01,Jan,01-15,1.161,spring_nearshore,1,1.172,1.345,01-31,spring_nearshore,off_season
st_joseph_mi,St. Joseph,MI,chinook_salmon,Chinook salmon,st_joseph_mi/chinook_salmon,02,Feb,02-15,1.517,spring_nearshore,1.356,1.511,1.667,02-28,spring_nearshore,off_season
st_joseph_mi,St. Joseph,MI,chinook_salmon,Chinook salmon,st_joseph_mi/chinook_salmon,03,Mar,03-15,2.446,spring_nearshore,1.678,2.501,3.325,03-31,spring_nearshore,shoulder
st_joseph_mi,St. Joseph,MI,chinook_salmon,Chinook salmon,st_joseph_mi/chinook_salmon,04,Apr,04-15,4.148,spring_nearshore,3.379,4.175,4.971,04-30,spring_nearshore,strong
st_joseph_mi,St. Joseph,MI,chinook_salmon,Chinook salmon,st_joseph_mi/chinook_salmon,05,May,05-15,5.237,spring_nearshore,4.333,5.019,5.52,05-10,spring_nearshore,strong
st_joseph_mi,St. Joseph,MI,chinook_salmon,Chinook salmon,st_joseph_mi/chinook_salmon,06,Jun,06-15,3.486,spring_nearshore,3.486,4.037,4.867,06-30,summer_pier,strong
st_joseph_mi,St. Joseph,MI,chinook_salmon,Chinook salmon,st_joseph_mi/chinook_salmon,07,Jul,07-15,6.317,summer_pier,4.963,6.002,6.8,07-20,summer_pier,peak
st_joseph_mi,St. Joseph,MI,chinook_salmon,Chinook salmon,st_joseph_mi/chinook_salmon,08,Aug,08-15,4.287,summer_pier,2.785,4.195,5.64,08-01,summer_pier,strong
st_joseph_mi,St. Joseph,MI,chinook_salmon,Chinook salmon,st_joseph_mi/chinook_salmon,09,Sep,09-15,1.446,summer_pier,1,1.565,2.695,09-01,summer_pier,shoulder
st_joseph_mi,St. Joseph,MI,chinook_salmon,Chinook salmon,st_joseph_mi/chinook_salmon,10,Oct,10-15,1,none,1,1,1,10-01,none,off_season
st_joseph_mi,St. Joseph,MI,chinook_salmon,Chinook salmon,st_joseph_mi/chinook_salmon,11,Nov,11-15,1,none,1,1,1,11-01,none,off_season
st_joseph_mi,St. Joseph,MI,chinook_salmon,Chinook salmon,st_joseph_mi/chinook_salmon,12,Dec,12-15,1,none,1,1,1,12-01,none,off_season
st_joseph_mi,St. Joseph,MI,coho_salmon,Coho salmon,st_joseph_mi/coho_salmon,01,Jan,01-15,2.456,spring_nearshore,1.912,2.495,3.077,01-31,spring_nearshore,shoulder
st_joseph_mi,St. Joseph,MI,coho_salmon,Coho salmon,st_joseph_mi/coho_salmon,02,Feb,02-15,3.66,spring_nearshore,3.116,3.786,4.748,02-28,spring_nearshore,shoulder
st_joseph_mi,St. Joseph,MI,coho_salmon,Coho salmon,st_joseph_mi/coho_salmon,03,Mar,03-15,6.004,spring_nearshore,4.832,6.088,7.344,03-31,spring_nearshore,strong
st_joseph_mi,St. Joseph,MI,coho_salmon,Coho salmon,st_joseph_mi/coho_salmon,04,Apr,04-15,8.6,spring_nearshore,7.175,7.927,8.6,04-15,spring_nearshore,peak
st_joseph_mi,St. Joseph,MI,coho_salmon,Coho salmon,st_joseph_mi/coho_salmon,05,May,05-15,5.75,spring_nearshore,4.098,5.64,7.08,05-01,spring_nearshore,strong
st_joseph_mi,St. Joseph,MI,coho_salmon,Coho salmon,st_joseph_mi/coho_salmon,06,Jun,06-15,2.345,spring_nearshore,1.38,2.431,3.982,06-01,spring_nearshore,shoulder
st_joseph_mi,St. Joseph,MI,coho_salmon,Coho salmon,st_joseph_mi/coho_salmon,07,Jul,07-15,1,none,1,1.055,1.342,07-01,spring_nearshore,off_season
st_joseph_mi,St. Joseph,MI,coho_salmon,Coho salmon,st_joseph_mi/coho_salmon,08,Aug,08-15,1,none,1,1.367,2.337,08-31,fall_harbor_return,off_season
st_joseph_mi,St. Joseph,MI,coho_salmon,Coho salmon,st_joseph_mi/coho_salmon,09,Sep,09-15,3.591,fall_harbor_return,2.421,3.66,4.993,09-30,fall_harbor_return,shoulder
st_joseph_mi,St. Joseph,MI,coho_salmon,Coho salmon,st_joseph_mi/coho_salmon,10,Oct,10-15,6.47,fall_harbor_return,4.404,5.57,6.47,10-15,fall_harbor_return,strong
st_joseph_mi,St. Joseph,MI,coho_salmon,Coho salmon,st_joseph_mi/coho_salmon,11,Nov,11-15,2.466,fall_harbor_return,1.075,2.502,4.274,11-01,fall_harbor_return,shoulder
st_joseph_mi,St. Joseph,MI,coho_salmon,Coho salmon,st_joseph_mi/coho_salmon,12,Dec,12-15,1.426,spring_nearshore,1,1.456,1.912,12-31,spring_nearshore,off_season
st_joseph_mi,St. Joseph,MI,steelhead,Steelhead,st_joseph_mi/steelhead,01,Jan,01-15,4.659,winter_spring_pier,4.366,4.68,4.995,01-31,winter_spring_pier,shoulder
st_joseph_mi,St. Joseph,MI,steelhead,Steelhead,st_joseph_mi/steelhead,02,Feb,02-15,5.309,winter_spring_pier,5.016,5.299,5.582,02-28,winter_spring_pier,strong
st_joseph_mi,St. Joseph,MI,steelhead,Steelhead,st_joseph_mi/steelhead,03,Mar,03-15,5.896,winter_spring_pier,5.603,5.974,6.44,03-31,winter_spring_pier,strong
st_joseph_mi,St. Joseph,MI,steelhead,Steelhead,st_joseph_mi/steelhead,04,Apr,04-15,6.95,winter_spring_pier,6.027,6.704,7.12,04-20,winter_spring_pier,peak
st_joseph_mi,St. Joseph,MI,steelhead,Steelhead,st_joseph_mi/steelhead,05,May,05-15,4.388,winter_spring_pier,2.639,4.279,5.918,05-01,winter_spring_pier,strong
st_joseph_mi,St. Joseph,MI,steelhead,Steelhead,st_joseph_mi/steelhead,06,Jun,06-15,4.422,summer_skamania_pier,2.579,4.413,5.987,06-30,summer_skamania_pier,strong
st_joseph_mi,St. Joseph,MI,steelhead,Steelhead,st_joseph_mi/steelhead,07,Jul,07-15,7.347,summer_skamania_pier,6.077,7.034,7.8,07-20,summer_skamania_pier,peak
st_joseph_mi,St. Joseph,MI,steelhead,Steelhead,st_joseph_mi/steelhead,08,Aug,08-15,5.234,summer_skamania_pier,2.781,4.966,6.615,08-01,summer_skamania_pier,strong
st_joseph_mi,St. Joseph,MI,steelhead,Steelhead,st_joseph_mi/steelhead,09,Sep,09-15,2.188,winter_spring_pier,2.032,2.242,2.603,09-01,summer_skamania_pier,off_season
st_joseph_mi,St. Joseph,MI,steelhead,Steelhead,st_joseph_mi/steelhead,10,Oct,10-15,2.657,winter_spring_pier,2.438,2.673,2.907,10-31,winter_spring_pier,shoulder
st_joseph_mi,St. Joseph,MI,steelhead,Steelhead,st_joseph_mi/steelhead,11,Nov,11-15,3.142,winter_spring_pier,2.923,3.194,3.541,11-30,winter_spring_pier,shoulder
st_joseph_mi,St. Joseph,MI,steelhead,Steelhead,st_joseph_mi/steelhead,12,Dec,12-15,3.94,winter_spring_pier,3.568,3.967,4.366,12-31,winter_spring_pier,shoulder
st_joseph_mi,St. Joseph,MI,brown_trout,Brown trout,st_joseph_mi/brown_trout,01,Jan,01-15,3.584,winter_spring_nearshore,3.31,3.603,3.897,01-31,winter_spring_nearshore,shoulder
st_joseph_mi,St. Joseph,MI,brown_trout,Brown trout,st_joseph_mi/brown_trout,02,Feb,02-15,4.19,winter_spring_nearshore,3.916,4.256,4.746,02-28,winter_spring_nearshore,strong
st_joseph_mi,St. Joseph,MI,brown_trout,Brown trout,st_joseph_mi/brown_trout,03,Mar,03-15,5.388,winter_spring_nearshore,4.789,5.431,6.072,03-31,winter_spring_nearshore,peak
st_joseph_mi,St. Joseph,MI,brown_trout,Brown trout,st_joseph_mi/brown_trout,04,Apr,04-15,6.194,winter_spring_nearshore,5.278,6.008,6.5,04-10,winter_spring_nearshore,peak
st_joseph_mi,St. Joseph,MI,brown_trout,Brown trout,st_joseph_mi/brown_trout,05,May,05-15,4.361,winter_spring_nearshore,3.271,4.287,5.217,05-01,winter_spring_nearshore,strong
st_joseph_mi,St. Joseph,MI,brown_trout,Brown trout,st_joseph_mi/brown_trout,06,Jun,06-15,2.073,winter_spring_nearshore,1.329,2.087,3.191,06-01,winter_spring_nearshore,shoulder
st_joseph_mi,St. Joseph,MI,brown_trout,Brown trout,st_joseph_mi/brown_trout,07,Jul,07-15,1.241,fall_harbor,1.194,1.257,1.323,07-01,fall_harbor,off_season
st_joseph_mi,St. Joseph,MI,brown_trout,Brown trout,st_joseph_mi/brown_trout,08,Aug,08-15,1.522,winter_spring_nearshore,1.319,1.537,1.755,08-31,winter_spring_nearshore,off_season
st_joseph_mi,St. Joseph,MI,brown_trout,Brown trout,st_joseph_mi/brown_trout,09,Sep,09-15,1.972,winter_spring_nearshore,1.769,2.058,2.541,09-30,fall_harbor,shoulder
st_joseph_mi,St. Joseph,MI,brown_trout,Brown trout,st_joseph_mi/brown_trout,10,Oct,10-15,3.416,fall_harbor,2.584,3.475,4.366,10-31,fall_harbor,strong
st_joseph_mi,St. Joseph,MI,brown_trout,Brown trout,st_joseph_mi/brown_trout,11,Nov,11-15,4.708,fall_harbor,3.951,4.518,4.96,11-10,fall_harbor,strong
st_joseph_mi,St. Joseph,MI,brown_trout,Brown trout,st_joseph_mi/brown_trout,12,Dec,12-15,3.194,fall_harbor,3.194,3.396,3.9,12-01,fall_harbor,shoulder
st_joseph_mi,St. Joseph,MI,lake_trout,Lake trout,st_joseph_mi/lake_trout,01,Jan,01-15,3.474,winter_spring_pier,3.325,3.484,3.643,01-31,winter_spring_pier,peak
st_joseph_mi,St. Joseph,MI,lake_trout,Lake trout,st_joseph_mi/lake_trout,02,Feb,02-15,3.803,winter_spring_pier,3.654,3.797,3.941,02-28,winter_spring_pier,peak
st_joseph_mi,St. Joseph,MI,lake_trout,Lake trout,st_joseph_mi/lake_trout,03,Mar,03-15,4.1,winter_spring_pier,3.687,3.951,4.1,03-15,winter_spring_pier,peak
st_joseph_mi,St. Joseph,MI,lake_trout,Lake trout,st_joseph_mi/lake_trout,04,Apr,04-15,3.299,winter_spring_pier,2.912,3.286,3.661,04-01,winter_spring_pier,peak
st_joseph_mi,St. Joseph,MI,lake_trout,Lake trout,st_joseph_mi/lake_trout,05,May,05-15,2.524,winter_spring_pier,1.9,2.458,2.886,05-01,winter_spring_pier,strong
st_joseph_mi,St. Joseph,MI,lake_trout,Lake trout,st_joseph_mi/lake_trout,06,Jun,06-15,1.225,winter_spring_pier,1.036,1.312,1.855,06-01,winter_spring_pier,shoulder
st_joseph_mi,St. Joseph,MI,lake_trout,Lake trout,st_joseph_mi/lake_trout,07,Jul,07-15,1.218,fall_nearshore,1.116,1.225,1.334,07-31,fall_nearshore,off_season
st_joseph_mi,St. Joseph,MI,lake_trout,Lake trout,st_joseph_mi/lake_trout,08,Aug,08-15,1.443,fall_nearshore,1.341,1.45,1.559,08-31,fall_nearshore,off_season
st_joseph_mi,St. Joseph,MI,lake_trout,Lake trout,st_joseph_mi/lake_trout,09,Sep,09-15,1.667,fall_nearshore,1.566,1.785,2.204,09-30,fall_nearshore,shoulder
st_joseph_mi,St. Joseph,MI,lake_trout,Lake trout,st_joseph_mi/lake_trout,10,Oct,10-15,2.74,fall_nearshore,2.24,2.776,3.312,10-31,fall_nearshore,strong
st_joseph_mi,St. Joseph,MI,lake_trout,Lake trout,st_joseph_mi/lake_trout,11,Nov,11-15,3.513,fall_nearshore,3.042,3.396,3.67,11-10,fall_nearshore,peak
st_joseph_mi,St. Joseph,MI,lake_trout,Lake trout,st_joseph_mi/lake_trout,12,Dec,12-15,3.083,winter_spring_pier,2.917,3.107,3.325,12-31,winter_spring_pier,strong
south_haven_mi,South Haven,MI,chinook_salmon,Chinook salmon,south_haven_mi/chinook_salmon,01,Jan,01-15,1,none,1,1,1,01-01,none,off_season
south_haven_mi,South Haven,MI,chinook_salmon,Chinook salmon,south_haven_mi/chinook_salmon,02,Feb,02-15,1,none,1,1,1,02-01,none,off_season
south_haven_mi,South Haven,MI,chinook_salmon,Chinook salmon,south_haven_mi/chinook_salmon,03,Mar,03-15,1,none,1,1.259,1.943,03-31,spring_nearshore_transient,off_season
south_haven_mi,South Haven,MI,chinook_salmon,Chinook salmon,south_haven_mi/chinook_salmon,04,Apr,04-15,2.827,spring_nearshore_transient,2.002,2.856,3.711,04-30,spring_nearshore_transient,shoulder
south_haven_mi,South Haven,MI,chinook_salmon,Chinook salmon,south_haven_mi/chinook_salmon,05,May,05-15,3.978,spring_nearshore_transient,2.948,3.735,4.3,05-10,spring_nearshore_transient,shoulder
south_haven_mi,South Haven,MI,chinook_salmon,Chinook salmon,south_haven_mi/chinook_salmon,06,Jun,06-15,1.982,spring_nearshore_transient,1.33,2.007,2.883,06-01,spring_nearshore_transient,shoulder
south_haven_mi,South Haven,MI,chinook_salmon,Chinook salmon,south_haven_mi/chinook_salmon,07,Jul,07-15,1,none,1,1.388,2.239,07-31,fall_harbor_staging,off_season
south_haven_mi,South Haven,MI,chinook_salmon,Chinook salmon,south_haven_mi/chinook_salmon,08,Aug,08-15,3.4,fall_harbor_staging,2.316,3.745,5.615,08-31,fall_harbor_staging,strong
south_haven_mi,South Haven,MI,chinook_salmon,Chinook salmon,south_haven_mi/chinook_salmon,09,Sep,09-15,6.22,fall_harbor_staging,3.88,5.7,7,09-10,fall_harbor_staging,peak
south_haven_mi,South Haven,MI,chinook_salmon,Chinook salmon,south_haven_mi/chinook_salmon,10,Oct,10-15,2.322,fall_harbor_staging,1.078,2.27,3.724,10-01,fall_harbor_staging,shoulder
south_haven_mi,South Haven,MI,chinook_salmon,Chinook salmon,south_haven_mi/chinook_salmon,11,Nov,11-15,1,none,1,1,1,11-01,none,off_season
south_haven_mi,South Haven,MI,chinook_salmon,Chinook salmon,south_haven_mi/chinook_salmon,12,Dec,12-15,1,none,1,1,1,12-01,none,off_season
south_haven_mi,South Haven,MI,coho_salmon,Coho salmon,south_haven_mi/coho_salmon,01,Jan,01-15,2.303,spring_nearshore,1.816,2.337,2.859,01-31,spring_nearshore,shoulder
south_haven_mi,South Haven,MI,coho_salmon,Coho salmon,south_haven_mi/coho_salmon,02,Feb,02-15,3.38,spring_nearshore,2.893,3.493,4.354,02-28,spring_nearshore,shoulder
south_haven_mi,South Haven,MI,coho_salmon,Coho salmon,south_haven_mi/coho_salmon,03,Mar,03-15,5.478,spring_nearshore,4.429,5.553,6.676,03-31,spring_nearshore,strong
south_haven_mi,South Haven,MI,coho_salmon,Coho salmon,south_haven_mi/coho_salmon,04,Apr,04-15,7.8,spring_nearshore,6.525,7.198,7.8,04-15,spring_nearshore,peak
south_haven_mi,South Haven,MI,coho_salmon,Coho salmon,south_haven_mi/coho_salmon,05,May,05-15,5.25,spring_nearshore,3.772,5.152,6.44,05-01,spring_nearshore,strong
south_haven_mi,South Haven,MI,coho_salmon,Coho salmon,south_haven_mi/coho_salmon,06,Jun,06-15,2.203,spring_nearshore,1.34,2.28,3.668,06-01,spring_nearshore,shoulder
south_haven_mi,South Haven,MI,coho_salmon,Coho salmon,south_haven_mi/coho_salmon,07,Jul,07-15,1,none,1,1.049,1.306,07-01,spring_nearshore,off_season
south_haven_mi,South Haven,MI,coho_salmon,Coho salmon,south_haven_mi/coho_salmon,08,Aug,08-15,1,none,1,1.328,2.198,08-31,fall_harbor_return,off_season
south_haven_mi,South Haven,MI,coho_salmon,Coho salmon,south_haven_mi/coho_salmon,09,Sep,09-15,3.321,fall_harbor_return,2.273,3.383,4.577,09-30,fall_harbor_return,shoulder
south_haven_mi,South Haven,MI,coho_salmon,Coho salmon,south_haven_mi/coho_salmon,10,Oct,10-15,5.9,fall_harbor_return,4.049,5.094,5.9,10-15,fall_harbor_return,strong
south_haven_mi,South Haven,MI,coho_salmon,Coho salmon,south_haven_mi/coho_salmon,11,Nov,11-15,2.313,fall_harbor_return,1.067,2.345,3.933,11-01,fall_harbor_return,shoulder
south_haven_mi,South Haven,MI,coho_salmon,Coho salmon,south_haven_mi/coho_salmon,12,Dec,12-15,1.381,spring_nearshore,1,1.408,1.816,12-31,spring_nearshore,off_season
south_haven_mi,South Haven,MI,steelhead,Steelhead,south_haven_mi/steelhead,01,Jan,01-15,2.953,spring_pier,2.686,2.972,3.258,01-31,spring_pier,shoulder
south_haven_mi,South Haven,MI,steelhead,Steelhead,south_haven_mi/steelhead,02,Feb,02-15,3.543,spring_pier,3.277,3.534,3.791,02-28,spring_pier,shoulder
south_haven_mi,South Haven,MI,steelhead,Steelhead,south_haven_mi/steelhead,03,Mar,03-15,4.597,spring_pier,3.81,4.653,5.496,03-31,spring_pier,shoulder
south_haven_mi,South Haven,MI,steelhead,Steelhead,south_haven_mi/steelhead,04,Apr,04-15,6.339,spring_pier,5.335,6.029,6.62,04-20,spring_pier,strong
south_haven_mi,South Haven,MI,steelhead,Steelhead,south_haven_mi/steelhead,05,May,05-15,3.409,spring_pier,2.124,3.501,5.207,05-01,spring_pier,shoulder
south_haven_mi,South Haven,MI,steelhead,Steelhead,south_haven_mi/steelhead,06,Jun,06-15,6.561,summer_skamania_pier,3.566,6.361,8.098,06-30,summer_skamania_pier,peak
south_haven_mi,South Haven,MI,steelhead,Steelhead,south_haven_mi/steelhead,07,Jul,07-15,8.8,summer_skamania_pier,6.547,8.024,8.8,07-15,summer_skamania_pier,peak
south_haven_mi,South Haven,MI,steelhead,Steelhead,south_haven_mi/steelhead,08,Aug,08-15,4.434,summer_skamania_pier,1.974,4.234,6.406,08-01,summer_skamania_pier,strong
south_haven_mi,South Haven,MI,steelhead,Steelhead,south_haven_mi/steelhead,09,Sep,09-15,3.301,fall_harbor,2.062,3.435,5.116,09-30,fall_harbor,shoulder
south_haven_mi,South Haven,MI,steelhead,Steelhead,south_haven_mi/steelhead,10,Oct,10-15,7.174,fall_harbor,5.253,6.837,7.86,10-20,fall_harbor,peak
south_haven_mi,South Haven,MI,steelhead,Steelhead,south_haven_mi/steelhead,11,Nov,11-15,5.631,fall_harbor,4.44,5.597,6.831,11-01,fall_harbor,strong
south_haven_mi,South Haven,MI,steelhead,Steelhead,south_haven_mi/steelhead,12,Dec,12-15,3.439,fall_harbor,2.639,3.397,4.373,12-01,fall_harbor,shoulder
south_haven_mi,South Haven,MI,brown_trout,Brown trout,south_haven_mi/brown_trout,01,Jan,01-15,3.584,winter_spring_nearshore,3.31,3.603,3.897,01-31,winter_spring_nearshore,shoulder
south_haven_mi,South Haven,MI,brown_trout,Brown trout,south_haven_mi/brown_trout,02,Feb,02-15,4.19,winter_spring_nearshore,3.916,4.256,4.746,02-28,winter_spring_nearshore,strong
south_haven_mi,South Haven,MI,brown_trout,Brown trout,south_haven_mi/brown_trout,03,Mar,03-15,5.388,winter_spring_nearshore,4.789,5.431,6.072,03-31,winter_spring_nearshore,peak
south_haven_mi,South Haven,MI,brown_trout,Brown trout,south_haven_mi/brown_trout,04,Apr,04-15,6.194,winter_spring_nearshore,5.278,6.008,6.5,04-10,winter_spring_nearshore,peak
south_haven_mi,South Haven,MI,brown_trout,Brown trout,south_haven_mi/brown_trout,05,May,05-15,4.361,winter_spring_nearshore,3.271,4.287,5.217,05-01,winter_spring_nearshore,strong
south_haven_mi,South Haven,MI,brown_trout,Brown trout,south_haven_mi/brown_trout,06,Jun,06-15,2.073,winter_spring_nearshore,1.329,2.087,3.191,06-01,winter_spring_nearshore,shoulder
south_haven_mi,South Haven,MI,brown_trout,Brown trout,south_haven_mi/brown_trout,07,Jul,07-15,1.241,fall_harbor,1.194,1.257,1.323,07-01,fall_harbor,off_season
south_haven_mi,South Haven,MI,brown_trout,Brown trout,south_haven_mi/brown_trout,08,Aug,08-15,1.522,winter_spring_nearshore,1.319,1.537,1.755,08-31,winter_spring_nearshore,off_season
south_haven_mi,South Haven,MI,brown_trout,Brown trout,south_haven_mi/brown_trout,09,Sep,09-15,1.972,winter_spring_nearshore,1.769,2.058,2.541,09-30,fall_harbor,shoulder
south_haven_mi,South Haven,MI,brown_trout,Brown trout,south_haven_mi/brown_trout,10,Oct,10-15,3.416,fall_harbor,2.584,3.475,4.366,10-31,fall_harbor,strong
south_haven_mi,South Haven,MI,brown_trout,Brown trout,south_haven_mi/brown_trout,11,Nov,11-15,4.708,fall_harbor,3.951,4.518,4.96,11-10,fall_harbor,strong
south_haven_mi,South Haven,MI,brown_trout,Brown trout,south_haven_mi/brown_trout,12,Dec,12-15,3.194,fall_harbor,3.194,3.396,3.9,12-01,fall_harbor,shoulder
south_haven_mi,South Haven,MI,lake_trout,Lake trout,south_haven_mi/lake_trout,01,Jan,01-15,2.018,spring_coldwater_pier,1.95,2.033,2.142,01-31,spring_coldwater_pier,shoulder
south_haven_mi,South Haven,MI,lake_trout,Lake trout,south_haven_mi/lake_trout,02,Feb,02-15,2.259,spring_coldwater_pier,2.15,2.255,2.36,02-28,spring_coldwater_pier,shoulder
south_haven_mi,South Haven,MI,lake_trout,Lake trout,south_haven_mi/lake_trout,03,Mar,03-15,2.476,spring_coldwater_pier,2.367,2.488,2.624,03-31,spring_coldwater_pier,shoulder
south_haven_mi,South Haven,MI,lake_trout,Lake trout,south_haven_mi/lake_trout,04,Apr,04-15,2.772,spring_coldwater_pier,2.634,2.777,2.921,04-30,spring_coldwater_pier,strong
south_haven_mi,South Haven,MI,lake_trout,Lake trout,south_haven_mi/lake_trout,05,May,05-15,2.694,spring_coldwater_pier,1.652,2.52,3.02,05-10,spring_coldwater_pier,strong
south_haven_mi,South Haven,MI,lake_trout,Lake trout,south_haven_mi/lake_trout,06,Jun,06-15,1.022,spring_coldwater_pier,1.013,1.131,1.586,06-01,spring_coldwater_pier,off_season
south_haven_mi,South Haven,MI,lake_trout,Lake trout,south_haven_mi/lake_trout,07,Jul,07-15,1.157,spring_coldwater_pier,1.094,1.161,1.228,07-31,spring_coldwater_pier,off_season
south_haven_mi,South Haven,MI,lake_trout,Lake trout,south_haven_mi/lake_trout,08,Aug,08-15,1.295,spring_coldwater_pier,1.233,1.3,1.367,08-31,spring_coldwater_pier,off_season
south_haven_mi,South Haven,MI,lake_trout,Lake trout,south_haven_mi/lake_trout,09,Sep,09-15,2.018,fall_nearshore,1.371,2.048,2.773,09-30,fall_nearshore,strong
south_haven_mi,South Haven,MI,lake_trout,Lake trout,south_haven_mi/lake_trout,10,Oct,10-15,3.543,fall_nearshore,2.825,3.432,3.8,10-20,fall_nearshore,peak
south_haven_mi,South Haven,MI,lake_trout,Lake trout,south_haven_mi/lake_trout,11,Nov,11-15,3.143,fall_nearshore,2.764,3.13,3.497,11-01,fall_nearshore,peak
south_haven_mi,South Haven,MI,lake_trout,Lake trout,south_haven_mi/lake_trout,12,Dec,12-15,2.384,fall_nearshore,1.98,2.359,2.738,12-01,fall_nearshore,strong
south_haven_mi,South Haven,MI,freshwater_drum,Freshwater drum,south_haven_mi/freshwater_drum,01,Jan,01-15,1,none,1,1,1,01-01,none,off_season
south_haven_mi,South Haven,MI,freshwater_drum,Freshwater drum,south_haven_mi/freshwater_drum,02,Feb,02-15,1,none,1,1,1,02-01,none,off_season
south_haven_mi,South Haven,MI,freshwater_drum,Freshwater drum,south_haven_mi/freshwater_drum,03,Mar,03-15,1,none,1,1,1,03-01,none,off_season
south_haven_mi,South Haven,MI,freshwater_drum,Freshwater drum,south_haven_mi/freshwater_drum,04,Apr,04-15,1,none,1,1.22,1.825,04-30,warm_season_harbor,off_season
south_haven_mi,South Haven,MI,freshwater_drum,Freshwater drum,south_haven_mi/freshwater_drum,05,May,05-15,2.65,warm_season_harbor,1.88,2.724,3.627,05-31,warm_season_harbor,shoulder
south_haven_mi,South Haven,MI,freshwater_drum,Freshwater drum,south_haven_mi/freshwater_drum,06,Jun,06-15,4.585,warm_season_harbor,3.691,4.617,5.542,06-30,warm_season_harbor,strong
south_haven_mi,South Haven,MI,freshwater_drum,Freshwater drum,south_haven_mi/freshwater_drum,07,Jul,07-15,6.5,warm_season_harbor,5.606,6.183,6.5,07-15,warm_season_harbor,peak
south_haven_mi,South Haven,MI,freshwater_drum,Freshwater drum,south_haven_mi/freshwater_drum,08,Aug,08-15,5.79,warm_season_harbor,4.835,5.653,6.11,08-01,warm_season_harbor,peak
south_haven_mi,South Haven,MI,freshwater_drum,Freshwater drum,south_haven_mi/freshwater_drum,09,Sep,09-15,3.689,warm_season_harbor,2.54,3.65,4.758,09-01,warm_season_harbor,strong
south_haven_mi,South Haven,MI,freshwater_drum,Freshwater drum,south_haven_mi/freshwater_drum,10,Oct,10-15,1.385,warm_season_harbor,1,1.472,2.463,10-01,warm_season_harbor,shoulder
south_haven_mi,South Haven,MI,freshwater_drum,Freshwater drum,south_haven_mi/freshwater_drum,11,Nov,11-15,1,none,1,1,1,11-01,none,off_season
south_haven_mi,South Haven,MI,freshwater_drum,Freshwater drum,south_haven_mi/freshwater_drum,12,Dec,12-15,1,none,1,1,1,12-01,none,off_season
holland_mi,Holland,MI,chinook_salmon,Chinook salmon,holland_mi/chinook_salmon,01,Jan,01-15,1,none,1,1,1,01-01,none,off_season
holland_mi,Holland,MI,chinook_salmon,Chinook salmon,holland_mi/chinook_salmon,02,Feb,02-15,1,none,1,1,1,02-01,none,off_season
holland_mi,Holland,MI,chinook_salmon,Chinook salmon,holland_mi/chinook_salmon,03,Mar,03-15,1,none,1,1.293,2.069,03-31,spring_nearshore_transient,off_season
holland_mi,Holland,MI,chinook_salmon,Chinook salmon,holland_mi/chinook_salmon,04,Apr,04-15,3.07,spring_nearshore_transient,2.135,3.104,4.072,04-30,spring_nearshore_transient,shoulder
holland_mi,Holland,MI,chinook_salmon,Chinook salmon,holland_mi/chinook_salmon,05,May,05-15,4.375,spring_nearshore_transient,3.208,4.099,4.74,05-10,spring_nearshore_transient,shoulder
holland_mi,Holland,MI,chinook_salmon,Chinook salmon,holland_mi/chinook_salmon,06,Jun,06-15,2.113,spring_nearshore_transient,1.374,2.142,3.135,06-01,spring_nearshore_transient,shoulder
holland_mi,Holland,MI,chinook_salmon,Chinook salmon,holland_mi/chinook_salmon,07,Jul,07-15,1,none,1,1.439,2.404,07-31,fall_harbor_staging,off_season
holland_mi,Holland,MI,chinook_salmon,Chinook salmon,holland_mi/chinook_salmon,08,Aug,08-15,3.72,fall_harbor_staging,2.492,4.111,6.231,08-31,fall_harbor_staging,strong
holland_mi,Holland,MI,chinook_salmon,Chinook salmon,holland_mi/chinook_salmon,09,Sep,09-15,6.916,fall_harbor_staging,4.264,6.327,7.8,09-10,fall_harbor_staging,peak
holland_mi,Holland,MI,chinook_salmon,Chinook salmon,holland_mi/chinook_salmon,10,Oct,10-15,2.499,fall_harbor_staging,1.088,2.439,4.087,10-01,fall_harbor_staging,shoulder
holland_mi,Holland,MI,chinook_salmon,Chinook salmon,holland_mi/chinook_salmon,11,Nov,11-15,1,none,1,1,1,11-01,none,off_season
holland_mi,Holland,MI,chinook_salmon,Chinook salmon,holland_mi/chinook_salmon,12,Dec,12-15,1,none,1,1,1,12-01,none,off_season
holland_mi,Holland,MI,coho_salmon,Coho salmon,holland_mi/coho_salmon,01,Jan,01-15,2.149,spring_nearshore,1.72,2.18,2.64,01-31,spring_nearshore,shoulder
holland_mi,Holland,MI,coho_salmon,Coho salmon,holland_mi/coho_salmon,02,Feb,02-15,3.1,spring_nearshore,2.671,3.2,3.959,02-28,spring_nearshore,shoulder
holland_mi,Holland,MI,coho_salmon,Coho salmon,holland_mi/coho_salmon,03,Mar,03-15,4.951,spring_nearshore,4.025,5.017,6.008,03-31,spring_nearshore,strong
holland_mi,Holland,MI,coho_salmon,Coho salmon,holland_mi/coho_salmon,04,Apr,04-15,7,spring_nearshore,5.875,6.469,7,04-15,spring_nearshore,peak
holland_mi,Holland,MI,coho_salmon,Coho salmon,holland_mi/coho_salmon,05,May,05-15,4.75,spring_nearshore,3.446,4.663,5.8,05-01,spring_nearshore,strong
holland_mi,Holland,MI,coho_salmon,Coho salmon,holland_mi/coho_salmon,06,Jun,06-15,2.062,spring_nearshore,1.3,2.13,3.354,06-01,spring_nearshore,shoulder
holland_mi,Holland,MI,coho_salmon,Coho salmon,holland_mi/coho_salmon,07,Jul,07-15,1,none,1,1.044,1.27,07-01,spring_nearshore,off_season
holland_mi,Holland,MI,coho_salmon,Coho salmon,holland_mi/coho_salmon,08,Aug,08-15,1,none,1,1.29,2.056,08-31,fall_harbor_return,off_season
holland_mi,Holland,MI,coho_salmon,Coho salmon,holland_mi/coho_salmon,09,Sep,09-15,3.046,fall_harbor_return,2.122,3.101,4.154,09-30,fall_harbor_return,shoulder
holland_mi,Holland,MI,coho_salmon,Coho salmon,holland_mi/coho_salmon,10,Oct,10-15,5.32,fall_harbor_return,3.688,4.609,5.32,10-15,fall_harbor_return,strong
holland_mi,Holland,MI,coho_salmon,Coho salmon,holland_mi/coho_salmon,11,Nov,11-15,2.158,fall_harbor_return,1.059,2.186,3.586,11-01,fall_harbor_return,shoulder
holland_mi,Holland,MI,coho_salmon,Coho salmon,holland_mi/coho_salmon,12,Dec,12-15,1.336,spring_nearshore,1,1.36,1.72,12-31,spring_nearshore,off_season
holland_mi,Holland,MI,steelhead,Steelhead,holland_mi/steelhead,01,Jan,01-15,2.776,spring_pier,2.473,2.798,3.123,01-31,spring_pier,shoulder
holland_mi,Holland,MI,steelhead,Steelhead,holland_mi/steelhead,02,Feb,02-15,3.448,spring_pier,3.145,3.437,3.729,02-28,spring_pier,shoulder
holland_mi,Holland,MI,steelhead,Steelhead,holland_mi/steelhead,03,Mar,03-15,4.186,spring_pier,3.751,4.272,4.952,03-31,spring_pier,strong
holland_mi,Holland,MI,steelhead,Steelhead,holland_mi/steelhead,04,Apr,04-15,5.67,spring_pier,4.916,5.424,5.91,04-20,spring_pier,strong
holland_mi,Holland,MI,steelhead,Steelhead,holland_mi/steelhead,05,May,05-15,3.426,spring_pier,2.016,3.338,4.817,05-01,spring_pier,strong
holland_mi,Holland,MI,steelhead,Steelhead,holland_mi/steelhead,06,Jun,06-15,3.642,summer_pier,2.219,3.699,5.2,06-30,summer_pier,strong
holland_mi,Holland,MI,steelhead,Steelhead,holland_mi/steelhead,07,Jul,07-15,6.775,summer_pier,5.305,6.396,7.3,07-20,summer_pier,peak
holland_mi,Holland,MI,steelhead,Steelhead,holland_mi/steelhead,08,Aug,08-15,4.115,summer_pier,2.181,3.995,5.83,08-01,summer_pier,strong
holland_mi,Holland,MI,steelhead,Steelhead,holland_mi/steelhead,09,Sep,09-15,2.751,fall_harbor,1.827,2.831,4.102,09-30,fall_harbor,shoulder
holland_mi,Holland,MI,steelhead,Steelhead,holland_mi/steelhead,10,Oct,10-15,5.653,fall_harbor,4.205,5.368,6.17,10-20,fall_harbor,strong
holland_mi,Holland,MI,steelhead,Steelhead,holland_mi/steelhead,11,Nov,11-15,4.116,fall_harbor,3.147,4.098,5.222,11-01,fall_harbor,strong
holland_mi,Holland,MI,steelhead,Steelhead,holland_mi/steelhead,12,Dec,12-15,2.608,fall_harbor,2.365,2.645,3.111,12-01,fall_harbor,shoulder
holland_mi,Holland,MI,brown_trout,Brown trout,holland_mi/brown_trout,01,Jan,01-15,3.913,winter_spring_nearshore,3.604,3.935,4.265,01-31,winter_spring_nearshore,shoulder
holland_mi,Holland,MI,brown_trout,Brown trout,holland_mi/brown_trout,02,Feb,02-15,4.596,winter_spring_nearshore,4.287,4.67,5.223,02-28,winter_spring_nearshore,strong
holland_mi,Holland,MI,brown_trout,Brown trout,holland_mi/brown_trout,03,Mar,03-15,5.946,winter_spring_nearshore,5.271,5.994,6.718,03-31,winter_spring_nearshore,peak
holland_mi,Holland,MI,brown_trout,Brown trout,holland_mi/brown_trout,04,Apr,04-15,6.856,winter_spring_nearshore,5.822,6.645,7.2,04-10,winter_spring_nearshore,peak
holland_mi,Holland,MI,brown_trout,Brown trout,holland_mi/brown_trout,05,May,05-15,4.789,winter_spring_nearshore,3.56,4.706,5.753,05-01,winter_spring_nearshore,strong
holland_mi,Holland,MI,brown_trout,Brown trout,holland_mi/brown_trout,06,Jun,06-15,2.21,winter_spring_nearshore,1.37,2.226,3.47,06-01,winter_spring_nearshore,shoulder
holland_mi,Holland,MI,brown_trout,Brown trout,holland_mi/brown_trout,07,Jul,07-15,1.271,fall_harbor,1.218,1.29,1.364,07-01,fall_harbor,off_season
holland_mi,Holland,MI,brown_trout,Brown trout,holland_mi/brown_trout,08,Aug,08-15,1.589,winter_spring_nearshore,1.36,1.605,1.851,08-31,winter_spring_nearshore,off_season
holland_mi,Holland,MI,brown_trout,Brown trout,holland_mi/brown_trout,09,Sep,09-15,2.096,winter_spring_nearshore,1.867,2.192,2.736,09-30,fall_harbor,shoulder
holland_mi,Holland,MI,brown_trout,Brown trout,holland_mi/brown_trout,10,Oct,10-15,3.721,fall_harbor,2.784,3.787,4.791,10-31,fall_harbor,strong
holland_mi,Holland,MI,brown_trout,Brown trout,holland_mi/brown_trout,11,Nov,11-15,5.176,fall_harbor,4.323,4.962,5.46,11-10,fall_harbor,strong
holland_mi,Holland,MI,brown_trout,Brown trout,holland_mi/brown_trout,12,Dec,12-15,3.472,winter_spring_nearshore,3.472,3.7,4.266,12-01,fall_harbor,shoulder
holland_mi,Holland,MI,lake_trout,Lake trout,holland_mi/lake_trout,01,Jan,01-15,3.234,winter_spring_pier,3.1,3.244,3.388,01-31,winter_spring_pier,peak
holland_mi,Holland,MI,lake_trout,Lake trout,holland_mi/lake_trout,02,Feb,02-15,3.532,winter_spring_pier,3.397,3.527,3.656,02-28,winter_spring_pier,peak
holland_mi,Holland,MI,lake_trout,Lake trout,holland_mi/lake_trout,03,Mar,03-15,3.8,winter_spring_pier,3.427,3.665,3.8,03-15,winter_spring_pier,peak
holland_mi,Holland,MI,lake_trout,Lake trout,holland_mi/lake_trout,04,Apr,04-15,3.077,winter_spring_pier,2.727,3.065,3.403,04-01,winter_spring_pier,peak
holland_mi,Holland,MI,lake_trout,Lake trout,holland_mi/lake_trout,05,May,05-15,2.377,winter_spring_pier,1.813,2.316,2.703,05-01,winter_spring_pier,strong
holland_mi,Holland,MI,lake_trout,Lake trout,holland_mi/lake_trout,06,Jun,06-15,1.203,winter_spring_pier,1.033,1.281,1.772,06-01,winter_spring_pier,shoulder
holland_mi,Holland,MI,lake_trout,Lake trout,holland_mi/lake_trout,07,Jul,07-15,1.196,fall_nearshore,1.105,1.203,1.301,07-31,fall_nearshore,off_season
holland_mi,Holland,MI,lake_trout,Lake trout,holland_mi/lake_trout,08,Aug,08-15,1.399,fall_nearshore,1.308,1.406,1.504,08-31,fall_nearshore,off_season
holland_mi,Holland,MI,lake_trout,Lake trout,holland_mi/lake_trout,09,Sep,09-15,1.603,fall_nearshore,1.511,1.709,2.087,09-30,fall_nearshore,shoulder
holland_mi,Holland,MI,lake_trout,Lake trout,holland_mi/lake_trout,10,Oct,10-15,2.571,fall_nearshore,2.119,2.603,3.087,10-31,fall_nearshore,strong
holland_mi,Holland,MI,lake_trout,Lake trout,holland_mi/lake_trout,11,Nov,11-15,3.268,fall_nearshore,2.843,3.163,3.41,11-10,fall_nearshore,peak
holland_mi,Holland,MI,lake_trout,Lake trout,holland_mi/lake_trout,12,Dec,12-15,2.881,winter_spring_pier,2.731,2.903,3.1,12-31,winter_spring_pier,strong
holland_mi,Holland,MI,freshwater_drum,Freshwater drum,holland_mi/freshwater_drum,01,Jan,01-15,1,none,1,1,1,01-01,none,off_season
holland_mi,Holland,MI,freshwater_drum,Freshwater drum,holland_mi/freshwater_drum,02,Feb,02-15,1,none,1,1,1,02-01,none,off_season
holland_mi,Holland,MI,freshwater_drum,Freshwater drum,holland_mi/freshwater_drum,03,Mar,03-15,1,none,1,1,1,03-01,none,off_season
holland_mi,Holland,MI,freshwater_drum,Freshwater drum,holland_mi/freshwater_drum,04,Apr,04-15,1,none,1,1.192,1.72,04-30,warm_season_harbor,off_season
holland_mi,Holland,MI,freshwater_drum,Freshwater drum,holland_mi/freshwater_drum,05,May,05-15,2.44,warm_season_harbor,1.768,2.504,3.293,05-31,warm_season_harbor,shoulder
holland_mi,Holland,MI,freshwater_drum,Freshwater drum,holland_mi/freshwater_drum,06,Jun,06-15,4.129,warm_season_harbor,3.349,4.156,4.964,06-30,warm_season_harbor,strong
holland_mi,Holland,MI,freshwater_drum,Freshwater drum,holland_mi/freshwater_drum,07,Jul,07-15,5.8,warm_season_harbor,5.02,5.524,5.8,07-15,warm_season_harbor,peak
holland_mi,Holland,MI,freshwater_drum,Freshwater drum,holland_mi/freshwater_drum,08,Aug,08-15,5.18,warm_season_harbor,4.347,5.061,5.46,08-01,warm_season_harbor,peak
holland_mi,Holland,MI,freshwater_drum,Freshwater drum,holland_mi/freshwater_drum,09,Sep,09-15,3.347,warm_season_harbor,2.344,3.313,4.28,09-01,warm_season_harbor,strong
holland_mi,Holland,MI,freshwater_drum,Freshwater drum,holland_mi/freshwater_drum,10,Oct,10-15,1.336,warm_season_harbor,1,1.412,2.277,10-01,warm_season_harbor,shoulder
holland_mi,Holland,MI,freshwater_drum,Freshwater drum,holland_mi/freshwater_drum,11,Nov,11-15,1,none,1,1,1,11-01,none,off_season
holland_mi,Holland,MI,freshwater_drum,Freshwater drum,holland_mi/freshwater_drum,12,Dec,12-15,1,none,1,1,1,12-01,none,off_season
lexington_mi,Lexington,MI,chinook_salmon,Chinook salmon,lexington_mi/chinook_salmon,01,Jan,01-15,1,none,1,1,1,01-01,none,off_season
lexington_mi,Lexington,MI,chinook_salmon,Chinook salmon,lexington_mi/chinook_salmon,02,Feb,02-15,1,none,1,1,1,02-01,none,off_season
lexington_mi,Lexington,MI,chinook_salmon,Chinook salmon,lexington_mi/chinook_salmon,03,Mar,03-15,1,none,1,1,1,03-01,none,off_season
lexington_mi,Lexington,MI,chinook_salmon,Chinook salmon,lexington_mi/chinook_salmon,04,Apr,04-15,1,none,1,1,1,04-01,none,off_season
lexington_mi,Lexington,MI,chinook_salmon,Chinook salmon,lexington_mi/chinook_salmon,05,May,05-15,1,none,1,1,1,05-01,none,off_season
lexington_mi,Lexington,MI,chinook_salmon,Chinook salmon,lexington_mi/chinook_salmon,06,Jun,06-15,1,none,1,1,1,06-01,none,off_season
lexington_mi,Lexington,MI,chinook_salmon,Chinook salmon,lexington_mi/chinook_salmon,07,Jul,07-15,1,none,1,1,1,07-01,none,off_season
lexington_mi,Lexington,MI,chinook_salmon,Chinook salmon,lexington_mi/chinook_salmon,08,Aug,08-15,2.039,fall_harbor_staging,1,2.113,3.226,08-31,fall_harbor_staging,shoulder
lexington_mi,Lexington,MI,chinook_salmon,Chinook salmon,lexington_mi/chinook_salmon,09,Sep,09-15,4.247,fall_harbor_staging,3.3,4.281,5.262,09-30,fall_harbor_staging,peak
lexington_mi,Lexington,MI,chinook_salmon,Chinook salmon,lexington_mi/chinook_salmon,10,Oct,10-15,4.413,fall_harbor_staging,2.514,4.234,5.6,10-05,fall_harbor_staging,peak
lexington_mi,Lexington,MI,chinook_salmon,Chinook salmon,lexington_mi/chinook_salmon,11,Nov,11-15,1.566,fall_harbor_staging,1.035,1.576,2.395,11-01,fall_harbor_staging,shoulder
lexington_mi,Lexington,MI,chinook_salmon,Chinook salmon,lexington_mi/chinook_salmon,12,Dec,12-15,1,none,1,1,1,12-01,none,off_season
lexington_mi,Lexington,MI,coho_salmon,Coho salmon,lexington_mi/coho_salmon,01,Jan,01-15,1.239,spring_harbor,1,1.256,1.512,01-31,spring_harbor,off_season
lexington_mi,Lexington,MI,coho_salmon,Coho salmon,lexington_mi/coho_salmon,02,Feb,02-15,1.768,spring_harbor,1.529,1.759,1.989,02-28,spring_harbor,off_season
lexington_mi,Lexington,MI,coho_salmon,Coho salmon,lexington_mi/coho_salmon,03,Mar,03-15,2.726,spring_harbor,2.006,2.979,4.537,03-31,spring_harbor,strong
lexington_mi,Lexington,MI,coho_salmon,Coho salmon,lexington_mi/coho_salmon,04,Apr,04-15,6.234,spring_harbor,4.65,5.84,6.8,04-20,spring_harbor,peak
lexington_mi,Lexington,MI,coho_salmon,Coho salmon,lexington_mi/coho_salmon,05,May,05-15,3.486,spring_harbor,1.725,3.394,5.342,05-01,spring_harbor,strong
lexington_mi,Lexington,MI,coho_salmon,Coho salmon,lexington_mi/coho_salmon,06,Jun,06-15,1,none,1,1.109,1.652,06-01,spring_harbor,off_season
lexington_mi,Lexington,MI,coho_salmon,Coho salmon,lexington_mi/coho_salmon,07,Jul,07-15,1,none,1,1,1,07-01,none,off_season
lexington_mi,Lexington,MI,coho_salmon,Coho salmon,lexington_mi/coho_salmon,08,Aug,08-15,1,none,1,1.18,1.929,08-31,fall_harbor,off_season
lexington_mi,Lexington,MI,coho_salmon,Coho salmon,lexington_mi/coho_salmon,09,Sep,09-15,3.196,fall_harbor,2.013,3.24,4.475,09-30,fall_harbor,shoulder
lexington_mi,Lexington,MI,coho_salmon,Coho salmon,lexington_mi/coho_salmon,10,Oct,10-15,5.76,fall_harbor,3.672,4.897,5.76,10-15,fall_harbor,strong
lexington_mi,Lexington,MI,coho_salmon,Coho salmon,lexington_mi/coho_salmon,11,Nov,11-15,1.714,fall_harbor,1.045,1.992,3.541,11-01,fall_harbor,shoulder
lexington_mi,Lexington,MI,coho_salmon,Coho salmon,lexington_mi/coho_salmon,12,Dec,12-15,1,none,1,1,1,12-01,none,off_season
lexington_mi,Lexington,MI,steelhead,Steelhead,lexington_mi/steelhead,01,Jan,01-15,3.803,spring_harbor,3.34,3.836,4.332,01-31,spring_harbor,shoulder
lexington_mi,Lexington,MI,steelhead,Steelhead,lexington_mi/steelhead,02,Feb,02-15,4.827,spring_harbor,4.365,4.811,5.257,02-28,spring_harbor,shoulder
lexington_mi,Lexington,MI,steelhead,Steelhead,lexington_mi/steelhead,03,Mar,03-15,6.183,spring_harbor,5.29,6.247,7.205,03-31,spring_harbor,strong
lexington_mi,Lexington,MI,steelhead,Steelhead,lexington_mi/steelhead,04,Apr,04-15,8.162,spring_harbor,7.268,8.136,8.8,04-25,spring_harbor,peak
lexington_mi,Lexington,MI,steelhead,Steelhead,lexington_mi/steelhead,05,May,05-15,7.76,spring_harbor,5.8,7.581,8.488,05-01,spring_harbor,peak
lexington_mi,Lexington,MI,steelhead,Steelhead,lexington_mi/steelhead,06,Jun,06-15,2.2,spring_harbor,1.387,2.684,5.56,06-01,spring_harbor,shoulder
lexington_mi,Lexington,MI,steelhead,Steelhead,lexington_mi/steelhead,07,Jul,07-15,1.319,spring_harbor,1.293,1.381,1.523,07-31,spring_harbor,off_season
lexington_mi,Lexington,MI,steelhead,Steelhead,lexington_mi/steelhead,08,Aug,08-15,1.714,spring_harbor,1.535,1.738,2.121,08-31,fall_harbor,off_season
lexington_mi,Lexington,MI,steelhead,Steelhead,lexington_mi/steelhead,09,Sep,09-15,3.649,fall_harbor,2.223,3.75,5.446,09-30,fall_harbor,shoulder
lexington_mi,Lexington,MI,steelhead,Steelhead,lexington_mi/steelhead,10,Oct,10-15,7.377,fall_harbor,5.575,7.127,8.02,10-20,fall_harbor,peak
lexington_mi,Lexington,MI,steelhead,Steelhead,lexington_mi/steelhead,11,Nov,11-15,6.752,fall_harbor,5.777,6.704,7.435,11-01,fall_harbor,strong
lexington_mi,Lexington,MI,steelhead,Steelhead,lexington_mi/steelhead,12,Dec,12-15,4.315,fall_harbor,3.292,4.279,5.68,12-01,fall_harbor,shoulder
lexington_mi,Lexington,MI,brown_trout,Brown trout,lexington_mi/brown_trout,01,Jan,01-15,2.99,spring_harbor,2.8,3.003,3.207,01-31,spring_harbor,shoulder
lexington_mi,Lexington,MI,brown_trout,Brown trout,lexington_mi/brown_trout,02,Feb,02-15,3.41,spring_harbor,3.22,3.403,3.586,02-28,spring_harbor,strong
lexington_mi,Lexington,MI,brown_trout,Brown trout,lexington_mi/brown_trout,03,Mar,03-15,3.992,spring_harbor,3.6,4.02,4.44,03-31,spring_harbor,peak
lexington_mi,Lexington,MI,brown_trout,Brown trout,lexington_mi/brown_trout,04,Apr,04-15,4.86,spring_harbor,4.19,4.674,5,04-20,spring_harbor,peak
lexington_mi,Lexington,MI,brown_trout,Brown trout,lexington_mi/brown_trout,05,May,05-15,2.976,spring_harbor,1.681,2.895,4.11,05-01,spring_harbor,strong
lexington_mi,Lexington,MI,brown_trout,Brown trout,lexington_mi/brown_trout,06,Jun,06-15,1.379,fall_harbor,1.299,1.403,1.6,06-01,spring_harbor,off_season
lexington_mi,Lexington,MI,brown_trout,Brown trout,lexington_mi/brown_trout,07,Jul,07-15,1.219,fall_harbor,1.192,1.244,1.296,07-31,spring_harbor,off_season
lexington_mi,Lexington,MI,brown_trout,Brown trout,lexington_mi/brown_trout,08,Aug,08-15,1.444,spring_harbor,1.306,1.454,1.601,08-31,spring_harbor,off_season
lexington_mi,Lexington,MI,brown_trout,Brown trout,lexington_mi/brown_trout,09,Sep,09-15,1.854,fall_harbor,1.611,1.956,2.65,09-30,fall_harbor,shoulder
lexington_mi,Lexington,MI,brown_trout,Brown trout,lexington_mi/brown_trout,10,Oct,10-15,3.82,fall_harbor,2.728,3.822,4.6,10-25,fall_harbor,peak
lexington_mi,Lexington,MI,brown_trout,Brown trout,lexington_mi/brown_trout,11,Nov,11-15,3.867,fall_harbor,3.343,3.849,4.356,11-01,fall_harbor,strong
lexington_mi,Lexington,MI,brown_trout,Brown trout,lexington_mi/brown_trout,12,Dec,12-15,2.819,fall_harbor,2.683,2.898,3.308,12-01,fall_harbor,shoulder
lexington_mi,Lexington,MI,lake_trout,Lake trout,lexington_mi/lake_trout,01,Jan,01-15,2.51,spring_coldwater_harbor,2.33,2.523,2.716,01-31,spring_coldwater_harbor,shoulder
lexington_mi,Lexington,MI,lake_trout,Lake trout,lexington_mi/lake_trout,02,Feb,02-15,2.91,spring_coldwater_harbor,2.729,2.903,3.077,02-28,spring_coldwater_harbor,shoulder
lexington_mi,Lexington,MI,lake_trout,Lake trout,lexington_mi/lake_trout,03,Mar,03-15,3.569,spring_coldwater_harbor,3.09,3.603,4.116,03-31,spring_coldwater_harbor,strong
lexington_mi,Lexington,MI,lake_trout,Lake trout,lexington_mi/lake_trout,04,Apr,04-15,4.629,spring_coldwater_harbor,3.986,4.434,4.8,04-20,spring_coldwater_harbor,peak
lexington_mi,Lexington,MI,lake_trout,Lake trout,lexington_mi/lake_trout,05,May,05-15,2.764,spring_coldwater_harbor,1.731,2.713,3.904,05-01,spring_coldwater_harbor,strong
lexington_mi,Lexington,MI,lake_trout,Lake trout,lexington_mi/lake_trout,06,Jun,06-15,1.183,spring_coldwater_harbor,1,1.243,1.694,06-01,spring_coldwater_harbor,off_season
lexington_mi,Lexington,MI,lake_trout,Lake trout,lexington_mi/lake_trout,07,Jul,07-15,1.155,spring_coldwater_harbor,1.068,1.161,1.255,07-31,spring_coldwater_harbor,off_season
lexington_mi,Lexington,MI,lake_trout,Lake trout,lexington_mi/lake_trout,08,Aug,08-15,1.348,spring_coldwater_harbor,1.261,1.354,1.447,08-31,spring_coldwater_harbor,off_season
lexington_mi,Lexington,MI,lake_trout,Lake trout,lexington_mi/lake_trout,09,Sep,09-15,1.54,spring_coldwater_harbor,1.453,1.543,1.633,09-30,spring_coldwater_harbor,off_season
lexington_mi,Lexington,MI,lake_trout,Lake trout,lexington_mi/lake_trout,10,Oct,10-15,1.726,spring_coldwater_harbor,1.64,1.733,1.826,10-31,spring_coldwater_harbor,off_season
lexington_mi,Lexington,MI,lake_trout,Lake trout,lexington_mi/lake_trout,11,Nov,11-15,1.919,spring_coldwater_harbor,1.832,1.928,2.043,11-30,spring_coldwater_harbor,shoulder
lexington_mi,Lexington,MI,lake_trout,Lake trout,lexington_mi/lake_trout,12,Dec,12-15,2.182,spring_coldwater_harbor,2.052,2.191,2.33,12-31,spring_coldwater_harbor,shoulder
lexington_mi,Lexington,MI,freshwater_drum,Freshwater drum,lexington_mi/freshwater_drum,01,Jan,01-15,1,none,1,1,1,01-01,none,off_season
lexington_mi,Lexington,MI,freshwater_drum,Freshwater drum,lexington_mi/freshwater_drum,02,Feb,02-15,1,none,1,1,1,02-01,none,off_season
lexington_mi,Lexington,MI,freshwater_drum,Freshwater drum,lexington_mi/freshwater_drum,03,Mar,03-15,1,none,1,1,1,03-01,none,off_season
lexington_mi,Lexington,MI,freshwater_drum,Freshwater drum,lexington_mi/freshwater_drum,04,Apr,04-15,1,none,1,1.152,1.57,04-30,warm_season_harbor,off_season
lexington_mi,Lexington,MI,freshwater_drum,Freshwater drum,lexington_mi/freshwater_drum,05,May,05-15,2.14,warm_season_harbor,1.608,2.191,2.815,05-31,warm_season_harbor,shoulder
lexington_mi,Lexington,MI,freshwater_drum,Freshwater drum,lexington_mi/freshwater_drum,06,Jun,06-15,3.477,warm_season_harbor,2.859,3.499,4.138,06-30,warm_season_harbor,strong
lexington_mi,Lexington,MI,freshwater_drum,Freshwater drum,lexington_mi/freshwater_drum,07,Jul,07-15,4.8,warm_season_harbor,4.183,4.581,4.8,07-15,warm_season_harbor,peak
lexington_mi,Lexington,MI,freshwater_drum,Freshwater drum,lexington_mi/freshwater_drum,08,Aug,08-15,4.309,warm_season_harbor,3.649,4.215,4.531,08-01,warm_season_harbor,peak
lexington_mi,Lexington,MI,freshwater_drum,Freshwater drum,lexington_mi/freshwater_drum,09,Sep,09-15,2.858,warm_season_harbor,2.064,2.831,3.597,09-01,warm_season_harbor,strong
lexington_mi,Lexington,MI,freshwater_drum,Freshwater drum,lexington_mi/freshwater_drum,10,Oct,10-15,1.266,warm_season_harbor,1,1.326,2.011,10-01,warm_season_harbor,shoulder
lexington_mi,Lexington,MI,freshwater_drum,Freshwater drum,lexington_mi/freshwater_drum,11,Nov,11-15,1,none,1,1,1,11-01,none,off_season
lexington_mi,Lexington,MI,freshwater_drum,Freshwater drum,lexington_mi/freshwater_drum,12,Dec,12-15,1,none,1,1,1,12-01,none,off_season
lexington_mi,Lexington,MI,atlantic_salmon,Atlantic salmon,lexington_mi/atlantic_salmon,01,Jan,01-15,2.499,spring_stocked_harbor,2.363,2.532,2.773,01-31,spring_stocked_harbor,shoulder
lexington_mi,Lexington,MI,atlantic_salmon,Atlantic salmon,lexington_mi/atlantic_salmon,02,Feb,02-15,3.029,spring_stocked_harbor,2.79,3.02,3.251,02-28,spring_stocked_harbor,shoulder
lexington_mi,Lexington,MI,atlantic_salmon,Atlantic salmon,lexington_mi/atlantic_salmon,03,Mar,03-15,4.044,spring_stocked_harbor,3.268,4.1,4.931,03-31,spring_stocked_harbor,shoulder
lexington_mi,Lexington,MI,atlantic_salmon,Atlantic salmon,lexington_mi/atlantic_salmon,04,Apr,04-15,5.763,spring_stocked_harbor,4.888,5.478,6.04,04-20,spring_stocked_harbor,strong
lexington_mi,Lexington,MI,atlantic_salmon,Atlantic salmon,lexington_mi/atlantic_salmon,05,May,05-15,3.16,spring_stocked_harbor,1.775,3.097,4.773,05-01,spring_stocked_harbor,shoulder
lexington_mi,Lexington,MI,atlantic_salmon,Atlantic salmon,lexington_mi/atlantic_salmon,06,Jun,06-15,1.215,fall_harbor_return,1.108,1.312,1.737,06-01,spring_stocked_harbor,off_season
lexington_mi,Lexington,MI,atlantic_salmon,Atlantic salmon,lexington_mi/atlantic_salmon,07,Jul,07-15,1.148,spring_stocked_harbor,1.083,1.158,1.273,07-31,fall_harbor_return,off_season
lexington_mi,Lexington,MI,atlantic_salmon,Atlantic salmon,lexington_mi/atlantic_salmon,08,Aug,08-15,1.529,fall_harbor_return,1.29,1.635,2.588,08-31,fall_harbor_return,off_season
lexington_mi,Lexington,MI,atlantic_salmon,Atlantic salmon,lexington_mi/atlantic_salmon,09,Sep,09-15,4.81,fall_harbor_return,2.737,4.762,6.367,09-30,fall_harbor_return,strong
lexington_mi,Lexington,MI,atlantic_salmon,Atlantic salmon,lexington_mi/atlantic_salmon,10,Oct,10-15,7.592,fall_harbor_return,6.448,7.375,8,10-20,fall_harbor_return,peak
lexington_mi,Lexington,MI,atlantic_salmon,Atlantic salmon,lexington_mi/atlantic_salmon,11,Nov,11-15,6.483,fall_harbor_return,5.414,6.435,7.3,11-01,fall_harbor_return,peak
lexington_mi,Lexington,MI,atlantic_salmon,Atlantic salmon,lexington_mi/atlantic_salmon,12,Dec,12-15,3.956,fall_harbor_return,2.4,3.858,5.317,12-01,fall_harbor_return,strong
harrisville_mi,Harrisville,MI,chinook_salmon,Chinook salmon,harrisville_mi/chinook_salmon,01,Jan,01-15,1,none,1,1,1,01-01,none,off_season
harrisville_mi,Harrisville,MI,chinook_salmon,Chinook salmon,harrisville_mi/chinook_salmon,02,Feb,02-15,1,none,1,1,1,02-01,none,off_season
harrisville_mi,Harrisville,MI,chinook_salmon,Chinook salmon,harrisville_mi/chinook_salmon,03,Mar,03-15,1,none,1,1,1,03-01,none,off_season
harrisville_mi,Harrisville,MI,chinook_salmon,Chinook salmon,harrisville_mi/chinook_salmon,04,Apr,04-15,1,none,1,1,1,04-01,none,off_season
harrisville_mi,Harrisville,MI,chinook_salmon,Chinook salmon,harrisville_mi/chinook_salmon,05,May,05-15,1,none,1,1,1,05-01,none,off_season
harrisville_mi,Harrisville,MI,chinook_salmon,Chinook salmon,harrisville_mi/chinook_salmon,06,Jun,06-15,1,none,1,1,1,06-01,none,off_season
harrisville_mi,Harrisville,MI,chinook_salmon,Chinook salmon,harrisville_mi/chinook_salmon,07,Jul,07-15,1,none,1,1,1,07-01,none,off_season
harrisville_mi,Harrisville,MI,chinook_salmon,Chinook salmon,harrisville_mi/chinook_salmon,08,Aug,08-15,2.265,fall_harbor_staging,1,2.355,3.71,08-31,fall_harbor_staging,shoulder
harrisville_mi,Harrisville,MI,chinook_salmon,Chinook salmon,harrisville_mi/chinook_salmon,09,Sep,09-15,4.953,fall_harbor_staging,3.8,4.994,6.188,09-30,fall_harbor_staging,peak
harrisville_mi,Harrisville,MI,chinook_salmon,Chinook salmon,harrisville_mi/chinook_salmon,10,Oct,10-15,5.155,fall_harbor_staging,2.843,4.937,6.6,10-05,fall_harbor_staging,peak
harrisville_mi,Harrisville,MI,chinook_salmon,Chinook salmon,harrisville_mi/chinook_salmon,11,Nov,11-15,1.689,fall_harbor_staging,1.043,1.702,2.698,11-01,fall_harbor_staging,shoulder
harrisville_mi,Harrisville,MI,chinook_salmon,Chinook salmon,harrisville_mi/chinook_salmon,12,Dec,12-15,1,none,1,1,1,12-01,none,off_season
harrisville_mi,Harrisville,MI,coho_salmon,Coho salmon,harrisville_mi/coho_salmon,01,Jan,01-15,4.501,winter_harbor,4.248,4.519,4.789,01-31,winter_harbor,strong
harrisville_mi,Harrisville,MI,coho_salmon,Coho salmon,harrisville_mi/coho_salmon,02,Feb,02-15,5.06,winter_harbor,4.18,4.772,5.06,02-15,winter_harbor,strong
harrisville_mi,Harrisville,MI,coho_salmon,Coho salmon,harrisville_mi/coho_salmon,03,Mar,03-15,3.165,winter_harbor,2.054,3.092,4.113,03-01,winter_harbor,shoulder
harrisville_mi,Harrisville,MI,coho_salmon,Coho salmon,harrisville_mi/coho_salmon,04,Apr,04-15,1,none,1,1.269,1.984,04-01,winter_harbor,off_season
harrisville_mi,Harrisville,MI,coho_salmon,Coho salmon,harrisville_mi/coho_salmon,05,May,05-15,1.171,winter_harbor,1.091,1.176,1.262,05-31,winter_harbor,off_season
harrisville_mi,Harrisville,MI,coho_salmon,Coho salmon,harrisville_mi/coho_salmon,06,Jun,06-15,1.347,winter_harbor,1.268,1.35,1.433,06-30,winter_harbor,off_season
harrisville_mi,Harrisville,MI,coho_salmon,Coho salmon,harrisville_mi/coho_salmon,07,Jul,07-15,1.518,winter_harbor,1.438,1.524,1.609,07-31,winter_harbor,off_season
harrisville_mi,Harrisville,MI,coho_salmon,Coho salmon,harrisville_mi/coho_salmon,08,Aug,08-15,1.694,winter_harbor,1.615,1.746,2.292,08-31,fall_docks,off_season
harrisville_mi,Harrisville,MI,coho_salmon,Coho salmon,harrisville_mi/coho_salmon,09,Sep,09-15,4.053,fall_docks,2.409,4.039,5.42,09-30,fall_docks,peak
harrisville_mi,Harrisville,MI,coho_salmon,Coho salmon,harrisville_mi/coho_salmon,10,Oct,10-15,5.529,fall_docks,3.382,5.087,6.2,10-10,fall_docks,peak
harrisville_mi,Harrisville,MI,coho_salmon,Coho salmon,harrisville_mi/coho_salmon,11,Nov,11-15,2.218,winter_harbor,2.184,2.54,3.248,11-01,fall_docks,shoulder
harrisville_mi,Harrisville,MI,coho_salmon,Coho salmon,harrisville_mi/coho_salmon,12,Dec,12-15,3.542,winter_harbor,2.924,3.586,4.248,12-31,winter_harbor,strong
harrisville_mi,Harrisville,MI,steelhead,Steelhead,harrisville_mi/steelhead,01,Jan,01-15,2.689,spring_harbor,2.41,2.709,3.007,01-31,spring_harbor,shoulder
harrisville_mi,Harrisville,MI,steelhead,Steelhead,harrisville_mi/steelhead,02,Feb,02-15,3.306,spring_harbor,3.027,3.296,3.565,02-28,spring_harbor,shoulder
harrisville_mi,Harrisville,MI,steelhead,Steelhead,harrisville_mi/steelhead,03,Mar,03-15,4.123,spring_harbor,3.585,4.162,4.739,03-31,spring_harbor,strong
harrisville_mi,Harrisville,MI,steelhead,Steelhead,harrisville_mi/steelhead,04,Apr,04-15,5.315,spring_harbor,4.777,5.277,5.7,04-25,spring_harbor,peak
harrisville_mi,Harrisville,MI,steelhead,Steelhead,harrisville_mi/steelhead,05,May,05-15,4.167,spring_harbor,2.941,4.091,5.24,05-01,spring_harbor,peak
harrisville_mi,Harrisville,MI,steelhead,Steelhead,harrisville_mi/steelhead,06,Jun,06-15,1.895,spring_harbor,1.183,1.906,2.865,06-01,spring_harbor,shoulder
harrisville_mi,Harrisville,MI,steelhead,Steelhead,harrisville_mi/steelhead,07,Jul,07-15,1.129,fall_harbor,1.122,1.16,1.218,07-31,spring_harbor,off_season
harrisville_mi,Harrisville,MI,steelhead,Steelhead,harrisville_mi/steelhead,08,Aug,08-15,1.328,spring_harbor,1.226,1.373,1.808,08-31,fall_harbor,off_season
harrisville_mi,Harrisville,MI,steelhead,Steelhead,harrisville_mi/steelhead,09,Sep,09-15,2.91,fall_harbor,1.881,2.926,3.898,09-30,fall_harbor,strong
harrisville_mi,Harrisville,MI,steelhead,Steelhead,harrisville_mi/steelhead,10,Oct,10-15,4.829,fall_harbor,3.96,4.649,5.14,10-20,fall_harbor,peak
harrisville_mi,Harrisville,MI,steelhead,Steelhead,harrisville_mi/steelhead,11,Nov,11-15,3.794,fall_harbor,3.076,3.774,4.519,11-01,fall_harbor,strong
harrisville_mi,Harrisville,MI,steelhead,Steelhead,harrisville_mi/steelhead,12,Dec,12-15,2.472,fall_harbor,2.309,2.552,3.035,12-01,fall_harbor,shoulder
harrisville_mi,Harrisville,MI,brown_trout,Brown trout,harrisville_mi/brown_trout,01,Jan,01-15,3.951,late_fall_winter_harbor,3.667,3.933,4.2,01-01,late_fall_winter_harbor,strong
harrisville_mi,Harrisville,MI,brown_trout,Brown trout,harrisville_mi/brown_trout,02,Feb,02-15,3.4,late_fall_winter_harbor,3.075,3.385,3.649,02-01,late_fall_winter_harbor,strong
harrisville_mi,Harrisville,MI,brown_trout,Brown trout,harrisville_mi/brown_trout,03,Mar,03-15,2.7,late_fall_winter_harbor,2.3,2.675,3.05,03-01,late_fall_winter_harbor,shoulder
harrisville_mi,Harrisville,MI,brown_trout,Brown trout,harrisville_mi/brown_trout,04,Apr,04-15,1.925,late_fall_winter_harbor,1.61,1.923,2.275,04-01,late_fall_winter_harbor,shoulder
harrisville_mi,Harrisville,MI,brown_trout,Brown trout,harrisville_mi/brown_trout,05,May,05-15,1.324,late_fall_winter_harbor,1.019,1.305,1.59,05-01,late_fall_winter_harbor,off_season
harrisville_mi,Harrisville,MI,brown_trout,Brown trout,harrisville_mi/brown_trout,06,Jun,06-15,1,none,1,1,1,06-01,none,off_season
harrisville_mi,Harrisville,MI,brown_trout,Brown trout,harrisville_mi/brown_trout,07,Jul,07-15,1,none,1,1,1,07-01,none,off_season
harrisville_mi,Harrisville,MI,brown_trout,Brown trout,harrisville_mi/brown_trout,08,Aug,08-15,1,none,1,1,1,08-01,none,off_season
harrisville_mi,Harrisville,MI,brown_trout,Brown trout,harrisville_mi/brown_trout,09,Sep,09-15,1,none,1,1.147,1.8,09-30,late_fall_winter_harbor,off_season
harrisville_mi,Harrisville,MI,brown_trout,Brown trout,harrisville_mi/brown_trout,10,Oct,10-15,3,late_fall_winter_harbor,1.88,3.004,3.889,10-31,late_fall_winter_harbor,strong
harrisville_mi,Harrisville,MI,brown_trout,Brown trout,harrisville_mi/brown_trout,11,Nov,11-15,4.556,late_fall_winter_harbor,3.933,4.544,5,11-25,late_fall_winter_harbor,peak
harrisville_mi,Harrisville,MI,brown_trout,Brown trout,harrisville_mi/brown_trout,12,Dec,12-15,4.556,late_fall_winter_harbor,4.2,4.533,4.867,12-01,late_fall_winter_harbor,peak
harrisville_mi,Harrisville,MI,atlantic_salmon,Atlantic salmon,harrisville_mi/atlantic_salmon,01,Jan,01-15,5.205,winter_harbor,4.936,5.224,5.512,01-31,winter_harbor,peak
harrisville_mi,Harrisville,MI,atlantic_salmon,Atlantic salmon,harrisville_mi/atlantic_salmon,02,Feb,02-15,5.8,winter_harbor,4.949,5.515,5.8,02-15,winter_harbor,peak
harrisville_mi,Harrisville,MI,atlantic_salmon,Atlantic salmon,harrisville_mi/atlantic_salmon,03,Mar,03-15,3.967,winter_harbor,2.949,3.907,4.884,03-01,winter_harbor,strong
harrisville_mi,Harrisville,MI,atlantic_salmon,Atlantic salmon,harrisville_mi/atlantic_salmon,04,Apr,04-15,2.006,winter_harbor,1.307,1.995,2.886,04-01,winter_harbor,shoulder
harrisville_mi,Harrisville,MI,atlantic_salmon,Atlantic salmon,harrisville_mi/atlantic_salmon,05,May,05-15,1.247,fall_harbor,1.206,1.249,1.303,05-01,fall_harbor,off_season
harrisville_mi,Harrisville,MI,atlantic_salmon,Atlantic salmon,harrisville_mi/atlantic_salmon,06,Jun,06-15,1.372,winter_harbor,1.257,1.377,1.497,06-30,winter_harbor,off_season
harrisville_mi,Harrisville,MI,atlantic_salmon,Atlantic salmon,harrisville_mi/atlantic_salmon,07,Jul,07-15,1.621,winter_harbor,1.505,1.629,1.753,07-31,winter_harbor,off_season
harrisville_mi,Harrisville,MI,atlantic_salmon,Atlantic salmon,harrisville_mi/atlantic_salmon,08,Aug,08-15,1.877,winter_harbor,1.761,1.886,2.01,08-31,winter_harbor,off_season
harrisville_mi,Harrisville,MI,atlantic_salmon,Atlantic salmon,harrisville_mi/atlantic_salmon,09,Sep,09-15,2.735,fall_harbor,2.018,2.813,3.837,09-30,fall_harbor,shoulder
harrisville_mi,Harrisville,MI,atlantic_salmon,Atlantic salmon,harrisville_mi/atlantic_salmon,10,Oct,10-15,4.664,fall_harbor,3.892,4.474,4.94,10-20,fall_harbor,strong
harrisville_mi,Harrisville,MI,atlantic_salmon,Atlantic salmon,harrisville_mi/atlantic_salmon,11,Nov,11-15,3.375,fall_harbor,2.893,3.441,4.218,11-01,fall_harbor,strong
harrisville_mi,Harrisville,MI,atlantic_salmon,Atlantic salmon,harrisville_mi/atlantic_salmon,12,Dec,12-15,4.056,winter_harbor,3.285,4.111,4.936,12-31,winter_harbor,strong
pentwater_mi,Pentwater,MI,chinook_salmon,Chinook salmon,pentwater_mi/chinook_salmon,01,Jan,01-15,1,none,1,1,1,01-01,none,off_season
pentwater_mi,Pentwater,MI,chinook_salmon,Chinook salmon,pentwater_mi/chinook_salmon,02,Feb,02-15,1,none,1,1,1,02-01,none,off_season
pentwater_mi,Pentwater,MI,chinook_salmon,Chinook salmon,pentwater_mi/chinook_salmon,03,Mar,03-15,1,none,1,1.316,2.151,03-31,spring_nearshore,off_season
pentwater_mi,Pentwater,MI,chinook_salmon,Chinook salmon,pentwater_mi/chinook_salmon,04,Apr,04-15,3.231,spring_nearshore,2.223,3.267,4.31,04-30,spring_nearshore,shoulder
pentwater_mi,Pentwater,MI,chinook_salmon,Chinook salmon,pentwater_mi/chinook_salmon,05,May,05-15,4.612,spring_nearshore,3.275,4.303,5.03,05-10,spring_nearshore,strong
pentwater_mi,Pentwater,MI,chinook_salmon,Chinook salmon,pentwater_mi/chinook_salmon,06,Jun,06-15,2.022,spring_nearshore,1.302,2.078,3.192,06-01,spring_nearshore,shoulder
pentwater_mi,Pentwater,MI,chinook_salmon,Chinook salmon,pentwater_mi/chinook_salmon,07,Jul,07-15,1,none,1,1.458,2.51,07-31,fall_harbor_staging,off_season
pentwater_mi,Pentwater,MI,chinook_salmon,Chinook salmon,pentwater_mi/chinook_salmon,08,Aug,08-15,3.925,fall_harbor_staging,2.604,4.209,6.125,08-31,fall_harbor_staging,strong
pentwater_mi,Pentwater,MI,chinook_salmon,Chinook salmon,pentwater_mi/chinook_salmon,09,Sep,09-15,6.688,fall_harbor_staging,4.25,6.156,7.5,09-10,fall_harbor_staging,peak
pentwater_mi,Pentwater,MI,chinook_salmon,Chinook salmon,pentwater_mi/chinook_salmon,10,Oct,10-15,2.256,fall_harbor_staging,1.074,2.31,4.088,10-01,fall_harbor_staging,shoulder
pentwater_mi,Pentwater,MI,chinook_salmon,Chinook salmon,pentwater_mi/chinook_salmon,11,Nov,11-15,1,none,1,1,1,11-01,none,off_season
pentwater_mi,Pentwater,MI,chinook_salmon,Chinook salmon,pentwater_mi/chinook_salmon,12,Dec,12-15,1,none,1,1,1,12-01,none,off_season
pentwater_mi,Pentwater,MI,coho_salmon,Coho salmon,pentwater_mi/coho_salmon,01,Jan,01-15,2.006,spring_nearshore,1.62,2.033,2.447,01-31,spring_nearshore,off_season
pentwater_mi,Pentwater,MI,coho_salmon,Coho salmon,pentwater_mi/coho_salmon,02,Feb,02-15,2.86,spring_nearshore,2.474,2.996,3.816,02-28,spring_nearshore,shoulder
pentwater_mi,Pentwater,MI,coho_salmon,Coho salmon,pentwater_mi/coho_salmon,03,Mar,03-15,4.92,spring_nearshore,3.89,4.993,6.097,03-31,spring_nearshore,strong
pentwater_mi,Pentwater,MI,coho_salmon,Coho salmon,pentwater_mi/coho_salmon,04,Apr,04-15,7.2,spring_nearshore,5.921,6.602,7.2,04-15,spring_nearshore,peak
pentwater_mi,Pentwater,MI,coho_salmon,Coho salmon,pentwater_mi/coho_salmon,05,May,05-15,4.643,spring_nearshore,3.218,4.55,5.836,05-01,spring_nearshore,strong
pentwater_mi,Pentwater,MI,coho_salmon,Coho salmon,pentwater_mi/coho_salmon,06,Jun,06-15,1.787,spring_nearshore,1.155,1.886,3.122,06-01,spring_nearshore,shoulder
pentwater_mi,Pentwater,MI,coho_salmon,Coho salmon,pentwater_mi/coho_salmon,07,Jul,07-15,1,none,1,1.022,1.139,07-01,spring_nearshore,off_season
pentwater_mi,Pentwater,MI,coho_salmon,Coho salmon,pentwater_mi/coho_salmon,08,Aug,08-15,1,none,1,1.299,2.09,08-31,fall_harbor_return,off_season
pentwater_mi,Pentwater,MI,coho_salmon,Coho salmon,pentwater_mi/coho_salmon,09,Sep,09-15,3.112,fall_harbor_return,2.158,3.169,4.256,09-30,fall_harbor_return,shoulder
pentwater_mi,Pentwater,MI,coho_salmon,Coho salmon,pentwater_mi/coho_salmon,10,Oct,10-15,5.46,fall_harbor_return,3.775,4.726,5.46,10-15,fall_harbor_return,strong
pentwater_mi,Pentwater,MI,coho_salmon,Coho salmon,pentwater_mi/coho_salmon,11,Nov,11-15,2.196,fall_harbor_return,1.061,2.224,3.67,11-01,fall_harbor_return,shoulder
pentwater_mi,Pentwater,MI,coho_salmon,Coho salmon,pentwater_mi/coho_salmon,12,Dec,12-15,1.289,spring_nearshore,1,1.31,1.62,12-31,spring_nearshore,off_season
pentwater_mi,Pentwater,MI,steelhead,Steelhead,pentwater_mi/steelhead,01,Jan,01-15,3.152,spring_pier,2.797,3.178,3.558,01-31,spring_pier,shoulder
pentwater_mi,Pentwater,MI,steelhead,Steelhead,pentwater_mi/steelhead,02,Feb,02-15,3.939,spring_pier,3.584,3.926,4.269,02-28,spring_pier,shoulder
pentwater_mi,Pentwater,MI,steelhead,Steelhead,pentwater_mi/steelhead,03,Mar,03-15,5.049,spring_pier,4.295,5.103,5.912,03-31,spring_pier,strong
pentwater_mi,Pentwater,MI,steelhead,Steelhead,pentwater_mi/steelhead,04,Apr,04-15,6.72,spring_pier,5.849,6.439,6.99,04-20,spring_pier,strong
pentwater_mi,Pentwater,MI,steelhead,Steelhead,pentwater_mi/steelhead,05,May,05-15,4.138,spring_pier,2.426,4.031,5.735,05-01,spring_pier,strong
pentwater_mi,Pentwater,MI,steelhead,Steelhead,pentwater_mi/steelhead,06,Jun,06-15,4.674,summer_skamania,2.695,4.664,6.353,06-30,summer_skamania,strong
pentwater_mi,Pentwater,MI,steelhead,Steelhead,pentwater_mi/steelhead,07,Jul,07-15,7.813,summer_skamania,6.451,7.423,8.3,07-20,summer_skamania,peak
pentwater_mi,Pentwater,MI,steelhead,Steelhead,pentwater_mi/steelhead,08,Aug,08-15,4.873,summer_skamania,2.597,4.722,6.718,08-01,summer_skamania,strong
pentwater_mi,Pentwater,MI,steelhead,Steelhead,pentwater_mi/steelhead,09,Sep,09-15,3.423,fall_harbor,2.277,3.527,5.066,09-30,fall_harbor,shoulder
pentwater_mi,Pentwater,MI,steelhead,Steelhead,pentwater_mi/steelhead,10,Oct,10-15,6.832,fall_harbor,5.184,6.528,7.42,10-20,fall_harbor,peak
pentwater_mi,Pentwater,MI,steelhead,Steelhead,pentwater_mi/steelhead,11,Nov,11-15,5.333,fall_harbor,4.219,5.302,6.457,11-01,fall_harbor,strong
pentwater_mi,Pentwater,MI,steelhead,Steelhead,pentwater_mi/steelhead,12,Dec,12-15,3.283,fall_harbor,2.709,3.284,4.157,12-01,fall_harbor,shoulder
pentwater_mi,Pentwater,MI,brown_trout,Brown trout,pentwater_mi/brown_trout,01,Jan,01-15,3.96,winter_spring_nearshore,3.646,3.982,4.318,01-31,winter_spring_nearshore,shoulder
pentwater_mi,Pentwater,MI,brown_trout,Brown trout,pentwater_mi/brown_trout,02,Feb,02-15,4.654,winter_spring_nearshore,4.34,4.729,5.291,02-28,winter_spring_nearshore,strong
pentwater_mi,Pentwater,MI,brown_trout,Brown trout,pentwater_mi/brown_trout,03,Mar,03-15,6.026,winter_spring_nearshore,5.34,6.075,6.81,03-31,winter_spring_nearshore,peak
pentwater_mi,Pentwater,MI,brown_trout,Brown trout,pentwater_mi/brown_trout,04,Apr,04-15,6.95,winter_spring_nearshore,5.9,6.737,7.3,04-10,winter_spring_nearshore,peak
pentwater_mi,Pentwater,MI,brown_trout,Brown trout,pentwater_mi/brown_trout,05,May,05-15,4.85,winter_spring_nearshore,3.601,4.765,5.83,05-01,winter_spring_nearshore,strong
pentwater_mi,Pentwater,MI,brown_trout,Brown trout,pentwater_mi/brown_trout,06,Jun,06-15,2.23,winter_spring_nearshore,1.377,2.246,3.51,06-01,winter_spring_nearshore,shoulder
pentwater_mi,Pentwater,MI,brown_trout,Brown trout,pentwater_mi/brown_trout,07,Jul,07-15,1.276,fall_harbor,1.222,1.295,1.37,07-01,fall_harbor,off_season
pentwater_mi,Pentwater,MI,brown_trout,Brown trout,pentwater_mi/brown_trout,08,Aug,08-15,1.599,winter_spring_nearshore,1.366,1.615,1.865,08-31,winter_spring_nearshore,off_season
pentwater_mi,Pentwater,MI,brown_trout,Brown trout,pentwater_mi/brown_trout,09,Sep,09-15,2.114,winter_spring_nearshore,1.881,2.213,2.767,09-30,fall_harbor,shoulder
pentwater_mi,Pentwater,MI,brown_trout,Brown trout,pentwater_mi/brown_trout,10,Oct,10-15,3.769,fall_harbor,2.816,3.837,4.859,10-31,fall_harbor,strong
pentwater_mi,Pentwater,MI,brown_trout,Brown trout,pentwater_mi/brown_trout,11,Nov,11-15,5.251,fall_harbor,4.383,5.033,5.54,11-10,fall_harbor,strong
pentwater_mi,Pentwater,MI,brown_trout,Brown trout,pentwater_mi/brown_trout,12,Dec,12-15,3.515,fall_harbor,3.515,3.746,4.325,12-01,fall_harbor,shoulder
pentwater_mi,Pentwater,MI,freshwater_drum,Freshwater drum,pentwater_mi/freshwater_drum,01,Jan,01-15,1,none,1,1,1,01-01,none,off_season
pentwater_mi,Pentwater,MI,freshwater_drum,Freshwater drum,pentwater_mi/freshwater_drum,02,Feb,02-15,1,none,1,1,1,02-01,none,off_season
pentwater_mi,Pentwater,MI,freshwater_drum,Freshwater drum,pentwater_mi/freshwater_drum,03,Mar,03-15,1,none,1,1,1,03-01,none,off_season
pentwater_mi,Pentwater,MI,freshwater_drum,Freshwater drum,pentwater_mi/freshwater_drum,04,Apr,04-15,1,none,1,1.176,1.66,04-30,warm_season_channel,off_season
pentwater_mi,Pentwater,MI,freshwater_drum,Freshwater drum,pentwater_mi/freshwater_drum,05,May,05-15,2.32,warm_season_channel,1.704,2.379,3.102,05-31,warm_season_channel,shoulder
pentwater_mi,Pentwater,MI,freshwater_drum,Freshwater drum,pentwater_mi/freshwater_drum,06,Jun,06-15,3.868,warm_season_channel,3.153,3.893,4.634,06-30,warm_season_channel,strong
pentwater_mi,Pentwater,MI,freshwater_drum,Freshwater drum,pentwater_mi/freshwater_drum,07,Jul,07-15,5.4,warm_season_channel,4.685,5.147,5.4,07-15,warm_season_channel,peak
pentwater_mi,Pentwater,MI,freshwater_drum,Freshwater drum,pentwater_mi/freshwater_drum,08,Aug,08-15,4.832,warm_season_channel,4.068,4.722,5.088,08-01,warm_season_channel,peak
pentwater_mi,Pentwater,MI,freshwater_drum,Freshwater drum,pentwater_mi/freshwater_drum,09,Sep,09-15,3.151,warm_season_channel,2.232,3.12,4.007,09-01,warm_season_channel,strong
pentwater_mi,Pentwater,MI,freshwater_drum,Freshwater drum,pentwater_mi/freshwater_drum,10,Oct,10-15,1.308,warm_season_channel,1,1.378,2.17,10-01,warm_season_channel,shoulder
pentwater_mi,Pentwater,MI,freshwater_drum,Freshwater drum,pentwater_mi/freshwater_drum,11,Nov,11-15,1,none,1,1,1,11-01,none,off_season
pentwater_mi,Pentwater,MI,freshwater_drum,Freshwater drum,pentwater_mi/freshwater_drum,12,Dec,12-15,1,none,1,1,1,12-01,none,off_season
rogers_city_mi,Rogers City,MI,chinook_salmon,Chinook salmon,rogers_city_mi/chinook_salmon,01,Jan,01-15,1,none,1,1,1,01-01,none,off_season
rogers_city_mi,Rogers City,MI,chinook_salmon,Chinook salmon,rogers_city_mi/chinook_salmon,02,Feb,02-15,1,none,1,1,1,02-01,none,off_season
rogers_city_mi,Rogers City,MI,chinook_salmon,Chinook salmon,rogers_city_mi/chinook_salmon,03,Mar,03-15,1,none,1,1,1,03-01,none,off_season
rogers_city_mi,Rogers City,MI,chinook_salmon,Chinook salmon,rogers_city_mi/chinook_salmon,04,Apr,04-15,1,none,1,1,1,04-01,none,off_season
rogers_city_mi,Rogers City,MI,chinook_salmon,Chinook salmon,rogers_city_mi/chinook_salmon,05,May,05-15,1,none,1,1,1,05-01,none,off_season
rogers_city_mi,Rogers City,MI,chinook_salmon,Chinook salmon,rogers_city_mi/chinook_salmon,06,Jun,06-15,1,none,1,1,1,06-01,none,off_season
rogers_city_mi,Rogers City,MI,chinook_salmon,Chinook salmon,rogers_city_mi/chinook_salmon,07,Jul,07-15,1,none,1,1,1,07-01,none,off_season
rogers_city_mi,Rogers City,MI,chinook_salmon,Chinook salmon,rogers_city_mi/chinook_salmon,08,Aug,08-15,2.129,fall_harbor_staging,1,2.21,3.419,08-31,fall_harbor_staging,shoulder
rogers_city_mi,Rogers City,MI,chinook_salmon,Chinook salmon,rogers_city_mi/chinook_salmon,09,Sep,09-15,4.529,fall_harbor_staging,3.5,4.566,5.632,09-30,fall_harbor_staging,peak
rogers_city_mi,Rogers City,MI,chinook_salmon,Chinook salmon,rogers_city_mi/chinook_salmon,10,Oct,10-15,4.71,fall_harbor_staging,2.645,4.515,6,10-05,fall_harbor_staging,peak
rogers_city_mi,Rogers City,MI,chinook_salmon,Chinook salmon,rogers_city_mi/chinook_salmon,11,Nov,11-15,1.615,fall_harbor_staging,1.038,1.626,2.516,11-01,fall_harbor_staging,shoulder
rogers_city_mi,Rogers City,MI,chinook_salmon,Chinook salmon,rogers_city_mi/chinook_salmon,12,Dec,12-15,1,none,1,1,1,12-01,none,off_season
rogers_city_mi,Rogers City,MI,steelhead,Steelhead,rogers_city_mi/steelhead,01,Jan,01-15,2.797,spring_harbor,2.5,2.818,3.136,01-31,spring_harbor,shoulder
rogers_city_mi,Rogers City,MI,steelhead,Steelhead,rogers_city_mi/steelhead,02,Feb,02-15,3.453,spring_harbor,3.157,3.443,3.729,02-28,spring_harbor,shoulder
rogers_city_mi,Rogers City,MI,steelhead,Steelhead,rogers_city_mi/steelhead,03,Mar,03-15,4.323,spring_harbor,3.75,4.364,4.977,03-31,spring_harbor,strong
rogers_city_mi,Rogers City,MI,steelhead,Steelhead,rogers_city_mi/steelhead,04,Apr,04-15,5.591,spring_harbor,5.018,5.55,6,04-25,spring_harbor,peak
rogers_city_mi,Rogers City,MI,steelhead,Steelhead,rogers_city_mi/steelhead,05,May,05-15,4.37,spring_harbor,3.065,4.288,5.511,05-01,spring_harbor,peak
rogers_city_mi,Rogers City,MI,steelhead,Steelhead,rogers_city_mi/steelhead,06,Jun,06-15,1.952,spring_harbor,1.194,1.964,2.984,06-01,spring_harbor,shoulder
rogers_city_mi,Rogers City,MI,steelhead,Steelhead,rogers_city_mi/steelhead,07,Jul,07-15,1.137,fall_harbor,1.13,1.17,1.232,07-31,spring_harbor,off_season
rogers_city_mi,Rogers City,MI,steelhead,Steelhead,rogers_city_mi/steelhead,08,Aug,08-15,1.349,spring_harbor,1.24,1.397,1.859,08-31,fall_harbor,off_season
rogers_city_mi,Rogers City,MI,steelhead,Steelhead,rogers_city_mi/steelhead,09,Sep,09-15,3.03,fall_harbor,1.937,3.047,4.08,09-30,fall_harbor,strong
rogers_city_mi,Rogers City,MI,steelhead,Steelhead,rogers_city_mi/steelhead,10,Oct,10-15,5.07,fall_harbor,4.146,4.878,5.4,10-20,fall_harbor,peak
rogers_city_mi,Rogers City,MI,steelhead,Steelhead,rogers_city_mi/steelhead,11,Nov,11-15,3.97,fall_harbor,3.206,3.949,4.74,11-01,fall_harbor,strong
rogers_city_mi,Rogers City,MI,steelhead,Steelhead,rogers_city_mi/steelhead,12,Dec,12-15,2.564,fall_harbor,2.393,2.65,3.163,12-01,fall_harbor,shoulder
rogers_city_mi,Rogers City,MI,brown_trout,Brown trout,rogers_city_mi/brown_trout,01,Jan,01-15,3.388,spring_harbor,3.16,3.404,3.648,01-31,spring_harbor,shoulder
rogers_city_mi,Rogers City,MI,brown_trout,Brown trout,rogers_city_mi/brown_trout,02,Feb,02-15,3.892,spring_harbor,3.664,3.884,4.104,02-28,spring_harbor,strong
rogers_city_mi,Rogers City,MI,brown_trout,Brown trout,rogers_city_mi/brown_trout,03,Mar,03-15,4.59,spring_harbor,4.12,4.624,5.128,03-31,spring_harbor,peak
rogers_city_mi,Rogers City,MI,brown_trout,Brown trout,rogers_city_mi/brown_trout,04,Apr,04-15,5.632,spring_harbor,4.829,5.409,5.8,04-20,spring_harbor,peak
rogers_city_mi,Rogers City,MI,brown_trout,Brown trout,rogers_city_mi/brown_trout,05,May,05-15,3.371,spring_harbor,1.817,3.274,4.731,05-01,spring_harbor,strong
rogers_city_mi,Rogers City,MI,brown_trout,Brown trout,rogers_city_mi/brown_trout,06,Jun,06-15,1.455,fall_harbor,1.359,1.484,1.72,06-01,spring_harbor,off_season
rogers_city_mi,Rogers City,MI,brown_trout,Brown trout,rogers_city_mi/brown_trout,07,Jul,07-15,1.263,fall_harbor,1.231,1.293,1.355,07-31,spring_harbor,off_season
rogers_city_mi,Rogers City,MI,brown_trout,Brown trout,rogers_city_mi/brown_trout,08,Aug,08-15,1.532,spring_harbor,1.367,1.544,1.722,08-31,spring_harbor,off_season
rogers_city_mi,Rogers City,MI,brown_trout,Brown trout,rogers_city_mi/brown_trout,09,Sep,09-15,2.024,fall_harbor,1.734,2.147,2.98,09-30,fall_harbor,shoulder
rogers_city_mi,Rogers City,MI,brown_trout,Brown trout,rogers_city_mi/brown_trout,10,Oct,10-15,4.384,fall_harbor,3.074,4.386,5.32,10-25,fall_harbor,peak
rogers_city_mi,Rogers City,MI,brown_trout,Brown trout,rogers_city_mi/brown_trout,11,Nov,11-15,4.44,fall_harbor,3.811,4.419,5.027,11-01,fall_harbor,strong
rogers_city_mi,Rogers City,MI,brown_trout,Brown trout,rogers_city_mi/brown_trout,12,Dec,12-15,3.183,fall_harbor,3.02,3.277,3.769,12-01,fall_harbor,shoulder
rogers_city_mi,Rogers City,MI,lake_trout,Lake trout,rogers_city_mi/lake_trout,01,Jan,01-15,2.63,spring_coldwater_harbor,2.435,2.643,2.852,01-31,spring_coldwater_harbor,shoulder
rogers_city_mi,Rogers City,MI,lake_trout,Lake trout,rogers_city_mi/lake_trout,02,Feb,02-15,3.06,spring_coldwater_harbor,2.866,3.053,3.241,02-28,spring_coldwater_harbor,shoulder
rogers_city_mi,Rogers City,MI,lake_trout,Lake trout,rogers_city_mi/lake_trout,03,Mar,03-15,3.772,spring_coldwater_harbor,3.255,3.808,4.362,03-31,spring_coldwater_harbor,strong
rogers_city_mi,Rogers City,MI,lake_trout,Lake trout,rogers_city_mi/lake_trout,04,Apr,04-15,4.915,spring_coldwater_harbor,4.221,4.705,5.1,04-20,spring_coldwater_harbor,peak
rogers_city_mi,Rogers City,MI,lake_trout,Lake trout,rogers_city_mi/lake_trout,05,May,05-15,2.904,spring_coldwater_harbor,1.788,2.849,4.134,05-01,spring_coldwater_harbor,strong
rogers_city_mi,Rogers City,MI,lake_trout,Lake trout,rogers_city_mi/lake_trout,06,Jun,06-15,1.197,spring_coldwater_harbor,1,1.262,1.749,06-01,spring_coldwater_harbor,off_season
rogers_city_mi,Rogers City,MI,lake_trout,Lake trout,rogers_city_mi/lake_trout,07,Jul,07-15,1.167,spring_coldwater_harbor,1.074,1.174,1.275,07-31,spring_coldwater_harbor,off_season
rogers_city_mi,Rogers City,MI,lake_trout,Lake trout,rogers_city_mi/lake_trout,08,Aug,08-15,1.375,spring_coldwater_harbor,1.281,1.382,1.482,08-31,spring_coldwater_harbor,off_season
rogers_city_mi,Rogers City,MI,lake_trout,Lake trout,rogers_city_mi/lake_trout,09,Sep,09-15,1.583,spring_coldwater_harbor,1.489,1.586,1.683,09-30,spring_coldwater_harbor,off_season
rogers_city_mi,Rogers City,MI,lake_trout,Lake trout,rogers_city_mi/lake_trout,10,Oct,10-15,1.784,spring_coldwater_harbor,1.69,1.791,1.891,10-31,spring_coldwater_harbor,off_season
rogers_city_mi,Rogers City,MI,lake_trout,Lake trout,rogers_city_mi/lake_trout,11,Nov,11-15,1.992,spring_coldwater_harbor,1.898,2.001,2.125,11-30,spring_coldwater_harbor,shoulder
rogers_city_mi,Rogers City,MI,lake_trout,Lake trout,rogers_city_mi/lake_trout,12,Dec,12-15,2.275,spring_coldwater_harbor,2.135,2.285,2.435,12-31,spring_coldwater_harbor,shoulder
rogers_city_mi,Rogers City,MI,atlantic_salmon,Atlantic salmon,rogers_city_mi/atlantic_salmon,01,Jan,01-15,5.014,winter_spring_harbor,4.77,5.031,5.292,01-31,winter_spring_harbor,strong
rogers_city_mi,Rogers City,MI,atlantic_salmon,Atlantic salmon,rogers_city_mi/atlantic_salmon,02,Feb,02-15,5.553,winter_spring_harbor,5.309,5.547,5.797,02-28,winter_spring_harbor,strong
rogers_city_mi,Rogers City,MI,atlantic_salmon,Atlantic salmon,rogers_city_mi/atlantic_salmon,03,Mar,03-15,6.092,winter_spring_harbor,5.817,6.112,6.407,03-31,winter_spring_harbor,peak
rogers_city_mi,Rogers City,MI,atlantic_salmon,Atlantic salmon,rogers_city_mi/atlantic_salmon,04,Apr,04-15,6.702,winter_spring_harbor,5.695,6.473,6.8,04-20,winter_spring_harbor,peak
rogers_city_mi,Rogers City,MI,atlantic_salmon,Atlantic salmon,rogers_city_mi/atlantic_salmon,05,May,05-15,4.038,winter_spring_harbor,2.27,3.928,5.585,05-01,winter_spring_harbor,strong
rogers_city_mi,Rogers City,MI,atlantic_salmon,Atlantic salmon,rogers_city_mi/atlantic_salmon,06,Jun,06-15,1.619,winter_spring_harbor,1.275,1.631,2.16,06-01,winter_spring_harbor,off_season
rogers_city_mi,Rogers City,MI,atlantic_salmon,Atlantic salmon,rogers_city_mi/atlantic_salmon,07,Jul,07-15,1.207,winter_spring_harbor,1.2,1.285,1.445,07-31,winter_spring_harbor,off_season
rogers_city_mi,Rogers City,MI,atlantic_salmon,Atlantic salmon,rogers_city_mi/atlantic_salmon,08,Aug,08-15,1.667,winter_spring_harbor,1.459,1.684,1.974,08-31,fall_breakwall,off_season
rogers_city_mi,Rogers City,MI,atlantic_salmon,Atlantic salmon,rogers_city_mi/atlantic_salmon,09,Sep,09-15,3.302,fall_breakwall,2.062,3.321,4.493,09-30,fall_breakwall,strong
rogers_city_mi,Rogers City,MI,atlantic_salmon,Atlantic salmon,rogers_city_mi/atlantic_salmon,10,Oct,10-15,5.616,fall_breakwall,4.568,5.398,5.99,10-20,fall_breakwall,peak
rogers_city_mi,Rogers City,MI,atlantic_salmon,Atlantic salmon,rogers_city_mi/atlantic_salmon,11,Nov,11-15,4.368,fall_breakwall,3.578,4.349,5.242,11-01,fall_breakwall,strong
rogers_city_mi,Rogers City,MI,atlantic_salmon,Atlantic salmon,rogers_city_mi/atlantic_salmon,12,Dec,12-15,4.165,winter_spring_harbor,3.635,4.203,4.77,12-31,winter_spring_harbor,strong
tawas_city_mi,Tawas City,MI,coho_salmon,Coho salmon,tawas_city_mi/coho_salmon,01,Jan,01-15,1.838,spring_harbor,1.576,1.857,2.137,01-31,spring_harbor,off_season
tawas_city_mi,Tawas City,MI,coho_salmon,Coho salmon,tawas_city_mi/coho_salmon,02,Feb,02-15,2.418,spring_harbor,2.156,2.409,2.661,02-28,spring_harbor,shoulder
tawas_city_mi,Tawas City,MI,coho_salmon,Coho salmon,tawas_city_mi/coho_salmon,03,Mar,03-15,3.474,spring_harbor,2.68,3.531,4.382,03-31,spring_harbor,strong
tawas_city_mi,Tawas City,MI,coho_salmon,Coho salmon,tawas_city_mi/coho_salmon,04,Apr,04-15,5.233,spring_harbor,4.439,5.178,5.8,04-25,spring_harbor,peak
tawas_city_mi,Tawas City,MI,coho_salmon,Coho salmon,tawas_city_mi/coho_salmon,05,May,05-15,3.595,spring_harbor,1.83,3.484,5.138,05-01,spring_harbor,peak
tawas_city_mi,Tawas City,MI,coho_salmon,Coho salmon,tawas_city_mi/coho_salmon,06,Jun,06-15,1.384,spring_harbor,1.024,1.372,1.72,06-01,spring_harbor,off_season
tawas_city_mi,Tawas City,MI,coho_salmon,Coho salmon,tawas_city_mi/coho_salmon,07,Jul,07-15,1.038,spring_harbor,1,1.041,1.081,07-31,spring_harbor,off_season
tawas_city_mi,Tawas City,MI,coho_salmon,Coho salmon,tawas_city_mi/coho_salmon,08,Aug,08-15,1.122,spring_harbor,1.084,1.222,1.769,08-31,fall_harbor,off_season
tawas_city_mi,Tawas City,MI,coho_salmon,Coho salmon,tawas_city_mi/coho_salmon,09,Sep,09-15,2.817,fall_harbor,1.839,2.833,3.758,09-30,fall_harbor,shoulder
tawas_city_mi,Tawas City,MI,coho_salmon,Coho salmon,tawas_city_mi/coho_salmon,10,Oct,10-15,4.645,fall_harbor,3.817,4.361,4.94,10-20,fall_harbor,strong
tawas_city_mi,Tawas City,MI,coho_salmon,Coho salmon,tawas_city_mi/coho_salmon,11,Nov,11-15,2.296,fall_harbor,1.412,2.335,3.72,11-01,fall_harbor,shoulder
tawas_city_mi,Tawas City,MI,coho_salmon,Coho salmon,tawas_city_mi/coho_salmon,12,Dec,12-15,1.501,spring_harbor,1.436,1.506,1.576,12-31,spring_harbor,off_season
tawas_city_mi,Tawas City,MI,steelhead,Steelhead,tawas_city_mi/steelhead,01,Jan,01-15,2.725,spring_harbor,2.44,2.745,3.05,01-31,spring_harbor,shoulder
tawas_city_mi,Tawas City,MI,steelhead,Steelhead,tawas_city_mi/steelhead,02,Feb,02-15,3.355,spring_harbor,3.071,3.345,3.62,02-28,spring_harbor,shoulder
tawas_city_mi,Tawas City,MI,steelhead,Steelhead,tawas_city_mi/steelhead,03,Mar,03-15,4.19,spring_harbor,3.64,4.229,4.818,03-31,spring_harbor,strong
tawas_city_mi,Tawas City,MI,steelhead,Steelhead,tawas_city_mi/steelhead,04,Apr,04-15,5.407,spring_harbor,4.857,5.368,5.8,04-25,spring_harbor,peak
tawas_city_mi,Tawas City,MI,steelhead,Steelhead,tawas_city_mi/steelhead,05,May,05-15,4.235,spring_harbor,2.983,4.157,5.33,05-01,spring_harbor,peak
tawas_city_mi,Tawas City,MI,steelhead,Steelhead,tawas_city_mi/steelhead,06,Jun,06-15,1.914,spring_harbor,1.186,1.925,2.904,06-01,spring_harbor,shoulder
tawas_city_mi,Tawas City,MI,steelhead,Steelhead,tawas_city_mi/steelhead,07,Jul,07-15,1.132,fall_harbor,1.124,1.163,1.223,07-31,spring_harbor,off_season
tawas_city_mi,Tawas City,MI,steelhead,Steelhead,tawas_city_mi/steelhead,08,Aug,08-15,1.335,spring_harbor,1.231,1.381,1.824,08-31,fall_harbor,off_season
tawas_city_mi,Tawas City,MI,steelhead,Steelhead,tawas_city_mi/steelhead,09,Sep,09-15,2.947,fall_harbor,1.898,2.963,3.954,09-30,fall_harbor,strong
tawas_city_mi,Tawas City,MI,steelhead,Steelhead,tawas_city_mi/steelhead,10,Oct,10-15,4.903,fall_harbor,4.017,4.72,5.22,10-20,fall_harbor,peak
tawas_city_mi,Tawas City,MI,steelhead,Steelhead,tawas_city_mi/steelhead,11,Nov,11-15,3.849,fall_harbor,3.116,3.828,4.587,11-01,fall_harbor,strong
tawas_city_mi,Tawas City,MI,steelhead,Steelhead,tawas_city_mi/steelhead,12,Dec,12-15,2.5,fall_harbor,2.336,2.583,3.075,12-01,fall_harbor,shoulder
tawas_city_mi,Tawas City,MI,lake_trout,Lake trout,tawas_city_mi/lake_trout,01,Jan,01-15,2.63,spring_coldwater_harbor,2.435,2.643,2.852,01-31,spring_coldwater_harbor,shoulder
tawas_city_mi,Tawas City,MI,lake_trout,Lake trout,tawas_city_mi/lake_trout,02,Feb,02-15,3.06,spring_coldwater_harbor,2.866,3.053,3.241,02-28,spring_coldwater_harbor,shoulder
tawas_city_mi,Tawas City,MI,lake_trout,Lake trout,tawas_city_mi/lake_trout,03,Mar,03-15,3.772,spring_coldwater_harbor,3.255,3.808,4.362,03-31,spring_coldwater_harbor,strong
tawas_city_mi,Tawas City,MI,lake_trout,Lake trout,tawas_city_mi/lake_trout,04,Apr,04-15,4.915,spring_coldwater_harbor,4.221,4.705,5.1,04-20,spring_coldwater_harbor,peak
tawas_city_mi,Tawas City,MI,lake_trout,Lake trout,tawas_city_mi/lake_trout,05,May,05-15,2.904,spring_coldwater_harbor,1.788,2.849,4.134,05-01,spring_coldwater_harbor,strong
tawas_city_mi,Tawas City,MI,lake_trout,Lake trout,tawas_city_mi/lake_trout,06,Jun,06-15,1.197,spring_coldwater_harbor,1,1.262,1.749,06-01,spring_coldwater_harbor,off_season
tawas_city_mi,Tawas City,MI,lake_trout,Lake trout,tawas_city_mi/lake_trout,07,Jul,07-15,1.167,spring_coldwater_harbor,1.074,1.174,1.275,07-31,spring_coldwater_harbor,off_season
tawas_city_mi,Tawas City,MI,lake_trout,Lake trout,tawas_city_mi/lake_trout,08,Aug,08-15,1.375,spring_coldwater_harbor,1.281,1.382,1.482,08-31,spring_coldwater_harbor,off_season
tawas_city_mi,Tawas City,MI,lake_trout,Lake trout,tawas_city_mi/lake_trout,09,Sep,09-15,1.583,spring_coldwater_harbor,1.489,1.586,1.683,09-30,spring_coldwater_harbor,off_season
tawas_city_mi,Tawas City,MI,lake_trout,Lake trout,tawas_city_mi/lake_trout,10,Oct,10-15,1.784,spring_coldwater_harbor,1.69,1.791,1.891,10-31,spring_coldwater_harbor,off_season
tawas_city_mi,Tawas City,MI,lake_trout,Lake trout,tawas_city_mi/lake_trout,11,Nov,11-15,1.992,spring_coldwater_harbor,1.898,2.001,2.125,11-30,spring_coldwater_harbor,shoulder
tawas_city_mi,Tawas City,MI,lake_trout,Lake trout,tawas_city_mi/lake_trout,12,Dec,12-15,2.275,spring_coldwater_harbor,2.135,2.285,2.435,12-31,spring_coldwater_harbor,shoulder
charlevoix_mi,Charlevoix,MI,chinook_salmon,Chinook salmon,charlevoix_mi/chinook_salmon,01,Jan,01-15,1,none,1,1,1,01-01,none,off_season
charlevoix_mi,Charlevoix,MI,chinook_salmon,Chinook salmon,charlevoix_mi/chinook_salmon,02,Feb,02-15,1,none,1,1,1,02-01,none,off_season
charlevoix_mi,Charlevoix,MI,chinook_salmon,Chinook salmon,charlevoix_mi/chinook_salmon,03,Mar,03-15,1,none,1,1.301,2.097,03-31,spring_nearshore,off_season
charlevoix_mi,Charlevoix,MI,chinook_salmon,Chinook salmon,charlevoix_mi/chinook_salmon,04,Apr,04-15,3.126,spring_nearshore,2.166,3.16,4.154,04-30,spring_nearshore,shoulder
charlevoix_mi,Charlevoix,MI,chinook_salmon,Chinook salmon,charlevoix_mi/chinook_salmon,05,May,05-15,4.442,spring_nearshore,3.168,4.147,4.84,05-10,spring_nearshore,strong
charlevoix_mi,Charlevoix,MI,chinook_salmon,Chinook salmon,charlevoix_mi/chinook_salmon,06,Jun,06-15,1.974,spring_nearshore,1.288,2.027,3.089,06-01,spring_nearshore,shoulder
charlevoix_mi,Charlevoix,MI,chinook_salmon,Chinook salmon,charlevoix_mi/chinook_salmon,07,Jul,07-15,1,none,1,1.437,2.44,07-31,fall_harbor_staging,off_season
charlevoix_mi,Charlevoix,MI,chinook_salmon,Chinook salmon,charlevoix_mi/chinook_salmon,08,Aug,08-15,3.79,fall_harbor_staging,2.53,4.061,5.888,08-31,fall_harbor_staging,strong
charlevoix_mi,Charlevoix,MI,chinook_salmon,Chinook salmon,charlevoix_mi/chinook_salmon,09,Sep,09-15,6.425,fall_harbor_staging,4.1,5.918,7.2,09-10,fall_harbor_staging,peak
charlevoix_mi,Charlevoix,MI,chinook_salmon,Chinook salmon,charlevoix_mi/chinook_salmon,10,Oct,10-15,2.198,fall_harbor_staging,1.07,2.25,3.945,10-01,fall_harbor_staging,shoulder
charlevoix_mi,Charlevoix,MI,chinook_salmon,Chinook salmon,charlevoix_mi/chinook_salmon,11,Nov,11-15,1,none,1,1,1,11-01,none,off_season
charlevoix_mi,Charlevoix,MI,chinook_salmon,Chinook salmon,charlevoix_mi/chinook_salmon,12,Dec,12-15,1,none,1,1,1,12-01,none,off_season
charlevoix_mi,Charlevoix,MI,steelhead,Steelhead,charlevoix_mi/steelhead,01,Jan,01-15,2.915,spring_pier,2.599,2.938,3.277,01-31,spring_pier,shoulder
charlevoix_mi,Charlevoix,MI,steelhead,Steelhead,charlevoix_mi/steelhead,02,Feb,02-15,3.615,spring_pier,3.299,3.604,3.909,02-28,spring_pier,shoulder
charlevoix_mi,Charlevoix,MI,steelhead,Steelhead,charlevoix_mi/steelhead,03,Mar,03-15,4.603,spring_pier,3.932,4.651,5.371,03-31,spring_pier,strong
charlevoix_mi,Charlevoix,MI,steelhead,Steelhead,charlevoix_mi/steelhead,04,Apr,04-15,6.09,spring_pier,5.315,5.84,6.33,04-20,spring_pier,strong
charlevoix_mi,Charlevoix,MI,steelhead,Steelhead,charlevoix_mi/steelhead,05,May,05-15,3.792,spring_pier,2.269,3.697,5.213,05-01,spring_pier,strong
charlevoix_mi,Charlevoix,MI,steelhead,Steelhead,charlevoix_mi/steelhead,06,Jun,06-15,4.271,summer_skamania,2.51,4.262,5.767,06-30,summer_skamania,strong
charlevoix_mi,Charlevoix,MI,steelhead,Steelhead,charlevoix_mi/steelhead,07,Jul,07-15,7.067,summer_skamania,5.853,6.719,7.5,07-20,summer_skamania,peak
charlevoix_mi,Charlevoix,MI,steelhead,Steelhead,charlevoix_mi/steelhead,08,Aug,08-15,4.449,summer_skamania,2.422,4.314,6.092,08-01,summer_skamania,strong
charlevoix_mi,Charlevoix,MI,steelhead,Steelhead,charlevoix_mi/steelhead,09,Sep,09-15,3.159,fall_harbor,2.138,3.252,4.623,09-30,fall_harbor,shoulder
charlevoix_mi,Charlevoix,MI,steelhead,Steelhead,charlevoix_mi/steelhead,10,Oct,10-15,6.196,fall_harbor,4.728,5.925,6.72,10-20,fall_harbor,peak
charlevoix_mi,Charlevoix,MI,steelhead,Steelhead,charlevoix_mi/steelhead,11,Nov,11-15,4.861,fall_harbor,3.868,4.833,5.862,11-01,fall_harbor,strong
charlevoix_mi,Charlevoix,MI,steelhead,Steelhead,charlevoix_mi/steelhead,12,Dec,12-15,3.034,fall_harbor,2.521,3.034,3.812,12-01,fall_harbor,shoulder
charlevoix_mi,Charlevoix,MI,lake_trout,Lake trout,charlevoix_mi/lake_trout,01,Jan,01-15,4.192,winter_spring_pier,4,4.205,4.411,01-31,winter_spring_pier,peak
charlevoix_mi,Charlevoix,MI,lake_trout,Lake trout,charlevoix_mi/lake_trout,02,Feb,02-15,4.616,winter_spring_pier,4.425,4.61,4.795,02-28,winter_spring_pier,peak
charlevoix_mi,Charlevoix,MI,lake_trout,Lake trout,charlevoix_mi/lake_trout,03,Mar,03-15,5,winter_spring_pier,4.467,4.807,5,03-15,winter_spring_pier,peak
charlevoix_mi,Charlevoix,MI,lake_trout,Lake trout,charlevoix_mi/lake_trout,04,Apr,04-15,3.967,winter_spring_pier,3.467,3.95,4.433,04-01,winter_spring_pier,peak
charlevoix_mi,Charlevoix,MI,lake_trout,Lake trout,charlevoix_mi/lake_trout,05,May,05-15,2.967,winter_spring_pier,2.161,2.881,3.433,05-01,winter_spring_pier,strong
charlevoix_mi,Charlevoix,MI,lake_trout,Lake trout,charlevoix_mi/lake_trout,06,Jun,06-15,1.29,winter_spring_pier,1.047,1.402,2.103,06-01,winter_spring_pier,shoulder
charlevoix_mi,Charlevoix,MI,lake_trout,Lake trout,charlevoix_mi/lake_trout,07,Jul,07-15,1.28,fall_nearshore,1.15,1.29,1.43,07-31,fall_nearshore,off_season
charlevoix_mi,Charlevoix,MI,lake_trout,Lake trout,charlevoix_mi/lake_trout,08,Aug,08-15,1.57,fall_nearshore,1.439,1.58,1.72,08-31,fall_nearshore,off_season
charlevoix_mi,Charlevoix,MI,lake_trout,Lake trout,charlevoix_mi/lake_trout,09,Sep,09-15,1.86,fall_nearshore,1.729,2.012,2.551,09-30,fall_nearshore,shoulder
charlevoix_mi,Charlevoix,MI,lake_trout,Lake trout,charlevoix_mi/lake_trout,10,Oct,10-15,3.242,fall_nearshore,2.597,3.288,3.979,10-31,fall_nearshore,strong
charlevoix_mi,Charlevoix,MI,lake_trout,Lake trout,charlevoix_mi/lake_trout,11,Nov,11-15,4.238,fall_nearshore,3.631,4.088,4.44,11-10,fall_nearshore,peak
charlevoix_mi,Charlevoix,MI,lake_trout,Lake trout,charlevoix_mi/lake_trout,12,Dec,12-15,3.688,winter_spring_pier,3.473,3.718,4,12-31,winter_spring_pier,strong
charlevoix_mi,Charlevoix,MI,freshwater_drum,Freshwater drum,charlevoix_mi/freshwater_drum,01,Jan,01-15,1,none,1,1,1,01-01,none,off_season
charlevoix_mi,Charlevoix,MI,freshwater_drum,Freshwater drum,charlevoix_mi/freshwater_drum,02,Feb,02-15,1,none,1,1,1,02-01,none,off_season
charlevoix_mi,Charlevoix,MI,freshwater_drum,Freshwater drum,charlevoix_mi/freshwater_drum,03,Mar,03-15,1,none,1,1,1,03-01,none,off_season
charlevoix_mi,Charlevoix,MI,freshwater_drum,Freshwater drum,charlevoix_mi/freshwater_drum,04,Apr,04-15,1,none,1,1.176,1.66,04-30,warm_season_channel,off_season
charlevoix_mi,Charlevoix,MI,freshwater_drum,Freshwater drum,charlevoix_mi/freshwater_drum,05,May,05-15,2.32,warm_season_channel,1.704,2.379,3.102,05-31,warm_season_channel,shoulder
charlevoix_mi,Charlevoix,MI,freshwater_drum,Freshwater drum,charlevoix_mi/freshwater_drum,06,Jun,06-15,3.868,warm_season_channel,3.153,3.893,4.634,06-30,warm_season_channel,strong
charlevoix_mi,Charlevoix,MI,freshwater_drum,Freshwater drum,charlevoix_mi/freshwater_drum,07,Jul,07-15,5.4,warm_season_channel,4.685,5.147,5.4,07-15,warm_season_channel,peak
charlevoix_mi,Charlevoix,MI,freshwater_drum,Freshwater drum,charlevoix_mi/freshwater_drum,08,Aug,08-15,4.832,warm_season_channel,4.068,4.722,5.088,08-01,warm_season_channel,peak
charlevoix_mi,Charlevoix,MI,freshwater_drum,Freshwater drum,charlevoix_mi/freshwater_drum,09,Sep,09-15,3.151,warm_season_channel,2.232,3.12,4.007,09-01,warm_season_channel,strong
charlevoix_mi,Charlevoix,MI,freshwater_drum,Freshwater drum,charlevoix_mi/freshwater_drum,10,Oct,10-15,1.308,warm_season_channel,1,1.378,2.17,10-01,warm_season_channel,shoulder
charlevoix_mi,Charlevoix,MI,freshwater_drum,Freshwater drum,charlevoix_mi/freshwater_drum,11,Nov,11-15,1,none,1,1,1,11-01,none,off_season
charlevoix_mi,Charlevoix,MI,freshwater_drum,Freshwater drum,charlevoix_mi/freshwater_drum,12,Dec,12-15,1,none,1,1,1,12-01,none,off_season
caseville_mi,Caseville,MI,coho_salmon,Coho salmon,caseville_mi/coho_salmon,01,Jan,01-15,1.698,spring_harbor,1.48,1.714,1.948,01-31,spring_harbor,off_season
caseville_mi,Caseville,MI,coho_salmon,Coho salmon,caseville_mi/coho_salmon,02,Feb,02-15,2.182,spring_harbor,1.963,2.174,2.384,02-28,spring_harbor,shoulder
caseville_mi,Caseville,MI,coho_salmon,Coho salmon,caseville_mi/coho_salmon,03,Mar,03-15,3.062,spring_harbor,2.4,3.109,3.818,03-31,spring_harbor,strong
caseville_mi,Caseville,MI,coho_salmon,Coho salmon,caseville_mi/coho_salmon,04,Apr,04-15,4.527,spring_harbor,3.865,4.481,5,04-25,spring_harbor,peak
caseville_mi,Caseville,MI,coho_salmon,Coho salmon,caseville_mi/coho_salmon,05,May,05-15,3.162,spring_harbor,1.692,3.07,4.449,05-01,spring_harbor,peak
caseville_mi,Caseville,MI,coho_salmon,Coho salmon,caseville_mi/coho_salmon,06,Jun,06-15,1.32,spring_harbor,1.02,1.31,1.6,06-01,spring_harbor,off_season
caseville_mi,Caseville,MI,coho_salmon,Coho salmon,caseville_mi/coho_salmon,07,Jul,07-15,1.032,spring_harbor,1,1.034,1.068,07-31,spring_harbor,off_season
caseville_mi,Caseville,MI,coho_salmon,Coho salmon,caseville_mi/coho_salmon,08,Aug,08-15,1.101,spring_harbor,1.07,1.185,1.64,08-31,fall_harbor,off_season
caseville_mi,Caseville,MI,coho_salmon,Coho salmon,caseville_mi/coho_salmon,09,Sep,09-15,2.513,fall_harbor,1.698,2.526,3.296,09-30,fall_harbor,shoulder
caseville_mi,Caseville,MI,coho_salmon,Coho salmon,caseville_mi/coho_salmon,10,Oct,10-15,4.034,fall_harbor,3.345,3.798,4.28,10-20,fall_harbor,strong
caseville_mi,Caseville,MI,coho_salmon,Coho salmon,caseville_mi/coho_salmon,11,Nov,11-15,2.079,fall_harbor,1.343,2.111,3.264,11-01,fall_harbor,shoulder
caseville_mi,Caseville,MI,coho_salmon,Coho salmon,caseville_mi/coho_salmon,12,Dec,12-15,1.418,spring_harbor,1.363,1.421,1.48,12-31,spring_harbor,off_season
caseville_mi,Caseville,MI,steelhead,Steelhead,caseville_mi/steelhead,01,Jan,01-15,2.258,spring_harbor,2.05,2.272,2.495,01-31,spring_harbor,shoulder
caseville_mi,Caseville,MI,steelhead,Steelhead,caseville_mi/steelhead,02,Feb,02-15,2.717,spring_harbor,2.51,2.71,2.91,02-28,spring_harbor,shoulder
caseville_mi,Caseville,MI,steelhead,Steelhead,caseville_mi/steelhead,03,Mar,03-15,3.326,spring_harbor,2.925,3.355,3.784,03-31,spring_harbor,strong
caseville_mi,Caseville,MI,steelhead,Steelhead,caseville_mi/steelhead,04,Apr,04-15,4.214,spring_harbor,3.813,4.185,4.5,04-25,spring_harbor,peak
caseville_mi,Caseville,MI,steelhead,Steelhead,caseville_mi/steelhead,05,May,05-15,3.359,spring_harbor,2.446,3.302,4.158,05-01,spring_harbor,peak
caseville_mi,Caseville,MI,steelhead,Steelhead,caseville_mi/steelhead,06,Jun,06-15,1.667,spring_harbor,1.136,1.674,2.389,06-01,spring_harbor,shoulder
caseville_mi,Caseville,MI,steelhead,Steelhead,caseville_mi/steelhead,07,Jul,07-15,1.096,fall_harbor,1.091,1.119,1.163,07-31,spring_harbor,off_season
caseville_mi,Caseville,MI,steelhead,Steelhead,caseville_mi/steelhead,08,Aug,08-15,1.244,spring_harbor,1.168,1.278,1.601,08-31,fall_harbor,off_season
caseville_mi,Caseville,MI,steelhead,Steelhead,caseville_mi/steelhead,09,Sep,09-15,2.421,fall_harbor,1.656,2.433,3.156,09-30,fall_harbor,strong
caseville_mi,Caseville,MI,steelhead,Steelhead,caseville_mi/steelhead,10,Oct,10-15,3.849,fall_harbor,3.202,3.715,4.08,10-20,fall_harbor,peak
caseville_mi,Caseville,MI,steelhead,Steelhead,caseville_mi/steelhead,11,Nov,11-15,3.079,fall_harbor,2.544,3.064,3.618,11-01,fall_harbor,strong
caseville_mi,Caseville,MI,steelhead,Steelhead,caseville_mi/steelhead,12,Dec,12-15,2.095,fall_harbor,1.975,2.155,2.514,12-01,fall_harbor,shoulder
caseville_mi,Caseville,MI,lake_trout,Lake trout,caseville_mi/lake_trout,01,Jan,01-15,2.431,spring_coldwater_harbor,2.26,2.443,2.626,01-31,spring_coldwater_harbor,shoulder
caseville_mi,Caseville,MI,lake_trout,Lake trout,caseville_mi/lake_trout,02,Feb,02-15,2.809,spring_coldwater_harbor,2.638,2.803,2.968,02-28,spring_coldwater_harbor,shoulder
caseville_mi,Caseville,MI,lake_trout,Lake trout,caseville_mi/lake_trout,03,Mar,03-15,3.434,spring_coldwater_harbor,2.98,3.466,3.952,03-31,spring_coldwater_harbor,strong
caseville_mi,Caseville,MI,lake_trout,Lake trout,caseville_mi/lake_trout,04,Apr,04-15,4.438,spring_coldwater_harbor,3.829,4.253,4.6,04-20,spring_coldwater_harbor,peak
caseville_mi,Caseville,MI,lake_trout,Lake trout,caseville_mi/lake_trout,05,May,05-15,2.671,spring_coldwater_harbor,1.692,2.623,3.751,05-01,spring_coldwater_harbor,strong
caseville_mi,Caseville,MI,lake_trout,Lake trout,caseville_mi/lake_trout,06,Jun,06-15,1.173,spring_coldwater_harbor,1,1.23,1.658,06-01,spring_coldwater_harbor,off_season
caseville_mi,Caseville,MI,lake_trout,Lake trout,caseville_mi/lake_trout,07,Jul,07-15,1.147,spring_coldwater_harbor,1.065,1.153,1.241,07-31,spring_coldwater_harbor,off_season
caseville_mi,Caseville,MI,lake_trout,Lake trout,caseville_mi/lake_trout,08,Aug,08-15,1.329,spring_coldwater_harbor,1.247,1.335,1.424,08-31,spring_coldwater_harbor,off_season
caseville_mi,Caseville,MI,lake_trout,Lake trout,caseville_mi/lake_trout,09,Sep,09-15,1.512,spring_coldwater_harbor,1.429,1.515,1.6,09-30,spring_coldwater_harbor,off_season
caseville_mi,Caseville,MI,lake_trout,Lake trout,caseville_mi/lake_trout,10,Oct,10-15,1.688,spring_coldwater_harbor,1.606,1.694,1.782,10-31,spring_coldwater_harbor,off_season
caseville_mi,Caseville,MI,lake_trout,Lake trout,caseville_mi/lake_trout,11,Nov,11-15,1.871,spring_coldwater_harbor,1.788,1.879,1.988,11-30,spring_coldwater_harbor,shoulder
caseville_mi,Caseville,MI,lake_trout,Lake trout,caseville_mi/lake_trout,12,Dec,12-15,2.12,spring_coldwater_harbor,1.997,2.128,2.26,12-31,spring_coldwater_harbor,shoulder
